solid OpenSCAD_Model
  facet normal 0.9808521623291147 0.09659275618060084 -0.1691120194064724
    outer loop
      vertex 11.264107704162598 2.2199931144714355 57
      vertex 1.9615697860717773 0.3901805877685547 2
      vertex 11.262120246887207 2.2401747703552246 57
    endloop
  endfacet
  facet normal 0.9808506872495046 0.09660732215873843 -0.16911225451602252
    outer loop
      vertex 1.9615697860717773 0.3901805877685547 2
      vertex 11.264107704162598 2.2199931144714355 57
      vertex 2 0 2
    endloop
  endfacet
  facet normal -0.9808521623291147 0.09659275618060084 -0.1691120194064724
    outer loop
      vertex -1.9615697860717773 0.3901805877685547 2
      vertex -11.264107704162598 2.2199931144714355 57
      vertex -11.262120246887207 2.2401747703552246 57
    endloop
  endfacet
  facet normal -0.9808506872495046 0.09660732215873843 -0.16911225451602252
    outer loop
      vertex -11.264107704162598 2.2199931144714355 57
      vertex -1.9615697860717773 0.3901805877685547 2
      vertex -2 0 2
    endloop
  endfacet
  facet normal 0.9808508602218586 0.09660563422429243 -0.16911221552023467
    outer loop
      vertex 11.482758522033691 0 57
      vertex 2 0 2
      vertex 11.264107704162598 2.2199931144714355 57
    endloop
  endfacet
  facet normal -0.6252556781532144 -0.7618768911583584 -0.16911221025117917
    outer loop
      vertex -6.379478454589844 -9.547563552856445 57
      vertex -8.103859901428223 -8.132401466369629 57
      vertex -1.111140251159668 -1.6629390716552734 2
    endloop
  endfacet
  facet normal -0.09660563422429243 -0.9808508602218586 -0.16911221552023467
    outer loop
      vertex 0 -11.482758522033691 57
      vertex -2.2199931144714355 -11.264107704162598 57
      vertex 0 -2 2
    endloop
  endfacet
  facet normal 0.09660563422429243 -0.9808508602218586 -0.16911221552023467
    outer loop
      vertex 2.2199931144714355 -11.264107704162598 57
      vertex 0 -11.482758522033691 57
      vertex 0 -2 2
    endloop
  endfacet
  facet normal 0.9808506872495046 -0.09660732215873843 -0.16911225451602252
    outer loop
      vertex 11.264107704162598 -2.2199931144714355 57
      vertex 1.9615697860717773 -0.3901805877685547 2
      vertex 2 0 2
    endloop
  endfacet
  facet normal 0.9808521623291147 -0.09659275618060084 -0.1691120194064724
    outer loop
      vertex 1.9615697860717773 -0.3901805877685547 2
      vertex 11.264107704162598 -2.2199931144714355 57
      vertex 11.262120246887207 -2.2401747703552246 57
    endloop
  endfacet
  facet normal -0.9808508602218586 -0.09660563422429243 -0.16911221552023467
    outer loop
      vertex -11.264107704162598 -2.2199931144714355 57
      vertex -11.482758522033691 0 57
      vertex -2 0 2
    endloop
  endfacet
  facet normal 0.28610382062664985 -0.9431572831954997 -0.16911222007329216
    outer loop
      vertex 0.7653665542602539 -1.8477582931518555 2
      vertex 4.374854564666748 -10.614571571350098 57
      vertex 0.3901805877685547 -1.9615697860717773 2
    endloop
  endfacet
  facet normal 0.286118493267851 -0.9431527879897725 -0.16911246647498743
    outer loop
      vertex 4.374854564666748 -10.614571571350098 57
      vertex 0.7653665542602539 -1.8477582931518555 2
      vertex 4.394260406494141 -10.608684539794922 57
    endloop
  endfacet
  facet normal 0.8692194762699517 -0.4646058053415556 -0.16911223408114373
    outer loop
      vertex 10.608684539794922 -4.394260406494141 57
      vertex 1.6629390716552734 -1.111140251159668 2
      vertex 1.8477582931518555 -0.7653665542602539 2
    endloop
  endfacet
  facet normal 0.869223023877704 -0.46459910372987656 -0.1691124110593182
    outer loop
      vertex 1.6629390716552734 -1.111140251159668 2
      vertex 10.608684539794922 -4.394260406494141 57
      vertex 10.599124908447266 -4.412145614624023 57
    endloop
  endfacet
  facet normal -0.6252556781532144 0.7618768911583584 -0.16911221025117917
    outer loop
      vertex -1.111140251159668 1.6629390716552734 2
      vertex -8.103859901428223 8.132401466369629 57
      vertex -6.379478454589844 9.547563552856445 57
    endloop
  endfacet
  facet normal 0.9431572831954997 -0.28610382062664985 -0.16911222007329216
    outer loop
      vertex 10.614571571350098 -4.374854564666748 57
      vertex 1.8477582931518555 -0.7653665542602539 2
      vertex 1.9615697860717773 -0.3901805877685547 2
    endloop
  endfacet
  facet normal 0.9431527879897725 -0.286118493267851 -0.16911246647498743
    outer loop
      vertex 1.8477582931518555 -0.7653665542602539 2
      vertex 10.614571571350098 -4.374854564666748 57
      vertex 10.608684539794922 -4.394260406494141 57
    endloop
  endfacet
  facet normal 0.7618768911583584 -0.6252556781532144 -0.16911221025117917
    outer loop
      vertex 8.132401466369629 -8.103859901428223 57
      vertex 1.6629390716552734 -1.111140251159668 2
      vertex 9.547563552856445 -6.379478454589844 57
    endloop
  endfacet
  facet normal -0.9808506872495046 -0.09660732215873843 -0.16911225451602252
    outer loop
      vertex -1.9615697860717773 -0.3901805877685547 2
      vertex -11.264107704162598 -2.2199931144714355 57
      vertex -2 0 2
    endloop
  endfacet
  facet normal -0.9808521623291147 -0.09659275618060084 -0.1691120194064724
    outer loop
      vertex -11.264107704162598 -2.2199931144714355 57
      vertex -1.9615697860717773 -0.3901805877685547 2
      vertex -11.262120246887207 -2.2401747703552246 57
    endloop
  endfacet
  facet normal 0 0 1
    outer loop
      vertex 12.042837142944336 0.3704976439476013 60
      vertex 12.59999942779541 0 60
      vertex 12.357893943786621 2.4581375122070312 60
    endloop
  endfacet
  facet normal 0 0 1
    outer loop
      vertex 12.042837142944336 -0.3704976439476013 60
      vertex 12.59999942779541 0 60
      vertex 12.079328536987305 0 60
    endloop
  endfacet
  facet normal 0 0 1
    outer loop
      vertex 12.59999942779541 0 60
      vertex 12.042837142944336 0.3704976439476013 60
      vertex 12.079328536987305 0 60
    endloop
  endfacet
  facet normal 0 0 1
    outer loop
      vertex 12.357893943786621 2.4581375122070312 60
      vertex 11.847228050231934 2.356559991836548 60
      vertex 12.042837142944336 0.3704976439476013 60
    endloop
  endfacet
  facet normal 0 0 1
    outer loop
      vertex 12.357893943786621 2.4581375122070312 60
      vertex 11.739157676696777 2.7128195762634277 60
      vertex 11.847228050231934 2.356559991836548 60
    endloop
  endfacet
  facet normal 0 0 1
    outer loop
      vertex 11.640881538391113 4.821810722351074 60
      vertex 11.739157676696777 2.7128195762634277 60
      vertex 12.357893943786621 2.4581375122070312 60
    endloop
  endfacet
  facet normal 0 0 1
    outer loop
      vertex 11.640881538391113 4.821810722351074 60
      vertex 11.159844398498535 4.62255859375 60
      vertex 11.739157676696777 2.7128195762634277 60
    endloop
  endfacet
  facet normal 0 0 1
    outer loop
      vertex 11.640881538391113 4.821810722351074 60
      vertex 10.984347343444824 4.9508891105651855 60
      vertex 11.159844398498535 4.62255859375 60
    endloop
  endfacet
  facet normal 0 0 1
    outer loop
      vertex 10.476516723632812 7.000184059143066 60
      vertex 10.984347343444824 4.9508891105651855 60
      vertex 11.640881538391113 4.821810722351074 60
    endloop
  endfacet
  facet normal 0 0 1
    outer loop
      vertex 10.476516723632812 7.000184059143066 60
      vertex 10.043594360351562 6.7109150886535645 60
      vertex 10.984347343444824 4.9508891105651855 60
    endloop
  endfacet
  facet normal 0 0 1
    outer loop
      vertex 8.77755355834961 8.25359058380127 60
      vertex 10.476516723632812 7.000184059143066 60
      vertex 8.909544944763184 8.909544944763184 60
    endloop
  endfacet
  facet normal 0 0 1
    outer loop
      vertex 10.476516723632812 7.000184059143066 60
      vertex 8.77755355834961 8.25359058380127 60
      vertex 10.043594360351562 6.7109150886535645 60
    endloop
  endfacet
  facet normal 0 0 1
    outer loop
      vertex 8.909544944763184 8.909544944763184 60
      vertex 8.541375160217285 8.541375160217285 60
      vertex 8.77755355834961 8.25359058380127 60
    endloop
  endfacet
  facet normal 0 0 1
    outer loop
      vertex 8.909544944763184 8.909544944763184 60
      vertex 8.25359058380127 8.77755355834961 60
      vertex 8.541375160217285 8.541375160217285 60
    endloop
  endfacet
  facet normal 0 0 1
    outer loop
      vertex 7.000184059143066 10.476516723632812 60
      vertex 8.25359058380127 8.77755355834961 60
      vertex 8.909544944763184 8.909544944763184 60
    endloop
  endfacet
  facet normal 0 0 1
    outer loop
      vertex 7.000184059143066 10.476516723632812 60
      vertex 6.7109150886535645 10.043594360351562 60
      vertex 8.25359058380127 8.77755355834961 60
    endloop
  endfacet
  facet normal 0 0 1
    outer loop
      vertex 7.000184059143066 10.476516723632812 60
      vertex 4.9508891105651855 10.984347343444824 60
      vertex 6.7109150886535645 10.043594360351562 60
    endloop
  endfacet
  facet normal 0 0 1
    outer loop
      vertex 4.821810722351074 11.640881538391113 60
      vertex 4.9508891105651855 10.984347343444824 60
      vertex 7.000184059143066 10.476516723632812 60
    endloop
  endfacet
  facet normal 0 0 1
    outer loop
      vertex 4.821810722351074 11.640881538391113 60
      vertex 4.62255859375 11.159844398498535 60
      vertex 4.9508891105651855 10.984347343444824 60
    endloop
  endfacet
  facet normal 0 0 1
    outer loop
      vertex 4.821810722351074 11.640881538391113 60
      vertex 2.7128195762634277 11.739157676696777 60
      vertex 4.62255859375 11.159844398498535 60
    endloop
  endfacet
  facet normal 0 0 1
    outer loop
      vertex 2.4581375122070312 12.357893943786621 60
      vertex 2.7128195762634277 11.739157676696777 60
      vertex 4.821810722351074 11.640881538391113 60
    endloop
  endfacet
  facet normal 0 0 1
    outer loop
      vertex 2.4581375122070312 12.357893943786621 60
      vertex 2.356559991836548 11.847228050231934 60
      vertex 2.7128195762634277 11.739157676696777 60
    endloop
  endfacet
  facet normal 0 0 1
    outer loop
      vertex 2.4581375122070312 12.357893943786621 60
      vertex 0.3704976439476013 12.042837142944336 60
      vertex 2.356559991836548 11.847228050231934 60
    endloop
  endfacet
  facet normal 0 0 1
    outer loop
      vertex 0 12.59999942779541 60
      vertex 0.3704976439476013 12.042837142944336 60
      vertex 2.4581375122070312 12.357893943786621 60
    endloop
  endfacet
  facet normal 0 0 1
    outer loop
      vertex 0 12.59999942779541 60
      vertex 0 12.079328536987305 60
      vertex 0.3704976439476013 12.042837142944336 60
    endloop
  endfacet
  facet normal 0 0 1
    outer loop
      vertex 0 12.59999942779541 60
      vertex -0.3704976439476013 12.042837142944336 60
      vertex 0 12.079328536987305 60
    endloop
  endfacet
  facet normal 0 0 1
    outer loop
      vertex -2.4581375122070312 12.357893943786621 60
      vertex -0.3704976439476013 12.042837142944336 60
      vertex 0 12.59999942779541 60
    endloop
  endfacet
  facet normal 0 0 1
    outer loop
      vertex -0.3704976439476013 12.042837142944336 60
      vertex -2.4581375122070312 12.357893943786621 60
      vertex -2.356559991836548 11.847228050231934 60
    endloop
  endfacet
  facet normal 0 0 1
    outer loop
      vertex -2.4581375122070312 12.357893943786621 60
      vertex -2.7128195762634277 11.739157676696777 60
      vertex -2.356559991836548 11.847228050231934 60
    endloop
  endfacet
  facet normal 0 0 1
    outer loop
      vertex -4.821810722351074 11.640881538391113 60
      vertex -2.7128195762634277 11.739157676696777 60
      vertex -2.4581375122070312 12.357893943786621 60
    endloop
  endfacet
  facet normal 0 0 1
    outer loop
      vertex -2.7128195762634277 11.739157676696777 60
      vertex -4.821810722351074 11.640881538391113 60
      vertex -4.62255859375 11.159844398498535 60
    endloop
  endfacet
  facet normal 0 0 1
    outer loop
      vertex -4.821810722351074 11.640881538391113 60
      vertex -4.9508891105651855 10.984347343444824 60
      vertex -4.62255859375 11.159844398498535 60
    endloop
  endfacet
  facet normal 0 0 1
    outer loop
      vertex -7.000184059143066 10.476516723632812 60
      vertex -4.9508891105651855 10.984347343444824 60
      vertex -4.821810722351074 11.640881538391113 60
    endloop
  endfacet
  facet normal 0 0 1
    outer loop
      vertex -4.9508891105651855 10.984347343444824 60
      vertex -7.000184059143066 10.476516723632812 60
      vertex -6.7109150886535645 10.043594360351562 60
    endloop
  endfacet
  facet normal 0 0 1
    outer loop
      vertex -7.000184059143066 10.476516723632812 60
      vertex -8.25359058380127 8.77755355834961 60
      vertex -6.7109150886535645 10.043594360351562 60
    endloop
  endfacet
  facet normal 0 0 1
    outer loop
      vertex -8.909544944763184 8.909544944763184 60
      vertex -8.25359058380127 8.77755355834961 60
      vertex -7.000184059143066 10.476516723632812 60
    endloop
  endfacet
  facet normal 0 0 1
    outer loop
      vertex -8.25359058380127 8.77755355834961 60
      vertex -8.909544944763184 8.909544944763184 60
      vertex -8.541375160217285 8.541375160217285 60
    endloop
  endfacet
  facet normal 0 0 1
    outer loop
      vertex -8.541375160217285 8.541375160217285 60
      vertex -8.909544944763184 8.909544944763184 60
      vertex -8.77755355834961 8.25359058380127 60
    endloop
  endfacet
  facet normal 0 0 1
    outer loop
      vertex -10.476516723632812 7.000184059143066 60
      vertex -8.77755355834961 8.25359058380127 60
      vertex -8.909544944763184 8.909544944763184 60
    endloop
  endfacet
  facet normal 0 0 1
    outer loop
      vertex -8.77755355834961 8.25359058380127 60
      vertex -10.476516723632812 7.000184059143066 60
      vertex -10.043594360351562 6.7109150886535645 60
    endloop
  endfacet
  facet normal 0 0 1
    outer loop
      vertex -10.476516723632812 7.000184059143066 60
      vertex -10.984347343444824 4.9508891105651855 60
      vertex -10.043594360351562 6.7109150886535645 60
    endloop
  endfacet
  facet normal 0 0 1
    outer loop
      vertex -11.640881538391113 4.821810722351074 60
      vertex -10.984347343444824 4.9508891105651855 60
      vertex -10.476516723632812 7.000184059143066 60
    endloop
  endfacet
  facet normal 0 0 1
    outer loop
      vertex -10.984347343444824 4.9508891105651855 60
      vertex -11.640881538391113 4.821810722351074 60
      vertex -11.159844398498535 4.62255859375 60
    endloop
  endfacet
  facet normal 0 0 1
    outer loop
      vertex -11.640881538391113 4.821810722351074 60
      vertex -11.739157676696777 2.7128195762634277 60
      vertex -11.159844398498535 4.62255859375 60
    endloop
  endfacet
  facet normal 0 0 1
    outer loop
      vertex -12.357893943786621 2.4581375122070312 60
      vertex -11.739157676696777 2.7128195762634277 60
      vertex -11.640881538391113 4.821810722351074 60
    endloop
  endfacet
  facet normal 0 0 1
    outer loop
      vertex -11.739157676696777 2.7128195762634277 60
      vertex -12.357893943786621 2.4581375122070312 60
      vertex -11.847228050231934 2.356559991836548 60
    endloop
  endfacet
  facet normal 0 0 1
    outer loop
      vertex -11.847228050231934 2.356559991836548 60
      vertex -12.357893943786621 2.4581375122070312 60
      vertex -12.042837142944336 0.3704976439476013 60
    endloop
  endfacet
  facet normal 0 0 1
    outer loop
      vertex -12.59999942779541 0 60
      vertex -12.042837142944336 0.3704976439476013 60
      vertex -12.357893943786621 2.4581375122070312 60
    endloop
  endfacet
  facet normal 0 0 1
    outer loop
      vertex 12.59999942779541 0 60
      vertex 12.042837142944336 -0.3704976439476013 60
      vertex 12.357893943786621 -2.4581375122070312 60
    endloop
  endfacet
  facet normal 0 0 1
    outer loop
      vertex 11.847228050231934 -2.356559991836548 60
      vertex 12.357893943786621 -2.4581375122070312 60
      vertex 12.042837142944336 -0.3704976439476013 60
    endloop
  endfacet
  facet normal 0 0 1
    outer loop
      vertex 11.739157676696777 -2.7128195762634277 60
      vertex 12.357893943786621 -2.4581375122070312 60
      vertex 11.847228050231934 -2.356559991836548 60
    endloop
  endfacet
  facet normal 0 0 1
    outer loop
      vertex 11.739157676696777 -2.7128195762634277 60
      vertex 11.640881538391113 -4.821810722351074 60
      vertex 12.357893943786621 -2.4581375122070312 60
    endloop
  endfacet
  facet normal 0 0 1
    outer loop
      vertex 11.159844398498535 -4.62255859375 60
      vertex 11.640881538391113 -4.821810722351074 60
      vertex 11.739157676696777 -2.7128195762634277 60
    endloop
  endfacet
  facet normal 0 0 1
    outer loop
      vertex 10.984347343444824 -4.9508891105651855 60
      vertex 11.640881538391113 -4.821810722351074 60
      vertex 11.159844398498535 -4.62255859375 60
    endloop
  endfacet
  facet normal 0 0 1
    outer loop
      vertex 10.984347343444824 -4.9508891105651855 60
      vertex 10.476516723632812 -7.000184059143066 60
      vertex 11.640881538391113 -4.821810722351074 60
    endloop
  endfacet
  facet normal 0 0 1
    outer loop
      vertex 10.043594360351562 -6.7109150886535645 60
      vertex 10.476516723632812 -7.000184059143066 60
      vertex 10.984347343444824 -4.9508891105651855 60
    endloop
  endfacet
  facet normal 0 0 1
    outer loop
      vertex 8.77755355834961 -8.25359058380127 60
      vertex 10.476516723632812 -7.000184059143066 60
      vertex 10.043594360351562 -6.7109150886535645 60
    endloop
  endfacet
  facet normal 0 0 1
    outer loop
      vertex 10.476516723632812 -7.000184059143066 60
      vertex 8.77755355834961 -8.25359058380127 60
      vertex 8.909544944763184 -8.909544944763184 60
    endloop
  endfacet
  facet normal 0 0 1
    outer loop
      vertex 8.541375160217285 -8.541375160217285 60
      vertex 8.909544944763184 -8.909544944763184 60
      vertex 8.77755355834961 -8.25359058380127 60
    endloop
  endfacet
  facet normal 0 0 1
    outer loop
      vertex 8.25359058380127 -8.77755355834961 60
      vertex 8.909544944763184 -8.909544944763184 60
      vertex 8.541375160217285 -8.541375160217285 60
    endloop
  endfacet
  facet normal 0 0 1
    outer loop
      vertex 8.25359058380127 -8.77755355834961 60
      vertex 7.000184059143066 -10.476516723632812 60
      vertex 8.909544944763184 -8.909544944763184 60
    endloop
  endfacet
  facet normal 0 0 1
    outer loop
      vertex 6.7109150886535645 -10.043594360351562 60
      vertex 7.000184059143066 -10.476516723632812 60
      vertex 8.25359058380127 -8.77755355834961 60
    endloop
  endfacet
  facet normal 0 0 1
    outer loop
      vertex 4.9508891105651855 -10.984347343444824 60
      vertex 7.000184059143066 -10.476516723632812 60
      vertex 6.7109150886535645 -10.043594360351562 60
    endloop
  endfacet
  facet normal 0 0 1
    outer loop
      vertex 4.9508891105651855 -10.984347343444824 60
      vertex 4.821810722351074 -11.640881538391113 60
      vertex 7.000184059143066 -10.476516723632812 60
    endloop
  endfacet
  facet normal 0 0 1
    outer loop
      vertex 4.62255859375 -11.159844398498535 60
      vertex 4.821810722351074 -11.640881538391113 60
      vertex 4.9508891105651855 -10.984347343444824 60
    endloop
  endfacet
  facet normal 0 0 1
    outer loop
      vertex 2.7128195762634277 -11.739157676696777 60
      vertex 4.821810722351074 -11.640881538391113 60
      vertex 4.62255859375 -11.159844398498535 60
    endloop
  endfacet
  facet normal 0 0 1
    outer loop
      vertex 2.7128195762634277 -11.739157676696777 60
      vertex 2.4581375122070312 -12.357893943786621 60
      vertex 4.821810722351074 -11.640881538391113 60
    endloop
  endfacet
  facet normal 0 0 1
    outer loop
      vertex 2.356559991836548 -11.847228050231934 60
      vertex 2.4581375122070312 -12.357893943786621 60
      vertex 2.7128195762634277 -11.739157676696777 60
    endloop
  endfacet
  facet normal 0 0 1
    outer loop
      vertex 0.3704976439476013 -12.042837142944336 60
      vertex 2.4581375122070312 -12.357893943786621 60
      vertex 2.356559991836548 -11.847228050231934 60
    endloop
  endfacet
  facet normal 0 0 1
    outer loop
      vertex 0 -12.59999942779541 60
      vertex 0.3704976439476013 -12.042837142944336 60
      vertex 0 -12.079328536987305 60
    endloop
  endfacet
  facet normal 0 0 1
    outer loop
      vertex 0.3704976439476013 -12.042837142944336 60
      vertex 0 -12.59999942779541 60
      vertex 2.4581375122070312 -12.357893943786621 60
    endloop
  endfacet
  facet normal 0 0 1
    outer loop
      vertex -0.3704976439476013 -12.042837142944336 60
      vertex 0 -12.59999942779541 60
      vertex 0 -12.079328536987305 60
    endloop
  endfacet
  facet normal 0 0 1
    outer loop
      vertex -2.4581375122070312 -12.357893943786621 60
      vertex -0.3704976439476013 -12.042837142944336 60
      vertex -2.356559991836548 -11.847228050231934 60
    endloop
  endfacet
  facet normal 0 0 1
    outer loop
      vertex -0.3704976439476013 -12.042837142944336 60
      vertex -2.4581375122070312 -12.357893943786621 60
      vertex 0 -12.59999942779541 60
    endloop
  endfacet
  facet normal 0 0 1
    outer loop
      vertex -2.7128195762634277 -11.739157676696777 60
      vertex -2.4581375122070312 -12.357893943786621 60
      vertex -2.356559991836548 -11.847228050231934 60
    endloop
  endfacet
  facet normal 0 0 1
    outer loop
      vertex -4.821810722351074 -11.640881538391113 60
      vertex -2.7128195762634277 -11.739157676696777 60
      vertex -4.62255859375 -11.159844398498535 60
    endloop
  endfacet
  facet normal 0 0 1
    outer loop
      vertex -2.7128195762634277 -11.739157676696777 60
      vertex -4.821810722351074 -11.640881538391113 60
      vertex -2.4581375122070312 -12.357893943786621 60
    endloop
  endfacet
  facet normal 0 0 1
    outer loop
      vertex -4.9508891105651855 -10.984347343444824 60
      vertex -4.821810722351074 -11.640881538391113 60
      vertex -4.62255859375 -11.159844398498535 60
    endloop
  endfacet
  facet normal 0 0 1
    outer loop
      vertex -7.000184059143066 -10.476516723632812 60
      vertex -4.9508891105651855 -10.984347343444824 60
      vertex -6.7109150886535645 -10.043594360351562 60
    endloop
  endfacet
  facet normal 0 0 1
    outer loop
      vertex -4.9508891105651855 -10.984347343444824 60
      vertex -7.000184059143066 -10.476516723632812 60
      vertex -4.821810722351074 -11.640881538391113 60
    endloop
  endfacet
  facet normal 0 0 1
    outer loop
      vertex -8.25359058380127 -8.77755355834961 60
      vertex -7.000184059143066 -10.476516723632812 60
      vertex -6.7109150886535645 -10.043594360351562 60
    endloop
  endfacet
  facet normal 0 0 1
    outer loop
      vertex -8.909544944763184 -8.909544944763184 60
      vertex -8.25359058380127 -8.77755355834961 60
      vertex -8.541375160217285 -8.541375160217285 60
    endloop
  endfacet
  facet normal 0 0 1
    outer loop
      vertex -8.909544944763184 -8.909544944763184 60
      vertex -8.541375160217285 -8.541375160217285 60
      vertex -8.77755355834961 -8.25359058380127 60
    endloop
  endfacet
  facet normal 0 0 1
    outer loop
      vertex -8.25359058380127 -8.77755355834961 60
      vertex -8.909544944763184 -8.909544944763184 60
      vertex -7.000184059143066 -10.476516723632812 60
    endloop
  endfacet
  facet normal 0 0 1
    outer loop
      vertex -10.476516723632812 -7.000184059143066 60
      vertex -8.77755355834961 -8.25359058380127 60
      vertex -10.043594360351562 -6.7109150886535645 60
    endloop
  endfacet
  facet normal 0 0 1
    outer loop
      vertex -8.77755355834961 -8.25359058380127 60
      vertex -10.476516723632812 -7.000184059143066 60
      vertex -8.909544944763184 -8.909544944763184 60
    endloop
  endfacet
  facet normal 0 0 1
    outer loop
      vertex -10.984347343444824 -4.9508891105651855 60
      vertex -10.476516723632812 -7.000184059143066 60
      vertex -10.043594360351562 -6.7109150886535645 60
    endloop
  endfacet
  facet normal 0 0 1
    outer loop
      vertex -11.640881538391113 -4.821810722351074 60
      vertex -10.984347343444824 -4.9508891105651855 60
      vertex -11.159844398498535 -4.62255859375 60
    endloop
  endfacet
  facet normal 0 0 1
    outer loop
      vertex -10.984347343444824 -4.9508891105651855 60
      vertex -11.640881538391113 -4.821810722351074 60
      vertex -10.476516723632812 -7.000184059143066 60
    endloop
  endfacet
  facet normal 0 0 1
    outer loop
      vertex -11.739157676696777 -2.7128195762634277 60
      vertex -11.640881538391113 -4.821810722351074 60
      vertex -11.159844398498535 -4.62255859375 60
    endloop
  endfacet
  facet normal 0 0 1
    outer loop
      vertex -12.357893943786621 -2.4581375122070312 60
      vertex -11.739157676696777 -2.7128195762634277 60
      vertex -11.847228050231934 -2.356559991836548 60
    endloop
  endfacet
  facet normal 0 0 1
    outer loop
      vertex -12.357893943786621 -2.4581375122070312 60
      vertex -11.847228050231934 -2.356559991836548 60
      vertex -12.042837142944336 -0.3704976439476013 60
    endloop
  endfacet
  facet normal 0 0 1
    outer loop
      vertex -12.59999942779541 0 60
      vertex -12.042837142944336 -0.3704976439476013 60
      vertex -12.079328536987305 0 60
    endloop
  endfacet
  facet normal 0 0 1
    outer loop
      vertex -12.042837142944336 0.3704976439476013 60
      vertex -12.59999942779541 0 60
      vertex -12.079328536987305 0 60
    endloop
  endfacet
  facet normal 0 0 1
    outer loop
      vertex -11.739157676696777 -2.7128195762634277 60
      vertex -12.357893943786621 -2.4581375122070312 60
      vertex -11.640881538391113 -4.821810722351074 60
    endloop
  endfacet
  facet normal 0 0 1
    outer loop
      vertex -12.042837142944336 -0.3704976439476013 60
      vertex -12.59999942779541 0 60
      vertex -12.357893943786621 -2.4581375122070312 60
    endloop
  endfacet
  facet normal 0.4646071332419999 0.8692187726847473 -0.16911220225954177
    outer loop
      vertex 6.379478454589844 9.547563552856445 57
      vertex 1.111140251159668 1.6629390716552734 2
      vertex 4.412145614624023 10.599124908447266 57
    endloop
  endfacet
  facet normal -0.9431572562262434 -0.2861039082863919 -0.1691122221811189
    outer loop
      vertex -10.614571571350098 -4.374854564666748 57
      vertex -11.262120246887207 -2.2401747703552246 57
      vertex -1.9615697860717773 -0.3901805877685547 2
    endloop
  endfacet
  facet normal 0.46459910372987656 0.869223023877704 -0.1691124110593182
    outer loop
      vertex 1.111140251159668 1.6629390716552734 2
      vertex 4.394260406494141 10.608684539794922 57
      vertex 4.412145614624023 10.599124908447266 57
    endloop
  endfacet
  facet normal 0.4646058053415556 0.8692194762699517 -0.16911223408114373
    outer loop
      vertex 4.394260406494141 10.608684539794922 57
      vertex 1.111140251159668 1.6629390716552734 2
      vertex 0.7653665542602539 1.8477582931518555 2
    endloop
  endfacet
  facet normal -0.7618838817766265 0.6252472055704278 -0.16911204160363838
    outer loop
      vertex -1.4142131805419922 1.4142131805419922 2
      vertex -8.132401466369629 8.103859901428223 57
      vertex -8.119536399841309 8.119536399841309 57
    endloop
  endfacet
  facet normal -0.7618761779319304 0.6252565402667472 -0.16911223596620986
    outer loop
      vertex -8.132401466369629 8.103859901428223 57
      vertex -1.4142131805419922 1.4142131805419922 2
      vertex -1.6629390716552734 1.111140251159668 2
    endloop
  endfacet
  facet normal -0.9431572562262434 0.2861039082863919 -0.1691122221811189
    outer loop
      vertex -1.9615697860717773 0.3901805877685547 2
      vertex -11.262120246887207 2.2401747703552246 57
      vertex -10.614571571350098 4.374854564666748 57
    endloop
  endfacet
  facet normal 0.2861039082863919 -0.9431572562262434 -0.1691122221811189
    outer loop
      vertex 2.2401747703552246 -11.262120246887207 57
      vertex 0.3901805877685547 -1.9615697860717773 2
      vertex 4.374854564666748 -10.614571571350098 57
    endloop
  endfacet
  facet normal -0.8692187726847473 0.4646071332419999 -0.16911220225954177
    outer loop
      vertex -1.6629390716552734 1.111140251159668 2
      vertex -10.599124908447266 4.412145614624023 57
      vertex -9.547563552856445 6.379478454589844 57
    endloop
  endfacet
  facet normal 0.9808508602218586 -0.09660563422429243 -0.16911221552023467
    outer loop
      vertex 11.264107704162598 -2.2199931144714355 57
      vertex 2 0 2
      vertex 11.482758522033691 0 57
    endloop
  endfacet
  facet normal -0.09660563422429243 0.9808508602218586 -0.16911221552023467
    outer loop
      vertex 0 2 2
      vertex -2.2199931144714355 11.264107704162598 57
      vertex 0 11.482758522033691 57
    endloop
  endfacet
  facet normal 0.4646058053415556 -0.8692194762699517 -0.16911223408114373
    outer loop
      vertex 1.111140251159668 -1.6629390716552734 2
      vertex 4.394260406494141 -10.608684539794922 57
      vertex 0.7653665542602539 -1.8477582931518555 2
    endloop
  endfacet
  facet normal 0.46459910372987656 -0.869223023877704 -0.1691124110593182
    outer loop
      vertex 4.394260406494141 -10.608684539794922 57
      vertex 1.111140251159668 -1.6629390716552734 2
      vertex 4.412145614624023 -10.599124908447266 57
    endloop
  endfacet
  facet normal 0.4646071332419999 -0.8692187726847473 -0.16911220225954177
    outer loop
      vertex 4.412145614624023 -10.599124908447266 57
      vertex 1.111140251159668 -1.6629390716552734 2
      vertex 6.379478454589844 -9.547563552856445 57
    endloop
  endfacet
  facet normal -0.6252565402667472 0.7618761779319304 -0.16911223596620986
    outer loop
      vertex -1.4142131805419922 1.4142131805419922 2
      vertex -8.103859901428223 8.132401466369629 57
      vertex -1.111140251159668 1.6629390716552734 2
    endloop
  endfacet
  facet normal -0.6252472055704278 0.7618838817766265 -0.16911204160363838
    outer loop
      vertex -8.103859901428223 8.132401466369629 57
      vertex -1.4142131805419922 1.4142131805419922 2
      vertex -8.119536399841309 8.119536399841309 57
    endloop
  endfacet
  facet normal -0.286118493267851 -0.9431527879897725 -0.16911246647498743
    outer loop
      vertex -0.7653665542602539 -1.8477582931518555 2
      vertex -4.374854564666748 -10.614571571350098 57
      vertex -4.394260406494141 -10.608684539794922 57
    endloop
  endfacet
  facet normal -0.28610382062664985 -0.9431572831954997 -0.16911222007329216
    outer loop
      vertex -4.374854564666748 -10.614571571350098 57
      vertex -0.7653665542602539 -1.8477582931518555 2
      vertex -0.3901805877685547 -1.9615697860717773 2
    endloop
  endfacet
  facet normal 0.8692187726847473 -0.4646071332419999 -0.16911220225954177
    outer loop
      vertex 9.547563552856445 -6.379478454589844 57
      vertex 1.6629390716552734 -1.111140251159668 2
      vertex 10.599124908447266 -4.412145614624023 57
    endloop
  endfacet
  facet normal -0.4646071332419999 0.8692187726847473 -0.16911220225954177
    outer loop
      vertex -1.111140251159668 1.6629390716552734 2
      vertex -6.379478454589844 9.547563552856445 57
      vertex -4.412145614624023 10.599124908447266 57
    endloop
  endfacet
  facet normal 0.2861039082863919 0.9431572562262434 -0.1691122221811189
    outer loop
      vertex 4.374854564666748 10.614571571350098 57
      vertex 0.3901805877685547 1.9615697860717773 2
      vertex 2.2401747703552246 11.262120246887207 57
    endloop
  endfacet
  facet normal -0.8692194762699517 -0.4646058053415556 -0.16911223408114373
    outer loop
      vertex -1.6629390716552734 -1.111140251159668 2
      vertex -10.608684539794922 -4.394260406494141 57
      vertex -1.8477582931518555 -0.7653665542602539 2
    endloop
  endfacet
  facet normal -0.869223023877704 -0.46459910372987656 -0.1691124110593182
    outer loop
      vertex -10.608684539794922 -4.394260406494141 57
      vertex -1.6629390716552734 -1.111140251159668 2
      vertex -10.599124908447266 -4.412145614624023 57
    endloop
  endfacet
  facet normal 0.6252472055704278 0.7618838817766265 -0.16911204160363838
    outer loop
      vertex 1.4142131805419922 1.4142131805419922 2
      vertex 8.103859901428223 8.132401466369629 57
      vertex 8.119536399841309 8.119536399841309 57
    endloop
  endfacet
  facet normal 0.6252565402667472 0.7618761779319304 -0.16911223596620986
    outer loop
      vertex 8.103859901428223 8.132401466369629 57
      vertex 1.4142131805419922 1.4142131805419922 2
      vertex 1.111140251159668 1.6629390716552734 2
    endloop
  endfacet
  facet normal 0.6252556781532144 -0.7618768911583584 -0.16911221025117917
    outer loop
      vertex 6.379478454589844 -9.547563552856445 57
      vertex 1.111140251159668 -1.6629390716552734 2
      vertex 8.103859901428223 -8.132401466369629 57
    endloop
  endfacet
  facet normal -0.9808508602218586 0.09660563422429243 -0.16911221552023467
    outer loop
      vertex -2 0 2
      vertex -11.482758522033691 0 57
      vertex -11.264107704162598 2.2199931144714355 57
    endloop
  endfacet
  facet normal -0.7618761779319304 -0.6252565402667472 -0.16911223596620986
    outer loop
      vertex -1.4142131805419922 -1.4142131805419922 2
      vertex -8.132401466369629 -8.103859901428223 57
      vertex -1.6629390716552734 -1.111140251159668 2
    endloop
  endfacet
  facet normal -0.7618838817766265 -0.6252472055704278 -0.16911204160363838
    outer loop
      vertex -8.132401466369629 -8.103859901428223 57
      vertex -1.4142131805419922 -1.4142131805419922 2
      vertex -8.119536399841309 -8.119536399841309 57
    endloop
  endfacet
  facet normal -0.7618768911583584 -0.6252556781532144 -0.16911221025117917
    outer loop
      vertex -8.132401466369629 -8.103859901428223 57
      vertex -9.547563552856445 -6.379478454589844 57
      vertex -1.6629390716552734 -1.111140251159668 2
    endloop
  endfacet
  facet normal -0.09659275618060084 -0.9808521623291147 -0.1691120194064724
    outer loop
      vertex -0.3901805877685547 -1.9615697860717773 2
      vertex -2.2199931144714355 -11.264107704162598 57
      vertex -2.2401747703552246 -11.262120246887207 57
    endloop
  endfacet
  facet normal -0.09660732215873843 -0.9808506872495046 -0.16911225451602252
    outer loop
      vertex -2.2199931144714355 -11.264107704162598 57
      vertex -0.3901805877685547 -1.9615697860717773 2
      vertex 0 -2 2
    endloop
  endfacet
  facet normal 0.9431572562262434 -0.2861039082863919 -0.1691122221811189
    outer loop
      vertex 10.614571571350098 -4.374854564666748 57
      vertex 1.9615697860717773 -0.3901805877685547 2
      vertex 11.262120246887207 -2.2401747703552246 57
    endloop
  endfacet
  facet normal -0.7618768911583584 0.6252556781532144 -0.16911221025117917
    outer loop
      vertex -1.6629390716552734 1.111140251159668 2
      vertex -9.547563552856445 6.379478454589844 57
      vertex -8.132401466369629 8.103859901428223 57
    endloop
  endfacet
  facet normal -0.09660732215873843 0.9808506872495046 -0.16911225451602252
    outer loop
      vertex -0.3901805877685547 1.9615697860717773 2
      vertex -2.2199931144714355 11.264107704162598 57
      vertex 0 2 2
    endloop
  endfacet
  facet normal -0.09659275618060084 0.9808521623291147 -0.1691120194064724
    outer loop
      vertex -2.2199931144714355 11.264107704162598 57
      vertex -0.3901805877685547 1.9615697860717773 2
      vertex -2.2401747703552246 11.262120246887207 57
    endloop
  endfacet
  facet normal -0.2861039082863919 0.9431572562262434 -0.1691122221811189
    outer loop
      vertex -0.3901805877685547 1.9615697860717773 2
      vertex -4.374854564666748 10.614571571350098 57
      vertex -2.2401747703552246 11.262120246887207 57
    endloop
  endfacet
  facet normal -0.8692187726847473 -0.4646071332419999 -0.16911220225954177
    outer loop
      vertex -9.547563552856445 -6.379478454589844 57
      vertex -10.599124908447266 -4.412145614624023 57
      vertex -1.6629390716552734 -1.111140251159668 2
    endloop
  endfacet
  facet normal -0.46459910372987656 -0.869223023877704 -0.1691124110593182
    outer loop
      vertex -1.111140251159668 -1.6629390716552734 2
      vertex -4.394260406494141 -10.608684539794922 57
      vertex -4.412145614624023 -10.599124908447266 57
    endloop
  endfacet
  facet normal -0.4646058053415556 -0.8692194762699517 -0.16911223408114373
    outer loop
      vertex -4.394260406494141 -10.608684539794922 57
      vertex -1.111140251159668 -1.6629390716552734 2
      vertex -0.7653665542602539 -1.8477582931518555 2
    endloop
  endfacet
  facet normal 0.7618768911583584 0.6252556781532144 -0.16911221025117917
    outer loop
      vertex 9.547563552856445 6.379478454589844 57
      vertex 1.6629390716552734 1.111140251159668 2
      vertex 8.132401466369629 8.103859901428223 57
    endloop
  endfacet
  facet normal 0.09660563422429243 0.9808508602218586 -0.16911221552023467
    outer loop
      vertex 2.2199931144714355 11.264107704162598 57
      vertex 0 2 2
      vertex 0 11.482758522033691 57
    endloop
  endfacet
  facet normal -0.28610382062664985 0.9431572831954997 -0.16911222007329216
    outer loop
      vertex -0.7653665542602539 1.8477582931518555 2
      vertex -4.374854564666748 10.614571571350098 57
      vertex -0.3901805877685547 1.9615697860717773 2
    endloop
  endfacet
  facet normal -0.286118493267851 0.9431527879897725 -0.16911246647498743
    outer loop
      vertex -4.374854564666748 10.614571571350098 57
      vertex -0.7653665542602539 1.8477582931518555 2
      vertex -4.394260406494141 10.608684539794922 57
    endloop
  endfacet
  facet normal 0.09659275618060084 0.9808521623291147 -0.1691120194064724
    outer loop
      vertex 0.3901805877685547 1.9615697860717773 2
      vertex 2.2199931144714355 11.264107704162598 57
      vertex 2.2401747703552246 11.262120246887207 57
    endloop
  endfacet
  facet normal 0.09660732215873843 0.9808506872495046 -0.16911225451602252
    outer loop
      vertex 2.2199931144714355 11.264107704162598 57
      vertex 0.3901805877685547 1.9615697860717773 2
      vertex 0 2 2
    endloop
  endfacet
  facet normal 0.6252556781532144 0.7618768911583584 -0.16911221025117917
    outer loop
      vertex 8.103859901428223 8.132401466369629 57
      vertex 1.111140251159668 1.6629390716552734 2
      vertex 6.379478454589844 9.547563552856445 57
    endloop
  endfacet
  facet normal 0.09660732215873843 -0.9808506872495046 -0.16911225451602252
    outer loop
      vertex 0.3901805877685547 -1.9615697860717773 2
      vertex 2.2199931144714355 -11.264107704162598 57
      vertex 0 -2 2
    endloop
  endfacet
  facet normal 0.09659275618060084 -0.9808521623291147 -0.1691120194064724
    outer loop
      vertex 2.2199931144714355 -11.264107704162598 57
      vertex 0.3901805877685547 -1.9615697860717773 2
      vertex 2.2401747703552246 -11.262120246887207 57
    endloop
  endfacet
  facet normal -0.2861039082863919 -0.9431572562262434 -0.1691122221811189
    outer loop
      vertex -2.2401747703552246 -11.262120246887207 57
      vertex -4.374854564666748 -10.614571571350098 57
      vertex -0.3901805877685547 -1.9615697860717773 2
    endloop
  endfacet
  facet normal -0.9431572831954997 -0.28610382062664985 -0.16911222007329216
    outer loop
      vertex -1.8477582931518555 -0.7653665542602539 2
      vertex -10.614571571350098 -4.374854564666748 57
      vertex -1.9615697860717773 -0.3901805877685547 2
    endloop
  endfacet
  facet normal -0.9431527879897725 -0.286118493267851 -0.16911246647498743
    outer loop
      vertex -10.614571571350098 -4.374854564666748 57
      vertex -1.8477582931518555 -0.7653665542602539 2
      vertex -10.608684539794922 -4.394260406494141 57
    endloop
  endfacet
  facet normal -0.4646058053415556 0.8692194762699517 -0.16911223408114373
    outer loop
      vertex -1.111140251159668 1.6629390716552734 2
      vertex -4.394260406494141 10.608684539794922 57
      vertex -0.7653665542602539 1.8477582931518555 2
    endloop
  endfacet
  facet normal -0.46459910372987656 0.869223023877704 -0.1691124110593182
    outer loop
      vertex -4.394260406494141 10.608684539794922 57
      vertex -1.111140251159668 1.6629390716552734 2
      vertex -4.412145614624023 10.599124908447266 57
    endloop
  endfacet
  facet normal 0.6252565402667472 -0.7618761779319304 -0.16911223596620986
    outer loop
      vertex 1.4142131805419922 -1.4142131805419922 2
      vertex 8.103859901428223 -8.132401466369629 57
      vertex 1.111140251159668 -1.6629390716552734 2
    endloop
  endfacet
  facet normal 0.6252472055704278 -0.7618838817766265 -0.16911204160363838
    outer loop
      vertex 8.103859901428223 -8.132401466369629 57
      vertex 1.4142131805419922 -1.4142131805419922 2
      vertex 8.119536399841309 -8.119536399841309 57
    endloop
  endfacet
  facet normal -0.9431527879897725 0.286118493267851 -0.16911246647498743
    outer loop
      vertex -1.8477582931518555 0.7653665542602539 2
      vertex -10.614571571350098 4.374854564666748 57
      vertex -10.608684539794922 4.394260406494141 57
    endloop
  endfacet
  facet normal -0.9431572831954997 0.28610382062664985 -0.16911222007329216
    outer loop
      vertex -10.614571571350098 4.374854564666748 57
      vertex -1.8477582931518555 0.7653665542602539 2
      vertex -1.9615697860717773 0.3901805877685547 2
    endloop
  endfacet
  facet normal 0.7618761779319304 -0.6252565402667472 -0.16911223596620986
    outer loop
      vertex 8.132401466369629 -8.103859901428223 57
      vertex 1.4142131805419922 -1.4142131805419922 2
      vertex 1.6629390716552734 -1.111140251159668 2
    endloop
  endfacet
  facet normal 0.7618838817766265 -0.6252472055704278 -0.16911204160363838
    outer loop
      vertex 1.4142131805419922 -1.4142131805419922 2
      vertex 8.132401466369629 -8.103859901428223 57
      vertex 8.119536399841309 -8.119536399841309 57
    endloop
  endfacet
  facet normal 0.7618838817766265 0.6252472055704278 -0.16911204160363838
    outer loop
      vertex 8.132401466369629 8.103859901428223 57
      vertex 1.4142131805419922 1.4142131805419922 2
      vertex 8.119536399841309 8.119536399841309 57
    endloop
  endfacet
  facet normal 0.7618761779319304 0.6252565402667472 -0.16911223596620986
    outer loop
      vertex 1.4142131805419922 1.4142131805419922 2
      vertex 8.132401466369629 8.103859901428223 57
      vertex 1.6629390716552734 1.111140251159668 2
    endloop
  endfacet
  facet normal 0.869223023877704 0.46459910372987656 -0.1691124110593182
    outer loop
      vertex 10.608684539794922 4.394260406494141 57
      vertex 1.6629390716552734 1.111140251159668 2
      vertex 10.599124908447266 4.412145614624023 57
    endloop
  endfacet
  facet normal 0.8692194762699517 0.4646058053415556 -0.16911223408114373
    outer loop
      vertex 1.6629390716552734 1.111140251159668 2
      vertex 10.608684539794922 4.394260406494141 57
      vertex 1.8477582931518555 0.7653665542602539 2
    endloop
  endfacet
  facet normal 0.8692187726847473 0.4646071332419999 -0.16911220225954177
    outer loop
      vertex 10.599124908447266 4.412145614624023 57
      vertex 1.6629390716552734 1.111140251159668 2
      vertex 9.547563552856445 6.379478454589844 57
    endloop
  endfacet
  facet normal 0.286118493267851 0.9431527879897725 -0.16911246647498743
    outer loop
      vertex 0.7653665542602539 1.8477582931518555 2
      vertex 4.374854564666748 10.614571571350098 57
      vertex 4.394260406494141 10.608684539794922 57
    endloop
  endfacet
  facet normal 0.28610382062664985 0.9431572831954997 -0.16911222007329216
    outer loop
      vertex 4.374854564666748 10.614571571350098 57
      vertex 0.7653665542602539 1.8477582931518555 2
      vertex 0.3901805877685547 1.9615697860717773 2
    endloop
  endfacet
  facet normal -0.6252472055704278 -0.7618838817766265 -0.16911204160363838
    outer loop
      vertex -1.4142131805419922 -1.4142131805419922 2
      vertex -8.103859901428223 -8.132401466369629 57
      vertex -8.119536399841309 -8.119536399841309 57
    endloop
  endfacet
  facet normal -0.6252565402667472 -0.7618761779319304 -0.16911223596620986
    outer loop
      vertex -8.103859901428223 -8.132401466369629 57
      vertex -1.4142131805419922 -1.4142131805419922 2
      vertex -1.111140251159668 -1.6629390716552734 2
    endloop
  endfacet
  facet normal -0.4646071332419999 -0.8692187726847473 -0.16911220225954177
    outer loop
      vertex -4.412145614624023 -10.599124908447266 57
      vertex -6.379478454589844 -9.547563552856445 57
      vertex -1.111140251159668 -1.6629390716552734 2
    endloop
  endfacet
  facet normal -0.869223023877704 0.46459910372987656 -0.1691124110593182
    outer loop
      vertex -1.6629390716552734 1.111140251159668 2
      vertex -10.608684539794922 4.394260406494141 57
      vertex -10.599124908447266 4.412145614624023 57
    endloop
  endfacet
  facet normal -0.8692194762699517 0.4646058053415556 -0.16911223408114373
    outer loop
      vertex -10.608684539794922 4.394260406494141 57
      vertex -1.6629390716552734 1.111140251159668 2
      vertex -1.8477582931518555 0.7653665542602539 2
    endloop
  endfacet
  facet normal 0.9431572562262434 0.2861039082863919 -0.1691122221811189
    outer loop
      vertex 11.262120246887207 2.2401747703552246 57
      vertex 1.9615697860717773 0.3901805877685547 2
      vertex 10.614571571350098 4.374854564666748 57
    endloop
  endfacet
  facet normal 0 0 -1
    outer loop
      vertex 1.9615697860717773 -0.3901805877685547 2
      vertex 1.9615697860717773 0.3901805877685547 2
      vertex 2 0 2
    endloop
  endfacet
  facet normal 0 0 -1
    outer loop
      vertex 1.8477582931518555 -0.7653665542602539 2
      vertex 1.9615697860717773 0.3901805877685547 2
      vertex 1.9615697860717773 -0.3901805877685547 2
    endloop
  endfacet
  facet normal 0 0 -1
    outer loop
      vertex 1.8477582931518555 -0.7653665542602539 2
      vertex 1.8477582931518555 0.7653665542602539 2
      vertex 1.9615697860717773 0.3901805877685547 2
    endloop
  endfacet
  facet normal 0 0 -1
    outer loop
      vertex 1.6629390716552734 -1.111140251159668 2
      vertex 1.8477582931518555 0.7653665542602539 2
      vertex 1.8477582931518555 -0.7653665542602539 2
    endloop
  endfacet
  facet normal 0 0 -1
    outer loop
      vertex 1.6629390716552734 -1.111140251159668 2
      vertex 1.6629390716552734 1.111140251159668 2
      vertex 1.8477582931518555 0.7653665542602539 2
    endloop
  endfacet
  facet normal 0 0 -1
    outer loop
      vertex 1.4142131805419922 -1.4142131805419922 2
      vertex 1.6629390716552734 1.111140251159668 2
      vertex 1.6629390716552734 -1.111140251159668 2
    endloop
  endfacet
  facet normal 0 0 -1
    outer loop
      vertex 1.4142131805419922 -1.4142131805419922 2
      vertex 1.4142131805419922 1.4142131805419922 2
      vertex 1.6629390716552734 1.111140251159668 2
    endloop
  endfacet
  facet normal 0 0 -1
    outer loop
      vertex 1.111140251159668 -1.6629390716552734 2
      vertex 1.4142131805419922 1.4142131805419922 2
      vertex 1.4142131805419922 -1.4142131805419922 2
    endloop
  endfacet
  facet normal 0 0 -1
    outer loop
      vertex 1.111140251159668 -1.6629390716552734 2
      vertex 1.111140251159668 1.6629390716552734 2
      vertex 1.4142131805419922 1.4142131805419922 2
    endloop
  endfacet
  facet normal 0 0 -1
    outer loop
      vertex 0.7653665542602539 -1.8477582931518555 2
      vertex 1.111140251159668 1.6629390716552734 2
      vertex 1.111140251159668 -1.6629390716552734 2
    endloop
  endfacet
  facet normal 0 0 -1
    outer loop
      vertex 0.7653665542602539 -1.8477582931518555 2
      vertex 0.7653665542602539 1.8477582931518555 2
      vertex 1.111140251159668 1.6629390716552734 2
    endloop
  endfacet
  facet normal 0 0 -1
    outer loop
      vertex 0.3901805877685547 -1.9615697860717773 2
      vertex 0.7653665542602539 1.8477582931518555 2
      vertex 0.7653665542602539 -1.8477582931518555 2
    endloop
  endfacet
  facet normal 0 0 -1
    outer loop
      vertex 0.3901805877685547 -1.9615697860717773 2
      vertex 0.3901805877685547 1.9615697860717773 2
      vertex 0.7653665542602539 1.8477582931518555 2
    endloop
  endfacet
  facet normal 0 0 -1
    outer loop
      vertex 0 -2 2
      vertex 0.3901805877685547 1.9615697860717773 2
      vertex 0.3901805877685547 -1.9615697860717773 2
    endloop
  endfacet
  facet normal 0 0 -1
    outer loop
      vertex 0 -2 2
      vertex 0 2 2
      vertex 0.3901805877685547 1.9615697860717773 2
    endloop
  endfacet
  facet normal 0 0 -1
    outer loop
      vertex -0.3901805877685547 -1.9615697860717773 2
      vertex 0 2 2
      vertex 0 -2 2
    endloop
  endfacet
  facet normal 0 0 -1
    outer loop
      vertex -0.3901805877685547 -1.9615697860717773 2
      vertex -0.3901805877685547 1.9615697860717773 2
      vertex 0 2 2
    endloop
  endfacet
  facet normal 0 0 -1
    outer loop
      vertex -0.7653665542602539 -1.8477582931518555 2
      vertex -0.3901805877685547 1.9615697860717773 2
      vertex -0.3901805877685547 -1.9615697860717773 2
    endloop
  endfacet
  facet normal 0 0 -1
    outer loop
      vertex -0.7653665542602539 -1.8477582931518555 2
      vertex -0.7653665542602539 1.8477582931518555 2
      vertex -0.3901805877685547 1.9615697860717773 2
    endloop
  endfacet
  facet normal 0 0 -1
    outer loop
      vertex -1.111140251159668 -1.6629390716552734 2
      vertex -0.7653665542602539 1.8477582931518555 2
      vertex -0.7653665542602539 -1.8477582931518555 2
    endloop
  endfacet
  facet normal 0 0 -1
    outer loop
      vertex -1.111140251159668 -1.6629390716552734 2
      vertex -1.111140251159668 1.6629390716552734 2
      vertex -0.7653665542602539 1.8477582931518555 2
    endloop
  endfacet
  facet normal 0 0 -1
    outer loop
      vertex -1.4142131805419922 -1.4142131805419922 2
      vertex -1.111140251159668 1.6629390716552734 2
      vertex -1.111140251159668 -1.6629390716552734 2
    endloop
  endfacet
  facet normal 0 0 -1
    outer loop
      vertex -1.4142131805419922 -1.4142131805419922 2
      vertex -1.4142131805419922 1.4142131805419922 2
      vertex -1.111140251159668 1.6629390716552734 2
    endloop
  endfacet
  facet normal 0 0 -1
    outer loop
      vertex -1.6629390716552734 -1.111140251159668 2
      vertex -1.4142131805419922 1.4142131805419922 2
      vertex -1.4142131805419922 -1.4142131805419922 2
    endloop
  endfacet
  facet normal 0 0 -1
    outer loop
      vertex -1.6629390716552734 -1.111140251159668 2
      vertex -1.6629390716552734 1.111140251159668 2
      vertex -1.4142131805419922 1.4142131805419922 2
    endloop
  endfacet
  facet normal 0 0 -1
    outer loop
      vertex -1.8477582931518555 -0.7653665542602539 2
      vertex -1.6629390716552734 1.111140251159668 2
      vertex -1.6629390716552734 -1.111140251159668 2
    endloop
  endfacet
  facet normal 0 0 -1
    outer loop
      vertex -1.8477582931518555 -0.7653665542602539 2
      vertex -1.8477582931518555 0.7653665542602539 2
      vertex -1.6629390716552734 1.111140251159668 2
    endloop
  endfacet
  facet normal 0 0 -1
    outer loop
      vertex -1.9615697860717773 -0.3901805877685547 2
      vertex -1.8477582931518555 0.7653665542602539 2
      vertex -1.8477582931518555 -0.7653665542602539 2
    endloop
  endfacet
  facet normal 0 0 -1
    outer loop
      vertex -1.9615697860717773 -0.3901805877685547 2
      vertex -1.9615697860717773 0.3901805877685547 2
      vertex -1.8477582931518555 0.7653665542602539 2
    endloop
  endfacet
  facet normal 0 0 -1
    outer loop
      vertex -1.9615697860717773 0.3901805877685547 2
      vertex -1.9615697860717773 -0.3901805877685547 2
      vertex -2 0 2
    endloop
  endfacet
  facet normal 0.9431527879897725 0.286118493267851 -0.16911246647498743
    outer loop
      vertex 10.614571571350098 4.374854564666748 57
      vertex 1.8477582931518555 0.7653665542602539 2
      vertex 10.608684539794922 4.394260406494141 57
    endloop
  endfacet
  facet normal 0.9431572831954997 0.28610382062664985 -0.16911222007329216
    outer loop
      vertex 1.8477582931518555 0.7653665542602539 2
      vertex 10.614571571350098 4.374854564666748 57
      vertex 1.9615697860717773 0.3901805877685547 2
    endloop
  endfacet
  facet normal 0.9569403384350353 0.2902846683444377 0
    outer loop
      vertex 12.357893943786621 2.4581375122070312 60
      vertex 11.640881538391113 4.821810722351074 57
      vertex 11.640881538391113 4.821810722351074 60
    endloop
  endfacet
  facet normal 0.9569403384350353 0.2902846683444377 0
    outer loop
      vertex 11.640881538391113 4.821810722351074 57
      vertex 12.357893943786621 2.4581375122070312 60
      vertex 12.357893943786621 2.4581375122070312 57
    endloop
  endfacet
  facet normal 0.9951847238767286 0.09801716871242143 0
    outer loop
      vertex 12.59999942779541 0 60
      vertex 12.357893943786621 2.4581375122070312 57
      vertex 12.357893943786621 2.4581375122070312 60
    endloop
  endfacet
  facet normal 0.9951847238767286 0.09801716871242143 0
    outer loop
      vertex 12.357893943786621 2.4581375122070312 57
      vertex 12.59999942779541 0 60
      vertex 12.59999942779541 0 57
    endloop
  endfacet
  facet normal -0.9569403384350353 0.2902846683444377 0
    outer loop
      vertex -12.357893943786621 2.4581375122070312 57
      vertex -11.640881538391113 4.821810722351074 60
      vertex -11.640881538391113 4.821810722351074 57
    endloop
  endfacet
  facet normal -0.9569403384350353 0.2902846683444377 0
    outer loop
      vertex -11.640881538391113 4.821810722351074 60
      vertex -12.357893943786621 2.4581375122070312 57
      vertex -12.357893943786621 2.4581375122070312 60
    endloop
  endfacet
  facet normal 0.09801716871242143 0.9951847238767286 0
    outer loop
      vertex 2.4581375122070312 12.357893943786621 57
      vertex 0 12.59999942779541 60
      vertex 2.4581375122070312 12.357893943786621 60
    endloop
  endfacet
  facet normal 0.09801716871242143 0.9951847238767286 0
    outer loop
      vertex 0 12.59999942779541 60
      vertex 2.4581375122070312 12.357893943786621 57
      vertex 0 12.59999942779541 57
    endloop
  endfacet
  facet normal 0.7730104938636008 -0.634393234813197 0
    outer loop
      vertex 8.909544944763184 -8.909544944763184 60
      vertex 10.476516723632812 -7.000184059143066 57
      vertex 10.476516723632812 -7.000184059143066 60
    endloop
  endfacet
  facet normal 0.7730104938636008 -0.634393234813197 0
    outer loop
      vertex 10.476516723632812 -7.000184059143066 57
      vertex 8.909544944763184 -8.909544944763184 60
      vertex 8.909544944763184 -8.909544944763184 57
    endloop
  endfacet
  facet normal 0.8819212630044384 -0.4713967393402887 0
    outer loop
      vertex 10.476516723632812 -7.000184059143066 60
      vertex 11.640881538391113 -4.821810722351074 57
      vertex 11.640881538391113 -4.821810722351074 60
    endloop
  endfacet
  facet normal 0.8819212630044384 -0.4713967393402887 0
    outer loop
      vertex 11.640881538391113 -4.821810722351074 57
      vertex 10.476516723632812 -7.000184059143066 60
      vertex 10.476516723632812 -7.000184059143066 57
    endloop
  endfacet
  facet normal -0.9951847238767286 0.09801716871242143 0
    outer loop
      vertex -12.59999942779541 0 57
      vertex -12.357893943786621 2.4581375122070312 60
      vertex -12.357893943786621 2.4581375122070312 57
    endloop
  endfacet
  facet normal -0.9951847238767286 0.09801716871242143 0
    outer loop
      vertex -12.357893943786621 2.4581375122070312 60
      vertex -12.59999942779541 0 57
      vertex -12.59999942779541 0 60
    endloop
  endfacet
  facet normal -0.09801716871242143 0.9951847238767286 0
    outer loop
      vertex 0 12.59999942779541 57
      vertex -2.4581375122070312 12.357893943786621 60
      vertex 0 12.59999942779541 60
    endloop
  endfacet
  facet normal -0.09801716871242143 0.9951847238767286 0
    outer loop
      vertex -2.4581375122070312 12.357893943786621 60
      vertex 0 12.59999942779541 57
      vertex -2.4581375122070312 12.357893943786621 57
    endloop
  endfacet
  facet normal -0.8819212630044384 0.4713967393402887 0
    outer loop
      vertex -11.640881538391113 4.821810722351074 57
      vertex -10.476516723632812 7.000184059143066 60
      vertex -10.476516723632812 7.000184059143066 57
    endloop
  endfacet
  facet normal -0.8819212630044384 0.4713967393402887 0
    outer loop
      vertex -10.476516723632812 7.000184059143066 60
      vertex -11.640881538391113 4.821810722351074 57
      vertex -11.640881538391113 4.821810722351074 60
    endloop
  endfacet
  facet normal 0.4713967393402887 -0.8819212630044384 0
    outer loop
      vertex 4.821810722351074 -11.640881538391113 57
      vertex 7.000184059143066 -10.476516723632812 60
      vertex 4.821810722351074 -11.640881538391113 60
    endloop
  endfacet
  facet normal 0.4713967393402887 -0.8819212630044384 0
    outer loop
      vertex 7.000184059143066 -10.476516723632812 60
      vertex 4.821810722351074 -11.640881538391113 57
      vertex 7.000184059143066 -10.476516723632812 57
    endloop
  endfacet
  facet normal -0.634393234813197 -0.7730104938636008 0
    outer loop
      vertex -8.909544944763184 -8.909544944763184 57
      vertex -7.000184059143066 -10.476516723632812 60
      vertex -8.909544944763184 -8.909544944763184 60
    endloop
  endfacet
  facet normal -0.634393234813197 -0.7730104938636008 0
    outer loop
      vertex -7.000184059143066 -10.476516723632812 60
      vertex -8.909544944763184 -8.909544944763184 57
      vertex -7.000184059143066 -10.476516723632812 57
    endloop
  endfacet
  facet normal -0.7730104938636008 0.634393234813197 0
    outer loop
      vertex -10.476516723632812 7.000184059143066 57
      vertex -8.909544944763184 8.909544944763184 60
      vertex -8.909544944763184 8.909544944763184 57
    endloop
  endfacet
  facet normal -0.7730104938636008 0.634393234813197 0
    outer loop
      vertex -8.909544944763184 8.909544944763184 60
      vertex -10.476516723632812 7.000184059143066 57
      vertex -10.476516723632812 7.000184059143066 60
    endloop
  endfacet
  facet normal 0.634393234813197 -0.7730104938636008 0
    outer loop
      vertex 7.000184059143066 -10.476516723632812 57
      vertex 8.909544944763184 -8.909544944763184 60
      vertex 7.000184059143066 -10.476516723632812 60
    endloop
  endfacet
  facet normal 0.634393234813197 -0.7730104938636008 0
    outer loop
      vertex 8.909544944763184 -8.909544944763184 60
      vertex 7.000184059143066 -10.476516723632812 57
      vertex 8.909544944763184 -8.909544944763184 57
    endloop
  endfacet
  facet normal 0.9951847238767286 -0.09801716871242143 0
    outer loop
      vertex 12.357893943786621 -2.4581375122070312 60
      vertex 12.59999942779541 0 57
      vertex 12.59999942779541 0 60
    endloop
  endfacet
  facet normal 0.9951847238767286 -0.09801716871242143 0
    outer loop
      vertex 12.59999942779541 0 57
      vertex 12.357893943786621 -2.4581375122070312 60
      vertex 12.357893943786621 -2.4581375122070312 57
    endloop
  endfacet
  facet normal -0.4713967393402887 0.8819212630044384 0
    outer loop
      vertex -4.821810722351074 11.640881538391113 57
      vertex -7.000184059143066 10.476516723632812 60
      vertex -4.821810722351074 11.640881538391113 60
    endloop
  endfacet
  facet normal -0.4713967393402887 0.8819212630044384 0
    outer loop
      vertex -7.000184059143066 10.476516723632812 60
      vertex -4.821810722351074 11.640881538391113 57
      vertex -7.000184059143066 10.476516723632812 57
    endloop
  endfacet
  facet normal -0.09801716871242143 -0.9951847238767286 0
    outer loop
      vertex -2.4581375122070312 -12.357893943786621 57
      vertex 0 -12.59999942779541 60
      vertex -2.4581375122070312 -12.357893943786621 60
    endloop
  endfacet
  facet normal -0.09801716871242143 -0.9951847238767286 0
    outer loop
      vertex 0 -12.59999942779541 60
      vertex -2.4581375122070312 -12.357893943786621 57
      vertex 0 -12.59999942779541 57
    endloop
  endfacet
  facet normal 0.634393234813197 0.7730104938636008 0
    outer loop
      vertex 8.909544944763184 8.909544944763184 57
      vertex 7.000184059143066 10.476516723632812 60
      vertex 8.909544944763184 8.909544944763184 60
    endloop
  endfacet
  facet normal 0.634393234813197 0.7730104938636008 0
    outer loop
      vertex 7.000184059143066 10.476516723632812 60
      vertex 8.909544944763184 8.909544944763184 57
      vertex 7.000184059143066 10.476516723632812 57
    endloop
  endfacet
  facet normal 0.4713967393402887 0.8819212630044384 0
    outer loop
      vertex 7.000184059143066 10.476516723632812 57
      vertex 4.821810722351074 11.640881538391113 60
      vertex 7.000184059143066 10.476516723632812 60
    endloop
  endfacet
  facet normal 0.4713967393402887 0.8819212630044384 0
    outer loop
      vertex 4.821810722351074 11.640881538391113 60
      vertex 7.000184059143066 10.476516723632812 57
      vertex 4.821810722351074 11.640881538391113 57
    endloop
  endfacet
  facet normal -0.8819212630044384 -0.4713967393402887 0
    outer loop
      vertex -10.476516723632812 -7.000184059143066 57
      vertex -11.640881538391113 -4.821810722351074 60
      vertex -11.640881538391113 -4.821810722351074 57
    endloop
  endfacet
  facet normal -0.8819212630044384 -0.4713967393402887 0
    outer loop
      vertex -11.640881538391113 -4.821810722351074 60
      vertex -10.476516723632812 -7.000184059143066 57
      vertex -10.476516723632812 -7.000184059143066 60
    endloop
  endfacet
  facet normal 0.2902846683444377 0.9569403384350353 0
    outer loop
      vertex 4.821810722351074 11.640881538391113 57
      vertex 2.4581375122070312 12.357893943786621 60
      vertex 4.821810722351074 11.640881538391113 60
    endloop
  endfacet
  facet normal 0.2902846683444377 0.9569403384350353 0
    outer loop
      vertex 2.4581375122070312 12.357893943786621 60
      vertex 4.821810722351074 11.640881538391113 57
      vertex 2.4581375122070312 12.357893943786621 57
    endloop
  endfacet
  facet normal -0.9569403384350353 -0.2902846683444377 0
    outer loop
      vertex -11.640881538391113 -4.821810722351074 57
      vertex -12.357893943786621 -2.4581375122070312 60
      vertex -12.357893943786621 -2.4581375122070312 57
    endloop
  endfacet
  facet normal -0.9569403384350353 -0.2902846683444377 0
    outer loop
      vertex -12.357893943786621 -2.4581375122070312 60
      vertex -11.640881538391113 -4.821810722351074 57
      vertex -11.640881538391113 -4.821810722351074 60
    endloop
  endfacet
  facet normal 0.7730104938636008 0.634393234813197 0
    outer loop
      vertex 10.476516723632812 7.000184059143066 60
      vertex 8.909544944763184 8.909544944763184 57
      vertex 8.909544944763184 8.909544944763184 60
    endloop
  endfacet
  facet normal 0.7730104938636008 0.634393234813197 0
    outer loop
      vertex 8.909544944763184 8.909544944763184 57
      vertex 10.476516723632812 7.000184059143066 60
      vertex 10.476516723632812 7.000184059143066 57
    endloop
  endfacet
  facet normal -0.9951847238767286 -0.09801716871242143 0
    outer loop
      vertex -12.357893943786621 -2.4581375122070312 57
      vertex -12.59999942779541 0 60
      vertex -12.59999942779541 0 57
    endloop
  endfacet
  facet normal -0.9951847238767286 -0.09801716871242143 0
    outer loop
      vertex -12.59999942779541 0 60
      vertex -12.357893943786621 -2.4581375122070312 57
      vertex -12.357893943786621 -2.4581375122070312 60
    endloop
  endfacet
  facet normal -0.2902846683444377 -0.9569403384350353 0
    outer loop
      vertex -4.821810722351074 -11.640881538391113 57
      vertex -2.4581375122070312 -12.357893943786621 60
      vertex -4.821810722351074 -11.640881538391113 60
    endloop
  endfacet
  facet normal -0.2902846683444377 -0.9569403384350353 0
    outer loop
      vertex -2.4581375122070312 -12.357893943786621 60
      vertex -4.821810722351074 -11.640881538391113 57
      vertex -2.4581375122070312 -12.357893943786621 57
    endloop
  endfacet
  facet normal -0.7730104938636008 -0.634393234813197 0
    outer loop
      vertex -8.909544944763184 -8.909544944763184 57
      vertex -10.476516723632812 -7.000184059143066 60
      vertex -10.476516723632812 -7.000184059143066 57
    endloop
  endfacet
  facet normal -0.7730104938636008 -0.634393234813197 0
    outer loop
      vertex -10.476516723632812 -7.000184059143066 60
      vertex -8.909544944763184 -8.909544944763184 57
      vertex -8.909544944763184 -8.909544944763184 60
    endloop
  endfacet
  facet normal 0.2902846683444377 -0.9569403384350353 0
    outer loop
      vertex 2.4581375122070312 -12.357893943786621 57
      vertex 4.821810722351074 -11.640881538391113 60
      vertex 2.4581375122070312 -12.357893943786621 60
    endloop
  endfacet
  facet normal 0.2902846683444377 -0.9569403384350353 0
    outer loop
      vertex 4.821810722351074 -11.640881538391113 60
      vertex 2.4581375122070312 -12.357893943786621 57
      vertex 4.821810722351074 -11.640881538391113 57
    endloop
  endfacet
  facet normal 0.9569403384350353 -0.2902846683444377 0
    outer loop
      vertex 11.640881538391113 -4.821810722351074 60
      vertex 12.357893943786621 -2.4581375122070312 57
      vertex 12.357893943786621 -2.4581375122070312 60
    endloop
  endfacet
  facet normal 0.9569403384350353 -0.2902846683444377 0
    outer loop
      vertex 12.357893943786621 -2.4581375122070312 57
      vertex 11.640881538391113 -4.821810722351074 60
      vertex 11.640881538391113 -4.821810722351074 57
    endloop
  endfacet
  facet normal 0 0 -1
    outer loop
      vertex 11.264107704162598 -2.2199931144714355 57
      vertex 12.59999942779541 0 57
      vertex 12.357893943786621 -2.4581375122070312 57
    endloop
  endfacet
  facet normal 0 0 -1
    outer loop
      vertex 10.614571571350098 -4.374854564666748 57
      vertex 12.357893943786621 -2.4581375122070312 57
      vertex 11.640881538391113 -4.821810722351074 57
    endloop
  endfacet
  facet normal 0 0 -1
    outer loop
      vertex 11.264107704162598 2.2199931144714355 57
      vertex 12.59999942779541 0 57
      vertex 11.482758522033691 0 57
    endloop
  endfacet
  facet normal 0 0 -1
    outer loop
      vertex 12.59999942779541 0 57
      vertex 11.264107704162598 2.2199931144714355 57
      vertex 12.357893943786621 2.4581375122070312 57
    endloop
  endfacet
  facet normal 0 0 -1
    outer loop
      vertex 12.59999942779541 0 57
      vertex 11.264107704162598 -2.2199931144714355 57
      vertex 11.482758522033691 0 57
    endloop
  endfacet
  facet normal 0 0 -1
    outer loop
      vertex 12.357893943786621 -2.4581375122070312 57
      vertex 11.262120246887207 -2.2401747703552246 57
      vertex 11.264107704162598 -2.2199931144714355 57
    endloop
  endfacet
  facet normal 0 0 -1
    outer loop
      vertex 12.357893943786621 -2.4581375122070312 57
      vertex 10.614571571350098 -4.374854564666748 57
      vertex 11.262120246887207 -2.2401747703552246 57
    endloop
  endfacet
  facet normal 0 0 -1
    outer loop
      vertex 11.640881538391113 -4.821810722351074 57
      vertex 10.608684539794922 -4.394260406494141 57
      vertex 10.614571571350098 -4.374854564666748 57
    endloop
  endfacet
  facet normal 0 0 -1
    outer loop
      vertex 11.640881538391113 -4.821810722351074 57
      vertex 10.599124908447266 -4.412145614624023 57
      vertex 10.608684539794922 -4.394260406494141 57
    endloop
  endfacet
  facet normal 0 0 -1
    outer loop
      vertex 10.476516723632812 -7.000184059143066 57
      vertex 10.599124908447266 -4.412145614624023 57
      vertex 11.640881538391113 -4.821810722351074 57
    endloop
  endfacet
  facet normal 0 0 -1
    outer loop
      vertex 10.476516723632812 -7.000184059143066 57
      vertex 9.547563552856445 -6.379478454589844 57
      vertex 10.599124908447266 -4.412145614624023 57
    endloop
  endfacet
  facet normal 0 0 -1
    outer loop
      vertex 8.132401466369629 -8.103859901428223 57
      vertex 10.476516723632812 -7.000184059143066 57
      vertex 8.909544944763184 -8.909544944763184 57
    endloop
  endfacet
  facet normal 0 0 -1
    outer loop
      vertex 10.476516723632812 -7.000184059143066 57
      vertex 8.132401466369629 -8.103859901428223 57
      vertex 9.547563552856445 -6.379478454589844 57
    endloop
  endfacet
  facet normal 0 0 -1
    outer loop
      vertex 8.909544944763184 -8.909544944763184 57
      vertex 8.119536399841309 -8.119536399841309 57
      vertex 8.132401466369629 -8.103859901428223 57
    endloop
  endfacet
  facet normal 0 0 -1
    outer loop
      vertex 8.909544944763184 -8.909544944763184 57
      vertex 8.103859901428223 -8.132401466369629 57
      vertex 8.119536399841309 -8.119536399841309 57
    endloop
  endfacet
  facet normal 0 0 -1
    outer loop
      vertex 7.000184059143066 -10.476516723632812 57
      vertex 8.103859901428223 -8.132401466369629 57
      vertex 8.909544944763184 -8.909544944763184 57
    endloop
  endfacet
  facet normal 0 0 -1
    outer loop
      vertex 7.000184059143066 -10.476516723632812 57
      vertex 6.379478454589844 -9.547563552856445 57
      vertex 8.103859901428223 -8.132401466369629 57
    endloop
  endfacet
  facet normal 0 0 -1
    outer loop
      vertex 4.412145614624023 -10.599124908447266 57
      vertex 7.000184059143066 -10.476516723632812 57
      vertex 4.821810722351074 -11.640881538391113 57
    endloop
  endfacet
  facet normal 0 0 -1
    outer loop
      vertex 7.000184059143066 -10.476516723632812 57
      vertex 4.412145614624023 -10.599124908447266 57
      vertex 6.379478454589844 -9.547563552856445 57
    endloop
  endfacet
  facet normal 0 0 -1
    outer loop
      vertex 4.821810722351074 -11.640881538391113 57
      vertex 4.394260406494141 -10.608684539794922 57
      vertex 4.412145614624023 -10.599124908447266 57
    endloop
  endfacet
  facet normal 0 0 -1
    outer loop
      vertex 4.821810722351074 -11.640881538391113 57
      vertex 4.374854564666748 -10.614571571350098 57
      vertex 4.394260406494141 -10.608684539794922 57
    endloop
  endfacet
  facet normal 0 0 -1
    outer loop
      vertex 2.4581375122070312 -12.357893943786621 57
      vertex 4.374854564666748 -10.614571571350098 57
      vertex 4.821810722351074 -11.640881538391113 57
    endloop
  endfacet
  facet normal 0 0 -1
    outer loop
      vertex 2.4581375122070312 -12.357893943786621 57
      vertex 2.2401747703552246 -11.262120246887207 57
      vertex 4.374854564666748 -10.614571571350098 57
    endloop
  endfacet
  facet normal 0 0 -1
    outer loop
      vertex 2.4581375122070312 -12.357893943786621 57
      vertex 2.2199931144714355 -11.264107704162598 57
      vertex 2.2401747703552246 -11.262120246887207 57
    endloop
  endfacet
  facet normal 0 0 -1
    outer loop
      vertex 0 -12.59999942779541 57
      vertex 2.2199931144714355 -11.264107704162598 57
      vertex 2.4581375122070312 -12.357893943786621 57
    endloop
  endfacet
  facet normal 0 0 -1
    outer loop
      vertex 0 -12.59999942779541 57
      vertex 0 -11.482758522033691 57
      vertex 2.2199931144714355 -11.264107704162598 57
    endloop
  endfacet
  facet normal 0 0 -1
    outer loop
      vertex 0 -12.59999942779541 57
      vertex -2.2199931144714355 -11.264107704162598 57
      vertex 0 -11.482758522033691 57
    endloop
  endfacet
  facet normal 0 0 -1
    outer loop
      vertex -2.4581375122070312 -12.357893943786621 57
      vertex -2.2199931144714355 -11.264107704162598 57
      vertex 0 -12.59999942779541 57
    endloop
  endfacet
  facet normal 0 0 -1
    outer loop
      vertex -2.2199931144714355 -11.264107704162598 57
      vertex -2.4581375122070312 -12.357893943786621 57
      vertex -2.2401747703552246 -11.262120246887207 57
    endloop
  endfacet
  facet normal 0 0 -1
    outer loop
      vertex -2.4581375122070312 -12.357893943786621 57
      vertex -4.374854564666748 -10.614571571350098 57
      vertex -2.2401747703552246 -11.262120246887207 57
    endloop
  endfacet
  facet normal 0 0 -1
    outer loop
      vertex -4.821810722351074 -11.640881538391113 57
      vertex -4.374854564666748 -10.614571571350098 57
      vertex -2.4581375122070312 -12.357893943786621 57
    endloop
  endfacet
  facet normal 0 0 -1
    outer loop
      vertex -4.374854564666748 -10.614571571350098 57
      vertex -4.821810722351074 -11.640881538391113 57
      vertex -4.394260406494141 -10.608684539794922 57
    endloop
  endfacet
  facet normal 0 0 -1
    outer loop
      vertex -4.394260406494141 -10.608684539794922 57
      vertex -4.821810722351074 -11.640881538391113 57
      vertex -4.412145614624023 -10.599124908447266 57
    endloop
  endfacet
  facet normal 0 0 -1
    outer loop
      vertex -7.000184059143066 -10.476516723632812 57
      vertex -4.412145614624023 -10.599124908447266 57
      vertex -4.821810722351074 -11.640881538391113 57
    endloop
  endfacet
  facet normal 0 0 -1
    outer loop
      vertex -4.412145614624023 -10.599124908447266 57
      vertex -7.000184059143066 -10.476516723632812 57
      vertex -6.379478454589844 -9.547563552856445 57
    endloop
  endfacet
  facet normal 0 0 -1
    outer loop
      vertex -7.000184059143066 -10.476516723632812 57
      vertex -8.103859901428223 -8.132401466369629 57
      vertex -6.379478454589844 -9.547563552856445 57
    endloop
  endfacet
  facet normal 0 0 -1
    outer loop
      vertex -8.909544944763184 -8.909544944763184 57
      vertex -8.103859901428223 -8.132401466369629 57
      vertex -7.000184059143066 -10.476516723632812 57
    endloop
  endfacet
  facet normal 0 0 -1
    outer loop
      vertex -8.103859901428223 -8.132401466369629 57
      vertex -8.909544944763184 -8.909544944763184 57
      vertex -8.119536399841309 -8.119536399841309 57
    endloop
  endfacet
  facet normal 0 0 -1
    outer loop
      vertex -8.119536399841309 -8.119536399841309 57
      vertex -8.909544944763184 -8.909544944763184 57
      vertex -8.132401466369629 -8.103859901428223 57
    endloop
  endfacet
  facet normal 0 0 -1
    outer loop
      vertex -10.476516723632812 -7.000184059143066 57
      vertex -8.132401466369629 -8.103859901428223 57
      vertex -8.909544944763184 -8.909544944763184 57
    endloop
  endfacet
  facet normal 0 0 -1
    outer loop
      vertex -8.132401466369629 -8.103859901428223 57
      vertex -10.476516723632812 -7.000184059143066 57
      vertex -9.547563552856445 -6.379478454589844 57
    endloop
  endfacet
  facet normal 0 0 -1
    outer loop
      vertex -10.476516723632812 -7.000184059143066 57
      vertex -10.599124908447266 -4.412145614624023 57
      vertex -9.547563552856445 -6.379478454589844 57
    endloop
  endfacet
  facet normal 0 0 -1
    outer loop
      vertex -11.640881538391113 -4.821810722351074 57
      vertex -10.599124908447266 -4.412145614624023 57
      vertex -10.476516723632812 -7.000184059143066 57
    endloop
  endfacet
  facet normal 0 0 -1
    outer loop
      vertex -10.599124908447266 -4.412145614624023 57
      vertex -11.640881538391113 -4.821810722351074 57
      vertex -10.608684539794922 -4.394260406494141 57
    endloop
  endfacet
  facet normal 0 0 -1
    outer loop
      vertex -10.608684539794922 -4.394260406494141 57
      vertex -11.640881538391113 -4.821810722351074 57
      vertex -10.614571571350098 -4.374854564666748 57
    endloop
  endfacet
  facet normal 0 0 -1
    outer loop
      vertex -12.357893943786621 -2.4581375122070312 57
      vertex -11.264107704162598 -2.2199931144714355 57
      vertex -11.262120246887207 -2.2401747703552246 57
    endloop
  endfacet
  facet normal 0 0 -1
    outer loop
      vertex -10.614571571350098 -4.374854564666748 57
      vertex -12.357893943786621 -2.4581375122070312 57
      vertex -11.262120246887207 -2.2401747703552246 57
    endloop
  endfacet
  facet normal 0 0 -1
    outer loop
      vertex -12.357893943786621 -2.4581375122070312 57
      vertex -10.614571571350098 -4.374854564666748 57
      vertex -11.640881538391113 -4.821810722351074 57
    endloop
  endfacet
  facet normal 0 0 -1
    outer loop
      vertex 11.262120246887207 2.2401747703552246 57
      vertex 12.357893943786621 2.4581375122070312 57
      vertex 11.264107704162598 2.2199931144714355 57
    endloop
  endfacet
  facet normal 0 0 -1
    outer loop
      vertex 10.614571571350098 4.374854564666748 57
      vertex 12.357893943786621 2.4581375122070312 57
      vertex 11.262120246887207 2.2401747703552246 57
    endloop
  endfacet
  facet normal 0 0 -1
    outer loop
      vertex 12.357893943786621 2.4581375122070312 57
      vertex 10.614571571350098 4.374854564666748 57
      vertex 11.640881538391113 4.821810722351074 57
    endloop
  endfacet
  facet normal 0 0 -1
    outer loop
      vertex 10.608684539794922 4.394260406494141 57
      vertex 11.640881538391113 4.821810722351074 57
      vertex 10.614571571350098 4.374854564666748 57
    endloop
  endfacet
  facet normal 0 0 -1
    outer loop
      vertex 10.599124908447266 4.412145614624023 57
      vertex 11.640881538391113 4.821810722351074 57
      vertex 10.608684539794922 4.394260406494141 57
    endloop
  endfacet
  facet normal 0 0 -1
    outer loop
      vertex 10.599124908447266 4.412145614624023 57
      vertex 10.476516723632812 7.000184059143066 57
      vertex 11.640881538391113 4.821810722351074 57
    endloop
  endfacet
  facet normal 0 0 -1
    outer loop
      vertex 9.547563552856445 6.379478454589844 57
      vertex 10.476516723632812 7.000184059143066 57
      vertex 10.599124908447266 4.412145614624023 57
    endloop
  endfacet
  facet normal 0 0 -1
    outer loop
      vertex 8.132401466369629 8.103859901428223 57
      vertex 10.476516723632812 7.000184059143066 57
      vertex 9.547563552856445 6.379478454589844 57
    endloop
  endfacet
  facet normal 0 0 -1
    outer loop
      vertex 10.476516723632812 7.000184059143066 57
      vertex 8.132401466369629 8.103859901428223 57
      vertex 8.909544944763184 8.909544944763184 57
    endloop
  endfacet
  facet normal 0 0 -1
    outer loop
      vertex 8.119536399841309 8.119536399841309 57
      vertex 8.909544944763184 8.909544944763184 57
      vertex 8.132401466369629 8.103859901428223 57
    endloop
  endfacet
  facet normal 0 0 -1
    outer loop
      vertex 8.103859901428223 8.132401466369629 57
      vertex 8.909544944763184 8.909544944763184 57
      vertex 8.119536399841309 8.119536399841309 57
    endloop
  endfacet
  facet normal 0 0 -1
    outer loop
      vertex 8.103859901428223 8.132401466369629 57
      vertex 7.000184059143066 10.476516723632812 57
      vertex 8.909544944763184 8.909544944763184 57
    endloop
  endfacet
  facet normal 0 0 -1
    outer loop
      vertex 6.379478454589844 9.547563552856445 57
      vertex 7.000184059143066 10.476516723632812 57
      vertex 8.103859901428223 8.132401466369629 57
    endloop
  endfacet
  facet normal 0 0 -1
    outer loop
      vertex 4.412145614624023 10.599124908447266 57
      vertex 7.000184059143066 10.476516723632812 57
      vertex 6.379478454589844 9.547563552856445 57
    endloop
  endfacet
  facet normal 0 0 -1
    outer loop
      vertex 7.000184059143066 10.476516723632812 57
      vertex 4.412145614624023 10.599124908447266 57
      vertex 4.821810722351074 11.640881538391113 57
    endloop
  endfacet
  facet normal 0 0 -1
    outer loop
      vertex 4.394260406494141 10.608684539794922 57
      vertex 4.821810722351074 11.640881538391113 57
      vertex 4.412145614624023 10.599124908447266 57
    endloop
  endfacet
  facet normal 0 0 -1
    outer loop
      vertex 4.374854564666748 10.614571571350098 57
      vertex 4.821810722351074 11.640881538391113 57
      vertex 4.394260406494141 10.608684539794922 57
    endloop
  endfacet
  facet normal 0 0 -1
    outer loop
      vertex 4.374854564666748 10.614571571350098 57
      vertex 2.4581375122070312 12.357893943786621 57
      vertex 4.821810722351074 11.640881538391113 57
    endloop
  endfacet
  facet normal 0 0 -1
    outer loop
      vertex 2.2401747703552246 11.262120246887207 57
      vertex 2.4581375122070312 12.357893943786621 57
      vertex 4.374854564666748 10.614571571350098 57
    endloop
  endfacet
  facet normal 0 0 -1
    outer loop
      vertex 2.2199931144714355 11.264107704162598 57
      vertex 2.4581375122070312 12.357893943786621 57
      vertex 2.2401747703552246 11.262120246887207 57
    endloop
  endfacet
  facet normal 0 0 -1
    outer loop
      vertex 0 12.59999942779541 57
      vertex 2.2199931144714355 11.264107704162598 57
      vertex 0 11.482758522033691 57
    endloop
  endfacet
  facet normal 0 0 -1
    outer loop
      vertex 2.2199931144714355 11.264107704162598 57
      vertex 0 12.59999942779541 57
      vertex 2.4581375122070312 12.357893943786621 57
    endloop
  endfacet
  facet normal 0 0 -1
    outer loop
      vertex -2.2199931144714355 11.264107704162598 57
      vertex 0 12.59999942779541 57
      vertex 0 11.482758522033691 57
    endloop
  endfacet
  facet normal 0 0 -1
    outer loop
      vertex -2.4581375122070312 12.357893943786621 57
      vertex -2.2199931144714355 11.264107704162598 57
      vertex -2.2401747703552246 11.262120246887207 57
    endloop
  endfacet
  facet normal 0 0 -1
    outer loop
      vertex -2.2199931144714355 11.264107704162598 57
      vertex -2.4581375122070312 12.357893943786621 57
      vertex 0 12.59999942779541 57
    endloop
  endfacet
  facet normal 0 0 -1
    outer loop
      vertex -4.374854564666748 10.614571571350098 57
      vertex -2.4581375122070312 12.357893943786621 57
      vertex -2.2401747703552246 11.262120246887207 57
    endloop
  endfacet
  facet normal 0 0 -1
    outer loop
      vertex -4.821810722351074 11.640881538391113 57
      vertex -4.374854564666748 10.614571571350098 57
      vertex -4.394260406494141 10.608684539794922 57
    endloop
  endfacet
  facet normal 0 0 -1
    outer loop
      vertex -4.821810722351074 11.640881538391113 57
      vertex -4.394260406494141 10.608684539794922 57
      vertex -4.412145614624023 10.599124908447266 57
    endloop
  endfacet
  facet normal 0 0 -1
    outer loop
      vertex -4.374854564666748 10.614571571350098 57
      vertex -4.821810722351074 11.640881538391113 57
      vertex -2.4581375122070312 12.357893943786621 57
    endloop
  endfacet
  facet normal 0 0 -1
    outer loop
      vertex -7.000184059143066 10.476516723632812 57
      vertex -4.412145614624023 10.599124908447266 57
      vertex -6.379478454589844 9.547563552856445 57
    endloop
  endfacet
  facet normal 0 0 -1
    outer loop
      vertex -4.412145614624023 10.599124908447266 57
      vertex -7.000184059143066 10.476516723632812 57
      vertex -4.821810722351074 11.640881538391113 57
    endloop
  endfacet
  facet normal 0 0 -1
    outer loop
      vertex -8.103859901428223 8.132401466369629 57
      vertex -7.000184059143066 10.476516723632812 57
      vertex -6.379478454589844 9.547563552856445 57
    endloop
  endfacet
  facet normal 0 0 -1
    outer loop
      vertex -8.909544944763184 8.909544944763184 57
      vertex -8.103859901428223 8.132401466369629 57
      vertex -8.119536399841309 8.119536399841309 57
    endloop
  endfacet
  facet normal 0 0 -1
    outer loop
      vertex -8.909544944763184 8.909544944763184 57
      vertex -8.119536399841309 8.119536399841309 57
      vertex -8.132401466369629 8.103859901428223 57
    endloop
  endfacet
  facet normal 0 0 -1
    outer loop
      vertex -8.103859901428223 8.132401466369629 57
      vertex -8.909544944763184 8.909544944763184 57
      vertex -7.000184059143066 10.476516723632812 57
    endloop
  endfacet
  facet normal 0 0 -1
    outer loop
      vertex -10.476516723632812 7.000184059143066 57
      vertex -8.132401466369629 8.103859901428223 57
      vertex -9.547563552856445 6.379478454589844 57
    endloop
  endfacet
  facet normal 0 0 -1
    outer loop
      vertex -8.132401466369629 8.103859901428223 57
      vertex -10.476516723632812 7.000184059143066 57
      vertex -8.909544944763184 8.909544944763184 57
    endloop
  endfacet
  facet normal 0 0 -1
    outer loop
      vertex -10.599124908447266 4.412145614624023 57
      vertex -10.476516723632812 7.000184059143066 57
      vertex -9.547563552856445 6.379478454589844 57
    endloop
  endfacet
  facet normal 0 0 -1
    outer loop
      vertex -11.640881538391113 4.821810722351074 57
      vertex -10.599124908447266 4.412145614624023 57
      vertex -10.608684539794922 4.394260406494141 57
    endloop
  endfacet
  facet normal 0 0 -1
    outer loop
      vertex -11.640881538391113 4.821810722351074 57
      vertex -10.608684539794922 4.394260406494141 57
      vertex -10.614571571350098 4.374854564666748 57
    endloop
  endfacet
  facet normal 0 0 -1
    outer loop
      vertex -12.357893943786621 2.4581375122070312 57
      vertex -10.614571571350098 4.374854564666748 57
      vertex -11.262120246887207 2.2401747703552246 57
    endloop
  endfacet
  facet normal 0 0 -1
    outer loop
      vertex -12.59999942779541 0 57
      vertex -11.264107704162598 2.2199931144714355 57
      vertex -11.482758522033691 0 57
    endloop
  endfacet
  facet normal 0 0 -1
    outer loop
      vertex -10.599124908447266 4.412145614624023 57
      vertex -11.640881538391113 4.821810722351074 57
      vertex -10.476516723632812 7.000184059143066 57
    endloop
  endfacet
  facet normal 0 0 -1
    outer loop
      vertex -11.264107704162598 2.2199931144714355 57
      vertex -12.357893943786621 2.4581375122070312 57
      vertex -11.262120246887207 2.2401747703552246 57
    endloop
  endfacet
  facet normal 0 0 -1
    outer loop
      vertex -12.59999942779541 0 57
      vertex -11.264107704162598 -2.2199931144714355 57
      vertex -12.357893943786621 -2.4581375122070312 57
    endloop
  endfacet
  facet normal 0 0 -1
    outer loop
      vertex -11.264107704162598 -2.2199931144714355 57
      vertex -12.59999942779541 0 57
      vertex -11.482758522033691 0 57
    endloop
  endfacet
  facet normal 0 0 -1
    outer loop
      vertex -10.614571571350098 4.374854564666748 57
      vertex -12.357893943786621 2.4581375122070312 57
      vertex -11.640881538391113 4.821810722351074 57
    endloop
  endfacet
  facet normal 0 0 -1
    outer loop
      vertex -11.264107704162598 2.2199931144714355 57
      vertex -12.59999942779541 0 57
      vertex -12.357893943786621 2.4581375122070312 57
    endloop
  endfacet
  facet normal 0.8819212630044384 0.4713967393402887 0
    outer loop
      vertex 11.640881538391113 4.821810722351074 60
      vertex 10.476516723632812 7.000184059143066 57
      vertex 10.476516723632812 7.000184059143066 60
    endloop
  endfacet
  facet normal 0.8819212630044384 0.4713967393402887 0
    outer loop
      vertex 10.476516723632812 7.000184059143066 57
      vertex 11.640881538391113 4.821810722351074 60
      vertex 11.640881538391113 4.821810722351074 57
    endloop
  endfacet
  facet normal 0.09801716871242143 -0.9951847238767286 0
    outer loop
      vertex 0 -12.59999942779541 57
      vertex 2.4581375122070312 -12.357893943786621 60
      vertex 0 -12.59999942779541 60
    endloop
  endfacet
  facet normal 0.09801716871242143 -0.9951847238767286 0
    outer loop
      vertex 2.4581375122070312 -12.357893943786621 60
      vertex 0 -12.59999942779541 57
      vertex 2.4581375122070312 -12.357893943786621 57
    endloop
  endfacet
  facet normal -0.4713967393402887 -0.8819212630044384 0
    outer loop
      vertex -7.000184059143066 -10.476516723632812 57
      vertex -4.821810722351074 -11.640881538391113 60
      vertex -7.000184059143066 -10.476516723632812 60
    endloop
  endfacet
  facet normal -0.4713967393402887 -0.8819212630044384 0
    outer loop
      vertex -4.821810722351074 -11.640881538391113 60
      vertex -7.000184059143066 -10.476516723632812 57
      vertex -4.821810722351074 -11.640881538391113 57
    endloop
  endfacet
  facet normal -0.2902846683444377 0.9569403384350353 0
    outer loop
      vertex -2.4581375122070312 12.357893943786621 57
      vertex -4.821810722351074 11.640881538391113 60
      vertex -2.4581375122070312 12.357893943786621 60
    endloop
  endfacet
  facet normal -0.2902846683444377 0.9569403384350353 0
    outer loop
      vertex -4.821810722351074 11.640881538391113 60
      vertex -2.4581375122070312 12.357893943786621 57
      vertex -4.821810722351074 11.640881538391113 57
    endloop
  endfacet
  facet normal -0.634393234813197 0.7730104938636008 0
    outer loop
      vertex -7.000184059143066 10.476516723632812 57
      vertex -8.909544944763184 8.909544944763184 60
      vertex -7.000184059143066 10.476516723632812 60
    endloop
  endfacet
  facet normal -0.634393234813197 0.7730104938636008 0
    outer loop
      vertex -8.909544944763184 8.909544944763184 60
      vertex -7.000184059143066 10.476516723632812 57
      vertex -8.909544944763184 8.909544944763184 57
    endloop
  endfacet
  facet normal 0.4308944951974723 0.3536262707710809 0.8302279172787758
    outer loop
      vertex 6.280172348022461 6.280172348022461 77.8221435546875
      vertex 4.66658878326416 4.66658878326416 79.34689331054688
      vertex 5.48732852935791 3.666515350341797 79.34689331054688
    endloop
  endfacet
  facet normal -0.92007825403942 -0.09061969339692671 -0.3811090101433178
    outer loop
      vertex -13.139741897583008 -2.613656997680664 62.936012268066406
      vertex -13.397164344787598 0 62.936012268066406
      vertex -12.109655380249023 -2.4087600708007812 60.40044403076172
    endloop
  endfacet
  facet normal 0.7343795980472934 -0.39253406753576775 -0.55371798940952
    outer loop
      vertex 10.266069412231445 -6.8595685958862305 60.40044403076172
      vertex 10.984347343444824 -4.9508891105651855 60
      vertex 11.407045364379883 -4.724952697753906 60.40044403076172
    endloop
  endfacet
  facet normal 0.7343800516370912 -0.3925341062591323 -0.5537173603751715
    outer loop
      vertex 10.984347343444824 -4.9508891105651855 60
      vertex 10.266069412231445 -6.8595685958862305 60.40044403076172
      vertex 10.043594360351562 -6.7109150886535645 60
    endloop
  endfacet
  facet normal 0.2970394438518978 -0.24377417667664525 0.9232235480000384
    outer loop
      vertex 5.48732852935791 -3.666515350341797 79.34689331054688
      vertex 2.873671531677246 -2.873671531677246 80.39716339111328
      vertex 4.66658878326416 -4.66658878326416 79.34689331054688
    endloop
  endfacet
  facet normal -0.39253447647103573 0.7343804376783486 0.5537165859327018
    outer loop
      vertex -4.724952697753906 11.407045364379883 73.59955596923828
      vertex -6.0124616622924805 8.998285293579102 75.88150787353516
      vertex -4.14145565032959 9.998358726501465 75.88150787353516
    endloop
  endfacet
  facet normal -0.5282625511714101 -0.6436898427241206 0.5537165912302703
    outer loop
      vertex -6.0124616622924805 -8.998285293579102 75.88150787353516
      vertex -8.730574607849121 -8.730574607849121 73.59955596923828
      vertex -6.8595685958862305 -10.266069412231445 73.59955596923828
    endloop
  endfacet
  facet normal 0.9387246787714082 0.28475923003280296 0.19418588614171167
    outer loop
      vertex 12.872030258178711 5.331768989562988 68.37223815917969
      vertex 12.377366065979004 5.1268720626831055 71.0639877319336
      vertex 13.664875030517578 2.718111991882324 68.37223815917969
    endloop
  endfacet
  facet normal -0.815362746048811 0.43582046134547114 -0.38110906290504676
    outer loop
      vertex -11.407045364379883 4.724952697753906 60.40044403076172
      vertex -12.377366065979004 5.1268720626831055 62.936012268066406
      vertex -10.266069412231445 6.8595685958862305 60.40044403076172
    endloop
  endfacet
  facet normal -0.18755911744128925 0.056895116439667784 0.9806041623356293
    outer loop
      vertex -1.2677841186523438 0.5251331329345703 80.93258666992188
      vertex -3.9858970642089844 0.7928438186645508 80.39716339111328
      vertex -1.345871925354004 0.26771068572998047 80.93258666992188
    endloop
  endfacet
  facet normal 0.6223173884727 -0.7582959901826911 -0.19418614594602387
    outer loop
      vertex 7.740530014038086 -11.584521293640137 65.62776184082031
      vertex 7.443065643310547 -11.139334678649902 62.936012268066406
      vertex 9.473225593566895 -9.473225593566895 62.936012268066406
    endloop
  endfacet
  facet normal -0.1950549019622875 -0.01921122109418209 0.9806041577540617
    outer loop
      vertex -1.372239112854004 0 80.93258666992188
      vertex -3.9858970642089844 -0.7928438186645508 80.39716339111328
      vertex -1.345871925354004 -0.26771068572998047 80.93258666992188
    endloop
  endfacet
  facet normal -0.7343795006524653 0.3925356707822219 -0.5537169820269078
    outer loop
      vertex -11.159844398498535 4.62255859375 60
      vertex -11.407045364379883 4.724952697753906 60.40044403076172
      vertex -10.984347343444824 4.9508891105651855 60
    endloop
  endfacet
  facet normal 0.39253447647103573 0.7343804376783486 0.5537165859327018
    outer loop
      vertex 4.724952697753906 11.407045364379883 73.59955596923828
      vertex 4.14145565032959 9.998358726501465 75.88150787353516
      vertex 6.0124616622924805 8.998285293579102 75.88150787353516
    endloop
  endfacet
  facet normal 0.08161915941336156 0.8286954644404052 0.5537166604253092
    outer loop
      vertex 0 12.34689712524414 73.59955596923828
      vertex 0 10.822145462036133 75.88150787353516
      vertex 2.111295700073242 10.614201545715332 75.88150787353516
    endloop
  endfacet
  facet normal -0.4713965583065728 0.8819213597689525 0
    outer loop
      vertex -5.331768989562988 12.872030258178711 65.62776184082031
      vertex -7.740530014038086 11.584521293640137 68.37223815917969
      vertex -5.331768989562988 12.872030258178711 68.37223815917969
    endloop
  endfacet
  facet normal -0.4713965583065728 0.8819213597689525 0
    outer loop
      vertex -7.740530014038086 11.584521293640137 68.37223815917969
      vertex -5.331768989562988 12.872030258178711 65.62776184082031
      vertex -7.740530014038086 11.584521293640137 65.62776184082031
    endloop
  endfacet
  facet normal -0.7146714607221188 0.5865156651367861 -0.38110901036116474
    outer loop
      vertex -8.730574607849121 8.730574607849121 60.40044403076172
      vertex -11.139334678649902 7.443065643310547 62.936012268066406
      vertex -9.473225593566895 9.473225593566895 62.936012268066406
    endloop
  endfacet
  facet normal 0.35362616660736923 0.43089470975195615 0.8302278502907227
    outer loop
      vertex 4.934299468994141 7.384701728820801 77.8221435546875
      vertex 3.666515350341797 5.48732852935791 79.34689331054688
      vertex 6.280172348022461 6.280172348022461 77.8221435546875
    endloop
  endfacet
  facet normal -0.1950549019622875 0.01921122109418209 0.9806041577540617
    outer loop
      vertex -1.345871925354004 0.26771068572998047 80.93258666992188
      vertex -3.9858970642089844 0.7928438186645508 80.39716339111328
      vertex -1.372239112854004 0 80.93258666992188
    endloop
  endfacet
  facet normal -0.7968491159794536 -0.2417217451319044 0.5537166100932406
    outer loop
      vertex -10.614201545715332 -2.111295700073242 75.88150787353516
      vertex -12.109655380249023 -2.4087600708007812 73.59955596923828
      vertex -9.998358726501465 -4.14145565032959 75.88150787353516
    endloop
  endfacet
  facet normal -0.6223173884727 0.7582959901826911 -0.19418614594602387
    outer loop
      vertex -7.443065643310547 11.139334678649902 62.936012268066406
      vertex -9.473225593566895 9.473225593566895 62.936012268066406
      vertex -7.740530014038086 11.584521293640137 65.62776184082031
    endloop
  endfacet
  facet normal 0.8286954644404053 0.08161915941336158 0.5537166604253093
    outer loop
      vertex 12.34689712524414 0 73.59955596923828
      vertex 10.614201545715332 2.111295700073242 75.88150787353516
      vertex 10.822145462036133 0 75.88150787353516
    endloop
  endfacet
  facet normal -0.20575699965464928 -0.6782893412916686 0.7053989130862273
    outer loop
      vertex -3.3988046646118164 -8.20544147491455 77.8221435546875
      vertex -4.14145565032959 -9.998358726501465 75.88150787353516
      vertex -2.111295700073242 -10.614201545715332 75.88150787353516
    endloop
  endfacet
  facet normal 0.33888994570769193 0.1811404149871834 0.9232235670499908
    outer loop
      vertex 5.48732852935791 3.666515350341797 79.34689331054688
      vertex 3.7546329498291016 1.5552196502685547 80.39716339111328
      vertex 6.097192764282227 2.5255393981933594 79.34689331054688
    endloop
  endfacet
  facet normal 0.38241291438614977 -0.037664549571099125 0.9232235615582488
    outer loop
      vertex 6.599554061889648 0 79.34689331054688
      vertex 3.9858970642089844 -0.7928438186645508 80.39716339111328
      vertex 6.472744941711426 -1.2875089645385742 79.34689331054688
    endloop
  endfacet
  facet normal -0.09061963871128885 0.9200782407102843 0.38110905532577344
    outer loop
      vertex 0 13.397164344787598 71.0639877319336
      vertex -2.4087600708007812 12.109655380249023 73.59955596923828
      vertex 0 12.34689712524414 73.59955596923828
    endloop
  endfacet
  facet normal -0.92007825403942 0.09061969339692671 0.3811090101433178
    outer loop
      vertex -13.139741897583008 2.613656997680664 71.0639877319336
      vertex -13.397164344787598 0 71.0639877319336
      vertex -12.109655380249023 2.4087600708007812 73.59955596923828
    endloop
  endfacet
  facet normal -0.28475923003280296 0.9387246787714082 0.19418588614171167
    outer loop
      vertex -2.718111991882324 13.664875030517578 68.37223815917969
      vertex -5.331768989562988 12.872030258178711 68.37223815917969
      vertex -5.1268720626831055 12.377366065979004 71.0639877319336
    endloop
  endfacet
  facet normal 0.62231741588016 0.7582959752143974 0.19418611656317206
    outer loop
      vertex 9.851825714111328 9.851825714111328 68.37223815917969
      vertex 7.740530014038086 11.584521293640137 68.37223815917969
      vertex 9.473225593566895 9.473225593566895 71.0639877319336
    endloop
  endfacet
  facet normal 0.7968491188185125 -0.24172176592880437 0.5537165969288084
    outer loop
      vertex 12.109655380249023 -2.4087600708007812 73.59955596923828
      vertex 9.998358726501465 -4.14145565032959 75.88150787353516
      vertex 11.407045364379883 -4.724952697753906 73.59955596923828
    endloop
  endfacet
  facet normal 0.9387246861999495 0.2847591609865664 0.19418595148216275
    outer loop
      vertex 13.664875030517578 2.718111991882324 68.37223815917969
      vertex 12.377366065979004 5.1268720626831055 71.0639877319336
      vertex 13.139741897583008 2.613656997680664 71.0639877319336
    endloop
  endfacet
  facet normal -0.12433994556163501 -0.15150927810183168 0.9806041589687408
    outer loop
      vertex -0.9703197479248047 -0.9703197479248047 80.93258666992188
      vertex -2.257828712463379 -3.379079818725586 80.39716339111328
      vertex -0.7623748779296875 -1.140974998474121 80.93258666992188
    endloop
  endfacet
  facet normal 0.6343932791997419 -0.7730104574365074 0
    outer loop
      vertex 7.740530014038086 -11.584521293640137 65.62776184082031
      vertex 9.851825714111328 -9.851825714111328 68.37223815917969
      vertex 7.740530014038086 -11.584521293640137 68.37223815917969
    endloop
  endfacet
  facet normal 0.6343932791997419 -0.7730104574365074 0
    outer loop
      vertex 9.851825714111328 -9.851825714111328 68.37223815917969
      vertex 7.740530014038086 -11.584521293640137 65.62776184082031
      vertex 9.851825714111328 -9.851825714111328 65.62776184082031
    endloop
  endfacet
  facet normal -0.2970394438518978 0.24377417667664525 0.9232235480000384
    outer loop
      vertex -4.66658878326416 4.66658878326416 79.34689331054688
      vertex -5.48732852935791 3.666515350341797 79.34689331054688
      vertex -2.873671531677246 2.873671531677246 80.39716339111328
    endloop
  endfacet
  facet normal -0.7146714638448107 0.5865156565813227 -0.38110901767197214
    outer loop
      vertex -10.266069412231445 6.8595685958862305 60.40044403076172
      vertex -11.139334678649902 7.443065643310547 62.936012268066406
      vertex -8.730574607849121 8.730574607849121 60.40044403076172
    endloop
  endfacet
  facet normal 0.5865156565813227 -0.7146714638448106 -0.3811090176719721
    outer loop
      vertex 7.443065643310547 -11.139334678649902 62.936012268066406
      vertex 6.8595685958862305 -10.266069412231445 60.40044403076172
      vertex 8.730574607849121 -8.730574607849121 60.40044403076172
    endloop
  endfacet
  facet normal 0.11154566939961233 -0.36771703576435794 0.9232235618997526
    outer loop
      vertex 2.5255393981933594 -6.097192764282227 79.34689331054688
      vertex 0.7928438186645508 -3.9858970642089844 80.39716339111328
      vertex 1.2875089645385742 -6.472744941711426 79.34689331054688
    endloop
  endfacet
  facet normal -0.625115094450693 -0.33413094051099784 0.7053989178352467
    outer loop
      vertex -8.20544147491455 -3.3988046646118164 77.8221435546875
      vertex -9.998358726501465 -4.14145565032959 75.88150787353516
      vertex -8.998285293579102 -6.0124616622924805 75.88150787353516
    endloop
  endfacet
  facet normal -0.6343932791997419 -0.7730104574365074 0
    outer loop
      vertex -9.851825714111328 -9.851825714111328 65.62776184082031
      vertex -7.740530014038086 -11.584521293640137 68.37223815917969
      vertex -9.851825714111328 -9.851825714111328 68.37223815917969
    endloop
  endfacet
  facet normal -0.6343932791997419 -0.7730104574365074 0
    outer loop
      vertex -7.740530014038086 -11.584521293640137 68.37223815917969
      vertex -9.851825714111328 -9.851825714111328 65.62776184082031
      vertex -7.740530014038086 -11.584521293640137 65.62776184082031
    endloop
  endfacet
  facet normal -0.55473991695739 -0.0546373002146321 0.8302279144664819
    outer loop
      vertex -6.599554061889648 0 79.34689331054688
      vertex -8.881505966186523 0 77.8221435546875
      vertex -8.71084976196289 -1.7326955795288086 77.8221435546875
    endloop
  endfacet
  facet normal 0.38241281276647054 -0.037664136492663654 0.9232236205028
    outer loop
      vertex 4.0639848709106445 0 80.39716339111328
      vertex 3.9858970642089844 -0.7928438186645508 80.39716339111328
      vertex 6.599554061889648 0 79.34689331054688
    endloop
  endfacet
  facet normal 0.7146714607221188 0.5865156651367861 -0.38110901036116474
    outer loop
      vertex 11.139334678649902 7.443065643310547 62.936012268066406
      vertex 8.730574607849121 8.730574607849121 60.40044403076172
      vertex 9.473225593566895 9.473225593566895 62.936012268066406
    endloop
  endfacet
  facet normal -0.9569402757252959 0.2902848750706704 0
    outer loop
      vertex -13.664875030517578 2.718111991882324 65.62776184082031
      vertex -12.872030258178711 5.331768989562988 68.37223815917969
      vertex -12.872030258178711 5.331768989562988 65.62776184082031
    endloop
  endfacet
  facet normal -0.9569402757252959 0.2902848750706704 0
    outer loop
      vertex -12.872030258178711 5.331768989562988 68.37223815917969
      vertex -13.664875030517578 2.718111991882324 65.62776184082031
      vertex -13.664875030517578 2.718111991882324 68.37223815917969
    endloop
  endfacet
  facet normal -0.09615136518453424 0.9762411165295931 0.1941859865443539
    outer loop
      vertex 0 13.932585716247559 68.37223815917969
      vertex -2.718111991882324 13.664875030517578 68.37223815917969
      vertex -2.613656997680664 13.139741897583008 71.0639877319336
    endloop
  endfacet
  facet normal -0.8153627388379017 0.43582050791561705 -0.3811090250767218
    outer loop
      vertex -10.266069412231445 6.8595685958862305 60.40044403076172
      vertex -12.377366065979004 5.1268720626831055 62.936012268066406
      vertex -11.139334678649902 7.443065643310547 62.936012268066406
    endloop
  endfacet
  facet normal 0.28475923003280296 0.9387246787714082 0.19418588614171167
    outer loop
      vertex 5.331768989562988 12.872030258178711 68.37223815917969
      vertex 2.718111991882324 13.664875030517578 68.37223815917969
      vertex 5.1268720626831055 12.377366065979004 71.0639877319336
    endloop
  endfacet
  facet normal 0.26276809927620737 0.49160413287691235 0.8302278618193372
    outer loop
      vertex 4.934299468994141 7.384701728820801 77.8221435546875
      vertex 3.3988046646118164 8.20544147491455 77.8221435546875
      vertex 3.666515350341797 5.48732852935791 79.34689331054688
    endloop
  endfacet
  facet normal 0.2683770458876422 0.8847201168570356 -0.38110900811853776
    outer loop
      vertex 5.1268720626831055 12.377366065979004 62.936012268066406
      vertex 2.4087600708007812 12.109655380249023 60.40044403076172
      vertex 2.613656997680664 13.139741897583008 62.936012268066406
    endloop
  endfacet
  facet normal -0.62231741588016 0.7582959752143974 0.19418611656317206
    outer loop
      vertex -7.740530014038086 11.584521293640137 68.37223815917969
      vertex -9.851825714111328 9.851825714111328 68.37223815917969
      vertex -9.473225593566895 9.473225593566895 71.0639877319336
    endloop
  endfacet
  facet normal -0.8847200443510407 0.268377144960928 -0.38110910666909253
    outer loop
      vertex -12.109655380249023 2.4087600708007812 60.40044403076172
      vertex -12.377366065979004 5.1268720626831055 62.936012268066406
      vertex -11.407045364379883 4.724952697753906 60.40044403076172
    endloop
  endfacet
  facet normal -0.8651337631816415 -0.46242340535383014 -0.19418590572989286
    outer loop
      vertex -11.584521293640137 -7.740530014038086 65.62776184082031
      vertex -12.872030258178711 -5.331768989562988 65.62776184082031
      vertex -12.377366065979004 -5.1268720626831055 62.936012268066406
    endloop
  endfacet
  facet normal 0.09615136518453424 0.9762411165295931 -0.1941859865443539
    outer loop
      vertex 2.613656997680664 13.139741897583008 62.936012268066406
      vertex 0 13.932585716247559 65.62776184082031
      vertex 2.718111991882324 13.664875030517578 65.62776184082031
    endloop
  endfacet
  facet normal 0.7582959901826911 0.6223173884727 -0.19418614594602387
    outer loop
      vertex 11.139334678649902 7.443065643310547 62.936012268066406
      vertex 9.473225593566895 9.473225593566895 62.936012268066406
      vertex 11.584521293640137 7.740530014038086 65.62776184082031
    endloop
  endfacet
  facet normal 0.4624235954866429 0.8651336099866636 0.1941861354696805
    outer loop
      vertex 7.740530014038086 11.584521293640137 68.37223815917969
      vertex 5.1268720626831055 12.377366065979004 71.0639877319336
      vertex 7.443065643310547 11.139334678649902 71.0639877319336
    endloop
  endfacet
  facet normal 0.5282625815294795 0.6436897804156972 0.5537166347006396
    outer loop
      vertex 8.730574607849121 8.730574607849121 73.59955596923828
      vertex 6.0124616622924805 8.998285293579102 75.88150787353516
      vertex 7.652412414550781 7.652412414550781 75.88150787353516
    endloop
  endfacet
  facet normal -0.19505493396428714 0.019211112732472085 0.9806041535113789
    outer loop
      vertex -3.9858970642089844 0.7928438186645508 80.39716339111328
      vertex -4.0639848709106445 0 80.39716339111328
      vertex -1.372239112854004 0 80.93258666992188
    endloop
  endfacet
  facet normal -0.38241291438614977 -0.037664549571099125 0.9232235615582488
    outer loop
      vertex -3.9858970642089844 -0.7928438186645508 80.39716339111328
      vertex -6.599554061889648 0 79.34689331054688
      vertex -6.472744941711426 -1.2875089645385742 79.34689331054688
    endloop
  endfacet
  facet normal -0.5547398881564446 -0.05463734939515195 0.8302279304740642
    outer loop
      vertex -6.599554061889648 0 79.34689331054688
      vertex -8.71084976196289 -1.7326955795288086 77.8221435546875
      vertex -6.472744941711426 -1.2875089645385742 79.34689331054688
    endloop
  endfacet
  facet normal -0.528262244042352 -0.6436894684862445 -0.5537173192877703
    outer loop
      vertex -8.25359058380127 -8.77755355834961 60
      vertex -6.8595685958862305 -10.266069412231445 60.40044403076172
      vertex -8.730574607849121 -8.730574607849121 60.40044403076172
    endloop
  endfacet
  facet normal -0.5282621448610627 -0.6436894171204377 -0.5537174736216484
    outer loop
      vertex -6.8595685958862305 -10.266069412231445 60.40044403076172
      vertex -8.25359058380127 -8.77755355834961 60
      vertex -6.7109150886535645 -10.043594360351562 60
    endloop
  endfacet
  facet normal -0.4713965583065728 -0.8819213597689525 0
    outer loop
      vertex -7.740530014038086 -11.584521293640137 65.62776184082031
      vertex -5.331768989562988 -12.872030258178711 68.37223815917969
      vertex -7.740530014038086 -11.584521293640137 68.37223815917969
    endloop
  endfacet
  facet normal -0.4713965583065728 -0.8819213597689525 0
    outer loop
      vertex -5.331768989562988 -12.872030258178711 68.37223815917969
      vertex -7.740530014038086 -11.584521293640137 65.62776184082031
      vertex -5.331768989562988 -12.872030258178711 65.62776184082031
    endloop
  endfacet
  facet normal 0.09061969339692671 -0.92007825403942 0.3811090101433178
    outer loop
      vertex 2.4087600708007812 -12.109655380249023 73.59955596923828
      vertex 0 -13.397164344787598 71.0639877319336
      vertex 2.613656997680664 -13.139741897583008 71.0639877319336
    endloop
  endfacet
  facet normal -0.3925345150744185 -0.73438043533323 0.5537165616767001
    outer loop
      vertex -6.0124616622924805 -8.998285293579102 75.88150787353516
      vertex -6.8595685958862305 -10.266069412231445 73.59955596923828
      vertex -4.724952697753906 -11.407045364379883 73.59955596923828
    endloop
  endfacet
  facet normal 0.09615136518453424 -0.9762411165295931 -0.1941859865443539
    outer loop
      vertex 2.718111991882324 -13.664875030517578 65.62776184082031
      vertex 0 -13.932585716247559 65.62776184082031
      vertex 2.613656997680664 -13.139741897583008 62.936012268066406
    endloop
  endfacet
  facet normal -0.43582046134547114 -0.815362746048811 0.38110906290504676
    outer loop
      vertex -4.724952697753906 -11.407045364379883 73.59955596923828
      vertex -6.8595685958862305 -10.266069412231445 73.59955596923828
      vertex -5.1268720626831055 -12.377366065979004 71.0639877319336
    endloop
  endfacet
  facet normal -0.9387246861999495 -0.2847591609865664 0.19418595148216275
    outer loop
      vertex -13.139741897583008 -2.613656997680664 71.0639877319336
      vertex -13.664875030517578 -2.718111991882324 68.37223815917969
      vertex -12.377366065979004 -5.1268720626831055 71.0639877319336
    endloop
  endfacet
  facet normal -0.7968491188185125 -0.24172176592880437 0.5537165969288084
    outer loop
      vertex -9.998358726501465 -4.14145565032959 75.88150787353516
      vertex -12.109655380249023 -2.4087600708007812 73.59955596923828
      vertex -11.407045364379883 -4.724952697753906 73.59955596923828
    endloop
  endfacet
  facet normal 0.18114066924677327 -0.3388896675441053 0.9232236192692845
    outer loop
      vertex 2.257828712463379 -3.379079818725586 80.39716339111328
      vertex 1.5552196502685547 -3.7546329498291016 80.39716339111328
      vertex 3.666515350341797 -5.48732852935791 79.34689331054688
    endloop
  endfacet
  facet normal 0.16181155608395956 0.5334216129248355 0.8302279224299522
    outer loop
      vertex 1.7326955795288086 8.71084976196289 77.8221435546875
      vertex 1.2875089645385742 6.472744941711426 79.34689331054688
      vertex 3.3988046646118164 8.20544147491455 77.8221435546875
    endloop
  endfacet
  facet normal 0.9569402757252959 -0.2902848750706704 0
    outer loop
      vertex 12.872030258178711 -5.331768989562988 68.37223815917969
      vertex 13.664875030517578 -2.718111991882324 65.62776184082031
      vertex 13.664875030517578 -2.718111991882324 68.37223815917969
    endloop
  endfacet
  facet normal 0.9569402757252959 -0.2902848750706704 0
    outer loop
      vertex 13.664875030517578 -2.718111991882324 65.62776184082031
      vertex 12.872030258178711 -5.331768989562988 68.37223815917969
      vertex 12.872030258178711 -5.331768989562988 65.62776184082031
    endloop
  endfacet
  facet normal 0.09615124507048674 -0.9762411057900366 -0.19418610001038095
    outer loop
      vertex 2.613656997680664 -13.139741897583008 62.936012268066406
      vertex 0 -13.932585716247559 65.62776184082031
      vertex 0 -13.397164344787598 62.936012268066406
    endloop
  endfacet
  facet normal 0.8847201168570356 -0.2683770458876422 0.38110900811853776
    outer loop
      vertex 13.139741897583008 -2.613656997680664 71.0639877319336
      vertex 12.109655380249023 -2.4087600708007812 73.59955596923828
      vertex 12.377366065979004 -5.1268720626831055 71.0639877319336
    endloop
  endfacet
  facet normal 0.4308944951974723 -0.3536262707710809 0.8302279172787758
    outer loop
      vertex 5.48732852935791 -3.666515350341797 79.34689331054688
      vertex 4.66658878326416 -4.66658878326416 79.34689331054688
      vertex 6.280172348022461 -6.280172348022461 77.8221435546875
    endloop
  endfacet
  facet normal -0.09061969339692671 -0.92007825403942 0.3811090101433178
    outer loop
      vertex -2.4087600708007812 -12.109655380249023 73.59955596923828
      vertex -2.613656997680664 -13.139741897583008 71.0639877319336
      vertex 0 -13.397164344787598 71.0639877319336
    endloop
  endfacet
  facet normal 0.7053974810318759 0.06947540070465143 0.705398867627963
    outer loop
      vertex 10.614201545715332 2.111295700073242 75.88150787353516
      vertex 8.881505966186523 0 77.8221435546875
      vertex 10.822145462036133 0 75.88150787353516
    endloop
  endfacet
  facet normal 0.815362746048811 0.43582046134547114 -0.38110906290504676
    outer loop
      vertex 11.407045364379883 4.724952697753906 60.40044403076172
      vertex 10.266069412231445 6.8595685958862305 60.40044403076172
      vertex 12.377366065979004 5.1268720626831055 62.936012268066406
    endloop
  endfacet
  facet normal 0.5334216031650472 0.1618115670751495 0.8302279265584334
    outer loop
      vertex 8.20544147491455 3.3988046646118164 77.8221435546875
      vertex 6.097192764282227 2.5255393981933594 79.34689331054688
      vertex 6.472744941711426 1.2875089645385742 79.34689331054688
    endloop
  endfacet
  facet normal -0.08161915941336156 0.8286954644404052 0.5537166604253092
    outer loop
      vertex 0 12.34689712524414 73.59955596923828
      vertex -2.111295700073242 10.614201545715332 75.88150787353516
      vertex 0 10.822145462036133 75.88150787353516
    endloop
  endfacet
  facet normal -0.7053974810318759 -0.06947540070465143 0.705398867627963
    outer loop
      vertex -8.881505966186523 0 77.8221435546875
      vertex -10.822145462036133 0 75.88150787353516
      vertex -10.614201545715332 -2.111295700073242 75.88150787353516
    endloop
  endfacet
  facet normal -0.7582959901826911 -0.6223173884727 0.19418614594602387
    outer loop
      vertex -11.139334678649902 -7.443065643310547 71.0639877319336
      vertex -11.584521293640137 -7.740530014038086 68.37223815917969
      vertex -9.473225593566895 -9.473225593566895 71.0639877319336
    endloop
  endfacet
  facet normal -0.8286954644404053 0.08161915941336158 0.5537166604253093
    outer loop
      vertex -10.614201545715332 2.111295700073242 75.88150787353516
      vertex -12.34689712524414 0 73.59955596923828
      vertex -10.822145462036133 0 75.88150787353516
    endloop
  endfacet
  facet normal -0.55473991695739 0.0546373002146321 0.8302279144664819
    outer loop
      vertex -8.71084976196289 1.7326955795288086 77.8221435546875
      vertex -8.881505966186523 0 77.8221435546875
      vertex -6.599554061889648 0 79.34689331054688
    endloop
  endfacet
  facet normal -0.06947540070465143 0.7053974810318759 0.705398867627963
    outer loop
      vertex 0 10.822145462036133 75.88150787353516
      vertex -2.111295700073242 10.614201545715332 75.88150787353516
      vertex 0 8.881505966186523 77.8221435546875
    endloop
  endfacet
  facet normal -0.7053974810318759 0.06947540070465143 0.705398867627963
    outer loop
      vertex -10.614201545715332 2.111295700073242 75.88150787353516
      vertex -10.822145462036133 0 75.88150787353516
      vertex -8.881505966186523 0 77.8221435546875
    endloop
  endfacet
  facet normal -0.3341309405109979 0.6251150944506931 0.7053989178352468
    outer loop
      vertex -4.14145565032959 9.998358726501465 75.88150787353516
      vertex -6.0124616622924805 8.998285293579102 75.88150787353516
      vertex -3.3988046646118164 8.20544147491455 77.8221435546875
    endloop
  endfacet
  facet normal -0.46242340535383014 0.8651337631816415 -0.19418590572989286
    outer loop
      vertex -5.1268720626831055 12.377366065979004 62.936012268066406
      vertex -7.740530014038086 11.584521293640137 65.62776184082031
      vertex -5.331768989562988 12.872030258178711 65.62776184082031
    endloop
  endfacet
  facet normal -0.9200782407102845 0.09061963871128886 0.3811090553257735
    outer loop
      vertex -12.109655380249023 2.4087600708007812 73.59955596923828
      vertex -13.397164344787598 0 71.0639877319336
      vertex -12.34689712524414 0 73.59955596923828
    endloop
  endfacet
  facet normal -0.9951847259162125 0.0980171480051975 0
    outer loop
      vertex -13.932585716247559 0 65.62776184082031
      vertex -13.664875030517578 2.718111991882324 68.37223815917969
      vertex -13.664875030517578 2.718111991882324 65.62776184082031
    endloop
  endfacet
  facet normal -0.9951847259162125 0.0980171480051975 0
    outer loop
      vertex -13.664875030517578 2.718111991882324 68.37223815917969
      vertex -13.932585716247559 0 65.62776184082031
      vertex -13.932585716247559 0 68.37223815917969
    endloop
  endfacet
  facet normal -0.6436894684862445 0.528262244042352 -0.5537173192877703
    outer loop
      vertex -8.77755355834961 8.25359058380127 60
      vertex -10.266069412231445 6.8595685958862305 60.40044403076172
      vertex -8.730574607849121 8.730574607849121 60.40044403076172
    endloop
  endfacet
  facet normal -0.6436894171204377 0.5282621448610627 -0.5537174736216484
    outer loop
      vertex -10.266069412231445 6.8595685958862305 60.40044403076172
      vertex -8.77755355834961 8.25359058380127 60
      vertex -10.043594360351562 6.7109150886535645 60
    endloop
  endfacet
  facet normal -0.5865156651367861 0.7146714607221188 -0.38110901036116474
    outer loop
      vertex -8.730574607849121 8.730574607849121 60.40044403076172
      vertex -9.473225593566895 9.473225593566895 62.936012268066406
      vertex -7.443065643310547 11.139334678649902 62.936012268066406
    endloop
  endfacet
  facet normal 0.2847591609865664 0.9387246861999495 -0.19418595148216275
    outer loop
      vertex 5.1268720626831055 12.377366065979004 62.936012268066406
      vertex 2.613656997680664 13.139741897583008 62.936012268066406
      vertex 2.718111991882324 13.664875030517578 65.62776184082031
    endloop
  endfacet
  facet normal 0.5865156565813227 0.7146714638448106 -0.3811090176719721
    outer loop
      vertex 8.730574607849121 8.730574607849121 60.40044403076172
      vertex 6.8595685958862305 10.266069412231445 60.40044403076172
      vertex 7.443065643310547 11.139334678649902 62.936012268066406
    endloop
  endfacet
  facet normal -0.24172161150274754 0.7968486097445082 -0.5537173969460949
    outer loop
      vertex -2.7128195762634277 11.739157676696777 60
      vertex -4.724952697753906 11.407045364379883 60.40044403076172
      vertex -2.4087600708007812 12.109655380249023 60.40044403076172
    endloop
  endfacet
  facet normal -0.24172158156477425 0.7968488778965002 -0.5537170241205456
    outer loop
      vertex -4.724952697753906 11.407045364379883 60.40044403076172
      vertex -2.7128195762634277 11.739157676696777 60
      vertex -4.62255859375 11.159844398498535 60
    endloop
  endfacet
  facet normal -0.268377144960928 0.8847200443510407 -0.38110910666909253
    outer loop
      vertex -4.724952697753906 11.407045364379883 60.40044403076172
      vertex -5.1268720626831055 12.377366065979004 62.936012268066406
      vertex -2.4087600708007812 12.109655380249023 60.40044403076172
    endloop
  endfacet
  facet normal -0.6782892823241774 0.205756650252964 0.7053990717039765
    outer loop
      vertex -8.20544147491455 3.3988046646118164 77.8221435546875
      vertex -10.614201545715332 2.111295700073242 75.88150787353516
      vertex -8.71084976196289 1.7326955795288086 77.8221435546875
    endloop
  endfacet
  facet normal 0.12434014998862389 -0.15150916689093644 0.9806041502302655
    outer loop
      vertex 2.873671531677246 -2.873671531677246 80.39716339111328
      vertex 0.9703197479248047 -0.9703197479248047 80.93258666992188
      vertex 2.257828712463379 -3.379079818725586 80.39716339111328
    endloop
  endfacet
  facet normal -0.11154570387903755 0.3677170104175603 0.9232235678294299
    outer loop
      vertex -0.7928438186645508 3.9858970642089844 80.39716339111328
      vertex -2.5255393981933594 6.097192764282227 79.34689331054688
      vertex -1.5552196502685547 3.7546329498291016 80.39716339111328
    endloop
  endfacet
  facet normal -0.19505493396428714 -0.019211112732472085 0.9806041535113789
    outer loop
      vertex -1.372239112854004 0 80.93258666992188
      vertex -4.0639848709106445 0 80.39716339111328
      vertex -3.9858970642089844 -0.7928438186645508 80.39716339111328
    endloop
  endfacet
  facet normal 0.5282621448610627 -0.6436894171204377 -0.5537174736216484
    outer loop
      vertex 8.25359058380127 -8.77755355834961 60
      vertex 6.8595685958862305 -10.266069412231445 60.40044403076172
      vertex 6.7109150886535645 -10.043594360351562 60
    endloop
  endfacet
  facet normal 0.528262244042352 -0.6436894684862445 -0.5537173192877703
    outer loop
      vertex 6.8595685958862305 -10.266069412231445 60.40044403076172
      vertex 8.25359058380127 -8.77755355834961 60
      vertex 8.730574607849121 -8.730574607849121 60.40044403076172
    endloop
  endfacet
  facet normal 0.9951847259162125 -0.0980171480051975 0
    outer loop
      vertex 13.664875030517578 -2.718111991882324 68.37223815917969
      vertex 13.932585716247559 0 65.62776184082031
      vertex 13.932585716247559 0 68.37223815917969
    endloop
  endfacet
  facet normal 0.9951847259162125 -0.0980171480051975 0
    outer loop
      vertex 13.932585716247559 0 65.62776184082031
      vertex 13.664875030517578 -2.718111991882324 68.37223815917969
      vertex 13.664875030517578 -2.718111991882324 65.62776184082031
    endloop
  endfacet
  facet normal -0.268377144960928 -0.8847200443510407 -0.38110910666909253
    outer loop
      vertex -2.4087600708007812 -12.109655380249023 60.40044403076172
      vertex -5.1268720626831055 -12.377366065979004 62.936012268066406
      vertex -4.724952697753906 -11.407045364379883 60.40044403076172
    endloop
  endfacet
  facet normal -0.43582046134547114 -0.815362746048811 -0.38110906290504676
    outer loop
      vertex -5.1268720626831055 -12.377366065979004 62.936012268066406
      vertex -6.8595685958862305 -10.266069412231445 60.40044403076172
      vertex -4.724952697753906 -11.407045364379883 60.40044403076172
    endloop
  endfacet
  facet normal -0.6223173884727 -0.7582959901826911 -0.19418614594602387
    outer loop
      vertex -7.740530014038086 -11.584521293640137 65.62776184082031
      vertex -9.473225593566895 -9.473225593566895 62.936012268066406
      vertex -7.443065643310547 -11.139334678649902 62.936012268066406
    endloop
  endfacet
  facet normal 0.73438043533323 -0.3925345150744185 0.5537165616767001
    outer loop
      vertex 11.407045364379883 -4.724952697753906 73.59955596923828
      vertex 8.998285293579102 -6.0124616622924805 75.88150787353516
      vertex 10.266069412231445 -6.8595685958862305 73.59955596923828
    endloop
  endfacet
  facet normal -0.20575699965464928 0.6782893412916686 0.7053989130862273
    outer loop
      vertex -2.111295700073242 10.614201545715332 75.88150787353516
      vertex -4.14145565032959 9.998358726501465 75.88150787353516
      vertex -3.3988046646118164 8.20544147491455 77.8221435546875
    endloop
  endfacet
  facet normal -0.5334216031650472 -0.1618115670751495 0.8302279265584334
    outer loop
      vertex -6.472744941711426 -1.2875089645385742 79.34689331054688
      vertex -8.20544147491455 -3.3988046646118164 77.8221435546875
      vertex -6.097192764282227 -2.5255393981933594 79.34689331054688
    endloop
  endfacet
  facet normal -0.29703961614039703 -0.24377370149521754 0.9232236180376271
    outer loop
      vertex -3.379079818725586 -2.257828712463379 80.39716339111328
      vertex -5.48732852935791 -3.666515350341797 79.34689331054688
      vertex -2.873671531677246 -2.873671531677246 80.39716339111328
    endloop
  endfacet
  facet normal -0.08161923927980065 -0.8286954919774547 0.5537166074406932
    outer loop
      vertex -2.111295700073242 -10.614201545715332 75.88150787353516
      vertex -2.4087600708007812 -12.109655380249023 73.59955596923828
      vertex 0 -12.34689712524414 73.59955596923828
    endloop
  endfacet
  facet normal 0.268377144960928 -0.8847200443510407 0.38110910666909253
    outer loop
      vertex 4.724952697753906 -11.407045364379883 73.59955596923828
      vertex 2.4087600708007812 -12.109655380249023 73.59955596923828
      vertex 5.1268720626831055 -12.377366065979004 71.0639877319336
    endloop
  endfacet
  facet normal -0.7146714607221188 -0.5865156651367861 -0.38110901036116474
    outer loop
      vertex -9.473225593566895 -9.473225593566895 62.936012268066406
      vertex -11.139334678649902 -7.443065643310547 62.936012268066406
      vertex -8.730574607849121 -8.730574607849121 60.40044403076172
    endloop
  endfacet
  facet normal 0.09615124507048674 -0.9762411057900366 0.19418610001038095
    outer loop
      vertex 0 -13.397164344787598 71.0639877319336
      vertex 0 -13.932585716247559 68.37223815917969
      vertex 2.613656997680664 -13.139741897583008 71.0639877319336
    endloop
  endfacet
  facet normal -0.5865156565813227 -0.7146714638448106 0.3811090176719721
    outer loop
      vertex -6.8595685958862305 -10.266069412231445 73.59955596923828
      vertex -8.730574607849121 -8.730574607849121 73.59955596923828
      vertex -7.443065643310547 -11.139334678649902 71.0639877319336
    endloop
  endfacet
  facet normal -0.9387246787714082 -0.28475923003280296 0.19418588614171167
    outer loop
      vertex -12.377366065979004 -5.1268720626831055 71.0639877319336
      vertex -13.664875030517578 -2.718111991882324 68.37223815917969
      vertex -12.872030258178711 -5.331768989562988 68.37223815917969
    endloop
  endfacet
  facet normal -0.9762411057900366 0.09615124507048674 0.19418610001038095
    outer loop
      vertex -13.139741897583008 2.613656997680664 71.0639877319336
      vertex -13.932585716247559 0 68.37223815917969
      vertex -13.397164344787598 0 71.0639877319336
    endloop
  endfacet
  facet normal -0.8651336099866636 -0.4624235954866429 0.1941861354696805
    outer loop
      vertex -11.139334678649902 -7.443065643310547 71.0639877319336
      vertex -12.377366065979004 -5.1268720626831055 71.0639877319336
      vertex -11.584521293640137 -7.740530014038086 68.37223815917969
    endloop
  endfacet
  facet normal -0.7582959752143975 -0.62231741588016 0.19418611656317208
    outer loop
      vertex -9.473225593566895 -9.473225593566895 71.0639877319336
      vertex -11.584521293640137 -7.740530014038086 68.37223815917969
      vertex -9.851825714111328 -9.851825714111328 68.37223815917969
    endloop
  endfacet
  facet normal -0.43582050791561705 -0.8153627388379017 0.3811090250767218
    outer loop
      vertex -6.8595685958862305 -10.266069412231445 73.59955596923828
      vertex -7.443065643310547 -11.139334678649902 71.0639877319336
      vertex -5.1268720626831055 -12.377366065979004 71.0639877319336
    endloop
  endfacet
  facet normal 0.5282625815294795 -0.6436897804156972 0.5537166347006396
    outer loop
      vertex 7.652412414550781 -7.652412414550781 75.88150787353516
      vertex 6.0124616622924805 -8.998285293579102 75.88150787353516
      vertex 8.730574607849121 -8.730574607849121 73.59955596923828
    endloop
  endfacet
  facet normal 0.6436899429277844 0.5282620128842695 -0.5537169882865123
    outer loop
      vertex 8.77755355834961 8.25359058380127 60
      vertex 8.541375160217285 8.541375160217285 60
      vertex 8.730574607849121 8.730574607849121 60.40044403076172
    endloop
  endfacet
  facet normal 0.9200782407102845 -0.09061963871128886 -0.3811090553257735
    outer loop
      vertex 13.397164344787598 0 62.936012268066406
      vertex 12.109655380249023 -2.4087600708007812 60.40044403076172
      vertex 12.34689712524414 0 60.40044403076172
    endloop
  endfacet
  facet normal 0.8651337631816415 0.46242340535383014 -0.19418590572989286
    outer loop
      vertex 12.377366065979004 5.1268720626831055 62.936012268066406
      vertex 11.584521293640137 7.740530014038086 65.62776184082031
      vertex 12.872030258178711 5.331768989562988 65.62776184082031
    endloop
  endfacet
  facet normal 0.6436897804156972 -0.5282625815294795 0.5537166347006396
    outer loop
      vertex 8.998285293579102 -6.0124616622924805 75.88150787353516
      vertex 7.652412414550781 -7.652412414550781 75.88150787353516
      vertex 8.730574607849121 -8.730574607849121 73.59955596923828
    endloop
  endfacet
  facet normal 0.92007825403942 -0.09061969339692671 0.3811090101433178
    outer loop
      vertex 13.397164344787598 0 71.0639877319336
      vertex 12.109655380249023 -2.4087600708007812 73.59955596923828
      vertex 13.139741897583008 -2.613656997680664 71.0639877319336
    endloop
  endfacet
  facet normal 0.7146714638448107 -0.5865156565813227 0.38110901767197214
    outer loop
      vertex 10.266069412231445 -6.8595685958862305 73.59955596923828
      vertex 8.730574607849121 -8.730574607849121 73.59955596923828
      vertex 11.139334678649902 -7.443065643310547 71.0639877319336
    endloop
  endfacet
  facet normal 0.9762411057900366 -0.09615124507048674 0.19418610001038095
    outer loop
      vertex 13.397164344787598 0 71.0639877319336
      vertex 13.139741897583008 -2.613656997680664 71.0639877319336
      vertex 13.932585716247559 0 68.37223815917969
    endloop
  endfacet
  facet normal 0.7582959901826911 -0.6223173884727 0.19418614594602387
    outer loop
      vertex 11.139334678649902 -7.443065643310547 71.0639877319336
      vertex 9.473225593566895 -9.473225593566895 71.0639877319336
      vertex 11.584521293640137 -7.740530014038086 68.37223815917969
    endloop
  endfacet
  facet normal 0.9387246787714082 -0.28475923003280296 0.19418588614171167
    outer loop
      vertex 13.664875030517578 -2.718111991882324 68.37223815917969
      vertex 12.377366065979004 -5.1268720626831055 71.0639877319336
      vertex 12.872030258178711 -5.331768989562988 68.37223815917969
    endloop
  endfacet
  facet normal 0.8847201168570356 -0.2683770458876422 -0.38110900811853776
    outer loop
      vertex 12.377366065979004 -5.1268720626831055 62.936012268066406
      vertex 12.109655380249023 -2.4087600708007812 60.40044403076172
      vertex 13.139741897583008 -2.613656997680664 62.936012268066406
    endloop
  endfacet
  facet normal 0.43582046134547114 -0.815362746048811 0.38110906290504676
    outer loop
      vertex 6.8595685958862305 -10.266069412231445 73.59955596923828
      vertex 4.724952697753906 -11.407045364379883 73.59955596923828
      vertex 5.1268720626831055 -12.377366065979004 71.0639877319336
    endloop
  endfacet
  facet normal 0.09061969339692671 -0.92007825403942 -0.3811090101433178
    outer loop
      vertex 2.613656997680664 -13.139741897583008 62.936012268066406
      vertex 0 -13.397164344787598 62.936012268066406
      vertex 2.4087600708007812 -12.109655380249023 60.40044403076172
    endloop
  endfacet
  facet normal 0.18755911744128925 0.056895116439667784 0.9806041623356293
    outer loop
      vertex 3.9858970642089844 0.7928438186645508 80.39716339111328
      vertex 1.2677841186523438 0.5251331329345703 80.93258666992188
      vertex 1.345871925354004 0.26771068572998047 80.93258666992188
    endloop
  endfacet
  facet normal 0.1950549019622875 0.01921122109418209 0.9806041577540617
    outer loop
      vertex 3.9858970642089844 0.7928438186645508 80.39716339111328
      vertex 1.345871925354004 0.26771068572998047 80.93258666992188
      vertex 1.372239112854004 0 80.93258666992188
    endloop
  endfacet
  facet normal 0.625115094450693 0.33413094051099784 0.7053989178352467
    outer loop
      vertex 8.998285293579102 6.0124616622924805 75.88150787353516
      vertex 8.20544147491455 3.3988046646118164 77.8221435546875
      vertex 9.998358726501465 4.14145565032959 75.88150787353516
    endloop
  endfacet
  facet normal -0.17285516529508393 -0.09239356855085509 0.9806041608729018
    outer loop
      vertex -1.2677841186523438 -0.5251331329345703 80.93258666992188
      vertex -3.379079818725586 -2.257828712463379 80.39716339111328
      vertex -1.140974998474121 -0.7623748779296875 80.93258666992188
    endloop
  endfacet
  facet normal -0.35362616660736923 0.43089470975195615 0.8302278502907227
    outer loop
      vertex -4.934299468994141 7.384701728820801 77.8221435546875
      vertex -6.280172348022461 6.280172348022461 77.8221435546875
      vertex -3.666515350341797 5.48732852935791 79.34689331054688
    endloop
  endfacet
  facet normal 0.29703961614039703 0.24377370149521754 0.9232236180376271
    outer loop
      vertex 5.48732852935791 3.666515350341797 79.34689331054688
      vertex 2.873671531677246 2.873671531677246 80.39716339111328
      vertex 3.379079818725586 2.257828712463379 80.39716339111328
    endloop
  endfacet
  facet normal 0.7053972299620622 0.06947580126448234 0.705399079245577
    outer loop
      vertex 10.614201545715332 2.111295700073242 75.88150787353516
      vertex 8.71084976196289 1.7326955795288086 77.8221435546875
      vertex 8.881505966186523 0 77.8221435546875
    endloop
  endfacet
  facet normal 0.20575699965464928 0.6782893412916686 0.7053989130862273
    outer loop
      vertex 4.14145565032959 9.998358726501465 75.88150787353516
      vertex 2.111295700073242 10.614201545715332 75.88150787353516
      vertex 3.3988046646118164 8.20544147491455 77.8221435546875
    endloop
  endfacet
  facet normal -0.8286954919774547 0.08161923927980065 0.5537166074406932
    outer loop
      vertex -12.109655380249023 2.4087600708007812 73.59955596923828
      vertex -12.34689712524414 0 73.59955596923828
      vertex -10.614201545715332 2.111295700073242 75.88150787353516
    endloop
  endfacet
  facet normal -0.7053972299620622 -0.06947580126448234 0.705399079245577
    outer loop
      vertex -8.881505966186523 0 77.8221435546875
      vertex -10.614201545715332 -2.111295700073242 75.88150787353516
      vertex -8.71084976196289 -1.7326955795288086 77.8221435546875
    endloop
  endfacet
  facet normal -0.5334216129248355 0.16181155608395956 0.8302279224299522
    outer loop
      vertex -8.20544147491455 3.3988046646118164 77.8221435546875
      vertex -8.71084976196289 1.7326955795288086 77.8221435546875
      vertex -6.472744941711426 1.2875089645385742 79.34689331054688
    endloop
  endfacet
  facet normal -0.38241291438614977 0.037664549571099125 0.9232235615582488
    outer loop
      vertex -6.472744941711426 1.2875089645385742 79.34689331054688
      vertex -6.599554061889648 0 79.34689331054688
      vertex -3.9858970642089844 0.7928438186645508 80.39716339111328
    endloop
  endfacet
  facet normal 0.3341311192651769 0.6251148431107239 0.7053990558976211
    outer loop
      vertex 6.0124616622924805 8.998285293579102 75.88150787353516
      vertex 3.3988046646118164 8.20544147491455 77.8221435546875
      vertex 4.934299468994141 7.384701728820801 77.8221435546875
    endloop
  endfacet
  facet normal -0.5865156651367861 0.7146714607221188 0.38110901036116474
    outer loop
      vertex -7.443065643310547 11.139334678649902 71.0639877319336
      vertex -9.473225593566895 9.473225593566895 71.0639877319336
      vertex -8.730574607849121 8.730574607849121 73.59955596923828
    endloop
  endfacet
  facet normal -0.5282621448610627 0.6436894171204377 -0.5537174736216484
    outer loop
      vertex -8.25359058380127 8.77755355834961 60
      vertex -6.8595685958862305 10.266069412231445 60.40044403076172
      vertex -6.7109150886535645 10.043594360351562 60
    endloop
  endfacet
  facet normal -0.528262244042352 0.6436894684862445 -0.5537173192877703
    outer loop
      vertex -6.8595685958862305 10.266069412231445 60.40044403076172
      vertex -8.25359058380127 8.77755355834961 60
      vertex -8.730574607849121 8.730574607849121 60.40044403076172
    endloop
  endfacet
  facet normal -0.2683770458876422 0.8847201168570356 -0.38110900811853776
    outer loop
      vertex -2.4087600708007812 12.109655380249023 60.40044403076172
      vertex -5.1268720626831055 12.377366065979004 62.936012268066406
      vertex -2.613656997680664 13.139741897583008 62.936012268066406
    endloop
  endfacet
  facet normal 0.2847591609865664 0.9387246861999495 0.19418595148216275
    outer loop
      vertex 2.718111991882324 13.664875030517578 68.37223815917969
      vertex 2.613656997680664 13.139741897583008 71.0639877319336
      vertex 5.1268720626831055 12.377366065979004 71.0639877319336
    endloop
  endfacet
  facet normal -0.6343932791997419 0.7730104574365074 0
    outer loop
      vertex -7.740530014038086 11.584521293640137 65.62776184082031
      vertex -9.851825714111328 9.851825714111328 68.37223815917969
      vertex -7.740530014038086 11.584521293640137 68.37223815917969
    endloop
  endfacet
  facet normal -0.6343932791997419 0.7730104574365074 0
    outer loop
      vertex -9.851825714111328 9.851825714111328 68.37223815917969
      vertex -7.740530014038086 11.584521293640137 65.62776184082031
      vertex -9.851825714111328 9.851825714111328 65.62776184082031
    endloop
  endfacet
  facet normal -0.8847201168570356 0.2683770458876422 0.38110900811853776
    outer loop
      vertex -12.377366065979004 5.1268720626831055 71.0639877319336
      vertex -13.139741897583008 2.613656997680664 71.0639877319336
      vertex -12.109655380249023 2.4087600708007812 73.59955596923828
    endloop
  endfacet
  facet normal -0.46242340535383014 0.8651337631816415 0.19418590572989286
    outer loop
      vertex -5.331768989562988 12.872030258178711 68.37223815917969
      vertex -7.740530014038086 11.584521293640137 68.37223815917969
      vertex -5.1268720626831055 12.377366065979004 71.0639877319336
    endloop
  endfacet
  facet normal -0.6223173884727 0.7582959901826911 0.19418614594602387
    outer loop
      vertex -7.740530014038086 11.584521293640137 68.37223815917969
      vertex -9.473225593566895 9.473225593566895 71.0639877319336
      vertex -7.443065643310547 11.139334678649902 71.0639877319336
    endloop
  endfacet
  facet normal -0.7968491159794536 0.2417217451319044 0.5537166100932406
    outer loop
      vertex -9.998358726501465 4.14145565032959 75.88150787353516
      vertex -12.109655380249023 2.4087600708007812 73.59955596923828
      vertex -10.614201545715332 2.111295700073242 75.88150787353516
    endloop
  endfacet
  facet normal -0.815362746048811 0.43582046134547114 0.38110906290504676
    outer loop
      vertex -10.266069412231445 6.8595685958862305 73.59955596923828
      vertex -12.377366065979004 5.1268720626831055 71.0639877319336
      vertex -11.407045364379883 4.724952697753906 73.59955596923828
    endloop
  endfacet
  facet normal -0.8286951063584332 -0.08161893712062102 -0.5537172290988289
    outer loop
      vertex -12.109655380249023 -2.4087600708007812 60.40044403076172
      vertex -12.042837142944336 -0.3704976439476013 60
      vertex -11.847228050231934 -2.356559991836548 60
    endloop
  endfacet
  facet normal -0.8286944714696496 -0.08161913876873048 -0.553718149551095
    outer loop
      vertex -12.042837142944336 -0.3704976439476013 60
      vertex -12.109655380249023 -2.4087600708007812 60.40044403076172
      vertex -12.34689712524414 0 60.40044403076172
    endloop
  endfacet
  facet normal -0.6436899429277844 0.5282620128842695 -0.5537169882865123
    outer loop
      vertex -8.541375160217285 8.541375160217285 60
      vertex -8.77755355834961 8.25359058380127 60
      vertex -8.730574607849121 8.730574607849121 60.40044403076172
    endloop
  endfacet
  facet normal -0.5865156565813227 -0.7146714638448106 -0.3811090176719721
    outer loop
      vertex -7.443065643310547 -11.139334678649902 62.936012268066406
      vertex -8.730574607849121 -8.730574607849121 60.40044403076172
      vertex -6.8595685958862305 -10.266069412231445 60.40044403076172
    endloop
  endfacet
  facet normal -0.815362746048811 -0.43582046134547114 -0.38110906290504676
    outer loop
      vertex -10.266069412231445 -6.8595685958862305 60.40044403076172
      vertex -12.377366065979004 -5.1268720626831055 62.936012268066406
      vertex -11.407045364379883 -4.724952697753906 60.40044403076172
    endloop
  endfacet
  facet normal -0.976241116529593 -0.09615136518453424 -0.19418598654435387
    outer loop
      vertex -13.664875030517578 -2.718111991882324 65.62776184082031
      vertex -13.932585716247559 0 65.62776184082031
      vertex -13.139741897583008 -2.613656997680664 62.936012268066406
    endloop
  endfacet
  facet normal 0.8847200443510407 0.268377144960928 0.38110910666909253
    outer loop
      vertex 12.377366065979004 5.1268720626831055 71.0639877319336
      vertex 11.407045364379883 4.724952697753906 73.59955596923828
      vertex 12.109655380249023 2.4087600708007812 73.59955596923828
    endloop
  endfacet
  facet normal -0.09615124507048674 0.9762411057900366 0.19418610001038095
    outer loop
      vertex 0 13.932585716247559 68.37223815917969
      vertex -2.613656997680664 13.139741897583008 71.0639877319336
      vertex 0 13.397164344787598 71.0639877319336
    endloop
  endfacet
  facet normal 0.5865156651367861 0.7146714607221188 -0.38110901036116474
    outer loop
      vertex 8.730574607849121 8.730574607849121 60.40044403076172
      vertex 7.443065643310547 11.139334678649902 62.936012268066406
      vertex 9.473225593566895 9.473225593566895 62.936012268066406
    endloop
  endfacet
  facet normal 0.8847201168570356 0.2683770458876422 -0.38110900811853776
    outer loop
      vertex 13.139741897583008 2.613656997680664 62.936012268066406
      vertex 12.109655380249023 2.4087600708007812 60.40044403076172
      vertex 12.377366065979004 5.1268720626831055 62.936012268066406
    endloop
  endfacet
  facet normal 0.08162058571460724 0.8286949703614294 -0.5537171896241564
    outer loop
      vertex 0.3704976439476013 12.042837142944336 60
      vertex 0 12.079328536987305 60
      vertex 0 12.34689712524414 60.40044403076172
    endloop
  endfacet
  facet normal -0.09615124507048674 0.9762411057900366 -0.19418610001038095
    outer loop
      vertex 0 13.397164344787598 62.936012268066406
      vertex -2.613656997680664 13.139741897583008 62.936012268066406
      vertex 0 13.932585716247559 65.62776184082031
    endloop
  endfacet
  facet normal -0.09061969339692671 0.92007825403942 -0.3811090101433178
    outer loop
      vertex -2.4087600708007812 12.109655380249023 60.40044403076172
      vertex -2.613656997680664 13.139741897583008 62.936012268066406
      vertex 0 13.397164344787598 62.936012268066406
    endloop
  endfacet
  facet normal 0.3925356707822219 0.7343795006524653 -0.5537169820269078
    outer loop
      vertex 4.9508891105651855 10.984347343444824 60
      vertex 4.62255859375 11.159844398498535 60
      vertex 4.724952697753906 11.407045364379883 60.40044403076172
    endloop
  endfacet
  facet normal -0.08162058571460724 0.8286949703614294 -0.5537171896241564
    outer loop
      vertex 0 12.079328536987305 60
      vertex -0.3704976439476013 12.042837142944336 60
      vertex 0 12.34689712524414 60.40044403076172
    endloop
  endfacet
  facet normal -0.38241281276647054 0.037664136492663654 0.9232236205028
    outer loop
      vertex -3.9858970642089844 0.7928438186645508 80.39716339111328
      vertex -6.599554061889648 0 79.34689331054688
      vertex -4.0639848709106445 0 80.39716339111328
    endloop
  endfacet
  facet normal -0.38241281276647054 -0.037664136492663654 0.9232236205028
    outer loop
      vertex -4.0639848709106445 0 80.39716339111328
      vertex -6.599554061889648 0 79.34689331054688
      vertex -3.9858970642089844 -0.7928438186645508 80.39716339111328
    endloop
  endfacet
  facet normal -0.24377370149521754 0.29703961614039703 0.9232236180376271
    outer loop
      vertex -2.257828712463379 3.379079818725586 80.39716339111328
      vertex -3.666515350341797 5.48732852935791 79.34689331054688
      vertex -2.873671531677246 2.873671531677246 80.39716339111328
    endloop
  endfacet
  facet normal 0.1811404149871834 0.33888994570769193 0.9232235670499908
    outer loop
      vertex 2.5255393981933594 6.097192764282227 79.34689331054688
      vertex 1.5552196502685547 3.7546329498291016 80.39716339111328
      vertex 3.666515350341797 5.48732852935791 79.34689331054688
    endloop
  endfacet
  facet normal -0.36771703576435794 0.11154566939961233 0.9232235618997526
    outer loop
      vertex -6.097192764282227 2.5255393981933594 79.34689331054688
      vertex -6.472744941711426 1.2875089645385742 79.34689331054688
      vertex -3.9858970642089844 0.7928438186645508 80.39716339111328
    endloop
  endfacet
  facet normal 0.037664549571099125 -0.38241291438614977 0.9232235615582488
    outer loop
      vertex 0.7928438186645508 -3.9858970642089844 80.39716339111328
      vertex 0 -6.599554061889648 79.34689331054688
      vertex 1.2875089645385742 -6.472744941711426 79.34689331054688
    endloop
  endfacet
  facet normal 0.5865156651367861 -0.7146714607221188 -0.38110901036116474
    outer loop
      vertex 9.473225593566895 -9.473225593566895 62.936012268066406
      vertex 7.443065643310547 -11.139334678649902 62.936012268066406
      vertex 8.730574607849121 -8.730574607849121 60.40044403076172
    endloop
  endfacet
  facet normal -0.4624235954866429 -0.8651336099866636 -0.1941861354696805
    outer loop
      vertex -5.1268720626831055 -12.377366065979004 62.936012268066406
      vertex -7.740530014038086 -11.584521293640137 65.62776184082031
      vertex -7.443065643310547 -11.139334678649902 62.936012268066406
    endloop
  endfacet
  facet normal -0.7582959901826911 -0.6223173884727 -0.19418614594602387
    outer loop
      vertex -9.473225593566895 -9.473225593566895 62.936012268066406
      vertex -11.584521293640137 -7.740530014038086 65.62776184082031
      vertex -11.139334678649902 -7.443065643310547 62.936012268066406
    endloop
  endfacet
  facet normal -0.1811404149871834 -0.33888994570769193 0.9232235670499908
    outer loop
      vertex -1.5552196502685547 -3.7546329498291016 80.39716339111328
      vertex -3.666515350341797 -5.48732852935791 79.34689331054688
      vertex -2.5255393981933594 -6.097192764282227 79.34689331054688
    endloop
  endfacet
  facet normal 0.05689541061533121 -0.18755908627943862 0.980604151227668
    outer loop
      vertex 1.5552196502685547 -3.7546329498291016 80.39716339111328
      vertex 0.5251331329345703 -1.2677841186523438 80.93258666992188
      vertex 0.7928438186645508 -3.9858970642089844 80.39716339111328
    endloop
  endfacet
  facet normal -0.15150927810183168 0.12433994556163501 0.9806041589687408
    outer loop
      vertex -0.9703197479248047 0.9703197479248047 80.93258666992188
      vertex -3.379079818725586 2.257828712463379 80.39716339111328
      vertex -1.140974998474121 0.7623748779296875 80.93258666992188
    endloop
  endfacet
  facet normal -0.205756650252964 -0.6782892823241774 0.7053990717039765
    outer loop
      vertex -1.7326955795288086 -8.71084976196289 77.8221435546875
      vertex -3.3988046646118164 -8.20544147491455 77.8221435546875
      vertex -2.111295700073242 -10.614201545715332 75.88150787353516
    endloop
  endfacet
  facet normal -0.4496645712762535 -0.5479178387298145 0.7053990468809781
    outer loop
      vertex -4.934299468994141 -7.384701728820801 77.8221435546875
      vertex -6.280172348022461 -6.280172348022461 77.8221435546875
      vertex -6.0124616622924805 -8.998285293579102 75.88150787353516
    endloop
  endfacet
  facet normal -0.5479178387298145 -0.4496645712762535 0.7053990468809781
    outer loop
      vertex -7.384701728820801 -4.934299468994141 77.8221435546875
      vertex -8.998285293579102 -6.0124616622924805 75.88150787353516
      vertex -6.280172348022461 -6.280172348022461 77.8221435546875
    endloop
  endfacet
  facet normal -0.49160414819585563 -0.26276784112806717 0.8302279344526551
    outer loop
      vertex -6.097192764282227 -2.5255393981933594 79.34689331054688
      vertex -8.20544147491455 -3.3988046646118164 77.8221435546875
      vertex -5.48732852935791 -3.666515350341797 79.34689331054688
    endloop
  endfacet
  facet normal -0.36771703576435794 -0.11154566939961233 0.9232235618997526
    outer loop
      vertex -3.9858970642089844 -0.7928438186645508 80.39716339111328
      vertex -6.472744941711426 -1.2875089645385742 79.34689331054688
      vertex -6.097192764282227 -2.5255393981933594 79.34689331054688
    endloop
  endfacet
  facet normal -0.5334216129248355 -0.16181155608395956 0.8302279224299522
    outer loop
      vertex -6.472744941711426 -1.2875089645385742 79.34689331054688
      vertex -8.71084976196289 -1.7326955795288086 77.8221435546875
      vertex -8.20544147491455 -3.3988046646118164 77.8221435546875
    endloop
  endfacet
  facet normal -0.2417217451319044 -0.7968491159794536 0.5537166100932406
    outer loop
      vertex -2.111295700073242 -10.614201545715332 75.88150787353516
      vertex -4.14145565032959 -9.998358726501465 75.88150787353516
      vertex -2.4087600708007812 -12.109655380249023 73.59955596923828
    endloop
  endfacet
  facet normal -0.46242340535383014 -0.8651337631816415 0.19418590572989286
    outer loop
      vertex -5.1268720626831055 -12.377366065979004 71.0639877319336
      vertex -7.740530014038086 -11.584521293640137 68.37223815917969
      vertex -5.331768989562988 -12.872030258178711 68.37223815917969
    endloop
  endfacet
  facet normal -0.0546373002146321 -0.55473991695739 0.8302279144664819
    outer loop
      vertex 0 -6.599554061889648 79.34689331054688
      vertex -1.7326955795288086 -8.71084976196289 77.8221435546875
      vertex 0 -8.881505966186523 77.8221435546875
    endloop
  endfacet
  facet normal -0.06947580126448234 -0.7053972299620622 0.705399079245577
    outer loop
      vertex -1.7326955795288086 -8.71084976196289 77.8221435546875
      vertex -2.111295700073242 -10.614201545715332 75.88150787353516
      vertex 0 -8.881505966186523 77.8221435546875
    endloop
  endfacet
  facet normal -0.09615136518453424 -0.9762411165295931 -0.1941859865443539
    outer loop
      vertex 0 -13.932585716247559 65.62776184082031
      vertex -2.718111991882324 -13.664875030517578 65.62776184082031
      vertex -2.613656997680664 -13.139741897583008 62.936012268066406
    endloop
  endfacet
  facet normal -0.2683770458876422 -0.8847201168570356 -0.38110900811853776
    outer loop
      vertex -2.613656997680664 -13.139741897583008 62.936012268066406
      vertex -5.1268720626831055 -12.377366065979004 62.936012268066406
      vertex -2.4087600708007812 -12.109655380249023 60.40044403076172
    endloop
  endfacet
  facet normal -0.0980171480051975 -0.9951847259162125 0
    outer loop
      vertex -2.718111991882324 -13.664875030517578 65.62776184082031
      vertex 0 -13.932585716247559 68.37223815917969
      vertex -2.718111991882324 -13.664875030517578 68.37223815917969
    endloop
  endfacet
  facet normal -0.0980171480051975 -0.9951847259162125 0
    outer loop
      vertex 0 -13.932585716247559 68.37223815917969
      vertex -2.718111991882324 -13.664875030517578 65.62776184082031
      vertex 0 -13.932585716247559 65.62776184082031
    endloop
  endfacet
  facet normal -0.268377144960928 -0.8847200443510407 0.38110910666909253
    outer loop
      vertex -4.724952697753906 -11.407045364379883 73.59955596923828
      vertex -5.1268720626831055 -12.377366065979004 71.0639877319336
      vertex -2.4087600708007812 -12.109655380249023 73.59955596923828
    endloop
  endfacet
  facet normal -0.8651337631816415 -0.46242340535383014 0.19418590572989286
    outer loop
      vertex -12.377366065979004 -5.1268720626831055 71.0639877319336
      vertex -12.872030258178711 -5.331768989562988 68.37223815917969
      vertex -11.584521293640137 -7.740530014038086 68.37223815917969
    endloop
  endfacet
  facet normal -0.8847201168570356 -0.2683770458876422 0.38110900811853776
    outer loop
      vertex -12.109655380249023 -2.4087600708007812 73.59955596923828
      vertex -13.139741897583008 -2.613656997680664 71.0639877319336
      vertex -12.377366065979004 -5.1268720626831055 71.0639877319336
    endloop
  endfacet
  facet normal -0.8847200443510407 -0.268377144960928 0.38110910666909253
    outer loop
      vertex -12.109655380249023 -2.4087600708007812 73.59955596923828
      vertex -12.377366065979004 -5.1268720626831055 71.0639877319336
      vertex -11.407045364379883 -4.724952697753906 73.59955596923828
    endloop
  endfacet
  facet normal -0.9387246861999495 0.2847591609865664 0.19418595148216275
    outer loop
      vertex -12.377366065979004 5.1268720626831055 71.0639877319336
      vertex -13.664875030517578 2.718111991882324 68.37223815917969
      vertex -13.139741897583008 2.613656997680664 71.0639877319336
    endloop
  endfacet
  facet normal -0.976241116529593 -0.09615136518453424 0.19418598654435387
    outer loop
      vertex -13.139741897583008 -2.613656997680664 71.0639877319336
      vertex -13.932585716247559 0 68.37223815917969
      vertex -13.664875030517578 -2.718111991882324 68.37223815917969
    endloop
  endfacet
  facet normal -0.7146714638448107 -0.5865156565813227 0.38110901767197214
    outer loop
      vertex -10.266069412231445 -6.8595685958862305 73.59955596923828
      vertex -11.139334678649902 -7.443065643310547 71.0639877319336
      vertex -8.730574607849121 -8.730574607849121 73.59955596923828
    endloop
  endfacet
  facet normal -0.62231741588016 -0.7582959752143974 0.19418611656317206
    outer loop
      vertex -9.473225593566895 -9.473225593566895 71.0639877319336
      vertex -9.851825714111328 -9.851825714111328 68.37223815917969
      vertex -7.740530014038086 -11.584521293640137 68.37223815917969
    endloop
  endfacet
  facet normal -0.815362746048811 -0.43582046134547114 0.38110906290504676
    outer loop
      vertex -11.407045364379883 -4.724952697753906 73.59955596923828
      vertex -12.377366065979004 -5.1268720626831055 71.0639877319336
      vertex -10.266069412231445 -6.8595685958862305 73.59955596923828
    endloop
  endfacet
  facet normal -0.73438043533323 -0.3925345150744185 0.5537165616767001
    outer loop
      vertex -8.998285293579102 -6.0124616622924805 75.88150787353516
      vertex -11.407045364379883 -4.724952697753906 73.59955596923828
      vertex -10.266069412231445 -6.8595685958862305 73.59955596923828
    endloop
  endfacet
  facet normal -0.3341309405109979 -0.6251150944506931 0.7053989178352468
    outer loop
      vertex -3.3988046646118164 -8.20544147491455 77.8221435546875
      vertex -6.0124616622924805 -8.998285293579102 75.88150787353516
      vertex -4.14145565032959 -9.998358726501465 75.88150787353516
    endloop
  endfacet
  facet normal -0.24172176592880437 -0.7968491188185125 0.5537165969288084
    outer loop
      vertex -4.14145565032959 -9.998358726501465 75.88150787353516
      vertex -4.724952697753906 -11.407045364379883 73.59955596923828
      vertex -2.4087600708007812 -12.109655380249023 73.59955596923828
    endloop
  endfacet
  facet normal 0.8286944714696496 -0.08161913876873048 -0.553718149551095
    outer loop
      vertex 12.109655380249023 -2.4087600708007812 60.40044403076172
      vertex 12.042837142944336 -0.3704976439476013 60
      vertex 12.34689712524414 0 60.40044403076172
    endloop
  endfacet
  facet normal 0.8286951063584332 -0.08161893712062102 -0.5537172290988289
    outer loop
      vertex 12.042837142944336 -0.3704976439476013 60
      vertex 12.109655380249023 -2.4087600708007812 60.40044403076172
      vertex 11.847228050231934 -2.356559991836548 60
    endloop
  endfacet
  facet normal 0.7146714638448107 -0.5865156565813227 -0.38110901767197214
    outer loop
      vertex 11.139334678649902 -7.443065643310547 62.936012268066406
      vertex 8.730574607849121 -8.730574607849121 60.40044403076172
      vertex 10.266069412231445 -6.8595685958862305 60.40044403076172
    endloop
  endfacet
  facet normal 0.8153627388379017 -0.43582050791561705 -0.3811090250767218
    outer loop
      vertex 11.139334678649902 -7.443065643310547 62.936012268066406
      vertex 10.266069412231445 -6.8595685958862305 60.40044403076172
      vertex 12.377366065979004 -5.1268720626831055 62.936012268066406
    endloop
  endfacet
  facet normal 0.7343800516370912 0.3925341062591323 -0.5537173603751715
    outer loop
      vertex 10.266069412231445 6.8595685958862305 60.40044403076172
      vertex 10.984347343444824 4.9508891105651855 60
      vertex 10.043594360351562 6.7109150886535645 60
    endloop
  endfacet
  facet normal 0.7343795980472934 0.39253406753576775 -0.55371798940952
    outer loop
      vertex 10.984347343444824 4.9508891105651855 60
      vertex 10.266069412231445 6.8595685958862305 60.40044403076172
      vertex 11.407045364379883 4.724952697753906 60.40044403076172
    endloop
  endfacet
  facet normal 0.976241116529593 0.09615136518453424 0.19418598654435387
    outer loop
      vertex 13.664875030517578 2.718111991882324 68.37223815917969
      vertex 13.139741897583008 2.613656997680664 71.0639877319336
      vertex 13.932585716247559 0 68.37223815917969
    endloop
  endfacet
  facet normal 0.7968486097445082 -0.24172161150274754 -0.5537173969460949
    outer loop
      vertex 11.407045364379883 -4.724952697753906 60.40044403076172
      vertex 11.739157676696777 -2.7128195762634277 60
      vertex 12.109655380249023 -2.4087600708007812 60.40044403076172
    endloop
  endfacet
  facet normal 0.7968488778965002 -0.24172158156477425 -0.5537170241205456
    outer loop
      vertex 11.739157676696777 -2.7128195762634277 60
      vertex 11.407045364379883 -4.724952697753906 60.40044403076172
      vertex 11.159844398498535 -4.62255859375 60
    endloop
  endfacet
  facet normal 0.8286949703614294 0.08162058571460724 -0.5537171896241564
    outer loop
      vertex 12.079328536987305 0 60
      vertex 12.042837142944336 0.3704976439476013 60
      vertex 12.34689712524414 0 60.40044403076172
    endloop
  endfacet
  facet normal 0.8651337631816415 0.46242340535383014 0.19418590572989286
    outer loop
      vertex 12.872030258178711 5.331768989562988 68.37223815917969
      vertex 11.584521293640137 7.740530014038086 68.37223815917969
      vertex 12.377366065979004 5.1268720626831055 71.0639877319336
    endloop
  endfacet
  facet normal 0.8847201168570356 0.2683770458876422 0.38110900811853776
    outer loop
      vertex 12.377366065979004 5.1268720626831055 71.0639877319336
      vertex 12.109655380249023 2.4087600708007812 73.59955596923828
      vertex 13.139741897583008 2.613656997680664 71.0639877319336
    endloop
  endfacet
  facet normal 0.5334216129248355 0.16181155608395956 0.8302279224299522
    outer loop
      vertex 8.20544147491455 3.3988046646118164 77.8221435546875
      vertex 6.472744941711426 1.2875089645385742 79.34689331054688
      vertex 8.71084976196289 1.7326955795288086 77.8221435546875
    endloop
  endfacet
  facet normal 0.6782892823241774 0.205756650252964 0.7053990717039765
    outer loop
      vertex 10.614201545715332 2.111295700073242 75.88150787353516
      vertex 8.20544147491455 3.3988046646118164 77.8221435546875
      vertex 8.71084976196289 1.7326955795288086 77.8221435546875
    endloop
  endfacet
  facet normal 0.8286954644404053 -0.08161915941336158 0.5537166604253093
    outer loop
      vertex 10.822145462036133 0 75.88150787353516
      vertex 10.614201545715332 -2.111295700073242 75.88150787353516
      vertex 12.34689712524414 0 73.59955596923828
    endloop
  endfacet
  facet normal 0.9200782407102845 -0.09061963871128886 0.3811090553257735
    outer loop
      vertex 12.34689712524414 0 73.59955596923828
      vertex 12.109655380249023 -2.4087600708007812 73.59955596923828
      vertex 13.397164344787598 0 71.0639877319336
    endloop
  endfacet
  facet normal 0.7968491159794536 -0.2417217451319044 0.5537166100932406
    outer loop
      vertex 10.614201545715332 -2.111295700073242 75.88150787353516
      vertex 9.998358726501465 -4.14145565032959 75.88150787353516
      vertex 12.109655380249023 -2.4087600708007812 73.59955596923828
    endloop
  endfacet
  facet normal 0.5547398881564446 -0.05463734939515195 0.8302279304740642
    outer loop
      vertex 6.599554061889648 0 79.34689331054688
      vertex 6.472744941711426 -1.2875089645385742 79.34689331054688
      vertex 8.71084976196289 -1.7326955795288086 77.8221435546875
    endloop
  endfacet
  facet normal 0.6223173884727 -0.7582959901826911 0.19418614594602387
    outer loop
      vertex 9.473225593566895 -9.473225593566895 71.0639877319336
      vertex 7.443065643310547 -11.139334678649902 71.0639877319336
      vertex 7.740530014038086 -11.584521293640137 68.37223815917969
    endloop
  endfacet
  facet normal 0.5865156651367861 -0.7146714607221188 0.38110901036116474
    outer loop
      vertex 8.730574607849121 -8.730574607849121 73.59955596923828
      vertex 7.443065643310547 -11.139334678649902 71.0639877319336
      vertex 9.473225593566895 -9.473225593566895 71.0639877319336
    endloop
  endfacet
  facet normal 0.62231741588016 -0.7582959752143974 -0.19418611656317206
    outer loop
      vertex 9.851825714111328 -9.851825714111328 65.62776184082031
      vertex 7.740530014038086 -11.584521293640137 65.62776184082031
      vertex 9.473225593566895 -9.473225593566895 62.936012268066406
    endloop
  endfacet
  facet normal 0.7582959752143975 -0.62231741588016 0.19418611656317208
    outer loop
      vertex 11.584521293640137 -7.740530014038086 68.37223815917969
      vertex 9.473225593566895 -9.473225593566895 71.0639877319336
      vertex 9.851825714111328 -9.851825714111328 68.37223815917969
    endloop
  endfacet
  facet normal 0.8651337631816415 -0.46242340535383014 0.19418590572989286
    outer loop
      vertex 12.377366065979004 -5.1268720626831055 71.0639877319336
      vertex 11.584521293640137 -7.740530014038086 68.37223815917969
      vertex 12.872030258178711 -5.331768989562988 68.37223815917969
    endloop
  endfacet
  facet normal 0.8651336099866636 -0.4624235954866429 -0.1941861354696805
    outer loop
      vertex 11.584521293640137 -7.740530014038086 65.62776184082031
      vertex 11.139334678649902 -7.443065643310547 62.936012268066406
      vertex 12.377366065979004 -5.1268720626831055 62.936012268066406
    endloop
  endfacet
  facet normal 0.8819213597689525 -0.4713965583065728 0
    outer loop
      vertex 11.584521293640137 -7.740530014038086 68.37223815917969
      vertex 12.872030258178711 -5.331768989562988 65.62776184082031
      vertex 12.872030258178711 -5.331768989562988 68.37223815917969
    endloop
  endfacet
  facet normal 0.8819213597689525 -0.4713965583065728 0
    outer loop
      vertex 12.872030258178711 -5.331768989562988 65.62776184082031
      vertex 11.584521293640137 -7.740530014038086 68.37223815917969
      vertex 11.584521293640137 -7.740530014038086 65.62776184082031
    endloop
  endfacet
  facet normal 0.7582959752143975 -0.62231741588016 -0.19418611656317208
    outer loop
      vertex 9.851825714111328 -9.851825714111328 65.62776184082031
      vertex 9.473225593566895 -9.473225593566895 62.936012268066406
      vertex 11.584521293640137 -7.740530014038086 65.62776184082031
    endloop
  endfacet
  facet normal 0.28475923003280296 -0.9387246787714082 0.19418588614171167
    outer loop
      vertex 5.1268720626831055 -12.377366065979004 71.0639877319336
      vertex 2.718111991882324 -13.664875030517578 68.37223815917969
      vertex 5.331768989562988 -12.872030258178711 68.37223815917969
    endloop
  endfacet
  facet normal 0.0980171480051975 -0.9951847259162125 0
    outer loop
      vertex 0 -13.932585716247559 65.62776184082031
      vertex 2.718111991882324 -13.664875030517578 68.37223815917969
      vertex 0 -13.932585716247559 68.37223815917969
    endloop
  endfacet
  facet normal 0.0980171480051975 -0.9951847259162125 0
    outer loop
      vertex 2.718111991882324 -13.664875030517578 68.37223815917969
      vertex 0 -13.932585716247559 65.62776184082031
      vertex 2.718111991882324 -13.664875030517578 65.62776184082031
    endloop
  endfacet
  facet normal 0.6251148431107239 0.3341311192651769 0.7053990558976211
    outer loop
      vertex 8.998285293579102 6.0124616622924805 75.88150787353516
      vertex 7.384701728820801 4.934299468994141 77.8221435546875
      vertex 8.20544147491455 3.3988046646118164 77.8221435546875
    endloop
  endfacet
  facet normal 0.55473991695739 -0.0546373002146321 0.8302279144664819
    outer loop
      vertex 8.881505966186523 0 77.8221435546875
      vertex 6.599554061889648 0 79.34689331054688
      vertex 8.71084976196289 -1.7326955795288086 77.8221435546875
    endloop
  endfacet
  facet normal 0.19505493396428714 -0.019211112732472085 0.9806041535113789
    outer loop
      vertex 4.0639848709106445 0 80.39716339111328
      vertex 1.372239112854004 0 80.93258666992188
      vertex 3.9858970642089844 -0.7928438186645508 80.39716339111328
    endloop
  endfacet
  facet normal 0.5547398881564446 0.05463734939515195 0.8302279304740642
    outer loop
      vertex 8.71084976196289 1.7326955795288086 77.8221435546875
      vertex 6.472744941711426 1.2875089645385742 79.34689331054688
      vertex 6.599554061889648 0 79.34689331054688
    endloop
  endfacet
  facet normal -0.29703961614039703 0.24377370149521754 0.9232236180376271
    outer loop
      vertex -2.873671531677246 2.873671531677246 80.39716339111328
      vertex -5.48732852935791 3.666515350341797 79.34689331054688
      vertex -3.379079818725586 2.257828712463379 80.39716339111328
    endloop
  endfacet
  facet normal -0.12434014998862389 -0.15150916689093644 0.9806041502302655
    outer loop
      vertex -0.9703197479248047 -0.9703197479248047 80.93258666992188
      vertex -2.873671531677246 -2.873671531677246 80.39716339111328
      vertex -2.257828712463379 -3.379079818725586 80.39716339111328
    endloop
  endfacet
  facet normal 0.4496645749473406 0.5479178378876324 0.7053990451949659
    outer loop
      vertex 7.652412414550781 7.652412414550781 75.88150787353516
      vertex 6.0124616622924805 8.998285293579102 75.88150787353516
      vertex 6.280172348022461 6.280172348022461 77.8221435546875
    endloop
  endfacet
  facet normal 0.06947540070465143 0.7053974810318759 0.705398867627963
    outer loop
      vertex 0 10.822145462036133 75.88150787353516
      vertex 0 8.881505966186523 77.8221435546875
      vertex 2.111295700073242 10.614201545715332 75.88150787353516
    endloop
  endfacet
  facet normal 0.11154570387903755 0.3677170104175603 0.9232235678294299
    outer loop
      vertex 2.5255393981933594 6.097192764282227 79.34689331054688
      vertex 0.7928438186645508 3.9858970642089844 80.39716339111328
      vertex 1.5552196502685547 3.7546329498291016 80.39716339111328
    endloop
  endfacet
  facet normal 0.08161923927980065 0.8286954919774547 0.5537166074406932
    outer loop
      vertex 2.4087600708007812 12.109655380249023 73.59955596923828
      vertex 0 12.34689712524414 73.59955596923828
      vertex 2.111295700073242 10.614201545715332 75.88150787353516
    endloop
  endfacet
  facet normal 0.73438043533323 0.3925345150744185 0.5537165616767001
    outer loop
      vertex 10.266069412231445 6.8595685958862305 73.59955596923828
      vertex 8.998285293579102 6.0124616622924805 75.88150787353516
      vertex 11.407045364379883 4.724952697753906 73.59955596923828
    endloop
  endfacet
  facet normal 0.815362746048811 0.43582046134547114 0.38110906290504676
    outer loop
      vertex 12.377366065979004 5.1268720626831055 71.0639877319336
      vertex 10.266069412231445 6.8595685958862305 73.59955596923828
      vertex 11.407045364379883 4.724952697753906 73.59955596923828
    endloop
  endfacet
  facet normal 0.6436897804156972 0.5282625815294795 0.5537166347006396
    outer loop
      vertex 8.730574607849121 8.730574607849121 73.59955596923828
      vertex 7.652412414550781 7.652412414550781 75.88150787353516
      vertex 8.998285293579102 6.0124616622924805 75.88150787353516
    endloop
  endfacet
  facet normal 0.5479178378876325 0.44966457494734063 0.705399045194966
    outer loop
      vertex 7.652412414550781 7.652412414550781 75.88150787353516
      vertex 6.280172348022461 6.280172348022461 77.8221435546875
      vertex 8.998285293579102 6.0124616622924805 75.88150787353516
    endloop
  endfacet
  facet normal -0.5547398881564446 0.05463734939515195 0.8302279304740642
    outer loop
      vertex -6.472744941711426 1.2875089645385742 79.34689331054688
      vertex -8.71084976196289 1.7326955795288086 77.8221435546875
      vertex -6.599554061889648 0 79.34689331054688
    endloop
  endfacet
  facet normal -0.7053972299620622 0.06947580126448234 0.705399079245577
    outer loop
      vertex -8.71084976196289 1.7326955795288086 77.8221435546875
      vertex -10.614201545715332 2.111295700073242 75.88150787353516
      vertex -8.881505966186523 0 77.8221435546875
    endloop
  endfacet
  facet normal -0.3925345150744185 0.73438043533323 0.5537165616767001
    outer loop
      vertex -4.724952697753906 11.407045364379883 73.59955596923828
      vertex -6.8595685958862305 10.266069412231445 73.59955596923828
      vertex -6.0124616622924805 8.998285293579102 75.88150787353516
    endloop
  endfacet
  facet normal -0.4496645749473406 0.5479178378876324 0.7053990451949659
    outer loop
      vertex -6.0124616622924805 8.998285293579102 75.88150787353516
      vertex -7.652412414550781 7.652412414550781 75.88150787353516
      vertex -6.280172348022461 6.280172348022461 77.8221435546875
    endloop
  endfacet
  facet normal -0.5479178378876325 0.44966457494734063 0.705399045194966
    outer loop
      vertex -7.652412414550781 7.652412414550781 75.88150787353516
      vertex -8.998285293579102 6.0124616622924805 75.88150787353516
      vertex -6.280172348022461 6.280172348022461 77.8221435546875
    endloop
  endfacet
  facet normal -0.9762411057900366 -0.09615124507048674 0.19418610001038095
    outer loop
      vertex -13.397164344787598 0 71.0639877319336
      vertex -13.932585716247559 0 68.37223815917969
      vertex -13.139741897583008 -2.613656997680664 71.0639877319336
    endloop
  endfacet
  facet normal -0.2683770458876422 0.8847201168570356 0.38110900811853776
    outer loop
      vertex -2.613656997680664 13.139741897583008 71.0639877319336
      vertex -5.1268720626831055 12.377366065979004 71.0639877319336
      vertex -2.4087600708007812 12.109655380249023 73.59955596923828
    endloop
  endfacet
  facet normal 0.09615136518453424 0.9762411165295931 0.1941859865443539
    outer loop
      vertex 2.718111991882324 13.664875030517578 68.37223815917969
      vertex 0 13.932585716247559 68.37223815917969
      vertex 2.613656997680664 13.139741897583008 71.0639877319336
    endloop
  endfacet
  facet normal -0.9387246787714082 0.28475923003280296 -0.19418588614171167
    outer loop
      vertex -12.377366065979004 5.1268720626831055 62.936012268066406
      vertex -13.664875030517578 2.718111991882324 65.62776184082031
      vertex -12.872030258178711 5.331768989562988 65.62776184082031
    endloop
  endfacet
  facet normal -0.8819213597689525 0.4713965583065728 0
    outer loop
      vertex -12.872030258178711 5.331768989562988 65.62776184082031
      vertex -11.584521293640137 7.740530014038086 68.37223815917969
      vertex -11.584521293640137 7.740530014038086 65.62776184082031
    endloop
  endfacet
  facet normal -0.8819213597689525 0.4713965583065728 0
    outer loop
      vertex -11.584521293640137 7.740530014038086 68.37223815917969
      vertex -12.872030258178711 5.331768989562988 65.62776184082031
      vertex -12.872030258178711 5.331768989562988 68.37223815917969
    endloop
  endfacet
  facet normal -0.7730104574365074 0.6343932791997419 0
    outer loop
      vertex -11.584521293640137 7.740530014038086 65.62776184082031
      vertex -9.851825714111328 9.851825714111328 68.37223815917969
      vertex -9.851825714111328 9.851825714111328 65.62776184082031
    endloop
  endfacet
  facet normal -0.7730104574365074 0.6343932791997419 0
    outer loop
      vertex -9.851825714111328 9.851825714111328 68.37223815917969
      vertex -11.584521293640137 7.740530014038086 65.62776184082031
      vertex -11.584521293640137 7.740530014038086 68.37223815917969
    endloop
  endfacet
  facet normal -0.7146714638448107 0.5865156565813227 0.38110901767197214
    outer loop
      vertex -8.730574607849121 8.730574607849121 73.59955596923828
      vertex -11.139334678649902 7.443065643310547 71.0639877319336
      vertex -10.266069412231445 6.8595685958862305 73.59955596923828
    endloop
  endfacet
  facet normal -0.24172176592880437 0.7968491188185125 0.5537165969288084
    outer loop
      vertex -2.4087600708007812 12.109655380249023 73.59955596923828
      vertex -4.724952697753906 11.407045364379883 73.59955596923828
      vertex -4.14145565032959 9.998358726501465 75.88150787353516
    endloop
  endfacet
  facet normal -0.4624235954866429 0.8651336099866636 0.1941861354696805
    outer loop
      vertex -5.1268720626831055 12.377366065979004 71.0639877319336
      vertex -7.740530014038086 11.584521293640137 68.37223815917969
      vertex -7.443065643310547 11.139334678649902 71.0639877319336
    endloop
  endfacet
  facet normal -0.268377144960928 0.8847200443510407 0.38110910666909253
    outer loop
      vertex -2.4087600708007812 12.109655380249023 73.59955596923828
      vertex -5.1268720626831055 12.377366065979004 71.0639877319336
      vertex -4.724952697753906 11.407045364379883 73.59955596923828
    endloop
  endfacet
  facet normal -0.9762411057900366 -0.09615124507048674 -0.19418610001038095
    outer loop
      vertex -13.139741897583008 -2.613656997680664 62.936012268066406
      vertex -13.932585716247559 0 65.62776184082031
      vertex -13.397164344787598 0 62.936012268066406
    endloop
  endfacet
  facet normal -0.9387246787714082 -0.28475923003280296 -0.19418588614171167
    outer loop
      vertex -12.872030258178711 -5.331768989562988 65.62776184082031
      vertex -13.664875030517578 -2.718111991882324 65.62776184082031
      vertex -12.377366065979004 -5.1268720626831055 62.936012268066406
    endloop
  endfacet
  facet normal -0.8651337631816415 0.46242340535383014 -0.19418590572989286
    outer loop
      vertex -12.377366065979004 5.1268720626831055 62.936012268066406
      vertex -12.872030258178711 5.331768989562988 65.62776184082031
      vertex -11.584521293640137 7.740530014038086 65.62776184082031
    endloop
  endfacet
  facet normal 0.24172161150274754 -0.7968486097445082 -0.5537173969460949
    outer loop
      vertex 2.7128195762634277 -11.739157676696777 60
      vertex 4.724952697753906 -11.407045364379883 60.40044403076172
      vertex 2.4087600708007812 -12.109655380249023 60.40044403076172
    endloop
  endfacet
  facet normal 0.24172158156477425 -0.7968488778965002 -0.5537170241205456
    outer loop
      vertex 4.724952697753906 -11.407045364379883 60.40044403076172
      vertex 2.7128195762634277 -11.739157676696777 60
      vertex 4.62255859375 -11.159844398498535 60
    endloop
  endfacet
  facet normal -0.24172158156477425 -0.7968488778965002 -0.5537170241205456
    outer loop
      vertex -2.7128195762634277 -11.739157676696777 60
      vertex -4.724952697753906 -11.407045364379883 60.40044403076172
      vertex -4.62255859375 -11.159844398498535 60
    endloop
  endfacet
  facet normal -0.24172161150274754 -0.7968486097445082 -0.5537173969460949
    outer loop
      vertex -4.724952697753906 -11.407045364379883 60.40044403076172
      vertex -2.7128195762634277 -11.739157676696777 60
      vertex -2.4087600708007812 -12.109655380249023 60.40044403076172
    endloop
  endfacet
  facet normal -0.7968488778965002 0.24172158156477425 -0.5537170241205456
    outer loop
      vertex -11.739157676696777 2.7128195762634277 60
      vertex -11.407045364379883 4.724952697753906 60.40044403076172
      vertex -11.159844398498535 4.62255859375 60
    endloop
  endfacet
  facet normal -0.7968486097445082 0.24172161150274754 -0.5537173969460949
    outer loop
      vertex -11.407045364379883 4.724952697753906 60.40044403076172
      vertex -11.739157676696777 2.7128195762634277 60
      vertex -12.109655380249023 2.4087600708007812 60.40044403076172
    endloop
  endfacet
  facet normal -0.5282620128842695 -0.6436899429277844 -0.5537169882865123
    outer loop
      vertex -8.25359058380127 -8.77755355834961 60
      vertex -8.730574607849121 -8.730574607849121 60.40044403076172
      vertex -8.541375160217285 -8.541375160217285 60
    endloop
  endfacet
  facet normal -0.8847200443510407 -0.268377144960928 -0.38110910666909253
    outer loop
      vertex -11.407045364379883 -4.724952697753906 60.40044403076172
      vertex -12.377366065979004 -5.1268720626831055 62.936012268066406
      vertex -12.109655380249023 -2.4087600708007812 60.40044403076172
    endloop
  endfacet
  facet normal -0.28475923003280296 0.9387246787714082 -0.19418588614171167
    outer loop
      vertex -5.1268720626831055 12.377366065979004 62.936012268066406
      vertex -5.331768989562988 12.872030258178711 65.62776184082031
      vertex -2.718111991882324 13.664875030517578 65.62776184082031
    endloop
  endfacet
  facet normal -0.2847591609865664 0.9387246861999495 0.19418595148216275
    outer loop
      vertex -2.718111991882324 13.664875030517578 68.37223815917969
      vertex -5.1268720626831055 12.377366065979004 71.0639877319336
      vertex -2.613656997680664 13.139741897583008 71.0639877319336
    endloop
  endfacet
  facet normal 0.09061969339692671 0.92007825403942 0.3811090101433178
    outer loop
      vertex 2.613656997680664 13.139741897583008 71.0639877319336
      vertex 0 13.397164344787598 71.0639877319336
      vertex 2.4087600708007812 12.109655380249023 73.59955596923828
    endloop
  endfacet
  facet normal -0.09061969339692671 0.92007825403942 0.3811090101433178
    outer loop
      vertex 0 13.397164344787598 71.0639877319336
      vertex -2.613656997680664 13.139741897583008 71.0639877319336
      vertex -2.4087600708007812 12.109655380249023 73.59955596923828
    endloop
  endfacet
  facet normal 0.46242340535383014 0.8651337631816415 0.19418590572989286
    outer loop
      vertex 5.331768989562988 12.872030258178711 68.37223815917969
      vertex 5.1268720626831055 12.377366065979004 71.0639877319336
      vertex 7.740530014038086 11.584521293640137 68.37223815917969
    endloop
  endfacet
  facet normal 0.4496645712762535 0.5479178387298145 0.7053990468809781
    outer loop
      vertex 6.0124616622924805 8.998285293579102 75.88150787353516
      vertex 4.934299468994141 7.384701728820801 77.8221435546875
      vertex 6.280172348022461 6.280172348022461 77.8221435546875
    endloop
  endfacet
  facet normal 0.7582959752143975 0.62231741588016 0.19418611656317208
    outer loop
      vertex 9.851825714111328 9.851825714111328 68.37223815917969
      vertex 9.473225593566895 9.473225593566895 71.0639877319336
      vertex 11.584521293640137 7.740530014038086 68.37223815917969
    endloop
  endfacet
  facet normal 0.7146714638448107 0.5865156565813227 -0.38110901767197214
    outer loop
      vertex 10.266069412231445 6.8595685958862305 60.40044403076172
      vertex 8.730574607849121 8.730574607849121 60.40044403076172
      vertex 11.139334678649902 7.443065643310547 62.936012268066406
    endloop
  endfacet
  facet normal 0.09061969339692671 0.92007825403942 -0.3811090101433178
    outer loop
      vertex 2.4087600708007812 12.109655380249023 60.40044403076172
      vertex 0 13.397164344787598 62.936012268066406
      vertex 2.613656997680664 13.139741897583008 62.936012268066406
    endloop
  endfacet
  facet normal 0.09615124507048674 0.9762411057900366 -0.19418610001038095
    outer loop
      vertex 2.613656997680664 13.139741897583008 62.936012268066406
      vertex 0 13.397164344787598 62.936012268066406
      vertex 0 13.932585716247559 65.62776184082031
    endloop
  endfacet
  facet normal 0.46242340535383014 0.8651337631816415 -0.19418590572989286
    outer loop
      vertex 7.740530014038086 11.584521293640137 65.62776184082031
      vertex 5.1268720626831055 12.377366065979004 62.936012268066406
      vertex 5.331768989562988 12.872030258178711 65.62776184082031
    endloop
  endfacet
  facet normal 0.4713965583065728 0.8819213597689525 0
    outer loop
      vertex 7.740530014038086 11.584521293640137 65.62776184082031
      vertex 5.331768989562988 12.872030258178711 68.37223815917969
      vertex 7.740530014038086 11.584521293640137 68.37223815917969
    endloop
  endfacet
  facet normal 0.4713965583065728 0.8819213597689525 0
    outer loop
      vertex 5.331768989562988 12.872030258178711 68.37223815917969
      vertex 7.740530014038086 11.584521293640137 65.62776184082031
      vertex 5.331768989562988 12.872030258178711 65.62776184082031
    endloop
  endfacet
  facet normal 0.268377144960928 0.8847200443510407 -0.38110910666909253
    outer loop
      vertex 4.724952697753906 11.407045364379883 60.40044403076172
      vertex 2.4087600708007812 12.109655380249023 60.40044403076172
      vertex 5.1268720626831055 12.377366065979004 62.936012268066406
    endloop
  endfacet
  facet normal 0.43582050791561705 0.8153627388379017 -0.3811090250767218
    outer loop
      vertex 6.8595685958862305 10.266069412231445 60.40044403076172
      vertex 5.1268720626831055 12.377366065979004 62.936012268066406
      vertex 7.443065643310547 11.139334678649902 62.936012268066406
    endloop
  endfacet
  facet normal -0.09061963871128885 0.9200782407102843 -0.38110905532577344
    outer loop
      vertex 0 12.34689712524414 60.40044403076172
      vertex -2.4087600708007812 12.109655380249023 60.40044403076172
      vertex 0 13.397164344787598 62.936012268066406
    endloop
  endfacet
  facet normal 0.09061963871128885 0.9200782407102843 -0.38110905532577344
    outer loop
      vertex 2.4087600708007812 12.109655380249023 60.40044403076172
      vertex 0 12.34689712524414 60.40044403076172
      vertex 0 13.397164344787598 62.936012268066406
    endloop
  endfacet
  facet normal -0.0980171480051975 0.9951847259162125 0
    outer loop
      vertex 0 13.932585716247559 65.62776184082031
      vertex -2.718111991882324 13.664875030517578 68.37223815917969
      vertex 0 13.932585716247559 68.37223815917969
    endloop
  endfacet
  facet normal -0.0980171480051975 0.9951847259162125 0
    outer loop
      vertex -2.718111991882324 13.664875030517578 68.37223815917969
      vertex 0 13.932585716247559 65.62776184082031
      vertex -2.718111991882324 13.664875030517578 65.62776184082031
    endloop
  endfacet
  facet normal 0.08161893712062102 0.8286951063584332 -0.5537172290988289
    outer loop
      vertex 0.3704976439476013 12.042837142944336 60
      vertex 2.4087600708007812 12.109655380249023 60.40044403076172
      vertex 2.356559991836548 11.847228050231934 60
    endloop
  endfacet
  facet normal 0.08161913876873048 0.8286944714696496 -0.553718149551095
    outer loop
      vertex 2.4087600708007812 12.109655380249023 60.40044403076172
      vertex 0.3704976439476013 12.042837142944336 60
      vertex 0 12.34689712524414 60.40044403076172
    endloop
  endfacet
  facet normal -0.39253406753576775 0.7343795980472934 -0.55371798940952
    outer loop
      vertex -4.9508891105651855 10.984347343444824 60
      vertex -6.8595685958862305 10.266069412231445 60.40044403076172
      vertex -4.724952697753906 11.407045364379883 60.40044403076172
    endloop
  endfacet
  facet normal -0.3925341062591323 0.7343800516370912 -0.5537173603751715
    outer loop
      vertex -6.8595685958862305 10.266069412231445 60.40044403076172
      vertex -4.9508891105651855 10.984347343444824 60
      vertex -6.7109150886535645 10.043594360351562 60
    endloop
  endfacet
  facet normal -0.5865156565813227 0.7146714638448106 -0.3811090176719721
    outer loop
      vertex -6.8595685958862305 10.266069412231445 60.40044403076172
      vertex -8.730574607849121 8.730574607849121 60.40044403076172
      vertex -7.443065643310547 11.139334678649902 62.936012268066406
    endloop
  endfacet
  facet normal -0.24172186346023278 0.7968486441403787 -0.5537172374569469
    outer loop
      vertex -2.356559991836548 11.847228050231934 60
      vertex -2.7128195762634277 11.739157676696777 60
      vertex -2.4087600708007812 12.109655380249023 60.40044403076172
    endloop
  endfacet
  facet normal -0.08161913876873048 0.8286944714696496 -0.553718149551095
    outer loop
      vertex -0.3704976439476013 12.042837142944336 60
      vertex -2.4087600708007812 12.109655380249023 60.40044403076172
      vertex 0 12.34689712524414 60.40044403076172
    endloop
  endfacet
  facet normal -0.08161893712062102 0.8286951063584332 -0.5537172290988289
    outer loop
      vertex -2.4087600708007812 12.109655380249023 60.40044403076172
      vertex -0.3704976439476013 12.042837142944336 60
      vertex -2.356559991836548 11.847228050231934 60
    endloop
  endfacet
  facet normal -0.037664549571099125 -0.38241291438614977 0.9232235615582488
    outer loop
      vertex -0.7928438186645508 -3.9858970642089844 80.39716339111328
      vertex -1.2875089645385742 -6.472744941711426 79.34689331054688
      vertex 0 -6.599554061889648 79.34689331054688
    endloop
  endfacet
  facet normal 0.24377370149521754 0.29703961614039703 0.9232236180376271
    outer loop
      vertex 3.666515350341797 5.48732852935791 79.34689331054688
      vertex 2.257828712463379 3.379079818725586 80.39716339111328
      vertex 2.873671531677246 2.873671531677246 80.39716339111328
    endloop
  endfacet
  facet normal -0.4496645712762535 0.5479178387298145 0.7053990468809781
    outer loop
      vertex -6.0124616622924805 8.998285293579102 75.88150787353516
      vertex -6.280172348022461 6.280172348022461 77.8221435546875
      vertex -4.934299468994141 7.384701728820801 77.8221435546875
    endloop
  endfacet
  facet normal -0.8153627388379017 0.43582050791561705 0.3811090250767218
    outer loop
      vertex -11.139334678649902 7.443065643310547 71.0639877319336
      vertex -12.377366065979004 5.1268720626831055 71.0639877319336
      vertex -10.266069412231445 6.8595685958862305 73.59955596923828
    endloop
  endfacet
  facet normal -0.056895116439667784 -0.18755911744128925 0.9806041623356293
    outer loop
      vertex -0.5251331329345703 -1.2677841186523438 80.93258666992188
      vertex -0.7928438186645508 -3.9858970642089844 80.39716339111328
      vertex -0.26771068572998047 -1.345871925354004 80.93258666992188
    endloop
  endfacet
  facet normal 0.019211112732472085 -0.19505493396428714 0.9806041535113789
    outer loop
      vertex 0 -1.372239112854004 80.93258666992188
      vertex 0 -4.0639848709106445 80.39716339111328
      vertex 0.7928438186645508 -3.9858970642089844 80.39716339111328
    endloop
  endfacet
  facet normal -0.3925356707822219 -0.7343795006524653 -0.5537169820269078
    outer loop
      vertex -4.724952697753906 -11.407045364379883 60.40044403076172
      vertex -4.9508891105651855 -10.984347343444824 60
      vertex -4.62255859375 -11.159844398498535 60
    endloop
  endfacet
  facet normal -0.09615124507048674 -0.9762411057900366 -0.19418610001038095
    outer loop
      vertex 0 -13.932585716247559 65.62776184082031
      vertex -2.613656997680664 -13.139741897583008 62.936012268066406
      vertex 0 -13.397164344787598 62.936012268066406
    endloop
  endfacet
  facet normal -0.5865156651367861 -0.7146714607221188 -0.38110901036116474
    outer loop
      vertex -7.443065643310547 -11.139334678649902 62.936012268066406
      vertex -9.473225593566895 -9.473225593566895 62.936012268066406
      vertex -8.730574607849121 -8.730574607849121 60.40044403076172
    endloop
  endfacet
  facet normal -0.43582050791561705 -0.8153627388379017 -0.3811090250767218
    outer loop
      vertex -5.1268720626831055 -12.377366065979004 62.936012268066406
      vertex -7.443065643310547 -11.139334678649902 62.936012268066406
      vertex -6.8595685958862305 -10.266069412231445 60.40044403076172
    endloop
  endfacet
  facet normal -0.26276784112806717 -0.49160414819585563 0.8302279344526551
    outer loop
      vertex -2.5255393981933594 -6.097192764282227 79.34689331054688
      vertex -3.666515350341797 -5.48732852935791 79.34689331054688
      vertex -3.3988046646118164 -8.20544147491455 77.8221435546875
    endloop
  endfacet
  facet normal -0.3677170104175603 -0.11154570387903755 0.9232235678294299
    outer loop
      vertex -3.9858970642089844 -0.7928438186645508 80.39716339111328
      vertex -6.097192764282227 -2.5255393981933594 79.34689331054688
      vertex -3.7546329498291016 -1.5552196502685547 80.39716339111328
    endloop
  endfacet
  facet normal 0.3677170104175603 -0.11154570387903755 0.9232235678294299
    outer loop
      vertex 3.9858970642089844 -0.7928438186645508 80.39716339111328
      vertex 3.7546329498291016 -1.5552196502685547 80.39716339111328
      vertex 6.097192764282227 -2.5255393981933594 79.34689331054688
    endloop
  endfacet
  facet normal 0.056895116439667784 -0.18755911744128925 0.9806041623356293
    outer loop
      vertex 0.5251331329345703 -1.2677841186523438 80.93258666992188
      vertex 0.26771068572998047 -1.345871925354004 80.93258666992188
      vertex 0.7928438186645508 -3.9858970642089844 80.39716339111328
    endloop
  endfacet
  facet normal -0.7343804376783486 -0.39253447647103573 0.5537165859327018
    outer loop
      vertex -9.998358726501465 -4.14145565032959 75.88150787353516
      vertex -11.407045364379883 -4.724952697753906 73.59955596923828
      vertex -8.998285293579102 -6.0124616622924805 75.88150787353516
    endloop
  endfacet
  facet normal -0.6251148431107239 -0.3341311192651769 0.7053990558976211
    outer loop
      vertex -8.20544147491455 -3.3988046646118164 77.8221435546875
      vertex -8.998285293579102 -6.0124616622924805 75.88150787353516
      vertex -7.384701728820801 -4.934299468994141 77.8221435546875
    endloop
  endfacet
  facet normal -0.8153627388379017 -0.43582050791561705 0.3811090250767218
    outer loop
      vertex -10.266069412231445 -6.8595685958862305 73.59955596923828
      vertex -12.377366065979004 -5.1268720626831055 71.0639877319336
      vertex -11.139334678649902 -7.443065643310547 71.0639877319336
    endloop
  endfacet
  facet normal -0.6436898427241206 -0.5282625511714102 0.5537165912302704
    outer loop
      vertex -8.998285293579102 -6.0124616622924805 75.88150787353516
      vertex -10.266069412231445 -6.8595685958862305 73.59955596923828
      vertex -8.730574607849121 -8.730574607849121 73.59955596923828
    endloop
  endfacet
  facet normal -0.037664136492663654 -0.38241281276647054 0.9232236205028
    outer loop
      vertex 0 -4.0639848709106445 80.39716339111328
      vertex -0.7928438186645508 -3.9858970642089844 80.39716339111328
      vertex 0 -6.599554061889648 79.34689331054688
    endloop
  endfacet
  facet normal 0.037664136492663654 -0.38241281276647054 0.9232236205028
    outer loop
      vertex 0 -4.0639848709106445 80.39716339111328
      vertex 0 -6.599554061889648 79.34689331054688
      vertex 0.7928438186645508 -3.9858970642089844 80.39716339111328
    endloop
  endfacet
  facet normal 0.62231741588016 -0.7582959752143974 0.19418611656317206
    outer loop
      vertex 9.473225593566895 -9.473225593566895 71.0639877319336
      vertex 7.740530014038086 -11.584521293640137 68.37223815917969
      vertex 9.851825714111328 -9.851825714111328 68.37223815917969
    endloop
  endfacet
  facet normal 0.24172176592880437 -0.7968491188185125 0.5537165969288084
    outer loop
      vertex 4.14145565032959 -9.998358726501465 75.88150787353516
      vertex 2.4087600708007812 -12.109655380249023 73.59955596923828
      vertex 4.724952697753906 -11.407045364379883 73.59955596923828
    endloop
  endfacet
  facet normal 0.2417217451319044 -0.7968491159794536 0.5537166100932406
    outer loop
      vertex 4.14145565032959 -9.998358726501465 75.88150787353516
      vertex 2.111295700073242 -10.614201545715332 75.88150787353516
      vertex 2.4087600708007812 -12.109655380249023 73.59955596923828
    endloop
  endfacet
  facet normal -0.09615136518453424 -0.9762411165295931 0.1941859865443539
    outer loop
      vertex -2.613656997680664 -13.139741897583008 71.0639877319336
      vertex -2.718111991882324 -13.664875030517578 68.37223815917969
      vertex 0 -13.932585716247559 68.37223815917969
    endloop
  endfacet
  facet normal -0.2902848750706704 -0.9569402757252959 0
    outer loop
      vertex -5.331768989562988 -12.872030258178711 65.62776184082031
      vertex -2.718111991882324 -13.664875030517578 68.37223815917969
      vertex -5.331768989562988 -12.872030258178711 68.37223815917969
    endloop
  endfacet
  facet normal -0.2902848750706704 -0.9569402757252959 0
    outer loop
      vertex -2.718111991882324 -13.664875030517578 68.37223815917969
      vertex -5.331768989562988 -12.872030258178711 65.62776184082031
      vertex -2.718111991882324 -13.664875030517578 65.62776184082031
    endloop
  endfacet
  facet normal -0.2847591609865664 -0.9387246861999495 -0.19418595148216275
    outer loop
      vertex -2.718111991882324 -13.664875030517578 65.62776184082031
      vertex -5.1268720626831055 -12.377366065979004 62.936012268066406
      vertex -2.613656997680664 -13.139741897583008 62.936012268066406
    endloop
  endfacet
  facet normal -0.7582959752143975 -0.62231741588016 -0.19418611656317208
    outer loop
      vertex -9.851825714111328 -9.851825714111328 65.62776184082031
      vertex -11.584521293640137 -7.740530014038086 65.62776184082031
      vertex -9.473225593566895 -9.473225593566895 62.936012268066406
    endloop
  endfacet
  facet normal -0.62231741588016 -0.7582959752143974 -0.19418611656317206
    outer loop
      vertex -7.740530014038086 -11.584521293640137 65.62776184082031
      vertex -9.851825714111328 -9.851825714111328 65.62776184082031
      vertex -9.473225593566895 -9.473225593566895 62.936012268066406
    endloop
  endfacet
  facet normal -0.9569402757252959 -0.2902848750706704 0
    outer loop
      vertex -12.872030258178711 -5.331768989562988 65.62776184082031
      vertex -13.664875030517578 -2.718111991882324 68.37223815917969
      vertex -13.664875030517578 -2.718111991882324 65.62776184082031
    endloop
  endfacet
  facet normal -0.9569402757252959 -0.2902848750706704 0
    outer loop
      vertex -13.664875030517578 -2.718111991882324 68.37223815917969
      vertex -12.872030258178711 -5.331768989562988 65.62776184082031
      vertex -12.872030258178711 -5.331768989562988 68.37223815917969
    endloop
  endfacet
  facet normal -0.8819213597689525 -0.4713965583065728 0
    outer loop
      vertex -11.584521293640137 -7.740530014038086 65.62776184082031
      vertex -12.872030258178711 -5.331768989562988 68.37223815917969
      vertex -12.872030258178711 -5.331768989562988 65.62776184082031
    endloop
  endfacet
  facet normal -0.8819213597689525 -0.4713965583065728 0
    outer loop
      vertex -12.872030258178711 -5.331768989562988 68.37223815917969
      vertex -11.584521293640137 -7.740530014038086 65.62776184082031
      vertex -11.584521293640137 -7.740530014038086 68.37223815917969
    endloop
  endfacet
  facet normal -0.976241116529593 0.09615136518453424 0.19418598654435387
    outer loop
      vertex -13.664875030517578 2.718111991882324 68.37223815917969
      vertex -13.932585716247559 0 68.37223815917969
      vertex -13.139741897583008 2.613656997680664 71.0639877319336
    endloop
  endfacet
  facet normal -0.28475923003280296 -0.9387246787714082 0.19418588614171167
    outer loop
      vertex -5.1268720626831055 -12.377366065979004 71.0639877319336
      vertex -5.331768989562988 -12.872030258178711 68.37223815917969
      vertex -2.718111991882324 -13.664875030517578 68.37223815917969
    endloop
  endfacet
  facet normal -0.2847591609865664 -0.9387246861999495 0.19418595148216275
    outer loop
      vertex -2.613656997680664 -13.139741897583008 71.0639877319336
      vertex -5.1268720626831055 -12.377366065979004 71.0639877319336
      vertex -2.718111991882324 -13.664875030517578 68.37223815917969
    endloop
  endfacet
  facet normal -0.6436897804156972 -0.5282625815294795 0.5537166347006396
    outer loop
      vertex -7.652412414550781 -7.652412414550781 75.88150787353516
      vertex -8.998285293579102 -6.0124616622924805 75.88150787353516
      vertex -8.730574607849121 -8.730574607849121 73.59955596923828
    endloop
  endfacet
  facet normal -0.39253447647103573 -0.7343804376783486 0.5537165859327018
    outer loop
      vertex -4.14145565032959 -9.998358726501465 75.88150787353516
      vertex -6.0124616622924805 -8.998285293579102 75.88150787353516
      vertex -4.724952697753906 -11.407045364379883 73.59955596923828
    endloop
  endfacet
  facet normal -0.2970394438518978 -0.24377417667664525 0.9232235480000384
    outer loop
      vertex -2.873671531677246 -2.873671531677246 80.39716339111328
      vertex -5.48732852935791 -3.666515350341797 79.34689331054688
      vertex -4.66658878326416 -4.66658878326416 79.34689331054688
    endloop
  endfacet
  facet normal -0.26276809927620737 -0.49160413287691235 0.8302278618193372
    outer loop
      vertex -3.666515350341797 -5.48732852935791 79.34689331054688
      vertex -4.934299468994141 -7.384701728820801 77.8221435546875
      vertex -3.3988046646118164 -8.20544147491455 77.8221435546875
    endloop
  endfacet
  facet normal 0.9200782407102845 0.09061963871128886 -0.3811090553257735
    outer loop
      vertex 12.34689712524414 0 60.40044403076172
      vertex 12.109655380249023 2.4087600708007812 60.40044403076172
      vertex 13.397164344787598 0 62.936012268066406
    endloop
  endfacet
  facet normal 0.9762411057900366 0.09615124507048674 -0.19418610001038095
    outer loop
      vertex 13.397164344787598 0 62.936012268066406
      vertex 13.139741897583008 2.613656997680664 62.936012268066406
      vertex 13.932585716247559 0 65.62776184082031
    endloop
  endfacet
  facet normal 0.5282620128842695 0.6436899429277844 -0.5537169882865123
    outer loop
      vertex 8.541375160217285 8.541375160217285 60
      vertex 8.25359058380127 8.77755355834961 60
      vertex 8.730574607849121 8.730574607849121 60.40044403076172
    endloop
  endfacet
  facet normal 0.8286949703614294 -0.08162058571460724 -0.5537171896241564
    outer loop
      vertex 12.34689712524414 0 60.40044403076172
      vertex 12.042837142944336 -0.3704976439476013 60
      vertex 12.079328536987305 0 60
    endloop
  endfacet
  facet normal 0.7582959901826911 -0.6223173884727 -0.19418614594602387
    outer loop
      vertex 11.584521293640137 -7.740530014038086 65.62776184082031
      vertex 9.473225593566895 -9.473225593566895 62.936012268066406
      vertex 11.139334678649902 -7.443065643310547 62.936012268066406
    endloop
  endfacet
  facet normal 0.7146714607221188 -0.5865156651367861 -0.38110901036116474
    outer loop
      vertex 9.473225593566895 -9.473225593566895 62.936012268066406
      vertex 8.730574607849121 -8.730574607849121 60.40044403076172
      vertex 11.139334678649902 -7.443065643310547 62.936012268066406
    endloop
  endfacet
  facet normal 0.9951847259162125 0.0980171480051975 0
    outer loop
      vertex 13.932585716247559 0 68.37223815917969
      vertex 13.664875030517578 2.718111991882324 65.62776184082031
      vertex 13.664875030517578 2.718111991882324 68.37223815917969
    endloop
  endfacet
  facet normal 0.9951847259162125 0.0980171480051975 0
    outer loop
      vertex 13.664875030517578 2.718111991882324 65.62776184082031
      vertex 13.932585716247559 0 68.37223815917969
      vertex 13.932585716247559 0 65.62776184082031
    endloop
  endfacet
  facet normal 0.976241116529593 0.09615136518453424 -0.19418598654435387
    outer loop
      vertex 13.932585716247559 0 65.62776184082031
      vertex 13.139741897583008 2.613656997680664 62.936012268066406
      vertex 13.664875030517578 2.718111991882324 65.62776184082031
    endloop
  endfacet
  facet normal 0.92007825403942 0.09061969339692671 -0.3811090101433178
    outer loop
      vertex 13.397164344787598 0 62.936012268066406
      vertex 12.109655380249023 2.4087600708007812 60.40044403076172
      vertex 13.139741897583008 2.613656997680664 62.936012268066406
    endloop
  endfacet
  facet normal 0.7968486441403786 -0.24172186346023272 -0.5537172374569468
    outer loop
      vertex 12.109655380249023 -2.4087600708007812 60.40044403076172
      vertex 11.739157676696777 -2.7128195762634277 60
      vertex 11.847228050231934 -2.356559991836548 60
    endloop
  endfacet
  facet normal 0.8847200443510407 -0.268377144960928 -0.38110910666909253
    outer loop
      vertex 12.377366065979004 -5.1268720626831055 62.936012268066406
      vertex 11.407045364379883 -4.724952697753906 60.40044403076172
      vertex 12.109655380249023 -2.4087600708007812 60.40044403076172
    endloop
  endfacet
  facet normal 0.815362746048811 -0.43582046134547114 -0.38110906290504676
    outer loop
      vertex 12.377366065979004 -5.1268720626831055 62.936012268066406
      vertex 10.266069412231445 -6.8595685958862305 60.40044403076172
      vertex 11.407045364379883 -4.724952697753906 60.40044403076172
    endloop
  endfacet
  facet normal 0.7968491188185125 0.24172176592880437 0.5537165969288084
    outer loop
      vertex 11.407045364379883 4.724952697753906 73.59955596923828
      vertex 9.998358726501465 4.14145565032959 75.88150787353516
      vertex 12.109655380249023 2.4087600708007812 73.59955596923828
    endloop
  endfacet
  facet normal 0.7343804376783486 0.39253447647103573 0.5537165859327018
    outer loop
      vertex 11.407045364379883 4.724952697753906 73.59955596923828
      vertex 8.998285293579102 6.0124616622924805 75.88150787353516
      vertex 9.998358726501465 4.14145565032959 75.88150787353516
    endloop
  endfacet
  facet normal 0.7146714607221188 -0.5865156651367861 0.38110901036116474
    outer loop
      vertex 11.139334678649902 -7.443065643310547 71.0639877319336
      vertex 8.730574607849121 -8.730574607849121 73.59955596923828
      vertex 9.473225593566895 -9.473225593566895 71.0639877319336
    endloop
  endfacet
  facet normal 0.8847200443510407 -0.268377144960928 0.38110910666909253
    outer loop
      vertex 12.109655380249023 -2.4087600708007812 73.59955596923828
      vertex 11.407045364379883 -4.724952697753906 73.59955596923828
      vertex 12.377366065979004 -5.1268720626831055 71.0639877319336
    endloop
  endfacet
  facet normal 0.9387246861999495 -0.2847591609865664 0.19418595148216275
    outer loop
      vertex 13.139741897583008 -2.613656997680664 71.0639877319336
      vertex 12.377366065979004 -5.1268720626831055 71.0639877319336
      vertex 13.664875030517578 -2.718111991882324 68.37223815917969
    endloop
  endfacet
  facet normal 0.976241116529593 -0.09615136518453424 0.19418598654435387
    outer loop
      vertex 13.932585716247559 0 68.37223815917969
      vertex 13.139741897583008 -2.613656997680664 71.0639877319336
      vertex 13.664875030517578 -2.718111991882324 68.37223815917969
    endloop
  endfacet
  facet normal 0.9200782407102845 0.09061963871128886 0.3811090553257735
    outer loop
      vertex 13.397164344787598 0 71.0639877319336
      vertex 12.109655380249023 2.4087600708007812 73.59955596923828
      vertex 12.34689712524414 0 73.59955596923828
    endloop
  endfacet
  facet normal 0.8286954919774547 0.08161923927980065 0.5537166074406932
    outer loop
      vertex 12.109655380249023 2.4087600708007812 73.59955596923828
      vertex 10.614201545715332 2.111295700073242 75.88150787353516
      vertex 12.34689712524414 0 73.59955596923828
    endloop
  endfacet
  facet normal 0.8286954919774547 -0.08161923927980065 0.5537166074406932
    outer loop
      vertex 12.34689712524414 0 73.59955596923828
      vertex 10.614201545715332 -2.111295700073242 75.88150787353516
      vertex 12.109655380249023 -2.4087600708007812 73.59955596923828
    endloop
  endfacet
  facet normal 0.7053974810318759 -0.06947540070465143 0.705398867627963
    outer loop
      vertex 10.822145462036133 0 75.88150787353516
      vertex 8.881505966186523 0 77.8221435546875
      vertex 10.614201545715332 -2.111295700073242 75.88150787353516
    endloop
  endfacet
  facet normal 0.3341311192651769 -0.6251148431107239 0.7053990558976211
    outer loop
      vertex 4.934299468994141 -7.384701728820801 77.8221435546875
      vertex 3.3988046646118164 -8.20544147491455 77.8221435546875
      vertex 6.0124616622924805 -8.998285293579102 75.88150787353516
    endloop
  endfacet
  facet normal 0.49160414819585563 -0.26276784112806717 0.8302279344526551
    outer loop
      vertex 6.097192764282227 -2.5255393981933594 79.34689331054688
      vertex 5.48732852935791 -3.666515350341797 79.34689331054688
      vertex 8.20544147491455 -3.3988046646118164 77.8221435546875
    endloop
  endfacet
  facet normal 0.8651336099866636 -0.4624235954866429 0.1941861354696805
    outer loop
      vertex 12.377366065979004 -5.1268720626831055 71.0639877319336
      vertex 11.139334678649902 -7.443065643310547 71.0639877319336
      vertex 11.584521293640137 -7.740530014038086 68.37223815917969
    endloop
  endfacet
  facet normal 0.6436898427241206 -0.5282625511714102 0.5537165912302704
    outer loop
      vertex 8.998285293579102 -6.0124616622924805 75.88150787353516
      vertex 8.730574607849121 -8.730574607849121 73.59955596923828
      vertex 10.266069412231445 -6.8595685958862305 73.59955596923828
    endloop
  endfacet
  facet normal 0.2683770458876422 -0.8847201168570356 0.38110900811853776
    outer loop
      vertex 5.1268720626831055 -12.377366065979004 71.0639877319336
      vertex 2.4087600708007812 -12.109655380249023 73.59955596923828
      vertex 2.613656997680664 -13.139741897583008 71.0639877319336
    endloop
  endfacet
  facet normal 0.3925345150744185 -0.73438043533323 0.5537165616767001
    outer loop
      vertex 6.0124616622924805 -8.998285293579102 75.88150787353516
      vertex 4.724952697753906 -11.407045364379883 73.59955596923828
      vertex 6.8595685958862305 -10.266069412231445 73.59955596923828
    endloop
  endfacet
  facet normal 0.976241116529593 -0.09615136518453424 -0.19418598654435387
    outer loop
      vertex 13.664875030517578 -2.718111991882324 65.62776184082031
      vertex 13.139741897583008 -2.613656997680664 62.936012268066406
      vertex 13.932585716247559 0 65.62776184082031
    endloop
  endfacet
  facet normal 0.9387246861999495 -0.2847591609865664 -0.19418595148216275
    outer loop
      vertex 13.664875030517578 -2.718111991882324 65.62776184082031
      vertex 12.377366065979004 -5.1268720626831055 62.936012268066406
      vertex 13.139741897583008 -2.613656997680664 62.936012268066406
    endloop
  endfacet
  facet normal 0.7730104574365074 -0.6343932791997419 0
    outer loop
      vertex 9.851825714111328 -9.851825714111328 68.37223815917969
      vertex 11.584521293640137 -7.740530014038086 65.62776184082031
      vertex 11.584521293640137 -7.740530014038086 68.37223815917969
    endloop
  endfacet
  facet normal 0.7730104574365074 -0.6343932791997419 0
    outer loop
      vertex 11.584521293640137 -7.740530014038086 65.62776184082031
      vertex 9.851825714111328 -9.851825714111328 68.37223815917969
      vertex 9.851825714111328 -9.851825714111328 65.62776184082031
    endloop
  endfacet
  facet normal 0.28475923003280296 -0.9387246787714082 -0.19418588614171167
    outer loop
      vertex 5.331768989562988 -12.872030258178711 65.62776184082031
      vertex 2.718111991882324 -13.664875030517578 65.62776184082031
      vertex 5.1268720626831055 -12.377366065979004 62.936012268066406
    endloop
  endfacet
  facet normal -0.019211112732472085 -0.19505493396428714 0.9806041535113789
    outer loop
      vertex 0 -1.372239112854004 80.93258666992188
      vertex -0.7928438186645508 -3.9858970642089844 80.39716339111328
      vertex 0 -4.0639848709106445 80.39716339111328
    endloop
  endfacet
  facet normal 0.36771703576435794 0.11154566939961233 0.9232235618997526
    outer loop
      vertex 6.097192764282227 2.5255393981933594 79.34689331054688
      vertex 3.9858970642089844 0.7928438186645508 80.39716339111328
      vertex 6.472744941711426 1.2875089645385742 79.34689331054688
    endloop
  endfacet
  facet normal 0.55473991695739 0.0546373002146321 0.8302279144664819
    outer loop
      vertex 8.71084976196289 1.7326955795288086 77.8221435546875
      vertex 6.599554061889648 0 79.34689331054688
      vertex 8.881505966186523 0 77.8221435546875
    endloop
  endfacet
  facet normal 0.19505493396428714 0.019211112732472085 0.9806041535113789
    outer loop
      vertex 3.9858970642089844 0.7928438186645508 80.39716339111328
      vertex 1.372239112854004 0 80.93258666992188
      vertex 4.0639848709106445 0 80.39716339111328
    endloop
  endfacet
  facet normal 0.17285537418745053 0.09239331015939331 0.9806041483964397
    outer loop
      vertex 3.379079818725586 2.257828712463379 80.39716339111328
      vertex 1.2677841186523438 0.5251331329345703 80.93258666992188
      vertex 3.7546329498291016 1.5552196502685547 80.39716339111328
    endloop
  endfacet
  facet normal 0.3388896675441053 0.18114066924677327 0.9232236192692845
    outer loop
      vertex 5.48732852935791 3.666515350341797 79.34689331054688
      vertex 3.379079818725586 2.257828712463379 80.39716339111328
      vertex 3.7546329498291016 1.5552196502685547 80.39716339111328
    endloop
  endfacet
  facet normal 0.3536262707710809 0.4308944951974723 0.8302279172787758
    outer loop
      vertex 6.280172348022461 6.280172348022461 77.8221435546875
      vertex 3.666515350341797 5.48732852935791 79.34689331054688
      vertex 4.66658878326416 4.66658878326416 79.34689331054688
    endloop
  endfacet
  facet normal -0.12434014998862389 0.15150916689093644 0.9806041502302655
    outer loop
      vertex -2.257828712463379 3.379079818725586 80.39716339111328
      vertex -2.873671531677246 2.873671531677246 80.39716339111328
      vertex -0.9703197479248047 0.9703197479248047 80.93258666992188
    endloop
  endfacet
  facet normal -0.15150916689093644 0.12434014998862389 0.9806041502302655
    outer loop
      vertex -2.873671531677246 2.873671531677246 80.39716339111328
      vertex -3.379079818725586 2.257828712463379 80.39716339111328
      vertex -0.9703197479248047 0.9703197479248047 80.93258666992188
    endloop
  endfacet
  facet normal 0.0546373002146321 0.55473991695739 0.8302279144664819
    outer loop
      vertex 0 8.881505966186523 77.8221435546875
      vertex 0 6.599554061889648 79.34689331054688
      vertex 1.7326955795288086 8.71084976196289 77.8221435546875
    endloop
  endfacet
  facet normal 0.26276784112806717 0.49160414819585563 0.8302279344526551
    outer loop
      vertex 3.3988046646118164 8.20544147491455 77.8221435546875
      vertex 2.5255393981933594 6.097192764282227 79.34689331054688
      vertex 3.666515350341797 5.48732852935791 79.34689331054688
    endloop
  endfacet
  facet normal 0.037664136492663654 0.38241281276647054 0.9232236205028
    outer loop
      vertex 0 6.599554061889648 79.34689331054688
      vertex 0 4.0639848709106445 80.39716339111328
      vertex 0.7928438186645508 3.9858970642089844 80.39716339111328
    endloop
  endfacet
  facet normal -0.16181155608395956 0.5334216129248355 0.8302279224299522
    outer loop
      vertex -1.7326955795288086 8.71084976196289 77.8221435546875
      vertex -3.3988046646118164 8.20544147491455 77.8221435546875
      vertex -1.2875089645385742 6.472744941711426 79.34689331054688
    endloop
  endfacet
  facet normal 0.5865156651367861 0.7146714607221188 0.38110901036116474
    outer loop
      vertex 9.473225593566895 9.473225593566895 71.0639877319336
      vertex 7.443065643310547 11.139334678649902 71.0639877319336
      vertex 8.730574607849121 8.730574607849121 73.59955596923828
    endloop
  endfacet
  facet normal 0.6223173884727 0.7582959901826911 0.19418614594602387
    outer loop
      vertex 7.740530014038086 11.584521293640137 68.37223815917969
      vertex 7.443065643310547 11.139334678649902 71.0639877319336
      vertex 9.473225593566895 9.473225593566895 71.0639877319336
    endloop
  endfacet
  facet normal 0.43582050791561705 0.8153627388379017 0.3811090250767218
    outer loop
      vertex 7.443065643310547 11.139334678649902 71.0639877319336
      vertex 5.1268720626831055 12.377366065979004 71.0639877319336
      vertex 6.8595685958862305 10.266069412231445 73.59955596923828
    endloop
  endfacet
  facet normal 0.3341309405109979 0.6251150944506931 0.7053989178352468
    outer loop
      vertex 4.14145565032959 9.998358726501465 75.88150787353516
      vertex 3.3988046646118164 8.20544147491455 77.8221435546875
      vertex 6.0124616622924805 8.998285293579102 75.88150787353516
    endloop
  endfacet
  facet normal 0.5479178387298145 0.4496645712762535 0.7053990468809781
    outer loop
      vertex 8.998285293579102 6.0124616622924805 75.88150787353516
      vertex 6.280172348022461 6.280172348022461 77.8221435546875
      vertex 7.384701728820801 4.934299468994141 77.8221435546875
    endloop
  endfacet
  facet normal 0.49160414819585563 0.26276784112806717 0.8302279344526551
    outer loop
      vertex 8.20544147491455 3.3988046646118164 77.8221435546875
      vertex 5.48732852935791 3.666515350341797 79.34689331054688
      vertex 6.097192764282227 2.5255393981933594 79.34689331054688
    endloop
  endfacet
  facet normal 0.7582959901826911 0.6223173884727 0.19418614594602387
    outer loop
      vertex 11.584521293640137 7.740530014038086 68.37223815917969
      vertex 9.473225593566895 9.473225593566895 71.0639877319336
      vertex 11.139334678649902 7.443065643310547 71.0639877319336
    endloop
  endfacet
  facet normal 0.6436898427241206 0.5282625511714102 0.5537165912302704
    outer loop
      vertex 10.266069412231445 6.8595685958862305 73.59955596923828
      vertex 8.730574607849121 8.730574607849121 73.59955596923828
      vertex 8.998285293579102 6.0124616622924805 75.88150787353516
    endloop
  endfacet
  facet normal -0.8286954919774547 -0.08161923927980065 0.5537166074406932
    outer loop
      vertex -10.614201545715332 -2.111295700073242 75.88150787353516
      vertex -12.34689712524414 0 73.59955596923828
      vertex -12.109655380249023 -2.4087600708007812 73.59955596923828
    endloop
  endfacet
  facet normal -0.8286954644404053 -0.08161915941336158 0.5537166604253093
    outer loop
      vertex -10.822145462036133 0 75.88150787353516
      vertex -12.34689712524414 0 73.59955596923828
      vertex -10.614201545715332 -2.111295700073242 75.88150787353516
    endloop
  endfacet
  facet normal -0.08161923927980065 0.8286954919774547 0.5537166074406932
    outer loop
      vertex 0 12.34689712524414 73.59955596923828
      vertex -2.4087600708007812 12.109655380249023 73.59955596923828
      vertex -2.111295700073242 10.614201545715332 75.88150787353516
    endloop
  endfacet
  facet normal -0.2417217451319044 0.7968491159794536 0.5537166100932406
    outer loop
      vertex -2.4087600708007812 12.109655380249023 73.59955596923828
      vertex -4.14145565032959 9.998358726501465 75.88150787353516
      vertex -2.111295700073242 10.614201545715332 75.88150787353516
    endloop
  endfacet
  facet normal -0.18114066924677327 0.3388896675441053 0.9232236192692845
    outer loop
      vertex -1.5552196502685547 3.7546329498291016 80.39716339111328
      vertex -3.666515350341797 5.48732852935791 79.34689331054688
      vertex -2.257828712463379 3.379079818725586 80.39716339111328
    endloop
  endfacet
  facet normal -0.3341311192651769 0.6251148431107239 0.7053990558976211
    outer loop
      vertex -3.3988046646118164 8.20544147491455 77.8221435546875
      vertex -6.0124616622924805 8.998285293579102 75.88150787353516
      vertex -4.934299468994141 7.384701728820801 77.8221435546875
    endloop
  endfacet
  facet normal -0.7582959752143975 0.62231741588016 -0.19418611656317208
    outer loop
      vertex -9.473225593566895 9.473225593566895 62.936012268066406
      vertex -11.584521293640137 7.740530014038086 65.62776184082031
      vertex -9.851825714111328 9.851825714111328 65.62776184082031
    endloop
  endfacet
  facet normal -0.62231741588016 0.7582959752143974 -0.19418611656317206
    outer loop
      vertex -9.473225593566895 9.473225593566895 62.936012268066406
      vertex -9.851825714111328 9.851825714111328 65.62776184082031
      vertex -7.740530014038086 11.584521293640137 65.62776184082031
    endloop
  endfacet
  facet normal -0.8651336099866636 0.4624235954866429 0.1941861354696805
    outer loop
      vertex -11.584521293640137 7.740530014038086 68.37223815917969
      vertex -12.377366065979004 5.1268720626831055 71.0639877319336
      vertex -11.139334678649902 7.443065643310547 71.0639877319336
    endloop
  endfacet
  facet normal -0.7582959752143975 0.62231741588016 0.19418611656317208
    outer loop
      vertex -9.851825714111328 9.851825714111328 68.37223815917969
      vertex -11.584521293640137 7.740530014038086 68.37223815917969
      vertex -9.473225593566895 9.473225593566895 71.0639877319336
    endloop
  endfacet
  facet normal -0.5282625815294795 0.6436897804156972 0.5537166347006396
    outer loop
      vertex -6.0124616622924805 8.998285293579102 75.88150787353516
      vertex -8.730574607849121 8.730574607849121 73.59955596923828
      vertex -7.652412414550781 7.652412414550781 75.88150787353516
    endloop
  endfacet
  facet normal -0.49160413287691235 0.26276809927620737 0.8302278618193372
    outer loop
      vertex -7.384701728820801 4.934299468994141 77.8221435546875
      vertex -8.20544147491455 3.3988046646118164 77.8221435546875
      vertex -5.48732852935791 3.666515350341797 79.34689331054688
    endloop
  endfacet
  facet normal -0.8847200443510407 0.268377144960928 0.38110910666909253
    outer loop
      vertex -11.407045364379883 4.724952697753906 73.59955596923828
      vertex -12.377366065979004 5.1268720626831055 71.0639877319336
      vertex -12.109655380249023 2.4087600708007812 73.59955596923828
    endloop
  endfacet
  facet normal -0.6782893412916686 0.20575699965464928 0.7053989130862273
    outer loop
      vertex -9.998358726501465 4.14145565032959 75.88150787353516
      vertex -10.614201545715332 2.111295700073242 75.88150787353516
      vertex -8.20544147491455 3.3988046646118164 77.8221435546875
    endloop
  endfacet
  facet normal -0.43582046134547114 0.815362746048811 0.38110906290504676
    outer loop
      vertex -5.1268720626831055 12.377366065979004 71.0639877319336
      vertex -6.8595685958862305 10.266069412231445 73.59955596923828
      vertex -4.724952697753906 11.407045364379883 73.59955596923828
    endloop
  endfacet
  facet normal -0.43582050791561705 0.8153627388379017 0.3811090250767218
    outer loop
      vertex -5.1268720626831055 12.377366065979004 71.0639877319336
      vertex -7.443065643310547 11.139334678649902 71.0639877319336
      vertex -6.8595685958862305 10.266069412231445 73.59955596923828
    endloop
  endfacet
  facet normal -0.8847201168570356 0.2683770458876422 -0.38110900811853776
    outer loop
      vertex -12.109655380249023 2.4087600708007812 60.40044403076172
      vertex -13.139741897583008 2.613656997680664 62.936012268066406
      vertex -12.377366065979004 5.1268720626831055 62.936012268066406
    endloop
  endfacet
  facet normal -0.92007825403942 0.09061969339692671 -0.3811090101433178
    outer loop
      vertex -12.109655380249023 2.4087600708007812 60.40044403076172
      vertex -13.397164344787598 0 62.936012268066406
      vertex -13.139741897583008 2.613656997680664 62.936012268066406
    endloop
  endfacet
  facet normal -0.9951847259162125 -0.0980171480051975 0
    outer loop
      vertex -13.664875030517578 -2.718111991882324 65.62776184082031
      vertex -13.932585716247559 0 68.37223815917969
      vertex -13.932585716247559 0 65.62776184082031
    endloop
  endfacet
  facet normal -0.9951847259162125 -0.0980171480051975 0
    outer loop
      vertex -13.932585716247559 0 68.37223815917969
      vertex -13.664875030517578 -2.718111991882324 65.62776184082031
      vertex -13.664875030517578 -2.718111991882324 68.37223815917969
    endloop
  endfacet
  facet normal -0.9387246861999495 0.2847591609865664 -0.19418595148216275
    outer loop
      vertex -13.139741897583008 2.613656997680664 62.936012268066406
      vertex -13.664875030517578 2.718111991882324 65.62776184082031
      vertex -12.377366065979004 5.1268720626831055 62.936012268066406
    endloop
  endfacet
  facet normal -0.8651336099866636 -0.4624235954866429 -0.1941861354696805
    outer loop
      vertex -11.584521293640137 -7.740530014038086 65.62776184082031
      vertex -12.377366065979004 -5.1268720626831055 62.936012268066406
      vertex -11.139334678649902 -7.443065643310547 62.936012268066406
    endloop
  endfacet
  facet normal -0.7968488778965002 -0.24172158156477425 -0.5537170241205456
    outer loop
      vertex -11.407045364379883 -4.724952697753906 60.40044403076172
      vertex -11.739157676696777 -2.7128195762634277 60
      vertex -11.159844398498535 -4.62255859375 60
    endloop
  endfacet
  facet normal -0.7968486097445082 -0.24172161150274754 -0.5537173969460949
    outer loop
      vertex -11.739157676696777 -2.7128195762634277 60
      vertex -11.407045364379883 -4.724952697753906 60.40044403076172
      vertex -12.109655380249023 -2.4087600708007812 60.40044403076172
    endloop
  endfacet
  facet normal -0.8847201168570356 -0.2683770458876422 -0.38110900811853776
    outer loop
      vertex -12.377366065979004 -5.1268720626831055 62.936012268066406
      vertex -13.139741897583008 -2.613656997680664 62.936012268066406
      vertex -12.109655380249023 -2.4087600708007812 60.40044403076172
    endloop
  endfacet
  facet normal -0.9387246861999495 -0.2847591609865664 -0.19418595148216275
    outer loop
      vertex -12.377366065979004 -5.1268720626831055 62.936012268066406
      vertex -13.664875030517578 -2.718111991882324 65.62776184082031
      vertex -13.139741897583008 -2.613656997680664 62.936012268066406
    endloop
  endfacet
  facet normal -0.09615136518453424 0.9762411165295931 -0.1941859865443539
    outer loop
      vertex -2.613656997680664 13.139741897583008 62.936012268066406
      vertex -2.718111991882324 13.664875030517578 65.62776184082031
      vertex 0 13.932585716247559 65.62776184082031
    endloop
  endfacet
  facet normal -0.2847591609865664 0.9387246861999495 -0.19418595148216275
    outer loop
      vertex -2.613656997680664 13.139741897583008 62.936012268066406
      vertex -5.1268720626831055 12.377366065979004 62.936012268066406
      vertex -2.718111991882324 13.664875030517578 65.62776184082031
    endloop
  endfacet
  facet normal 0.09061963871128885 0.9200782407102843 0.38110905532577344
    outer loop
      vertex 0 13.397164344787598 71.0639877319336
      vertex 0 12.34689712524414 73.59955596923828
      vertex 2.4087600708007812 12.109655380249023 73.59955596923828
    endloop
  endfacet
  facet normal 0.09615124507048674 0.9762411057900366 0.19418610001038095
    outer loop
      vertex 0 13.932585716247559 68.37223815917969
      vertex 0 13.397164344787598 71.0639877319336
      vertex 2.613656997680664 13.139741897583008 71.0639877319336
    endloop
  endfacet
  facet normal 0.28475923003280296 0.9387246787714082 -0.19418588614171167
    outer loop
      vertex 5.1268720626831055 12.377366065979004 62.936012268066406
      vertex 2.718111991882324 13.664875030517578 65.62776184082031
      vertex 5.331768989562988 12.872030258178711 65.62776184082031
    endloop
  endfacet
  facet normal 0.2417217451319044 0.7968491159794536 0.5537166100932406
    outer loop
      vertex 2.4087600708007812 12.109655380249023 73.59955596923828
      vertex 2.111295700073242 10.614201545715332 75.88150787353516
      vertex 4.14145565032959 9.998358726501465 75.88150787353516
    endloop
  endfacet
  facet normal 0.2683770458876422 0.8847201168570356 0.38110900811853776
    outer loop
      vertex 2.613656997680664 13.139741897583008 71.0639877319336
      vertex 2.4087600708007812 12.109655380249023 73.59955596923828
      vertex 5.1268720626831055 12.377366065979004 71.0639877319336
    endloop
  endfacet
  facet normal 0.6343932791997419 0.7730104574365074 0
    outer loop
      vertex 9.851825714111328 9.851825714111328 65.62776184082031
      vertex 7.740530014038086 11.584521293640137 68.37223815917969
      vertex 9.851825714111328 9.851825714111328 68.37223815917969
    endloop
  endfacet
  facet normal 0.6343932791997419 0.7730104574365074 0
    outer loop
      vertex 7.740530014038086 11.584521293640137 68.37223815917969
      vertex 9.851825714111328 9.851825714111328 65.62776184082031
      vertex 7.740530014038086 11.584521293640137 65.62776184082031
    endloop
  endfacet
  facet normal 0.9387246861999495 0.2847591609865664 -0.19418595148216275
    outer loop
      vertex 13.139741897583008 2.613656997680664 62.936012268066406
      vertex 12.377366065979004 5.1268720626831055 62.936012268066406
      vertex 13.664875030517578 2.718111991882324 65.62776184082031
    endloop
  endfacet
  facet normal 0.8819213597689525 0.4713965583065728 0
    outer loop
      vertex 12.872030258178711 5.331768989562988 68.37223815917969
      vertex 11.584521293640137 7.740530014038086 65.62776184082031
      vertex 11.584521293640137 7.740530014038086 68.37223815917969
    endloop
  endfacet
  facet normal 0.8819213597689525 0.4713965583065728 0
    outer loop
      vertex 11.584521293640137 7.740530014038086 65.62776184082031
      vertex 12.872030258178711 5.331768989562988 68.37223815917969
      vertex 12.872030258178711 5.331768989562988 65.62776184082031
    endloop
  endfacet
  facet normal 0.43582046134547114 0.815362746048811 -0.38110906290504676
    outer loop
      vertex 6.8595685958862305 10.266069412231445 60.40044403076172
      vertex 4.724952697753906 11.407045364379883 60.40044403076172
      vertex 5.1268720626831055 12.377366065979004 62.936012268066406
    endloop
  endfacet
  facet normal 0.7730104574365074 0.6343932791997419 0
    outer loop
      vertex 11.584521293640137 7.740530014038086 68.37223815917969
      vertex 9.851825714111328 9.851825714111328 65.62776184082031
      vertex 9.851825714111328 9.851825714111328 68.37223815917969
    endloop
  endfacet
  facet normal 0.7730104574365074 0.6343932791997419 0
    outer loop
      vertex 9.851825714111328 9.851825714111328 65.62776184082031
      vertex 11.584521293640137 7.740530014038086 68.37223815917969
      vertex 11.584521293640137 7.740530014038086 65.62776184082031
    endloop
  endfacet
  facet normal 0.62231741588016 0.7582959752143974 -0.19418611656317206
    outer loop
      vertex 9.473225593566895 9.473225593566895 62.936012268066406
      vertex 7.740530014038086 11.584521293640137 65.62776184082031
      vertex 9.851825714111328 9.851825714111328 65.62776184082031
    endloop
  endfacet
  facet normal 0.7582959752143975 0.62231741588016 -0.19418611656317208
    outer loop
      vertex 11.584521293640137 7.740530014038086 65.62776184082031
      vertex 9.473225593566895 9.473225593566895 62.936012268066406
      vertex 9.851825714111328 9.851825714111328 65.62776184082031
    endloop
  endfacet
  facet normal -0.43582050791561705 0.8153627388379017 -0.3811090250767218
    outer loop
      vertex -6.8595685958862305 10.266069412231445 60.40044403076172
      vertex -7.443065643310547 11.139334678649902 62.936012268066406
      vertex -5.1268720626831055 12.377366065979004 62.936012268066406
    endloop
  endfacet
  facet normal -0.4624235954866429 0.8651336099866636 -0.1941861354696805
    outer loop
      vertex -7.443065643310547 11.139334678649902 62.936012268066406
      vertex -7.740530014038086 11.584521293640137 65.62776184082031
      vertex -5.1268720626831055 12.377366065979004 62.936012268066406
    endloop
  endfacet
  facet normal -0.2902848750706704 0.9569402757252959 0
    outer loop
      vertex -2.718111991882324 13.664875030517578 65.62776184082031
      vertex -5.331768989562988 12.872030258178711 68.37223815917969
      vertex -2.718111991882324 13.664875030517578 68.37223815917969
    endloop
  endfacet
  facet normal -0.2902848750706704 0.9569402757252959 0
    outer loop
      vertex -5.331768989562988 12.872030258178711 68.37223815917969
      vertex -2.718111991882324 13.664875030517578 65.62776184082031
      vertex -5.331768989562988 12.872030258178711 65.62776184082031
    endloop
  endfacet
  facet normal 0.24172186346023278 0.7968486441403787 -0.5537172374569469
    outer loop
      vertex 2.7128195762634277 11.739157676696777 60
      vertex 2.356559991836548 11.847228050231934 60
      vertex 2.4087600708007812 12.109655380249023 60.40044403076172
    endloop
  endfacet
  facet normal 0.24172158156477425 0.7968488778965002 -0.5537170241205456
    outer loop
      vertex 2.7128195762634277 11.739157676696777 60
      vertex 4.724952697753906 11.407045364379883 60.40044403076172
      vertex 4.62255859375 11.159844398498535 60
    endloop
  endfacet
  facet normal 0.24172161150274754 0.7968486097445082 -0.5537173969460949
    outer loop
      vertex 4.724952697753906 11.407045364379883 60.40044403076172
      vertex 2.7128195762634277 11.739157676696777 60
      vertex 2.4087600708007812 12.109655380249023 60.40044403076172
    endloop
  endfacet
  facet normal -0.17285516529508393 0.09239356855085509 0.9806041608729018
    outer loop
      vertex -1.140974998474121 0.7623748779296875 80.93258666992188
      vertex -3.379079818725586 2.257828712463379 80.39716339111328
      vertex -1.2677841186523438 0.5251331329345703 80.93258666992188
    endloop
  endfacet
  facet normal 0.17285516529508393 0.09239356855085509 0.9806041608729018
    outer loop
      vertex 3.379079818725586 2.257828712463379 80.39716339111328
      vertex 1.140974998474121 0.7623748779296875 80.93258666992188
      vertex 1.2677841186523438 0.5251331329345703 80.93258666992188
    endloop
  endfacet
  facet normal -0.3677170104175603 0.11154570387903755 0.9232235678294299
    outer loop
      vertex -3.7546329498291016 1.5552196502685547 80.39716339111328
      vertex -6.097192764282227 2.5255393981933594 79.34689331054688
      vertex -3.9858970642089844 0.7928438186645508 80.39716339111328
    endloop
  endfacet
  facet normal -0.33888994570769193 0.1811404149871834 0.9232235670499908
    outer loop
      vertex -5.48732852935791 3.666515350341797 79.34689331054688
      vertex -6.097192764282227 2.5255393981933594 79.34689331054688
      vertex -3.7546329498291016 1.5552196502685547 80.39716339111328
    endloop
  endfacet
  facet normal 0.43582046134547114 -0.815362746048811 -0.38110906290504676
    outer loop
      vertex 5.1268720626831055 -12.377366065979004 62.936012268066406
      vertex 4.724952697753906 -11.407045364379883 60.40044403076172
      vertex 6.8595685958862305 -10.266069412231445 60.40044403076172
    endloop
  endfacet
  facet normal 0.268377144960928 -0.8847200443510407 -0.38110910666909253
    outer loop
      vertex 5.1268720626831055 -12.377366065979004 62.936012268066406
      vertex 2.4087600708007812 -12.109655380249023 60.40044403076172
      vertex 4.724952697753906 -11.407045364379883 60.40044403076172
    endloop
  endfacet
  facet normal 0.3925356707822219 -0.7343795006524653 -0.5537169820269078
    outer loop
      vertex 4.724952697753906 -11.407045364379883 60.40044403076172
      vertex 4.62255859375 -11.159844398498535 60
      vertex 4.9508891105651855 -10.984347343444824 60
    endloop
  endfacet
  facet normal 0.7343795006524653 -0.3925356707822219 -0.5537169820269078
    outer loop
      vertex 11.407045364379883 -4.724952697753906 60.40044403076172
      vertex 10.984347343444824 -4.9508891105651855 60
      vertex 11.159844398498535 -4.62255859375 60
    endloop
  endfacet
  facet normal 0.5282620128842695 -0.6436899429277844 -0.5537169882865123
    outer loop
      vertex 8.730574607849121 -8.730574607849121 60.40044403076172
      vertex 8.25359058380127 -8.77755355834961 60
      vertex 8.541375160217285 -8.541375160217285 60
    endloop
  endfacet
  facet normal 0.08161913876873048 -0.8286944714696496 -0.553718149551095
    outer loop
      vertex 0.3704976439476013 -12.042837142944336 60
      vertex 2.4087600708007812 -12.109655380249023 60.40044403076172
      vertex 0 -12.34689712524414 60.40044403076172
    endloop
  endfacet
  facet normal 0.08161893712062102 -0.8286951063584332 -0.5537172290988289
    outer loop
      vertex 2.4087600708007812 -12.109655380249023 60.40044403076172
      vertex 0.3704976439476013 -12.042837142944336 60
      vertex 2.356559991836548 -11.847228050231934 60
    endloop
  endfacet
  facet normal -0.09061969339692671 -0.92007825403942 -0.3811090101433178
    outer loop
      vertex 0 -13.397164344787598 62.936012268066406
      vertex -2.613656997680664 -13.139741897583008 62.936012268066406
      vertex -2.4087600708007812 -12.109655380249023 60.40044403076172
    endloop
  endfacet
  facet normal -0.33888994570769193 -0.1811404149871834 0.9232235670499908
    outer loop
      vertex -3.7546329498291016 -1.5552196502685547 80.39716339111328
      vertex -6.097192764282227 -2.5255393981933594 79.34689331054688
      vertex -5.48732852935791 -3.666515350341797 79.34689331054688
    endloop
  endfacet
  facet normal -0.3388896675441053 -0.18114066924677327 0.9232236192692845
    outer loop
      vertex -3.7546329498291016 -1.5552196502685547 80.39716339111328
      vertex -5.48732852935791 -3.666515350341797 79.34689331054688
      vertex -3.379079818725586 -2.257828712463379 80.39716339111328
    endloop
  endfacet
  facet normal 0.019211112732472085 0.19505493396428714 0.9806041535113789
    outer loop
      vertex 0 4.0639848709106445 80.39716339111328
      vertex 0 1.372239112854004 80.93258666992188
      vertex 0.7928438186645508 3.9858970642089844 80.39716339111328
    endloop
  endfacet
  facet normal -0.6782892823241774 -0.205756650252964 0.7053990717039765
    outer loop
      vertex -8.71084976196289 -1.7326955795288086 77.8221435546875
      vertex -10.614201545715332 -2.111295700073242 75.88150787353516
      vertex -8.20544147491455 -3.3988046646118164 77.8221435546875
    endloop
  endfacet
  facet normal -0.6782893412916686 -0.20575699965464928 0.7053989130862273
    outer loop
      vertex -8.20544147491455 -3.3988046646118164 77.8221435546875
      vertex -10.614201545715332 -2.111295700073242 75.88150787353516
      vertex -9.998358726501465 -4.14145565032959 75.88150787353516
    endloop
  endfacet
  facet normal -0.1618115670751495 -0.5334216031650472 0.8302279265584334
    outer loop
      vertex -2.5255393981933594 -6.097192764282227 79.34689331054688
      vertex -3.3988046646118164 -8.20544147491455 77.8221435546875
      vertex -1.2875089645385742 -6.472744941711426 79.34689331054688
    endloop
  endfacet
  facet normal -0.17285537418745053 -0.09239331015939331 0.9806041483964397
    outer loop
      vertex -1.2677841186523438 -0.5251331329345703 80.93258666992188
      vertex -3.7546329498291016 -1.5552196502685547 80.39716339111328
      vertex -3.379079818725586 -2.257828712463379 80.39716339111328
    endloop
  endfacet
  facet normal -0.2683770458876422 -0.8847201168570356 0.38110900811853776
    outer loop
      vertex -2.4087600708007812 -12.109655380249023 73.59955596923828
      vertex -5.1268720626831055 -12.377366065979004 71.0639877319336
      vertex -2.613656997680664 -13.139741897583008 71.0639877319336
    endloop
  endfacet
  facet normal -0.09615124507048674 -0.9762411057900366 0.19418610001038095
    outer loop
      vertex 0 -13.397164344787598 71.0639877319336
      vertex -2.613656997680664 -13.139741897583008 71.0639877319336
      vertex 0 -13.932585716247559 68.37223815917969
    endloop
  endfacet
  facet normal 0.08161915941336156 -0.8286954644404052 0.5537166604253092
    outer loop
      vertex 0 -10.822145462036133 75.88150787353516
      vertex 0 -12.34689712524414 73.59955596923828
      vertex 2.111295700073242 -10.614201545715332 75.88150787353516
    endloop
  endfacet
  facet normal -0.09061963871128885 -0.9200782407102843 0.38110905532577344
    outer loop
      vertex 0 -12.34689712524414 73.59955596923828
      vertex -2.4087600708007812 -12.109655380249023 73.59955596923828
      vertex 0 -13.397164344787598 71.0639877319336
    endloop
  endfacet
  facet normal -0.06947540070465143 -0.7053974810318759 0.705398867627963
    outer loop
      vertex 0 -8.881505966186523 77.8221435546875
      vertex -2.111295700073242 -10.614201545715332 75.88150787353516
      vertex 0 -10.822145462036133 75.88150787353516
    endloop
  endfacet
  facet normal -0.08161915941336156 -0.8286954644404052 0.5537166604253092
    outer loop
      vertex 0 -10.822145462036133 75.88150787353516
      vertex -2.111295700073242 -10.614201545715332 75.88150787353516
      vertex 0 -12.34689712524414 73.59955596923828
    endloop
  endfacet
  facet normal -0.46242340535383014 -0.8651337631816415 -0.19418590572989286
    outer loop
      vertex -5.331768989562988 -12.872030258178711 65.62776184082031
      vertex -7.740530014038086 -11.584521293640137 65.62776184082031
      vertex -5.1268720626831055 -12.377366065979004 62.936012268066406
    endloop
  endfacet
  facet normal -0.28475923003280296 -0.9387246787714082 -0.19418588614171167
    outer loop
      vertex -2.718111991882324 -13.664875030517578 65.62776184082031
      vertex -5.331768989562988 -12.872030258178711 65.62776184082031
      vertex -5.1268720626831055 -12.377366065979004 62.936012268066406
    endloop
  endfacet
  facet normal -0.8153627388379017 -0.43582050791561705 -0.3811090250767218
    outer loop
      vertex -11.139334678649902 -7.443065643310547 62.936012268066406
      vertex -12.377366065979004 -5.1268720626831055 62.936012268066406
      vertex -10.266069412231445 -6.8595685958862305 60.40044403076172
    endloop
  endfacet
  facet normal -0.7146714638448107 -0.5865156565813227 -0.38110901767197214
    outer loop
      vertex -8.730574607849121 -8.730574607849121 60.40044403076172
      vertex -11.139334678649902 -7.443065643310547 62.936012268066406
      vertex -10.266069412231445 -6.8595685958862305 60.40044403076172
    endloop
  endfacet
  facet normal -0.7730104574365074 -0.6343932791997419 0
    outer loop
      vertex -9.851825714111328 -9.851825714111328 65.62776184082031
      vertex -11.584521293640137 -7.740530014038086 68.37223815917969
      vertex -11.584521293640137 -7.740530014038086 65.62776184082031
    endloop
  endfacet
  facet normal -0.7730104574365074 -0.6343932791997419 0
    outer loop
      vertex -11.584521293640137 -7.740530014038086 68.37223815917969
      vertex -9.851825714111328 -9.851825714111328 65.62776184082031
      vertex -9.851825714111328 -9.851825714111328 68.37223815917969
    endloop
  endfacet
  facet normal -0.92007825403942 -0.09061969339692671 0.3811090101433178
    outer loop
      vertex -12.109655380249023 -2.4087600708007812 73.59955596923828
      vertex -13.397164344787598 0 71.0639877319336
      vertex -13.139741897583008 -2.613656997680664 71.0639877319336
    endloop
  endfacet
  facet normal -0.9200782407102845 -0.09061963871128886 0.3811090553257735
    outer loop
      vertex -12.34689712524414 0 73.59955596923828
      vertex -13.397164344787598 0 71.0639877319336
      vertex -12.109655380249023 -2.4087600708007812 73.59955596923828
    endloop
  endfacet
  facet normal -0.6223173884727 -0.7582959901826911 0.19418614594602387
    outer loop
      vertex -7.443065643310547 -11.139334678649902 71.0639877319336
      vertex -9.473225593566895 -9.473225593566895 71.0639877319336
      vertex -7.740530014038086 -11.584521293640137 68.37223815917969
    endloop
  endfacet
  facet normal -0.4624235954866429 -0.8651336099866636 0.1941861354696805
    outer loop
      vertex -7.443065643310547 -11.139334678649902 71.0639877319336
      vertex -7.740530014038086 -11.584521293640137 68.37223815917969
      vertex -5.1268720626831055 -12.377366065979004 71.0639877319336
    endloop
  endfacet
  facet normal -0.7146714607221188 -0.5865156651367861 0.38110901036116474
    outer loop
      vertex -8.730574607849121 -8.730574607849121 73.59955596923828
      vertex -11.139334678649902 -7.443065643310547 71.0639877319336
      vertex -9.473225593566895 -9.473225593566895 71.0639877319336
    endloop
  endfacet
  facet normal -0.5865156651367861 -0.7146714607221188 0.38110901036116474
    outer loop
      vertex -8.730574607849121 -8.730574607849121 73.59955596923828
      vertex -9.473225593566895 -9.473225593566895 71.0639877319336
      vertex -7.443065643310547 -11.139334678649902 71.0639877319336
    endloop
  endfacet
  facet normal -0.3341311192651769 -0.6251148431107239 0.7053990558976211
    outer loop
      vertex -4.934299468994141 -7.384701728820801 77.8221435546875
      vertex -6.0124616622924805 -8.998285293579102 75.88150787353516
      vertex -3.3988046646118164 -8.20544147491455 77.8221435546875
    endloop
  endfacet
  facet normal -0.5282625815294795 -0.6436897804156972 0.5537166347006396
    outer loop
      vertex -7.652412414550781 -7.652412414550781 75.88150787353516
      vertex -8.730574607849121 -8.730574607849121 73.59955596923828
      vertex -6.0124616622924805 -8.998285293579102 75.88150787353516
    endloop
  endfacet
  facet normal -0.05463734939515195 -0.5547398881564446 0.8302279304740642
    outer loop
      vertex -1.2875089645385742 -6.472744941711426 79.34689331054688
      vertex -1.7326955795288086 -8.71084976196289 77.8221435546875
      vertex 0 -6.599554061889648 79.34689331054688
    endloop
  endfacet
  facet normal -0.16181155608395956 -0.5334216129248355 0.8302279224299522
    outer loop
      vertex -1.2875089645385742 -6.472744941711426 79.34689331054688
      vertex -3.3988046646118164 -8.20544147491455 77.8221435546875
      vertex -1.7326955795288086 -8.71084976196289 77.8221435546875
    endloop
  endfacet
  facet normal -0.18114066924677327 -0.3388896675441053 0.9232236192692845
    outer loop
      vertex -2.257828712463379 -3.379079818725586 80.39716339111328
      vertex -3.666515350341797 -5.48732852935791 79.34689331054688
      vertex -1.5552196502685547 -3.7546329498291016 80.39716339111328
    endloop
  endfacet
  facet normal -0.24377370149521754 -0.29703961614039703 0.9232236180376271
    outer loop
      vertex -2.873671531677246 -2.873671531677246 80.39716339111328
      vertex -3.666515350341797 -5.48732852935791 79.34689331054688
      vertex -2.257828712463379 -3.379079818725586 80.39716339111328
    endloop
  endfacet
  facet normal 0.6436894684862445 0.528262244042352 -0.5537173192877703
    outer loop
      vertex 10.266069412231445 6.8595685958862305 60.40044403076172
      vertex 8.77755355834961 8.25359058380127 60
      vertex 8.730574607849121 8.730574607849121 60.40044403076172
    endloop
  endfacet
  facet normal 0.6436894171204377 0.5282621448610627 -0.5537174736216484
    outer loop
      vertex 8.77755355834961 8.25359058380127 60
      vertex 10.266069412231445 6.8595685958862305 60.40044403076172
      vertex 10.043594360351562 6.7109150886535645 60
    endloop
  endfacet
  facet normal 0.7968486441403786 0.24172186346023272 -0.5537172374569468
    outer loop
      vertex 11.847228050231934 2.356559991836548 60
      vertex 11.739157676696777 2.7128195762634277 60
      vertex 12.109655380249023 2.4087600708007812 60.40044403076172
    endloop
  endfacet
  facet normal 0.8153627388379017 0.43582050791561705 -0.3811090250767218
    outer loop
      vertex 12.377366065979004 5.1268720626831055 62.936012268066406
      vertex 10.266069412231445 6.8595685958862305 60.40044403076172
      vertex 11.139334678649902 7.443065643310547 62.936012268066406
    endloop
  endfacet
  facet normal 0.8651336099866636 0.4624235954866429 -0.1941861354696805
    outer loop
      vertex 12.377366065979004 5.1268720626831055 62.936012268066406
      vertex 11.139334678649902 7.443065643310547 62.936012268066406
      vertex 11.584521293640137 7.740530014038086 65.62776184082031
    endloop
  endfacet
  facet normal 0.9387246787714082 0.28475923003280296 -0.19418588614171167
    outer loop
      vertex 13.664875030517578 2.718111991882324 65.62776184082031
      vertex 12.377366065979004 5.1268720626831055 62.936012268066406
      vertex 12.872030258178711 5.331768989562988 65.62776184082031
    endloop
  endfacet
  facet normal 0.9569402757252959 0.2902848750706704 0
    outer loop
      vertex 13.664875030517578 2.718111991882324 68.37223815917969
      vertex 12.872030258178711 5.331768989562988 65.62776184082031
      vertex 12.872030258178711 5.331768989562988 68.37223815917969
    endloop
  endfacet
  facet normal 0.9569402757252959 0.2902848750706704 0
    outer loop
      vertex 12.872030258178711 5.331768989562988 65.62776184082031
      vertex 13.664875030517578 2.718111991882324 68.37223815917969
      vertex 13.664875030517578 2.718111991882324 65.62776184082031
    endloop
  endfacet
  facet normal 0.8286951063584332 0.08161893712062102 -0.5537172290988289
    outer loop
      vertex 12.109655380249023 2.4087600708007812 60.40044403076172
      vertex 12.042837142944336 0.3704976439476013 60
      vertex 11.847228050231934 2.356559991836548 60
    endloop
  endfacet
  facet normal 0.8286944714696496 0.08161913876873048 -0.553718149551095
    outer loop
      vertex 12.042837142944336 0.3704976439476013 60
      vertex 12.109655380249023 2.4087600708007812 60.40044403076172
      vertex 12.34689712524414 0 60.40044403076172
    endloop
  endfacet
  facet normal 0.8847200443510407 0.268377144960928 -0.38110910666909253
    outer loop
      vertex 12.109655380249023 2.4087600708007812 60.40044403076172
      vertex 11.407045364379883 4.724952697753906 60.40044403076172
      vertex 12.377366065979004 5.1268720626831055 62.936012268066406
    endloop
  endfacet
  facet normal 0.7968491159794536 0.2417217451319044 0.5537166100932406
    outer loop
      vertex 12.109655380249023 2.4087600708007812 73.59955596923828
      vertex 9.998358726501465 4.14145565032959 75.88150787353516
      vertex 10.614201545715332 2.111295700073242 75.88150787353516
    endloop
  endfacet
  facet normal 0.6782893412916686 0.20575699965464928 0.7053989130862273
    outer loop
      vertex 9.998358726501465 4.14145565032959 75.88150787353516
      vertex 8.20544147491455 3.3988046646118164 77.8221435546875
      vertex 10.614201545715332 2.111295700073242 75.88150787353516
    endloop
  endfacet
  facet normal 0.625115094450693 -0.33413094051099784 0.7053989178352467
    outer loop
      vertex 9.998358726501465 -4.14145565032959 75.88150787353516
      vertex 8.20544147491455 -3.3988046646118164 77.8221435546875
      vertex 8.998285293579102 -6.0124616622924805 75.88150787353516
    endloop
  endfacet
  facet normal 0.7343804376783486 -0.39253447647103573 0.5537165859327018
    outer loop
      vertex 9.998358726501465 -4.14145565032959 75.88150787353516
      vertex 8.998285293579102 -6.0124616622924805 75.88150787353516
      vertex 11.407045364379883 -4.724952697753906 73.59955596923828
    endloop
  endfacet
  facet normal 0.38241291438614977 0.037664549571099125 0.9232235615582488
    outer loop
      vertex 6.472744941711426 1.2875089645385742 79.34689331054688
      vertex 3.9858970642089844 0.7928438186645508 80.39716339111328
      vertex 6.599554061889648 0 79.34689331054688
    endloop
  endfacet
  facet normal 0.38241281276647054 0.037664136492663654 0.9232236205028
    outer loop
      vertex 6.599554061889648 0 79.34689331054688
      vertex 3.9858970642089844 0.7928438186645508 80.39716339111328
      vertex 4.0639848709106445 0 80.39716339111328
    endloop
  endfacet
  facet normal 0.5334216129248355 -0.16181155608395956 0.8302279224299522
    outer loop
      vertex 8.71084976196289 -1.7326955795288086 77.8221435546875
      vertex 6.472744941711426 -1.2875089645385742 79.34689331054688
      vertex 8.20544147491455 -3.3988046646118164 77.8221435546875
    endloop
  endfacet
  facet normal 0.7053972299620622 -0.06947580126448234 0.705399079245577
    outer loop
      vertex 8.881505966186523 0 77.8221435546875
      vertex 8.71084976196289 -1.7326955795288086 77.8221435546875
      vertex 10.614201545715332 -2.111295700073242 75.88150787353516
    endloop
  endfacet
  facet normal 0.5334216031650472 -0.1618115670751495 0.8302279265584334
    outer loop
      vertex 6.472744941711426 -1.2875089645385742 79.34689331054688
      vertex 6.097192764282227 -2.5255393981933594 79.34689331054688
      vertex 8.20544147491455 -3.3988046646118164 77.8221435546875
    endloop
  endfacet
  facet normal 0.18755911744128925 -0.056895116439667784 0.9806041623356293
    outer loop
      vertex 1.345871925354004 -0.26771068572998047 80.93258666992188
      vertex 1.2677841186523438 -0.5251331329345703 80.93258666992188
      vertex 3.9858970642089844 -0.7928438186645508 80.39716339111328
    endloop
  endfacet
  facet normal 0.3536262707710809 -0.4308944951974723 0.8302279172787758
    outer loop
      vertex 4.66658878326416 -4.66658878326416 79.34689331054688
      vertex 3.666515350341797 -5.48732852935791 79.34689331054688
      vertex 6.280172348022461 -6.280172348022461 77.8221435546875
    endloop
  endfacet
  facet normal -0.019211221094182093 0.19505490196228753 0.9806041577540618
    outer loop
      vertex 0 1.372239112854004 80.93258666992188
      vertex -0.7928438186645508 3.9858970642089844 80.39716339111328
      vertex -0.26771068572998047 1.345871925354004 80.93258666992188
    endloop
  endfacet
  facet normal 0.39253447647103573 -0.7343804376783486 0.5537165859327018
    outer loop
      vertex 6.0124616622924805 -8.998285293579102 75.88150787353516
      vertex 4.14145565032959 -9.998358726501465 75.88150787353516
      vertex 4.724952697753906 -11.407045364379883 73.59955596923828
    endloop
  endfacet
  facet normal 0.20575699965464928 -0.6782893412916686 0.7053989130862273
    outer loop
      vertex 3.3988046646118164 -8.20544147491455 77.8221435546875
      vertex 2.111295700073242 -10.614201545715332 75.88150787353516
      vertex 4.14145565032959 -9.998358726501465 75.88150787353516
    endloop
  endfacet
  facet normal 0.3341309405109979 -0.6251150944506931 0.7053989178352468
    outer loop
      vertex 6.0124616622924805 -8.998285293579102 75.88150787353516
      vertex 3.3988046646118164 -8.20544147491455 77.8221435546875
      vertex 4.14145565032959 -9.998358726501465 75.88150787353516
    endloop
  endfacet
  facet normal 0.0546373002146321 -0.55473991695739 0.8302279144664819
    outer loop
      vertex 0 -6.599554061889648 79.34689331054688
      vertex 0 -8.881505966186523 77.8221435546875
      vertex 1.7326955795288086 -8.71084976196289 77.8221435546875
    endloop
  endfacet
  facet normal 0.8153627388379017 -0.43582050791561705 0.3811090250767218
    outer loop
      vertex 12.377366065979004 -5.1268720626831055 71.0639877319336
      vertex 10.266069412231445 -6.8595685958862305 73.59955596923828
      vertex 11.139334678649902 -7.443065643310547 71.0639877319336
    endloop
  endfacet
  facet normal 0.815362746048811 -0.43582046134547114 0.38110906290504676
    outer loop
      vertex 11.407045364379883 -4.724952697753906 73.59955596923828
      vertex 10.266069412231445 -6.8595685958862305 73.59955596923828
      vertex 12.377366065979004 -5.1268720626831055 71.0639877319336
    endloop
  endfacet
  facet normal 0.43582050791561705 -0.8153627388379017 0.3811090250767218
    outer loop
      vertex 6.8595685958862305 -10.266069412231445 73.59955596923828
      vertex 5.1268720626831055 -12.377366065979004 71.0639877319336
      vertex 7.443065643310547 -11.139334678649902 71.0639877319336
    endloop
  endfacet
  facet normal 0.08161923927980065 -0.8286954919774547 0.5537166074406932
    outer loop
      vertex 2.111295700073242 -10.614201545715332 75.88150787353516
      vertex 0 -12.34689712524414 73.59955596923828
      vertex 2.4087600708007812 -12.109655380249023 73.59955596923828
    endloop
  endfacet
  facet normal 0.09061963871128885 -0.9200782407102843 0.38110905532577344
    outer loop
      vertex 0 -12.34689712524414 73.59955596923828
      vertex 0 -13.397164344787598 71.0639877319336
      vertex 2.4087600708007812 -12.109655380249023 73.59955596923828
    endloop
  endfacet
  facet normal 0.8651337631816415 -0.46242340535383014 -0.19418590572989286
    outer loop
      vertex 12.872030258178711 -5.331768989562988 65.62776184082031
      vertex 11.584521293640137 -7.740530014038086 65.62776184082031
      vertex 12.377366065979004 -5.1268720626831055 62.936012268066406
    endloop
  endfacet
  facet normal 0.9387246787714082 -0.28475923003280296 -0.19418588614171167
    outer loop
      vertex 12.872030258178711 -5.331768989562988 65.62776184082031
      vertex 12.377366065979004 -5.1268720626831055 62.936012268066406
      vertex 13.664875030517578 -2.718111991882324 65.62776184082031
    endloop
  endfacet
  facet normal 0.92007825403942 -0.09061969339692671 -0.3811090101433178
    outer loop
      vertex 13.139741897583008 -2.613656997680664 62.936012268066406
      vertex 12.109655380249023 -2.4087600708007812 60.40044403076172
      vertex 13.397164344787598 0 62.936012268066406
    endloop
  endfacet
  facet normal 0.9762411057900366 -0.09615124507048674 -0.19418610001038095
    outer loop
      vertex 13.932585716247559 0 65.62776184082031
      vertex 13.139741897583008 -2.613656997680664 62.936012268066406
      vertex 13.397164344787598 0 62.936012268066406
    endloop
  endfacet
  facet normal 0.2902848750706704 -0.9569402757252959 0
    outer loop
      vertex 2.718111991882324 -13.664875030517578 65.62776184082031
      vertex 5.331768989562988 -12.872030258178711 68.37223815917969
      vertex 2.718111991882324 -13.664875030517578 68.37223815917969
    endloop
  endfacet
  facet normal 0.2902848750706704 -0.9569402757252959 0
    outer loop
      vertex 5.331768989562988 -12.872030258178711 68.37223815917969
      vertex 2.718111991882324 -13.664875030517578 65.62776184082031
      vertex 5.331768989562988 -12.872030258178711 65.62776184082031
    endloop
  endfacet
  facet normal 0.2683770458876422 -0.8847201168570356 -0.38110900811853776
    outer loop
      vertex 2.613656997680664 -13.139741897583008 62.936012268066406
      vertex 2.4087600708007812 -12.109655380249023 60.40044403076172
      vertex 5.1268720626831055 -12.377366065979004 62.936012268066406
    endloop
  endfacet
  facet normal 0.2847591609865664 -0.9387246861999495 -0.19418595148216275
    outer loop
      vertex 2.718111991882324 -13.664875030517578 65.62776184082031
      vertex 2.613656997680664 -13.139741897583008 62.936012268066406
      vertex 5.1268720626831055 -12.377366065979004 62.936012268066406
    endloop
  endfacet
  facet normal 0.09239331015939331 0.17285537418745053 0.9806041483964397
    outer loop
      vertex 1.5552196502685547 3.7546329498291016 80.39716339111328
      vertex 0.5251331329345703 1.2677841186523438 80.93258666992188
      vertex 2.257828712463379 3.379079818725586 80.39716339111328
    endloop
  endfacet
  facet normal -0.056895116439667784 0.18755911744128925 0.9806041623356293
    outer loop
      vertex -0.26771068572998047 1.345871925354004 80.93258666992188
      vertex -0.7928438186645508 3.9858970642089844 80.39716339111328
      vertex -0.5251331329345703 1.2677841186523438 80.93258666992188
    endloop
  endfacet
  facet normal 0.18755908627943862 0.05689541061533121 0.980604151227668
    outer loop
      vertex 3.7546329498291016 1.5552196502685547 80.39716339111328
      vertex 1.2677841186523438 0.5251331329345703 80.93258666992188
      vertex 3.9858970642089844 0.7928438186645508 80.39716339111328
    endloop
  endfacet
  facet normal 0.3677170104175603 0.11154570387903755 0.9232235678294299
    outer loop
      vertex 6.097192764282227 2.5255393981933594 79.34689331054688
      vertex 3.7546329498291016 1.5552196502685547 80.39716339111328
      vertex 3.9858970642089844 0.7928438186645508 80.39716339111328
    endloop
  endfacet
  facet normal -0.05689541061533121 0.18755908627943862 0.980604151227668
    outer loop
      vertex -0.7928438186645508 3.9858970642089844 80.39716339111328
      vertex -1.5552196502685547 3.7546329498291016 80.39716339111328
      vertex -0.5251331329345703 1.2677841186523438 80.93258666992188
    endloop
  endfacet
  facet normal -0.09239331015939331 0.17285537418745053 0.9806041483964397
    outer loop
      vertex -1.5552196502685547 3.7546329498291016 80.39716339111328
      vertex -2.257828712463379 3.379079818725586 80.39716339111328
      vertex -0.5251331329345703 1.2677841186523438 80.93258666992188
    endloop
  endfacet
  facet normal 0.24377417667664525 0.2970394438518978 0.9232235480000384
    outer loop
      vertex 3.666515350341797 5.48732852935791 79.34689331054688
      vertex 2.873671531677246 2.873671531677246 80.39716339111328
      vertex 4.66658878326416 4.66658878326416 79.34689331054688
    endloop
  endfacet
  facet normal 0.2970394438518978 0.24377417667664525 0.9232235480000384
    outer loop
      vertex 4.66658878326416 4.66658878326416 79.34689331054688
      vertex 2.873671531677246 2.873671531677246 80.39716339111328
      vertex 5.48732852935791 3.666515350341797 79.34689331054688
    endloop
  endfacet
  facet normal 0.05463734939515195 0.5547398881564446 0.8302279304740642
    outer loop
      vertex 1.7326955795288086 8.71084976196289 77.8221435546875
      vertex 0 6.599554061889648 79.34689331054688
      vertex 1.2875089645385742 6.472744941711426 79.34689331054688
    endloop
  endfacet
  facet normal 0.037664549571099125 0.38241291438614977 0.9232235615582488
    outer loop
      vertex 1.2875089645385742 6.472744941711426 79.34689331054688
      vertex 0 6.599554061889648 79.34689331054688
      vertex 0.7928438186645508 3.9858970642089844 80.39716339111328
    endloop
  endfacet
  facet normal -0.18755911744128925 -0.056895116439667784 0.9806041623356293
    outer loop
      vertex -1.345871925354004 -0.26771068572998047 80.93258666992188
      vertex -3.9858970642089844 -0.7928438186645508 80.39716339111328
      vertex -1.2677841186523438 -0.5251331329345703 80.93258666992188
    endloop
  endfacet
  facet normal 0.18114066924677327 0.3388896675441053 0.9232236192692845
    outer loop
      vertex 3.666515350341797 5.48732852935791 79.34689331054688
      vertex 1.5552196502685547 3.7546329498291016 80.39716339111328
      vertex 2.257828712463379 3.379079818725586 80.39716339111328
    endloop
  endfacet
  facet normal 0.11154566939961233 0.36771703576435794 0.9232235618997526
    outer loop
      vertex 1.2875089645385742 6.472744941711426 79.34689331054688
      vertex 0.7928438186645508 3.9858970642089844 80.39716339111328
      vertex 2.5255393981933594 6.097192764282227 79.34689331054688
    endloop
  endfacet
  facet normal 0.1618115670751495 0.5334216031650472 0.8302279265584334
    outer loop
      vertex 3.3988046646118164 8.20544147491455 77.8221435546875
      vertex 1.2875089645385742 6.472744941711426 79.34689331054688
      vertex 2.5255393981933594 6.097192764282227 79.34689331054688
    endloop
  endfacet
  facet normal -0.15150916689093644 -0.12434014998862389 0.9806041502302655
    outer loop
      vertex -0.9703197479248047 -0.9703197479248047 80.93258666992188
      vertex -3.379079818725586 -2.257828712463379 80.39716339111328
      vertex -2.873671531677246 -2.873671531677246 80.39716339111328
    endloop
  endfacet
  facet normal -0.037664136492663654 0.38241281276647054 0.9232236205028
    outer loop
      vertex 0 6.599554061889648 79.34689331054688
      vertex -0.7928438186645508 3.9858970642089844 80.39716339111328
      vertex 0 4.0639848709106445 80.39716339111328
    endloop
  endfacet
  facet normal 0.268377144960928 0.8847200443510407 0.38110910666909253
    outer loop
      vertex 5.1268720626831055 12.377366065979004 71.0639877319336
      vertex 2.4087600708007812 12.109655380249023 73.59955596923828
      vertex 4.724952697753906 11.407045364379883 73.59955596923828
    endloop
  endfacet
  facet normal 0.24172176592880437 0.7968491188185125 0.5537165969288084
    outer loop
      vertex 4.724952697753906 11.407045364379883 73.59955596923828
      vertex 2.4087600708007812 12.109655380249023 73.59955596923828
      vertex 4.14145565032959 9.998358726501465 75.88150787353516
    endloop
  endfacet
  facet normal 0.4308947097519562 0.3536261666073693 0.8302278502907228
    outer loop
      vertex 6.280172348022461 6.280172348022461 77.8221435546875
      vertex 5.48732852935791 3.666515350341797 79.34689331054688
      vertex 7.384701728820801 4.934299468994141 77.8221435546875
    endloop
  endfacet
  facet normal 0.49160413287691235 0.26276809927620737 0.8302278618193372
    outer loop
      vertex 7.384701728820801 4.934299468994141 77.8221435546875
      vertex 5.48732852935791 3.666515350341797 79.34689331054688
      vertex 8.20544147491455 3.3988046646118164 77.8221435546875
    endloop
  endfacet
  facet normal 0.8153627388379017 0.43582050791561705 0.3811090250767218
    outer loop
      vertex 11.139334678649902 7.443065643310547 71.0639877319336
      vertex 10.266069412231445 6.8595685958862305 73.59955596923828
      vertex 12.377366065979004 5.1268720626831055 71.0639877319336
    endloop
  endfacet
  facet normal 0.8651336099866636 0.4624235954866429 0.1941861354696805
    outer loop
      vertex 11.584521293640137 7.740530014038086 68.37223815917969
      vertex 11.139334678649902 7.443065643310547 71.0639877319336
      vertex 12.377366065979004 5.1268720626831055 71.0639877319336
    endloop
  endfacet
  facet normal -0.205756650252964 0.6782892823241774 0.7053990717039765
    outer loop
      vertex -2.111295700073242 10.614201545715332 75.88150787353516
      vertex -3.3988046646118164 8.20544147491455 77.8221435546875
      vertex -1.7326955795288086 8.71084976196289 77.8221435546875
    endloop
  endfacet
  facet normal -0.1618115670751495 0.5334216031650472 0.8302279265584334
    outer loop
      vertex -1.2875089645385742 6.472744941711426 79.34689331054688
      vertex -3.3988046646118164 8.20544147491455 77.8221435546875
      vertex -2.5255393981933594 6.097192764282227 79.34689331054688
    endloop
  endfacet
  facet normal -0.4308947097519562 0.3536261666073693 0.8302278502907228
    outer loop
      vertex -6.280172348022461 6.280172348022461 77.8221435546875
      vertex -7.384701728820801 4.934299468994141 77.8221435546875
      vertex -5.48732852935791 3.666515350341797 79.34689331054688
    endloop
  endfacet
  facet normal -0.24377417667664525 0.2970394438518978 0.9232235480000384
    outer loop
      vertex -3.666515350341797 5.48732852935791 79.34689331054688
      vertex -4.66658878326416 4.66658878326416 79.34689331054688
      vertex -2.873671531677246 2.873671531677246 80.39716339111328
    endloop
  endfacet
  facet normal -0.05463734939515195 0.5547398881564446 0.8302279304740642
    outer loop
      vertex 0 6.599554061889648 79.34689331054688
      vertex -1.7326955795288086 8.71084976196289 77.8221435546875
      vertex -1.2875089645385742 6.472744941711426 79.34689331054688
    endloop
  endfacet
  facet normal -0.26276809927620737 0.49160413287691235 0.8302278618193372
    outer loop
      vertex -3.3988046646118164 8.20544147491455 77.8221435546875
      vertex -4.934299468994141 7.384701728820801 77.8221435546875
      vertex -3.666515350341797 5.48732852935791 79.34689331054688
    endloop
  endfacet
  facet normal -0.8651336099866636 0.4624235954866429 -0.1941861354696805
    outer loop
      vertex -11.139334678649902 7.443065643310547 62.936012268066406
      vertex -12.377366065979004 5.1268720626831055 62.936012268066406
      vertex -11.584521293640137 7.740530014038086 65.62776184082031
    endloop
  endfacet
  facet normal -0.7582959901826911 0.6223173884727 -0.19418614594602387
    outer loop
      vertex -11.139334678649902 7.443065643310547 62.936012268066406
      vertex -11.584521293640137 7.740530014038086 65.62776184082031
      vertex -9.473225593566895 9.473225593566895 62.936012268066406
    endloop
  endfacet
  facet normal -0.9387246787714082 0.28475923003280296 0.19418588614171167
    outer loop
      vertex -12.872030258178711 5.331768989562988 68.37223815917969
      vertex -13.664875030517578 2.718111991882324 68.37223815917969
      vertex -12.377366065979004 5.1268720626831055 71.0639877319336
    endloop
  endfacet
  facet normal -0.8651337631816415 0.46242340535383014 0.19418590572989286
    outer loop
      vertex -11.584521293640137 7.740530014038086 68.37223815917969
      vertex -12.872030258178711 5.331768989562988 68.37223815917969
      vertex -12.377366065979004 5.1268720626831055 71.0639877319336
    endloop
  endfacet
  facet normal -0.7146714607221188 0.5865156651367861 0.38110901036116474
    outer loop
      vertex -9.473225593566895 9.473225593566895 71.0639877319336
      vertex -11.139334678649902 7.443065643310547 71.0639877319336
      vertex -8.730574607849121 8.730574607849121 73.59955596923828
    endloop
  endfacet
  facet normal -0.7582959901826911 0.6223173884727 0.19418614594602387
    outer loop
      vertex -9.473225593566895 9.473225593566895 71.0639877319336
      vertex -11.584521293640137 7.740530014038086 68.37223815917969
      vertex -11.139334678649902 7.443065643310547 71.0639877319336
    endloop
  endfacet
  facet normal -0.73438043533323 0.3925345150744185 0.5537165616767001
    outer loop
      vertex -10.266069412231445 6.8595685958862305 73.59955596923828
      vertex -11.407045364379883 4.724952697753906 73.59955596923828
      vertex -8.998285293579102 6.0124616622924805 75.88150787353516
    endloop
  endfacet
  facet normal -0.6251148431107239 0.3341311192651769 0.7053990558976211
    outer loop
      vertex -7.384701728820801 4.934299468994141 77.8221435546875
      vertex -8.998285293579102 6.0124616622924805 75.88150787353516
      vertex -8.20544147491455 3.3988046646118164 77.8221435546875
    endloop
  endfacet
  facet normal -0.5865156565813227 0.7146714638448106 0.3811090176719721
    outer loop
      vertex -7.443065643310547 11.139334678649902 71.0639877319336
      vertex -8.730574607849121 8.730574607849121 73.59955596923828
      vertex -6.8595685958862305 10.266069412231445 73.59955596923828
    endloop
  endfacet
  facet normal -0.5282625511714101 0.6436898427241206 0.5537165912302703
    outer loop
      vertex -6.8595685958862305 10.266069412231445 73.59955596923828
      vertex -8.730574607849121 8.730574607849121 73.59955596923828
      vertex -6.0124616622924805 8.998285293579102 75.88150787353516
    endloop
  endfacet
  facet normal -0.7343800516370912 0.3925341062591323 -0.5537173603751715
    outer loop
      vertex -10.984347343444824 4.9508891105651855 60
      vertex -10.266069412231445 6.8595685958862305 60.40044403076172
      vertex -10.043594360351562 6.7109150886535645 60
    endloop
  endfacet
  facet normal -0.7343795980472934 0.39253406753576775 -0.55371798940952
    outer loop
      vertex -10.266069412231445 6.8595685958862305 60.40044403076172
      vertex -10.984347343444824 4.9508891105651855 60
      vertex -11.407045364379883 4.724952697753906 60.40044403076172
    endloop
  endfacet
  facet normal -0.5282620128842695 0.6436899429277844 -0.5537169882865123
    outer loop
      vertex -8.541375160217285 8.541375160217285 60
      vertex -8.730574607849121 8.730574607849121 60.40044403076172
      vertex -8.25359058380127 8.77755355834961 60
    endloop
  endfacet
  facet normal -0.9762411057900366 0.09615124507048674 -0.19418610001038095
    outer loop
      vertex -13.397164344787598 0 62.936012268066406
      vertex -13.932585716247559 0 65.62776184082031
      vertex -13.139741897583008 2.613656997680664 62.936012268066406
    endloop
  endfacet
  facet normal -0.976241116529593 0.09615136518453424 -0.19418598654435387
    outer loop
      vertex -13.139741897583008 2.613656997680664 62.936012268066406
      vertex -13.932585716247559 0 65.62776184082031
      vertex -13.664875030517578 2.718111991882324 65.62776184082031
    endloop
  endfacet
  facet normal -0.6436899429277844 -0.5282620128842695 -0.5537169882865123
    outer loop
      vertex -8.730574607849121 -8.730574607849121 60.40044403076172
      vertex -8.77755355834961 -8.25359058380127 60
      vertex -8.541375160217285 -8.541375160217285 60
    endloop
  endfacet
  facet normal -0.7343800516370912 -0.3925341062591323 -0.5537173603751715
    outer loop
      vertex -10.266069412231445 -6.8595685958862305 60.40044403076172
      vertex -10.984347343444824 -4.9508891105651855 60
      vertex -10.043594360351562 -6.7109150886535645 60
    endloop
  endfacet
  facet normal -0.7343795980472934 -0.39253406753576775 -0.55371798940952
    outer loop
      vertex -10.984347343444824 -4.9508891105651855 60
      vertex -10.266069412231445 -6.8595685958862305 60.40044403076172
      vertex -11.407045364379883 -4.724952697753906 60.40044403076172
    endloop
  endfacet
  facet normal -0.6436894171204377 -0.5282621448610627 -0.5537174736216484
    outer loop
      vertex -8.77755355834961 -8.25359058380127 60
      vertex -10.266069412231445 -6.8595685958862305 60.40044403076172
      vertex -10.043594360351562 -6.7109150886535645 60
    endloop
  endfacet
  facet normal -0.6436894684862445 -0.528262244042352 -0.5537173192877703
    outer loop
      vertex -10.266069412231445 -6.8595685958862305 60.40044403076172
      vertex -8.77755355834961 -8.25359058380127 60
      vertex -8.730574607849121 -8.730574607849121 60.40044403076172
    endloop
  endfacet
  facet normal -0.7343795006524653 -0.3925356707822219 -0.5537169820269078
    outer loop
      vertex -10.984347343444824 -4.9508891105651855 60
      vertex -11.407045364379883 -4.724952697753906 60.40044403076172
      vertex -11.159844398498535 -4.62255859375 60
    endloop
  endfacet
  facet normal 0.0980171480051975 0.9951847259162125 0
    outer loop
      vertex 2.718111991882324 13.664875030517578 65.62776184082031
      vertex 0 13.932585716247559 68.37223815917969
      vertex 2.718111991882324 13.664875030517578 68.37223815917969
    endloop
  endfacet
  facet normal 0.0980171480051975 0.9951847259162125 0
    outer loop
      vertex 0 13.932585716247559 68.37223815917969
      vertex 2.718111991882324 13.664875030517578 65.62776184082031
      vertex 0 13.932585716247559 65.62776184082031
    endloop
  endfacet
  facet normal 0.06947580126448234 0.7053972299620622 0.705399079245577
    outer loop
      vertex 2.111295700073242 10.614201545715332 75.88150787353516
      vertex 0 8.881505966186523 77.8221435546875
      vertex 1.7326955795288086 8.71084976196289 77.8221435546875
    endloop
  endfacet
  facet normal 0.205756650252964 0.6782892823241774 0.7053990717039765
    outer loop
      vertex 2.111295700073242 10.614201545715332 75.88150787353516
      vertex 1.7326955795288086 8.71084976196289 77.8221435546875
      vertex 3.3988046646118164 8.20544147491455 77.8221435546875
    endloop
  endfacet
  facet normal 0.4624235954866429 0.8651336099866636 -0.1941861354696805
    outer loop
      vertex 7.443065643310547 11.139334678649902 62.936012268066406
      vertex 5.1268720626831055 12.377366065979004 62.936012268066406
      vertex 7.740530014038086 11.584521293640137 65.62776184082031
    endloop
  endfacet
  facet normal 0.6223173884727 0.7582959901826911 -0.19418614594602387
    outer loop
      vertex 9.473225593566895 9.473225593566895 62.936012268066406
      vertex 7.443065643310547 11.139334678649902 62.936012268066406
      vertex 7.740530014038086 11.584521293640137 65.62776184082031
    endloop
  endfacet
  facet normal -0.3925356707822219 0.7343795006524653 -0.5537169820269078
    outer loop
      vertex -4.62255859375 11.159844398498535 60
      vertex -4.9508891105651855 10.984347343444824 60
      vertex -4.724952697753906 11.407045364379883 60.40044403076172
    endloop
  endfacet
  facet normal -0.43582046134547114 0.815362746048811 -0.38110906290504676
    outer loop
      vertex -4.724952697753906 11.407045364379883 60.40044403076172
      vertex -6.8595685958862305 10.266069412231445 60.40044403076172
      vertex -5.1268720626831055 12.377366065979004 62.936012268066406
    endloop
  endfacet
  facet normal -0.019211221094182093 -0.19505490196228753 0.9806041577540618
    outer loop
      vertex -0.26771068572998047 -1.345871925354004 80.93258666992188
      vertex -0.7928438186645508 -3.9858970642089844 80.39716339111328
      vertex 0 -1.372239112854004 80.93258666992188
    endloop
  endfacet
  facet normal -0.09239331015939331 -0.17285537418745053 0.9806041483964397
    outer loop
      vertex -0.5251331329345703 -1.2677841186523438 80.93258666992188
      vertex -2.257828712463379 -3.379079818725586 80.39716339111328
      vertex -1.5552196502685547 -3.7546329498291016 80.39716339111328
    endloop
  endfacet
  facet normal -0.05689541061533121 -0.18755908627943862 0.980604151227668
    outer loop
      vertex -0.5251331329345703 -1.2677841186523438 80.93258666992188
      vertex -1.5552196502685547 -3.7546329498291016 80.39716339111328
      vertex -0.7928438186645508 -3.9858970642089844 80.39716339111328
    endloop
  endfacet
  facet normal 0.4624235954866429 -0.8651336099866636 -0.1941861354696805
    outer loop
      vertex 7.740530014038086 -11.584521293640137 65.62776184082031
      vertex 5.1268720626831055 -12.377366065979004 62.936012268066406
      vertex 7.443065643310547 -11.139334678649902 62.936012268066406
    endloop
  endfacet
  facet normal 0.43582050791561705 -0.8153627388379017 -0.3811090250767218
    outer loop
      vertex 7.443065643310547 -11.139334678649902 62.936012268066406
      vertex 5.1268720626831055 -12.377366065979004 62.936012268066406
      vertex 6.8595685958862305 -10.266069412231445 60.40044403076172
    endloop
  endfacet
  facet normal 0.39253406753576775 -0.7343795980472934 -0.55371798940952
    outer loop
      vertex 4.9508891105651855 -10.984347343444824 60
      vertex 6.8595685958862305 -10.266069412231445 60.40044403076172
      vertex 4.724952697753906 -11.407045364379883 60.40044403076172
    endloop
  endfacet
  facet normal 0.3925341062591323 -0.7343800516370912 -0.5537173603751715
    outer loop
      vertex 6.8595685958862305 -10.266069412231445 60.40044403076172
      vertex 4.9508891105651855 -10.984347343444824 60
      vertex 6.7109150886535645 -10.043594360351562 60
    endloop
  endfacet
  facet normal 0.6436894171204377 -0.5282621448610627 -0.5537174736216484
    outer loop
      vertex 10.266069412231445 -6.8595685958862305 60.40044403076172
      vertex 8.77755355834961 -8.25359058380127 60
      vertex 10.043594360351562 -6.7109150886535645 60
    endloop
  endfacet
  facet normal 0.6436894684862445 -0.528262244042352 -0.5537173192877703
    outer loop
      vertex 8.77755355834961 -8.25359058380127 60
      vertex 10.266069412231445 -6.8595685958862305 60.40044403076172
      vertex 8.730574607849121 -8.730574607849121 60.40044403076172
    endloop
  endfacet
  facet normal 0.6436899429277844 -0.5282620128842695 -0.5537169882865123
    outer loop
      vertex 8.730574607849121 -8.730574607849121 60.40044403076172
      vertex 8.541375160217285 -8.541375160217285 60
      vertex 8.77755355834961 -8.25359058380127 60
    endloop
  endfacet
  facet normal -0.3925341062591323 -0.7343800516370912 -0.5537173603751715
    outer loop
      vertex -4.9508891105651855 -10.984347343444824 60
      vertex -6.8595685958862305 -10.266069412231445 60.40044403076172
      vertex -6.7109150886535645 -10.043594360351562 60
    endloop
  endfacet
  facet normal -0.39253406753576775 -0.7343795980472934 -0.55371798940952
    outer loop
      vertex -6.8595685958862305 -10.266069412231445 60.40044403076172
      vertex -4.9508891105651855 -10.984347343444824 60
      vertex -4.724952697753906 -11.407045364379883 60.40044403076172
    endloop
  endfacet
  facet normal 0.08162058571460724 -0.8286949703614294 -0.5537171896241564
    outer loop
      vertex 0.3704976439476013 -12.042837142944336 60
      vertex 0 -12.34689712524414 60.40044403076172
      vertex 0 -12.079328536987305 60
    endloop
  endfacet
  facet normal -0.18755908627943862 -0.05689541061533121 0.980604151227668
    outer loop
      vertex -1.2677841186523438 -0.5251331329345703 80.93258666992188
      vertex -3.9858970642089844 -0.7928438186645508 80.39716339111328
      vertex -3.7546329498291016 -1.5552196502685547 80.39716339111328
    endloop
  endfacet
  facet normal 0.15150927810183168 0.12433994556163501 0.9806041589687408
    outer loop
      vertex 3.379079818725586 2.257828712463379 80.39716339111328
      vertex 0.9703197479248047 0.9703197479248047 80.93258666992188
      vertex 1.140974998474121 0.7623748779296875 80.93258666992188
    endloop
  endfacet
  facet normal -0.4308944951974723 -0.3536262707710809 0.8302279172787758
    outer loop
      vertex -5.48732852935791 -3.666515350341797 79.34689331054688
      vertex -6.280172348022461 -6.280172348022461 77.8221435546875
      vertex -4.66658878326416 -4.66658878326416 79.34689331054688
    endloop
  endfacet
  facet normal -0.49160413287691235 -0.26276809927620737 0.8302278618193372
    outer loop
      vertex -5.48732852935791 -3.666515350341797 79.34689331054688
      vertex -8.20544147491455 -3.3988046646118164 77.8221435546875
      vertex -7.384701728820801 -4.934299468994141 77.8221435546875
    endloop
  endfacet
  facet normal 0.019211221094182093 -0.19505490196228753 0.9806041577540618
    outer loop
      vertex 0.26771068572998047 -1.345871925354004 80.93258666992188
      vertex 0 -1.372239112854004 80.93258666992188
      vertex 0.7928438186645508 -3.9858970642089844 80.39716339111328
    endloop
  endfacet
  facet normal 0.1950549019622875 -0.01921122109418209 0.9806041577540617
    outer loop
      vertex 1.372239112854004 0 80.93258666992188
      vertex 1.345871925354004 -0.26771068572998047 80.93258666992188
      vertex 3.9858970642089844 -0.7928438186645508 80.39716339111328
    endloop
  endfacet
  facet normal -0.35362616660736923 -0.43089470975195615 0.8302278502907227
    outer loop
      vertex -3.666515350341797 -5.48732852935791 79.34689331054688
      vertex -6.280172348022461 -6.280172348022461 77.8221435546875
      vertex -4.934299468994141 -7.384701728820801 77.8221435546875
    endloop
  endfacet
  facet normal -0.3536262707710809 -0.4308944951974723 0.8302279172787758
    outer loop
      vertex -4.66658878326416 -4.66658878326416 79.34689331054688
      vertex -6.280172348022461 -6.280172348022461 77.8221435546875
      vertex -3.666515350341797 -5.48732852935791 79.34689331054688
    endloop
  endfacet
  facet normal -0.4308947097519562 -0.3536261666073693 0.8302278502907228
    outer loop
      vertex -5.48732852935791 -3.666515350341797 79.34689331054688
      vertex -7.384701728820801 -4.934299468994141 77.8221435546875
      vertex -6.280172348022461 -6.280172348022461 77.8221435546875
    endloop
  endfacet
  facet normal -0.24377417667664525 -0.2970394438518978 0.9232235480000384
    outer loop
      vertex -2.873671531677246 -2.873671531677246 80.39716339111328
      vertex -4.66658878326416 -4.66658878326416 79.34689331054688
      vertex -3.666515350341797 -5.48732852935791 79.34689331054688
    endloop
  endfacet
  facet normal -0.11154566939961233 -0.36771703576435794 0.9232235618997526
    outer loop
      vertex -0.7928438186645508 -3.9858970642089844 80.39716339111328
      vertex -2.5255393981933594 -6.097192764282227 79.34689331054688
      vertex -1.2875089645385742 -6.472744941711426 79.34689331054688
    endloop
  endfacet
  facet normal -0.11154570387903755 -0.3677170104175603 0.9232235678294299
    outer loop
      vertex -1.5552196502685547 -3.7546329498291016 80.39716339111328
      vertex -2.5255393981933594 -6.097192764282227 79.34689331054688
      vertex -0.7928438186645508 -3.9858970642089844 80.39716339111328
    endloop
  endfacet
  facet normal 0.7343795006524653 0.3925356707822219 -0.5537169820269078
    outer loop
      vertex 11.159844398498535 4.62255859375 60
      vertex 10.984347343444824 4.9508891105651855 60
      vertex 11.407045364379883 4.724952697753906 60.40044403076172
    endloop
  endfacet
  facet normal 0.7968488778965002 0.24172158156477425 -0.5537170241205456
    outer loop
      vertex 11.407045364379883 4.724952697753906 60.40044403076172
      vertex 11.739157676696777 2.7128195762634277 60
      vertex 11.159844398498535 4.62255859375 60
    endloop
  endfacet
  facet normal 0.7968486097445082 0.24172161150274754 -0.5537173969460949
    outer loop
      vertex 11.739157676696777 2.7128195762634277 60
      vertex 11.407045364379883 4.724952697753906 60.40044403076172
      vertex 12.109655380249023 2.4087600708007812 60.40044403076172
    endloop
  endfacet
  facet normal 0.6782892823241774 -0.205756650252964 0.7053990717039765
    outer loop
      vertex 8.71084976196289 -1.7326955795288086 77.8221435546875
      vertex 8.20544147491455 -3.3988046646118164 77.8221435546875
      vertex 10.614201545715332 -2.111295700073242 75.88150787353516
    endloop
  endfacet
  facet normal 0.6782893412916686 -0.20575699965464928 0.7053989130862273
    outer loop
      vertex 10.614201545715332 -2.111295700073242 75.88150787353516
      vertex 8.20544147491455 -3.3988046646118164 77.8221435546875
      vertex 9.998358726501465 -4.14145565032959 75.88150787353516
    endloop
  endfacet
  facet normal 0.36771703576435794 -0.11154566939961233 0.9232235618997526
    outer loop
      vertex 6.472744941711426 -1.2875089645385742 79.34689331054688
      vertex 3.9858970642089844 -0.7928438186645508 80.39716339111328
      vertex 6.097192764282227 -2.5255393981933594 79.34689331054688
    endloop
  endfacet
  facet normal 0.33888994570769193 -0.1811404149871834 0.9232235670499908
    outer loop
      vertex 6.097192764282227 -2.5255393981933594 79.34689331054688
      vertex 3.7546329498291016 -1.5552196502685547 80.39716339111328
      vertex 5.48732852935791 -3.666515350341797 79.34689331054688
    endloop
  endfacet
  facet normal 0.09239331015939331 -0.17285537418745053 0.9806041483964397
    outer loop
      vertex 2.257828712463379 -3.379079818725586 80.39716339111328
      vertex 0.5251331329345703 -1.2677841186523438 80.93258666992188
      vertex 1.5552196502685547 -3.7546329498291016 80.39716339111328
    endloop
  endfacet
  facet normal 0.3388896675441053 -0.18114066924677327 0.9232236192692845
    outer loop
      vertex 3.7546329498291016 -1.5552196502685547 80.39716339111328
      vertex 3.379079818725586 -2.257828712463379 80.39716339111328
      vertex 5.48732852935791 -3.666515350341797 79.34689331054688
    endloop
  endfacet
  facet normal 0.18755908627943862 -0.05689541061533121 0.980604151227668
    outer loop
      vertex 3.9858970642089844 -0.7928438186645508 80.39716339111328
      vertex 1.2677841186523438 -0.5251331329345703 80.93258666992188
      vertex 3.7546329498291016 -1.5552196502685547 80.39716339111328
    endloop
  endfacet
  facet normal 0.15150916689093644 -0.12434014998862389 0.9806041502302655
    outer loop
      vertex 3.379079818725586 -2.257828712463379 80.39716339111328
      vertex 0.9703197479248047 -0.9703197479248047 80.93258666992188
      vertex 2.873671531677246 -2.873671531677246 80.39716339111328
    endloop
  endfacet
  facet normal 0.1618115670751495 -0.5334216031650472 0.8302279265584334
    outer loop
      vertex 2.5255393981933594 -6.097192764282227 79.34689331054688
      vertex 1.2875089645385742 -6.472744941711426 79.34689331054688
      vertex 3.3988046646118164 -8.20544147491455 77.8221435546875
    endloop
  endfacet
  facet normal 0.05463734939515195 -0.5547398881564446 0.8302279304740642
    outer loop
      vertex 1.2875089645385742 -6.472744941711426 79.34689331054688
      vertex 0 -6.599554061889648 79.34689331054688
      vertex 1.7326955795288086 -8.71084976196289 77.8221435546875
    endloop
  endfacet
  facet normal 0.5479178378876325 -0.44966457494734063 0.705399045194966
    outer loop
      vertex 8.998285293579102 -6.0124616622924805 75.88150787353516
      vertex 6.280172348022461 -6.280172348022461 77.8221435546875
      vertex 7.652412414550781 -7.652412414550781 75.88150787353516
    endloop
  endfacet
  facet normal 0.1811404149871834 -0.33888994570769193 0.9232235670499908
    outer loop
      vertex 3.666515350341797 -5.48732852935791 79.34689331054688
      vertex 1.5552196502685547 -3.7546329498291016 80.39716339111328
      vertex 2.5255393981933594 -6.097192764282227 79.34689331054688
    endloop
  endfacet
  facet normal 0.4496645712762535 -0.5479178387298145 0.7053990468809781
    outer loop
      vertex 6.280172348022461 -6.280172348022461 77.8221435546875
      vertex 4.934299468994141 -7.384701728820801 77.8221435546875
      vertex 6.0124616622924805 -8.998285293579102 75.88150787353516
    endloop
  endfacet
  facet normal 0.4496645749473406 -0.5479178378876324 0.7053990451949659
    outer loop
      vertex 6.280172348022461 -6.280172348022461 77.8221435546875
      vertex 6.0124616622924805 -8.998285293579102 75.88150787353516
      vertex 7.652412414550781 -7.652412414550781 75.88150787353516
    endloop
  endfacet
  facet normal 0.5865156565813227 -0.7146714638448106 0.3811090176719721
    outer loop
      vertex 8.730574607849121 -8.730574607849121 73.59955596923828
      vertex 6.8595685958862305 -10.266069412231445 73.59955596923828
      vertex 7.443065643310547 -11.139334678649902 71.0639877319336
    endloop
  endfacet
  facet normal 0.5282625511714101 -0.6436898427241206 0.5537165912302703
    outer loop
      vertex 8.730574607849121 -8.730574607849121 73.59955596923828
      vertex 6.0124616622924805 -8.998285293579102 75.88150787353516
      vertex 6.8595685958862305 -10.266069412231445 73.59955596923828
    endloop
  endfacet
  facet normal 0.46242340535383014 -0.8651337631816415 0.19418590572989286
    outer loop
      vertex 7.740530014038086 -11.584521293640137 68.37223815917969
      vertex 5.1268720626831055 -12.377366065979004 71.0639877319336
      vertex 5.331768989562988 -12.872030258178711 68.37223815917969
    endloop
  endfacet
  facet normal 0.4624235954866429 -0.8651336099866636 0.1941861354696805
    outer loop
      vertex 7.443065643310547 -11.139334678649902 71.0639877319336
      vertex 5.1268720626831055 -12.377366065979004 71.0639877319336
      vertex 7.740530014038086 -11.584521293640137 68.37223815917969
    endloop
  endfacet
  facet normal 0.06947580126448234 -0.7053972299620622 0.705399079245577
    outer loop
      vertex 1.7326955795288086 -8.71084976196289 77.8221435546875
      vertex 0 -8.881505966186523 77.8221435546875
      vertex 2.111295700073242 -10.614201545715332 75.88150787353516
    endloop
  endfacet
  facet normal 0.06947540070465143 -0.7053974810318759 0.705398867627963
    outer loop
      vertex 0 -8.881505966186523 77.8221435546875
      vertex 0 -10.822145462036133 75.88150787353516
      vertex 2.111295700073242 -10.614201545715332 75.88150787353516
    endloop
  endfacet
  facet normal 0.2847591609865664 -0.9387246861999495 0.19418595148216275
    outer loop
      vertex 5.1268720626831055 -12.377366065979004 71.0639877319336
      vertex 2.613656997680664 -13.139741897583008 71.0639877319336
      vertex 2.718111991882324 -13.664875030517578 68.37223815917969
    endloop
  endfacet
  facet normal 0.09615136518453424 -0.9762411165295931 0.1941859865443539
    outer loop
      vertex 2.613656997680664 -13.139741897583008 71.0639877319336
      vertex 0 -13.932585716247559 68.37223815917969
      vertex 2.718111991882324 -13.664875030517578 68.37223815917969
    endloop
  endfacet
  facet normal 0.46242340535383014 -0.8651337631816415 -0.19418590572989286
    outer loop
      vertex 5.331768989562988 -12.872030258178711 65.62776184082031
      vertex 5.1268720626831055 -12.377366065979004 62.936012268066406
      vertex 7.740530014038086 -11.584521293640137 65.62776184082031
    endloop
  endfacet
  facet normal 0.4713965583065728 -0.8819213597689525 0
    outer loop
      vertex 5.331768989562988 -12.872030258178711 65.62776184082031
      vertex 7.740530014038086 -11.584521293640137 68.37223815917969
      vertex 5.331768989562988 -12.872030258178711 68.37223815917969
    endloop
  endfacet
  facet normal 0.4713965583065728 -0.8819213597689525 0
    outer loop
      vertex 7.740530014038086 -11.584521293640137 68.37223815917969
      vertex 5.331768989562988 -12.872030258178711 65.62776184082031
      vertex 7.740530014038086 -11.584521293640137 65.62776184082031
    endloop
  endfacet
  facet normal 0.019211221094182093 0.19505490196228753 0.9806041577540618
    outer loop
      vertex 0.7928438186645508 3.9858970642089844 80.39716339111328
      vertex 0 1.372239112854004 80.93258666992188
      vertex 0.26771068572998047 1.345871925354004 80.93258666992188
    endloop
  endfacet
  facet normal -0.019211112732472085 0.19505493396428714 0.9806041535113789
    outer loop
      vertex 0 4.0639848709106445 80.39716339111328
      vertex -0.7928438186645508 3.9858970642089844 80.39716339111328
      vertex 0 1.372239112854004 80.93258666992188
    endloop
  endfacet
  facet normal -0.09239356855085509 0.17285516529508393 0.9806041608729018
    outer loop
      vertex -0.5251331329345703 1.2677841186523438 80.93258666992188
      vertex -2.257828712463379 3.379079818725586 80.39716339111328
      vertex -0.7623748779296875 1.140974998474121 80.93258666992188
    endloop
  endfacet
  facet normal -0.12433994556163501 0.15150927810183168 0.9806041589687408
    outer loop
      vertex -0.7623748779296875 1.140974998474121 80.93258666992188
      vertex -2.257828712463379 3.379079818725586 80.39716339111328
      vertex -0.9703197479248047 0.9703197479248047 80.93258666992188
    endloop
  endfacet
  facet normal 0.12434014998862389 0.15150916689093644 0.9806041502302655
    outer loop
      vertex 2.257828712463379 3.379079818725586 80.39716339111328
      vertex 0.9703197479248047 0.9703197479248047 80.93258666992188
      vertex 2.873671531677246 2.873671531677246 80.39716339111328
    endloop
  endfacet
  facet normal 0.15150916689093644 0.12434014998862389 0.9806041502302655
    outer loop
      vertex 2.873671531677246 2.873671531677246 80.39716339111328
      vertex 0.9703197479248047 0.9703197479248047 80.93258666992188
      vertex 3.379079818725586 2.257828712463379 80.39716339111328
    endloop
  endfacet
  facet normal 0.2902848750706704 0.9569402757252959 0
    outer loop
      vertex 5.331768989562988 12.872030258178711 65.62776184082031
      vertex 2.718111991882324 13.664875030517578 68.37223815917969
      vertex 5.331768989562988 12.872030258178711 68.37223815917969
    endloop
  endfacet
  facet normal 0.2902848750706704 0.9569402757252959 0
    outer loop
      vertex 2.718111991882324 13.664875030517578 68.37223815917969
      vertex 5.331768989562988 12.872030258178711 65.62776184082031
      vertex 2.718111991882324 13.664875030517578 65.62776184082031
    endloop
  endfacet
  facet normal 0.3925345150744185 0.73438043533323 0.5537165616767001
    outer loop
      vertex 6.8595685958862305 10.266069412231445 73.59955596923828
      vertex 4.724952697753906 11.407045364379883 73.59955596923828
      vertex 6.0124616622924805 8.998285293579102 75.88150787353516
    endloop
  endfacet
  facet normal 0.43582046134547114 0.815362746048811 0.38110906290504676
    outer loop
      vertex 5.1268720626831055 12.377366065979004 71.0639877319336
      vertex 4.724952697753906 11.407045364379883 73.59955596923828
      vertex 6.8595685958862305 10.266069412231445 73.59955596923828
    endloop
  endfacet
  facet normal 0.92007825403942 0.09061969339692671 0.3811090101433178
    outer loop
      vertex 13.139741897583008 2.613656997680664 71.0639877319336
      vertex 12.109655380249023 2.4087600708007812 73.59955596923828
      vertex 13.397164344787598 0 71.0639877319336
    endloop
  endfacet
  facet normal 0.9762411057900366 0.09615124507048674 0.19418610001038095
    outer loop
      vertex 13.932585716247559 0 68.37223815917969
      vertex 13.139741897583008 2.613656997680664 71.0639877319336
      vertex 13.397164344787598 0 71.0639877319336
    endloop
  endfacet
  facet normal 0.7146714607221188 0.5865156651367861 0.38110901036116474
    outer loop
      vertex 9.473225593566895 9.473225593566895 71.0639877319336
      vertex 8.730574607849121 8.730574607849121 73.59955596923828
      vertex 11.139334678649902 7.443065643310547 71.0639877319336
    endloop
  endfacet
  facet normal 0.7146714638448107 0.5865156565813227 0.38110901767197214
    outer loop
      vertex 11.139334678649902 7.443065643310547 71.0639877319336
      vertex 8.730574607849121 8.730574607849121 73.59955596923828
      vertex 10.266069412231445 6.8595685958862305 73.59955596923828
    endloop
  endfacet
  facet normal -0.0546373002146321 0.55473991695739 0.8302279144664819
    outer loop
      vertex 0 8.881505966186523 77.8221435546875
      vertex -1.7326955795288086 8.71084976196289 77.8221435546875
      vertex 0 6.599554061889648 79.34689331054688
    endloop
  endfacet
  facet normal -0.06947580126448234 0.7053972299620622 0.705399079245577
    outer loop
      vertex 0 8.881505966186523 77.8221435546875
      vertex -2.111295700073242 10.614201545715332 75.88150787353516
      vertex -1.7326955795288086 8.71084976196289 77.8221435546875
    endloop
  endfacet
  facet normal -0.7343804376783486 0.39253447647103573 0.5537165859327018
    outer loop
      vertex -8.998285293579102 6.0124616622924805 75.88150787353516
      vertex -11.407045364379883 4.724952697753906 73.59955596923828
      vertex -9.998358726501465 4.14145565032959 75.88150787353516
    endloop
  endfacet
  facet normal -0.625115094450693 0.33413094051099784 0.7053989178352467
    outer loop
      vertex -8.998285293579102 6.0124616622924805 75.88150787353516
      vertex -9.998358726501465 4.14145565032959 75.88150787353516
      vertex -8.20544147491455 3.3988046646118164 77.8221435546875
    endloop
  endfacet
  facet normal -0.3536262707710809 0.4308944951974723 0.8302279172787758
    outer loop
      vertex -3.666515350341797 5.48732852935791 79.34689331054688
      vertex -6.280172348022461 6.280172348022461 77.8221435546875
      vertex -4.66658878326416 4.66658878326416 79.34689331054688
    endloop
  endfacet
  facet normal -0.4308944951974723 0.3536262707710809 0.8302279172787758
    outer loop
      vertex -4.66658878326416 4.66658878326416 79.34689331054688
      vertex -6.280172348022461 6.280172348022461 77.8221435546875
      vertex -5.48732852935791 3.666515350341797 79.34689331054688
    endloop
  endfacet
  facet normal -0.26276784112806717 0.49160414819585563 0.8302279344526551
    outer loop
      vertex -3.3988046646118164 8.20544147491455 77.8221435546875
      vertex -3.666515350341797 5.48732852935791 79.34689331054688
      vertex -2.5255393981933594 6.097192764282227 79.34689331054688
    endloop
  endfacet
  facet normal -0.1811404149871834 0.33888994570769193 0.9232235670499908
    outer loop
      vertex -2.5255393981933594 6.097192764282227 79.34689331054688
      vertex -3.666515350341797 5.48732852935791 79.34689331054688
      vertex -1.5552196502685547 3.7546329498291016 80.39716339111328
    endloop
  endfacet
  facet normal -0.7968491188185125 0.24172176592880437 0.5537165969288084
    outer loop
      vertex -11.407045364379883 4.724952697753906 73.59955596923828
      vertex -12.109655380249023 2.4087600708007812 73.59955596923828
      vertex -9.998358726501465 4.14145565032959 75.88150787353516
    endloop
  endfacet
  facet normal -0.5479178387298145 0.4496645712762535 0.7053990468809781
    outer loop
      vertex -6.280172348022461 6.280172348022461 77.8221435546875
      vertex -8.998285293579102 6.0124616622924805 75.88150787353516
      vertex -7.384701728820801 4.934299468994141 77.8221435546875
    endloop
  endfacet
  facet normal -0.7968486441403786 0.24172186346023272 -0.5537172374569468
    outer loop
      vertex -11.847228050231934 2.356559991836548 60
      vertex -12.109655380249023 2.4087600708007812 60.40044403076172
      vertex -11.739157676696777 2.7128195762634277 60
    endloop
  endfacet
  facet normal 0.528262244042352 0.6436894684862445 -0.5537173192877703
    outer loop
      vertex 8.25359058380127 8.77755355834961 60
      vertex 6.8595685958862305 10.266069412231445 60.40044403076172
      vertex 8.730574607849121 8.730574607849121 60.40044403076172
    endloop
  endfacet
  facet normal 0.5282621448610627 0.6436894171204377 -0.5537174736216484
    outer loop
      vertex 6.8595685958862305 10.266069412231445 60.40044403076172
      vertex 8.25359058380127 8.77755355834961 60
      vertex 6.7109150886535645 10.043594360351562 60
    endloop
  endfacet
  facet normal 0.3925341062591323 0.7343800516370912 -0.5537173603751715
    outer loop
      vertex 4.9508891105651855 10.984347343444824 60
      vertex 6.8595685958862305 10.266069412231445 60.40044403076172
      vertex 6.7109150886535645 10.043594360351562 60
    endloop
  endfacet
  facet normal 0.39253406753576775 0.7343795980472934 -0.55371798940952
    outer loop
      vertex 6.8595685958862305 10.266069412231445 60.40044403076172
      vertex 4.9508891105651855 10.984347343444824 60
      vertex 4.724952697753906 11.407045364379883 60.40044403076172
    endloop
  endfacet
  facet normal 0.09239356855085509 0.17285516529508393 0.9806041608729018
    outer loop
      vertex 2.257828712463379 3.379079818725586 80.39716339111328
      vertex 0.5251331329345703 1.2677841186523438 80.93258666992188
      vertex 0.7623748779296875 1.140974998474121 80.93258666992188
    endloop
  endfacet
  facet normal -0.3388896675441053 0.18114066924677327 0.9232236192692845
    outer loop
      vertex -3.379079818725586 2.257828712463379 80.39716339111328
      vertex -5.48732852935791 3.666515350341797 79.34689331054688
      vertex -3.7546329498291016 1.5552196502685547 80.39716339111328
    endloop
  endfacet
  facet normal -0.49160414819585563 0.26276784112806717 0.8302279344526551
    outer loop
      vertex -5.48732852935791 3.666515350341797 79.34689331054688
      vertex -8.20544147491455 3.3988046646118164 77.8221435546875
      vertex -6.097192764282227 2.5255393981933594 79.34689331054688
    endloop
  endfacet
  facet normal -0.5334216031650472 0.1618115670751495 0.8302279265584334
    outer loop
      vertex -6.097192764282227 2.5255393981933594 79.34689331054688
      vertex -8.20544147491455 3.3988046646118164 77.8221435546875
      vertex -6.472744941711426 1.2875089645385742 79.34689331054688
    endloop
  endfacet
  facet normal -0.15150927810183168 -0.12433994556163501 0.9806041589687408
    outer loop
      vertex -1.140974998474121 -0.7623748779296875 80.93258666992188
      vertex -3.379079818725586 -2.257828712463379 80.39716339111328
      vertex -0.9703197479248047 -0.9703197479248047 80.93258666992188
    endloop
  endfacet
  facet normal 0.24172186346023278 -0.7968486441403787 -0.5537172374569469
    outer loop
      vertex 2.4087600708007812 -12.109655380249023 60.40044403076172
      vertex 2.356559991836548 -11.847228050231934 60
      vertex 2.7128195762634277 -11.739157676696777 60
    endloop
  endfacet
  facet normal 0.09061963871128885 -0.9200782407102843 -0.38110905532577344
    outer loop
      vertex 2.4087600708007812 -12.109655380249023 60.40044403076172
      vertex 0 -13.397164344787598 62.936012268066406
      vertex 0 -12.34689712524414 60.40044403076172
    endloop
  endfacet
  facet normal -0.09061963871128885 -0.9200782407102843 -0.38110905532577344
    outer loop
      vertex 0 -13.397164344787598 62.936012268066406
      vertex -2.4087600708007812 -12.109655380249023 60.40044403076172
      vertex 0 -12.34689712524414 60.40044403076172
    endloop
  endfacet
  facet normal 0.05689541061533121 0.18755908627943862 0.980604151227668
    outer loop
      vertex 0.7928438186645508 3.9858970642089844 80.39716339111328
      vertex 0.5251331329345703 1.2677841186523438 80.93258666992188
      vertex 1.5552196502685547 3.7546329498291016 80.39716339111328
    endloop
  endfacet
  facet normal 0.056895116439667784 0.18755911744128925 0.9806041623356293
    outer loop
      vertex 0.7928438186645508 3.9858970642089844 80.39716339111328
      vertex 0.26771068572998047 1.345871925354004 80.93258666992188
      vertex 0.5251331329345703 1.2677841186523438 80.93258666992188
    endloop
  endfacet
  facet normal 0.12433994556163501 0.15150927810183168 0.9806041589687408
    outer loop
      vertex 2.257828712463379 3.379079818725586 80.39716339111328
      vertex 0.7623748779296875 1.140974998474121 80.93258666992188
      vertex 0.9703197479248047 0.9703197479248047 80.93258666992188
    endloop
  endfacet
  facet normal -0.5479178378876325 -0.44966457494734063 0.705399045194966
    outer loop
      vertex -6.280172348022461 -6.280172348022461 77.8221435546875
      vertex -8.998285293579102 -6.0124616622924805 75.88150787353516
      vertex -7.652412414550781 -7.652412414550781 75.88150787353516
    endloop
  endfacet
  facet normal -0.4496645749473406 -0.5479178378876324 0.7053990451949659
    outer loop
      vertex -6.280172348022461 -6.280172348022461 77.8221435546875
      vertex -7.652412414550781 -7.652412414550781 75.88150787353516
      vertex -6.0124616622924805 -8.998285293579102 75.88150787353516
    endloop
  endfacet
  facet normal 0.29703961614039703 -0.24377370149521754 0.9232236180376271
    outer loop
      vertex 3.379079818725586 -2.257828712463379 80.39716339111328
      vertex 2.873671531677246 -2.873671531677246 80.39716339111328
      vertex 5.48732852935791 -3.666515350341797 79.34689331054688
    endloop
  endfacet
  facet normal 0.17285537418745053 -0.09239331015939331 0.9806041483964397
    outer loop
      vertex 3.7546329498291016 -1.5552196502685547 80.39716339111328
      vertex 1.2677841186523438 -0.5251331329345703 80.93258666992188
      vertex 3.379079818725586 -2.257828712463379 80.39716339111328
    endloop
  endfacet
  facet normal 0.11154570387903755 -0.3677170104175603 0.9232235678294299
    outer loop
      vertex 1.5552196502685547 -3.7546329498291016 80.39716339111328
      vertex 0.7928438186645508 -3.9858970642089844 80.39716339111328
      vertex 2.5255393981933594 -6.097192764282227 79.34689331054688
    endloop
  endfacet
  facet normal 0.35362616660736923 -0.43089470975195615 0.8302278502907227
    outer loop
      vertex 6.280172348022461 -6.280172348022461 77.8221435546875
      vertex 3.666515350341797 -5.48732852935791 79.34689331054688
      vertex 4.934299468994141 -7.384701728820801 77.8221435546875
    endloop
  endfacet
  facet normal 0.09239356855085509 -0.17285516529508393 0.9806041608729018
    outer loop
      vertex 0.7623748779296875 -1.140974998474121 80.93258666992188
      vertex 0.5251331329345703 -1.2677841186523438 80.93258666992188
      vertex 2.257828712463379 -3.379079818725586 80.39716339111328
    endloop
  endfacet
  facet normal 0.12433994556163501 -0.15150927810183168 0.9806041589687408
    outer loop
      vertex 0.9703197479248047 -0.9703197479248047 80.93258666992188
      vertex 0.7623748779296875 -1.140974998474121 80.93258666992188
      vertex 2.257828712463379 -3.379079818725586 80.39716339111328
    endloop
  endfacet
  facet normal 0.205756650252964 -0.6782892823241774 0.7053990717039765
    outer loop
      vertex 3.3988046646118164 -8.20544147491455 77.8221435546875
      vertex 1.7326955795288086 -8.71084976196289 77.8221435546875
      vertex 2.111295700073242 -10.614201545715332 75.88150787353516
    endloop
  endfacet
  facet normal 0.16181155608395956 -0.5334216129248355 0.8302279224299522
    outer loop
      vertex 3.3988046646118164 -8.20544147491455 77.8221435546875
      vertex 1.2875089645385742 -6.472744941711426 79.34689331054688
      vertex 1.7326955795288086 -8.71084976196289 77.8221435546875
    endloop
  endfacet
  facet normal 0.4308947097519562 -0.3536261666073693 0.8302278502907228
    outer loop
      vertex 7.384701728820801 -4.934299468994141 77.8221435546875
      vertex 5.48732852935791 -3.666515350341797 79.34689331054688
      vertex 6.280172348022461 -6.280172348022461 77.8221435546875
    endloop
  endfacet
  facet normal 0.5479178387298145 -0.4496645712762535 0.7053990468809781
    outer loop
      vertex 7.384701728820801 -4.934299468994141 77.8221435546875
      vertex 6.280172348022461 -6.280172348022461 77.8221435546875
      vertex 8.998285293579102 -6.0124616622924805 75.88150787353516
    endloop
  endfacet
  facet normal 0.24377417667664525 -0.2970394438518978 0.9232235480000384
    outer loop
      vertex 4.66658878326416 -4.66658878326416 79.34689331054688
      vertex 2.873671531677246 -2.873671531677246 80.39716339111328
      vertex 3.666515350341797 -5.48732852935791 79.34689331054688
    endloop
  endfacet
  facet normal 0.24377370149521754 -0.29703961614039703 0.9232236180376271
    outer loop
      vertex 2.873671531677246 -2.873671531677246 80.39716339111328
      vertex 2.257828712463379 -3.379079818725586 80.39716339111328
      vertex 3.666515350341797 -5.48732852935791 79.34689331054688
    endloop
  endfacet
  facet normal -0.09239356855085509 -0.17285516529508393 0.9806041608729018
    outer loop
      vertex -0.7623748779296875 -1.140974998474121 80.93258666992188
      vertex -2.257828712463379 -3.379079818725586 80.39716339111328
      vertex -0.5251331329345703 -1.2677841186523438 80.93258666992188
    endloop
  endfacet
  facet normal 0 0 1
    outer loop
      vertex 1.345871925354004 0.26771068572998047 80.93258666992188
      vertex 1.345871925354004 -0.26771068572998047 80.93258666992188
      vertex 1.372239112854004 0 80.93258666992188
    endloop
  endfacet
  facet normal 0 0 1
    outer loop
      vertex 1.2677841186523438 0.5251331329345703 80.93258666992188
      vertex 1.345871925354004 -0.26771068572998047 80.93258666992188
      vertex 1.345871925354004 0.26771068572998047 80.93258666992188
    endloop
  endfacet
  facet normal 0 0 1
    outer loop
      vertex 1.2677841186523438 0.5251331329345703 80.93258666992188
      vertex 1.2677841186523438 -0.5251331329345703 80.93258666992188
      vertex 1.345871925354004 -0.26771068572998047 80.93258666992188
    endloop
  endfacet
  facet normal 0 0 1
    outer loop
      vertex 1.140974998474121 0.7623748779296875 80.93258666992188
      vertex 1.2677841186523438 -0.5251331329345703 80.93258666992188
      vertex 1.2677841186523438 0.5251331329345703 80.93258666992188
    endloop
  endfacet
  facet normal 0 0 1
    outer loop
      vertex 1.140974998474121 0.7623748779296875 80.93258666992188
      vertex 1.140974998474121 -0.7623748779296875 80.93258666992188
      vertex 1.2677841186523438 -0.5251331329345703 80.93258666992188
    endloop
  endfacet
  facet normal 0 0 1
    outer loop
      vertex 0.9703197479248047 0.9703197479248047 80.93258666992188
      vertex 1.140974998474121 -0.7623748779296875 80.93258666992188
      vertex 1.140974998474121 0.7623748779296875 80.93258666992188
    endloop
  endfacet
  facet normal 0 0 1
    outer loop
      vertex 0.9703197479248047 0.9703197479248047 80.93258666992188
      vertex 0.9703197479248047 -0.9703197479248047 80.93258666992188
      vertex 1.140974998474121 -0.7623748779296875 80.93258666992188
    endloop
  endfacet
  facet normal 0 0 1
    outer loop
      vertex 0.7623748779296875 1.140974998474121 80.93258666992188
      vertex 0.9703197479248047 -0.9703197479248047 80.93258666992188
      vertex 0.9703197479248047 0.9703197479248047 80.93258666992188
    endloop
  endfacet
  facet normal 0 0 1
    outer loop
      vertex 0.7623748779296875 1.140974998474121 80.93258666992188
      vertex 0.7623748779296875 -1.140974998474121 80.93258666992188
      vertex 0.9703197479248047 -0.9703197479248047 80.93258666992188
    endloop
  endfacet
  facet normal 0 0 1
    outer loop
      vertex 0.5251331329345703 1.2677841186523438 80.93258666992188
      vertex 0.7623748779296875 -1.140974998474121 80.93258666992188
      vertex 0.7623748779296875 1.140974998474121 80.93258666992188
    endloop
  endfacet
  facet normal 0 0 1
    outer loop
      vertex 0.5251331329345703 1.2677841186523438 80.93258666992188
      vertex 0.5251331329345703 -1.2677841186523438 80.93258666992188
      vertex 0.7623748779296875 -1.140974998474121 80.93258666992188
    endloop
  endfacet
  facet normal 0 0 1
    outer loop
      vertex 0.26771068572998047 1.345871925354004 80.93258666992188
      vertex 0.5251331329345703 -1.2677841186523438 80.93258666992188
      vertex 0.5251331329345703 1.2677841186523438 80.93258666992188
    endloop
  endfacet
  facet normal 0 0 1
    outer loop
      vertex 0.26771068572998047 1.345871925354004 80.93258666992188
      vertex 0.26771068572998047 -1.345871925354004 80.93258666992188
      vertex 0.5251331329345703 -1.2677841186523438 80.93258666992188
    endloop
  endfacet
  facet normal 0 0 1
    outer loop
      vertex 0 1.372239112854004 80.93258666992188
      vertex 0.26771068572998047 -1.345871925354004 80.93258666992188
      vertex 0.26771068572998047 1.345871925354004 80.93258666992188
    endloop
  endfacet
  facet normal 0 0 1
    outer loop
      vertex 0 1.372239112854004 80.93258666992188
      vertex 0 -1.372239112854004 80.93258666992188
      vertex 0.26771068572998047 -1.345871925354004 80.93258666992188
    endloop
  endfacet
  facet normal 0 0 1
    outer loop
      vertex -0.26771068572998047 1.345871925354004 80.93258666992188
      vertex 0 -1.372239112854004 80.93258666992188
      vertex 0 1.372239112854004 80.93258666992188
    endloop
  endfacet
  facet normal 0 0 1
    outer loop
      vertex -0.26771068572998047 1.345871925354004 80.93258666992188
      vertex -0.26771068572998047 -1.345871925354004 80.93258666992188
      vertex 0 -1.372239112854004 80.93258666992188
    endloop
  endfacet
  facet normal 0 0 1
    outer loop
      vertex -0.5251331329345703 1.2677841186523438 80.93258666992188
      vertex -0.26771068572998047 -1.345871925354004 80.93258666992188
      vertex -0.26771068572998047 1.345871925354004 80.93258666992188
    endloop
  endfacet
  facet normal 0 0 1
    outer loop
      vertex -0.5251331329345703 1.2677841186523438 80.93258666992188
      vertex -0.5251331329345703 -1.2677841186523438 80.93258666992188
      vertex -0.26771068572998047 -1.345871925354004 80.93258666992188
    endloop
  endfacet
  facet normal 0 0 1
    outer loop
      vertex -0.7623748779296875 1.140974998474121 80.93258666992188
      vertex -0.5251331329345703 -1.2677841186523438 80.93258666992188
      vertex -0.5251331329345703 1.2677841186523438 80.93258666992188
    endloop
  endfacet
  facet normal 0 0 1
    outer loop
      vertex -0.7623748779296875 1.140974998474121 80.93258666992188
      vertex -0.7623748779296875 -1.140974998474121 80.93258666992188
      vertex -0.5251331329345703 -1.2677841186523438 80.93258666992188
    endloop
  endfacet
  facet normal 0 0 1
    outer loop
      vertex -0.9703197479248047 0.9703197479248047 80.93258666992188
      vertex -0.7623748779296875 -1.140974998474121 80.93258666992188
      vertex -0.7623748779296875 1.140974998474121 80.93258666992188
    endloop
  endfacet
  facet normal 0 0 1
    outer loop
      vertex -0.9703197479248047 0.9703197479248047 80.93258666992188
      vertex -0.9703197479248047 -0.9703197479248047 80.93258666992188
      vertex -0.7623748779296875 -1.140974998474121 80.93258666992188
    endloop
  endfacet
  facet normal 0 0 1
    outer loop
      vertex -1.140974998474121 0.7623748779296875 80.93258666992188
      vertex -0.9703197479248047 -0.9703197479248047 80.93258666992188
      vertex -0.9703197479248047 0.9703197479248047 80.93258666992188
    endloop
  endfacet
  facet normal 0 0 1
    outer loop
      vertex -1.140974998474121 0.7623748779296875 80.93258666992188
      vertex -1.140974998474121 -0.7623748779296875 80.93258666992188
      vertex -0.9703197479248047 -0.9703197479248047 80.93258666992188
    endloop
  endfacet
  facet normal 0 0 1
    outer loop
      vertex -1.2677841186523438 0.5251331329345703 80.93258666992188
      vertex -1.140974998474121 -0.7623748779296875 80.93258666992188
      vertex -1.140974998474121 0.7623748779296875 80.93258666992188
    endloop
  endfacet
  facet normal 0 0 1
    outer loop
      vertex -1.2677841186523438 0.5251331329345703 80.93258666992188
      vertex -1.2677841186523438 -0.5251331329345703 80.93258666992188
      vertex -1.140974998474121 -0.7623748779296875 80.93258666992188
    endloop
  endfacet
  facet normal 0 0 1
    outer loop
      vertex -1.345871925354004 0.26771068572998047 80.93258666992188
      vertex -1.2677841186523438 -0.5251331329345703 80.93258666992188
      vertex -1.2677841186523438 0.5251331329345703 80.93258666992188
    endloop
  endfacet
  facet normal 0 0 1
    outer loop
      vertex -1.345871925354004 0.26771068572998047 80.93258666992188
      vertex -1.345871925354004 -0.26771068572998047 80.93258666992188
      vertex -1.2677841186523438 -0.5251331329345703 80.93258666992188
    endloop
  endfacet
  facet normal 0 0 1
    outer loop
      vertex -1.345871925354004 -0.26771068572998047 80.93258666992188
      vertex -1.345871925354004 0.26771068572998047 80.93258666992188
      vertex -1.372239112854004 0 80.93258666992188
    endloop
  endfacet
  facet normal -0.17285537418745053 0.09239331015939331 0.9806041483964397
    outer loop
      vertex -3.379079818725586 2.257828712463379 80.39716339111328
      vertex -3.7546329498291016 1.5552196502685547 80.39716339111328
      vertex -1.2677841186523438 0.5251331329345703 80.93258666992188
    endloop
  endfacet
  facet normal -0.18755908627943862 0.05689541061533121 0.980604151227668
    outer loop
      vertex -3.7546329498291016 1.5552196502685547 80.39716339111328
      vertex -3.9858970642089844 0.7928438186645508 80.39716339111328
      vertex -1.2677841186523438 0.5251331329345703 80.93258666992188
    endloop
  endfacet
  facet normal 0.5282625511714101 0.6436898427241206 0.5537165912302703
    outer loop
      vertex 6.8595685958862305 10.266069412231445 73.59955596923828
      vertex 6.0124616622924805 8.998285293579102 75.88150787353516
      vertex 8.730574607849121 8.730574607849121 73.59955596923828
    endloop
  endfacet
  facet normal 0.5865156565813227 0.7146714638448106 0.3811090176719721
    outer loop
      vertex 7.443065643310547 11.139334678649902 71.0639877319336
      vertex 6.8595685958862305 10.266069412231445 73.59955596923828
      vertex 8.730574607849121 8.730574607849121 73.59955596923828
    endloop
  endfacet
  facet normal -0.6436897804156972 0.5282625815294795 0.5537166347006396
    outer loop
      vertex -8.730574607849121 8.730574607849121 73.59955596923828
      vertex -8.998285293579102 6.0124616622924805 75.88150787353516
      vertex -7.652412414550781 7.652412414550781 75.88150787353516
    endloop
  endfacet
  facet normal -0.6436898427241206 0.5282625511714102 0.5537165912302704
    outer loop
      vertex -8.730574607849121 8.730574607849121 73.59955596923828
      vertex -10.266069412231445 6.8595685958862305 73.59955596923828
      vertex -8.998285293579102 6.0124616622924805 75.88150787353516
    endloop
  endfacet
  facet normal -0.11154566939961233 0.36771703576435794 0.9232235618997526
    outer loop
      vertex -1.2875089645385742 6.472744941711426 79.34689331054688
      vertex -2.5255393981933594 6.097192764282227 79.34689331054688
      vertex -0.7928438186645508 3.9858970642089844 80.39716339111328
    endloop
  endfacet
  facet normal -0.037664549571099125 0.38241291438614977 0.9232235615582488
    outer loop
      vertex 0 6.599554061889648 79.34689331054688
      vertex -1.2875089645385742 6.472744941711426 79.34689331054688
      vertex -0.7928438186645508 3.9858970642089844 80.39716339111328
    endloop
  endfacet
  facet normal -0.8286951063584332 0.08161893712062102 -0.5537172290988289
    outer loop
      vertex -12.042837142944336 0.3704976439476013 60
      vertex -12.109655380249023 2.4087600708007812 60.40044403076172
      vertex -11.847228050231934 2.356559991836548 60
    endloop
  endfacet
  facet normal -0.8286944714696496 0.08161913876873048 -0.553718149551095
    outer loop
      vertex -12.109655380249023 2.4087600708007812 60.40044403076172
      vertex -12.042837142944336 0.3704976439476013 60
      vertex -12.34689712524414 0 60.40044403076172
    endloop
  endfacet
  facet normal -0.8286949703614294 -0.08162058571460724 -0.5537171896241564
    outer loop
      vertex -12.042837142944336 -0.3704976439476013 60
      vertex -12.34689712524414 0 60.40044403076172
      vertex -12.079328536987305 0 60
    endloop
  endfacet
  facet normal -0.08162058571460724 -0.8286949703614294 -0.5537171896241564
    outer loop
      vertex 0 -12.34689712524414 60.40044403076172
      vertex -0.3704976439476013 -12.042837142944336 60
      vertex 0 -12.079328536987305 60
    endloop
  endfacet
  facet normal -0.08161893712062102 -0.8286951063584332 -0.5537172290988289
    outer loop
      vertex -0.3704976439476013 -12.042837142944336 60
      vertex -2.4087600708007812 -12.109655380249023 60.40044403076172
      vertex -2.356559991836548 -11.847228050231934 60
    endloop
  endfacet
  facet normal -0.08161913876873048 -0.8286944714696496 -0.553718149551095
    outer loop
      vertex -2.4087600708007812 -12.109655380249023 60.40044403076172
      vertex -0.3704976439476013 -12.042837142944336 60
      vertex 0 -12.34689712524414 60.40044403076172
    endloop
  endfacet
  facet normal 0.17285516529508393 -0.09239356855085509 0.9806041608729018
    outer loop
      vertex 1.2677841186523438 -0.5251331329345703 80.93258666992188
      vertex 1.140974998474121 -0.7623748779296875 80.93258666992188
      vertex 3.379079818725586 -2.257828712463379 80.39716339111328
    endloop
  endfacet
  facet normal 0.15150927810183168 -0.12433994556163501 0.9806041589687408
    outer loop
      vertex 1.140974998474121 -0.7623748779296875 80.93258666992188
      vertex 0.9703197479248047 -0.9703197479248047 80.93258666992188
      vertex 3.379079818725586 -2.257828712463379 80.39716339111328
    endloop
  endfacet
  facet normal 0.26276809927620737 -0.49160413287691235 0.8302278618193372
    outer loop
      vertex 3.666515350341797 -5.48732852935791 79.34689331054688
      vertex 3.3988046646118164 -8.20544147491455 77.8221435546875
      vertex 4.934299468994141 -7.384701728820801 77.8221435546875
    endloop
  endfacet
  facet normal 0.26276784112806717 -0.49160414819585563 0.8302279344526551
    outer loop
      vertex 3.666515350341797 -5.48732852935791 79.34689331054688
      vertex 2.5255393981933594 -6.097192764282227 79.34689331054688
      vertex 3.3988046646118164 -8.20544147491455 77.8221435546875
    endloop
  endfacet
  facet normal 0.6251148431107239 -0.3341311192651769 0.7053990558976211
    outer loop
      vertex 8.20544147491455 -3.3988046646118164 77.8221435546875
      vertex 7.384701728820801 -4.934299468994141 77.8221435546875
      vertex 8.998285293579102 -6.0124616622924805 75.88150787353516
    endloop
  endfacet
  facet normal 0.49160413287691235 -0.26276809927620737 0.8302278618193372
    outer loop
      vertex 8.20544147491455 -3.3988046646118164 77.8221435546875
      vertex 5.48732852935791 -3.666515350341797 79.34689331054688
      vertex 7.384701728820801 -4.934299468994141 77.8221435546875
    endloop
  endfacet
  facet normal -0.8286949703614294 0.08162058571460724 -0.5537171896241564
    outer loop
      vertex -12.079328536987305 0 60
      vertex -12.34689712524414 0 60.40044403076172
      vertex -12.042837142944336 0.3704976439476013 60
    endloop
  endfacet
  facet normal -0.24172186346023278 -0.7968486441403787 -0.5537172374569469
    outer loop
      vertex -2.4087600708007812 -12.109655380249023 60.40044403076172
      vertex -2.7128195762634277 -11.739157676696777 60
      vertex -2.356559991836548 -11.847228050231934 60
    endloop
  endfacet
  facet normal -0.9200782407102845 -0.09061963871128886 -0.3811090553257735
    outer loop
      vertex -12.109655380249023 -2.4087600708007812 60.40044403076172
      vertex -13.397164344787598 0 62.936012268066406
      vertex -12.34689712524414 0 60.40044403076172
    endloop
  endfacet
  facet normal -0.9200782407102845 0.09061963871128886 -0.3811090553257735
    outer loop
      vertex -12.34689712524414 0 60.40044403076172
      vertex -13.397164344787598 0 62.936012268066406
      vertex -12.109655380249023 2.4087600708007812 60.40044403076172
    endloop
  endfacet
  facet normal -0.7968486441403786 -0.24172186346023272 -0.5537172374569468
    outer loop
      vertex -11.739157676696777 -2.7128195762634277 60
      vertex -12.109655380249023 -2.4087600708007812 60.40044403076172
      vertex -11.847228050231934 -2.356559991836548 60
    endloop
  endfacet
endsolid OpenSCAD_Model
