solid OpenSCAD_Model
  facet normal 1 0 0
    outer loop
      vertex 15 2 6
      vertex 15 5 4
      vertex 15 5 6
    endloop
  endfacet
  facet normal 1 0 0
    outer loop
      vertex 15 5 4
      vertex 15 2 6
      vertex 15 2 4
    endloop
  endfacet
  facet normal 1 0 0
    outer loop
      vertex 15 -5 6
      vertex 15 -2 4
      vertex 15 -2 6
    endloop
  endfacet
  facet normal 1 0 0
    outer loop
      vertex 15 -2 4
      vertex 15 -5 6
      vertex 15 -5 4
    endloop
  endfacet
  facet normal 0 0 1
    outer loop
      vertex 12.042534828186035 5 6
      vertex 8.098490715026855 2 6
      vertex 12.042534828186035 2 6
    endloop
  endfacet
  facet normal 0 0 1
    outer loop
      vertex 8.098490715026855 2 6
      vertex -5.098491191864014 2 6
      vertex 8.098490715026855 -2 6
    endloop
  endfacet
  facet normal 0 0 1
    outer loop
      vertex 12.042534828186035 5 6
      vertex -5.098491191864014 2 6
      vertex 8.098490715026855 2 6
    endloop
  endfacet
  facet normal 0 0 1
    outer loop
      vertex -15 5 6
      vertex -5.098491191864014 2 6
      vertex 12.042534828186035 5 6
    endloop
  endfacet
  facet normal 0 0 1
    outer loop
      vertex -5.098491191864014 2 6
      vertex -15 5 6
      vertex -15 2 6
    endloop
  endfacet
  facet normal 0 0 1
    outer loop
      vertex 8.098490715026855 -2 6
      vertex 12.042534828186035 -5 6
      vertex 12.042534828186035 -2 6
    endloop
  endfacet
  facet normal 0 0 1
    outer loop
      vertex -5.098491191864014 -2 6
      vertex 8.098490715026855 -2 6
      vertex -5.098491191864014 2 6
    endloop
  endfacet
  facet normal 0 0 1
    outer loop
      vertex 8.098490715026855 -2 6
      vertex -5.098491191864014 -2 6
      vertex 12.042534828186035 -5 6
    endloop
  endfacet
  facet normal 0 0 1
    outer loop
      vertex -15 -5 6
      vertex -5.098491191864014 -2 6
      vertex -15 -2 6
    endloop
  endfacet
  facet normal 0 0 1
    outer loop
      vertex -5.098491191864014 -2 6
      vertex -15 -5 6
      vertex 12.042534828186035 -5 6
    endloop
  endfacet
  facet normal 0 0 1
    outer loop
      vertex 14.073387145996094 5 6
      vertex 15 2 6
      vertex 15 5 6
    endloop
  endfacet
  facet normal 0 0 1
    outer loop
      vertex 15 2 6
      vertex 14.073387145996094 5 6
      vertex 14.073387145996094 2 6
    endloop
  endfacet
  facet normal 0 0 1
    outer loop
      vertex 14.073387145996094 -2 6
      vertex 15 -5 6
      vertex 15 -2 6
    endloop
  endfacet
  facet normal 0 0 1
    outer loop
      vertex 15 -5 6
      vertex 14.073387145996094 -2 6
      vertex 14.073387145996094 -5 6
    endloop
  endfacet
  facet normal 0 0 -1
    outer loop
      vertex 14.426041603088379 2 4
      vertex 15 5 4
      vertex 15 2 4
    endloop
  endfacet
  facet normal 0 0 -1
    outer loop
      vertex 15 5 4
      vertex 14.426041603088379 2 4
      vertex 14.426041603088379 5 4
    endloop
  endfacet
  facet normal 0 0 -1
    outer loop
      vertex 14.426041603088379 -5 4
      vertex 15 -2 4
      vertex 15 -5 4
    endloop
  endfacet
  facet normal 0 0 -1
    outer loop
      vertex 15 -2 4
      vertex 14.426041603088379 -5 4
      vertex 14.426041603088379 -2 4
    endloop
  endfacet
  facet normal 0 0 -1
    outer loop
      vertex 12.395188331604004 -5 4
      vertex 8.098490715026855 -2 4
      vertex 12.395188331604004 -2 4
    endloop
  endfacet
  facet normal 0 0 -1
    outer loop
      vertex 8.098490715026855 -2 4
      vertex -5.0984907150268555 -2 4
      vertex 8.098490715026855 2 4
    endloop
  endfacet
  facet normal 0 0 -1
    outer loop
      vertex 12.395188331604004 -5 4
      vertex -5.0984907150268555 -2 4
      vertex 8.098490715026855 -2 4
    endloop
  endfacet
  facet normal 0 0 -1
    outer loop
      vertex -15 -5 4
      vertex -5.0984907150268555 -2 4
      vertex 12.395188331604004 -5 4
    endloop
  endfacet
  facet normal 0 0 -1
    outer loop
      vertex -5.0984907150268555 -2 4
      vertex -15 -5 4
      vertex -15 -2 4
    endloop
  endfacet
  facet normal 0 0 -1
    outer loop
      vertex 8.098490715026855 2 4
      vertex 12.395188331604004 5 4
      vertex 12.395188331604004 2 4
    endloop
  endfacet
  facet normal 0 0 -1
    outer loop
      vertex -5.0984907150268555 2 4
      vertex 8.098490715026855 2 4
      vertex -5.0984907150268555 -2 4
    endloop
  endfacet
  facet normal 0 0 -1
    outer loop
      vertex 8.098490715026855 2 4
      vertex -5.0984907150268555 2 4
      vertex 12.395188331604004 5 4
    endloop
  endfacet
  facet normal 0 0 -1
    outer loop
      vertex -15 5 4
      vertex -5.0984907150268555 2 4
      vertex -15 2 4
    endloop
  endfacet
  facet normal 0 0 -1
    outer loop
      vertex -5.0984907150268555 2 4
      vertex -15 5 4
      vertex 12.395188331604004 5 4
    endloop
  endfacet
  facet normal -1 0 0
    outer loop
      vertex -15 2 4
      vertex -15 5 6
      vertex -15 5 4
    endloop
  endfacet
  facet normal -1 0 0
    outer loop
      vertex -15 5 6
      vertex -15 2 4
      vertex -15 2 6
    endloop
  endfacet
  facet normal -1 0 0
    outer loop
      vertex -15 -5 4
      vertex -15 -2 6
      vertex -15 -2 4
    endloop
  endfacet
  facet normal -1 0 0
    outer loop
      vertex -15 -2 6
      vertex -15 -5 4
      vertex -15 -5 6
    endloop
  endfacet
  facet normal 0 1 0
    outer loop
      vertex -15 5 4
      vertex 12.042534828186035 5 6
      vertex 12.395188331604004 5 4
    endloop
  endfacet
  facet normal 0 1 0
    outer loop
      vertex 12.042534828186035 5 6
      vertex -15 5 4
      vertex -15 5 6
    endloop
  endfacet
  facet normal 0 1 0
    outer loop
      vertex 14.426041603088379 5 4
      vertex 15 5 6
      vertex 15 5 4
    endloop
  endfacet
  facet normal 0 1 0
    outer loop
      vertex 15 5 6
      vertex 14.426041603088379 5 4
      vertex 14.073387145996094 5 6
    endloop
  endfacet
  facet normal 0 -1 0
    outer loop
      vertex -15 -5 4
      vertex 12.042534828186035 -5 6
      vertex -15 -5 6
    endloop
  endfacet
  facet normal 0 -1 0
    outer loop
      vertex 12.042534828186035 -5 6
      vertex -15 -5 4
      vertex 12.395188331604004 -5 4
    endloop
  endfacet
  facet normal 0 -1 0
    outer loop
      vertex 14.426041603088379 -5 4
      vertex 15 -5 6
      vertex 14.073387145996094 -5 6
    endloop
  endfacet
  facet normal 0 -1 0
    outer loop
      vertex 15 -5 6
      vertex 14.426041603088379 -5 4
      vertex 15 -5 4
    endloop
  endfacet
  facet normal -0.9848077181785069 0 -0.1736483752185503
    outer loop
      vertex 12.751673698425293 -2 1.9782733917236328
      vertex 12.395188331604004 -5 4
      vertex 12.395188331604004 -2 4
    endloop
  endfacet
  facet normal -0.9848077915780853 -8.677538279406206e-7 -0.17364795894666227
    outer loop
      vertex 12.395188331604004 -5 4
      vertex 12.751673698425293 -6 1.9782733917236328
      vertex 12.042534828186035 -5 6
    endloop
  endfacet
  facet normal -0.9848077181785069 0 -0.1736483752185503
    outer loop
      vertex 12.751673698425293 -6 1.9782733917236328
      vertex 12.395188331604004 -5 4
      vertex 12.751673698425293 -2 1.9782733917236328
    endloop
  endfacet
  facet normal -0.9848077733227782 0 -0.17364806247992323
    outer loop
      vertex 12.042534828186035 -2 6
      vertex 12.042534828186035 -5 6
      vertex 11.185562133789062 -2 10.860136985778809
    endloop
  endfacet
  facet normal -0.9848077915780853 8.677538279406206e-7 -0.17364795894666227
    outer loop
      vertex 12.042534828186035 5 6
      vertex 12.751673698425293 6 1.9782733917236328
      vertex 12.395188331604004 5 4
    endloop
  endfacet
  facet normal -0.9848077181785069 0 -0.1736483752185503
    outer loop
      vertex 12.751673698425293 2 1.9782733917236328
      vertex 12.395188331604004 5 4
      vertex 12.751673698425293 6 1.9782733917236328
    endloop
  endfacet
  facet normal -0.9848077181785069 0 -0.1736483752185503
    outer loop
      vertex 12.395188331604004 5 4
      vertex 12.751673698425293 2 1.9782733917236328
      vertex 12.395188331604004 2 4
    endloop
  endfacet
  facet normal -0.9848077556306293 2.235083180189154e-8 -0.1736481628171233
    outer loop
      vertex 12.751673698425293 6 1.9782733917236328
      vertex 12.042534828186035 5 6
      vertex 9.27871036529541 6 21.674428939819336
    endloop
  endfacet
  facet normal -0.9848077733227782 0 -0.17364806247992323
    outer loop
      vertex 11.185562133789062 2 10.860136985778809
      vertex 12.042534828186035 5 6
      vertex 12.042534828186035 2 6
    endloop
  endfacet
  facet normal -0.9848077575089244 -1.498108102980948e-7 -0.17364815216471838
    outer loop
      vertex 12.042534828186035 5 6
      vertex 11.185562133789062 2 10.860136985778809
      vertex 9.27871036529541 6 21.674428939819336
    endloop
  endfacet
  facet normal -0.9848077480328986 0 -0.17364820590599586
    outer loop
      vertex 11.185562133789062 -2 10.860136985778809
      vertex 9.27871036529541 6 21.674428939819336
      vertex 11.185562133789062 2 10.860136985778809
    endloop
  endfacet
  facet normal -0.9848077480328985 0 -0.17364820590599583
    outer loop
      vertex 11.185562133789062 -2 10.860136985778809
      vertex 9.27871036529541 -6 21.674428939819336
      vertex 9.27871036529541 6 21.674428939819336
    endloop
  endfacet
  facet normal -0.9848077575089244 1.498108102980948e-7 -0.17364815216471838
    outer loop
      vertex 12.042534828186035 -5 6
      vertex 9.27871036529541 -6 21.674428939819336
      vertex 11.185562133789062 -2 10.860136985778809
    endloop
  endfacet
  facet normal -0.9848077556306293 -2.235083180189154e-8 -0.1736481628171233
    outer loop
      vertex 9.27871036529541 -6 21.674428939819336
      vertex 12.042534828186035 -5 6
      vertex 12.751673698425293 -6 1.9782733917236328
    endloop
  endfacet
  facet normal 0.9848077446284675 3.632802332873284e-8 0.17364822521347542
    outer loop
      vertex 11.24832534790039 -6 22.021724700927734
      vertex 12 -1.5 17.758766174316406
      vertex 11.707364082336426 -1.471177101135254 19.418386459350586
    endloop
  endfacet
  facet normal 0.9848077690765652 -4.585246199166241e-8 0.17364808656140393
    outer loop
      vertex 11.24832534790039 -6 22.021724700927734
      vertex 11.707364082336426 -1.471177101135254 19.418386459350586
      vertex 11.42597484588623 -1.3858184814453125 21.014225006103516
    endloop
  endfacet
  facet normal 0.9848077721937749 0 0.17364806888282383
    outer loop
      vertex 13.069363594055176 -2 11.694104194641113
      vertex 14.073387145996094 -5 6
      vertex 14.073387145996094 -2 6
    endloop
  endfacet
  facet normal 0.9848077513818291 -1.0827597993521474e-9 0.17364818691326858
    outer loop
      vertex 12 -1.5 17.758766174316406
      vertex 11.24832534790039 -6 22.021724700927734
      vertex 13.069363594055176 -2 11.694104194641113
    endloop
  endfacet
  facet normal 0.9848077331650187 0 0.1736482902258969
    outer loop
      vertex 11.24832534790039 -6 22.021724700927734
      vertex 11.42597484588623 -1.3858184814453125 21.014225006103516
      vertex 11.24832534790039 -1.2908631563186646 22.021724700927734
    endloop
  endfacet
  facet normal 0.9848077541927007 4.252868271757094e-7 0.17364817097150284
    outer loop
      vertex 14.721288681030273 -6 2.3255701065063477
      vertex 14.073387145996094 -5 6
      vertex 11.24832534790039 -6 22.021724700927734
    endloop
  endfacet
  facet normal 0.984807760157974 -1.335848861010916e-7 0.1736481371412219
    outer loop
      vertex 13.069363594055176 -2 11.694104194641113
      vertex 11.24832534790039 -6 22.021724700927734
      vertex 14.073387145996094 -5 6
    endloop
  endfacet
  facet normal 0.9848077541927007 -4.252868271757094e-7 0.17364817097150284
    outer loop
      vertex 11.24832534790039 6 22.021724700927734
      vertex 14.073387145996094 5 6
      vertex 14.721288681030273 6 2.3255701065063477
    endloop
  endfacet
  facet normal 0.984807760157974 1.335848861010916e-7 0.1736481371412219
    outer loop
      vertex 11.24832534790039 6 22.021724700927734
      vertex 13.069363594055176 2 11.694104194641113
      vertex 14.073387145996094 5 6
    endloop
  endfacet
  facet normal 0.9848077387059107 -6.913648437343217e-8 0.17364825880194174
    outer loop
      vertex 12.292634963989258 1.471177101135254 16.099151611328125
      vertex 11.24832534790039 6 22.021724700927734
      vertex 12 1.5 17.758766174316406
    endloop
  endfacet
  facet normal 0.9848077446284675 -3.632802332873284e-8 0.17364822521347542
    outer loop
      vertex 11.24832534790039 6 22.021724700927734
      vertex 11.707364082336426 1.471177101135254 19.418386459350586
      vertex 12 1.5 17.758766174316406
    endloop
  endfacet
  facet normal 0.9848077690765652 4.585246199166241e-8 0.17364808656140393
    outer loop
      vertex 11.24832534790039 6 22.021724700927734
      vertex 11.42597484588623 1.3858184814453125 21.014225006103516
      vertex 11.707364082336426 1.471177101135254 19.418386459350586
    endloop
  endfacet
  facet normal 0.9848077331650187 0 0.1736482902258969
    outer loop
      vertex 11.42597484588623 1.3858184814453125 21.014225006103516
      vertex 11.24832534790039 6 22.021724700927734
      vertex 11.24832534790039 1.2908631563186646 22.021724700927734
    endloop
  endfacet
  facet normal 0.9848077112732098 4.969070404396377e-7 0.17364841437967485
    outer loop
      vertex 14.426041603088379 5 4
      vertex 14.721288681030273 6 2.3255701065063477
      vertex 14.073387145996094 5 6
    endloop
  endfacet
  facet normal 0.9848077620226372 0 0.17364812656623926
    outer loop
      vertex 14.721288681030273 2 2.3255701065063477
      vertex 14.426041603088379 5 4
      vertex 14.426041603088379 2 4
    endloop
  endfacet
  facet normal 0.9848077620226372 0 0.17364812656623926
    outer loop
      vertex 14.426041603088379 5 4
      vertex 14.721288681030273 2 2.3255701065063477
      vertex 14.721288681030273 6 2.3255701065063477
    endloop
  endfacet
  facet normal 0.9848077721937749 0 0.17364806888282383
    outer loop
      vertex 14.073387145996094 5 6
      vertex 13.069363594055176 2 11.694104194641113
      vertex 14.073387145996094 2 6
    endloop
  endfacet
  facet normal 0.9848078482489535 7.685662304366745e-7 0.17364763754994053
    outer loop
      vertex 12.486444473266602 1.4123854637145996 15
      vertex 11.24832534790039 6 22.021724700927734
      vertex 12.292634963989258 1.471177101135254 16.099151611328125
    endloop
  endfacet
  facet normal 0.9848077351960443 -2.4328923520864765e-7 0.17364827870721533
    outer loop
      vertex 11.24832534790039 6 22.021724700927734
      vertex 12.486444473266602 1.4123854637145996 15
      vertex 13.069363594055176 2 11.694104194641113
    endloop
  endfacet
  facet normal 0.9848077278009021 0 0.17364832064729133
    outer loop
      vertex 12.486444473266602 -1.4123854637145996 15
      vertex 13.069363594055176 2 11.694104194641113
      vertex 12.486444473266602 1.4123854637145996 15
    endloop
  endfacet
  facet normal 0.984807727800902 0 0.1736483206472913
    outer loop
      vertex 12.486444473266602 -1.4123854637145996 15
      vertex 13.069363594055176 -2 11.694104194641113
      vertex 13.069363594055176 2 11.694104194641113
    endloop
  endfacet
  facet normal 0.9848078149798479 0.000002868183981782829 0.17364782620692715
    outer loop
      vertex 12.292634963989258 -1.471177101135254 16.099151611328125
      vertex 13.069363594055176 -2 11.694104194641113
      vertex 12.486444473266602 -1.4123854637145996 15
    endloop
  endfacet
  facet normal 0.9848077410835119 -7.31498238257812e-7 0.1736482453163741
    outer loop
      vertex 13.069363594055176 -2 11.694104194641113
      vertex 12.292634963989258 -1.471177101135254 16.099151611328125
      vertex 12 -1.5 17.758766174316406
    endloop
  endfacet
  facet normal 0.9848077620226372 0 0.17364812656623926
    outer loop
      vertex 14.426041603088379 -5 4
      vertex 14.721288681030273 -2 2.3255701065063477
      vertex 14.426041603088379 -2 4
    endloop
  endfacet
  facet normal 0.9848077620226372 0 0.17364812656623926
    outer loop
      vertex 14.426041603088379 -5 4
      vertex 14.721288681030273 -6 2.3255701065063477
      vertex 14.721288681030273 -2 2.3255701065063477
    endloop
  endfacet
  facet normal 0.9848077112732098 -4.969070404396377e-7 0.17364841437967485
    outer loop
      vertex 14.073387145996094 -5 6
      vertex 14.721288681030273 -6 2.3255701065063477
      vertex 14.426041603088379 -5 4
    endloop
  endfacet
  facet normal -0.17364793426816127 0 0.984807795929947
    outer loop
      vertex 9.27871036529541 6 21.674428939819336
      vertex 11.24832534790039 1.2908631563186646 22.021724700927734
      vertex 11.24832534790039 6 22.021724700927734
    endloop
  endfacet
  facet normal -0.17364604089739188 8.165309550769432e-7 0.9848081297796006
    outer loop
      vertex 11.24832534790039 1.2908631563186646 22.021724700927734
      vertex 9.27871036529541 6 21.674428939819336
      vertex 11.166644096374512 1.2472038269042969 22.007322311401367
    endloop
  endfacet
  facet normal -0.1736456325058208 9.837983092513385e-7 0.9848082017888994
    outer loop
      vertex 11.166644096374512 1.2472038269042969 22.007322311401367
      vertex 9.27871036529541 6 21.674428939819336
      vertex 10.939339637756348 1.060659408569336 21.967243194580078
    endloop
  endfacet
  facet normal -0.17364613115599875 8.109374782715227e-7 0.9848081138647752
    outer loop
      vertex 10.939339637756348 1.060659408569336 21.967243194580078
      vertex 9.27871036529541 6 21.674428939819336
      vertex 10.752795219421387 0.8333549499511719 21.934350967407227
    endloop
  endfacet
  facet normal -0.17365367741539797 -0.0000014090108479663162 0.9848067832413238
    outer loop
      vertex 10.752795219421387 0.8333549499511719 21.934350967407227
      vertex 9.27871036529541 6 21.674428939819336
      vertex 10.614180564880371 0.5740242004394531 21.909908294677734
    endloop
  endfacet
  facet normal -0.173638860664578 0.0000021156466170216846 0.9848093958033866
    outer loop
      vertex 10.52882194519043 0.2926349639892578 21.89485740661621
      vertex 9.27871036529541 6 21.674428939819336
      vertex 10.5 0 21.8897762298584
    endloop
  endfacet
  facet normal -0.17364729168217785 2.1154644125224558e-7 0.9848079092347907
    outer loop
      vertex 10.614180564880371 0.5740242004394531 21.909908294677734
      vertex 9.27871036529541 6 21.674428939819336
      vertex 10.52882194519043 0.2926349639892578 21.89485740661621
    endloop
  endfacet
  facet normal -0.17364604089739188 -8.165309550769432e-7 0.9848081297796006
    outer loop
      vertex 9.27871036529541 -6 21.674428939819336
      vertex 11.24832534790039 -1.2908631563186646 22.021724700927734
      vertex 11.166644096374512 -1.2472038269042969 22.007322311401367
    endloop
  endfacet
  facet normal -0.1736456325058208 -9.837983092513385e-7 0.9848082017888994
    outer loop
      vertex 9.27871036529541 -6 21.674428939819336
      vertex 11.166644096374512 -1.2472038269042969 22.007322311401367
      vertex 10.939339637756348 -1.060659408569336 21.967243194580078
    endloop
  endfacet
  facet normal -0.17364613115599875 -8.109374782715227e-7 0.9848081138647752
    outer loop
      vertex 9.27871036529541 -6 21.674428939819336
      vertex 10.939339637756348 -1.060659408569336 21.967243194580078
      vertex 10.752795219421387 -0.8333549499511719 21.934350967407227
    endloop
  endfacet
  facet normal -0.17365367741539797 0.0000014090108479663162 0.9848067832413238
    outer loop
      vertex 9.27871036529541 -6 21.674428939819336
      vertex 10.752795219421387 -0.8333549499511719 21.934350967407227
      vertex 10.614180564880371 -0.5740242004394531 21.909908294677734
    endloop
  endfacet
  facet normal -0.17364729168217785 -2.1154644125224558e-7 0.9848079092347907
    outer loop
      vertex 9.27871036529541 -6 21.674428939819336
      vertex 10.614180564880371 -0.5740242004394531 21.909908294677734
      vertex 10.52882194519043 -0.2926349639892578 21.89485740661621
    endloop
  endfacet
  facet normal -0.17364894109125398 0 0.9848076183995971
    outer loop
      vertex 9.27871036529541 -6 21.674428939819336
      vertex 10.5 0 21.8897762298584
      vertex 9.27871036529541 6 21.674428939819336
    endloop
  endfacet
  facet normal -0.173638860664578 -0.0000021156466170216846 0.9848093958033866
    outer loop
      vertex 10.5 0 21.8897762298584
      vertex 9.27871036529541 -6 21.674428939819336
      vertex 10.52882194519043 -0.2926349639892578 21.89485740661621
    endloop
  endfacet
  facet normal -0.17364793426816127 0 0.984807795929947
    outer loop
      vertex 11.24832534790039 -1.2908631563186646 22.021724700927734
      vertex 9.27871036529541 -6 21.674428939819336
      vertex 11.24832534790039 -6 22.021724700927734
    endloop
  endfacet
  facet normal 0.17364839672704577 0 -0.9848077143859741
    outer loop
      vertex 12.751673698425293 2 1.9782733917236328
      vertex 14.721288681030273 6 2.3255701065063477
      vertex 14.721288681030273 2 2.3255701065063477
    endloop
  endfacet
  facet normal 0.17364839672704577 0 -0.9848077143859741
    outer loop
      vertex 14.721288681030273 6 2.3255701065063477
      vertex 12.751673698425293 2 1.9782733917236328
      vertex 12.751673698425293 6 1.9782733917236328
    endloop
  endfacet
  facet normal 0.17364839672704577 0 -0.9848077143859741
    outer loop
      vertex 12.751673698425293 -6 1.9782733917236328
      vertex 14.721288681030273 -2 2.3255701065063477
      vertex 14.721288681030273 -6 2.3255701065063477
    endloop
  endfacet
  facet normal 0.17364839672704577 0 -0.9848077143859741
    outer loop
      vertex 14.721288681030273 -2 2.3255701065063477
      vertex 12.751673698425293 -6 1.9782733917236328
      vertex 12.751673698425293 -2 1.9782733917236328
    endloop
  endfacet
  facet normal 0 -1 0
    outer loop
      vertex 9.27871036529541 -6 21.674428939819336
      vertex 14.721288681030273 -6 2.3255701065063477
      vertex 11.24832534790039 -6 22.021724700927734
    endloop
  endfacet
  facet normal 0 -1 0
    outer loop
      vertex 14.721288681030273 -6 2.3255701065063477
      vertex 9.27871036529541 -6 21.674428939819336
      vertex 12.751673698425293 -6 1.9782733917236328
    endloop
  endfacet
  facet normal 0 1 0
    outer loop
      vertex 14.721288681030273 6 2.3255701065063477
      vertex 9.27871036529541 6 21.674428939819336
      vertex 11.24832534790039 6 22.021724700927734
    endloop
  endfacet
  facet normal 0 1 0
    outer loop
      vertex 9.27871036529541 6 21.674428939819336
      vertex 14.721288681030273 6 2.3255701065063477
      vertex 12.751673698425293 6 1.9782733917236328
    endloop
  endfacet
  facet normal 0.9742331997564483 0.14615092857892978 -0.17178352239906247
    outer loop
      vertex 2.1689977645874023 0 12.466628074645996
      vertex 2.0270767211914062 0.9754514694213867 12.491653442382812
      vertex 2.4611968994140625 0.9754514694213867 14.953672409057617
    endloop
  endfacet
  facet normal 0.7683433150285829 0.6255348458145681 -0.1354795442959276
    outer loop
      vertex 1.6067676544189453 1.913416862487793 12.565764427185059
      vertex 1.3583431243896484 2.777851104736328 15.1481351852417
      vertex 2.0408878326416016 1.913416862487793 15.02778434753418
    endloop
  endfacet
  facet normal -0.19520697843980403 -0.9801578848072322 0.034420290797936154
    outer loop
      vertex -6.2238874435424805 -4.903925895690918 16.485088348388672
      vertex -7.609461784362793 -4.619397163391113 16.729400634765625
      vertex -6.658008575439453 -4.903925895690918 14.023067474365234
    endloop
  endfacet
  facet normal 0.9742332350489782 0.14615076421790266 -0.1717834620809746
    outer loop
      vertex 2.6031179428100586 0 14.928647994995117
      vertex 2.1689977645874023 0 12.466628074645996
      vertex 2.4611968994140625 0.9754514694213867 14.953672409057617
    endloop
  endfacet
  facet normal 0.17364815401912512 1.4756048339089408e-8 0.9848077571819538
    outer loop
      vertex -11.606767654418945 1.913416862487793 17.434234619140625
      vertex -12.168997764587402 0 17.533370971679688
      vertex -3.3419904708862305 4.903925895690918 15.97693157196045
    endloop
  endfacet
  facet normal 0.17364697679349048 0.000002232828004569261 0.9848079647553099
    outer loop
      vertex -10.005671501159668 3.535533905029297 17.15191650390625
      vertex -11.606767654418945 1.913416862487793 17.434234619140625
      vertex -7.609461784362793 4.619397163391113 16.729400634765625
    endloop
  endfacet
  facet normal 0.1736487189399057 7.191573095939277e-7 0.9848076575707625
    outer loop
      vertex 0.4397916793823242 3.535533905029297 15.310100555419922
      vertex -1.9564170837402344 4.619397163391113 15.732617378234863
      vertex 1.3583431243896484 2.777851104736328 15.1481351852417
    endloop
  endfacet
  facet normal 0.3305666500610616 -0.9419810112907356 -0.058287770887989004
    outer loop
      vertex -1.9564170837402344 -4.619397163391113 15.732617378234863
      vertex -2.3905372619628906 -4.619397163391113 13.270597457885742
      vertex -0.6794652938842773 -4.157347679138184 15.507455825805664
    endloop
  endfacet
  facet normal -0.6209367401277016 -0.7761765042392925 0.10948789442881283
    outer loop
      vertex -10.005671501159668 -3.535533905029297 17.15191650390625
      vertex -11.358343124389648 -2.777851104736328 14.851863861083984
      vertex -10.439791679382324 -3.535533905029297 14.689898490905762
    endloop
  endfacet
  facet normal -0.1952070678500861 0.9801578681656871 0.03442025761477199
    outer loop
      vertex -6.658008575439453 4.903925895690918 14.023067474365234
      vertex -8.04358196258545 4.619397163391113 14.26738166809082
      vertex -7.609461784362793 4.619397163391113 16.729400634765625
    endloop
  endfacet
  facet normal 0.17364836346269732 1.6514122296378982e-7 0.9848077202513695
    outer loop
      vertex -1.9564170837402344 4.619397163391113 15.732617378234863
      vertex -3.3419904708862305 4.903925895690918 15.97693157196045
      vertex 2.0408878326416016 1.913416862487793 15.02778434753418
    endloop
  endfacet
  facet normal 0.1952069320118806 0.9801578938730316 -0.03442029594428145
    outer loop
      vertex -2.3905372619628906 4.619397163391113 13.270597457885742
      vertex -3.776111602783203 4.903925895690918 13.514911651611328
      vertex -3.3419904708862305 4.903925895690918 15.97693157196045
    endloop
  endfacet
  facet normal -0.17364755673603383 0.0000010636159833286042 -0.9848078624983021
    outer loop
      vertex 1.6067676544189453 1.913416862487793 12.565764427185059
      vertex -2.3905372619628906 4.619397163391113 13.270597457885742
      vertex 0.005671501159667969 3.535533905029297 12.848081588745117
    endloop
  endfacet
  facet normal 0.17364868115718007 6.490343808937399e-7 0.9848076642329459
    outer loop
      vertex 1.3583431243896484 2.777851104736328 15.1481351852417
      vertex -1.9564170837402344 4.619397163391113 15.732617378234863
      vertex 2.0408878326416016 1.913416862487793 15.02778434753418
    endloop
  endfacet
  facet normal -0.17364255966901324 -0.00000170968302044135 -0.9848087435988118
    outer loop
      vertex 2.0270767211914062 -0.9754514694213867 12.491653442382812
      vertex 1.6067676544189453 -1.913416862487793 12.565764427185059
      vertex 2.1689977645874023 0 12.466628074645996
    endloop
  endfacet
  facet normal 0.7683433150285829 -0.6255348458145681 -0.1354795442959276
    outer loop
      vertex 2.0408878326416016 -1.913416862487793 15.02778434753418
      vertex 1.3583431243896484 -2.777851104736328 15.1481351852417
      vertex 1.6067676544189453 -1.913416862487793 12.565764427185059
    endloop
  endfacet
  facet normal 0.17364861084762165 0.000008591046247916803 0.9848076765931941
    outer loop
      vertex -4.7829389572143555 -5 16.23101043701172
      vertex -7.609461784362793 -4.619397163391113 16.729400634765625
      vertex -6.2238874435424805 -4.903925895690918 16.485088348388672
    endloop
  endfacet
  facet normal -0.17364858122734284 -5.580265866001073e-7 -0.9848076818533756
    outer loop
      vertex -10.439791679382324 -3.535533905029297 14.689898490905762
      vertex -12.040887832641602 -1.913416862487793 14.972214698791504
      vertex -8.04358196258545 -4.619397163391113 14.26738166809082
    endloop
  endfacet
  facet normal 0.6209367473803462 -0.7761765042392923 -0.1094878532970121
    outer loop
      vertex 0.4397916793823242 -3.535533905029297 15.310100555419922
      vertex 0.005671501159667969 -3.535533905029297 12.848081588745117
      vertex 1.3583431243896484 -2.777851104736328 15.1481351852417
    endloop
  endfacet
  facet normal -0.06452479102873086 0.9978512436517423 0.011377472714531343
    outer loop
      vertex -4.7829389572143555 5 16.23101043701172
      vertex -6.658008575439453 4.903925895690918 14.023067474365234
      vertex -6.2238874435424805 4.903925895690918 16.485088348388672
    endloop
  endfacet
  facet normal -0.06452479102873086 0.9978512436517423 0.011377472714531343
    outer loop
      vertex -6.658008575439453 4.903925895690918 14.023067474365234
      vertex -4.7829389572143555 5 16.23101043701172
      vertex -5.217060089111328 5 13.768989562988281
    endloop
  endfacet
  facet normal -0.17364817576417768 8.167920045179035e-9 -0.9848077533477148
    outer loop
      vertex 2.1689977645874023 0 12.466628074645996
      vertex -6.658008575439453 4.903925895690918 14.023067474365234
      vertex 1.6067676544189453 1.913416862487793 12.565764427185059
    endloop
  endfacet
  facet normal 0.1736482884830604 2.5982674367834527e-8 0.9848077334723278
    outer loop
      vertex 2.0408878326416016 1.913416862487793 15.02778434753418
      vertex -3.3419904708862305 4.903925895690918 15.97693157196045
      vertex 2.6031179428100586 0 14.928647994995117
    endloop
  endfacet
  facet normal 0.472685341960489 0.8772809250086901 -0.08334714219211325
    outer loop
      vertex 0.4397916793823242 3.535533905029297 15.310100555419922
      vertex -1.1135854721069336 4.157347679138184 13.04543685913086
      vertex -0.6794652938842773 4.157347679138184 15.507455825805664
    endloop
  endfacet
  facet normal 0.472685341960489 0.8772809250086901 -0.08334714219211325
    outer loop
      vertex -1.1135854721069336 4.157347679138184 13.04543685913086
      vertex 0.4397916793823242 3.535533905029297 15.310100555419922
      vertex 0.005671501159667969 3.535533905029297 12.848081588745117
    endloop
  endfacet
  facet normal 0.8963756694283478 -0.41416089829038455 -0.15805508401877869
    outer loop
      vertex 2.0408878326416016 -1.913416862487793 15.02778434753418
      vertex 1.6067676544189453 -1.913416862487793 12.565764427185059
      vertex 2.4611968994140625 -0.9754514694213867 14.953672409057617
    endloop
  endfacet
  facet normal 0.9742331997564483 -0.14615092857892978 -0.17178352239906247
    outer loop
      vertex 2.4611968994140625 -0.9754514694213867 14.953672409057617
      vertex 2.0270767211914062 -0.9754514694213867 12.491653442382812
      vertex 2.1689977645874023 0 12.466628074645996
    endloop
  endfacet
  facet normal -0.9742332350489782 -0.14615076421790266 0.1717834620809746
    outer loop
      vertex -12.168997764587402 0 17.533370971679688
      vertex -12.603117942810059 0 15.071351051330566
      vertex -12.461196899414062 -0.9754514694213867 15.046326637268066
    endloop
  endfacet
  facet normal -0.17364885447530343 -1.9746213148151057e-7 -0.9848076336723715
    outer loop
      vertex -12.461196899414062 -0.9754514694213867 15.046326637268066
      vertex -12.603117942810059 0 15.071351051330566
      vertex -12.040887832641602 -1.913416862487793 14.972214698791504
    endloop
  endfacet
  facet normal 0.17364885447530343 1.9746213148151057e-7 0.9848076336723715
    outer loop
      vertex 2.4611968994140625 0.9754514694213867 14.953672409057617
      vertex 2.0408878326416016 1.913416862487793 15.02778434753418
      vertex 2.6031179428100586 0 14.928647994995117
    endloop
  endfacet
  facet normal 0.8963756694283478 0.41416089829038455 -0.15805508401877869
    outer loop
      vertex 2.4611968994140625 0.9754514694213867 14.953672409057617
      vertex 1.6067676544189453 1.913416862487793 12.565764427185059
      vertex 2.0408878326416016 1.913416862487793 15.02778434753418
    endloop
  endfacet
  facet normal 0.1736499207947588 7.633688493869787e-7 0.9848074456498546
    outer loop
      vertex -10.005671501159668 -3.535533905029297 17.15191650390625
      vertex -11.606767654418945 -1.913416862487793 17.434234619140625
      vertex -10.924221992492676 -2.777851104736328 17.31388282775879
    endloop
  endfacet
  facet normal -0.17364838095829918 -2.5298873765306813e-7 -0.9848077171664007
    outer loop
      vertex -8.04358196258545 -4.619397163391113 14.26738166809082
      vertex -12.040887832641602 -1.913416862487793 14.972214698791504
      vertex -6.658008575439453 -4.903925895690918 14.023067474365234
    endloop
  endfacet
  facet normal -0.1736482528248464 -1.5179256310211313e-8 -0.9848077397598367
    outer loop
      vertex -12.040887832641602 -1.913416862487793 14.972214698791504
      vertex -12.603117942810059 0 15.071351051330566
      vertex -6.658008575439453 -4.903925895690918 14.023067474365234
    endloop
  endfacet
  facet normal -0.1952070678500861 -0.9801578681656871 0.03442025761477199
    outer loop
      vertex -7.609461784362793 -4.619397163391113 16.729400634765625
      vertex -8.04358196258545 -4.619397163391113 14.26738166809082
      vertex -6.658008575439453 -4.903925895690918 14.023067474365234
    endloop
  endfacet
  facet normal -0.7683427759122019 0.625535452772824 0.135479799334919
    outer loop
      vertex -11.358343124389648 2.777851104736328 14.851863861083984
      vertex -11.606767654418945 1.913416862487793 17.434234619140625
      vertex -10.924221992492676 2.777851104736328 17.31388282775879
    endloop
  endfacet
  facet normal 0.896375718618232 0.414160765153282 -0.15805515391563887
    outer loop
      vertex 2.0270767211914062 0.9754514694213867 12.491653442382812
      vertex 1.6067676544189453 1.913416862487793 12.565764427185059
      vertex 2.4611968994140625 0.9754514694213867 14.953672409057617
    endloop
  endfacet
  facet normal -0.17364255966901324 0.00000170968302044135 -0.9848087435988118
    outer loop
      vertex 2.1689977645874023 0 12.466628074645996
      vertex 1.6067676544189453 1.913416862487793 12.565764427185059
      vertex 2.0270767211914062 0.9754514694213867 12.491653442382812
    endloop
  endfacet
  facet normal -0.17364709414705853 0.000002118105256098955 -0.9848079440631032
    outer loop
      vertex 0.005671501159667969 3.535533905029297 12.848081588745117
      vertex -2.3905372619628906 4.619397163391113 13.270597457885742
      vertex -1.1135854721069336 4.157347679138184 13.04543685913086
    endloop
  endfacet
  facet normal 0.19520707013013783 0.9801578681656865 -0.03442024468396712
    outer loop
      vertex -2.3905372619628906 4.619397163391113 13.270597457885742
      vertex -3.3419904708862305 4.903925895690918 15.97693157196045
      vertex -1.9564170837402344 4.619397163391113 15.732617378234863
    endloop
  endfacet
  facet normal -0.17364808119116723 -4.000126285131198e-7 -0.984807770023402
    outer loop
      vertex -5.217060089111328 -5 13.768989562988281
      vertex -6.658008575439453 -4.903925895690918 14.023067474365234
      vertex -2.3905372619628906 -4.619397163391113 13.270597457885742
    endloop
  endfacet
  facet normal 0.9742332350489782 -0.14615076421790266 -0.1717834620809746
    outer loop
      vertex 2.4611968994140625 -0.9754514694213867 14.953672409057617
      vertex 2.1689977645874023 0 12.466628074645996
      vertex 2.6031179428100586 0 14.928647994995117
    endloop
  endfacet
  facet normal 0.896375718618232 -0.414160765153282 -0.15805515391563887
    outer loop
      vertex 2.4611968994140625 -0.9754514694213867 14.953672409057617
      vertex 1.6067676544189453 -1.913416862487793 12.565764427185059
      vertex 2.0270767211914062 -0.9754514694213867 12.491653442382812
    endloop
  endfacet
  facet normal 0.17364885447530343 -1.9746213148151057e-7 0.9848076336723715
    outer loop
      vertex 2.6031179428100586 0 14.928647994995117
      vertex 2.0408878326416016 -1.913416862487793 15.02778434753418
      vertex 2.4611968994140625 -0.9754514694213867 14.953672409057617
    endloop
  endfacet
  facet normal 0.1736482884830604 -2.5982674367834527e-8 0.9848077334723278
    outer loop
      vertex 2.6031179428100586 0 14.928647994995117
      vertex -3.3419904708862305 -4.903925895690918 15.97693157196045
      vertex 2.0408878326416016 -1.913416862487793 15.02778434753418
    endloop
  endfacet
  facet normal 0.19520707013013783 -0.9801578681656865 -0.03442024468396712
    outer loop
      vertex -1.9564170837402344 -4.619397163391113 15.732617378234863
      vertex -3.3419904708862305 -4.903925895690918 15.97693157196045
      vertex -2.3905372619628906 -4.619397163391113 13.270597457885742
    endloop
  endfacet
  facet normal -0.17364824068152604 0 -0.9848077419010326
    outer loop
      vertex -6.658008575439453 -4.903925895690918 14.023067474365234
      vertex -12.603117942810059 0 15.071351051330566
      vertex -6.658008575439453 4.903925895690918 14.023067474365234
    endloop
  endfacet
  facet normal -0.1736481801651117 0 -0.9848077525717113
    outer loop
      vertex 2.1689977645874023 0 12.466628074645996
      vertex -6.658008575439453 -4.903925895690918 14.023067474365234
      vertex -6.658008575439453 4.903925895690918 14.023067474365234
    endloop
  endfacet
  facet normal 0.33056668366193764 0.9419809977355863 -0.05828779939076226
    outer loop
      vertex -1.1135854721069336 4.157347679138184 13.04543685913086
      vertex -2.3905372619628906 4.619397163391113 13.270597457885742
      vertex -0.6794652938842773 4.157347679138184 15.507455825805664
    endloop
  endfacet
  facet normal 0.17364885447530343 1.9746213148151057e-7 0.9848076336723715
    outer loop
      vertex -11.606767654418945 -1.913416862487793 17.434234619140625
      vertex -12.168997764587402 0 17.533370971679688
      vertex -12.027076721191406 -0.9754514694213867 17.508346557617188
    endloop
  endfacet
  facet normal -0.17364862863250122 -6.062722161222486e-7 -0.9848076734945175
    outer loop
      vertex -11.358343124389648 -2.777851104736328 14.851863861083984
      vertex -12.040887832641602 -1.913416862487793 14.972214698791504
      vertex -10.439791679382324 -3.535533905029297 14.689898490905762
    endloop
  endfacet
  facet normal -0.8963756694283478 -0.41416089829038455 0.15805508401877869
    outer loop
      vertex -12.027076721191406 -0.9754514694213867 17.508346557617188
      vertex -12.461196899414062 -0.9754514694213867 15.046326637268066
      vertex -11.606767654418945 -1.913416862487793 17.434234619140625
    endloop
  endfacet
  facet normal -0.7683433150285829 -0.6255348458145681 0.1354795442959276
    outer loop
      vertex -11.606767654418945 -1.913416862487793 17.434234619140625
      vertex -12.040887832641602 -1.913416862487793 14.972214698791504
      vertex -11.358343124389648 -2.777851104736328 14.851863861083984
    endloop
  endfacet
  facet normal -0.17364838095829918 2.5298873765306813e-7 -0.9848077171664007
    outer loop
      vertex -6.658008575439453 4.903925895690918 14.023067474365234
      vertex -12.040887832641602 1.913416862487793 14.972214698791504
      vertex -8.04358196258545 4.619397163391113 14.26738166809082
    endloop
  endfacet
  facet normal -0.6209367401277016 0.7761765042392925 0.10948789442881283
    outer loop
      vertex -10.439791679382324 3.535533905029297 14.689898490905762
      vertex -11.358343124389648 2.777851104736328 14.851863861083984
      vertex -10.005671501159668 3.535533905029297 17.15191650390625
    endloop
  endfacet
  facet normal -0.1736482528248464 1.5179256310211313e-8 -0.9848077397598367
    outer loop
      vertex -6.658008575439453 4.903925895690918 14.023067474365234
      vertex -12.603117942810059 0 15.071351051330566
      vertex -12.040887832641602 1.913416862487793 14.972214698791504
    endloop
  endfacet
  facet normal -0.7683433150285829 0.6255348458145681 0.1354795442959276
    outer loop
      vertex -11.358343124389648 2.777851104736328 14.851863861083984
      vertex -12.040887832641602 1.913416862487793 14.972214698791504
      vertex -11.606767654418945 1.913416862487793 17.434234619140625
    endloop
  endfacet
  facet normal -0.17364809088986605 2.500252737614561e-7 -0.9848077683133101
    outer loop
      vertex 1.6067676544189453 1.913416862487793 12.565764427185059
      vertex -6.658008575439453 4.903925895690918 14.023067474365234
      vertex -2.3905372619628906 4.619397163391113 13.270597457885742
    endloop
  endfacet
  facet normal -0.17364808119116723 4.000126285131198e-7 -0.984807770023402
    outer loop
      vertex -2.3905372619628906 4.619397163391113 13.270597457885742
      vertex -6.658008575439453 4.903925895690918 14.023067474365234
      vertex -5.217060089111328 5 13.768989562988281
    endloop
  endfacet
  facet normal 0.6209370829245782 0.7761761935314565 -0.10948815298530852
    outer loop
      vertex 0.9242219924926758 2.777851104736328 12.686116218566895
      vertex 0.005671501159667969 3.535533905029297 12.848081588745117
      vertex 1.3583431243896484 2.777851104736328 15.1481351852417
    endloop
  endfacet
  facet normal 0.6209367473803462 0.7761765042392923 -0.1094878532970121
    outer loop
      vertex 1.3583431243896484 2.777851104736328 15.1481351852417
      vertex 0.005671501159667969 3.535533905029297 12.848081588745117
      vertex 0.4397916793823242 3.535533905029297 15.310100555419922
    endloop
  endfacet
  facet normal 0.1736482676970628 0 0.9848077371374624
    outer loop
      vertex -3.3419904708862305 4.903925895690918 15.97693157196045
      vertex -3.3419904708862305 -4.903925895690918 15.97693157196045
      vertex 2.6031179428100586 0 14.928647994995117
    endloop
  endfacet
  facet normal 0.1736481619697892 0 0.9848077557800374
    outer loop
      vertex -3.3419904708862305 4.903925895690918 15.97693157196045
      vertex -12.168997764587402 0 17.533370971679688
      vertex -3.3419904708862305 -4.903925895690918 15.97693157196045
    endloop
  endfacet
  facet normal -0.17364809088986605 -2.500252737614561e-7 -0.9848077683133101
    outer loop
      vertex -2.3905372619628906 -4.619397163391113 13.270597457885742
      vertex -6.658008575439453 -4.903925895690918 14.023067474365234
      vertex 1.6067676544189453 -1.913416862487793 12.565764427185059
    endloop
  endfacet
  facet normal -0.17364817576417768 -8.167920045179035e-9 -0.9848077533477148
    outer loop
      vertex 1.6067676544189453 -1.913416862487793 12.565764427185059
      vertex -6.658008575439453 -4.903925895690918 14.023067474365234
      vertex 2.1689977645874023 0 12.466628074645996
    endloop
  endfacet
  facet normal 0.33056668366193764 -0.9419809977355863 -0.05828779939076226
    outer loop
      vertex -0.6794652938842773 -4.157347679138184 15.507455825805664
      vertex -2.3905372619628906 -4.619397163391113 13.270597457885742
      vertex -1.1135854721069336 -4.157347679138184 13.04543685913086
    endloop
  endfacet
  facet normal 0.06452478375709862 -0.9978512441365726 -0.011377471432345132
    outer loop
      vertex -5.217060089111328 -5 13.768989562988281
      vertex -3.3419904708862305 -4.903925895690918 15.97693157196045
      vertex -4.7829389572143555 -5 16.23101043701172
    endloop
  endfacet
  facet normal 0.06452479027507046 -0.9978512436517422 -0.011377476988754928
    outer loop
      vertex -3.3419904708862305 -4.903925895690918 15.97693157196045
      vertex -5.217060089111328 -5 13.768989562988281
      vertex -3.776111602783203 -4.903925895690918 13.514911651611328
    endloop
  endfacet
  facet normal -0.17364797871941068 -0.0000011846721820979307 -0.9848077880912903
    outer loop
      vertex -3.776111602783203 -4.903925895690918 13.514911651611328
      vertex -5.217060089111328 -5 13.768989562988281
      vertex -2.3905372619628906 -4.619397163391113 13.270597457885742
    endloop
  endfacet
  facet normal 0.1736482905294927 0.000006138239693515841 0.9848077330923568
    outer loop
      vertex -3.3419904708862305 -4.903925895690918 15.97693157196045
      vertex -7.609461784362793 -4.619397163391113 16.729400634765625
      vertex -4.7829389572143555 -5 16.23101043701172
    endloop
  endfacet
  facet normal 0.17364697679349048 -0.000002232828004569261 0.9848079647553099
    outer loop
      vertex -7.609461784362793 -4.619397163391113 16.729400634765625
      vertex -11.606767654418945 -1.913416862487793 17.434234619140625
      vertex -10.005671501159668 -3.535533905029297 17.15191650390625
    endloop
  endfacet
  facet normal 0.3305666500610616 0.9419810112907356 -0.058287770887989004
    outer loop
      vertex -0.6794652938842773 4.157347679138184 15.507455825805664
      vertex -2.3905372619628906 4.619397163391113 13.270597457885742
      vertex -1.9564170837402344 4.619397163391113 15.732617378234863
    endloop
  endfacet
  facet normal 0.17364913980260444 0.0000016785313383424752 0.9848075833598146
    outer loop
      vertex -0.6794652938842773 4.157347679138184 15.507455825805664
      vertex -1.9564170837402344 4.619397163391113 15.732617378234863
      vertex 0.4397916793823242 3.535533905029297 15.310100555419922
    endloop
  endfacet
  facet normal -0.8963756694283478 -0.41416089829038455 0.15805508401877869
    outer loop
      vertex -11.606767654418945 -1.913416862487793 17.434234619140625
      vertex -12.461196899414062 -0.9754514694213867 15.046326637268066
      vertex -12.040887832641602 -1.913416862487793 14.972214698791504
    endloop
  endfacet
  facet normal -0.9742332350489782 -0.14615076421790266 0.1717834620809746
    outer loop
      vertex -12.168997764587402 0 17.533370971679688
      vertex -12.461196899414062 -0.9754514694213867 15.046326637268066
      vertex -12.027076721191406 -0.9754514694213867 17.508346557617188
    endloop
  endfacet
  facet normal 0.17364783362119057 -9.277600978325281e-7 0.9848078136762557
    outer loop
      vertex -3.3419904708862305 -4.903925895690918 15.97693157196045
      vertex -11.606767654418945 -1.913416862487793 17.434234619140625
      vertex -7.609461784362793 -4.619397163391113 16.729400634765625
    endloop
  endfacet
  facet normal 0.17364815401912512 -1.4756048339089408e-8 0.9848077571819538
    outer loop
      vertex -3.3419904708862305 -4.903925895690918 15.97693157196045
      vertex -12.168997764587402 0 17.533370971679688
      vertex -11.606767654418945 -1.913416862487793 17.434234619140625
    endloop
  endfacet
  facet normal 0.17364885447530343 -1.9746213148151057e-7 0.9848076336723715
    outer loop
      vertex -12.027076721191406 0.9754514694213867 17.508346557617188
      vertex -12.168997764587402 0 17.533370971679688
      vertex -11.606767654418945 1.913416862487793 17.434234619140625
    endloop
  endfacet
  facet normal -0.8963756694283478 0.41416089829038455 0.15805508401877869
    outer loop
      vertex -12.040887832641602 1.913416862487793 14.972214698791504
      vertex -12.461196899414062 0.9754514694213867 15.046326637268066
      vertex -11.606767654418945 1.913416862487793 17.434234619140625
    endloop
  endfacet
  facet normal 0.17365449358519205 -0.000014902057183313549 0.9848066392117791
    outer loop
      vertex -8.88641357421875 4.157347679138184 16.95456314086914
      vertex -10.005671501159668 3.535533905029297 17.15191650390625
      vertex -7.609461784362793 4.619397163391113 16.729400634765625
    endloop
  endfacet
  facet normal -0.33056664619998316 0.9419810112907391 0.05828779278521186
    outer loop
      vertex -8.04358196258545 4.619397163391113 14.26738166809082
      vertex -9.320533752441406 4.157347679138184 14.49254322052002
      vertex -7.609461784362793 4.619397163391113 16.729400634765625
    endloop
  endfacet
  facet normal -0.17364797871941068 0.0000011846721820979307 -0.9848077880912903
    outer loop
      vertex -2.3905372619628906 4.619397163391113 13.270597457885742
      vertex -5.217060089111328 5 13.768989562988281
      vertex -3.776111602783203 4.903925895690918 13.514911651611328
    endloop
  endfacet
  facet normal 0.06452478375709862 0.9978512441365726 -0.011377471432345132
    outer loop
      vertex -3.3419904708862305 4.903925895690918 15.97693157196045
      vertex -5.217060089111328 5 13.768989562988281
      vertex -4.7829389572143555 5 16.23101043701172
    endloop
  endfacet
  facet normal 0.06452479027507046 0.9978512436517422 -0.011377476988754928
    outer loop
      vertex -5.217060089111328 5 13.768989562988281
      vertex -3.3419904708862305 4.903925895690918 15.97693157196045
      vertex -3.776111602783203 4.903925895690918 13.514911651611328
    endloop
  endfacet
  facet normal 0.7683427759122019 0.625535452772824 -0.135479799334919
    outer loop
      vertex 1.6067676544189453 1.913416862487793 12.565764427185059
      vertex 0.9242219924926758 2.777851104736328 12.686116218566895
      vertex 1.3583431243896484 2.777851104736328 15.1481351852417
    endloop
  endfacet
  facet normal -0.17364707695476528 0.000001551903321876741 -0.9848079470956037
    outer loop
      vertex 1.6067676544189453 1.913416862487793 12.565764427185059
      vertex 0.005671501159667969 3.535533905029297 12.848081588745117
      vertex 0.9242219924926758 2.777851104736328 12.686116218566895
    endloop
  endfacet
  facet normal 0.17364913980260444 -0.0000016785313383424752 0.9848075833598146
    outer loop
      vertex 0.4397916793823242 -3.535533905029297 15.310100555419922
      vertex -1.9564170837402344 -4.619397163391113 15.732617378234863
      vertex -0.6794652938842773 -4.157347679138184 15.507455825805664
    endloop
  endfacet
  facet normal 0.1736487189399057 -7.191573095939277e-7 0.9848076575707625
    outer loop
      vertex 1.3583431243896484 -2.777851104736328 15.1481351852417
      vertex -1.9564170837402344 -4.619397163391113 15.732617378234863
      vertex 0.4397916793823242 -3.535533905029297 15.310100555419922
    endloop
  endfacet
  facet normal -0.17364709414705853 -0.000002118105256098955 -0.9848079440631032
    outer loop
      vertex -1.1135854721069336 -4.157347679138184 13.04543685913086
      vertex -2.3905372619628906 -4.619397163391113 13.270597457885742
      vertex 0.005671501159667969 -3.535533905029297 12.848081588745117
    endloop
  endfacet
  facet normal 0.472685341960489 -0.8772809250086901 -0.08334714219211325
    outer loop
      vertex -1.1135854721069336 -4.157347679138184 13.04543685913086
      vertex 0.4397916793823242 -3.535533905029297 15.310100555419922
      vertex -0.6794652938842773 -4.157347679138184 15.507455825805664
    endloop
  endfacet
  facet normal 0.472685341960489 -0.8772809250086901 -0.08334714219211325
    outer loop
      vertex 0.4397916793823242 -3.535533905029297 15.310100555419922
      vertex -1.1135854721069336 -4.157347679138184 13.04543685913086
      vertex 0.005671501159667969 -3.535533905029297 12.848081588745117
    endloop
  endfacet
  facet normal 0.1952069320118806 -0.9801578938730316 -0.03442029594428145
    outer loop
      vertex -3.3419904708862305 -4.903925895690918 15.97693157196045
      vertex -3.776111602783203 -4.903925895690918 13.514911651611328
      vertex -2.3905372619628906 -4.619397163391113 13.270597457885742
    endloop
  endfacet
  facet normal -0.47268514183217747 -0.8772810331245644 0.08334713918900387
    outer loop
      vertex -10.439791679382324 -3.535533905029297 14.689898490905762
      vertex -8.88641357421875 -4.157347679138184 16.95456314086914
      vertex -10.005671501159668 -3.535533905029297 17.15191650390625
    endloop
  endfacet
  facet normal -0.47268504685833923 -0.8772810920226638 0.08334705787280089
    outer loop
      vertex -8.88641357421875 -4.157347679138184 16.95456314086914
      vertex -10.439791679382324 -3.535533905029297 14.689898490905762
      vertex -9.320533752441406 -4.157347679138184 14.49254322052002
    endloop
  endfacet
  facet normal -0.06452479102873086 -0.9978512436517423 0.011377472714531343
    outer loop
      vertex -6.658008575439453 -4.903925895690918 14.023067474365234
      vertex -4.7829389572143555 -5 16.23101043701172
      vertex -6.2238874435424805 -4.903925895690918 16.485088348388672
    endloop
  endfacet
  facet normal -0.06452479102873086 -0.9978512436517423 0.011377472714531343
    outer loop
      vertex -4.7829389572143555 -5 16.23101043701172
      vertex -6.658008575439453 -4.903925895690918 14.023067474365234
      vertex -5.217060089111328 -5 13.768989562988281
    endloop
  endfacet
  facet normal -0.7683427759122019 -0.625535452772824 0.135479799334919
    outer loop
      vertex -10.924221992492676 -2.777851104736328 17.31388282775879
      vertex -11.606767654418945 -1.913416862487793 17.434234619140625
      vertex -11.358343124389648 -2.777851104736328 14.851863861083984
    endloop
  endfacet
  facet normal -0.620937016506291 -0.7761762483177652 0.10948814127395196
    outer loop
      vertex -10.924221992492676 -2.777851104736328 17.31388282775879
      vertex -11.358343124389648 -2.777851104736328 14.851863861083984
      vertex -10.005671501159668 -3.535533905029297 17.15191650390625
    endloop
  endfacet
  facet normal 0.17364783362119057 9.277600978325281e-7 0.9848078136762557
    outer loop
      vertex -7.609461784362793 4.619397163391113 16.729400634765625
      vertex -11.606767654418945 1.913416862487793 17.434234619140625
      vertex -3.3419904708862305 4.903925895690918 15.97693157196045
    endloop
  endfacet
  facet normal 0.1736482905294927 -0.000006138239693515841 0.9848077330923568
    outer loop
      vertex -4.7829389572143555 5 16.23101043701172
      vertex -7.609461784362793 4.619397163391113 16.729400634765625
      vertex -3.3419904708862305 4.903925895690918 15.97693157196045
    endloop
  endfacet
  facet normal 0.1736499207947588 -7.633688493869787e-7 0.9848074456498546
    outer loop
      vertex -10.924221992492676 2.777851104736328 17.31388282775879
      vertex -11.606767654418945 1.913416862487793 17.434234619140625
      vertex -10.005671501159668 3.535533905029297 17.15191650390625
    endloop
  endfacet
  facet normal -0.620937016506291 0.7761762483177652 0.10948814127395196
    outer loop
      vertex -10.005671501159668 3.535533905029297 17.15191650390625
      vertex -11.358343124389648 2.777851104736328 14.851863861083984
      vertex -10.924221992492676 2.777851104736328 17.31388282775879
    endloop
  endfacet
  facet normal -0.17364885447530343 1.9746213148151057e-7 -0.9848076336723715
    outer loop
      vertex -12.040887832641602 1.913416862487793 14.972214698791504
      vertex -12.603117942810059 0 15.071351051330566
      vertex -12.461196899414062 0.9754514694213867 15.046326637268066
    endloop
  endfacet
  facet normal -0.9742332350489782 0.14615076421790266 0.1717834620809746
    outer loop
      vertex -12.461196899414062 0.9754514694213867 15.046326637268066
      vertex -12.603117942810059 0 15.071351051330566
      vertex -12.168997764587402 0 17.533370971679688
    endloop
  endfacet
  facet normal -0.17364858122734284 5.580265866001073e-7 -0.9848076818533756
    outer loop
      vertex -8.04358196258545 4.619397163391113 14.26738166809082
      vertex -12.040887832641602 1.913416862487793 14.972214698791504
      vertex -10.439791679382324 3.535533905029297 14.689898490905762
    endloop
  endfacet
  facet normal -0.17364862863250122 6.062722161222486e-7 -0.9848076734945175
    outer loop
      vertex -10.439791679382324 3.535533905029297 14.689898490905762
      vertex -12.040887832641602 1.913416862487793 14.972214698791504
      vertex -11.358343124389648 2.777851104736328 14.851863861083984
    endloop
  endfacet
  facet normal 0.17364836346269732 -1.6514122296378982e-7 0.9848077202513695
    outer loop
      vertex 2.0408878326416016 -1.913416862487793 15.02778434753418
      vertex -3.3419904708862305 -4.903925895690918 15.97693157196045
      vertex -1.9564170837402344 -4.619397163391113 15.732617378234863
    endloop
  endfacet
  facet normal 0.17364868115718007 -6.490343808937399e-7 0.9848076642329459
    outer loop
      vertex 2.0408878326416016 -1.913416862487793 15.02778434753418
      vertex -1.9564170837402344 -4.619397163391113 15.732617378234863
      vertex 1.3583431243896484 -2.777851104736328 15.1481351852417
    endloop
  endfacet
  facet normal -0.17364755673603383 -0.0000010636159833286042 -0.9848078624983021
    outer loop
      vertex 0.005671501159667969 -3.535533905029297 12.848081588745117
      vertex -2.3905372619628906 -4.619397163391113 13.270597457885742
      vertex 1.6067676544189453 -1.913416862487793 12.565764427185059
    endloop
  endfacet
  facet normal 0.6209370829245782 -0.7761761935314565 -0.10948815298530852
    outer loop
      vertex 1.3583431243896484 -2.777851104736328 15.1481351852417
      vertex 0.005671501159667969 -3.535533905029297 12.848081588745117
      vertex 0.9242219924926758 -2.777851104736328 12.686116218566895
    endloop
  endfacet
  facet normal -0.33056664619998316 -0.9419810112907391 0.05828779278521186
    outer loop
      vertex -7.609461784362793 -4.619397163391113 16.729400634765625
      vertex -9.320533752441406 -4.157347679138184 14.49254322052002
      vertex -8.04358196258545 -4.619397163391113 14.26738166809082
    endloop
  endfacet
  facet normal -0.17364940783164962 -0.000002442306462943058 -0.9848075360971567
    outer loop
      vertex -9.320533752441406 -4.157347679138184 14.49254322052002
      vertex -10.439791679382324 -3.535533905029297 14.689898490905762
      vertex -8.04358196258545 -4.619397163391113 14.26738166809082
    endloop
  endfacet
  facet normal -0.3305666125991286 -0.9419810248458785 0.058287764282444955
    outer loop
      vertex -8.88641357421875 -4.157347679138184 16.95456314086914
      vertex -9.320533752441406 -4.157347679138184 14.49254322052002
      vertex -7.609461784362793 -4.619397163391113 16.729400634765625
    endloop
  endfacet
  facet normal 0.17365449358519205 0.000014902057183313549 0.9848066392117791
    outer loop
      vertex -7.609461784362793 -4.619397163391113 16.729400634765625
      vertex -10.005671501159668 -3.535533905029297 17.15191650390625
      vertex -8.88641357421875 -4.157347679138184 16.95456314086914
    endloop
  endfacet
  facet normal -0.19520697843980403 0.9801578848072322 0.034420290797936154
    outer loop
      vertex -6.658008575439453 4.903925895690918 14.023067474365234
      vertex -7.609461784362793 4.619397163391113 16.729400634765625
      vertex -6.2238874435424805 4.903925895690918 16.485088348388672
    endloop
  endfacet
  facet normal 0.17364861084762165 -0.000008591046247916803 0.9848076765931941
    outer loop
      vertex -6.2238874435424805 4.903925895690918 16.485088348388672
      vertex -7.609461784362793 4.619397163391113 16.729400634765625
      vertex -4.7829389572143555 5 16.23101043701172
    endloop
  endfacet
  facet normal -0.8963756694283478 0.41416089829038455 0.15805508401877869
    outer loop
      vertex -11.606767654418945 1.913416862487793 17.434234619140625
      vertex -12.461196899414062 0.9754514694213867 15.046326637268066
      vertex -12.027076721191406 0.9754514694213867 17.508346557617188
    endloop
  endfacet
  facet normal -0.9742332350489782 0.14615076421790266 0.1717834620809746
    outer loop
      vertex -12.027076721191406 0.9754514694213867 17.508346557617188
      vertex -12.461196899414062 0.9754514694213867 15.046326637268066
      vertex -12.168997764587402 0 17.533370971679688
    endloop
  endfacet
  facet normal -0.17364940783164962 0.000002442306462943058 -0.9848075360971567
    outer loop
      vertex -8.04358196258545 4.619397163391113 14.26738166809082
      vertex -10.439791679382324 3.535533905029297 14.689898490905762
      vertex -9.320533752441406 4.157347679138184 14.49254322052002
    endloop
  endfacet
  facet normal -0.47268514183217747 0.8772810331245644 0.08334713918900387
    outer loop
      vertex -8.88641357421875 4.157347679138184 16.95456314086914
      vertex -10.439791679382324 3.535533905029297 14.689898490905762
      vertex -10.005671501159668 3.535533905029297 17.15191650390625
    endloop
  endfacet
  facet normal -0.47268504685833923 0.8772810920226638 0.08334705787280089
    outer loop
      vertex -10.439791679382324 3.535533905029297 14.689898490905762
      vertex -8.88641357421875 4.157347679138184 16.95456314086914
      vertex -9.320533752441406 4.157347679138184 14.49254322052002
    endloop
  endfacet
  facet normal -0.17364707695476528 -0.000001551903321876741 -0.9848079470956037
    outer loop
      vertex 0.9242219924926758 -2.777851104736328 12.686116218566895
      vertex 0.005671501159667969 -3.535533905029297 12.848081588745117
      vertex 1.6067676544189453 -1.913416862487793 12.565764427185059
    endloop
  endfacet
  facet normal 0.7683427759122019 -0.625535452772824 -0.135479799334919
    outer loop
      vertex 1.3583431243896484 -2.777851104736328 15.1481351852417
      vertex 0.9242219924926758 -2.777851104736328 12.686116218566895
      vertex 1.6067676544189453 -1.913416862487793 12.565764427185059
    endloop
  endfacet
  facet normal -0.3305666125991286 0.9419810248458785 0.058287764282444955
    outer loop
      vertex -7.609461784362793 4.619397163391113 16.729400634765625
      vertex -9.320533752441406 4.157347679138184 14.49254322052002
      vertex -8.88641357421875 4.157347679138184 16.95456314086914
    endloop
  endfacet
  facet normal 0.956939762497392 0.2902865669496869 0
    outer loop
      vertex 13.385818481445312 0.5740242004394531 30
      vertex 13.45217227935791 0.3552865982055664 29.588428497314453
      vertex 13.385818481445312 0.5740242004394531 29.588428497314453
    endloop
  endfacet
  facet normal 0.9569402148028677 0.2902850759034857 8.653661749897324e-7
    outer loop
      vertex 13.471177101135254 0.2926349639892578 30
      vertex 13.45217227935791 0.3552865982055664 29.588428497314453
      vertex 13.385818481445312 0.5740242004394531 30
    endloop
  endfacet
  facet normal 0.9569417939378118 0.2902798701513466 0
    outer loop
      vertex 13.45217227935791 0.3552865982055664 29.588428497314453
      vertex 13.471177101135254 0.2926349639892578 30
      vertex 13.471177101135254 0.2926349639892578 29.588428497314453
    endloop
  endfacet
  facet normal 0.9569397624973919 0.2902865669496869 0
    outer loop
      vertex 13.45217227935791 0.3552865982055664 24.41157341003418
      vertex 13.385818481445312 0.5740242004394531 15
      vertex 13.385818481445312 0.5740242004394531 24.41157341003418
    endloop
  endfacet
  facet normal 0.9569417939378118 0.2902798701513466 0
    outer loop
      vertex 13.471177101135254 0.2926349639892578 15
      vertex 13.45217227935791 0.3552865982055664 24.41157341003418
      vertex 13.471177101135254 0.2926349639892578 24.41157341003418
    endloop
  endfacet
  facet normal 0.9569402148032254 0.29028507590359415 -3.784277521909142e-8
    outer loop
      vertex 13.45217227935791 0.3552865982055664 24.41157341003418
      vertex 13.471177101135254 0.2926349639892578 15
      vertex 13.385818481445312 0.5740242004394531 15
    endloop
  endfacet
  facet normal 1 0 0
    outer loop
      vertex 13.471177101135254 0.2926347553730011 24.41157341003418
      vertex 13.471177101135254 0.2926349639892578 15
      vertex 13.471177101135254 0.2926349639892578 24.41157341003418
    endloop
  endfacet
  facet normal 0.9951843308724593 0.0980211588685602 2.1727299305887314e-9
    outer loop
      vertex 13.493582725524902 0.06515605002641678 24.41157341003418
      vertex 13.471177101135254 0.2926349639892578 15
      vertex 13.471177101135254 0.2926347553730011 24.41157341003418
    endloop
  endfacet
  facet normal 0.99518478079864 0.09801659077300552 0
    outer loop
      vertex 13.5 0 15
      vertex 13.493582725524902 0.06515605002641678 24.41157341003418
      vertex 13.5 0 24.41157341003418
    endloop
  endfacet
  facet normal 0.9951844378681345 0.09802007256212686 -2.433815212105099e-8
    outer loop
      vertex 13.493582725524902 0.06515605002641678 24.41157341003418
      vertex 13.5 0 15
      vertex 13.471177101135254 0.2926349639892578 15
    endloop
  endfacet
  facet normal 1 0 0
    outer loop
      vertex 13.471177101135254 0.2926349639892578 30
      vertex 13.471177101135254 0.2926347553730011 29.588428497314453
      vertex 13.471177101135254 0.2926349639892578 29.588428497314453
    endloop
  endfacet
  facet normal 0.9951843308724581 0.09802115886856007 -4.968470146374006e-8
    outer loop
      vertex 13.471177101135254 0.2926349639892578 30
      vertex 13.493582725524902 0.06515605002641678 29.588428497314453
      vertex 13.471177101135254 0.2926347553730011 29.588428497314453
    endloop
  endfacet
  facet normal 0.9951844378679807 0.09802007256211172 5.565504507896508e-7
    outer loop
      vertex 13.5 0 30
      vertex 13.493582725524902 0.06515605002641678 29.588428497314453
      vertex 13.471177101135254 0.2926349639892578 30
    endloop
  endfacet
  facet normal 0.99518478079864 0.09801659077300552 0
    outer loop
      vertex 13.493582725524902 0.06515605002641678 29.588428497314453
      vertex 13.5 0 30
      vertex 13.5 0 29.58842658996582
    endloop
  endfacet
  facet normal 0 0 1
    outer loop
      vertex 13 0 30
      vertex 13.5 0 30
      vertex 13.471177101135254 0.2926349639892578 30
    endloop
  endfacet
  facet normal 0 0 1
    outer loop
      vertex 12.98078441619873 0.19509029388427734 30
      vertex 13.471177101135254 0.2926349639892578 30
      vertex 13.385818481445312 0.5740242004394531 30
    endloop
  endfacet
  facet normal 0 0 1
    outer loop
      vertex 13.5 0 30
      vertex 13 0 30
      vertex 13.471177101135254 -0.2926349639892578 30
    endloop
  endfacet
  facet normal 0 0 1
    outer loop
      vertex 12.92387866973877 0.38268280029296875 30
      vertex 13.385818481445312 0.5740242004394531 30
      vertex 13.247203826904297 0.8333549499511719 30
    endloop
  endfacet
  facet normal 0 0 1
    outer loop
      vertex 12.98078441619873 -0.19509029388427734 30
      vertex 13.471177101135254 -0.2926349639892578 30
      vertex 13 0 30
    endloop
  endfacet
  facet normal 0 0 1
    outer loop
      vertex 12.831469535827637 0.5555696487426758 30
      vertex 13.247203826904297 0.8333549499511719 30
      vertex 13.060659408569336 1.060659408569336 30
    endloop
  endfacet
  facet normal 0 0 1
    outer loop
      vertex 13.471177101135254 -0.2926349639892578 30
      vertex 12.98078441619873 -0.19509029388427734 30
      vertex 13.385818481445312 -0.5740242004394531 30
    endloop
  endfacet
  facet normal 0 0 1
    outer loop
      vertex 12.92387866973877 -0.38268280029296875 30
      vertex 13.385818481445312 -0.5740242004394531 30
      vertex 12.98078441619873 -0.19509029388427734 30
    endloop
  endfacet
  facet normal 0 0 1
    outer loop
      vertex 13.471177101135254 0.2926349639892578 30
      vertex 12.98078441619873 0.19509029388427734 30
      vertex 13 0 30
    endloop
  endfacet
  facet normal 0 0 1
    outer loop
      vertex 13.385818481445312 0.5740242004394531 30
      vertex 12.92387866973877 0.38268280029296875 30
      vertex 12.98078441619873 0.19509029388427734 30
    endloop
  endfacet
  facet normal 0 0 1
    outer loop
      vertex 12.707106590270996 0.7071065902709961 30
      vertex 13.060659408569336 1.060659408569336 30
      vertex 12.833354949951172 1.2472038269042969 30
    endloop
  endfacet
  facet normal 0 0 1
    outer loop
      vertex 13.247203826904297 0.8333549499511719 30
      vertex 12.831469535827637 0.5555696487426758 30
      vertex 12.92387866973877 0.38268280029296875 30
    endloop
  endfacet
  facet normal 0 0 1
    outer loop
      vertex 13.060659408569336 1.060659408569336 30
      vertex 12.707106590270996 0.7071065902709961 30
      vertex 12.831469535827637 0.5555696487426758 30
    endloop
  endfacet
  facet normal 0 0 1
    outer loop
      vertex 12.555569648742676 0.8314695358276367 30
      vertex 12.833354949951172 1.2472038269042969 30
      vertex 12.574024200439453 1.3858184814453125 30
    endloop
  endfacet
  facet normal 0 0 1
    outer loop
      vertex 12.833354949951172 1.2472038269042969 30
      vertex 12.555569648742676 0.8314695358276367 30
      vertex 12.707106590270996 0.7071065902709961 30
    endloop
  endfacet
  facet normal 0 0 1
    outer loop
      vertex 12.574024200439453 1.3858184814453125 30
      vertex 12.382682800292969 0.9238786697387695 30
      vertex 12.555569648742676 0.8314695358276367 30
    endloop
  endfacet
  facet normal 0 0 1
    outer loop
      vertex 12.292634963989258 1.471177101135254 30
      vertex 12.382682800292969 0.9238786697387695 30
      vertex 12.574024200439453 1.3858184814453125 30
    endloop
  endfacet
  facet normal 0 0 1
    outer loop
      vertex 12.292634963989258 1.471177101135254 30
      vertex 12.195090293884277 0.9807844161987305 30
      vertex 12.382682800292969 0.9238786697387695 30
    endloop
  endfacet
  facet normal 0 0 1
    outer loop
      vertex 12 1.5 30
      vertex 12.195090293884277 0.9807844161987305 30
      vertex 12.292634963989258 1.471177101135254 30
    endloop
  endfacet
  facet normal 0 0 1
    outer loop
      vertex 12 1.5 30
      vertex 12 1 30
      vertex 12.195090293884277 0.9807844161987305 30
    endloop
  endfacet
  facet normal 0 0 1
    outer loop
      vertex 12 1.5 30
      vertex 11.804909706115723 0.9807844161987305 30
      vertex 12 1 30
    endloop
  endfacet
  facet normal 0 0 1
    outer loop
      vertex 11.707364082336426 1.471177101135254 30
      vertex 11.804909706115723 0.9807844161987305 30
      vertex 12 1.5 30
    endloop
  endfacet
  facet normal 0 0 1
    outer loop
      vertex 11.707364082336426 1.471177101135254 30
      vertex 11.617317199707031 0.9238786697387695 30
      vertex 11.804909706115723 0.9807844161987305 30
    endloop
  endfacet
  facet normal 0 0 1
    outer loop
      vertex 11.42597484588623 1.3858184814453125 30
      vertex 11.617317199707031 0.9238786697387695 30
      vertex 11.707364082336426 1.471177101135254 30
    endloop
  endfacet
  facet normal 0 0 1
    outer loop
      vertex 11.617317199707031 0.9238786697387695 30
      vertex 11.42597484588623 1.3858184814453125 30
      vertex 11.444430351257324 0.8314695358276367 30
    endloop
  endfacet
  facet normal 0 0 1
    outer loop
      vertex 11.166644096374512 1.2472038269042969 30
      vertex 11.444430351257324 0.8314695358276367 30
      vertex 11.42597484588623 1.3858184814453125 30
    endloop
  endfacet
  facet normal 0 0 1
    outer loop
      vertex 11.444430351257324 0.8314695358276367 30
      vertex 11.166644096374512 1.2472038269042969 30
      vertex 11.292893409729004 0.7071065902709961 30
    endloop
  endfacet
  facet normal 0 0 1
    outer loop
      vertex 10.939339637756348 1.060659408569336 30
      vertex 11.292893409729004 0.7071065902709961 30
      vertex 11.166644096374512 1.2472038269042969 30
    endloop
  endfacet
  facet normal 0 0 1
    outer loop
      vertex 11.292893409729004 0.7071065902709961 30
      vertex 10.939339637756348 1.060659408569336 30
      vertex 11.168530464172363 0.5555696487426758 30
    endloop
  endfacet
  facet normal 0 0 1
    outer loop
      vertex 10.752795219421387 0.8333549499511719 30
      vertex 11.168530464172363 0.5555696487426758 30
      vertex 10.939339637756348 1.060659408569336 30
    endloop
  endfacet
  facet normal 0 0 1
    outer loop
      vertex 10.614180564880371 0.5740242004394531 30
      vertex 11.07612133026123 0.38268280029296875 30
      vertex 10.752795219421387 0.8333549499511719 30
    endloop
  endfacet
  facet normal 0 0 1
    outer loop
      vertex 11.168530464172363 0.5555696487426758 30
      vertex 10.752795219421387 0.8333549499511719 30
      vertex 11.07612133026123 0.38268280029296875 30
    endloop
  endfacet
  facet normal 0 0 1
    outer loop
      vertex 13.385818481445312 -0.5740242004394531 30
      vertex 12.92387866973877 -0.38268280029296875 30
      vertex 13.247203826904297 -0.8333549499511719 30
    endloop
  endfacet
  facet normal 0 0 1
    outer loop
      vertex 12.831469535827637 -0.5555696487426758 30
      vertex 13.247203826904297 -0.8333549499511719 30
      vertex 12.92387866973877 -0.38268280029296875 30
    endloop
  endfacet
  facet normal 0 0 1
    outer loop
      vertex 13.247203826904297 -0.8333549499511719 30
      vertex 12.831469535827637 -0.5555696487426758 30
      vertex 13.060659408569336 -1.060659408569336 30
    endloop
  endfacet
  facet normal 0 0 1
    outer loop
      vertex 12.707106590270996 -0.7071065902709961 30
      vertex 13.060659408569336 -1.060659408569336 30
      vertex 12.831469535827637 -0.5555696487426758 30
    endloop
  endfacet
  facet normal 0 0 1
    outer loop
      vertex 13.060659408569336 -1.060659408569336 30
      vertex 12.707106590270996 -0.7071065902709961 30
      vertex 12.833354949951172 -1.2472038269042969 30
    endloop
  endfacet
  facet normal 0 0 1
    outer loop
      vertex 12.555569648742676 -0.8314695358276367 30
      vertex 12.833354949951172 -1.2472038269042969 30
      vertex 12.707106590270996 -0.7071065902709961 30
    endloop
  endfacet
  facet normal 0 0 1
    outer loop
      vertex 12.833354949951172 -1.2472038269042969 30
      vertex 12.555569648742676 -0.8314695358276367 30
      vertex 12.574024200439453 -1.3858184814453125 30
    endloop
  endfacet
  facet normal 0 0 1
    outer loop
      vertex 12.382682800292969 -0.9238786697387695 30
      vertex 12.574024200439453 -1.3858184814453125 30
      vertex 12.555569648742676 -0.8314695358276367 30
    endloop
  endfacet
  facet normal 0 0 1
    outer loop
      vertex 12.382682800292969 -0.9238786697387695 30
      vertex 12.292634963989258 -1.471177101135254 30
      vertex 12.574024200439453 -1.3858184814453125 30
    endloop
  endfacet
  facet normal 0 0 1
    outer loop
      vertex 12.195090293884277 -0.9807844161987305 30
      vertex 12.292634963989258 -1.471177101135254 30
      vertex 12.382682800292969 -0.9238786697387695 30
    endloop
  endfacet
  facet normal 0 0 1
    outer loop
      vertex 12 -1 30
      vertex 12.292634963989258 -1.471177101135254 30
      vertex 12.195090293884277 -0.9807844161987305 30
    endloop
  endfacet
  facet normal 0 0 1
    outer loop
      vertex 12 -1 30
      vertex 12 -1.5 30
      vertex 12.292634963989258 -1.471177101135254 30
    endloop
  endfacet
  facet normal 0 0 1
    outer loop
      vertex 11.804909706115723 -0.9807844161987305 30
      vertex 12 -1.5 30
      vertex 12 -1 30
    endloop
  endfacet
  facet normal 0 0 1
    outer loop
      vertex 11.804909706115723 -0.9807844161987305 30
      vertex 11.707364082336426 -1.471177101135254 30
      vertex 12 -1.5 30
    endloop
  endfacet
  facet normal 0 0 1
    outer loop
      vertex 11.617317199707031 -0.9238786697387695 30
      vertex 11.707364082336426 -1.471177101135254 30
      vertex 11.804909706115723 -0.9807844161987305 30
    endloop
  endfacet
  facet normal 0 0 1
    outer loop
      vertex 11.42597484588623 -1.3858184814453125 30
      vertex 11.617317199707031 -0.9238786697387695 30
      vertex 11.444430351257324 -0.8314695358276367 30
    endloop
  endfacet
  facet normal 0 0 1
    outer loop
      vertex 11.617317199707031 -0.9238786697387695 30
      vertex 11.42597484588623 -1.3858184814453125 30
      vertex 11.707364082336426 -1.471177101135254 30
    endloop
  endfacet
  facet normal 0 0 1
    outer loop
      vertex 11.166644096374512 -1.2472038269042969 30
      vertex 11.444430351257324 -0.8314695358276367 30
      vertex 11.292893409729004 -0.7071065902709961 30
    endloop
  endfacet
  facet normal 0 0 1
    outer loop
      vertex 10.939339637756348 -1.060659408569336 30
      vertex 11.292893409729004 -0.7071065902709961 30
      vertex 11.168530464172363 -0.5555696487426758 30
    endloop
  endfacet
  facet normal 0 0 1
    outer loop
      vertex 11.444430351257324 -0.8314695358276367 30
      vertex 11.166644096374512 -1.2472038269042969 30
      vertex 11.42597484588623 -1.3858184814453125 30
    endloop
  endfacet
  facet normal 0 0 1
    outer loop
      vertex 10.752795219421387 -0.8333549499511719 30
      vertex 11.168530464172363 -0.5555696487426758 30
      vertex 11.07612133026123 -0.38268280029296875 30
    endloop
  endfacet
  facet normal 0 0 1
    outer loop
      vertex 10.614180564880371 -0.5740242004394531 30
      vertex 11.07612133026123 -0.38268280029296875 30
      vertex 11.01921558380127 -0.19509029388427734 30
    endloop
  endfacet
  facet normal 0 0 1
    outer loop
      vertex 11.292893409729004 -0.7071065902709961 30
      vertex 10.939339637756348 -1.060659408569336 30
      vertex 11.166644096374512 -1.2472038269042969 30
    endloop
  endfacet
  facet normal 0 0 1
    outer loop
      vertex 10.52882194519043 -0.2926349639892578 30
      vertex 11.01921558380127 -0.19509029388427734 30
      vertex 11 0 30
    endloop
  endfacet
  facet normal 0 0 1
    outer loop
      vertex 11.07612133026123 0.38268280029296875 30
      vertex 10.614180564880371 0.5740242004394531 30
      vertex 11.01921558380127 0.19509029388427734 30
    endloop
  endfacet
  facet normal 0 0 1
    outer loop
      vertex 10.52882194519043 0.2926349639892578 30
      vertex 11.01921558380127 0.19509029388427734 30
      vertex 10.614180564880371 0.5740242004394531 30
    endloop
  endfacet
  facet normal 0 0 1
    outer loop
      vertex 11.168530464172363 -0.5555696487426758 30
      vertex 10.752795219421387 -0.8333549499511719 30
      vertex 10.939339637756348 -1.060659408569336 30
    endloop
  endfacet
  facet normal 0 0 1
    outer loop
      vertex 11.01921558380127 0.19509029388427734 30
      vertex 10.52882194519043 0.2926349639892578 30
      vertex 11 0 30
    endloop
  endfacet
  facet normal 0 0 1
    outer loop
      vertex 11.07612133026123 -0.38268280029296875 30
      vertex 10.614180564880371 -0.5740242004394531 30
      vertex 10.752795219421387 -0.8333549499511719 30
    endloop
  endfacet
  facet normal 0 0 1
    outer loop
      vertex 10.5 0 30
      vertex 11 0 30
      vertex 10.52882194519043 0.2926349639892578 30
    endloop
  endfacet
  facet normal 0 0 1
    outer loop
      vertex 11.01921558380127 -0.19509029388427734 30
      vertex 10.52882194519043 -0.2926349639892578 30
      vertex 10.614180564880371 -0.5740242004394531 30
    endloop
  endfacet
  facet normal 0 0 1
    outer loop
      vertex 11 0 30
      vertex 10.5 0 30
      vertex 10.52882194519043 -0.2926349639892578 30
    endloop
  endfacet
  facet normal 0.8819207187981022 0.47139775747731216 0
    outer loop
      vertex 13.278066635131836 0.775614857673645 24.41157341003418
      vertex 13.247203826904297 0.8333549499511719 15
      vertex 13.247203826904297 0.8333549499511719 24.41157341003418
    endloop
  endfacet
  facet normal 0.8819221327064233 0.47139511223871816 -2.0865108661810317e-8
    outer loop
      vertex 13.385818481445312 0.5740244388580322 24.41157341003418
      vertex 13.247203826904297 0.8333549499511719 15
      vertex 13.278066635131836 0.775614857673645 24.41157341003418
    endloop
  endfacet
  facet normal 1 0 0
    outer loop
      vertex 13.385818481445312 0.5740242004394531 15
      vertex 13.385818481445312 0.5740244388580322 24.41157341003418
      vertex 13.385818481445312 0.5740242004394531 24.41157341003418
    endloop
  endfacet
  facet normal 0.8819219980712054 0.47139536412452404 -1.1941617837226702e-8
    outer loop
      vertex 13.385818481445312 0.5740244388580322 24.41157341003418
      vertex 13.385818481445312 0.5740242004394531 15
      vertex 13.247203826904297 0.8333549499511719 15
    endloop
  endfacet
  facet normal 0.8819207187981021 0.47139775747731216 0
    outer loop
      vertex 13.247203826904297 0.8333549499511719 30
      vertex 13.278066635131836 0.775614857673645 29.588428497314453
      vertex 13.247203826904297 0.8333549499511719 29.588428497314453
    endloop
  endfacet
  facet normal 0.8819219980711233 0.4713953641244801 4.3169745752443856e-7
    outer loop
      vertex 13.385818481445312 0.5740242004394531 30
      vertex 13.278066635131836 0.775614857673645 29.588428497314453
      vertex 13.247203826904297 0.8333549499511719 30
    endloop
  endfacet
  facet normal 0.8819221327063905 0.4713951122387007 2.7307369952006e-7
    outer loop
      vertex 13.278066635131836 0.775614857673645 29.588428497314453
      vertex 13.385818481445312 0.5740242004394531 30
      vertex 13.385818481445312 0.5740244388580322 29.588428497314453
    endloop
  endfacet
  facet normal 1 0 0
    outer loop
      vertex 13.385818481445312 0.5740244388580322 29.588428497314453
      vertex 13.385818481445312 0.5740242004394531 30
      vertex 13.385818481445312 0.5740242004394531 29.588428497314453
    endloop
  endfacet
  facet normal 1 0 0
    outer loop
      vertex 13.385818481445312 -0.5740242004394531 30
      vertex 13.385818481445312 -0.5740244388580322 29.588428497314453
      vertex 13.385818481445312 -0.5740242004394531 29.588428497314453
    endloop
  endfacet
  facet normal 0.8819221327063905 -0.4713951122387007 2.7307369952006e-7
    outer loop
      vertex 13.385818481445312 -0.5740242004394531 30
      vertex 13.278066635131836 -0.775614857673645 29.588428497314453
      vertex 13.385818481445312 -0.5740244388580322 29.588428497314453
    endloop
  endfacet
  facet normal 0.8819219980711233 -0.4713953641244801 4.3169745752443856e-7
    outer loop
      vertex 13.247203826904297 -0.8333549499511719 30
      vertex 13.278066635131836 -0.775614857673645 29.588428497314453
      vertex 13.385818481445312 -0.5740242004394531 30
    endloop
  endfacet
  facet normal 0.8819207187981021 -0.47139775747731216 0
    outer loop
      vertex 13.278066635131836 -0.775614857673645 29.588428497314453
      vertex 13.247203826904297 -0.8333549499511719 30
      vertex 13.247203826904297 -0.8333549499511719 29.588428497314453
    endloop
  endfacet
  facet normal 1 0 0
    outer loop
      vertex 13.385818481445312 -0.5740244388580322 24.41157341003418
      vertex 13.385818481445312 -0.5740242004394531 15
      vertex 13.385818481445312 -0.5740242004394531 24.41157341003418
    endloop
  endfacet
  facet normal 0.8819221327064234 -0.4713951122387183 -1.1941611456332319e-8
    outer loop
      vertex 13.278066635131836 -0.775614857673645 24.41157341003418
      vertex 13.385818481445312 -0.5740242004394531 15
      vertex 13.385818481445312 -0.5740244388580322 24.41157341003418
    endloop
  endfacet
  facet normal 0.8819207187981022 -0.47139775747731216 0
    outer loop
      vertex 13.247203826904297 -0.8333549499511719 15
      vertex 13.278066635131836 -0.775614857673645 24.41157341003418
      vertex 13.247203826904297 -0.8333549499511719 24.41157341003418
    endloop
  endfacet
  facet normal 0.8819219980712053 -0.47139536412452393 -1.8878285655133037e-8
    outer loop
      vertex 13.278066635131836 -0.775614857673645 24.41157341003418
      vertex 13.247203826904297 -0.8333549499511719 15
      vertex 13.385818481445312 -0.5740242004394531 15
    endloop
  endfacet
  facet normal -0.3511234415883917 -0.9363291775690445 0
    outer loop
      vertex 11.166645050048828 -1.2472041845321655 29.588428497314453
      vertex 11.166644096374512 -1.2472038269042969 30
      vertex 11.166644096374512 -1.2472038269042969 29.588428497314453
    endloop
  endfacet
  facet normal -0.4713970005073506 -0.8819211234076245 -3.259692171485375e-7
    outer loop
      vertex 11.224385261535645 -1.2780669927597046 29.588428497314453
      vertex 11.166644096374512 -1.2472038269042969 30
      vertex 11.166645050048828 -1.2472041845321655 29.588428497314453
    endloop
  endfacet
  facet normal -0.4713953641245238 -0.8819219980712051 -3.080413056764073e-8
    outer loop
      vertex 11.166644096374512 -1.2472038269042969 30
      vertex 11.224385261535645 -1.2780669927597046 29.588428497314453
      vertex 11.42597484588623 -1.3858184814453125 30
    endloop
  endfacet
  facet normal -0.47139541304002375 -0.8819219719254223 0
    outer loop
      vertex 11.42597484588623 -1.3858184814453125 30
      vertex 11.224385261535645 -1.2780669927597046 29.588428497314453
      vertex 11.42597484588623 -1.3858184814453125 29.588428497314453
    endloop
  endfacet
  facet normal -0.35111886701626405 -0.9363169787100374 0.005104567025956689
    outer loop
      vertex 11.24832534790039 -1.2908631563186646 22.021724700927734
      vertex 11.166645050048828 -1.2472041845321655 24.41157341003418
      vertex 11.166644096374512 -1.2472038269042969 24.41157341003418
    endloop
  endfacet
  facet normal -0.4713970005073755 -0.8819211234076709 -3.262256822367798e-8
    outer loop
      vertex 11.166645050048828 -1.2472041845321655 24.41157341003418
      vertex 11.24832534790039 -1.2908631563186646 22.021724700927734
      vertex 11.224385261535645 -1.2780669927597046 24.41157341003418
    endloop
  endfacet
  facet normal -0.4713954130400237 -0.8819219719254222 -1.2176973803875699e-8
    outer loop
      vertex 11.224385261535645 -1.2780669927597046 24.41157341003418
      vertex 11.24832534790039 -1.2908631563186646 22.021724700927734
      vertex 11.42597484588623 -1.3858184814453125 24.41157341003418
    endloop
  endfacet
  facet normal -0.47139498063033153 -0.8819222030522473 0
    outer loop
      vertex 11.24832534790039 -1.2908631563186646 22.021724700927734
      vertex 11.166644096374512 -1.2472038269042969 24.41157341003418
      vertex 11.166644096374512 -1.2472038269042969 22.007322311401367
    endloop
  endfacet
  facet normal -0.47139554045077325 -0.8819219038231919 0
    outer loop
      vertex 11.42597484588623 -1.3858184814453125 24.41157341003418
      vertex 11.24832534790039 -1.2908631563186646 22.021724700927734
      vertex 11.42597484588623 -1.3858184814453125 21.014225006103516
    endloop
  endfacet
  facet normal -0.09801975619259645 0.9951844690287005 -8.648862509465314e-8
    outer loop
      vertex 12 1.5 30
      vertex 11.934844017028809 1.4935824871063232 29.588428497314453
      vertex 11.707364082336426 1.471177101135254 30
    endloop
  endfacet
  facet normal -0.09802029726717951 0.9951844157359248 0
    outer loop
      vertex 11.934844017028809 1.4935824871063232 29.588428497314453
      vertex 12 1.5 30
      vertex 12 1.5 29.58842658996582
    endloop
  endfacet
  facet normal -0.09801949168964279 0.9951844950806359 6.11231942317633e-8
    outer loop
      vertex 11.707365036010742 1.4711772203445435 29.588428497314453
      vertex 11.707364082336426 1.471177101135254 30
      vertex 11.934844017028809 1.4935824871063232 29.588428497314453
    endloop
  endfacet
  facet normal -0.12403473458920847 0.9922778767136677 0
    outer loop
      vertex 11.707364082336426 1.471177101135254 30
      vertex 11.707365036010742 1.4711772203445435 29.588428497314453
      vertex 11.707364082336426 1.471177101135254 29.588428497314453
    endloop
  endfacet
  facet normal -0.09802029726717945 0.9951844157359241 3.201841048661476e-8
    outer loop
      vertex 11.707364082336426 1.471177101135254 19.418386459350586
      vertex 11.934844017028809 1.4935824871063232 24.41157341003418
      vertex 12 1.5 24.41157341003418
    endloop
  endfacet
  facet normal -0.09801949168964298 0.9951844950806379 -5.03817805088659e-9
    outer loop
      vertex 11.934844017028809 1.4935824871063232 24.41157341003418
      vertex 11.707364082336426 1.471177101135254 19.418386459350586
      vertex 11.707365036010742 1.4711772203445435 24.41157341003418
    endloop
  endfacet
  facet normal -0.12403473458920847 0.9922778767136677 0
    outer loop
      vertex 11.707365036010742 1.4711772203445435 24.41157341003418
      vertex 11.707364082336426 1.471177101135254 19.418386459350586
      vertex 11.707364082336426 1.471177101135254 24.41157341003418
    endloop
  endfacet
  facet normal -0.09801975619259681 0.9951844690287042 0
    outer loop
      vertex 11.707364082336426 1.471177101135254 19.418386459350586
      vertex 12 1.5 24.41157341003418
      vertex 12 1.5 17.758766174316406
    endloop
  endfacet
  facet normal -0.4472135954999579 -0.8944271909999159 0
    outer loop
      vertex 10.939340591430664 -1.0606598854064941 29.588428497314453
      vertex 10.939339637756348 -1.060659408569336 30
      vertex 10.939339637756348 -1.060659408569336 29.588428497314453
    endloop
  endfacet
  facet normal -0.6343953924756259 -0.7730087231107852 -5.744015509176701e-7
    outer loop
      vertex 11.116034507751465 -1.205669641494751 29.588428497314453
      vertex 10.939339637756348 -1.060659408569336 30
      vertex 10.939340591430664 -1.0606598854064941 29.588428497314453
    endloop
  endfacet
  facet normal -0.634394239431179 -0.773009669393903 2.5402746265271195e-7
    outer loop
      vertex 10.939339637756348 -1.060659408569336 30
      vertex 11.116034507751465 -1.205669641494751 29.588428497314453
      vertex 11.166644096374512 -1.2472038269042969 30
    endloop
  endfacet
  facet normal -0.6343930050085941 -0.7730106824592827 0
    outer loop
      vertex 11.166644096374512 -1.2472038269042969 30
      vertex 11.116034507751465 -1.205669641494751 29.588428497314453
      vertex 11.166644096374512 -1.2472038269042969 29.588428497314453
    endloop
  endfacet
  facet normal -0.4470492575401408 -0.8940985150802816 0.027107317536862234
    outer loop
      vertex 11.166644096374512 -1.2472038269042969 22.007322311401367
      vertex 10.939340591430664 -1.0606598854064941 24.41157341003418
      vertex 10.939339637756348 -1.060659408569336 24.41157341003418
    endloop
  endfacet
  facet normal -0.6343953924757284 -0.7730087231109101 -8.41046379193998e-8
    outer loop
      vertex 10.939340591430664 -1.0606598854064941 24.41157341003418
      vertex 11.166644096374512 -1.2472038269042969 22.007322311401367
      vertex 11.116034507751465 -1.205669641494751 24.41157341003418
    endloop
  endfacet
  facet normal -0.6343930050085941 -0.7730106824592827 0
    outer loop
      vertex 11.116034507751465 -1.205669641494751 24.41157341003418
      vertex 11.166644096374512 -1.2472038269042969 22.007322311401367
      vertex 11.166644096374512 -1.2472038269042969 24.41157341003418
    endloop
  endfacet
  facet normal -0.6343942394311995 -0.773009669393928 0
    outer loop
      vertex 11.166644096374512 -1.2472038269042969 22.007322311401367
      vertex 10.939339637756348 -1.060659408569336 24.41157341003418
      vertex 10.939339637756348 -1.060659408569336 21.967243194580078
    endloop
  endfacet
  facet normal 0.6343939697358011 0.7730098907277004 0
    outer loop
      vertex 13.060659408569336 1.060659408569336 15
      vertex 12.883964538574219 1.2056694030761719 24.41157341003418
      vertex 13.060659408569336 1.060659408569336 24.41157341003418
    endloop
  endfacet
  facet normal 0.6343942394311994 0.7730096693939279 8.473546240022644e-9
    outer loop
      vertex 12.833354949951172 1.2472038269042969 15
      vertex 12.883964538574219 1.2056694030761719 24.41157341003418
      vertex 13.060659408569336 1.060659408569336 15
    endloop
  endfacet
  facet normal 0.6343951810255243 0.773008896644529 0
    outer loop
      vertex 12.883964538574219 1.2056694030761719 24.41157341003418
      vertex 12.833354949951172 1.2472038269042969 15
      vertex 12.833354949951172 1.2472038269042969 24.41157341003418
    endloop
  endfacet
  facet normal 0.6343939697358011 0.7730098907277004 0
    outer loop
      vertex 12.883964538574219 1.2056694030761719 29.588428497314453
      vertex 13.060659408569336 1.060659408569336 30
      vertex 13.060659408569336 1.060659408569336 29.588428497314453
    endloop
  endfacet
  facet normal 0.6343942394311876 0.7730096693939135 -1.937680377793836e-7
    outer loop
      vertex 13.060659408569336 1.060659408569336 30
      vertex 12.883964538574219 1.2056694030761719 29.588428497314453
      vertex 12.833354949951172 1.2472038269042969 30
    endloop
  endfacet
  facet normal 0.6343951810255244 0.7730088966445291 0
    outer loop
      vertex 12.833354949951172 1.2472038269042969 30
      vertex 12.883964538574219 1.2056694030761719 29.588428497314453
      vertex 12.833354949951172 1.2472038269042969 29.588428497314453
    endloop
  endfacet
  facet normal 0.99518478079864 -0.09801659077300552 0
    outer loop
      vertex 13.493582725524902 -0.06515605002641678 24.41157341003418
      vertex 13.5 0 15
      vertex 13.5 0 24.41157341003418
    endloop
  endfacet
  facet normal 0.9951843308724588 -0.09802115886856015 -3.193157500749848e-8
    outer loop
      vertex 13.471177101135254 -0.2926347553730011 24.41157341003418
      vertex 13.5 0 15
      vertex 13.493582725524902 -0.06515605002641678 24.41157341003418
    endloop
  endfacet
  facet normal 1 0 0
    outer loop
      vertex 13.471177101135254 -0.2926349639892578 15
      vertex 13.471177101135254 -0.2926347553730011 24.41157341003418
      vertex 13.471177101135254 -0.2926349639892578 24.41157341003418
    endloop
  endfacet
  facet normal 0.9951844378681347 -0.09802007256212689 2.1727058515987593e-9
    outer loop
      vertex 13.471177101135254 -0.2926347553730011 24.41157341003418
      vertex 13.471177101135254 -0.2926349639892578 15
      vertex 13.5 0 15
    endloop
  endfacet
  facet normal 0.99518478079864 -0.09801659077300552 0
    outer loop
      vertex 13.5 0 30
      vertex 13.493582725524902 -0.06515605002641678 29.588428497314453
      vertex 13.5 0 29.58842658996582
    endloop
  endfacet
  facet normal 0.9951844378679807 -0.09802007256211172 5.565504507896508e-7
    outer loop
      vertex 13.471177101135254 -0.2926349639892578 30
      vertex 13.493582725524902 -0.06515605002641678 29.588428497314453
      vertex 13.5 0 30
    endloop
  endfacet
  facet normal 0.9951843308724581 -0.09802115886856007 -4.968470146374006e-8
    outer loop
      vertex 13.493582725524902 -0.06515605002641678 29.588428497314453
      vertex 13.471177101135254 -0.2926349639892578 30
      vertex 13.471177101135254 -0.2926347553730011 29.588428497314453
    endloop
  endfacet
  facet normal 1 0 0
    outer loop
      vertex 13.471177101135254 -0.2926347553730011 29.588428497314453
      vertex 13.471177101135254 -0.2926349639892578 30
      vertex 13.471177101135254 -0.2926349639892578 29.588428497314453
    endloop
  endfacet
  facet normal 0.09802000820066745 0.9951844442073746 0
    outer loop
      vertex 12.065155982971191 1.4935824871063232 29.588428497314453
      vertex 12.292634963989258 1.471177101135254 30
      vertex 12.292634963989258 1.471177101135254 29.588428497314453
    endloop
  endfacet
  facet normal 0.09802007256212683 0.9951844378681342 -3.591821160809566e-8
    outer loop
      vertex 12.292634963989258 1.471177101135254 30
      vertex 12.065155982971191 1.4935824871063232 29.588428497314453
      vertex 12 1.5 30
    endloop
  endfacet
  facet normal 0.09802029726717951 0.9951844157359248 0
    outer loop
      vertex 12 1.5 30
      vertex 12.065155982971191 1.4935824871063232 29.588428497314453
      vertex 12 1.5 29.58842658996582
    endloop
  endfacet
  facet normal 0.09802000820066746 0.9951844442073746 2.858511897326241e-9
    outer loop
      vertex 12 1.5 17.758766174316406
      vertex 12.065155982971191 1.4935824871063232 24.41157341003418
      vertex 12.292634963989258 1.471177101135254 24.41157341003418
    endloop
  endfacet
  facet normal 0.09802029726717952 0.9951844157359248 0
    outer loop
      vertex 12.065155982971191 1.4935824871063232 24.41157341003418
      vertex 12 1.5 17.758766174316406
      vertex 12 1.5 24.41157341003418
    endloop
  endfacet
  facet normal 0.0980200725621269 0.9951844378681348 0
    outer loop
      vertex 12 1.5 17.758766174316406
      vertex 12.292634963989258 1.471177101135254 24.41157341003418
      vertex 12.292634963989258 1.471177101135254 16.099151611328125
    endloop
  endfacet
  facet normal 0.9569417939378118 -0.2902798701513466 0
    outer loop
      vertex 13.471177101135254 -0.2926349639892578 30
      vertex 13.45217227935791 -0.3552865982055664 29.588428497314453
      vertex 13.471177101135254 -0.2926349639892578 29.588428497314453
    endloop
  endfacet
  facet normal 0.9569402148028677 -0.2902850759034857 8.653661749897324e-7
    outer loop
      vertex 13.385818481445312 -0.5740242004394531 30
      vertex 13.45217227935791 -0.3552865982055664 29.588428497314453
      vertex 13.471177101135254 -0.2926349639892578 30
    endloop
  endfacet
  facet normal 0.956939762497392 -0.2902865669496869 0
    outer loop
      vertex 13.45217227935791 -0.3552865982055664 29.588428497314453
      vertex 13.385818481445312 -0.5740242004394531 30
      vertex 13.385818481445312 -0.5740242004394531 29.588428497314453
    endloop
  endfacet
  facet normal 0.9569417939378118 -0.2902798701513466 0
    outer loop
      vertex 13.45217227935791 -0.3552865982055664 24.41157341003418
      vertex 13.471177101135254 -0.2926349639892578 15
      vertex 13.471177101135254 -0.2926349639892578 24.41157341003418
    endloop
  endfacet
  facet normal 0.956939762497391 -0.29028656694968663 -4.868182005370987e-8
    outer loop
      vertex 13.385818481445312 -0.5740242004394531 24.41157341003418
      vertex 13.471177101135254 -0.2926349639892578 15
      vertex 13.45217227935791 -0.3552865982055664 24.41157341003418
    endloop
  endfacet
  facet normal 0.956940214803226 -0.29028507590359437 0
    outer loop
      vertex 13.471177101135254 -0.2926349639892578 15
      vertex 13.385818481445312 -0.5740242004394531 24.41157341003418
      vertex 13.385818481445312 -0.5740242004394531 15
    endloop
  endfacet
  facet normal -0.7730102576175991 0.6343935226797109 0
    outer loop
      vertex 10.794330596923828 0.8839654922485352 29.588428497314453
      vertex 10.939339637756348 1.060659408569336 30
      vertex 10.939339637756348 1.060659408569336 29.588428497314453
    endloop
  endfacet
  facet normal -0.7730050510054939 0.6343998668975116 6.431257977209899e-7
    outer loop
      vertex 10.752795219421387 0.8333549499511719 30
      vertex 10.794330596923828 0.8839654922485352 29.588428497314453
      vertex 10.752795219421387 0.8333553671836853 29.588428497314453
    endloop
  endfacet
  facet normal -0.7730096693938254 0.6343942394311154 -5.149612558483156e-7
    outer loop
      vertex 10.794330596923828 0.8839654922485352 29.588428497314453
      vertex 10.752795219421387 0.8333549499511719 30
      vertex 10.939339637756348 1.060659408569336 30
    endloop
  endfacet
  facet normal -1 0 0
    outer loop
      vertex 10.752795219421387 0.8333549499511719 30
      vertex 10.752795219421387 0.8333553671836853 29.588428497314453
      vertex 10.752795219421387 0.8333549499511719 29.58842658996582
    endloop
  endfacet
  facet normal -0.7730102576175992 0.634393522679711 0
    outer loop
      vertex 10.939339637756348 1.060659408569336 21.967243194580078
      vertex 10.794330596923828 0.8839654922485352 24.41157341003418
      vertex 10.939339637756348 1.060659408569336 24.41157341003418
    endloop
  endfacet
  facet normal -0.773005051005426 0.6343998668974559 7.674865305434651e-7
    outer loop
      vertex 10.939339637756348 1.060659408569336 21.967243194580078
      vertex 10.752795219421387 0.8333553671836853 24.41157341003418
      vertex 10.794330596923828 0.8839654922485352 24.41157341003418
    endloop
  endfacet
  facet normal -0.773009669393928 0.6343942394311995 0
    outer loop
      vertex 10.752795219421387 0.8333549499511719 24.41157341003418
      vertex 10.939339637756348 1.060659408569336 21.967243194580078
      vertex 10.752795219421387 0.8333549499511719 21.934350967407227
    endloop
  endfacet
  facet normal -0.9971005026607164 0 -0.07609591049292218
    outer loop
      vertex 10.939339637756348 1.060659408569336 21.967243194580078
      vertex 10.752795219421387 0.8333549499511719 24.41157341003418
      vertex 10.752795219421387 0.8333553671836853 24.41157341003418
    endloop
  endfacet
  facet normal 0.7730097857832596 0.6343940976107194 0
    outer loop
      vertex 13.205669403076172 0.8839645981788635 24.41157341003418
      vertex 13.060659408569336 1.060659408569336 15
      vertex 13.060659408569336 1.060659408569336 24.41157341003418
    endloop
  endfacet
  facet normal 0.7730092630408307 0.6343947345723101 0
    outer loop
      vertex 13.247203826904297 0.8333549499511719 15
      vertex 13.205669403076172 0.8839645981788635 24.41157341003418
      vertex 13.247203826904297 0.8333549499511719 24.41157341003418
    endloop
  endfacet
  facet normal 0.773009669393928 0.6343942394311995 4.455849980167043e-9
    outer loop
      vertex 13.205669403076172 0.8839645981788635 24.41157341003418
      vertex 13.247203826904297 0.8333549499511719 15
      vertex 13.060659408569336 1.060659408569336 15
    endloop
  endfacet
  facet normal 0.7730097857832597 0.6343940976107194 0
    outer loop
      vertex 13.060659408569336 1.060659408569336 30
      vertex 13.205669403076172 0.8839645981788635 29.588428497314453
      vertex 13.060659408569336 1.060659408569336 29.588428497314453
    endloop
  endfacet
  facet normal 0.773009669393924 0.6343942394311962 -1.0189373880067215e-7
    outer loop
      vertex 13.247203826904297 0.8333549499511719 30
      vertex 13.205669403076172 0.8839645981788635 29.588428497314453
      vertex 13.060659408569336 1.060659408569336 30
    endloop
  endfacet
  facet normal 0.7730092630408307 0.6343947345723101 0
    outer loop
      vertex 13.205669403076172 0.8839645981788635 29.588428497314453
      vertex 13.247203826904297 0.8333549499511719 30
      vertex 13.247203826904297 0.8333549499511719 29.588428497314453
    endloop
  endfacet
  facet normal -1 0 0
    outer loop
      vertex 10.614180564880371 -0.5740247368812561 29.588428497314453
      vertex 10.614180564880371 -0.5740242004394531 30
      vertex 10.614180564880371 -0.5740242004394531 29.58842658996582
    endloop
  endfacet
  facet normal -0.8819217850398268 -0.4713957626790764 6.144166717033406e-7
    outer loop
      vertex 10.721932411193848 -0.7756147980690002 29.588428497314453
      vertex 10.614180564880371 -0.5740242004394531 30
      vertex 10.614180564880371 -0.5740247368812561 29.588428497314453
    endloop
  endfacet
  facet normal -0.8819209211031305 -0.4713973789920835 0
    outer loop
      vertex 10.752795219421387 -0.8333549499511719 30
      vertex 10.721932411193848 -0.7756147980690002 29.588428497314453
      vertex 10.752795219421387 -0.8333549499511719 29.58842658996582
    endloop
  endfacet
  facet normal -0.8819219980711472 -0.4713953641244929 3.634289961658087e-7
    outer loop
      vertex 10.721932411193848 -0.7756147980690002 29.588428497314453
      vertex 10.752795219421387 -0.8333549499511719 30
      vertex 10.614180564880371 -0.5740242004394531 30
    endloop
  endfacet
  facet normal -1 0 0
    outer loop
      vertex 10.614180564880371 -0.5740242004394531 21.909908294677734
      vertex 10.614180564880371 -0.5740247368812561 24.41157341003418
      vertex 10.614180564880371 -0.5740242004394531 24.41157341003418
    endloop
  endfacet
  facet normal -0.8819219941103462 -0.4713953715347874 -1.010831471684882e-7
    outer loop
      vertex 10.752795219421387 -0.8333549499511719 21.934350967407227
      vertex 10.614180564880371 -0.5740247368812561 24.41157341003418
      vertex 10.614180564880371 -0.5740242004394531 21.909908294677734
    endloop
  endfacet
  facet normal -0.8819217850399922 -0.47139576267916483 -4.843718070396526e-8
    outer loop
      vertex 10.614180564880371 -0.5740247368812561 24.41157341003418
      vertex 10.752795219421387 -0.8333549499511719 21.934350967407227
      vertex 10.721932411193848 -0.7756147980690002 24.41157341003418
    endloop
  endfacet
  facet normal -0.8819209211031304 -0.47139737899208345 0
    outer loop
      vertex 10.721932411193848 -0.7756147980690002 24.41157341003418
      vertex 10.752795219421387 -0.8333549499511719 21.934350967407227
      vertex 10.752795219421387 -0.8333549499511719 24.41157341003418
    endloop
  endfacet
  facet normal -0.47139541304002375 0.8819219719254223 0
    outer loop
      vertex 11.224385261535645 1.2780669927597046 29.588428497314453
      vertex 11.42597484588623 1.3858184814453125 30
      vertex 11.42597484588623 1.3858184814453125 29.588428497314453
    endloop
  endfacet
  facet normal -0.4713953641245238 0.8819219980712051 -3.080413056764073e-8
    outer loop
      vertex 11.42597484588623 1.3858184814453125 30
      vertex 11.224385261535645 1.2780669927597046 29.588428497314453
      vertex 11.166644096374512 1.2472038269042969 30
    endloop
  endfacet
  facet normal -0.4713970005073506 0.8819211234076245 -3.259692171485375e-7
    outer loop
      vertex 11.166645050048828 1.2472041845321655 29.588428497314453
      vertex 11.166644096374512 1.2472038269042969 30
      vertex 11.224385261535645 1.2780669927597046 29.588428497314453
    endloop
  endfacet
  facet normal -0.3511234415883917 0.9363291775690445 0
    outer loop
      vertex 11.166644096374512 1.2472038269042969 30
      vertex 11.166645050048828 1.2472041845321655 29.588428497314453
      vertex 11.166644096374512 1.2472038269042969 29.588428497314453
    endloop
  endfacet
  facet normal -0.4713954130400237 0.8819219719254222 -1.2176973803875699e-8
    outer loop
      vertex 11.24832534790039 1.2908631563186646 22.021724700927734
      vertex 11.224385261535645 1.2780669927597046 24.41157341003418
      vertex 11.42597484588623 1.3858184814453125 24.41157341003418
    endloop
  endfacet
  facet normal -0.4713970005073755 0.8819211234076709 -3.262256822367798e-8
    outer loop
      vertex 11.224385261535645 1.2780669927597046 24.41157341003418
      vertex 11.24832534790039 1.2908631563186646 22.021724700927734
      vertex 11.166645050048828 1.2472041845321655 24.41157341003418
    endloop
  endfacet
  facet normal -0.35111886701626405 0.9363169787100374 0.005104567025956689
    outer loop
      vertex 11.166645050048828 1.2472041845321655 24.41157341003418
      vertex 11.24832534790039 1.2908631563186646 22.021724700927734
      vertex 11.166644096374512 1.2472038269042969 24.41157341003418
    endloop
  endfacet
  facet normal -0.47139554045077325 0.8819219038231919 0
    outer loop
      vertex 11.24832534790039 1.2908631563186646 22.021724700927734
      vertex 11.42597484588623 1.3858184814453125 24.41157341003418
      vertex 11.42597484588623 1.3858184814453125 21.014225006103516
    endloop
  endfacet
  facet normal -0.47139498063033153 0.8819222030522473 0
    outer loop
      vertex 11.166644096374512 1.2472038269042969 24.41157341003418
      vertex 11.24832534790039 1.2908631563186646 22.021724700927734
      vertex 11.166644096374512 1.2472038269042969 22.007322311401367
    endloop
  endfacet
  facet normal 0.7730092630408307 -0.6343947345723101 0
    outer loop
      vertex 13.247203826904297 -0.8333549499511719 30
      vertex 13.205669403076172 -0.8839645981788635 29.588428497314453
      vertex 13.247203826904297 -0.8333549499511719 29.588428497314453
    endloop
  endfacet
  facet normal 0.773009669393924 -0.6343942394311962 -1.0189373880067215e-7
    outer loop
      vertex 13.060659408569336 -1.060659408569336 30
      vertex 13.205669403076172 -0.8839645981788635 29.588428497314453
      vertex 13.247203826904297 -0.8333549499511719 30
    endloop
  endfacet
  facet normal 0.7730097857832597 -0.6343940976107194 0
    outer loop
      vertex 13.205669403076172 -0.8839645981788635 29.588428497314453
      vertex 13.060659408569336 -1.060659408569336 30
      vertex 13.060659408569336 -1.060659408569336 29.588428497314453
    endloop
  endfacet
  facet normal 0.7730092630408307 -0.6343947345723101 0
    outer loop
      vertex 13.205669403076172 -0.8839645981788635 24.41157341003418
      vertex 13.247203826904297 -0.8333549499511719 15
      vertex 13.247203826904297 -0.8333549499511719 24.41157341003418
    endloop
  endfacet
  facet normal 0.7730097857832596 -0.6343940976107194 5.732113567378197e-9
    outer loop
      vertex 13.060659408569336 -1.060659408569336 24.41157341003418
      vertex 13.247203826904297 -0.8333549499511719 15
      vertex 13.205669403076172 -0.8839645981788635 24.41157341003418
    endloop
  endfacet
  facet normal 0.773009669393928 -0.6343942394311995 0
    outer loop
      vertex 13.247203826904297 -0.8333549499511719 15
      vertex 13.060659408569336 -1.060659408569336 24.41157341003418
      vertex 13.060659408569336 -1.060659408569336 15
    endloop
  endfacet
  facet normal 0.47139530105616123 -0.8819220317818186 1.117064004790144e-8
    outer loop
      vertex 12.574024200439453 -1.3858184814453125 15
      vertex 12.775614738464355 -1.2780663967132568 24.41157341003418
      vertex 12.574024200439453 -1.385818362236023 24.41157341003418
    endloop
  endfacet
  facet normal 0.47139536412452404 -0.8819219980712054 9.433802505309456e-9
    outer loop
      vertex 12.833354949951172 -1.2472038269042969 15
      vertex 12.775614738464355 -1.2780663967132568 24.41157341003418
      vertex 12.574024200439453 -1.3858184814453125 15
    endloop
  endfacet
  facet normal 0.4713941681237323 -0.8819226373435112 0
    outer loop
      vertex 12.775614738464355 -1.2780663967132568 24.41157341003418
      vertex 12.833354949951172 -1.2472038269042969 15
      vertex 12.833354949951172 -1.2472038269042969 24.41157341003418
    endloop
  endfacet
  facet normal 1 0 0
    outer loop
      vertex 12.574024200439453 -1.3858184814453125 15
      vertex 12.574024200439453 -1.385818362236023 24.41157341003418
      vertex 12.574024200439453 -1.3858184814453125 24.41157341003418
    endloop
  endfacet
  facet normal 0.4713957066864456 -0.8819218149686437 0
    outer loop
      vertex 12.775614738464355 -1.2780663967132568 29.588428497314453
      vertex 12.574024200439453 -1.3858184814453125 30
      vertex 12.574024200439453 -1.3858184814453125 29.588428497314453
    endloop
  endfacet
  facet normal 0.47139536412451305 -0.881921998071185 -2.1572660943514872e-7
    outer loop
      vertex 12.574024200439453 -1.3858184814453125 30
      vertex 12.775614738464355 -1.2780663967132568 29.588428497314453
      vertex 12.833354949951172 -1.2472038269042969 30
    endloop
  endfacet
  facet normal 0.4713941681237323 -0.8819226373435112 0
    outer loop
      vertex 12.833354949951172 -1.2472038269042969 30
      vertex 12.775614738464355 -1.2780663967132568 29.588428497314453
      vertex 12.833354949951172 -1.2472038269042969 29.588428497314453
    endloop
  endfacet
  facet normal 0 0 -1
    outer loop
      vertex 12.775614738464355 -1.2780663967132568 29.588428497314453
      vertex 12.574024200439453 -1.3858184814453125 29.588428497314453
      vertex 12.574024200439453 -1.385818362236023 29.588428497314453
    endloop
  endfacet
  facet normal -1 0 0
    outer loop
      vertex 10.752795219421387 -0.8333553671836853 29.588428497314453
      vertex 10.752795219421387 -0.8333549499511719 30
      vertex 10.752795219421387 -0.8333549499511719 29.58842658996582
    endloop
  endfacet
  facet normal -0.7730050510054939 -0.6343998668975116 6.431257977209899e-7
    outer loop
      vertex 10.794330596923828 -0.8839654922485352 29.588428497314453
      vertex 10.752795219421387 -0.8333549499511719 30
      vertex 10.752795219421387 -0.8333553671836853 29.588428497314453
    endloop
  endfacet
  facet normal -0.7730102576175991 -0.6343935226797109 0
    outer loop
      vertex 10.939339637756348 -1.060659408569336 30
      vertex 10.794330596923828 -0.8839654922485352 29.588428497314453
      vertex 10.939339637756348 -1.060659408569336 29.588428497314453
    endloop
  endfacet
  facet normal -0.7730096693938254 -0.6343942394311154 -5.149612558483156e-7
    outer loop
      vertex 10.794330596923828 -0.8839654922485352 29.588428497314453
      vertex 10.939339637756348 -1.060659408569336 30
      vertex 10.752795219421387 -0.8333549499511719 30
    endloop
  endfacet
  facet normal -0.773009669393928 -0.6343942394311995 0
    outer loop
      vertex 10.939339637756348 -1.060659408569336 21.967243194580078
      vertex 10.752795219421387 -0.8333549499511719 24.41157341003418
      vertex 10.752795219421387 -0.8333549499511719 21.934350967407227
    endloop
  endfacet
  facet normal -0.9971005026607164 0 -0.07609591049292218
    outer loop
      vertex 10.752795219421387 -0.8333549499511719 24.41157341003418
      vertex 10.939339637756348 -1.060659408569336 21.967243194580078
      vertex 10.752795219421387 -0.8333553671836853 24.41157341003418
    endloop
  endfacet
  facet normal -0.773005051005426 -0.6343998668974559 7.674865305434651e-7
    outer loop
      vertex 10.752795219421387 -0.8333553671836853 24.41157341003418
      vertex 10.939339637756348 -1.060659408569336 21.967243194580078
      vertex 10.794330596923828 -0.8839654922485352 24.41157341003418
    endloop
  endfacet
  facet normal -0.7730102576175992 -0.634393522679711 0
    outer loop
      vertex 10.794330596923828 -0.8839654922485352 24.41157341003418
      vertex 10.939339637756348 -1.060659408569336 21.967243194580078
      vertex 10.939339637756348 -1.060659408569336 24.41157341003418
    endloop
  endfacet
  facet normal 0 0 -1
    outer loop
      vertex 13.471177101135254 -0.2926349639892578 15
      vertex 13.471177101135254 0.2926349639892578 15
      vertex 13.5 0 15
    endloop
  endfacet
  facet normal 0 0 -1
    outer loop
      vertex 13.385818481445312 -0.5740242004394531 15
      vertex 13.471177101135254 0.2926349639892578 15
      vertex 13.471177101135254 -0.2926349639892578 15
    endloop
  endfacet
  facet normal 0 0 -1
    outer loop
      vertex 13.385818481445312 -0.5740242004394531 15
      vertex 13.385818481445312 0.5740242004394531 15
      vertex 13.471177101135254 0.2926349639892578 15
    endloop
  endfacet
  facet normal 0 0 -1
    outer loop
      vertex 13.247203826904297 -0.8333549499511719 15
      vertex 13.385818481445312 0.5740242004394531 15
      vertex 13.385818481445312 -0.5740242004394531 15
    endloop
  endfacet
  facet normal 0 0 -1
    outer loop
      vertex 13.247203826904297 -0.8333549499511719 15
      vertex 13.247203826904297 0.8333549499511719 15
      vertex 13.385818481445312 0.5740242004394531 15
    endloop
  endfacet
  facet normal 0 0 -1
    outer loop
      vertex 13.060659408569336 -1.060659408569336 15
      vertex 13.247203826904297 0.8333549499511719 15
      vertex 13.247203826904297 -0.8333549499511719 15
    endloop
  endfacet
  facet normal 0 0 -1
    outer loop
      vertex 13.060659408569336 -1.060659408569336 15
      vertex 13.060659408569336 1.060659408569336 15
      vertex 13.247203826904297 0.8333549499511719 15
    endloop
  endfacet
  facet normal 0 0 -1
    outer loop
      vertex 12.486444473266602 -1.4123854637145996 15
      vertex 13.060659408569336 -1.060659408569336 15
      vertex 12.833354949951172 -1.2472038269042969 15
    endloop
  endfacet
  facet normal 0 0 -1
    outer loop
      vertex 13.060659408569336 -1.060659408569336 15
      vertex 12.486444473266602 -1.4123854637145996 15
      vertex 13.060659408569336 1.060659408569336 15
    endloop
  endfacet
  facet normal 0 0 -1
    outer loop
      vertex 12.486444473266602 -1.4123854637145996 15
      vertex 12.833354949951172 -1.2472038269042969 15
      vertex 12.574024200439453 -1.3858184814453125 15
    endloop
  endfacet
  facet normal 0 0 -1
    outer loop
      vertex 12.486444473266602 1.4123854637145996 15
      vertex 13.060659408569336 1.060659408569336 15
      vertex 12.486444473266602 -1.4123854637145996 15
    endloop
  endfacet
  facet normal 0 0 -1
    outer loop
      vertex 13.060659408569336 1.060659408569336 15
      vertex 12.486444473266602 1.4123854637145996 15
      vertex 12.833354949951172 1.2472038269042969 15
    endloop
  endfacet
  facet normal 0 0 -1
    outer loop
      vertex 12.833354949951172 1.2472038269042969 15
      vertex 12.486444473266602 1.4123854637145996 15
      vertex 12.574024200439453 1.3858184814453125 15
    endloop
  endfacet
  facet normal -1 0 0
    outer loop
      vertex 10.52882194519043 0.2926349341869354 29.588428497314453
      vertex 10.52882194519043 0.2926349639892578 30
      vertex 10.52882194519043 0.2926349639892578 29.588428497314453
    endloop
  endfacet
  facet normal -0.9951847384826822 0.09801702041561766 -7.097514825119918e-9
    outer loop
      vertex 10.506417274475098 0.06515621393918991 29.58842658996582
      vertex 10.52882194519043 0.2926349639892578 30
      vertex 10.52882194519043 0.2926349341869354 29.588428497314453
    endloop
  endfacet
  facet normal -0.995184804851091 0.09801634656268289 0
    outer loop
      vertex 10.5 0 30
      vertex 10.506417274475098 0.06515621393918991 29.58842658996582
      vertex 10.5 0 29.58842658996582
    endloop
  endfacet
  facet normal -0.9951847542335945 0.09801686049355612 8.214966144349462e-8
    outer loop
      vertex 10.506417274475098 0.06515621393918991 29.58842658996582
      vertex 10.5 0 30
      vertex 10.52882194519043 0.2926349639892578 30
    endloop
  endfacet
  facet normal -1 0 0
    outer loop
      vertex 10.52882194519043 0.2926349639892578 21.89485740661621
      vertex 10.52882194519043 0.2926349341869354 24.41157341003418
      vertex 10.52882194519043 0.2926349639892578 24.41157341003418
    endloop
  endfacet
  facet normal -0.9951847384826878 0.09801702041555872 1.1606930769854769e-9
    outer loop
      vertex 10.52882194519043 0.2926349639892578 21.89485740661621
      vertex 10.506417274475098 0.06515621393918991 24.41157341003418
      vertex 10.52882194519043 0.2926349341869354 24.41157341003418
    endloop
  endfacet
  facet normal -0.9951847542108793 0.0980168607242223 -1.3413367127557327e-8
    outer loop
      vertex 10.5 0 21.8897762298584
      vertex 10.506417274475098 0.06515621393918991 24.41157341003418
      vertex 10.52882194519043 0.2926349639892578 21.89485740661621
    endloop
  endfacet
  facet normal -0.995184804851091 0.09801634656268289 0
    outer loop
      vertex 10.506417274475098 0.06515621393918991 24.41157341003418
      vertex 10.5 0 21.8897762298584
      vertex 10.5 0 24.41157341003418
    endloop
  endfacet
  facet normal -0.29028558387890646 0.9569400607102214 0
    outer loop
      vertex 11.644713401794434 1.4521721601486206 29.588428497314453
      vertex 11.707364082336426 1.471177101135254 30
      vertex 11.707364082336426 1.471177101135254 29.588428497314453
    endloop
  endfacet
  facet normal -0.2902850759035933 0.9569402148032227 -8.444104422655457e-8
    outer loop
      vertex 11.707364082336426 1.471177101135254 30
      vertex 11.644713401794434 1.4521721601486206 29.588428497314453
      vertex 11.42597484588623 1.3858184814453125 30
    endloop
  endfacet
  facet normal -0.2902851342274362 0.9569401971108463 -1.1829087910419908e-7
    outer loop
      vertex 11.425975799560547 1.3858187198638916 29.588428497314453
      vertex 11.42597484588623 1.3858184814453125 30
      vertex 11.644713401794434 1.4521721601486206 29.588428497314453
    endloop
  endfacet
  facet normal -0.24253562503633297 0.9701425001453319 0
    outer loop
      vertex 11.42597484588623 1.3858184814453125 30
      vertex 11.425975799560547 1.3858187198638916 29.588428497314453
      vertex 11.42597484588623 1.3858184814453125 29.588428497314453
    endloop
  endfacet
  facet normal -0.2902855838789062 0.9569400607102204 4.5945229286507534e-8
    outer loop
      vertex 11.42597484588623 1.3858184814453125 21.014225006103516
      vertex 11.644713401794434 1.4521721601486206 24.41157341003418
      vertex 11.707364082336426 1.471177101135254 24.41157341003418
    endloop
  endfacet
  facet normal -0.2902851342274382 0.956940197110853 1.4330339158204134e-8
    outer loop
      vertex 11.644713401794434 1.4521721601486206 24.41157341003418
      vertex 11.42597484588623 1.3858184814453125 21.014225006103516
      vertex 11.425975799560547 1.3858187198638916 24.41157341003418
    endloop
  endfacet
  facet normal -0.242535625036333 0.970142500145332 0
    outer loop
      vertex 11.425975799560547 1.3858187198638916 24.41157341003418
      vertex 11.42597484588623 1.3858184814453125 21.014225006103516
      vertex 11.42597484588623 1.3858184814453125 24.41157341003418
    endloop
  endfacet
  facet normal -0.2902850759035944 0.9569402148032261 0
    outer loop
      vertex 11.42597484588623 1.3858184814453125 21.014225006103516
      vertex 11.707364082336426 1.471177101135254 24.41157341003418
      vertex 11.707364082336426 1.471177101135254 19.418386459350586
    endloop
  endfacet
  facet normal 0.2902851342274382 0.956940197110853 -2.1560381381405893e-9
    outer loop
      vertex 12.292634963989258 1.471177101135254 16.099151611328125
      vertex 12.355286598205566 1.4521719217300415 24.41157341003418
      vertex 12.574024200439453 1.3858184814453125 24.41157341003418
    endloop
  endfacet
  facet normal 0.29028487227571625 0.9569402765731365 0
    outer loop
      vertex 12.355286598205566 1.4521719217300415 24.41157341003418
      vertex 12.292634963989258 1.471177101135254 16.099151611328125
      vertex 12.292634963989258 1.471177101135254 24.41157341003418
    endloop
  endfacet
  facet normal 0.29028507590359437 0.956940214803226 0
    outer loop
      vertex 12.574024200439453 1.3858184814453125 15
      vertex 12.292634963989258 1.471177101135254 16.099151611328125
      vertex 12.574024200439453 1.3858184814453125 24.41157341003418
    endloop
  endfacet
  facet normal 0.29028430183915266 0.9569404496130932 -2.1640003609955205e-7
    outer loop
      vertex 12.292634963989258 1.471177101135254 16.099151611328125
      vertex 12.574024200439453 1.3858184814453125 15
      vertex 12.486444473266602 1.4123854637145996 15
    endloop
  endfacet
  facet normal 0.2902851342274382 0.956940197110853 0
    outer loop
      vertex 12.355286598205566 1.4521719217300415 29.588428497314453
      vertex 12.574024200439453 1.3858184814453125 30
      vertex 12.574024200439453 1.3858184814453125 29.588428497314453
    endloop
  endfacet
  facet normal 0.2902850759035942 0.9569402148032254 3.384968948336497e-8
    outer loop
      vertex 12.574024200439453 1.3858184814453125 30
      vertex 12.355286598205566 1.4521719217300415 29.588428497314453
      vertex 12.292634963989258 1.471177101135254 30
    endloop
  endfacet
  facet normal 0.29028487227571625 0.9569402765731366 0
    outer loop
      vertex 12.292634963989258 1.471177101135254 30
      vertex 12.355286598205566 1.4521719217300415 29.588428497314453
      vertex 12.292634963989258 1.471177101135254 29.588428497314453
    endloop
  endfacet
  facet normal -0.12403473458920847 -0.9922778767136677 0
    outer loop
      vertex 11.707365036010742 -1.4711772203445435 29.588428497314453
      vertex 11.707364082336426 -1.471177101135254 30
      vertex 11.707364082336426 -1.471177101135254 29.588428497314453
    endloop
  endfacet
  facet normal -0.09801949168964279 -0.9951844950806359 6.11231942317633e-8
    outer loop
      vertex 11.934844017028809 -1.4935824871063232 29.588428497314453
      vertex 11.707364082336426 -1.471177101135254 30
      vertex 11.707365036010742 -1.4711772203445435 29.588428497314453
    endloop
  endfacet
  facet normal -0.09801975619259645 -0.9951844690287005 -8.648862509465314e-8
    outer loop
      vertex 11.707364082336426 -1.471177101135254 30
      vertex 11.934844017028809 -1.4935824871063232 29.588428497314453
      vertex 12 -1.5 30
    endloop
  endfacet
  facet normal -0.09802029726717951 -0.9951844157359248 0
    outer loop
      vertex 12 -1.5 30
      vertex 11.934844017028809 -1.4935824871063232 29.588428497314453
      vertex 12 -1.5 29.58842658996582
    endloop
  endfacet
  facet normal -0.12403473458920847 -0.9922778767136677 0
    outer loop
      vertex 11.707364082336426 -1.471177101135254 19.418386459350586
      vertex 11.707365036010742 -1.4711772203445435 24.41157341003418
      vertex 11.707364082336426 -1.471177101135254 24.41157341003418
    endloop
  endfacet
  facet normal -0.09801949168964298 -0.9951844950806379 -5.03817805088659e-9
    outer loop
      vertex 11.707365036010742 -1.4711772203445435 24.41157341003418
      vertex 11.707364082336426 -1.471177101135254 19.418386459350586
      vertex 11.934844017028809 -1.4935824871063232 24.41157341003418
    endloop
  endfacet
  facet normal -0.09802029726717945 -0.9951844157359241 3.201841048661476e-8
    outer loop
      vertex 11.934844017028809 -1.4935824871063232 24.41157341003418
      vertex 11.707364082336426 -1.471177101135254 19.418386459350586
      vertex 12 -1.5 24.41157341003418
    endloop
  endfacet
  facet normal -0.09801975619259681 -0.9951844690287042 0
    outer loop
      vertex 12 -1.5 24.41157341003418
      vertex 11.707364082336426 -1.471177101135254 19.418386459350586
      vertex 12 -1.5 17.758766174316406
    endloop
  endfacet
  facet normal -0.9569388216364063 -0.2902896685125503 0
    outer loop
      vertex 10.54782772064209 -0.35528743267059326 29.588428497314453
      vertex 10.52882194519043 -0.2926349639892578 30
      vertex 10.52882194519043 -0.2926349639892578 29.588428497314453
    endloop
  endfacet
  facet normal -0.9569406138427504 -0.29028376044529236 0
    outer loop
      vertex 10.614180564880371 -0.5740242004394531 30
      vertex 10.54782772064209 -0.35528743267059326 29.588428497314453
      vertex 10.614180564880371 -0.5740242004394531 29.58842658996582
    endloop
  endfacet
  facet normal -0.9569402148029472 -0.29028507590350977 -7.63455444485815e-7
    outer loop
      vertex 10.54782772064209 -0.35528743267059326 29.588428497314453
      vertex 10.614180564880371 -0.5740242004394531 30
      vertex 10.52882194519043 -0.2926349639892578 30
    endloop
  endfacet
  facet normal -0.9569388216364062 -0.2902896685125503 0
    outer loop
      vertex 10.52882194519043 -0.2926349639892578 21.89485740661621
      vertex 10.54782772064209 -0.35528743267059326 24.41157341003418
      vertex 10.52882194519043 -0.2926349639892578 24.41157341003418
    endloop
  endfacet
  facet normal -0.9569402166607561 -0.2902850697801204 1.2501826135786042e-7
    outer loop
      vertex 10.614180564880371 -0.5740242004394531 21.909908294677734
      vertex 10.54782772064209 -0.35528743267059326 24.41157341003418
      vertex 10.52882194519043 -0.2926349639892578 21.89485740661621
    endloop
  endfacet
  facet normal -0.9569406138427504 -0.29028376044529236 0
    outer loop
      vertex 10.54782772064209 -0.35528743267059326 24.41157341003418
      vertex 10.614180564880371 -0.5740242004394531 21.909908294677734
      vertex 10.614180564880371 -0.5740242004394531 24.41157341003418
    endloop
  endfacet
  facet normal -0.995184804851091 -0.09801634656268289 0
    outer loop
      vertex 10.506417274475098 -0.06515621393918991 29.58842658996582
      vertex 10.5 0 30
      vertex 10.5 0 29.58842658996582
    endloop
  endfacet
  facet normal -0.9951847384826822 -0.09801702041561766 -7.097514825119918e-9
    outer loop
      vertex 10.52882194519043 -0.2926349639892578 30
      vertex 10.506417274475098 -0.06515621393918991 29.58842658996582
      vertex 10.52882194519043 -0.2926349341869354 29.588428497314453
    endloop
  endfacet
  facet normal -1 0 0
    outer loop
      vertex 10.52882194519043 -0.2926349639892578 30
      vertex 10.52882194519043 -0.2926349341869354 29.588428497314453
      vertex 10.52882194519043 -0.2926349639892578 29.588428497314453
    endloop
  endfacet
  facet normal -0.9951847542335945 -0.09801686049355612 8.214966144349462e-8
    outer loop
      vertex 10.506417274475098 -0.06515621393918991 29.58842658996582
      vertex 10.52882194519043 -0.2926349639892578 30
      vertex 10.5 0 30
    endloop
  endfacet
  facet normal -0.995184804851091 -0.09801634656268289 0
    outer loop
      vertex 10.5 0 21.8897762298584
      vertex 10.506417274475098 -0.06515621393918991 24.41157341003418
      vertex 10.5 0 24.41157341003418
    endloop
  endfacet
  facet normal -0.9951847542108793 -0.0980168607242223 -1.3413367127557327e-8
    outer loop
      vertex 10.52882194519043 -0.2926349639892578 21.89485740661621
      vertex 10.506417274475098 -0.06515621393918991 24.41157341003418
      vertex 10.5 0 21.8897762298584
    endloop
  endfacet
  facet normal -0.9951847384826878 -0.09801702041555872 1.1606930769854769e-9
    outer loop
      vertex 10.506417274475098 -0.06515621393918991 24.41157341003418
      vertex 10.52882194519043 -0.2926349639892578 21.89485740661621
      vertex 10.52882194519043 -0.2926349341869354 24.41157341003418
    endloop
  endfacet
  facet normal -1 0 0
    outer loop
      vertex 10.52882194519043 -0.2926349341869354 24.41157341003418
      vertex 10.52882194519043 -0.2926349639892578 21.89485740661621
      vertex 10.52882194519043 -0.2926349639892578 24.41157341003418
    endloop
  endfacet
  facet normal 0.6343951810255244 -0.7730088966445291 0
    outer loop
      vertex 12.883964538574219 -1.2056694030761719 29.588428497314453
      vertex 12.833354949951172 -1.2472038269042969 30
      vertex 12.833354949951172 -1.2472038269042969 29.588428497314453
    endloop
  endfacet
  facet normal 0.6343942394311876 -0.7730096693939135 -1.937680377793836e-7
    outer loop
      vertex 12.833354949951172 -1.2472038269042969 30
      vertex 12.883964538574219 -1.2056694030761719 29.588428497314453
      vertex 13.060659408569336 -1.060659408569336 30
    endloop
  endfacet
  facet normal 0.6343939697358011 -0.7730098907277004 0
    outer loop
      vertex 13.060659408569336 -1.060659408569336 30
      vertex 12.883964538574219 -1.2056694030761719 29.588428497314453
      vertex 13.060659408569336 -1.060659408569336 29.588428497314453
    endloop
  endfacet
  facet normal 0.6343951810255243 -0.773008896644529 0
    outer loop
      vertex 12.833354949951172 -1.2472038269042969 15
      vertex 12.883964538574219 -1.2056694030761719 24.41157341003418
      vertex 12.833354949951172 -1.2472038269042969 24.41157341003418
    endloop
  endfacet
  facet normal 0.6343939697358011 -0.7730098907277004 1.09005733568007e-8
    outer loop
      vertex 12.883964538574219 -1.2056694030761719 24.41157341003418
      vertex 12.833354949951172 -1.2472038269042969 15
      vertex 13.060659408569336 -1.060659408569336 24.41157341003418
    endloop
  endfacet
  facet normal 0.6343942394311995 -0.773009669393928 0
    outer loop
      vertex 13.060659408569336 -1.060659408569336 24.41157341003418
      vertex 12.833354949951172 -1.2472038269042969 15
      vertex 13.060659408569336 -1.060659408569336 15
    endloop
  endfacet
  facet normal 0.29028487227571625 -0.9569402765731365 0
    outer loop
      vertex 12.292634963989258 -1.471177101135254 16.099151611328125
      vertex 12.355286598205566 -1.4521719217300415 24.41157341003418
      vertex 12.292634963989258 -1.471177101135254 24.41157341003418
    endloop
  endfacet
  facet normal 0.2902851342274382 -0.956940197110853 -2.1560381381405893e-9
    outer loop
      vertex 12.355286598205566 -1.4521719217300415 24.41157341003418
      vertex 12.292634963989258 -1.471177101135254 16.099151611328125
      vertex 12.574024200439453 -1.3858184814453125 24.41157341003418
    endloop
  endfacet
  facet normal 0.29028430183915266 -0.9569404496130932 -2.1640003609955205e-7
    outer loop
      vertex 12.574024200439453 -1.3858184814453125 15
      vertex 12.292634963989258 -1.471177101135254 16.099151611328125
      vertex 12.486444473266602 -1.4123854637145996 15
    endloop
  endfacet
  facet normal 0.29028507590359437 -0.956940214803226 0
    outer loop
      vertex 12.292634963989258 -1.471177101135254 16.099151611328125
      vertex 12.574024200439453 -1.3858184814453125 15
      vertex 12.574024200439453 -1.3858184814453125 24.41157341003418
    endloop
  endfacet
  facet normal 0.29028487227571625 -0.9569402765731366 0
    outer loop
      vertex 12.355286598205566 -1.4521719217300415 29.588428497314453
      vertex 12.292634963989258 -1.471177101135254 30
      vertex 12.292634963989258 -1.471177101135254 29.588428497314453
    endloop
  endfacet
  facet normal 0.2902850759035942 -0.9569402148032254 3.384968948336497e-8
    outer loop
      vertex 12.292634963989258 -1.471177101135254 30
      vertex 12.355286598205566 -1.4521719217300415 29.588428497314453
      vertex 12.574024200439453 -1.3858184814453125 30
    endloop
  endfacet
  facet normal 0.2902851342274382 -0.956940197110853 0
    outer loop
      vertex 12.574024200439453 -1.3858184814453125 30
      vertex 12.355286598205566 -1.4521719217300415 29.588428497314453
      vertex 12.574024200439453 -1.3858184814453125 29.588428497314453
    endloop
  endfacet
  facet normal -0.8819209211031305 0.4713973789920835 0
    outer loop
      vertex 10.721932411193848 0.7756147980690002 29.588428497314453
      vertex 10.752795219421387 0.8333549499511719 30
      vertex 10.752795219421387 0.8333549499511719 29.58842658996582
    endloop
  endfacet
  facet normal -0.8819217850398268 0.4713957626790764 6.144166717033406e-7
    outer loop
      vertex 10.614180564880371 0.5740242004394531 30
      vertex 10.721932411193848 0.7756147980690002 29.588428497314453
      vertex 10.614180564880371 0.5740247368812561 29.588428497314453
    endloop
  endfacet
  facet normal -0.8819219980711472 0.4713953641244929 3.634289961658087e-7
    outer loop
      vertex 10.721932411193848 0.7756147980690002 29.588428497314453
      vertex 10.614180564880371 0.5740242004394531 30
      vertex 10.752795219421387 0.8333549499511719 30
    endloop
  endfacet
  facet normal -1 0 0
    outer loop
      vertex 10.614180564880371 0.5740242004394531 30
      vertex 10.614180564880371 0.5740247368812561 29.588428497314453
      vertex 10.614180564880371 0.5740242004394531 29.58842658996582
    endloop
  endfacet
  facet normal -0.8819209211031304 0.47139737899208345 0
    outer loop
      vertex 10.752795219421387 0.8333549499511719 21.934350967407227
      vertex 10.721932411193848 0.7756147980690002 24.41157341003418
      vertex 10.752795219421387 0.8333549499511719 24.41157341003418
    endloop
  endfacet
  facet normal -0.8819217850399922 0.47139576267916483 -4.843718070396526e-8
    outer loop
      vertex 10.752795219421387 0.8333549499511719 21.934350967407227
      vertex 10.614180564880371 0.5740247368812561 24.41157341003418
      vertex 10.721932411193848 0.7756147980690002 24.41157341003418
    endloop
  endfacet
  facet normal -0.8819219941103462 0.4713953715347874 -1.010831471684882e-7
    outer loop
      vertex 10.614180564880371 0.5740242004394531 21.909908294677734
      vertex 10.614180564880371 0.5740247368812561 24.41157341003418
      vertex 10.752795219421387 0.8333549499511719 21.934350967407227
    endloop
  endfacet
  facet normal -1 0 0
    outer loop
      vertex 10.614180564880371 0.5740247368812561 24.41157341003418
      vertex 10.614180564880371 0.5740242004394531 21.909908294677734
      vertex 10.614180564880371 0.5740242004394531 24.41157341003418
    endloop
  endfacet
  facet normal -0.9569406138427504 0.29028376044529236 0
    outer loop
      vertex 10.54782772064209 0.35528743267059326 29.588428497314453
      vertex 10.614180564880371 0.5740242004394531 30
      vertex 10.614180564880371 0.5740242004394531 29.58842658996582
    endloop
  endfacet
  facet normal -0.9569388216364063 0.2902896685125503 0
    outer loop
      vertex 10.52882194519043 0.2926349639892578 30
      vertex 10.54782772064209 0.35528743267059326 29.588428497314453
      vertex 10.52882194519043 0.2926349639892578 29.588428497314453
    endloop
  endfacet
  facet normal -0.9569402148029472 0.29028507590350977 -7.63455444485815e-7
    outer loop
      vertex 10.54782772064209 0.35528743267059326 29.588428497314453
      vertex 10.52882194519043 0.2926349639892578 30
      vertex 10.614180564880371 0.5740242004394531 30
    endloop
  endfacet
  facet normal -0.9569406138427504 0.29028376044529236 0
    outer loop
      vertex 10.614180564880371 0.5740242004394531 21.909908294677734
      vertex 10.54782772064209 0.35528743267059326 24.41157341003418
      vertex 10.614180564880371 0.5740242004394531 24.41157341003418
    endloop
  endfacet
  facet normal -0.9569402166607561 0.2902850697801204 1.2501826135786042e-7
    outer loop
      vertex 10.52882194519043 0.2926349639892578 21.89485740661621
      vertex 10.54782772064209 0.35528743267059326 24.41157341003418
      vertex 10.614180564880371 0.5740242004394531 21.909908294677734
    endloop
  endfacet
  facet normal -0.9569388216364062 0.2902896685125503 0
    outer loop
      vertex 10.54782772064209 0.35528743267059326 24.41157341003418
      vertex 10.52882194519043 0.2926349639892578 21.89485740661621
      vertex 10.52882194519043 0.2926349639892578 24.41157341003418
    endloop
  endfacet
  facet normal 0.4713941681237323 0.8819226373435112 0
    outer loop
      vertex 12.833354949951172 1.2472038269042969 15
      vertex 12.775614738464355 1.2780663967132568 24.41157341003418
      vertex 12.833354949951172 1.2472038269042969 24.41157341003418
    endloop
  endfacet
  facet normal 0.4713957066864454 0.8819218149686435 1.2135860097827826e-8
    outer loop
      vertex 12.775614738464355 1.2780663967132568 24.41157341003418
      vertex 12.833354949951172 1.2472038269042969 15
      vertex 12.574024200439453 1.3858184814453125 24.41157341003418
    endloop
  endfacet
  facet normal 0.47139536412452404 0.8819219980712054 0
    outer loop
      vertex 12.574024200439453 1.3858184814453125 24.41157341003418
      vertex 12.833354949951172 1.2472038269042969 15
      vertex 12.574024200439453 1.3858184814453125 15
    endloop
  endfacet
  facet normal 0 0 1
    outer loop
      vertex 12.574024200439453 1.3858184814453125 24.41157341003418
      vertex 12.574024200439453 1.385818362236023 24.41157341003418
      vertex 12.775614738464355 1.2780663967132568 24.41157341003418
    endloop
  endfacet
  facet normal 0.4713941681237323 0.8819226373435112 0
    outer loop
      vertex 12.775614738464355 1.2780663967132568 29.588428497314453
      vertex 12.833354949951172 1.2472038269042969 30
      vertex 12.833354949951172 1.2472038269042969 29.588428497314453
    endloop
  endfacet
  facet normal 0.47139536412451305 0.881921998071185 -2.1572660943514872e-7
    outer loop
      vertex 12.833354949951172 1.2472038269042969 30
      vertex 12.775614738464355 1.2780663967132568 29.588428497314453
      vertex 12.574024200439453 1.3858184814453125 30
    endloop
  endfacet
  facet normal 0.4713957066864456 0.8819218149686437 0
    outer loop
      vertex 12.574024200439453 1.3858184814453125 30
      vertex 12.775614738464355 1.2780663967132568 29.588428497314453
      vertex 12.574024200439453 1.3858184814453125 29.588428497314453
    endloop
  endfacet
  facet normal 0 0 -1
    outer loop
      vertex 12.775614738464355 1.2780663967132568 29.588428497314453
      vertex 12.574024200439453 1.385818362236023 29.588428497314453
      vertex 12.574024200439453 1.3858184814453125 29.588428497314453
    endloop
  endfacet
  facet normal 0.09802007256212683 -0.9951844378681342 -3.591821160809566e-8
    outer loop
      vertex 12 -1.5 30
      vertex 12.065155982971191 -1.4935824871063232 29.588428497314453
      vertex 12.292634963989258 -1.471177101135254 30
    endloop
  endfacet
  facet normal 0.09802029726717951 -0.9951844157359248 0
    outer loop
      vertex 12.065155982971191 -1.4935824871063232 29.588428497314453
      vertex 12 -1.5 30
      vertex 12 -1.5 29.58842658996582
    endloop
  endfacet
  facet normal 0.09802000820066745 -0.9951844442073746 0
    outer loop
      vertex 12.292634963989258 -1.471177101135254 30
      vertex 12.065155982971191 -1.4935824871063232 29.588428497314453
      vertex 12.292634963989258 -1.471177101135254 29.588428497314453
    endloop
  endfacet
  facet normal 0.09802029726717952 -0.9951844157359248 0
    outer loop
      vertex 12 -1.5 17.758766174316406
      vertex 12.065155982971191 -1.4935824871063232 24.41157341003418
      vertex 12 -1.5 24.41157341003418
    endloop
  endfacet
  facet normal 0.09802000820066746 -0.9951844442073746 2.858511897326241e-9
    outer loop
      vertex 12.065155982971191 -1.4935824871063232 24.41157341003418
      vertex 12 -1.5 17.758766174316406
      vertex 12.292634963989258 -1.471177101135254 24.41157341003418
    endloop
  endfacet
  facet normal 0.0980200725621269 -0.9951844378681348 0
    outer loop
      vertex 12.292634963989258 -1.471177101135254 24.41157341003418
      vertex 12 -1.5 17.758766174316406
      vertex 12.292634963989258 -1.471177101135254 16.099151611328125
    endloop
  endfacet
  facet normal -0.6343930050085941 0.7730106824592827 0
    outer loop
      vertex 11.116034507751465 1.205669641494751 29.588428497314453
      vertex 11.166644096374512 1.2472038269042969 30
      vertex 11.166644096374512 1.2472038269042969 29.588428497314453
    endloop
  endfacet
  facet normal -0.634394239431179 0.773009669393903 2.5402746265271195e-7
    outer loop
      vertex 11.166644096374512 1.2472038269042969 30
      vertex 11.116034507751465 1.205669641494751 29.588428497314453
      vertex 10.939339637756348 1.060659408569336 30
    endloop
  endfacet
  facet normal -0.6343953924756259 0.7730087231107852 -5.744015509176701e-7
    outer loop
      vertex 10.939340591430664 1.0606598854064941 29.588428497314453
      vertex 10.939339637756348 1.060659408569336 30
      vertex 11.116034507751465 1.205669641494751 29.588428497314453
    endloop
  endfacet
  facet normal -0.4472135954999579 0.8944271909999159 0
    outer loop
      vertex 10.939339637756348 1.060659408569336 30
      vertex 10.939340591430664 1.0606598854064941 29.588428497314453
      vertex 10.939339637756348 1.060659408569336 29.588428497314453
    endloop
  endfacet
  facet normal -0.6343930050085941 0.7730106824592827 0
    outer loop
      vertex 11.166644096374512 1.2472038269042969 22.007322311401367
      vertex 11.116034507751465 1.205669641494751 24.41157341003418
      vertex 11.166644096374512 1.2472038269042969 24.41157341003418
    endloop
  endfacet
  facet normal -0.6343953924757284 0.7730087231109101 -8.41046379193998e-8
    outer loop
      vertex 11.116034507751465 1.205669641494751 24.41157341003418
      vertex 11.166644096374512 1.2472038269042969 22.007322311401367
      vertex 10.939340591430664 1.0606598854064941 24.41157341003418
    endloop
  endfacet
  facet normal -0.4470492575401408 0.8940985150802816 0.027107317536862234
    outer loop
      vertex 10.939340591430664 1.0606598854064941 24.41157341003418
      vertex 11.166644096374512 1.2472038269042969 22.007322311401367
      vertex 10.939339637756348 1.060659408569336 24.41157341003418
    endloop
  endfacet
  facet normal -0.6343942394311995 0.773009669393928 0
    outer loop
      vertex 10.939339637756348 1.060659408569336 24.41157341003418
      vertex 11.166644096374512 1.2472038269042969 22.007322311401367
      vertex 10.939339637756348 1.060659408569336 21.967243194580078
    endloop
  endfacet
  facet normal -0.24253562503633297 -0.9701425001453319 0
    outer loop
      vertex 11.425975799560547 -1.3858187198638916 29.588428497314453
      vertex 11.42597484588623 -1.3858184814453125 30
      vertex 11.42597484588623 -1.3858184814453125 29.588428497314453
    endloop
  endfacet
  facet normal -0.2902851342274362 -0.9569401971108463 -1.1829087910419908e-7
    outer loop
      vertex 11.644713401794434 -1.4521721601486206 29.588428497314453
      vertex 11.42597484588623 -1.3858184814453125 30
      vertex 11.425975799560547 -1.3858187198638916 29.588428497314453
    endloop
  endfacet
  facet normal -0.2902850759035933 -0.9569402148032227 -8.444104422655457e-8
    outer loop
      vertex 11.42597484588623 -1.3858184814453125 30
      vertex 11.644713401794434 -1.4521721601486206 29.588428497314453
      vertex 11.707364082336426 -1.471177101135254 30
    endloop
  endfacet
  facet normal -0.29028558387890646 -0.9569400607102214 0
    outer loop
      vertex 11.707364082336426 -1.471177101135254 30
      vertex 11.644713401794434 -1.4521721601486206 29.588428497314453
      vertex 11.707364082336426 -1.471177101135254 29.588428497314453
    endloop
  endfacet
  facet normal -0.242535625036333 -0.970142500145332 0
    outer loop
      vertex 11.42597484588623 -1.3858184814453125 21.014225006103516
      vertex 11.425975799560547 -1.3858187198638916 24.41157341003418
      vertex 11.42597484588623 -1.3858184814453125 24.41157341003418
    endloop
  endfacet
  facet normal -0.2902851342274382 -0.956940197110853 1.4330339158204134e-8
    outer loop
      vertex 11.425975799560547 -1.3858187198638916 24.41157341003418
      vertex 11.42597484588623 -1.3858184814453125 21.014225006103516
      vertex 11.644713401794434 -1.4521721601486206 24.41157341003418
    endloop
  endfacet
  facet normal -0.2902855838789062 -0.9569400607102204 4.5945229286507534e-8
    outer loop
      vertex 11.644713401794434 -1.4521721601486206 24.41157341003418
      vertex 11.42597484588623 -1.3858184814453125 21.014225006103516
      vertex 11.707364082336426 -1.471177101135254 24.41157341003418
    endloop
  endfacet
  facet normal -0.2902850759035944 -0.9569402148032261 0
    outer loop
      vertex 11.707364082336426 -1.471177101135254 24.41157341003418
      vertex 11.42597484588623 -1.3858184814453125 21.014225006103516
      vertex 11.707364082336426 -1.471177101135254 19.418386459350586
    endloop
  endfacet
  facet normal 0 0.6343926489794667 -0.7730109746444841
    outer loop
      vertex 14.930834770202637 0.5555696487426758 27.168529510498047
      vertex 27 0.7071065902709961 27.292892456054688
      vertex 27 0.5555696487426758 27.168529510498047
    endloop
  endfacet
  facet normal -2.5620068588438596e-7 0.6344048418934831 -0.7730009680343479
    outer loop
      vertex 14.928187370300293 0.5824518203735352 27.19059181213379
      vertex 27 0.7071065902709961 27.292892456054688
      vertex 14.930834770202637 0.5555696487426758 27.168529510498047
    endloop
  endfacet
  facet normal 0 0.6343900162278375 -0.7730131352767843
    outer loop
      vertex 27 0.7071065902709961 27.292892456054688
      vertex 14.928187370300293 0.5824518203735352 27.19059181213379
      vertex 14.890374183654785 0.7071065902709961 27.292892456054688
    endloop
  endfacet
  facet normal 0 0.9951843478632733 -0.09802098636491731
    outer loop
      vertex 27 1 28
      vertex 14.64224910736084 0.9966484904289246 27.965972900390625
      vertex 14.626574516296387 1 28
    endloop
  endfacet
  facet normal -2.998263167410256e-9 0.9951844540828265 -0.0980199079364322
    outer loop
      vertex 27 1 28
      vertex 14.686065673828125 0.9872797727584839 27.870853424072266
      vertex 14.64224910736084 0.9966484904289246 27.965972900390625
    endloop
  endfacet
  facet normal 0 0.9951843420044603 -0.09802104584806945
    outer loop
      vertex 14.701677322387695 0.9807844161987305 27.804908752441406
      vertex 27 1 28
      vertex 27 0.9807844161987305 27.804908752441406
    endloop
  endfacet
  facet normal 2.6712437939674028e-8 0.9951841777382698 -0.09802271358926548
    outer loop
      vertex 27 1 28
      vertex 14.701677322387695 0.9807844161987305 27.804908752441406
      vertex 14.686065673828125 0.9872797727584839 27.870853424072266
    endloop
  endfacet
  facet normal 0 0.09801670231362045 -0.9951847698129042
    outer loop
      vertex 14.985553741455078 0 27
      vertex 27 0.19509029388427734 27.019214630126953
      vertex 27 0 27
    endloop
  endfacet
  facet normal 0 0.09801670231362046 -0.9951847698129043
    outer loop
      vertex 27 0.19509029388427734 27.019214630126953
      vertex 14.985553741455078 0 27
      vertex 14.966339111328125 0.19509029388427734 27.019214630126953
    endloop
  endfacet
  facet normal 0 -0.6343926489794667 -0.7730109746444841
    outer loop
      vertex 27 -0.7071065902709961 27.292892456054688
      vertex 14.930834770202637 -0.5555696487426758 27.168529510498047
      vertex 27 -0.5555696487426758 27.168529510498047
    endloop
  endfacet
  facet normal -2.5620068588438596e-7 -0.6344048418934831 -0.7730009680343479
    outer loop
      vertex 27 -0.7071065902709961 27.292892456054688
      vertex 14.928187370300293 -0.5824518203735352 27.19059181213379
      vertex 14.930834770202637 -0.5555696487426758 27.168529510498047
    endloop
  endfacet
  facet normal 0 -0.6343900162278375 -0.7730131352767843
    outer loop
      vertex 14.928187370300293 -0.5824518203735352 27.19059181213379
      vertex 27 -0.7071065902709961 27.292892456054688
      vertex 14.890374183654785 -0.7071065902709961 27.292892456054688
    endloop
  endfacet
  facet normal 0 0.4713859480586778 0.8819270309797865
    outer loop
      vertex 14.293011665344238 0.5555696487426758 28.831470489501953
      vertex 27 0.38268280029296875 28.923877716064453
      vertex 27 0.5555696487426758 28.831470489501953
    endloop
  endfacet
  facet normal 7.75202601628248e-8 0.4713903796593502 0.8819246622952596
    outer loop
      vertex 14.289322853088379 0.5013790130615234 28.860435485839844
      vertex 27 0.38268280029296875 28.923877716064453
      vertex 14.293011665344238 0.5555696487426758 28.831470489501953
    endloop
  endfacet
  facet normal 8.704583743583218e-8 0.471391173051136 0.8819242382254082
    outer loop
      vertex 14.286148071289062 0.4547429084777832 28.88536262512207
      vertex 27 0.38268280029296875 28.923877716064453
      vertex 14.289322853088379 0.5013790130615234 28.860435485839844
    endloop
  endfacet
  facet normal -1.2056360970119413e-7 0.47136268263438785 0.8819394658476843
    outer loop
      vertex 14.277525901794434 0.42140740156173706 28.903179168701172
      vertex 27 0.38268280029296875 28.923877716064453
      vertex 14.286148071289062 0.4547429084777832 28.88536262512207
    endloop
  endfacet
  facet normal 0 0.4713934908294036 0.8819229993620015
    outer loop
      vertex 27 0.38268280029296875 28.923877716064453
      vertex 14.277525901794434 0.42140740156173706 28.903179168701172
      vertex 14.260641098022461 0.38268280029296875 28.923877716064453
    endloop
  endfacet
  facet normal 0 0.8819216053071299 0.47139609893644124
    outer loop
      vertex 27 0.8314695358276367 28.55556869506836
      vertex 14.476354598999023 0.9070377349853516 28.4141902923584
      vertex 14.401036262512207 0.8314695358276367 28.55556869506836
    endloop
  endfacet
  facet normal 0 0.8819219050120677 0.4713955382265359
    outer loop
      vertex 14.484818458557129 0.9238786697387695 28.38268280029297
      vertex 27 0.8314695358276367 28.55556869506836
      vertex 27 0.9238786697387695 28.38268280029297
    endloop
  endfacet
  facet normal 4.452068740292569e-8 0.8819232448550173 0.4713930315399192
    outer loop
      vertex 27 0.8314695358276367 28.55556869506836
      vertex 14.484818458557129 0.9238786697387695 28.38268280029297
      vertex 14.476354598999023 0.9070377349853516 28.4141902923584
    endloop
  endfacet
  facet normal 0 -0.8819216053071299 0.47139609893644124
    outer loop
      vertex 14.476354598999023 -0.9070377349853516 28.4141902923584
      vertex 27 -0.8314695358276367 28.55556869506836
      vertex 14.401036262512207 -0.8314695358276367 28.55556869506836
    endloop
  endfacet
  facet normal 4.452068740292569e-8 -0.8819232448550173 0.4713930315399192
    outer loop
      vertex 14.484818458557129 -0.9238786697387695 28.38268280029297
      vertex 27 -0.8314695358276367 28.55556869506836
      vertex 14.476354598999023 -0.9070377349853516 28.4141902923584
    endloop
  endfacet
  facet normal 0 -0.8819219050120677 0.4713955382265359
    outer loop
      vertex 27 -0.8314695358276367 28.55556869506836
      vertex 14.484818458557129 -0.9238786697387695 28.38268280029297
      vertex 27 -0.9238786697387695 28.38268280029297
    endloop
  endfacet
  facet normal 0 -0.09801670231362045 -0.9951847698129042
    outer loop
      vertex 27 -0.19509029388427734 27.019214630126953
      vertex 14.985553741455078 0 27
      vertex 27 0 27
    endloop
  endfacet
  facet normal 0 -0.09801670231362046 -0.9951847698129043
    outer loop
      vertex 14.985553741455078 0 27
      vertex 27 -0.19509029388427734 27.019214630126953
      vertex 14.966339111328125 -0.19509029388427734 27.019214630126953
    endloop
  endfacet
  facet normal 0 -0.09801670231362045 0.9951847698129042
    outer loop
      vertex 27 0 29
      vertex 14.222211837768555 -0.19509029388427734 28.980785369873047
      vertex 27 -0.19509029388427734 28.980785369873047
    endloop
  endfacet
  facet normal 0 -0.09801670589716815 0.995184769459957
    outer loop
      vertex 14.222210884094238 -0.07945755869150162 28.99217414855957
      vertex 27 0 29
      vertex 14.222210884094238 0 29
    endloop
  endfacet
  facet normal -3.796121404748317e-11 -0.09801669985116968 0.9951847700554334
    outer loop
      vertex 27 0 29
      vertex 14.222210884094238 -0.07945755869150162 28.99217414855957
      vertex 14.222211837768555 -0.19509029388427734 28.980785369873047
    endloop
  endfacet
  facet normal 0 0.6343926489794667 0.773010974644484
    outer loop
      vertex 14.333460807800293 0.7071065902709961 28.707107543945312
      vertex 27 0.5555696487426758 28.831470489501953
      vertex 27 0.7071065902709961 28.707107543945312
    endloop
  endfacet
  facet normal 0 0.6343926489794667 0.7730109746444841
    outer loop
      vertex 27 0.5555696487426758 28.831470489501953
      vertex 14.333460807800293 0.7071065902709961 28.707107543945312
      vertex 14.293011665344238 0.5555696487426758 28.831470489501953
    endloop
  endfacet
  facet normal 0 0.47139351574458505 -0.8819229860446769
    outer loop
      vertex 14.94786262512207 0.38268280029296875 27.076120376586914
      vertex 27 0.5555696487426758 27.168529510498047
      vertex 27 0.38268280029296875 27.076120376586914
    endloop
  endfacet
  facet normal 0 0.47139351574458516 -0.881922986044677
    outer loop
      vertex 27 0.5555696487426758 27.168529510498047
      vertex 14.94786262512207 0.38268280029296875 27.076120376586914
      vertex 14.930834770202637 0.5555696487426758 27.168529510498047
    endloop
  endfacet
  facet normal 0 -0.4713859480586778 0.8819270309797865
    outer loop
      vertex 27 -0.38268280029296875 28.923877716064453
      vertex 14.293011665344238 -0.5555696487426758 28.831470489501953
      vertex 27 -0.5555696487426758 28.831470489501953
    endloop
  endfacet
  facet normal 7.75202601628248e-8 -0.4713903796593502 0.8819246622952596
    outer loop
      vertex 27 -0.38268280029296875 28.923877716064453
      vertex 14.289322853088379 -0.5013790130615234 28.860435485839844
      vertex 14.293011665344238 -0.5555696487426758 28.831470489501953
    endloop
  endfacet
  facet normal 8.704583743583218e-8 -0.471391173051136 0.8819242382254082
    outer loop
      vertex 27 -0.38268280029296875 28.923877716064453
      vertex 14.286148071289062 -0.4547429084777832 28.88536262512207
      vertex 14.289322853088379 -0.5013790130615234 28.860435485839844
    endloop
  endfacet
  facet normal -1.2056360970119413e-7 -0.47136268263438785 0.8819394658476843
    outer loop
      vertex 27 -0.38268280029296875 28.923877716064453
      vertex 14.277525901794434 -0.42140740156173706 28.903179168701172
      vertex 14.286148071289062 -0.4547429084777832 28.88536262512207
    endloop
  endfacet
  facet normal 0 -0.4713934908294036 0.8819229993620015
    outer loop
      vertex 14.277525901794434 -0.42140740156173706 28.903179168701172
      vertex 27 -0.38268280029296875 28.923877716064453
      vertex 14.260641098022461 -0.38268280029296875 28.923877716064453
    endloop
  endfacet
  facet normal 0 -0.8819243378430713 -0.47139098667672913
    outer loop
      vertex 14.783500671386719 -0.8865717053413391 27.54751968383789
      vertex 27 -0.9238786697387695 27.61731719970703
      vertex 14.757745742797852 -0.9238786697387695 27.61731719970703
    endloop
  endfacet
  facet normal 6.227709171482151e-9 -0.8819238846866639 -0.4713918344850533
    outer loop
      vertex 14.821541786193848 -0.8314695358276367 27.444429397583008
      vertex 27 -0.9238786697387695 27.61731719970703
      vertex 14.783500671386719 -0.8865717053413391 27.54751968383789
    endloop
  endfacet
  facet normal 0 -0.8819240670633723 -0.47139149327750984
    outer loop
      vertex 27 -0.9238786697387695 27.61731719970703
      vertex 14.821541786193848 -0.8314695358276367 27.444429397583008
      vertex 27 -0.8314695358276367 27.444429397583008
    endloop
  endfacet
  facet normal 0 0.9951843420044604 0.09802104584806946
    outer loop
      vertex 14.626574516296387 1 28
      vertex 27 0.9807844161987305 28.195091247558594
      vertex 27 1 28
    endloop
  endfacet
  facet normal 0 0.9951843420044603 0.09802104584806945
    outer loop
      vertex 27 0.9807844161987305 28.195091247558594
      vertex 14.626574516296387 1 28
      vertex 14.548365592956543 0.9807844161987305 28.195091247558594
    endloop
  endfacet
  facet normal 0 -0.29029443614513983 0.9569373753507463
    outer loop
      vertex 27 -0.19509029388427734 28.980785369873047
      vertex 14.260641098022461 -0.38268280029296875 28.923877716064453
      vertex 27 -0.38268280029296875 28.923877716064453
    endloop
  endfacet
  facet normal 0 -0.2902944361451399 0.9569373753507464
    outer loop
      vertex 14.260641098022461 -0.38268280029296875 28.923877716064453
      vertex 27 -0.19509029388427734 28.980785369873047
      vertex 14.222211837768555 -0.19509029388427734 28.980785369873047
    endloop
  endfacet
  facet normal 0 -0.7730109596491088 -0.6343926672514145
    outer loop
      vertex 14.890085220336914 -0.7080582976341248 27.294052124023438
      vertex 27 -0.8314695358276367 27.444429397583008
      vertex 14.821541786193848 -0.8314695358276367 27.444429397583008
    endloop
  endfacet
  facet normal -4.946509867176284e-8 -0.773012913092143 -0.6343902869628416
    outer loop
      vertex 14.890374183654785 -0.7071065902709961 27.292892456054688
      vertex 27 -0.8314695358276367 27.444429397583008
      vertex 14.890085220336914 -0.7080582976341248 27.294052124023438
    endloop
  endfacet
  facet normal 0 -0.773010974644484 -0.6343926489794667
    outer loop
      vertex 27 -0.8314695358276367 27.444429397583008
      vertex 14.890374183654785 -0.7071065902709961 27.292892456054688
      vertex 27 -0.7071065902709961 27.292892456054688
    endloop
  endfacet
  facet normal 0 0.09801670231362045 0.9951847698129042
    outer loop
      vertex 14.222211837768555 0.19509029388427734 28.980785369873047
      vertex 27 0 29
      vertex 27 0.19509029388427734 28.980785369873047
    endloop
  endfacet
  facet normal -3.796121404748317e-11 0.09801669985116968 0.9951847700554334
    outer loop
      vertex 14.222210884094238 0.07945755869150162 28.99217414855957
      vertex 27 0 29
      vertex 14.222211837768555 0.19509029388427734 28.980785369873047
    endloop
  endfacet
  facet normal 0 0.09801670589716815 0.995184769459957
    outer loop
      vertex 27 0 29
      vertex 14.222210884094238 0.07945755869150162 28.99217414855957
      vertex 14.222210884094238 0 29
    endloop
  endfacet
  facet normal 0 -0.9951843478632733 -0.09802098636491731
    outer loop
      vertex 14.64224910736084 -0.9966484904289246 27.965972900390625
      vertex 27 -1 28
      vertex 14.626574516296387 -1 28
    endloop
  endfacet
  facet normal -2.998263167410256e-9 -0.9951844540828265 -0.0980199079364322
    outer loop
      vertex 14.686065673828125 -0.9872797727584839 27.870853424072266
      vertex 27 -1 28
      vertex 14.64224910736084 -0.9966484904289246 27.965972900390625
    endloop
  endfacet
  facet normal 2.6712437939674028e-8 -0.9951841777382698 -0.09802271358926548
    outer loop
      vertex 14.701677322387695 -0.9807844161987305 27.804908752441406
      vertex 27 -1 28
      vertex 14.686065673828125 -0.9872797727584839 27.870853424072266
    endloop
  endfacet
  facet normal 0 -0.9951843420044603 -0.09802104584806945
    outer loop
      vertex 27 -1 28
      vertex 14.701677322387695 -0.9807844161987305 27.804908752441406
      vertex 27 -0.9807844161987305 27.804908752441406
    endloop
  endfacet
  facet normal 0 -0.7730136051452481 0.6343894436860897
    outer loop
      vertex 14.374817848205566 -0.7832179665565491 28.614364624023438
      vertex 27 -0.7071065902709961 28.707107543945312
      vertex 14.333460807800293 -0.7071065902709961 28.707107543945312
    endloop
  endfacet
  facet normal 4.945681568443823e-8 -0.7730169067474552 0.6343854206100528
    outer loop
      vertex 14.401036262512207 -0.8314695358276367 28.55556869506836
      vertex 27 -0.7071065902709961 28.707107543945312
      vertex 14.374817848205566 -0.7832179665565491 28.614364624023438
    endloop
  endfacet
  facet normal 0 -0.773014890337251 0.634387877656003
    outer loop
      vertex 27 -0.7071065902709961 28.707107543945312
      vertex 14.401036262512207 -0.8314695358276367 28.55556869506836
      vertex 27 -0.8314695358276367 28.55556869506836
    endloop
  endfacet
  facet normal 0 0.7730109596491088 -0.6343926672514145
    outer loop
      vertex 27 0.8314695358276367 27.444429397583008
      vertex 14.890085220336914 0.7080582976341248 27.294052124023438
      vertex 14.821541786193848 0.8314695358276367 27.444429397583008
    endloop
  endfacet
  facet normal 0 0.773010974644484 -0.6343926489794667
    outer loop
      vertex 14.890374183654785 0.7071065902709961 27.292892456054688
      vertex 27 0.8314695358276367 27.444429397583008
      vertex 27 0.7071065902709961 27.292892456054688
    endloop
  endfacet
  facet normal -4.946509867176284e-8 0.773012913092143 -0.6343902869628416
    outer loop
      vertex 27 0.8314695358276367 27.444429397583008
      vertex 14.890374183654785 0.7071065902709961 27.292892456054688
      vertex 14.890085220336914 0.7080582976341248 27.294052124023438
    endloop
  endfacet
  facet normal 0 -0.47139351574458505 -0.8819229860446769
    outer loop
      vertex 27 -0.5555696487426758 27.168529510498047
      vertex 14.94786262512207 -0.38268280029296875 27.076120376586914
      vertex 27 -0.38268280029296875 27.076120376586914
    endloop
  endfacet
  facet normal 0 -0.47139351574458516 -0.881922986044677
    outer loop
      vertex 14.94786262512207 -0.38268280029296875 27.076120376586914
      vertex 27 -0.5555696487426758 27.168529510498047
      vertex 14.930834770202637 -0.5555696487426758 27.168529510498047
    endloop
  endfacet
  facet normal 0 0.8819243378430713 -0.47139098667672913
    outer loop
      vertex 27 0.9238786697387695 27.61731719970703
      vertex 14.783500671386719 0.8865717053413391 27.54751968383789
      vertex 14.757745742797852 0.9238786697387695 27.61731719970703
    endloop
  endfacet
  facet normal 0 0.8819240670633723 -0.47139149327750984
    outer loop
      vertex 14.821541786193848 0.8314695358276367 27.444429397583008
      vertex 27 0.9238786697387695 27.61731719970703
      vertex 27 0.8314695358276367 27.444429397583008
    endloop
  endfacet
  facet normal 6.227709171482151e-9 0.8819238846866639 -0.4713918344850533
    outer loop
      vertex 27 0.9238786697387695 27.61731719970703
      vertex 14.821541786193848 0.8314695358276367 27.444429397583008
      vertex 14.783500671386719 0.8865717053413391 27.54751968383789
    endloop
  endfacet
  facet normal 0 -0.9951843420044603 0.09802104584806945
    outer loop
      vertex 14.626574516296387 -1 28
      vertex 27 -0.9807844161987305 28.195091247558594
      vertex 14.548365592956543 -0.9807844161987305 28.195091247558594
    endloop
  endfacet
  facet normal 0 -0.9951843420044604 0.09802104584806946
    outer loop
      vertex 27 -0.9807844161987305 28.195091247558594
      vertex 14.626574516296387 -1 28
      vertex 27 -1 28
    endloop
  endfacet
  facet normal 0 0.9569396682142506 -0.2902868777571596
    outer loop
      vertex 14.757745742797852 0.9238786697387695 27.61731719970703
      vertex 27 0.9807844161987305 27.804908752441406
      vertex 27 0.9238786697387695 27.61731719970703
    endloop
  endfacet
  facet normal 0 0.9569396682142505 -0.2902868777571596
    outer loop
      vertex 27 0.9807844161987305 27.804908752441406
      vertex 14.757745742797852 0.9238786697387695 27.61731719970703
      vertex 14.701677322387695 0.9807844161987305 27.804908752441406
    endloop
  endfacet
  facet normal 0 -0.9569396682142506 0.29028687775715967
    outer loop
      vertex 14.548365592956543 -0.9807844161987305 28.195091247558594
      vertex 27 -0.9238786697387695 28.38268280029297
      vertex 14.484818458557129 -0.9238786697387695 28.38268280029297
    endloop
  endfacet
  facet normal 0 -0.9569396682142506 0.29028687775715967
    outer loop
      vertex 27 -0.9238786697387695 28.38268280029297
      vertex 14.548365592956543 -0.9807844161987305 28.195091247558594
      vertex 27 -0.9807844161987305 28.195091247558594
    endloop
  endfacet
  facet normal 0 -0.6343926489794667 0.773010974644484
    outer loop
      vertex 27 -0.5555696487426758 28.831470489501953
      vertex 14.333460807800293 -0.7071065902709961 28.707107543945312
      vertex 27 -0.7071065902709961 28.707107543945312
    endloop
  endfacet
  facet normal 0 -0.6343926489794667 0.7730109746444841
    outer loop
      vertex 14.333460807800293 -0.7071065902709961 28.707107543945312
      vertex 27 -0.5555696487426758 28.831470489501953
      vertex 14.293011665344238 -0.5555696487426758 28.831470489501953
    endloop
  endfacet
  facet normal 0 0.2902855263649851 -0.9569400781569365
    outer loop
      vertex 14.966339111328125 0.19509029388427734 27.019214630126953
      vertex 27 0.38268280029296875 27.076120376586914
      vertex 27 0.19509029388427734 27.019214630126953
    endloop
  endfacet
  facet normal 0 0.2902855263649851 -0.9569400781569365
    outer loop
      vertex 27 0.38268280029296875 27.076120376586914
      vertex 14.966339111328125 0.19509029388427734 27.019214630126953
      vertex 14.94786262512207 0.38268280029296875 27.076120376586914
    endloop
  endfacet
  facet normal 0 -0.9569396682142505 -0.2902868777571596
    outer loop
      vertex 14.757745742797852 -0.9238786697387695 27.61731719970703
      vertex 27 -0.9807844161987305 27.804908752441406
      vertex 14.701677322387695 -0.9807844161987305 27.804908752441406
    endloop
  endfacet
  facet normal 0 -0.9569396682142506 -0.2902868777571596
    outer loop
      vertex 27 -0.9807844161987305 27.804908752441406
      vertex 14.757745742797852 -0.9238786697387695 27.61731719970703
      vertex 27 -0.9238786697387695 27.61731719970703
    endloop
  endfacet
  facet normal 0 -0.2902855263649851 -0.9569400781569365
    outer loop
      vertex 27 -0.38268280029296875 27.076120376586914
      vertex 14.966339111328125 -0.19509029388427734 27.019214630126953
      vertex 27 -0.19509029388427734 27.019214630126953
    endloop
  endfacet
  facet normal 0 -0.2902855263649851 -0.9569400781569365
    outer loop
      vertex 14.966339111328125 -0.19509029388427734 27.019214630126953
      vertex 27 -0.38268280029296875 27.076120376586914
      vertex 14.94786262512207 -0.38268280029296875 27.076120376586914
    endloop
  endfacet
  facet normal 1 0 0
    outer loop
      vertex 27 0.9807844161987305 28.195091247558594
      vertex 27 0.9807844161987305 27.804908752441406
      vertex 27 1 28
    endloop
  endfacet
  facet normal 1 0 0
    outer loop
      vertex 27 0.9238786697387695 28.38268280029297
      vertex 27 0.9807844161987305 27.804908752441406
      vertex 27 0.9807844161987305 28.195091247558594
    endloop
  endfacet
  facet normal 1 0 0
    outer loop
      vertex 27 0.9238786697387695 28.38268280029297
      vertex 27 0.9238786697387695 27.61731719970703
      vertex 27 0.9807844161987305 27.804908752441406
    endloop
  endfacet
  facet normal 1 0 0
    outer loop
      vertex 27 0.8314695358276367 28.55556869506836
      vertex 27 0.9238786697387695 27.61731719970703
      vertex 27 0.9238786697387695 28.38268280029297
    endloop
  endfacet
  facet normal 1 0 0
    outer loop
      vertex 27 0.8314695358276367 28.55556869506836
      vertex 27 0.8314695358276367 27.444429397583008
      vertex 27 0.9238786697387695 27.61731719970703
    endloop
  endfacet
  facet normal 1 0 0
    outer loop
      vertex 27 0.7071065902709961 28.707107543945312
      vertex 27 0.8314695358276367 27.444429397583008
      vertex 27 0.8314695358276367 28.55556869506836
    endloop
  endfacet
  facet normal 1 0 0
    outer loop
      vertex 27 0.7071065902709961 28.707107543945312
      vertex 27 0.7071065902709961 27.292892456054688
      vertex 27 0.8314695358276367 27.444429397583008
    endloop
  endfacet
  facet normal 1 0 0
    outer loop
      vertex 27 0.5555696487426758 28.831470489501953
      vertex 27 0.7071065902709961 27.292892456054688
      vertex 27 0.7071065902709961 28.707107543945312
    endloop
  endfacet
  facet normal 1 0 0
    outer loop
      vertex 27 0.5555696487426758 28.831470489501953
      vertex 27 0.5555696487426758 27.168529510498047
      vertex 27 0.7071065902709961 27.292892456054688
    endloop
  endfacet
  facet normal 1 0 0
    outer loop
      vertex 27 0.38268280029296875 28.923877716064453
      vertex 27 0.5555696487426758 27.168529510498047
      vertex 27 0.5555696487426758 28.831470489501953
    endloop
  endfacet
  facet normal 1 0 0
    outer loop
      vertex 27 0.38268280029296875 28.923877716064453
      vertex 27 0.38268280029296875 27.076120376586914
      vertex 27 0.5555696487426758 27.168529510498047
    endloop
  endfacet
  facet normal 1 0 0
    outer loop
      vertex 27 0.19509029388427734 28.980785369873047
      vertex 27 0.38268280029296875 27.076120376586914
      vertex 27 0.38268280029296875 28.923877716064453
    endloop
  endfacet
  facet normal 1 0 0
    outer loop
      vertex 27 0.19509029388427734 28.980785369873047
      vertex 27 0.19509029388427734 27.019214630126953
      vertex 27 0.38268280029296875 27.076120376586914
    endloop
  endfacet
  facet normal 1 0 0
    outer loop
      vertex 27 0 29
      vertex 27 0.19509029388427734 27.019214630126953
      vertex 27 0.19509029388427734 28.980785369873047
    endloop
  endfacet
  facet normal 1 0 0
    outer loop
      vertex 27 0 29
      vertex 27 0 27
      vertex 27 0.19509029388427734 27.019214630126953
    endloop
  endfacet
  facet normal 1 0 0
    outer loop
      vertex 27 -0.19509029388427734 28.980785369873047
      vertex 27 0 27
      vertex 27 0 29
    endloop
  endfacet
  facet normal 1 0 0
    outer loop
      vertex 27 -0.19509029388427734 28.980785369873047
      vertex 27 -0.19509029388427734 27.019214630126953
      vertex 27 0 27
    endloop
  endfacet
  facet normal 1 0 0
    outer loop
      vertex 27 -0.38268280029296875 28.923877716064453
      vertex 27 -0.19509029388427734 27.019214630126953
      vertex 27 -0.19509029388427734 28.980785369873047
    endloop
  endfacet
  facet normal 1 0 0
    outer loop
      vertex 27 -0.38268280029296875 28.923877716064453
      vertex 27 -0.38268280029296875 27.076120376586914
      vertex 27 -0.19509029388427734 27.019214630126953
    endloop
  endfacet
  facet normal 1 0 0
    outer loop
      vertex 27 -0.5555696487426758 28.831470489501953
      vertex 27 -0.38268280029296875 27.076120376586914
      vertex 27 -0.38268280029296875 28.923877716064453
    endloop
  endfacet
  facet normal 1 0 0
    outer loop
      vertex 27 -0.5555696487426758 28.831470489501953
      vertex 27 -0.5555696487426758 27.168529510498047
      vertex 27 -0.38268280029296875 27.076120376586914
    endloop
  endfacet
  facet normal 1 0 0
    outer loop
      vertex 27 -0.7071065902709961 28.707107543945312
      vertex 27 -0.5555696487426758 27.168529510498047
      vertex 27 -0.5555696487426758 28.831470489501953
    endloop
  endfacet
  facet normal 1 0 0
    outer loop
      vertex 27 -0.7071065902709961 28.707107543945312
      vertex 27 -0.7071065902709961 27.292892456054688
      vertex 27 -0.5555696487426758 27.168529510498047
    endloop
  endfacet
  facet normal 1 0 0
    outer loop
      vertex 27 -0.8314695358276367 28.55556869506836
      vertex 27 -0.7071065902709961 27.292892456054688
      vertex 27 -0.7071065902709961 28.707107543945312
    endloop
  endfacet
  facet normal 1 0 0
    outer loop
      vertex 27 -0.8314695358276367 28.55556869506836
      vertex 27 -0.8314695358276367 27.444429397583008
      vertex 27 -0.7071065902709961 27.292892456054688
    endloop
  endfacet
  facet normal 1 0 0
    outer loop
      vertex 27 -0.9238786697387695 28.38268280029297
      vertex 27 -0.8314695358276367 27.444429397583008
      vertex 27 -0.8314695358276367 28.55556869506836
    endloop
  endfacet
  facet normal 1 0 0
    outer loop
      vertex 27 -0.9238786697387695 28.38268280029297
      vertex 27 -0.9238786697387695 27.61731719970703
      vertex 27 -0.8314695358276367 27.444429397583008
    endloop
  endfacet
  facet normal 1 0 0
    outer loop
      vertex 27 -0.9807844161987305 28.195091247558594
      vertex 27 -0.9238786697387695 27.61731719970703
      vertex 27 -0.9238786697387695 28.38268280029297
    endloop
  endfacet
  facet normal 1 0 0
    outer loop
      vertex 27 -0.9807844161987305 28.195091247558594
      vertex 27 -0.9807844161987305 27.804908752441406
      vertex 27 -0.9238786697387695 27.61731719970703
    endloop
  endfacet
  facet normal 1 0 0
    outer loop
      vertex 27 -0.9807844161987305 27.804908752441406
      vertex 27 -0.9807844161987305 28.195091247558594
      vertex 27 -1 28
    endloop
  endfacet
  facet normal 0 0.29029443614513983 0.9569373753507463
    outer loop
      vertex 14.260641098022461 0.38268280029296875 28.923877716064453
      vertex 27 0.19509029388427734 28.980785369873047
      vertex 27 0.38268280029296875 28.923877716064453
    endloop
  endfacet
  facet normal 0 0.2902944361451399 0.9569373753507464
    outer loop
      vertex 27 0.19509029388427734 28.980785369873047
      vertex 14.260641098022461 0.38268280029296875 28.923877716064453
      vertex 14.222211837768555 0.19509029388427734 28.980785369873047
    endloop
  endfacet
  facet normal 0 0.9569396682142506 0.29028687775715967
    outer loop
      vertex 14.548365592956543 0.9807844161987305 28.195091247558594
      vertex 27 0.9238786697387695 28.38268280029297
      vertex 27 0.9807844161987305 28.195091247558594
    endloop
  endfacet
  facet normal 0 0.9569396682142506 0.29028687775715967
    outer loop
      vertex 27 0.9238786697387695 28.38268280029297
      vertex 14.548365592956543 0.9807844161987305 28.195091247558594
      vertex 14.484818458557129 0.9238786697387695 28.38268280029297
    endloop
  endfacet
  facet normal 0 0.7730136051452481 0.6343894436860897
    outer loop
      vertex 27 0.7071065902709961 28.707107543945312
      vertex 14.374817848205566 0.7832179665565491 28.614364624023438
      vertex 14.333460807800293 0.7071065902709961 28.707107543945312
    endloop
  endfacet
  facet normal 0 0.773014890337251 0.634387877656003
    outer loop
      vertex 14.401036262512207 0.8314695358276367 28.55556869506836
      vertex 27 0.7071065902709961 28.707107543945312
      vertex 27 0.8314695358276367 28.55556869506836
    endloop
  endfacet
  facet normal 4.945681568443823e-8 0.7730169067474552 0.6343854206100528
    outer loop
      vertex 27 0.7071065902709961 28.707107543945312
      vertex 14.401036262512207 0.8314695358276367 28.55556869506836
      vertex 14.374817848205566 0.7832179665565491 28.614364624023438
    endloop
  endfacet
  facet normal -0.2902847541462747 0 -0.9569403124073291
    outer loop
      vertex 12.321215629577637 -2 -1.4671564102172852
      vertex 13.634366989135742 2 -1.8654966354370117
      vertex 13.634366989135742 -2 -1.8654966354370117
    endloop
  endfacet
  facet normal -0.2902847541462747 0 -0.9569403124073291
    outer loop
      vertex 13.634366989135742 2 -1.8654966354370117
      vertex 12.321215629577637 -2 -1.4671564102172852
      vertex 12.321215629577637 2 -1.4671564102172852
    endloop
  endfacet
  facet normal 0.9569399262982632 0 0.2902860269738704
    outer loop
      vertex 21.46715545654297 -2 7.678783416748047
      vertex 21.865497589111328 2 6.365632057189941
      vertex 21.46715545654297 2 7.678783416748047
    endloop
  endfacet
  facet normal 0.9569399262982632 0 0.2902860269738704
    outer loop
      vertex 21.865497589111328 2 6.365632057189941
      vertex 21.46715545654297 -2 7.678783416748047
      vertex 21.865497589111328 -2 6.365632057189941
    endloop
  endfacet
  facet normal 0.9951847764897267 0 -0.09801663452237483
    outer loop
      vertex 22 -2 5
      vertex 21.865497589111328 2 3.634366989135742
      vertex 22 2 5
    endloop
  endfacet
  facet normal 0.9951847764897267 0 -0.09801663452237483
    outer loop
      vertex 21.865497589111328 2 3.634366989135742
      vertex 22 -2 5
      vertex 21.865497589111328 -2 3.634366989135742
    endloop
  endfacet
  facet normal 0.7730108171786177 0 -0.634392840852453
    outer loop
      vertex 20.82028579711914 -2 1.1110076904296875
      vertex 19.94974708557129 2 0.05025196075439453
      vertex 20.82028579711914 2 1.1110076904296875
    endloop
  endfacet
  facet normal 0.7730108171786177 0 -0.634392840852453
    outer loop
      vertex 19.94974708557129 2 0.05025196075439453
      vertex 20.82028579711914 -2 1.1110076904296875
      vertex 19.94974708557129 -2 0.05025196075439453
    endloop
  endfacet
  facet normal 0.09801745840500278 0 0.9951846953444489
    outer loop
      vertex 15 2 12
      vertex 16.365631103515625 -2 11.865496635437012
      vertex 16.365631103515625 2 11.865496635437012
    endloop
  endfacet
  facet normal 0.09801745840500278 0 0.9951846953444489
    outer loop
      vertex 16.365631103515625 -2 11.865496635437012
      vertex 15 2 12
      vertex 15 -2 12
    endloop
  endfacet
  facet normal -0.8819212524925384 0 0.4713967590066698
    outer loop
      vertex 8.532842636108398 -2 7.678783416748047
      vertex 9.179712295532227 2 8.888991355895996
      vertex 8.532842636108398 2 7.678783416748047
    endloop
  endfacet
  facet normal -0.8819212524925384 0 0.4713967590066698
    outer loop
      vertex 9.179712295532227 2 8.888991355895996
      vertex 8.532842636108398 -2 7.678783416748047
      vertex 9.179712295532227 -2 8.888991355895996
    endloop
  endfacet
  facet normal 0.9951847698129042 0 0.09801670231362045
    outer loop
      vertex 21.865497589111328 -2 6.365632057189941
      vertex 22 2 5
      vertex 21.865497589111328 2 6.365632057189941
    endloop
  endfacet
  facet normal 0.9951847698129042 0 0.09801670231362045
    outer loop
      vertex 22 2 5
      vertex 21.865497589111328 -2 6.365632057189941
      vertex 22 -2 5
    endloop
  endfacet
  facet normal 0.6343935969440057 0 0.7730101966704234
    outer loop
      vertex 18.888992309570312 2 10.820286750793457
      vertex 19.94974708557129 -2 9.949747085571289
      vertex 19.94974708557129 2 9.949747085571289
    endloop
  endfacet
  facet normal 0.6343935969440057 0 0.7730101966704234
    outer loop
      vertex 19.94974708557129 -2 9.949747085571289
      vertex 18.888992309570312 2 10.820286750793457
      vertex 18.888992309570312 -2 10.820286750793457
    endloop
  endfacet
  facet normal 0.9569399262982632 0 -0.2902860269738704
    outer loop
      vertex 21.865497589111328 -2 3.634366989135742
      vertex 21.46715545654297 2 2.3212156295776367
      vertex 21.865497589111328 2 3.634366989135742
    endloop
  endfacet
  facet normal 0.9569399262982632 0 -0.2902860269738704
    outer loop
      vertex 21.46715545654297 2 2.3212156295776367
      vertex 21.865497589111328 -2 3.634366989135742
      vertex 21.46715545654297 -2 2.3212156295776367
    endloop
  endfacet
  facet normal 0.09801745840500278 0 -0.9951846953444489
    outer loop
      vertex 15 -2 -2
      vertex 16.365631103515625 2 -1.8654966354370117
      vertex 16.365631103515625 -2 -1.8654966354370117
    endloop
  endfacet
  facet normal 0.09801745840500278 0 -0.9951846953444489
    outer loop
      vertex 16.365631103515625 2 -1.8654966354370117
      vertex 15 -2 -2
      vertex 15 2 -2
    endloop
  endfacet
  facet normal 0.7730108171786177 0 0.634392840852453
    outer loop
      vertex 19.94974708557129 -2 9.949747085571289
      vertex 20.82028579711914 2 8.888991355895996
      vertex 19.94974708557129 2 9.949747085571289
    endloop
  endfacet
  facet normal 0.7730108171786177 0 0.634392840852453
    outer loop
      vertex 20.82028579711914 2 8.888991355895996
      vertex 19.94974708557129 -2 9.949747085571289
      vertex 20.82028579711914 -2 8.888991355895996
    endloop
  endfacet
  facet normal 0 1 0
    outer loop
      vertex 22 2 5
      vertex 15 2 6
      vertex 21.865497589111328 2 6.365632057189941
    endloop
  endfacet
  facet normal 0 1 0
    outer loop
      vertex 22 2 5
      vertex 15 2 4
      vertex 15 2 6
    endloop
  endfacet
  facet normal 0 1 0
    outer loop
      vertex 21.865497589111328 2 3.634366989135742
      vertex 15 2 4
      vertex 22 2 5
    endloop
  endfacet
  facet normal 0 1 0
    outer loop
      vertex 21.46715545654297 2 2.3212156295776367
      vertex 15 2 4
      vertex 21.865497589111328 2 3.634366989135742
    endloop
  endfacet
  facet normal 0 1 0
    outer loop
      vertex 20.82028579711914 2 1.1110076904296875
      vertex 15 2 4
      vertex 21.46715545654297 2 2.3212156295776367
    endloop
  endfacet
  facet normal 0 1 0
    outer loop
      vertex 15 2 4
      vertex 14.721288681030273 2 2.3255701065063477
      vertex 14.426041603088379 2 4
    endloop
  endfacet
  facet normal 0 1 0
    outer loop
      vertex 15 2 4
      vertex 20.82028579711914 2 1.1110076904296875
      vertex 14.721288681030273 2 2.3255701065063477
    endloop
  endfacet
  facet normal 0 1 0
    outer loop
      vertex 19.94974708557129 2 0.05025196075439453
      vertex 14.721288681030273 2 2.3255701065063477
      vertex 20.82028579711914 2 1.1110076904296875
    endloop
  endfacet
  facet normal 0 1 0
    outer loop
      vertex 15 2 6
      vertex 15 2 12
      vertex 16.365631103515625 2 11.865496635437012
    endloop
  endfacet
  facet normal 0 1 0
    outer loop
      vertex 15 2 12
      vertex 15 2 6
      vertex 13.634366989135742 2 11.865496635437012
    endloop
  endfacet
  facet normal 0 1 0
    outer loop
      vertex 15 2 6
      vertex 16.365631103515625 2 11.865496635437012
      vertex 17.678783416748047 2 11.467156410217285
    endloop
  endfacet
  facet normal 0 1 0
    outer loop
      vertex 15 2 6
      vertex 17.678783416748047 2 11.467156410217285
      vertex 18.888992309570312 2 10.820286750793457
    endloop
  endfacet
  facet normal 0 1 0
    outer loop
      vertex 15 2 6
      vertex 18.888992309570312 2 10.820286750793457
      vertex 19.94974708557129 2 9.949747085571289
    endloop
  endfacet
  facet normal 0 1 0
    outer loop
      vertex 15 2 6
      vertex 19.94974708557129 2 9.949747085571289
      vertex 20.82028579711914 2 8.888991355895996
    endloop
  endfacet
  facet normal 0 1 0
    outer loop
      vertex 15 2 6
      vertex 20.82028579711914 2 8.888991355895996
      vertex 21.46715545654297 2 7.678783416748047
    endloop
  endfacet
  facet normal 0 1 0
    outer loop
      vertex 15 2 6
      vertex 21.46715545654297 2 7.678783416748047
      vertex 21.865497589111328 2 6.365632057189941
    endloop
  endfacet
  facet normal 0 1 0
    outer loop
      vertex 14.073387145996094 2 6
      vertex 13.634366989135742 2 11.865496635437012
      vertex 15 2 6
    endloop
  endfacet
  facet normal 0 1 0
    outer loop
      vertex 13.634366989135742 2 11.865496635437012
      vertex 14.073387145996094 2 6
      vertex 13.069363594055176 2 11.694104194641113
    endloop
  endfacet
  facet normal 0 1 0
    outer loop
      vertex 12.395188331604004 2 4
      vertex 8.134502410888672 2 3.634366989135742
      vertex 8.098490715026855 2 4
    endloop
  endfacet
  facet normal 0 1 0
    outer loop
      vertex 12.395188331604004 2 4
      vertex 8.532842636108398 2 2.3212156295776367
      vertex 8.134502410888672 2 3.634366989135742
    endloop
  endfacet
  facet normal 0 1 0
    outer loop
      vertex 9.179712295532227 2 1.1110076904296875
      vertex 12.395188331604004 2 4
      vertex 12.751673698425293 2 1.9782733917236328
    endloop
  endfacet
  facet normal 0 1 0
    outer loop
      vertex 18.888992309570312 2 -0.820286750793457
      vertex 14.721288681030273 2 2.3255701065063477
      vertex 19.94974708557129 2 0.05025196075439453
    endloop
  endfacet
  facet normal 0 1 0
    outer loop
      vertex 12.395188331604004 2 4
      vertex 9.179712295532227 2 1.1110076904296875
      vertex 8.532842636108398 2 2.3212156295776367
    endloop
  endfacet
  facet normal 0 1 0
    outer loop
      vertex 17.678783416748047 2 -1.4671564102172852
      vertex 14.721288681030273 2 2.3255701065063477
      vertex 18.888992309570312 2 -0.820286750793457
    endloop
  endfacet
  facet normal 0 1 0
    outer loop
      vertex 12.751673698425293 2 1.9782733917236328
      vertex 10.050251960754395 2 0.05025196075439453
      vertex 9.179712295532227 2 1.1110076904296875
    endloop
  endfacet
  facet normal 0 1 0
    outer loop
      vertex 16.365631103515625 2 -1.8654966354370117
      vertex 14.721288681030273 2 2.3255701065063477
      vertex 17.678783416748047 2 -1.4671564102172852
    endloop
  endfacet
  facet normal 0 1 0
    outer loop
      vertex 12.751673698425293 2 1.9782733917236328
      vertex 11.111007690429688 2 -0.820286750793457
      vertex 10.050251960754395 2 0.05025196075439453
    endloop
  endfacet
  facet normal 0 1 0
    outer loop
      vertex 15 2 -2
      vertex 14.721288681030273 2 2.3255701065063477
      vertex 16.365631103515625 2 -1.8654966354370117
    endloop
  endfacet
  facet normal 0 1 0
    outer loop
      vertex 12.751673698425293 2 1.9782733917236328
      vertex 12.321215629577637 2 -1.4671564102172852
      vertex 11.111007690429688 2 -0.820286750793457
    endloop
  endfacet
  facet normal 0 1 0
    outer loop
      vertex 13.634366989135742 2 -1.8654966354370117
      vertex 14.721288681030273 2 2.3255701065063477
      vertex 15 2 -2
    endloop
  endfacet
  facet normal 0 1 0
    outer loop
      vertex 12.751673698425293 2 1.9782733917236328
      vertex 13.634366989135742 2 -1.8654966354370117
      vertex 12.321215629577637 2 -1.4671564102172852
    endloop
  endfacet
  facet normal 0 1 0
    outer loop
      vertex 14.721288681030273 2 2.3255701065063477
      vertex 13.634366989135742 2 -1.8654966354370117
      vertex 12.751673698425293 2 1.9782733917236328
    endloop
  endfacet
  facet normal 0 1 0
    outer loop
      vertex 12.042534828186035 2 6
      vertex 11.111007690429688 2 10.820286750793457
      vertex 11.185562133789062 2 10.860136985778809
    endloop
  endfacet
  facet normal 0 1 0
    outer loop
      vertex 11.111007690429688 2 10.820286750793457
      vertex 12.042534828186035 2 6
      vertex 10.050251960754395 2 9.949747085571289
    endloop
  endfacet
  facet normal 0 1 0
    outer loop
      vertex 10.050251960754395 2 9.949747085571289
      vertex 12.042534828186035 2 6
      vertex 9.179712295532227 2 8.888991355895996
    endloop
  endfacet
  facet normal 0 1 0
    outer loop
      vertex 9.179712295532227 2 8.888991355895996
      vertex 12.042534828186035 2 6
      vertex 8.532842636108398 2 7.678783416748047
    endloop
  endfacet
  facet normal 0 1 0
    outer loop
      vertex 8.532842636108398 2 7.678783416748047
      vertex 12.042534828186035 2 6
      vertex 8.134502410888672 2 6.365632057189941
    endloop
  endfacet
  facet normal 0 1 0
    outer loop
      vertex 8.134502410888672 2 6.365632057189941
      vertex 12.042534828186035 2 6
      vertex 8.098490715026855 2 6
    endloop
  endfacet
  facet normal -0.6343932561325593 0 0.7730104763672541
    outer loop
      vertex 10.050251960754395 2 9.949747085571289
      vertex 11.111007690429688 -2 10.820286750793457
      vertex 11.111007690429688 2 10.820286750793457
    endloop
  endfacet
  facet normal -0.6343932561325593 0 0.7730104763672541
    outer loop
      vertex 11.111007690429688 -2 10.820286750793457
      vertex 10.050251960754395 2 9.949747085571289
      vertex 10.050251960754395 -2 9.949747085571289
    endloop
  endfacet
  facet normal -0.7730104763672541 0 0.6343932561325593
    outer loop
      vertex 9.179712295532227 -2 8.888991355895996
      vertex 10.050251960754395 2 9.949747085571289
      vertex 9.179712295532227 2 8.888991355895996
    endloop
  endfacet
  facet normal -0.7730104763672541 0 0.6343932561325593
    outer loop
      vertex 10.050251960754395 2 9.949747085571289
      vertex 9.179712295532227 -2 8.888991355895996
      vertex 10.050251960754395 -2 9.949747085571289
    endloop
  endfacet
  facet normal 0.2902845610922095 0 0.9569403709696352
    outer loop
      vertex 16.365631103515625 2 11.865496635437012
      vertex 17.678783416748047 -2 11.467156410217285
      vertex 17.678783416748047 2 11.467156410217285
    endloop
  endfacet
  facet normal 0.2902845610922095 0 0.9569403709696352
    outer loop
      vertex 17.678783416748047 -2 11.467156410217285
      vertex 16.365631103515625 2 11.865496635437012
      vertex 16.365631103515625 -2 11.865496635437012
    endloop
  endfacet
  facet normal -0.4713967590066698 0 -0.8819212524925384
    outer loop
      vertex 11.111007690429688 -2 -0.820286750793457
      vertex 12.321215629577637 2 -1.4671564102172852
      vertex 12.321215629577637 -2 -1.4671564102172852
    endloop
  endfacet
  facet normal -0.4713967590066698 0 -0.8819212524925384
    outer loop
      vertex 12.321215629577637 2 -1.4671564102172852
      vertex 11.111007690429688 -2 -0.820286750793457
      vertex 11.111007690429688 2 -0.820286750793457
    endloop
  endfacet
  facet normal 0.8819212524925384 0 0.4713967590066698
    outer loop
      vertex 20.82028579711914 -2 8.888991355895996
      vertex 21.46715545654297 2 7.678783416748047
      vertex 20.82028579711914 2 8.888991355895996
    endloop
  endfacet
  facet normal 0.8819212524925384 0 0.4713967590066698
    outer loop
      vertex 21.46715545654297 2 7.678783416748047
      vertex 20.82028579711914 -2 8.888991355895996
      vertex 21.46715545654297 -2 7.678783416748047
    endloop
  endfacet
  facet normal -0.634392840852453 0 -0.7730108171786177
    outer loop
      vertex 10.050251960754395 -2 0.05025196075439453
      vertex 11.111007690429688 2 -0.820286750793457
      vertex 11.111007690429688 -2 -0.820286750793457
    endloop
  endfacet
  facet normal -0.634392840852453 0 -0.7730108171786177
    outer loop
      vertex 11.111007690429688 2 -0.820286750793457
      vertex 10.050251960754395 -2 0.05025196075439453
      vertex 10.050251960754395 2 0.05025196075439453
    endloop
  endfacet
  facet normal 0 -1 0
    outer loop
      vertex 8.134502410888672 -2 3.634366989135742
      vertex 12.395188331604004 -2 4
      vertex 8.098490715026855 -2 4
    endloop
  endfacet
  facet normal 0 -1 0
    outer loop
      vertex 8.532842636108398 -2 2.3212156295776367
      vertex 12.395188331604004 -2 4
      vertex 8.134502410888672 -2 3.634366989135742
    endloop
  endfacet
  facet normal 0 -1 0
    outer loop
      vertex 9.179712295532227 -2 1.1110076904296875
      vertex 12.395188331604004 -2 4
      vertex 8.532842636108398 -2 2.3212156295776367
    endloop
  endfacet
  facet normal 0 -1 0
    outer loop
      vertex 12.395188331604004 -2 4
      vertex 9.179712295532227 -2 1.1110076904296875
      vertex 12.751673698425293 -2 1.9782733917236328
    endloop
  endfacet
  facet normal 0 -1 0
    outer loop
      vertex 14.721288681030273 -2 2.3255701065063477
      vertex 15 -2 4
      vertex 14.426041603088379 -2 4
    endloop
  endfacet
  facet normal 0 -1 0
    outer loop
      vertex 20.82028579711914 -2 1.1110076904296875
      vertex 15 -2 4
      vertex 14.721288681030273 -2 2.3255701065063477
    endloop
  endfacet
  facet normal 0 -1 0
    outer loop
      vertex 15 -2 4
      vertex 21.46715545654297 -2 2.3212156295776367
      vertex 21.865497589111328 -2 3.634366989135742
    endloop
  endfacet
  facet normal 0 -1 0
    outer loop
      vertex 13.634366989135742 -2 -1.8654966354370117
      vertex 14.721288681030273 -2 2.3255701065063477
      vertex 12.751673698425293 -2 1.9782733917236328
    endloop
  endfacet
  facet normal 0 -1 0
    outer loop
      vertex 10.050251960754395 -2 0.05025196075439453
      vertex 12.751673698425293 -2 1.9782733917236328
      vertex 9.179712295532227 -2 1.1110076904296875
    endloop
  endfacet
  facet normal 0 -1 0
    outer loop
      vertex 15 -2 4
      vertex 20.82028579711914 -2 1.1110076904296875
      vertex 21.46715545654297 -2 2.3212156295776367
    endloop
  endfacet
  facet normal 0 -1 0
    outer loop
      vertex 11.111007690429688 -2 -0.820286750793457
      vertex 12.751673698425293 -2 1.9782733917236328
      vertex 10.050251960754395 -2 0.05025196075439453
    endloop
  endfacet
  facet normal 0 -1 0
    outer loop
      vertex 14.721288681030273 -2 2.3255701065063477
      vertex 19.94974708557129 -2 0.05025196075439453
      vertex 20.82028579711914 -2 1.1110076904296875
    endloop
  endfacet
  facet normal 0 -1 0
    outer loop
      vertex 12.321215629577637 -2 -1.4671564102172852
      vertex 12.751673698425293 -2 1.9782733917236328
      vertex 11.111007690429688 -2 -0.820286750793457
    endloop
  endfacet
  facet normal 0 -1 0
    outer loop
      vertex 14.721288681030273 -2 2.3255701065063477
      vertex 18.888992309570312 -2 -0.820286750793457
      vertex 19.94974708557129 -2 0.05025196075439453
    endloop
  endfacet
  facet normal 0 -1 0
    outer loop
      vertex 13.634366989135742 -2 -1.8654966354370117
      vertex 12.751673698425293 -2 1.9782733917236328
      vertex 12.321215629577637 -2 -1.4671564102172852
    endloop
  endfacet
  facet normal 0 -1 0
    outer loop
      vertex 14.721288681030273 -2 2.3255701065063477
      vertex 17.678783416748047 -2 -1.4671564102172852
      vertex 18.888992309570312 -2 -0.820286750793457
    endloop
  endfacet
  facet normal 0 -1 0
    outer loop
      vertex 14.721288681030273 -2 2.3255701065063477
      vertex 13.634366989135742 -2 -1.8654966354370117
      vertex 15 -2 -2
    endloop
  endfacet
  facet normal 0 -1 0
    outer loop
      vertex 14.721288681030273 -2 2.3255701065063477
      vertex 16.365631103515625 -2 -1.8654966354370117
      vertex 17.678783416748047 -2 -1.4671564102172852
    endloop
  endfacet
  facet normal 0 -1 0
    outer loop
      vertex 14.721288681030273 -2 2.3255701065063477
      vertex 15 -2 -2
      vertex 16.365631103515625 -2 -1.8654966354370117
    endloop
  endfacet
  facet normal 0 -1 0
    outer loop
      vertex 15 -2 6
      vertex 15 -2 12
      vertex 13.634366989135742 -2 11.865496635437012
    endloop
  endfacet
  facet normal 0 -1 0
    outer loop
      vertex 14.073387145996094 -2 6
      vertex 13.634366989135742 -2 11.865496635437012
      vertex 13.069363594055176 -2 11.694104194641113
    endloop
  endfacet
  facet normal 0 -1 0
    outer loop
      vertex 15 -2 12
      vertex 15 -2 6
      vertex 16.365631103515625 -2 11.865496635437012
    endloop
  endfacet
  facet normal 0 -1 0
    outer loop
      vertex 16.365631103515625 -2 11.865496635437012
      vertex 15 -2 6
      vertex 17.678783416748047 -2 11.467156410217285
    endloop
  endfacet
  facet normal 0 -1 0
    outer loop
      vertex 17.678783416748047 -2 11.467156410217285
      vertex 15 -2 6
      vertex 18.888992309570312 -2 10.820286750793457
    endloop
  endfacet
  facet normal 0 -1 0
    outer loop
      vertex 18.888992309570312 -2 10.820286750793457
      vertex 15 -2 6
      vertex 19.94974708557129 -2 9.949747085571289
    endloop
  endfacet
  facet normal 0 -1 0
    outer loop
      vertex 19.94974708557129 -2 9.949747085571289
      vertex 15 -2 6
      vertex 20.82028579711914 -2 8.888991355895996
    endloop
  endfacet
  facet normal 0 -1 0
    outer loop
      vertex 20.82028579711914 -2 8.888991355895996
      vertex 15 -2 6
      vertex 21.46715545654297 -2 7.678783416748047
    endloop
  endfacet
  facet normal 0 -1 0
    outer loop
      vertex 13.634366989135742 -2 11.865496635437012
      vertex 14.073387145996094 -2 6
      vertex 15 -2 6
    endloop
  endfacet
  facet normal 0 -1 0
    outer loop
      vertex 21.46715545654297 -2 7.678783416748047
      vertex 15 -2 6
      vertex 21.865497589111328 -2 6.365632057189941
    endloop
  endfacet
  facet normal 0 -1 0
    outer loop
      vertex 15 -2 6
      vertex 22 -2 5
      vertex 21.865497589111328 -2 6.365632057189941
    endloop
  endfacet
  facet normal 0 -1 0
    outer loop
      vertex 15 -2 4
      vertex 22 -2 5
      vertex 15 -2 6
    endloop
  endfacet
  facet normal 0 -1 0
    outer loop
      vertex 22 -2 5
      vertex 15 -2 4
      vertex 21.865497589111328 -2 3.634366989135742
    endloop
  endfacet
  facet normal 0 -1 0
    outer loop
      vertex 12.042534828186035 -2 6
      vertex 11.111007690429688 -2 10.820286750793457
      vertex 10.050251960754395 -2 9.949747085571289
    endloop
  endfacet
  facet normal 0 -1 0
    outer loop
      vertex 12.042534828186035 -2 6
      vertex 10.050251960754395 -2 9.949747085571289
      vertex 9.179712295532227 -2 8.888991355895996
    endloop
  endfacet
  facet normal 0 -1 0
    outer loop
      vertex 12.042534828186035 -2 6
      vertex 9.179712295532227 -2 8.888991355895996
      vertex 8.532842636108398 -2 7.678783416748047
    endloop
  endfacet
  facet normal 0 -1 0
    outer loop
      vertex 12.042534828186035 -2 6
      vertex 8.532842636108398 -2 7.678783416748047
      vertex 8.134502410888672 -2 6.365632057189941
    endloop
  endfacet
  facet normal 0 -1 0
    outer loop
      vertex 12.042534828186035 -2 6
      vertex 8.134502410888672 -2 6.365632057189941
      vertex 8.098490715026855 -2 6
    endloop
  endfacet
  facet normal 0 -1 0
    outer loop
      vertex 11.111007690429688 -2 10.820286750793457
      vertex 12.042534828186035 -2 6
      vertex 11.185562133789062 -2 10.860136985778809
    endloop
  endfacet
  facet normal 0.8819212524925384 0 -0.4713967590066698
    outer loop
      vertex 21.46715545654297 -2 2.3212156295776367
      vertex 20.82028579711914 2 1.1110076904296875
      vertex 21.46715545654297 2 2.3212156295776367
    endloop
  endfacet
  facet normal 0.8819212524925384 0 -0.4713967590066698
    outer loop
      vertex 20.82028579711914 2 1.1110076904296875
      vertex 21.46715545654297 -2 2.3212156295776367
      vertex 20.82028579711914 -2 1.1110076904296875
    endloop
  endfacet
  facet normal 0.4713964700810391 0 -0.8819214069264539
    outer loop
      vertex 17.678783416748047 -2 -1.4671564102172852
      vertex 18.888992309570312 2 -0.820286750793457
      vertex 18.888992309570312 -2 -0.820286750793457
    endloop
  endfacet
  facet normal 0.4713964700810391 0 -0.8819214069264539
    outer loop
      vertex 18.888992309570312 2 -0.820286750793457
      vertex 17.678783416748047 -2 -1.4671564102172852
      vertex 17.678783416748047 2 -1.4671564102172852
    endloop
  endfacet
  facet normal -0.9569403124073291 0 0.2902847541462747
    outer loop
      vertex 8.134502410888672 -2 6.365632057189941
      vertex 8.532842636108398 2 7.678783416748047
      vertex 8.134502410888672 2 6.365632057189941
    endloop
  endfacet
  facet normal -0.9569403124073291 0 0.2902847541462747
    outer loop
      vertex 8.532842636108398 2 7.678783416748047
      vertex 8.134502410888672 -2 6.365632057189941
      vertex 8.532842636108398 -2 7.678783416748047
    endloop
  endfacet
  facet normal -0.9951847050506676 0 0.09801735985638303
    outer loop
      vertex 8.098490715026855 -2 6
      vertex 8.134502410888672 2 6.365632057189941
      vertex 8.098490715026855 2 6
    endloop
  endfacet
  facet normal -0.9951847050506676 0 0.09801735985638303
    outer loop
      vertex 8.134502410888672 2 6.365632057189941
      vertex 8.098490715026855 -2 6
      vertex 8.134502410888672 -2 6.365632057189941
    endloop
  endfacet
  facet normal -0.09801732282148462 0 0.9951847086982943
    outer loop
      vertex 13.634366989135742 2 11.865496635437012
      vertex 15 -2 12
      vertex 15 2 12
    endloop
  endfacet
  facet normal -0.09801732282148462 0 0.9951847086982943
    outer loop
      vertex 15 -2 12
      vertex 13.634366989135742 2 11.865496635437012
      vertex 13.634366989135742 -2 11.865496635437012
    endloop
  endfacet
  facet normal 0.2902845610922095 0 -0.9569403709696352
    outer loop
      vertex 16.365631103515625 -2 -1.8654966354370117
      vertex 17.678783416748047 2 -1.4671564102172852
      vertex 17.678783416748047 -2 -1.4671564102172852
    endloop
  endfacet
  facet normal 0.2902845610922095 0 -0.9569403709696352
    outer loop
      vertex 17.678783416748047 2 -1.4671564102172852
      vertex 16.365631103515625 -2 -1.8654966354370117
      vertex 16.365631103515625 2 -1.8654966354370117
    endloop
  endfacet
  facet normal -0.7730104763672541 0 -0.6343932561325593
    outer loop
      vertex 10.050251960754395 -2 0.05025196075439453
      vertex 9.179712295532227 2 1.1110076904296875
      vertex 10.050251960754395 2 0.05025196075439453
    endloop
  endfacet
  facet normal -0.7730104763672541 0 -0.6343932561325593
    outer loop
      vertex 9.179712295532227 2 1.1110076904296875
      vertex 10.050251960754395 -2 0.05025196075439453
      vertex 9.179712295532227 -2 1.1110076904296875
    endloop
  endfacet
  facet normal 0.4713964700810391 0 0.8819214069264539
    outer loop
      vertex 17.678783416748047 2 11.467156410217285
      vertex 18.888992309570312 -2 10.820286750793457
      vertex 18.888992309570312 2 10.820286750793457
    endloop
  endfacet
  facet normal 0.4713964700810391 0 0.8819214069264539
    outer loop
      vertex 18.888992309570312 -2 10.820286750793457
      vertex 17.678783416748047 2 11.467156410217285
      vertex 17.678783416748047 -2 11.467156410217285
    endloop
  endfacet
  facet normal -0.9569403124073291 0 -0.2902847541462747
    outer loop
      vertex 8.532842636108398 -2 2.3212156295776367
      vertex 8.134502410888672 2 3.634366989135742
      vertex 8.532842636108398 2 2.3212156295776367
    endloop
  endfacet
  facet normal -0.9569403124073291 0 -0.2902847541462747
    outer loop
      vertex 8.134502410888672 2 3.634366989135742
      vertex 8.532842636108398 -2 2.3212156295776367
      vertex 8.134502410888672 -2 3.634366989135742
    endloop
  endfacet
  facet normal 0.6343931816639766 0 -0.7730105374820297
    outer loop
      vertex 18.888992309570312 -2 -0.820286750793457
      vertex 19.94974708557129 2 0.05025196075439453
      vertex 19.94974708557129 -2 0.05025196075439453
    endloop
  endfacet
  facet normal 0.6343931816639766 0 -0.7730105374820297
    outer loop
      vertex 19.94974708557129 2 0.05025196075439453
      vertex 18.888992309570312 -2 -0.820286750793457
      vertex 18.888992309570312 2 -0.820286750793457
    endloop
  endfacet
  facet normal -0.9951847299887946 0 -0.09801710665557331
    outer loop
      vertex 8.134502410888672 -2 3.634366989135742
      vertex 8.098490715026855 2 4
      vertex 8.134502410888672 2 3.634366989135742
    endloop
  endfacet
  facet normal -0.9951847299887946 0 -0.09801710665557331
    outer loop
      vertex 8.098490715026855 2 4
      vertex 8.134502410888672 -2 3.634366989135742
      vertex 8.098490715026855 -2 4
    endloop
  endfacet
  facet normal -0.8819212524925384 0 -0.4713967590066698
    outer loop
      vertex 9.179712295532227 -2 1.1110076904296875
      vertex 8.532842636108398 2 2.3212156295776367
      vertex 9.179712295532227 2 1.1110076904296875
    endloop
  endfacet
  facet normal -0.8819212524925384 0 -0.4713967590066698
    outer loop
      vertex 8.532842636108398 2 2.3212156295776367
      vertex 9.179712295532227 -2 1.1110076904296875
      vertex 8.532842636108398 -2 2.3212156295776367
    endloop
  endfacet
  facet normal -0.2902855065135553 0 0.9569400841788208
    outer loop
      vertex 13.069363594055176 2 11.694104194641113
      vertex 13.634366989135742 -2 11.865496635437012
      vertex 13.634366989135742 2 11.865496635437012
    endloop
  endfacet
  facet normal -0.2902855065135553 0 0.9569400841788208
    outer loop
      vertex 13.634366989135742 -2 11.865496635437012
      vertex 13.069363594055176 2 11.694104194641113
      vertex 13.069363594055176 -2 11.694104194641113
    endloop
  endfacet
  facet normal -0.47139724078976225 0 0.8819209949739256
    outer loop
      vertex 11.111007690429688 2 10.820286750793457
      vertex 11.185562133789062 -2 10.860136985778809
      vertex 11.185562133789062 2 10.860136985778809
    endloop
  endfacet
  facet normal -0.47139724078976225 0 0.8819209949739256
    outer loop
      vertex 11.185562133789062 -2 10.860136985778809
      vertex 11.111007690429688 2 10.820286750793457
      vertex 11.111007690429688 -2 10.820286750793457
    endloop
  endfacet
  facet normal -0.09801732282148462 0 -0.9951847086982943
    outer loop
      vertex 13.634366989135742 -2 -1.8654966354370117
      vertex 15 2 -2
      vertex 15 -2 -2
    endloop
  endfacet
  facet normal -0.09801732282148462 0 -0.9951847086982943
    outer loop
      vertex 15 2 -2
      vertex 13.634366989135742 -2 -1.8654966354370117
      vertex 13.634366989135742 2 -1.8654966354370117
    endloop
  endfacet
  facet normal 0.9951848316505839 0 0.09801607446025846
    outer loop
      vertex -5.134502410888672 -2 6.365632057189941
      vertex -5.098491191864014 2 6
      vertex -5.134502410888672 2 6.365632057189941
    endloop
  endfacet
  facet normal 0.9951848316505839 0 0.09801607446025846
    outer loop
      vertex -5.098491191864014 2 6
      vertex -5.134502410888672 -2 6.365632057189941
      vertex -5.098491191864014 -2 6
    endloop
  endfacet
  facet normal 0.7730104763672541 0 -0.6343932561325593
    outer loop
      vertex -6.179712295532227 -2 1.1110076904296875
      vertex -7.0502519607543945 2 0.05025196075439453
      vertex -6.179712295532227 2 1.1110076904296875
    endloop
  endfacet
  facet normal 0.7730104763672541 0 -0.6343932561325593
    outer loop
      vertex -7.0502519607543945 2 0.05025196075439453
      vertex -6.179712295532227 -2 1.1110076904296875
      vertex -7.0502519607543945 -2 0.05025196075439453
    endloop
  endfacet
  facet normal -0.8819212524925384 0 0.4713967590066698
    outer loop
      vertex -18.46715545654297 -2 7.678783416748047
      vertex -17.82028579711914 2 8.888991355895996
      vertex -18.46715545654297 2 7.678783416748047
    endloop
  endfacet
  facet normal -0.8819212524925384 0 0.4713967590066698
    outer loop
      vertex -17.82028579711914 2 8.888991355895996
      vertex -18.46715545654297 -2 7.678783416748047
      vertex -17.82028579711914 -2 8.888991355895996
    endloop
  endfacet
  facet normal -0.7730108171786177 0 -0.634392840852453
    outer loop
      vertex -16.94974708557129 -2 0.05025196075439453
      vertex -17.82028579711914 2 1.1110076904296875
      vertex -16.94974708557129 2 0.05025196075439453
    endloop
  endfacet
  facet normal -0.7730108171786177 0 -0.634392840852453
    outer loop
      vertex -17.82028579711914 2 1.1110076904296875
      vertex -16.94974708557129 -2 0.05025196075439453
      vertex -17.82028579711914 -2 1.1110076904296875
    endloop
  endfacet
  facet normal -0.9951847764897267 0 -0.09801663452237483
    outer loop
      vertex -18.865497589111328 -2 3.634366989135742
      vertex -19 2 5
      vertex -18.865497589111328 2 3.634366989135742
    endloop
  endfacet
  facet normal -0.9951847764897267 0 -0.09801663452237483
    outer loop
      vertex -19 2 5
      vertex -18.865497589111328 -2 3.634366989135742
      vertex -19 -2 5
    endloop
  endfacet
  facet normal 0.7730104763672541 0 0.6343932561325593
    outer loop
      vertex -7.0502519607543945 -2 9.949747085571289
      vertex -6.179712295532227 2 8.888991355895996
      vertex -7.0502519607543945 2 9.949747085571289
    endloop
  endfacet
  facet normal 0.7730104763672541 0 0.6343932561325593
    outer loop
      vertex -6.179712295532227 2 8.888991355895996
      vertex -7.0502519607543945 -2 9.949747085571289
      vertex -6.179712295532227 -2 8.888991355895996
    endloop
  endfacet
  facet normal 0.2902847541462747 0 -0.9569403124073291
    outer loop
      vertex -10.634366989135742 -2 -1.8654966354370117
      vertex -9.321215629577637 2 -1.4671564102172852
      vertex -9.321215629577637 -2 -1.4671564102172852
    endloop
  endfacet
  facet normal 0.2902847541462747 0 -0.9569403124073291
    outer loop
      vertex -9.321215629577637 2 -1.4671564102172852
      vertex -10.634366989135742 -2 -1.8654966354370117
      vertex -10.634366989135742 2 -1.8654966354370117
    endloop
  endfacet
  facet normal 0.4713967590066698 0 0.8819212524925384
    outer loop
      vertex -9.321215629577637 2 11.467156410217285
      vertex -8.111007690429688 -2 10.820286750793457
      vertex -8.111007690429688 2 10.820286750793457
    endloop
  endfacet
  facet normal 0.4713967590066698 0 0.8819212524925384
    outer loop
      vertex -8.111007690429688 -2 10.820286750793457
      vertex -9.321215629577637 2 11.467156410217285
      vertex -9.321215629577637 -2 11.467156410217285
    endloop
  endfacet
  facet normal -0.7730108171786177 0 0.634392840852453
    outer loop
      vertex -17.82028579711914 -2 8.888991355895996
      vertex -16.94974708557129 2 9.949747085571289
      vertex -17.82028579711914 2 8.888991355895996
    endloop
  endfacet
  facet normal -0.7730108171786177 0 0.634392840852453
    outer loop
      vertex -16.94974708557129 2 9.949747085571289
      vertex -17.82028579711914 -2 8.888991355895996
      vertex -16.94974708557129 -2 9.949747085571289
    endloop
  endfacet
  facet normal 0.634392840852453 0 -0.7730108171786177
    outer loop
      vertex -8.111007690429688 -2 -0.820286750793457
      vertex -7.0502519607543945 2 0.05025196075439453
      vertex -7.0502519607543945 -2 0.05025196075439453
    endloop
  endfacet
  facet normal 0.634392840852453 0 -0.7730108171786177
    outer loop
      vertex -7.0502519607543945 2 0.05025196075439453
      vertex -8.111007690429688 -2 -0.820286750793457
      vertex -8.111007690429688 2 -0.820286750793457
    endloop
  endfacet
  facet normal 0 -1 0
    outer loop
      vertex -15 -2 6
      vertex -12 -2 12
      vertex -13.365632057189941 -2 11.865496635437012
    endloop
  endfacet
  facet normal 0 -1 0
    outer loop
      vertex -15 -2 6
      vertex -13.365632057189941 -2 11.865496635437012
      vertex -14.678783416748047 -2 11.467156410217285
    endloop
  endfacet
  facet normal 0 -1 0
    outer loop
      vertex -12 -2 12
      vertex -15 -2 6
      vertex -10.634366989135742 -2 11.865496635437012
    endloop
  endfacet
  facet normal 0 -1 0
    outer loop
      vertex -15 -2 6
      vertex -14.678783416748047 -2 11.467156410217285
      vertex -15.888991355895996 -2 10.820286750793457
    endloop
  endfacet
  facet normal 0 -1 0
    outer loop
      vertex -10.634366989135742 -2 11.865496635437012
      vertex -15 -2 6
      vertex -9.321215629577637 -2 11.467156410217285
    endloop
  endfacet
  facet normal 0 -1 0
    outer loop
      vertex -15 -2 6
      vertex -15.888991355895996 -2 10.820286750793457
      vertex -16.94974708557129 -2 9.949747085571289
    endloop
  endfacet
  facet normal 0 -1 0
    outer loop
      vertex -9.321215629577637 -2 11.467156410217285
      vertex -15 -2 6
      vertex -8.111007690429688 -2 10.820286750793457
    endloop
  endfacet
  facet normal 0 -1 0
    outer loop
      vertex -15 -2 6
      vertex -16.94974708557129 -2 9.949747085571289
      vertex -17.82028579711914 -2 8.888991355895996
    endloop
  endfacet
  facet normal 0 -1 0
    outer loop
      vertex -8.111007690429688 -2 10.820286750793457
      vertex -15 -2 6
      vertex -7.0502519607543945 -2 9.949747085571289
    endloop
  endfacet
  facet normal 0 -1 0
    outer loop
      vertex -15 -2 6
      vertex -17.82028579711914 -2 8.888991355895996
      vertex -18.46715545654297 -2 7.678783416748047
    endloop
  endfacet
  facet normal 0 -1 0
    outer loop
      vertex -7.0502519607543945 -2 9.949747085571289
      vertex -15 -2 6
      vertex -6.179712295532227 -2 8.888991355895996
    endloop
  endfacet
  facet normal 0 -1 0
    outer loop
      vertex -15 -2 6
      vertex -18.46715545654297 -2 7.678783416748047
      vertex -18.865497589111328 -2 6.365632057189941
    endloop
  endfacet
  facet normal 0 -1 0
    outer loop
      vertex -6.179712295532227 -2 8.888991355895996
      vertex -15 -2 6
      vertex -5.532842636108398 -2 7.678783416748047
    endloop
  endfacet
  facet normal 0 -1 0
    outer loop
      vertex -5.098491191864014 -2 6
      vertex -5.532842636108398 -2 7.678783416748047
      vertex -15 -2 6
    endloop
  endfacet
  facet normal 0 -1 0
    outer loop
      vertex -19 -2 5
      vertex -15 -2 6
      vertex -18.865497589111328 -2 6.365632057189941
    endloop
  endfacet
  facet normal 0 -1 0
    outer loop
      vertex -19 -2 5
      vertex -15 -2 4
      vertex -15 -2 6
    endloop
  endfacet
  facet normal 0 -1 0
    outer loop
      vertex -18.865497589111328 -2 3.634366989135742
      vertex -15 -2 4
      vertex -19 -2 5
    endloop
  endfacet
  facet normal 0 -1 0
    outer loop
      vertex -18.46715545654297 -2 2.3212156295776367
      vertex -15 -2 4
      vertex -18.865497589111328 -2 3.634366989135742
    endloop
  endfacet
  facet normal 0 -1 0
    outer loop
      vertex -17.82028579711914 -2 1.1110076904296875
      vertex -15 -2 4
      vertex -18.46715545654297 -2 2.3212156295776367
    endloop
  endfacet
  facet normal 0 -1 0
    outer loop
      vertex -16.94974708557129 -2 0.05025196075439453
      vertex -15 -2 4
      vertex -17.82028579711914 -2 1.1110076904296875
    endloop
  endfacet
  facet normal 0 -1 0
    outer loop
      vertex -5.0984907150268555 -2 4
      vertex -5.532842636108398 -2 2.3212156295776367
      vertex -5.134502410888672 -2 3.634366989135742
    endloop
  endfacet
  facet normal 0 -1 0
    outer loop
      vertex -5.532842636108398 -2 2.3212156295776367
      vertex -15 -2 4
      vertex -6.179712295532227 -2 1.1110076904296875
    endloop
  endfacet
  facet normal 0 -1 0
    outer loop
      vertex -15 -2 4
      vertex -5.532842636108398 -2 2.3212156295776367
      vertex -5.0984907150268555 -2 4
    endloop
  endfacet
  facet normal 0 -1 0
    outer loop
      vertex -15.888991355895996 -2 -0.820286750793457
      vertex -15 -2 4
      vertex -16.94974708557129 -2 0.05025196075439453
    endloop
  endfacet
  facet normal 0 -1 0
    outer loop
      vertex -15 -2 4
      vertex -7.0502519607543945 -2 0.05025196075439453
      vertex -6.179712295532227 -2 1.1110076904296875
    endloop
  endfacet
  facet normal 0 -1 0
    outer loop
      vertex -14.678783416748047 -2 -1.4671564102172852
      vertex -15 -2 4
      vertex -15.888991355895996 -2 -0.820286750793457
    endloop
  endfacet
  facet normal 0 -1 0
    outer loop
      vertex -15 -2 4
      vertex -8.111007690429688 -2 -0.820286750793457
      vertex -7.0502519607543945 -2 0.05025196075439453
    endloop
  endfacet
  facet normal 0 -1 0
    outer loop
      vertex -13.365632057189941 -2 -1.8654966354370117
      vertex -15 -2 4
      vertex -14.678783416748047 -2 -1.4671564102172852
    endloop
  endfacet
  facet normal 0 -1 0
    outer loop
      vertex -15 -2 4
      vertex -9.321215629577637 -2 -1.4671564102172852
      vertex -8.111007690429688 -2 -0.820286750793457
    endloop
  endfacet
  facet normal 0 -1 0
    outer loop
      vertex -12 -2 -2
      vertex -15 -2 4
      vertex -13.365632057189941 -2 -1.8654966354370117
    endloop
  endfacet
  facet normal 0 -1 0
    outer loop
      vertex -15 -2 4
      vertex -10.634366989135742 -2 -1.8654966354370117
      vertex -9.321215629577637 -2 -1.4671564102172852
    endloop
  endfacet
  facet normal 0 -1 0
    outer loop
      vertex -15 -2 4
      vertex -12 -2 -2
      vertex -10.634366989135742 -2 -1.8654966354370117
    endloop
  endfacet
  facet normal 0 -1 0
    outer loop
      vertex -5.532842636108398 -2 7.678783416748047
      vertex -5.098491191864014 -2 6
      vertex -5.134502410888672 -2 6.365632057189941
    endloop
  endfacet
  facet normal -0.4713967590066698 0 0.8819212524925384
    outer loop
      vertex -15.888991355895996 2 10.820286750793457
      vertex -14.678783416748047 -2 11.467156410217285
      vertex -14.678783416748047 2 11.467156410217285
    endloop
  endfacet
  facet normal -0.4713967590066698 0 0.8819212524925384
    outer loop
      vertex -14.678783416748047 -2 11.467156410217285
      vertex -15.888991355895996 2 10.820286750793457
      vertex -15.888991355895996 -2 10.820286750793457
    endloop
  endfacet
  facet normal 0.9569403124073291 0 0.2902847541462747
    outer loop
      vertex -5.532842636108398 -2 7.678783416748047
      vertex -5.134502410888672 2 6.365632057189941
      vertex -5.532842636108398 2 7.678783416748047
    endloop
  endfacet
  facet normal 0.9569403124073291 0 0.2902847541462747
    outer loop
      vertex -5.134502410888672 2 6.365632057189941
      vertex -5.532842636108398 -2 7.678783416748047
      vertex -5.134502410888672 -2 6.365632057189941
    endloop
  endfacet
  facet normal 0.2902847541462747 0 0.9569403124073291
    outer loop
      vertex -10.634366989135742 2 11.865496635437012
      vertex -9.321215629577637 -2 11.467156410217285
      vertex -9.321215629577637 2 11.467156410217285
    endloop
  endfacet
  facet normal 0.2902847541462747 0 0.9569403124073291
    outer loop
      vertex -9.321215629577637 -2 11.467156410217285
      vertex -10.634366989135742 2 11.865496635437012
      vertex -10.634366989135742 -2 11.865496635437012
    endloop
  endfacet
  facet normal 0.8819212524925384 0 0.4713967590066698
    outer loop
      vertex -6.179712295532227 -2 8.888991355895996
      vertex -5.532842636108398 2 7.678783416748047
      vertex -6.179712295532227 2 8.888991355895996
    endloop
  endfacet
  facet normal 0.8819212524925384 0 0.4713967590066698
    outer loop
      vertex -5.532842636108398 2 7.678783416748047
      vertex -6.179712295532227 -2 8.888991355895996
      vertex -5.532842636108398 -2 7.678783416748047
    endloop
  endfacet
  facet normal -0.4713967590066698 0 -0.8819212524925384
    outer loop
      vertex -15.888991355895996 -2 -0.820286750793457
      vertex -14.678783416748047 2 -1.4671564102172852
      vertex -14.678783416748047 -2 -1.4671564102172852
    endloop
  endfacet
  facet normal -0.4713967590066698 0 -0.8819212524925384
    outer loop
      vertex -14.678783416748047 2 -1.4671564102172852
      vertex -15.888991355895996 -2 -0.820286750793457
      vertex -15.888991355895996 2 -0.820286750793457
    endloop
  endfacet
  facet normal 0.4713967590066698 0 -0.8819212524925384
    outer loop
      vertex -9.321215629577637 -2 -1.4671564102172852
      vertex -8.111007690429688 2 -0.820286750793457
      vertex -8.111007690429688 -2 -0.820286750793457
    endloop
  endfacet
  facet normal 0.4713967590066698 0 -0.8819212524925384
    outer loop
      vertex -8.111007690429688 2 -0.820286750793457
      vertex -9.321215629577637 -2 -1.4671564102172852
      vertex -9.321215629577637 2 -1.4671564102172852
    endloop
  endfacet
  facet normal -0.9569399262982632 0 -0.2902860269738704
    outer loop
      vertex -18.46715545654297 -2 2.3212156295776367
      vertex -18.865497589111328 2 3.634366989135742
      vertex -18.46715545654297 2 2.3212156295776367
    endloop
  endfacet
  facet normal -0.9569399262982632 0 -0.2902860269738704
    outer loop
      vertex -18.865497589111328 2 3.634366989135742
      vertex -18.46715545654297 -2 2.3212156295776367
      vertex -18.865497589111328 -2 3.634366989135742
    endloop
  endfacet
  facet normal -0.09801739061319704 0 0.9951847020213785
    outer loop
      vertex -13.365632057189941 2 11.865496635437012
      vertex -12 -2 12
      vertex -12 2 12
    endloop
  endfacet
  facet normal -0.09801739061319704 0 0.9951847020213785
    outer loop
      vertex -12 -2 12
      vertex -13.365632057189941 2 11.865496635437012
      vertex -13.365632057189941 -2 11.865496635437012
    endloop
  endfacet
  facet normal -0.9951847698129042 0 0.09801670231362045
    outer loop
      vertex -19 -2 5
      vertex -18.865497589111328 2 6.365632057189941
      vertex -19 2 5
    endloop
  endfacet
  facet normal -0.9951847698129042 0 0.09801670231362045
    outer loop
      vertex -18.865497589111328 2 6.365632057189941
      vertex -19 -2 5
      vertex -18.865497589111328 -2 6.365632057189941
    endloop
  endfacet
  facet normal 0.09801732282148462 0 0.9951847086982943
    outer loop
      vertex -12 2 12
      vertex -10.634366989135742 -2 11.865496635437012
      vertex -10.634366989135742 2 11.865496635437012
    endloop
  endfacet
  facet normal 0.09801732282148462 0 0.9951847086982943
    outer loop
      vertex -10.634366989135742 -2 11.865496635437012
      vertex -12 2 12
      vertex -12 -2 12
    endloop
  endfacet
  facet normal 0 1 0
    outer loop
      vertex -5.532842636108398 2 2.3212156295776367
      vertex -5.0984907150268555 2 4
      vertex -5.134502410888672 2 3.634366989135742
    endloop
  endfacet
  facet normal 0 1 0
    outer loop
      vertex -15 2 6
      vertex -12 2 12
      vertex -10.634366989135742 2 11.865496635437012
    endloop
  endfacet
  facet normal 0 1 0
    outer loop
      vertex -15 2 6
      vertex -10.634366989135742 2 11.865496635437012
      vertex -9.321215629577637 2 11.467156410217285
    endloop
  endfacet
  facet normal 0 1 0
    outer loop
      vertex -12 2 12
      vertex -15 2 6
      vertex -13.365632057189941 2 11.865496635437012
    endloop
  endfacet
  facet normal 0 1 0
    outer loop
      vertex -15 2 6
      vertex -9.321215629577637 2 11.467156410217285
      vertex -8.111007690429688 2 10.820286750793457
    endloop
  endfacet
  facet normal 0 1 0
    outer loop
      vertex -13.365632057189941 2 11.865496635437012
      vertex -15 2 6
      vertex -14.678783416748047 2 11.467156410217285
    endloop
  endfacet
  facet normal 0 1 0
    outer loop
      vertex -15 2 6
      vertex -8.111007690429688 2 10.820286750793457
      vertex -7.0502519607543945 2 9.949747085571289
    endloop
  endfacet
  facet normal 0 1 0
    outer loop
      vertex -14.678783416748047 2 11.467156410217285
      vertex -15 2 6
      vertex -15.888991355895996 2 10.820286750793457
    endloop
  endfacet
  facet normal 0 1 0
    outer loop
      vertex -15 2 6
      vertex -7.0502519607543945 2 9.949747085571289
      vertex -6.179712295532227 2 8.888991355895996
    endloop
  endfacet
  facet normal 0 1 0
    outer loop
      vertex -15.888991355895996 2 10.820286750793457
      vertex -15 2 6
      vertex -16.94974708557129 2 9.949747085571289
    endloop
  endfacet
  facet normal 0 1 0
    outer loop
      vertex -15 2 6
      vertex -6.179712295532227 2 8.888991355895996
      vertex -5.532842636108398 2 7.678783416748047
    endloop
  endfacet
  facet normal 0 1 0
    outer loop
      vertex -16.94974708557129 2 9.949747085571289
      vertex -15 2 6
      vertex -17.82028579711914 2 8.888991355895996
    endloop
  endfacet
  facet normal 0 1 0
    outer loop
      vertex -5.098491191864014 2 6
      vertex -5.532842636108398 2 7.678783416748047
      vertex -5.134502410888672 2 6.365632057189941
    endloop
  endfacet
  facet normal 0 1 0
    outer loop
      vertex -17.82028579711914 2 8.888991355895996
      vertex -15 2 6
      vertex -18.46715545654297 2 7.678783416748047
    endloop
  endfacet
  facet normal 0 1 0
    outer loop
      vertex -5.532842636108398 2 7.678783416748047
      vertex -5.098491191864014 2 6
      vertex -15 2 6
    endloop
  endfacet
  facet normal 0 1 0
    outer loop
      vertex -18.46715545654297 2 7.678783416748047
      vertex -15 2 6
      vertex -18.865497589111328 2 6.365632057189941
    endloop
  endfacet
  facet normal 0 1 0
    outer loop
      vertex -15 2 6
      vertex -19 2 5
      vertex -18.865497589111328 2 6.365632057189941
    endloop
  endfacet
  facet normal 0 1 0
    outer loop
      vertex -15 2 4
      vertex -19 2 5
      vertex -15 2 6
    endloop
  endfacet
  facet normal 0 1 0
    outer loop
      vertex -15 2 4
      vertex -18.865497589111328 2 3.634366989135742
      vertex -19 2 5
    endloop
  endfacet
  facet normal 0 1 0
    outer loop
      vertex -5.0984907150268555 2 4
      vertex -5.532842636108398 2 2.3212156295776367
      vertex -15 2 4
    endloop
  endfacet
  facet normal 0 1 0
    outer loop
      vertex -6.179712295532227 2 1.1110076904296875
      vertex -15 2 4
      vertex -5.532842636108398 2 2.3212156295776367
    endloop
  endfacet
  facet normal 0 1 0
    outer loop
      vertex -15 2 4
      vertex -18.46715545654297 2 2.3212156295776367
      vertex -18.865497589111328 2 3.634366989135742
    endloop
  endfacet
  facet normal 0 1 0
    outer loop
      vertex -7.0502519607543945 2 0.05025196075439453
      vertex -15 2 4
      vertex -6.179712295532227 2 1.1110076904296875
    endloop
  endfacet
  facet normal 0 1 0
    outer loop
      vertex -15 2 4
      vertex -17.82028579711914 2 1.1110076904296875
      vertex -18.46715545654297 2 2.3212156295776367
    endloop
  endfacet
  facet normal 0 1 0
    outer loop
      vertex -8.111007690429688 2 -0.820286750793457
      vertex -15 2 4
      vertex -7.0502519607543945 2 0.05025196075439453
    endloop
  endfacet
  facet normal 0 1 0
    outer loop
      vertex -15 2 4
      vertex -16.94974708557129 2 0.05025196075439453
      vertex -17.82028579711914 2 1.1110076904296875
    endloop
  endfacet
  facet normal 0 1 0
    outer loop
      vertex -9.321215629577637 2 -1.4671564102172852
      vertex -15 2 4
      vertex -8.111007690429688 2 -0.820286750793457
    endloop
  endfacet
  facet normal 0 1 0
    outer loop
      vertex -15 2 4
      vertex -15.888991355895996 2 -0.820286750793457
      vertex -16.94974708557129 2 0.05025196075439453
    endloop
  endfacet
  facet normal 0 1 0
    outer loop
      vertex -10.634366989135742 2 -1.8654966354370117
      vertex -15 2 4
      vertex -9.321215629577637 2 -1.4671564102172852
    endloop
  endfacet
  facet normal 0 1 0
    outer loop
      vertex -15 2 4
      vertex -14.678783416748047 2 -1.4671564102172852
      vertex -15.888991355895996 2 -0.820286750793457
    endloop
  endfacet
  facet normal 0 1 0
    outer loop
      vertex -12 2 -2
      vertex -15 2 4
      vertex -10.634366989135742 2 -1.8654966354370117
    endloop
  endfacet
  facet normal 0 1 0
    outer loop
      vertex -15 2 4
      vertex -13.365632057189941 2 -1.8654966354370117
      vertex -14.678783416748047 2 -1.4671564102172852
    endloop
  endfacet
  facet normal 0 1 0
    outer loop
      vertex -15 2 4
      vertex -12 2 -2
      vertex -13.365632057189941 2 -1.8654966354370117
    endloop
  endfacet
  facet normal 0.9569403124073291 0 -0.2902847541462747
    outer loop
      vertex -5.134502410888672 -2 3.634366989135742
      vertex -5.532842636108398 2 2.3212156295776367
      vertex -5.134502410888672 2 3.634366989135742
    endloop
  endfacet
  facet normal 0.9569403124073291 0 -0.2902847541462747
    outer loop
      vertex -5.532842636108398 2 2.3212156295776367
      vertex -5.134502410888672 -2 3.634366989135742
      vertex -5.532842636108398 -2 2.3212156295776367
    endloop
  endfacet
  facet normal -0.8819212524925384 0 -0.4713967590066698
    outer loop
      vertex -17.82028579711914 -2 1.1110076904296875
      vertex -18.46715545654297 2 2.3212156295776367
      vertex -17.82028579711914 2 1.1110076904296875
    endloop
  endfacet
  facet normal -0.8819212524925384 0 -0.4713967590066698
    outer loop
      vertex -18.46715545654297 2 2.3212156295776367
      vertex -17.82028579711914 -2 1.1110076904296875
      vertex -18.46715545654297 -2 2.3212156295776367
    endloop
  endfacet
  facet normal 0.6343932561325593 0 0.7730104763672541
    outer loop
      vertex -8.111007690429688 2 10.820286750793457
      vertex -7.0502519607543945 -2 9.949747085571289
      vertex -7.0502519607543945 2 9.949747085571289
    endloop
  endfacet
  facet normal 0.6343932561325593 0 0.7730104763672541
    outer loop
      vertex -7.0502519607543945 -2 9.949747085571289
      vertex -8.111007690429688 2 10.820286750793457
      vertex -8.111007690429688 -2 10.820286750793457
    endloop
  endfacet
  facet normal -0.634392840852453 0 -0.7730108171786177
    outer loop
      vertex -16.94974708557129 -2 0.05025196075439453
      vertex -15.888991355895996 2 -0.820286750793457
      vertex -15.888991355895996 -2 -0.820286750793457
    endloop
  endfacet
  facet normal -0.634392840852453 0 -0.7730108171786177
    outer loop
      vertex -15.888991355895996 2 -0.820286750793457
      vertex -16.94974708557129 -2 0.05025196075439453
      vertex -16.94974708557129 2 0.05025196075439453
    endloop
  endfacet
  facet normal 0.9951847299887946 0 -0.09801710665557331
    outer loop
      vertex -5.0984907150268555 -2 4
      vertex -5.134502410888672 2 3.634366989135742
      vertex -5.0984907150268555 2 4
    endloop
  endfacet
  facet normal 0.9951847299887946 0 -0.09801710665557331
    outer loop
      vertex -5.134502410888672 2 3.634366989135742
      vertex -5.0984907150268555 -2 4
      vertex -5.134502410888672 -2 3.634366989135742
    endloop
  endfacet
  facet normal -0.09801739061319704 0 -0.9951847020213785
    outer loop
      vertex -13.365632057189941 -2 -1.8654966354370117
      vertex -12 2 -2
      vertex -12 -2 -2
    endloop
  endfacet
  facet normal -0.09801739061319704 0 -0.9951847020213785
    outer loop
      vertex -12 2 -2
      vertex -13.365632057189941 -2 -1.8654966354370117
      vertex -13.365632057189941 2 -1.8654966354370117
    endloop
  endfacet
  facet normal 0.8819212524925384 0 -0.4713967590066698
    outer loop
      vertex -5.532842636108398 -2 2.3212156295776367
      vertex -6.179712295532227 2 1.1110076904296875
      vertex -5.532842636108398 2 2.3212156295776367
    endloop
  endfacet
  facet normal 0.8819212524925384 0 -0.4713967590066698
    outer loop
      vertex -6.179712295532227 2 1.1110076904296875
      vertex -5.532842636108398 -2 2.3212156295776367
      vertex -6.179712295532227 -2 1.1110076904296875
    endloop
  endfacet
  facet normal -0.2902847541462747 0 -0.9569403124073291
    outer loop
      vertex -14.678783416748047 -2 -1.4671564102172852
      vertex -13.365632057189941 2 -1.8654966354370117
      vertex -13.365632057189941 -2 -1.8654966354370117
    endloop
  endfacet
  facet normal -0.2902847541462747 0 -0.9569403124073291
    outer loop
      vertex -13.365632057189941 2 -1.8654966354370117
      vertex -14.678783416748047 -2 -1.4671564102172852
      vertex -14.678783416748047 2 -1.4671564102172852
    endloop
  endfacet
  facet normal 0.09801732282148462 0 -0.9951847086982943
    outer loop
      vertex -12 -2 -2
      vertex -10.634366989135742 2 -1.8654966354370117
      vertex -10.634366989135742 -2 -1.8654966354370117
    endloop
  endfacet
  facet normal 0.09801732282148462 0 -0.9951847086982943
    outer loop
      vertex -10.634366989135742 2 -1.8654966354370117
      vertex -12 -2 -2
      vertex -12 2 -2
    endloop
  endfacet
  facet normal -0.9569399262982632 0 0.2902860269738704
    outer loop
      vertex -18.865497589111328 -2 6.365632057189941
      vertex -18.46715545654297 2 7.678783416748047
      vertex -18.865497589111328 2 6.365632057189941
    endloop
  endfacet
  facet normal -0.9569399262982632 0 0.2902860269738704
    outer loop
      vertex -18.46715545654297 2 7.678783416748047
      vertex -18.865497589111328 -2 6.365632057189941
      vertex -18.46715545654297 -2 7.678783416748047
    endloop
  endfacet
  facet normal -0.2902847541462747 0 0.9569403124073291
    outer loop
      vertex -14.678783416748047 2 11.467156410217285
      vertex -13.365632057189941 -2 11.865496635437012
      vertex -13.365632057189941 2 11.865496635437012
    endloop
  endfacet
  facet normal -0.2902847541462747 0 0.9569403124073291
    outer loop
      vertex -13.365632057189941 -2 11.865496635437012
      vertex -14.678783416748047 2 11.467156410217285
      vertex -14.678783416748047 -2 11.467156410217285
    endloop
  endfacet
  facet normal -0.6343932561325593 0 0.7730104763672541
    outer loop
      vertex -16.94974708557129 2 9.949747085571289
      vertex -15.888991355895996 -2 10.820286750793457
      vertex -15.888991355895996 2 10.820286750793457
    endloop
  endfacet
  facet normal -0.6343932561325593 0 0.7730104763672541
    outer loop
      vertex -15.888991355895996 -2 10.820286750793457
      vertex -16.94974708557129 2 9.949747085571289
      vertex -16.94974708557129 -2 9.949747085571289
    endloop
  endfacet
  facet normal -0.6343926489794667 0.773010974644484 0
    outer loop
      vertex 11.444430351257324 0.8314695358276367 30
      vertex 11.292893409729004 0.7071065902709961 32
      vertex 11.444430351257324 0.8314695358276367 32
    endloop
  endfacet
  facet normal -0.6343926489794667 0.773010974644484 0
    outer loop
      vertex 11.292893409729004 0.7071065902709961 32
      vertex 11.444430351257324 0.8314695358276367 30
      vertex 11.292893409729004 0.7071065902709961 30
    endloop
  endfacet
  facet normal -0.9951842952624214 0.09802152040770275 0
    outer loop
      vertex 11 0 30
      vertex 11.01921558380127 0.19509029388427734 32
      vertex 11.01921558380127 0.19509029388427734 30
    endloop
  endfacet
  facet normal -0.9951842952624214 0.09802152040770275 0
    outer loop
      vertex 11.01921558380127 0.19509029388427734 32
      vertex 11 0 30
      vertex 11 0 32
    endloop
  endfacet
  facet normal -0.773010974644484 -0.6343926489794667 0
    outer loop
      vertex 11.292893409729004 -0.7071065902709961 30
      vertex 11.168530464172363 -0.5555696487426758 32
      vertex 11.168530464172363 -0.5555696487426758 30
    endloop
  endfacet
  facet normal -0.773010974644484 -0.6343926489794667 0
    outer loop
      vertex 11.168530464172363 -0.5555696487426758 32
      vertex 11.292893409729004 -0.7071065902709961 30
      vertex 11.292893409729004 -0.7071065902709961 32
    endloop
  endfacet
  facet normal -0.881922986044677 -0.4713935157445851 0
    outer loop
      vertex 11.168530464172363 -0.5555696487426758 30
      vertex 11.07612133026123 -0.38268280029296875 32
      vertex 11.07612133026123 -0.38268280029296875 30
    endloop
  endfacet
  facet normal -0.881922986044677 -0.4713935157445851 0
    outer loop
      vertex 11.07612133026123 -0.38268280029296875 32
      vertex 11.168530464172363 -0.5555696487426758 30
      vertex 11.168530464172363 -0.5555696487426758 32
    endloop
  endfacet
  facet normal 0.773010974644484 -0.6343926489794667 0
    outer loop
      vertex 12.707106590270996 -0.7071065902709961 32
      vertex 12.831469535827637 -0.5555696487426758 30
      vertex 12.831469535827637 -0.5555696487426758 32
    endloop
  endfacet
  facet normal 0.773010974644484 -0.6343926489794667 0
    outer loop
      vertex 12.831469535827637 -0.5555696487426758 30
      vertex 12.707106590270996 -0.7071065902709961 32
      vertex 12.707106590270996 -0.7071065902709961 30
    endloop
  endfacet
  facet normal 0.9951842952624214 -0.09802152040770275 0
    outer loop
      vertex 12.98078441619873 -0.19509029388427734 32
      vertex 13 0 30
      vertex 13 0 32
    endloop
  endfacet
  facet normal 0.9951842952624214 -0.09802152040770275 0
    outer loop
      vertex 13 0 30
      vertex 12.98078441619873 -0.19509029388427734 32
      vertex 12.98078441619873 -0.19509029388427734 30
    endloop
  endfacet
  facet normal -0.4713935157445851 0.881922986044677 0
    outer loop
      vertex 11.617317199707031 0.9238786697387695 30
      vertex 11.444430351257324 0.8314695358276367 32
      vertex 11.617317199707031 0.9238786697387695 32
    endloop
  endfacet
  facet normal -0.4713935157445851 0.881922986044677 0
    outer loop
      vertex 11.444430351257324 0.8314695358276367 32
      vertex 11.617317199707031 0.9238786697387695 30
      vertex 11.444430351257324 0.8314695358276367 30
    endloop
  endfacet
  facet normal 0 0 1
    outer loop
      vertex 12.98078441619873 0.19509029388427734 32
      vertex 12.98078441619873 -0.19509029388427734 32
      vertex 13 0 32
    endloop
  endfacet
  facet normal 0 0 1
    outer loop
      vertex 12.92387866973877 0.38268280029296875 32
      vertex 12.98078441619873 -0.19509029388427734 32
      vertex 12.98078441619873 0.19509029388427734 32
    endloop
  endfacet
  facet normal 0 0 1
    outer loop
      vertex 12.92387866973877 0.38268280029296875 32
      vertex 12.92387866973877 -0.38268280029296875 32
      vertex 12.98078441619873 -0.19509029388427734 32
    endloop
  endfacet
  facet normal 0 0 1
    outer loop
      vertex 12.831469535827637 0.5555696487426758 32
      vertex 12.92387866973877 -0.38268280029296875 32
      vertex 12.92387866973877 0.38268280029296875 32
    endloop
  endfacet
  facet normal 0 0 1
    outer loop
      vertex 12.831469535827637 0.5555696487426758 32
      vertex 12.831469535827637 -0.5555696487426758 32
      vertex 12.92387866973877 -0.38268280029296875 32
    endloop
  endfacet
  facet normal 0 0 1
    outer loop
      vertex 12.707106590270996 0.7071065902709961 32
      vertex 12.831469535827637 -0.5555696487426758 32
      vertex 12.831469535827637 0.5555696487426758 32
    endloop
  endfacet
  facet normal 0 0 1
    outer loop
      vertex 12.707106590270996 0.7071065902709961 32
      vertex 12.707106590270996 -0.7071065902709961 32
      vertex 12.831469535827637 -0.5555696487426758 32
    endloop
  endfacet
  facet normal 0 0 1
    outer loop
      vertex 12.555569648742676 0.8314695358276367 32
      vertex 12.707106590270996 -0.7071065902709961 32
      vertex 12.707106590270996 0.7071065902709961 32
    endloop
  endfacet
  facet normal 0 0 1
    outer loop
      vertex 12.555569648742676 0.8314695358276367 32
      vertex 12.555569648742676 -0.8314695358276367 32
      vertex 12.707106590270996 -0.7071065902709961 32
    endloop
  endfacet
  facet normal 0 0 1
    outer loop
      vertex 12.382682800292969 0.9238786697387695 32
      vertex 12.555569648742676 -0.8314695358276367 32
      vertex 12.555569648742676 0.8314695358276367 32
    endloop
  endfacet
  facet normal 0 0 1
    outer loop
      vertex 12.382682800292969 0.9238786697387695 32
      vertex 12.382682800292969 -0.9238786697387695 32
      vertex 12.555569648742676 -0.8314695358276367 32
    endloop
  endfacet
  facet normal 0 0 1
    outer loop
      vertex 12.195090293884277 0.9807844161987305 32
      vertex 12.382682800292969 -0.9238786697387695 32
      vertex 12.382682800292969 0.9238786697387695 32
    endloop
  endfacet
  facet normal 0 0 1
    outer loop
      vertex 12.195090293884277 0.9807844161987305 32
      vertex 12.195090293884277 -0.9807844161987305 32
      vertex 12.382682800292969 -0.9238786697387695 32
    endloop
  endfacet
  facet normal 0 0 1
    outer loop
      vertex 12 1 32
      vertex 12.195090293884277 -0.9807844161987305 32
      vertex 12.195090293884277 0.9807844161987305 32
    endloop
  endfacet
  facet normal 0 0 1
    outer loop
      vertex 12 1 32
      vertex 12 -1 32
      vertex 12.195090293884277 -0.9807844161987305 32
    endloop
  endfacet
  facet normal 0 0 1
    outer loop
      vertex 11.804909706115723 0.9807844161987305 32
      vertex 12 -1 32
      vertex 12 1 32
    endloop
  endfacet
  facet normal 0 0 1
    outer loop
      vertex 11.804909706115723 0.9807844161987305 32
      vertex 11.804909706115723 -0.9807844161987305 32
      vertex 12 -1 32
    endloop
  endfacet
  facet normal 0 0 1
    outer loop
      vertex 11.617317199707031 0.9238786697387695 32
      vertex 11.804909706115723 -0.9807844161987305 32
      vertex 11.804909706115723 0.9807844161987305 32
    endloop
  endfacet
  facet normal 0 0 1
    outer loop
      vertex 11.617317199707031 0.9238786697387695 32
      vertex 11.617317199707031 -0.9238786697387695 32
      vertex 11.804909706115723 -0.9807844161987305 32
    endloop
  endfacet
  facet normal 0 0 1
    outer loop
      vertex 11.444430351257324 0.8314695358276367 32
      vertex 11.617317199707031 -0.9238786697387695 32
      vertex 11.617317199707031 0.9238786697387695 32
    endloop
  endfacet
  facet normal 0 0 1
    outer loop
      vertex 11.444430351257324 0.8314695358276367 32
      vertex 11.444430351257324 -0.8314695358276367 32
      vertex 11.617317199707031 -0.9238786697387695 32
    endloop
  endfacet
  facet normal 0 0 1
    outer loop
      vertex 11.292893409729004 0.7071065902709961 32
      vertex 11.444430351257324 -0.8314695358276367 32
      vertex 11.444430351257324 0.8314695358276367 32
    endloop
  endfacet
  facet normal 0 0 1
    outer loop
      vertex 11.292893409729004 0.7071065902709961 32
      vertex 11.292893409729004 -0.7071065902709961 32
      vertex 11.444430351257324 -0.8314695358276367 32
    endloop
  endfacet
  facet normal 0 0 1
    outer loop
      vertex 11.168530464172363 0.5555696487426758 32
      vertex 11.292893409729004 -0.7071065902709961 32
      vertex 11.292893409729004 0.7071065902709961 32
    endloop
  endfacet
  facet normal 0 0 1
    outer loop
      vertex 11.168530464172363 0.5555696487426758 32
      vertex 11.168530464172363 -0.5555696487426758 32
      vertex 11.292893409729004 -0.7071065902709961 32
    endloop
  endfacet
  facet normal 0 0 1
    outer loop
      vertex 11.07612133026123 0.38268280029296875 32
      vertex 11.168530464172363 -0.5555696487426758 32
      vertex 11.168530464172363 0.5555696487426758 32
    endloop
  endfacet
  facet normal 0 0 1
    outer loop
      vertex 11.07612133026123 0.38268280029296875 32
      vertex 11.07612133026123 -0.38268280029296875 32
      vertex 11.168530464172363 -0.5555696487426758 32
    endloop
  endfacet
  facet normal 0 0 1
    outer loop
      vertex 11.01921558380127 0.19509029388427734 32
      vertex 11.07612133026123 -0.38268280029296875 32
      vertex 11.07612133026123 0.38268280029296875 32
    endloop
  endfacet
  facet normal 0 0 1
    outer loop
      vertex 11.01921558380127 0.19509029388427734 32
      vertex 11.01921558380127 -0.19509029388427734 32
      vertex 11.07612133026123 -0.38268280029296875 32
    endloop
  endfacet
  facet normal 0 0 1
    outer loop
      vertex 11.01921558380127 -0.19509029388427734 32
      vertex 11.01921558380127 0.19509029388427734 32
      vertex 11 0 32
    endloop
  endfacet
  facet normal -0.6343926489794667 -0.773010974644484 0
    outer loop
      vertex 11.292893409729004 -0.7071065902709961 30
      vertex 11.444430351257324 -0.8314695358276367 32
      vertex 11.292893409729004 -0.7071065902709961 32
    endloop
  endfacet
  facet normal -0.6343926489794667 -0.773010974644484 0
    outer loop
      vertex 11.444430351257324 -0.8314695358276367 32
      vertex 11.292893409729004 -0.7071065902709961 30
      vertex 11.444430351257324 -0.8314695358276367 30
    endloop
  endfacet
  facet normal 0.9569400781569364 0.2902855263649851 0
    outer loop
      vertex 12.98078441619873 0.19509029388427734 32
      vertex 12.92387866973877 0.38268280029296875 30
      vertex 12.92387866973877 0.38268280029296875 32
    endloop
  endfacet
  facet normal 0.9569400781569364 0.2902855263649851 0
    outer loop
      vertex 12.92387866973877 0.38268280029296875 30
      vertex 12.98078441619873 0.19509029388427734 32
      vertex 12.98078441619873 0.19509029388427734 30
    endloop
  endfacet
  facet normal -0.9569400781569364 0.2902855263649851 0
    outer loop
      vertex 11.01921558380127 0.19509029388427734 30
      vertex 11.07612133026123 0.38268280029296875 32
      vertex 11.07612133026123 0.38268280029296875 30
    endloop
  endfacet
  facet normal -0.9569400781569364 0.2902855263649851 0
    outer loop
      vertex 11.07612133026123 0.38268280029296875 32
      vertex 11.01921558380127 0.19509029388427734 30
      vertex 11.01921558380127 0.19509029388427734 32
    endloop
  endfacet
  facet normal -0.773010974644484 0.6343926489794667 0
    outer loop
      vertex 11.168530464172363 0.5555696487426758 30
      vertex 11.292893409729004 0.7071065902709961 32
      vertex 11.292893409729004 0.7071065902709961 30
    endloop
  endfacet
  facet normal -0.773010974644484 0.6343926489794667 0
    outer loop
      vertex 11.292893409729004 0.7071065902709961 32
      vertex 11.168530464172363 0.5555696487426758 30
      vertex 11.168530464172363 0.5555696487426758 32
    endloop
  endfacet
  facet normal 0.773010974644484 0.6343926489794667 0
    outer loop
      vertex 12.831469535827637 0.5555696487426758 32
      vertex 12.707106590270996 0.7071065902709961 30
      vertex 12.707106590270996 0.7071065902709961 32
    endloop
  endfacet
  facet normal 0.773010974644484 0.6343926489794667 0
    outer loop
      vertex 12.707106590270996 0.7071065902709961 30
      vertex 12.831469535827637 0.5555696487426758 32
      vertex 12.831469535827637 0.5555696487426758 30
    endloop
  endfacet
  facet normal 0.6343926489794667 -0.773010974644484 0
    outer loop
      vertex 12.555569648742676 -0.8314695358276367 30
      vertex 12.707106590270996 -0.7071065902709961 32
      vertex 12.555569648742676 -0.8314695358276367 32
    endloop
  endfacet
  facet normal 0.6343926489794667 -0.773010974644484 0
    outer loop
      vertex 12.707106590270996 -0.7071065902709961 32
      vertex 12.555569648742676 -0.8314695358276367 30
      vertex 12.707106590270996 -0.7071065902709961 30
    endloop
  endfacet
  facet normal 0.9951842952624214 0.09802152040770275 0
    outer loop
      vertex 13 0 32
      vertex 12.98078441619873 0.19509029388427734 30
      vertex 12.98078441619873 0.19509029388427734 32
    endloop
  endfacet
  facet normal 0.9951842952624214 0.09802152040770275 0
    outer loop
      vertex 12.98078441619873 0.19509029388427734 30
      vertex 13 0 32
      vertex 13 0 30
    endloop
  endfacet
  facet normal 0.4713935157445851 0.881922986044677 0
    outer loop
      vertex 12.555569648742676 0.8314695358276367 30
      vertex 12.382682800292969 0.9238786697387695 32
      vertex 12.555569648742676 0.8314695358276367 32
    endloop
  endfacet
  facet normal 0.4713935157445851 0.881922986044677 0
    outer loop
      vertex 12.382682800292969 0.9238786697387695 32
      vertex 12.555569648742676 0.8314695358276367 30
      vertex 12.382682800292969 0.9238786697387695 30
    endloop
  endfacet
  facet normal 0.09802152040770275 0.9951842952624214 0
    outer loop
      vertex 12.195090293884277 0.9807844161987305 30
      vertex 12 1 32
      vertex 12.195090293884277 0.9807844161987305 32
    endloop
  endfacet
  facet normal 0.09802152040770275 0.9951842952624214 0
    outer loop
      vertex 12 1 32
      vertex 12.195090293884277 0.9807844161987305 30
      vertex 12 1 30
    endloop
  endfacet
  facet normal -0.09802152040770275 0.9951842952624214 0
    outer loop
      vertex 12 1 30
      vertex 11.804909706115723 0.9807844161987305 32
      vertex 12 1 32
    endloop
  endfacet
  facet normal -0.09802152040770275 0.9951842952624214 0
    outer loop
      vertex 11.804909706115723 0.9807844161987305 32
      vertex 12 1 30
      vertex 11.804909706115723 0.9807844161987305 30
    endloop
  endfacet
  facet normal -0.881922986044677 0.4713935157445851 0
    outer loop
      vertex 11.07612133026123 0.38268280029296875 30
      vertex 11.168530464172363 0.5555696487426758 32
      vertex 11.168530464172363 0.5555696487426758 30
    endloop
  endfacet
  facet normal -0.881922986044677 0.4713935157445851 0
    outer loop
      vertex 11.168530464172363 0.5555696487426758 32
      vertex 11.07612133026123 0.38268280029296875 30
      vertex 11.07612133026123 0.38268280029296875 32
    endloop
  endfacet
  facet normal 0.2902855263649851 0.9569400781569364 0
    outer loop
      vertex 12.382682800292969 0.9238786697387695 30
      vertex 12.195090293884277 0.9807844161987305 32
      vertex 12.382682800292969 0.9238786697387695 32
    endloop
  endfacet
  facet normal 0.2902855263649851 0.9569400781569364 0
    outer loop
      vertex 12.195090293884277 0.9807844161987305 32
      vertex 12.382682800292969 0.9238786697387695 30
      vertex 12.195090293884277 0.9807844161987305 30
    endloop
  endfacet
  facet normal 0.2902855263649851 -0.9569400781569364 0
    outer loop
      vertex 12.195090293884277 -0.9807844161987305 30
      vertex 12.382682800292969 -0.9238786697387695 32
      vertex 12.195090293884277 -0.9807844161987305 32
    endloop
  endfacet
  facet normal 0.2902855263649851 -0.9569400781569364 0
    outer loop
      vertex 12.382682800292969 -0.9238786697387695 32
      vertex 12.195090293884277 -0.9807844161987305 30
      vertex 12.382682800292969 -0.9238786697387695 30
    endloop
  endfacet
  facet normal -0.9951842952624214 -0.09802152040770275 0
    outer loop
      vertex 11.01921558380127 -0.19509029388427734 30
      vertex 11 0 32
      vertex 11 0 30
    endloop
  endfacet
  facet normal -0.9951842952624214 -0.09802152040770275 0
    outer loop
      vertex 11 0 32
      vertex 11.01921558380127 -0.19509029388427734 30
      vertex 11.01921558380127 -0.19509029388427734 32
    endloop
  endfacet
  facet normal -0.09802152040770275 -0.9951842952624214 0
    outer loop
      vertex 11.804909706115723 -0.9807844161987305 30
      vertex 12 -1 32
      vertex 11.804909706115723 -0.9807844161987305 32
    endloop
  endfacet
  facet normal -0.09802152040770275 -0.9951842952624214 0
    outer loop
      vertex 12 -1 32
      vertex 11.804909706115723 -0.9807844161987305 30
      vertex 12 -1 30
    endloop
  endfacet
  facet normal -0.2902855263649851 0.9569400781569364 0
    outer loop
      vertex 11.804909706115723 0.9807844161987305 30
      vertex 11.617317199707031 0.9238786697387695 32
      vertex 11.804909706115723 0.9807844161987305 32
    endloop
  endfacet
  facet normal -0.2902855263649851 0.9569400781569364 0
    outer loop
      vertex 11.617317199707031 0.9238786697387695 32
      vertex 11.804909706115723 0.9807844161987305 30
      vertex 11.617317199707031 0.9238786697387695 30
    endloop
  endfacet
  facet normal 0.4713935157445851 -0.881922986044677 0
    outer loop
      vertex 12.382682800292969 -0.9238786697387695 30
      vertex 12.555569648742676 -0.8314695358276367 32
      vertex 12.382682800292969 -0.9238786697387695 32
    endloop
  endfacet
  facet normal 0.4713935157445851 -0.881922986044677 0
    outer loop
      vertex 12.555569648742676 -0.8314695358276367 32
      vertex 12.382682800292969 -0.9238786697387695 30
      vertex 12.555569648742676 -0.8314695358276367 30
    endloop
  endfacet
  facet normal 0.09802152040770275 -0.9951842952624214 0
    outer loop
      vertex 12 -1 30
      vertex 12.195090293884277 -0.9807844161987305 32
      vertex 12 -1 32
    endloop
  endfacet
  facet normal 0.09802152040770275 -0.9951842952624214 0
    outer loop
      vertex 12.195090293884277 -0.9807844161987305 32
      vertex 12 -1 30
      vertex 12.195090293884277 -0.9807844161987305 30
    endloop
  endfacet
  facet normal 0.881922986044677 -0.4713935157445851 0
    outer loop
      vertex 12.831469535827637 -0.5555696487426758 32
      vertex 12.92387866973877 -0.38268280029296875 30
      vertex 12.92387866973877 -0.38268280029296875 32
    endloop
  endfacet
  facet normal 0.881922986044677 -0.4713935157445851 0
    outer loop
      vertex 12.92387866973877 -0.38268280029296875 30
      vertex 12.831469535827637 -0.5555696487426758 32
      vertex 12.831469535827637 -0.5555696487426758 30
    endloop
  endfacet
  facet normal 0.9569400781569364 -0.2902855263649851 0
    outer loop
      vertex 12.92387866973877 -0.38268280029296875 32
      vertex 12.98078441619873 -0.19509029388427734 30
      vertex 12.98078441619873 -0.19509029388427734 32
    endloop
  endfacet
  facet normal 0.9569400781569364 -0.2902855263649851 0
    outer loop
      vertex 12.98078441619873 -0.19509029388427734 30
      vertex 12.92387866973877 -0.38268280029296875 32
      vertex 12.92387866973877 -0.38268280029296875 30
    endloop
  endfacet
  facet normal -0.4713935157445851 -0.881922986044677 0
    outer loop
      vertex 11.444430351257324 -0.8314695358276367 30
      vertex 11.617317199707031 -0.9238786697387695 32
      vertex 11.444430351257324 -0.8314695358276367 32
    endloop
  endfacet
  facet normal -0.4713935157445851 -0.881922986044677 0
    outer loop
      vertex 11.617317199707031 -0.9238786697387695 32
      vertex 11.444430351257324 -0.8314695358276367 30
      vertex 11.617317199707031 -0.9238786697387695 30
    endloop
  endfacet
  facet normal 0.6343926489794667 0.773010974644484 0
    outer loop
      vertex 12.707106590270996 0.7071065902709961 30
      vertex 12.555569648742676 0.8314695358276367 32
      vertex 12.707106590270996 0.7071065902709961 32
    endloop
  endfacet
  facet normal 0.6343926489794667 0.773010974644484 0
    outer loop
      vertex 12.555569648742676 0.8314695358276367 32
      vertex 12.707106590270996 0.7071065902709961 30
      vertex 12.555569648742676 0.8314695358276367 30
    endloop
  endfacet
  facet normal -0.2902855263649851 -0.9569400781569364 0
    outer loop
      vertex 11.617317199707031 -0.9238786697387695 30
      vertex 11.804909706115723 -0.9807844161987305 32
      vertex 11.617317199707031 -0.9238786697387695 32
    endloop
  endfacet
  facet normal -0.2902855263649851 -0.9569400781569364 0
    outer loop
      vertex 11.804909706115723 -0.9807844161987305 32
      vertex 11.617317199707031 -0.9238786697387695 30
      vertex 11.804909706115723 -0.9807844161987305 30
    endloop
  endfacet
  facet normal 0.881922986044677 0.4713935157445851 0
    outer loop
      vertex 12.92387866973877 0.38268280029296875 32
      vertex 12.831469535827637 0.5555696487426758 30
      vertex 12.831469535827637 0.5555696487426758 32
    endloop
  endfacet
  facet normal 0.881922986044677 0.4713935157445851 0
    outer loop
      vertex 12.831469535827637 0.5555696487426758 30
      vertex 12.92387866973877 0.38268280029296875 32
      vertex 12.92387866973877 0.38268280029296875 30
    endloop
  endfacet
  facet normal -0.9569400781569364 -0.2902855263649851 0
    outer loop
      vertex 11.07612133026123 -0.38268280029296875 30
      vertex 11.01921558380127 -0.19509029388427734 32
      vertex 11.01921558380127 -0.19509029388427734 30
    endloop
  endfacet
  facet normal -0.9569400781569364 -0.2902855263649851 0
    outer loop
      vertex 11.01921558380127 -0.19509029388427734 32
      vertex 11.07612133026123 -0.38268280029296875 30
      vertex 11.07612133026123 -0.38268280029296875 32
    endloop
  endfacet
  facet normal 0.6782904221890337 0.20575797790990982 -0.7053975883805158
    outer loop
      vertex 14.274471282958984 0.4524202346801758 25.096820831298828
      vertex 13.758308410644531 0.7283153533935547 24.68096923828125
      vertex 14.142504692077637 0.8874540328979492 25.096820831298828
    endloop
  endfacet
  facet normal 0.884719886752172 0.26837732561796857 -0.3811093453057417
    outer loop
      vertex 14.815658569335938 0.5600690841674805 26.129146575927734
      vertex 14.594925880432129 0.5161628723144531 25.585811614990234
      vertex 14.652292251586914 1.0986146926879883 26.129146575927734
    endloop
  endfacet
  facet normal -0.6782902788425428 -0.20575712852947958 -0.7053979739742728
    outer loop
      vertex 10.241691589355469 -0.7283153533935547 24.68096923828125
      vertex 9.725528717041016 -0.4524202346801758 25.096820831298828
      vertex 10.133389472961426 -0.3712911605834961 24.68096923828125
    endloop
  endfacet
  facet normal 0.09615209567375166 -0.9762408282355816 -0.19418707419252074
    outer loop
      vertex 12.582451820373535 -2.928187370300293 26.705947875976562
      vertex 12 -2.870820999145508 26.129146575927734
      vertex 12.56006908416748 -2.8156585693359375 26.129146575927734
    endloop
  endfacet
  facet normal 0.2417220244627122 -0.796848375107055 0.553717554335145
    outer loop
      vertex 13.012489318847656 -2.444366455078125 28.4141902923584
      vertex 12.452420234680176 -2.2744712829589844 28.903179168701172
      vertex 12.516162872314453 -2.594925880432129 28.4141902923584
    endloop
  endfacet
  facet normal -0.2417220244627122 -0.796848375107055 0.553717554335145
    outer loop
      vertex 11.547579765319824 -2.2744712829589844 28.903179168701172
      vertex 10.987510681152344 -2.444366455078125 28.4141902923584
      vertex 11.483837127685547 -2.594925880432129 28.4141902923584
    endloop
  endfacet
  facet normal 0.7582963141254431 0.6223167347350546 -0.19418697601143894
    outer loop
      vertex 14.38700008392334 1.5949420928955078 26.129146575927734
      vertex 14.029976844787598 2.0299768447875977 26.129146575927734
      vertex 14.482397079467773 1.6586847305297852 26.705947875976562
    endloop
  endfacet
  facet normal 0.5865154581443385 -0.7146717495801053 0.3811087872377757
    outer loop
      vertex 13.870837211608887 -1.8708372116088867 28.4141902923584
      vertex 13.4699068069458 -2.1998720169067383 28.4141902923584
      vertex 14.029976844787598 -2.0299768447875977 27.870853424072266
    endloop
  endfacet
  facet normal -0.5547405483636445 0.05463672835008733 -0.8302275302086781
    outer loop
      vertex 10.096820831298828 0 24.68096923828125
      vertex 10.506417274475098 0.06515621393918991 24.41157341003418
      vertex 10.5 0 24.41157341003418
    endloop
  endfacet
  facet normal -0.5547405426965346 0.05463665789862665 -0.830227538631683
    outer loop
      vertex 10.506417274475098 0.06515621393918991 24.41157341003418
      vertex 10.096820831298828 0 24.68096923828125
      vertex 10.133389472961426 0.3712911605834961 24.68096923828125
    endloop
  endfacet
  facet normal -0.4624229196595556 0.8651335903819488 -0.1941878321789775
    outer loop
      vertex 10.901385307312012 2.652292251586914 26.129146575927734
      vertex 10.405057907104492 2.38700008392334 26.129146575927734
      vertex 10.857478141784668 2.7582921981811523 26.705947875976562
    endloop
  endfacet
  facet normal -0.9200777703972903 -0.09061959238958303 -0.38111020177357713
    outer loop
      vertex 9.405074119567871 -0.5161628723144531 25.585811614990234
      vertex 9.129179000854492 0 26.129146575927734
      vertex 9.354236602783203 0 25.585811614990234
    endloop
  endfacet
  facet normal -0.09061959238958303 -0.9200777703972903 -0.38111020177357713
    outer loop
      vertex 12 -2.870820999145508 26.129146575927734
      vertex 11.483837127685547 -2.594925880432129 25.585811614990234
      vertex 12 -2.645763397216797 25.585811614990234
    endloop
  endfacet
  facet normal 0.3536262608533711 -0.4308940663079623 -0.8302281440998329
    outer loop
      vertex 13.34575080871582 -1.3457508087158203 24.68096923828125
      vertex 12.883964538574219 -1.2056694030761719 24.41157341003418
      vertex 13.060659408569336 -1.060659408569336 24.41157341003418
    endloop
  endfacet
  facet normal -0.09615114543681448 0.9762411071734953 0.19418614238883392
    outer loop
      vertex 12 2.985553741455078 27.294052124023438
      vertex 11.417548179626465 2.928187370300293 27.294052124023438
      vertex 12 2.870820999145508 27.870853424072266
    endloop
  endfacet
  facet normal 0.9387249852821093 -0.28475898558200863 0.19418476288681674
    outer loop
      vertex 14.821541786193848 -0.8314695358276367 27.444429397583008
      vertex 14.758292198181152 -1.142521858215332 27.294052124023438
      vertex 14.890085220336914 -0.7080582976341248 27.294052124023438
    endloop
  endfacet
  facet normal 0.93872319811205 -0.2847612169581789 0.19419013013740422
    outer loop
      vertex 14.758292198181152 -1.142521858215332 27.294052124023438
      vertex 14.821541786193848 -0.8314695358276367 27.444429397583008
      vertex 14.783500671386719 -0.8865717053413391 27.54751968383789
    endloop
  endfacet
  facet normal 0.9387242579980688 -0.28475940196064 -0.19418766809711188
    outer loop
      vertex 14.758292198181152 -1.142521858215332 26.705947875976562
      vertex 14.652292251586914 -1.0986146926879883 26.129146575927734
      vertex 14.815658569335938 -0.5600690841674805 26.129146575927734
    endloop
  endfacet
  facet normal -0.39253321369298616 -0.7343802405570423 0.5537177425613496
    outer loop
      vertex 11.11254596710205 -2.1425046920776367 28.903179168701172
      vertex 10.711615562438965 -1.9282035827636719 28.903179168701172
      vertex 10.987510681152344 -2.444366455078125 28.4141902923584
    endloop
  endfacet
  facet normal -0.4496646211715379 -0.5479185748890167 0.7053984432632711
    outer loop
      vertex 10.94265079498291 -1.5824356079101562 29.31903076171875
      vertex 10.65424919128418 -1.3457508087158203 29.31903076171875
      vertex 10.711615562438965 -1.9282035827636719 28.903179168701172
    endloop
  endfacet
  facet normal 0.8651335903819487 0.4624229196595555 0.19418783217897745
    outer loop
      vertex 14.758292198181152 1.142521858215332 27.294052124023438
      vertex 14.38700008392334 1.5949420928955078 27.870853424072266
      vertex 14.652292251586914 1.0986146926879883 27.870853424072266
    endloop
  endfacet
  facet normal -0.6223167347350546 0.7582963141254431 0.19418697601143894
    outer loop
      vertex 10.341315269470215 2.4823970794677734 27.294052124023438
      vertex 9.970023155212402 2.0299768447875977 27.870853424072266
      vertex 10.405057907104492 2.38700008392334 27.870853424072266
    endloop
  endfacet
  facet normal -0.9387246526257585 -0.2847586474093503 0.19418686690465564
    outer loop
      vertex 9.184341430664062 -0.5600690841674805 27.870853424072266
      vertex 9.071812629699707 -0.5824518203735352 27.294052124023438
      vertex 9.241707801818848 -1.142521858215332 27.294052124023438
    endloop
  endfacet
  facet normal -0.7343811188253329 -0.39253368313572923 -0.5537162449456859
    outer loop
      vertex 10.071796417236328 -1.2883844375610352 25.096820831298828
      vertex 9.555633544921875 -1.0124893188476562 25.585811614990234
      vertex 9.857495307922363 -0.8874540328979492 25.096820831298828
    endloop
  endfacet
  facet normal 0.268377715368482 0.8847201527526004 0.3811084533397411
    outer loop
      vertex 13.098614692687988 2.652292251586914 27.870853424072266
      vertex 12.516162872314453 2.594925880432129 28.4141902923584
      vertex 13.012489318847656 2.444366455078125 28.4141902923584
    endloop
  endfacet
  facet normal 0.9762411071734953 -0.09615114543681448 -0.19418614238883392
    outer loop
      vertex 14.928187370300293 -0.5824518203735352 26.705947875976562
      vertex 14.870820999145508 0 26.129146575927734
      vertex 14.985553741455078 0 26.705947875976562
    endloop
  endfacet
  facet normal 0.877270556724221 0.4689083147426082 0.10257369384994555
    outer loop
      vertex 10.721932411193848 -0.7756147980690002 29.588428497314453
      vertex 10.752795219421387 -0.8333553671836853 29.588428497314453
      vertex 10.752795219421387 -0.8333549499511719 29.58842658996582
    endloop
  endfacet
  facet normal -0.4916082574157168 -0.2627686495704656 0.8302252453663379
    outer loop
      vertex 10.721932411193848 -0.7756147980690002 29.588428497314453
      vertex 10.417564392089844 -1.0573492050170898 29.31903076171875
      vertex 10.752795219421387 -0.8333553671836853 29.588428497314453
    endloop
  endfacet
  facet normal -0.4916070048647319 -0.262770232797614 0.8302254859515065
    outer loop
      vertex 10.417564392089844 -1.0573492050170898 29.31903076171875
      vertex 10.721932411193848 -0.7756147980690002 29.588428497314453
      vertex 10.241691589355469 -0.7283153533935547 29.31903076171875
    endloop
  endfacet
  facet normal -0.05463894529571673 -0.5547404809672196 -0.8302274293428453
    outer loop
      vertex 12 -1.9031791687011719 24.68096923828125
      vertex 11.934844017028809 -1.4935824871063232 24.41157341003418
      vertex 12 -1.5 24.41157341003418
    endloop
  endfacet
  facet normal -0.05463663350378538 -0.5547402950092124 -0.8302277057364834
    outer loop
      vertex 11.934844017028809 -1.4935824871063232 24.41157341003418
      vertex 12 -1.9031791687011719 24.68096923828125
      vertex 11.628708839416504 -1.8666105270385742 24.68096923828125
    endloop
  endfacet
  facet normal 0.7053971176437392 -0.06947544880502513 0.7053992262777479
    outer loop
      vertex 13.903179168701172 0 29.31903076171875
      vertex 14.222210884094238 -0.07945755869150162 28.99217414855957
      vertex 14.222210884094238 0 29
    endloop
  endfacet
  facet normal 0.7053972117601339 -0.06947490434761096 0.7053991857855517
    outer loop
      vertex 14.222210884094238 -0.07945755869150162 28.99217414855957
      vertex 13.903179168701172 0 29.31903076171875
      vertex 13.866610527038574 -0.3712911605834961 29.31903076171875
    endloop
  endfacet
  facet normal -0.4624229196595556 -0.8651335903819488 -0.1941878321789775
    outer loop
      vertex 10.857478141784668 -2.7582921981811523 26.705947875976562
      vertex 10.405057907104492 -2.38700008392334 26.129146575927734
      vertex 10.901385307312012 -2.652292251586914 26.129146575927734
    endloop
  endfacet
  facet normal -0.884719701659748 0.2683775785305578 -0.3811095968840997
    outer loop
      vertex 9.405074119567871 0.5161628723144531 25.585811614990234
      vertex 9.347707748413086 1.0986146926879883 26.129146575927734
      vertex 9.555633544921875 1.0124893188476562 25.585811614990234
    endloop
  endfacet
  facet normal -0.3341308412525308 0.6251167519507789 0.7053974959938434
    outer loop
      vertex 11.11254596710205 2.1425046920776367 28.903179168701172
      vertex 10.711615562438965 1.9282035827636719 28.903179168701172
      vertex 11.271684646606445 1.7583084106445312 29.31903076171875
    endloop
  endfacet
  facet normal -0.8651335903819487 0.4624229196595555 -0.19418783217897745
    outer loop
      vertex 9.347707748413086 1.0986146926879883 26.129146575927734
      vertex 9.241707801818848 1.142521858215332 26.705947875976562
      vertex 9.61299991607666 1.5949420928955078 26.129146575927734
    endloop
  endfacet
  facet normal -0.5479182672236957 -0.4496659622820419 0.7053978273340143
    outer loop
      vertex 10.65424919128418 -1.3457508087158203 29.31903076171875
      vertex 10.071796417236328 -1.2883844375610352 28.903179168701172
      vertex 10.360198020935059 -1.6398019790649414 28.903179168701172
    endloop
  endfacet
  facet normal 0.7968252820972982 0.24173424590641493 0.5537454506960922
    outer loop
      vertex 14.289322853088379 0.5013790130615234 28.860435485839844
      vertex 14.274471282958984 0.4524202346801758 28.903179168701172
      vertex 14.286148071289062 0.4547429084777832 28.88536262512207
    endloop
  endfacet
  facet normal 0.7968491944662278 0.24171971422564267 0.5537173837195268
    outer loop
      vertex 14.444366455078125 1.0124893188476562 28.4141902923584
      vertex 14.401036262512207 0.8314695358276367 28.55556869506836
      vertex 14.476354598999023 0.9070377349853516 28.4141902923584
    endloop
  endfacet
  facet normal 0.7968730196845832 0.2416954906504361 0.5536936700902572
    outer loop
      vertex 14.401036262512207 0.8314695358276367 28.55556869506836
      vertex 14.444366455078125 1.0124893188476562 28.4141902923584
      vertex 14.374817848205566 0.7832179665565491 28.614364624023438
    endloop
  endfacet
  facet normal -0.9200782395196833 0.09061963859402507 0.3811090582280204
    outer loop
      vertex 9.405074119567871 0.5161628723144531 28.4141902923584
      vertex 9.129179000854492 0 27.870853424072266
      vertex 9.354236602783203 0 28.4141902923584
    endloop
  endfacet
  facet normal 0.28475940196064 0.9387242579980688 -0.19418766809711188
    outer loop
      vertex 13.098614692687988 2.652292251586914 26.129146575927734
      vertex 12.56006908416748 2.8156585693359375 26.129146575927734
      vertex 13.142521858215332 2.7582921981811523 26.705947875976562
    endloop
  endfacet
  facet normal 0.4358199266356265 0.8153628245067585 -0.3811095065196854
    outer loop
      vertex 13.594942092895508 2.38700008392334 26.129146575927734
      vertex 13.012489318847656 2.444366455078125 25.585811614990234
      vertex 13.098614692687988 2.652292251586914 26.129146575927734
    endloop
  endfacet
  facet normal 0.4496646211715379 0.5479185748890167 0.7053984432632711
    outer loop
      vertex 13.288384437561035 1.9282035827636719 28.903179168701172
      vertex 13.05734920501709 1.5824356079101562 29.31903076171875
      vertex 13.34575080871582 1.3457508087158203 29.31903076171875
    endloop
  endfacet
  facet normal 0.6782904221890337 -0.20575797790990982 0.7053975883805158
    outer loop
      vertex 14.274471282958984 -0.4524202346801758 28.903179168701172
      vertex 13.758308410644531 -0.7283153533935547 29.31903076171875
      vertex 14.142504692077637 -0.8874540328979492 28.903179168701172
    endloop
  endfacet
  facet normal -0.4358199536874356 -0.8153627950383645 -0.38110953863044084
    outer loop
      vertex 10.987510681152344 -2.444366455078125 25.585811614990234
      vertex 10.405057907104492 -2.38700008392334 26.129146575927734
      vertex 10.5300931930542 -2.1998720169067383 25.585811614990234
    endloop
  endfacet
  facet normal -0.8651332825804343 -0.4624239024208883 0.1941868632051076
    outer loop
      vertex 9.61299991607666 -1.5949420928955078 27.870853424072266
      vertex 9.241707801818848 -1.142521858215332 27.294052124023438
      vertex 9.517602920532227 -1.6586847305297852 27.294052124023438
    endloop
  endfacet
  facet normal 0.6782902788425428 0.20575712852947958 -0.7053979739742728
    outer loop
      vertex 13.866610527038574 0.3712911605834961 24.68096923828125
      vertex 13.758308410644531 0.7283153533935547 24.68096923828125
      vertex 14.274471282958984 0.4524202346801758 25.096820831298828
    endloop
  endfacet
  facet normal 0.3536262608533711 0.4308940663079623 -0.8302281440998329
    outer loop
      vertex 13.060659408569336 1.060659408569336 24.41157341003418
      vertex 12.883964538574219 1.2056694030761719 24.41157341003418
      vertex 13.34575080871582 1.3457508087158203 24.68096923828125
    endloop
  endfacet
  facet normal 0.8677561357741645 0 -0.49699023011150795
    outer loop
      vertex 12.574024200439453 1.3858184814453125 24.41157341003418
      vertex 12.728315353393555 1.7583084106445312 24.68096923828125
      vertex 12.574024200439453 1.385818362236023 24.41157341003418
    endloop
  endfacet
  facet normal 0.16181174888004551 0.5334209320784657 -0.8302283222975003
    outer loop
      vertex 12.728315353393555 1.7583084106445312 24.68096923828125
      vertex 12.574024200439453 1.3858184814453125 24.41157341003418
      vertex 12.355286598205566 1.4521719217300415 24.41157341003418
    endloop
  endfacet
  facet normal -0.4496659622820419 -0.5479182672236957 -0.7053978273340143
    outer loop
      vertex 10.711615562438965 -1.9282035827636719 25.096820831298828
      vertex 10.360198020935059 -1.6398019790649414 25.096820831298828
      vertex 10.65424919128418 -1.3457508087158203 24.68096923828125
    endloop
  endfacet
  facet normal 0.24172231354544232 -0.7968493280822929 -0.5537160567195403
    outer loop
      vertex 12.516162872314453 -2.594925880432129 25.585811614990234
      vertex 12.452420234680176 -2.2744712829589844 25.096820831298828
      vertex 13.012489318847656 -2.444366455078125 25.585811614990234
    endloop
  endfacet
  facet normal 0.7343801984034847 -0.39253390761117213 0.5537173065458245
    outer loop
      vertex 14.444366455078125 -1.0124893188476562 28.4141902923584
      vertex 13.928203582763672 -1.2883844375610352 28.903179168701172
      vertex 14.199872016906738 -1.4699068069458008 28.4141902923584
    endloop
  endfacet
  facet normal -0.06903348279900201 -0.5522678623920161 -0.8308035787245943
    outer loop
      vertex 11.628708839416504 -1.8666105270385742 24.68096923828125
      vertex 11.707364082336426 -1.471177101135254 24.41157341003418
      vertex 11.707365036010742 -1.4711772203445435 24.41157341003418
    endloop
  endfacet
  facet normal -0.16181212311548454 -0.5334212634630022 -0.8302280364444421
    outer loop
      vertex 11.628708839416504 -1.8666105270385742 24.68096923828125
      vertex 11.644713401794434 -1.4521721601486206 24.41157341003418
      vertex 11.707364082336426 -1.471177101135254 24.41157341003418
    endloop
  endfacet
  facet normal -0.16181160674057812 -0.5334213236762856 -0.830228098399152
    outer loop
      vertex 11.644713401794434 -1.4521721601486206 24.41157341003418
      vertex 11.628708839416504 -1.8666105270385742 24.68096923828125
      vertex 11.271684646606445 -1.7583084106445312 24.68096923828125
    endloop
  endfacet
  facet normal -0.24172222939173033 -0.7968481936500145 0.5537177260072146
    outer loop
      vertex 11.11254596710205 -2.1425046920776367 28.903179168701172
      vertex 10.987510681152344 -2.444366455078125 28.4141902923584
      vertex 11.547579765319824 -2.2744712829589844 28.903179168701172
    endloop
  endfacet
  facet normal 0.5479185748890167 -0.4496646211715379 -0.7053984432632711
    outer loop
      vertex 13.928203582763672 -1.2883844375610352 25.096820831298828
      vertex 13.34575080871582 -1.3457508087158203 24.68096923828125
      vertex 13.582435607910156 -1.0573492050170898 24.68096923828125
    endloop
  endfacet
  facet normal -0.6343937161512105 -0.7730100988395026 0
    outer loop
      vertex 9.888895034790039 -2.111104965209961 26.705947875976562
      vertex 10.341315269470215 -2.4823970794677734 27.294052124023438
      vertex 9.888895034790039 -2.111104965209961 27.294052124023438
    endloop
  endfacet
  facet normal -0.6343937161512105 -0.7730100988395026 0
    outer loop
      vertex 10.341315269470215 -2.4823970794677734 27.294052124023438
      vertex 9.888895034790039 -2.111104965209961 26.705947875976562
      vertex 10.341315269470215 -2.4823970794677734 26.705947875976562
    endloop
  endfacet
  facet normal -0.758295681853215 -0.6223178924498859 -0.19418573485068366
    outer loop
      vertex 9.888895034790039 -2.111104965209961 26.705947875976562
      vertex 9.517602920532227 -1.6586847305297852 26.705947875976562
      vertex 9.970023155212402 -2.0299768447875977 26.129146575927734
    endloop
  endfacet
  facet normal -0.9762411071734953 -0.09615114543681448 0.19418614238883392
    outer loop
      vertex 9.129179000854492 0 27.870853424072266
      vertex 9.014446258544922 0 27.294052124023438
      vertex 9.071812629699707 -0.5824518203735352 27.294052124023438
    endloop
  endfacet
  facet normal -0.884719886752172 0.26837732561796857 -0.3811093453057417
    outer loop
      vertex 9.405074119567871 0.5161628723144531 25.585811614990234
      vertex 9.184341430664062 0.5600690841674805 26.129146575927734
      vertex 9.347707748413086 1.0986146926879883 26.129146575927734
    endloop
  endfacet
  facet normal -0.35362895940857886 0.4308957372793717 0.8302261274267827
    outer loop
      vertex 11.116034507751465 1.205669641494751 29.588428497314453
      vertex 10.65424919128418 1.3457508087158203 29.31903076171875
      vertex 10.939340591430664 1.0606598854064941 29.588428497314453
    endloop
  endfacet
  facet normal 0.8153632402363585 0.43582014884743014 0.3811083629755057
    outer loop
      vertex 14.652292251586914 1.0986146926879883 27.870853424072266
      vertex 14.38700008392334 1.5949420928955078 27.870853424072266
      vertex 14.444366455078125 1.0124893188476562 28.4141902923584
    endloop
  endfacet
  facet normal -0.09061963859402507 0.9200782395196833 0.3811090582280204
    outer loop
      vertex 12 2.870820999145508 27.870853424072266
      vertex 11.483837127685547 2.594925880432129 28.4141902923584
      vertex 12 2.645763397216797 28.4141902923584
    endloop
  endfacet
  facet normal -0.7582963141254431 0.6223167347350546 0.19418697601143894
    outer loop
      vertex 9.970023155212402 2.0299768447875977 27.870853424072266
      vertex 9.517602920532227 1.6586847305297852 27.294052124023438
      vertex 9.61299991607666 1.5949420928955078 27.870853424072266
    endloop
  endfacet
  facet normal -0.8651335903819487 -0.4624229196595555 0.19418783217897745
    outer loop
      vertex 9.347707748413086 -1.0986146926879883 27.870853424072266
      vertex 9.241707801818848 -1.142521858215332 27.294052124023438
      vertex 9.61299991607666 -1.5949420928955078 27.870853424072266
    endloop
  endfacet
  facet normal 0.6782902788425428 -0.20575712852947958 0.7053979739742728
    outer loop
      vertex 13.866610527038574 -0.3712911605834961 29.31903076171875
      vertex 13.758308410644531 -0.7283153533935547 29.31903076171875
      vertex 14.274471282958984 -0.4524202346801758 28.903179168701172
    endloop
  endfacet
  facet normal 0.09061963859402507 -0.9200782395196833 0.3811090582280204
    outer loop
      vertex 12 -2.645763397216797 28.4141902923584
      vertex 12 -2.870820999145508 27.870853424072266
      vertex 12.516162872314453 -2.594925880432129 28.4141902923584
    endloop
  endfacet
  facet normal 0.7146717495801053 -0.5865154581443385 0.3811087872377757
    outer loop
      vertex 14.199872016906738 -1.4699068069458008 28.4141902923584
      vertex 13.870837211608887 -1.8708372116088867 28.4141902923584
      vertex 14.029976844787598 -2.0299768447875977 27.870853424072266
    endloop
  endfacet
  facet normal 0.43582017589929045 -0.8153632107680197 0.3811083950861976
    outer loop
      vertex 13.4699068069458 -2.1998720169067383 28.4141902923584
      vertex 13.012489318847656 -2.444366455078125 28.4141902923584
      vertex 13.594942092895508 -2.38700008392334 27.870853424072266
    endloop
  endfacet
  facet normal 0.4624229196595556 0.8651335903819488 -0.1941878321789775
    outer loop
      vertex 13.594942092895508 2.38700008392334 26.129146575927734
      vertex 13.098614692687988 2.652292251586914 26.129146575927734
      vertex 13.142521858215332 2.7582921981811523 26.705947875976562
    endloop
  endfacet
  facet normal 0.586515159096788 -0.7146713851893067 -0.3811099307827957
    outer loop
      vertex 14.029976844787598 -2.0299768447875977 26.129146575927734
      vertex 13.4699068069458 -2.1998720169067383 25.585811614990234
      vertex 13.870837211608887 -1.8708372116088867 25.585811614990234
    endloop
  endfacet
  facet normal 0.6223167347350546 0.7582963141254431 -0.19418697601143894
    outer loop
      vertex 14.029976844787598 2.0299768447875977 26.129146575927734
      vertex 13.594942092895508 2.38700008392334 26.129146575927734
      vertex 13.658684730529785 2.4823970794677734 26.705947875976562
    endloop
  endfacet
  facet normal 0.33413201691236705 0.6251150989016905 0.7053984040237145
    outer loop
      vertex 13.288384437561035 1.9282035827636719 28.903179168701172
      vertex 12.728315353393555 1.7583084106445312 29.31903076171875
      vertex 13.05734920501709 1.5824356079101562 29.31903076171875
    endloop
  endfacet
  facet normal 0.33413201691236705 -0.6251150989016905 -0.7053984040237145
    outer loop
      vertex 13.288384437561035 -1.9282035827636719 25.096820831298828
      vertex 12.728315353393555 -1.7583084106445312 24.68096923828125
      vertex 13.05734920501709 -1.5824356079101562 24.68096923828125
    endloop
  endfacet
  facet normal -0.6782902788425428 0.20575712852947958 0.7053979739742728
    outer loop
      vertex 10.241691589355469 0.7283153533935547 29.31903076171875
      vertex 9.725528717041016 0.4524202346801758 28.903179168701172
      vertex 10.133389472961426 0.3712911605834961 29.31903076171875
    endloop
  endfacet
  facet normal -0.5547405483636445 -0.05463672835008733 0.8302275302086781
    outer loop
      vertex 10.096820831298828 0 29.31903076171875
      vertex 10.506417274475098 -0.06515621393918991 29.58842658996582
      vertex 10.5 0 29.58842658996582
    endloop
  endfacet
  facet normal -0.5547405426965346 -0.05463665789862665 0.830227538631683
    outer loop
      vertex 10.506417274475098 -0.06515621393918991 29.58842658996582
      vertex 10.096820831298828 0 29.31903076171875
      vertex 10.133389472961426 -0.3712911605834961 29.31903076171875
    endloop
  endfacet
  facet normal -0.528262685030783 -0.6436884249634542 0.5537181116526128
    outer loop
      vertex 10.360198020935059 -1.6398019790649414 28.903179168701172
      vertex 10.129162788391113 -1.8708372116088867 28.4141902923584
      vertex 10.711615562438965 -1.9282035827636719 28.903179168701172
    endloop
  endfacet
  facet normal -0.7343810766703417 0.3925343770540058 -0.5537158089302973
    outer loop
      vertex 10.071796417236328 1.2883844375610352 25.096820831298828
      vertex 9.555633544921875 1.0124893188476562 25.585811614990234
      vertex 9.800127983093262 1.4699068069458008 25.585811614990234
    endloop
  endfacet
  facet normal -0.08161937291175476 -0.8286958661762204 -0.5537160277145097
    outer loop
      vertex 12 -2.31903076171875 25.096820831298828
      vertex 11.483837127685547 -2.594925880432129 25.585811614990234
      vertex 11.547579765319824 -2.2744712829589844 25.096820831298828
    endloop
  endfacet
  facet normal -0.09062054106456521 -0.9200784594877862 0.381108312588098
    outer loop
      vertex 11.483837127685547 -2.594925880432129 28.4141902923584
      vertex 11.43993091583252 -2.8156585693359375 27.870853424072266
      vertex 12 -2.870820999145508 27.870853424072266
    endloop
  endfacet
  facet normal -0.6436891947715935 -0.5282633167974868 -0.5537166140368337
    outer loop
      vertex 10.129162788391113 -1.8708372116088867 25.585811614990234
      vertex 10.071796417236328 -1.2883844375610352 25.096820831298828
      vertex 10.360198020935059 -1.6398019790649414 25.096820831298828
    endloop
  endfacet
  facet normal -0.7968491466256263 -0.2417225184748848 -0.5537162283915561
    outer loop
      vertex 9.857495307922363 -0.8874540328979492 25.096820831298828
      vertex 9.555633544921875 -1.0124893188476562 25.585811614990234
      vertex 9.725528717041016 -0.4524202346801758 25.096820831298828
    endloop
  endfacet
  facet normal 0.39253368313572923 0.7343811188253329 -0.5537162449456859
    outer loop
      vertex 13.288384437561035 1.9282035827636719 25.096820831298828
      vertex 12.88745403289795 2.1425046920776367 25.096820831298828
      vertex 13.012489318847656 2.444366455078125 25.585811614990234
    endloop
  endfacet
  facet normal -0.6223167347350546 0.7582963141254431 -0.19418697601143894
    outer loop
      vertex 10.405057907104492 2.38700008392334 26.129146575927734
      vertex 9.970023155212402 2.0299768447875977 26.129146575927734
      vertex 10.341315269470215 2.4823970794677734 26.705947875976562
    endloop
  endfacet
  facet normal -0.39253368313572923 0.7343811188253329 -0.5537162449456859
    outer loop
      vertex 11.11254596710205 2.1425046920776367 25.096820831298828
      vertex 10.711615562438965 1.9282035827636719 25.096820831298828
      vertex 10.987510681152344 2.444366455078125 25.585811614990234
    endloop
  endfacet
  facet normal -0.3341308412525308 0.6251167519507789 -0.7053974959938434
    outer loop
      vertex 11.271684646606445 1.7583084106445312 24.68096923828125
      vertex 10.711615562438965 1.9282035827636719 25.096820831298828
      vertex 11.11254596710205 2.1425046920776367 25.096820831298828
    endloop
  endfacet
  facet normal 0.8286959195967125 -0.08161928139654781 -0.5537159612545678
    outer loop
      vertex 14.594925880432129 -0.5161628723144531 25.585811614990234
      vertex 14.31903076171875 0 25.096820831298828
      vertex 14.645763397216797 0 25.585811614990234
    endloop
  endfacet
  facet normal 0.4624239024208883 -0.8651332825804343 0.1941868632051076
    outer loop
      vertex 13.594942092895508 -2.38700008392334 27.870853424072266
      vertex 13.142521858215332 -2.7582921981811523 27.294052124023438
      vertex 13.658684730529785 -2.4823970794677734 27.294052124023438
    endloop
  endfacet
  facet normal 0.09061959238958303 -0.9200777703972903 -0.38111020177357713
    outer loop
      vertex 12.516162872314453 -2.594925880432129 25.585811614990234
      vertex 12 -2.870820999145508 26.129146575927734
      vertex 12 -2.645763397216797 25.585811614990234
    endloop
  endfacet
  facet normal -0.2847586474093503 -0.9387246526257585 0.19418686690465564
    outer loop
      vertex 11.43993091583252 -2.8156585693359375 27.870853424072266
      vertex 10.857478141784668 -2.7582921981811523 27.294052124023438
      vertex 11.417548179626465 -2.928187370300293 27.294052124023438
    endloop
  endfacet
  facet normal -0.6223178924498859 -0.758295681853215 -0.19418573485068366
    outer loop
      vertex 10.341315269470215 -2.4823970794677734 26.705947875976562
      vertex 9.888895034790039 -2.111104965209961 26.705947875976562
      vertex 9.970023155212402 -2.0299768447875977 26.129146575927734
    endloop
  endfacet
  facet normal 0.6223167347350546 -0.7582963141254431 -0.19418697601143894
    outer loop
      vertex 13.658684730529785 -2.4823970794677734 26.705947875976562
      vertex 13.594942092895508 -2.38700008392334 26.129146575927734
      vertex 14.029976844787598 -2.0299768447875977 26.129146575927734
    endloop
  endfacet
  facet normal 0.08161927530078812 -0.828694875114887 0.5537175253301053
    outer loop
      vertex 12.452420234680176 -2.2744712829589844 28.903179168701172
      vertex 12 -2.31903076171875 28.903179168701172
      vertex 12.516162872314453 -2.594925880432129 28.4141902923584
    endloop
  endfacet
  facet normal 0.06947564303350023 -0.7053984382365254 0.7053978865566248
    outer loop
      vertex 12.371291160583496 -1.8666105270385742 29.31903076171875
      vertex 12 -2.31903076171875 28.903179168701172
      vertex 12.452420234680176 -2.2744712829589844 28.903179168701172
    endloop
  endfacet
  facet normal -0.09615209567375166 -0.9762408282355816 0.19418707419252074
    outer loop
      vertex 11.43993091583252 -2.8156585693359375 27.870853424072266
      vertex 11.417548179626465 -2.928187370300293 27.294052124023438
      vertex 12 -2.870820999145508 27.870853424072266
    endloop
  endfacet
  facet normal -0.268377715368482 -0.8847201527526004 0.3811084533397411
    outer loop
      vertex 10.987510681152344 -2.444366455078125 28.4141902923584
      vertex 10.901385307312012 -2.652292251586914 27.870853424072266
      vertex 11.483837127685547 -2.594925880432129 28.4141902923584
    endloop
  endfacet
  facet normal -0.6436897150621164 -0.5282620564675605 0.5537172115980459
    outer loop
      vertex 10.071796417236328 -1.2883844375610352 28.903179168701172
      vertex 9.800127983093262 -1.4699068069458008 28.4141902923584
      vertex 10.129162788391113 -1.8708372116088867 28.4141902923584
    endloop
  endfacet
  facet normal -0.9200777703972903 0.09061959238958303 -0.38111020177357713
    outer loop
      vertex 9.354236602783203 0 25.585811614990234
      vertex 9.129179000854492 0 26.129146575927734
      vertex 9.405074119567871 0.5161628723144531 25.585811614990234
    endloop
  endfacet
  facet normal -0.7146716810010227 0.5865149792282845 -0.3811096528769866
    outer loop
      vertex 9.800127983093262 1.4699068069458008 25.585811614990234
      vertex 9.61299991607666 1.5949420928955078 26.129146575927734
      vertex 9.970023155212402 2.0299768447875977 26.129146575927734
    endloop
  endfacet
  facet normal -0.9762411071734953 0.09615114543681448 0.19418614238883392
    outer loop
      vertex 9.071812629699707 0.5824518203735352 27.294052124023438
      vertex 9.014446258544922 0 27.294052124023438
      vertex 9.129179000854492 0 27.870853424072266
    endloop
  endfacet
  facet normal -0.8847203378445232 0.26837746245558314 0.3811082017618814
    outer loop
      vertex 9.347707748413086 1.0986146926879883 27.870853424072266
      vertex 9.184341430664062 0.5600690841674805 27.870853424072266
      vertex 9.405074119567871 0.5161628723144531 28.4141902923584
    endloop
  endfacet
  facet normal -0.758295681853215 0.6223178924498859 0.19418573485068366
    outer loop
      vertex 9.888895034790039 2.111104965209961 27.294052124023438
      vertex 9.517602920532227 1.6586847305297852 27.294052124023438
      vertex 9.970023155212402 2.0299768447875977 27.870853424072266
    endloop
  endfacet
  facet normal -0.5865152782753073 0.7146720453914407 0.3811085093325171
    outer loop
      vertex 10.405057907104492 2.38700008392334 27.870853424072266
      vertex 9.970023155212402 2.0299768447875977 27.870853424072266
      vertex 10.5300931930542 2.1998720169067383 28.4141902923584
    endloop
  endfacet
  facet normal -0.7968481936500145 0.24172222939173033 0.5537177260072146
    outer loop
      vertex 9.857495307922363 0.8874540328979492 28.903179168701172
      vertex 9.555633544921875 1.0124893188476562 28.4141902923584
      vertex 9.725528717041016 0.4524202346801758 28.903179168701172
    endloop
  endfacet
  facet normal -0.6782902788425428 -0.20575712852947958 0.7053979739742728
    outer loop
      vertex 10.133389472961426 -0.3712911605834961 29.31903076171875
      vertex 9.725528717041016 -0.4524202346801758 28.903179168701172
      vertex 10.241691589355469 -0.7283153533935547 29.31903076171875
    endloop
  endfacet
  facet normal -0.16181260196525274 0.533423744318674 0.8302263491616491
    outer loop
      vertex 11.644713401794434 1.4521721601486206 29.588428497314453
      vertex 11.271684646606445 1.7583084106445312 29.31903076171875
      vertex 11.425975799560547 1.3858187198638916 29.588428497314453
    endloop
  endfacet
  facet normal -0.6251167519507789 -0.3341308412525308 0.7053974959938434
    outer loop
      vertex 10.241691589355469 -0.7283153533935547 29.31903076171875
      vertex 9.857495307922363 -0.8874540328979492 28.903179168701172
      vertex 10.071796417236328 -1.2883844375610352 28.903179168701172
    endloop
  endfacet
  facet normal -0.6436884249634542 -0.528262685030783 0.5537181116526128
    outer loop
      vertex 10.360198020935059 -1.6398019790649414 28.903179168701172
      vertex 10.071796417236328 -1.2883844375610352 28.903179168701172
      vertex 10.129162788391113 -1.8708372116088867 28.4141902923584
    endloop
  endfacet
  facet normal 0.35362798660064154 -0.43089616913329254 0.8302263176502112
    outer loop
      vertex 13.060659408569336 -1.060659408569336 29.588428497314453
      vertex 12.883964538574219 -1.2056694030761719 29.588428497314453
      vertex 13.34575080871582 -1.3457508087158203 29.31903076171875
    endloop
  endfacet
  facet normal 0.6436897150621164 -0.5282620564675605 0.5537172115980459
    outer loop
      vertex 13.928203582763672 -1.2883844375610352 28.903179168701172
      vertex 13.870837211608887 -1.8708372116088867 28.4141902923584
      vertex 14.199872016906738 -1.4699068069458008 28.4141902923584
    endloop
  endfacet
  facet normal 0.3341308412525308 -0.6251167519507789 0.7053974959938434
    outer loop
      vertex 13.288384437561035 -1.9282035827636719 28.903179168701172
      vertex 12.728315353393555 -1.7583084106445312 29.31903076171875
      vertex 12.88745403289795 -2.1425046920776367 28.903179168701172
    endloop
  endfacet
  facet normal -0.3925339076111721 -0.7343801984034845 0.5537173065458244
    outer loop
      vertex 10.711615562438965 -1.9282035827636719 28.903179168701172
      vertex 10.5300931930542 -2.1998720169067383 28.4141902923584
      vertex 10.987510681152344 -2.444366455078125 28.4141902923584
    endloop
  endfacet
  facet normal 0.7582963141254431 -0.6223167347350546 0.19418697601143894
    outer loop
      vertex 14.38700008392334 -1.5949420928955078 27.870853424072266
      vertex 14.029976844787598 -2.0299768447875977 27.870853424072266
      vertex 14.482397079467773 -1.6586847305297852 27.294052124023438
    endloop
  endfacet
  facet normal 0.93872319811205 0.2847612169581789 0.19419013013740422
    outer loop
      vertex 14.821541786193848 0.8314695358276367 27.444429397583008
      vertex 14.758292198181152 1.142521858215332 27.294052124023438
      vertex 14.783500671386719 0.8865717053413391 27.54751968383789
    endloop
  endfacet
  facet normal 0.9387249852821093 0.28475898558200863 0.19418476288681674
    outer loop
      vertex 14.758292198181152 1.142521858215332 27.294052124023438
      vertex 14.821541786193848 0.8314695358276367 27.444429397583008
      vertex 14.890085220336914 0.7080582976341248 27.294052124023438
    endloop
  endfacet
  facet normal 0.554743234595985 0.05463692302507415 0.8302257225070397
    outer loop
      vertex 13.493582725524902 0.06515605002641678 29.588428497314453
      vertex 13.903179168701172 0 29.31903076171875
      vertex 13.866610527038574 0.3712911605834961 29.31903076171875
    endloop
  endfacet
  facet normal 0.5547412806631579 0.05461263418830527 0.8302286261718598
    outer loop
      vertex 13.903179168701172 0 29.31903076171875
      vertex 13.493582725524902 0.06515605002641678 29.588428497314453
      vertex 13.5 0 29.58842658996582
    endloop
  endfacet
  facet normal 0.2847586474093503 0.9387246526257585 -0.19418686690465564
    outer loop
      vertex 13.142521858215332 2.7582921981811523 26.705947875976562
      vertex 12.56006908416748 2.8156585693359375 26.129146575927734
      vertex 12.582451820373535 2.928187370300293 26.705947875976562
    endloop
  endfacet
  facet normal 0.8651332825804343 0.4624239024208883 -0.1941868632051076
    outer loop
      vertex 14.758292198181152 1.142521858215332 26.705947875976562
      vertex 14.38700008392334 1.5949420928955078 26.129146575927734
      vertex 14.482397079467773 1.6586847305297852 26.705947875976562
    endloop
  endfacet
  facet normal 0.6223178924498859 0.758295681853215 0.19418573485068366
    outer loop
      vertex 14.111104965209961 2.111104965209961 27.294052124023438
      vertex 13.658684730529785 2.4823970794677734 27.294052124023438
      vertex 14.029976844787598 2.0299768447875977 27.870853424072266
    endloop
  endfacet
  facet normal 0.7582963141254431 0.6223167347350546 0.19418697601143894
    outer loop
      vertex 14.482397079467773 1.6586847305297852 27.294052124023438
      vertex 14.029976844787598 2.0299768447875977 27.870853424072266
      vertex 14.38700008392334 1.5949420928955078 27.870853424072266
    endloop
  endfacet
  facet normal 0.4496659622820419 0.5479182672236957 0.7053978273340143
    outer loop
      vertex 13.639801979064941 1.6398019790649414 28.903179168701172
      vertex 13.288384437561035 1.9282035827636719 28.903179168701172
      vertex 13.34575080871582 1.3457508087158203 29.31903076171875
    endloop
  endfacet
  facet normal 0.6223167347350546 0.7582963141254431 0.19418697601143894
    outer loop
      vertex 13.658684730529785 2.4823970794677734 27.294052124023438
      vertex 13.594942092895508 2.38700008392334 27.870853424072266
      vertex 14.029976844787598 2.0299768447875977 27.870853424072266
    endloop
  endfacet
  facet normal 0.8847190201242257 0.26837931037634405 0.38110995945048165
    outer loop
      vertex 14.652292251586914 1.0986146926879883 27.870853424072266
      vertex 14.64224910736084 0.9966484904289246 27.965972900390625
      vertex 14.686065673828125 0.9872797727584839 27.870853424072266
    endloop
  endfacet
  facet normal 0.5865154581443385 0.7146717495801053 0.3811087872377757
    outer loop
      vertex 14.029976844787598 2.0299768447875977 27.870853424072266
      vertex 13.4699068069458 2.1998720169067383 28.4141902923584
      vertex 13.870837211608887 1.8708372116088867 28.4141902923584
    endloop
  endfacet
  facet normal 0.6782904221890337 0.20575797790990982 0.7053975883805158
    outer loop
      vertex 14.142504692077637 0.8874540328979492 28.903179168701172
      vertex 13.758308410644531 0.7283153533935547 29.31903076171875
      vertex 14.274471282958984 0.4524202346801758 28.903179168701172
    endloop
  endfacet
  facet normal 0.491606318300008 -0.26276986581998646 0.8302260086412963
    outer loop
      vertex 13.278066635131836 -0.775614857673645 29.588428497314453
      vertex 13.582435607910156 -1.0573492050170898 29.31903076171875
      vertex 13.758308410644531 -0.7283153533935547 29.31903076171875
    endloop
  endfacet
  facet normal 0.4916063642819226 -0.26276980769869585 0.8302259998093892
    outer loop
      vertex 13.582435607910156 -1.0573492050170898 29.31903076171875
      vertex 13.278066635131836 -0.775614857673645 29.588428497314453
      vertex 13.247203826904297 -0.8333549499511719 29.588428497314453
    endloop
  endfacet
  facet normal 0.9387242579980688 0.28475940196064 -0.19418766809711188
    outer loop
      vertex 14.815658569335938 0.5600690841674805 26.129146575927734
      vertex 14.652292251586914 1.0986146926879883 26.129146575927734
      vertex 14.758292198181152 1.142521858215332 26.705947875976562
    endloop
  endfacet
  facet normal 0.43089400297039376 0.35362632816257605 -0.8302281483028653
    outer loop
      vertex 13.205669403076172 0.8839645981788635 24.41157341003418
      vertex 13.060659408569336 1.060659408569336 24.41157341003418
      vertex 13.34575080871582 1.3457508087158203 24.68096923828125
    endloop
  endfacet
  facet normal 0.5547389890356063 -0.05463928328450779 -0.8302284039744177
    outer loop
      vertex 13.866610527038574 -0.3712911605834961 24.68096923828125
      vertex 13.471177101135254 -0.2926347553730011 24.41157341003418
      vertex 13.493582725524902 -0.06515605002641678 24.41157341003418
    endloop
  endfacet
  facet normal 0.8286958661762204 -0.08161937291175476 -0.5537160277145097
    outer loop
      vertex 14.594925880432129 -0.5161628723144531 25.585811614990234
      vertex 14.274471282958984 -0.4524202346801758 25.096820831298828
      vertex 14.31903076171875 0 25.096820831298828
    endloop
  endfacet
  facet normal 0.6251167519507789 -0.3341308412525308 -0.7053974959938434
    outer loop
      vertex 13.928203582763672 -1.2883844375610352 25.096820831298828
      vertex 13.758308410644531 -0.7283153533935547 24.68096923828125
      vertex 14.142504692077637 -0.8874540328979492 25.096820831298828
    endloop
  endfacet
  facet normal -0.6223167347350546 -0.7582963141254431 0.19418697601143894
    outer loop
      vertex 10.405057907104492 -2.38700008392334 27.870853424072266
      vertex 9.970023155212402 -2.0299768447875977 27.870853424072266
      vertex 10.341315269470215 -2.4823970794677734 27.294052124023438
    endloop
  endfacet
  facet normal -0.1986845597941523 -0.5298254927844062 -0.8245055444902508
    outer loop
      vertex 10.94265079498291 -1.5824356079101562 24.68096923828125
      vertex 11.166644096374512 -1.2472038269042969 24.41157341003418
      vertex 11.166645050048828 -1.2472041845321655 24.41157341003418
    endloop
  endfacet
  facet normal -0.3536264555756632 -0.4308954001731112 -0.83022736887352
    outer loop
      vertex 10.94265079498291 -1.5824356079101562 24.68096923828125
      vertex 11.116034507751465 -1.205669641494751 24.41157341003418
      vertex 11.166644096374512 -1.2472038269042969 24.41157341003418
    endloop
  endfacet
  facet normal -0.3536263470290813 -0.43089546071597257 -0.8302273836854802
    outer loop
      vertex 11.116034507751465 -1.205669641494751 24.41157341003418
      vertex 10.94265079498291 -1.5824356079101562 24.68096923828125
      vertex 10.65424919128418 -1.3457508087158203 24.68096923828125
    endloop
  endfacet
  facet normal -0.6223178924498859 -0.758295681853215 0.19418573485068366
    outer loop
      vertex 9.970023155212402 -2.0299768447875977 27.870853424072266
      vertex 9.888895034790039 -2.111104965209961 27.294052124023438
      vertex 10.341315269470215 -2.4823970794677734 27.294052124023438
    endloop
  endfacet
  facet normal -0.7582963141254431 -0.6223167347350546 0.19418697601143894
    outer loop
      vertex 9.61299991607666 -1.5949420928955078 27.870853424072266
      vertex 9.517602920532227 -1.6586847305297852 27.294052124023438
      vertex 9.970023155212402 -2.0299768447875977 27.870853424072266
    endloop
  endfacet
  facet normal -0.9569404384640043 -0.2902843385929026 0
    outer loop
      vertex 9.241707801818848 -1.142521858215332 26.705947875976562
      vertex 9.071812629699707 -0.5824518203735352 27.294052124023438
      vertex 9.071812629699707 -0.5824518203735352 26.705947875976562
    endloop
  endfacet
  facet normal -0.9569404384640043 -0.2902843385929026 0
    outer loop
      vertex 9.071812629699707 -0.5824518203735352 27.294052124023438
      vertex 9.241707801818848 -1.142521858215332 26.705947875976562
      vertex 9.241707801818848 -1.142521858215332 27.294052124023438
    endloop
  endfacet
  facet normal -0.9387242579980688 0.28475940196064 -0.19418766809711188
    outer loop
      vertex 9.347707748413086 1.0986146926879883 26.129146575927734
      vertex 9.184341430664062 0.5600690841674805 26.129146575927734
      vertex 9.241707801818848 1.142521858215332 26.705947875976562
    endloop
  endfacet
  facet normal -0.884719886752172 -0.26837732561796857 -0.3811093453057417
    outer loop
      vertex 9.347707748413086 -1.0986146926879883 26.129146575927734
      vertex 9.184341430664062 -0.5600690841674805 26.129146575927734
      vertex 9.405074119567871 -0.5161628723144531 25.585811614990234
    endloop
  endfacet
  facet normal -0.9387246526257585 0.2847586474093503 -0.19418686690465564
    outer loop
      vertex 9.184341430664062 0.5600690841674805 26.129146575927734
      vertex 9.071812629699707 0.5824518203735352 26.705947875976562
      vertex 9.241707801818848 1.142521858215332 26.705947875976562
    endloop
  endfacet
  facet normal -0.7730100988395026 0.6343937161512105 0
    outer loop
      vertex 9.517602920532227 1.6586847305297852 26.705947875976562
      vertex 9.888895034790039 2.111104965209961 27.294052124023438
      vertex 9.888895034790039 2.111104965209961 26.705947875976562
    endloop
  endfacet
  facet normal -0.7730100988395026 0.6343937161512105 0
    outer loop
      vertex 9.888895034790039 2.111104965209961 27.294052124023438
      vertex 9.517602920532227 1.6586847305297852 26.705947875976562
      vertex 9.517602920532227 1.6586847305297852 27.294052124023438
    endloop
  endfacet
  facet normal -0.5547405426965346 -0.05463665789862665 -0.830227538631683
    outer loop
      vertex 10.096820831298828 0 24.68096923828125
      vertex 10.506417274475098 -0.06515621393918991 24.41157341003418
      vertex 10.133389472961426 -0.3712911605834961 24.68096923828125
    endloop
  endfacet
  facet normal -0.5547405483636445 -0.05463672835008733 -0.8302275302086781
    outer loop
      vertex 10.506417274475098 -0.06515621393918991 24.41157341003418
      vertex 10.096820831298828 0 24.68096923828125
      vertex 10.5 0 24.41157341003418
    endloop
  endfacet
  facet normal -0.5334220526354606 0.1618112525516792 -0.8302276990740723
    outer loop
      vertex 10.241691589355469 0.7283153533935547 24.68096923828125
      vertex 10.614180564880371 0.5740242004394531 24.41157341003418
      vertex 10.54782772064209 0.35528743267059326 24.41157341003418
    endloop
  endfacet
  facet normal -0.5860279863901895 0 -0.810290811479101
    outer loop
      vertex 10.614180564880371 0.5740242004394531 24.41157341003418
      vertex 10.241691589355469 0.7283153533935547 24.68096923828125
      vertex 10.614180564880371 0.5740247368812561 24.41157341003418
    endloop
  endfacet
  facet normal -0.5547402940063233 -0.054637082564039666 -0.8302276768541678
    outer loop
      vertex 10.52882194519043 -0.2926349341869354 24.41157341003418
      vertex 10.133389472961426 -0.3712911605834961 24.68096923828125
      vertex 10.506417274475098 -0.06515621393918991 24.41157341003418
    endloop
  endfacet
  facet normal 0.2417225184748848 -0.7968491466256263 -0.5537162283915561
    outer loop
      vertex 13.012489318847656 -2.444366455078125 25.585811614990234
      vertex 12.452420234680176 -2.2744712829589844 25.096820831298828
      vertex 12.88745403289795 -2.1425046920776367 25.096820831298828
    endloop
  endfacet
  facet normal 0.8286959195967125 0.08161928139654781 -0.5537159612545678
    outer loop
      vertex 14.645763397216797 0 25.585811614990234
      vertex 14.31903076171875 0 25.096820831298828
      vertex 14.594925880432129 0.5161628723144531 25.585811614990234
    endloop
  endfacet
  facet normal 0.3925343770540058 0.7343810766703417 -0.5537158089302973
    outer loop
      vertex 13.288384437561035 1.9282035827636719 25.096820831298828
      vertex 13.012489318847656 2.444366455078125 25.585811614990234
      vertex 13.4699068069458 2.1998720169067383 25.585811614990234
    endloop
  endfacet
  facet normal 0.20575797790990982 0.6782904221890337 -0.7053975883805158
    outer loop
      vertex 12.728315353393555 1.7583084106445312 24.68096923828125
      vertex 12.452420234680176 2.2744712829589844 25.096820831298828
      vertex 12.88745403289795 2.1425046920776367 25.096820831298828
    endloop
  endfacet
  facet normal -0.08161937291175476 0.8286958661762204 -0.5537160277145097
    outer loop
      vertex 11.547579765319824 2.2744712829589844 25.096820831298828
      vertex 11.483837127685547 2.594925880432129 25.585811614990234
      vertex 12 2.31903076171875 25.096820831298828
    endloop
  endfacet
  facet normal -0.5865149792282845 0.7146716810010227 -0.3811096528769866
    outer loop
      vertex 10.5300931930542 2.1998720169067383 25.585811614990234
      vertex 9.970023155212402 2.0299768447875977 26.129146575927734
      vertex 10.405057907104492 2.38700008392334 26.129146575927734
    endloop
  endfacet
  facet normal -0.28475940196064 0.9387242579980688 -0.19418766809711188
    outer loop
      vertex 10.901385307312012 2.652292251586914 26.129146575927734
      vertex 10.857478141784668 2.7582921981811523 26.705947875976562
      vertex 11.43993091583252 2.8156585693359375 26.129146575927734
    endloop
  endfacet
  facet normal -0.05463894529571673 0.5547404809672196 -0.8302274293428453
    outer loop
      vertex 11.934844017028809 1.4935824871063232 24.41157341003418
      vertex 12 1.9031791687011719 24.68096923828125
      vertex 12 1.5 24.41157341003418
    endloop
  endfacet
  facet normal -0.05463663350378538 0.5547402950092124 -0.8302277057364834
    outer loop
      vertex 12 1.9031791687011719 24.68096923828125
      vertex 11.934844017028809 1.4935824871063232 24.41157341003418
      vertex 11.628708839416504 1.8666105270385742 24.68096923828125
    endloop
  endfacet
  facet normal 0.26276667668847387 0.4916038001873209 -0.8302285090645103
    outer loop
      vertex 12.775614738464355 1.2780663967132568 24.41157341003418
      vertex 12.574024200439453 1.385818362236023 24.41157341003418
      vertex 12.728315353393555 1.7583084106445312 24.68096923828125
    endloop
  endfacet
  facet normal -0.430894833431907 -0.3536264733767373 -0.8302276554348337
    outer loop
      vertex 10.939339637756348 -1.060659408569336 24.41157341003418
      vertex 10.65424919128418 -1.3457508087158203 24.68096923828125
      vertex 10.794330596923828 -0.8839654922485352 24.41157341003418
    endloop
  endfacet
  facet normal -0.2575195398799623 -0.5150390797599246 -0.8175686105153882
    outer loop
      vertex 10.65424919128418 -1.3457508087158203 24.68096923828125
      vertex 10.939339637756348 -1.060659408569336 24.41157341003418
      vertex 10.939340591430664 -1.0606598854064941 24.41157341003418
    endloop
  endfacet
  facet normal -0.13576587933009426 -0.543063517320377 -0.8286432538585872
    outer loop
      vertex 11.271684646606445 -1.7583084106445312 24.68096923828125
      vertex 11.42597484588623 -1.3858184814453125 24.41157341003418
      vertex 11.425975799560547 -1.3858187198638916 24.41157341003418
    endloop
  endfacet
  facet normal -0.26276699176398893 -0.4916042395044105 -0.8302281492099589
    outer loop
      vertex 11.42597484588623 -1.3858184814453125 24.41157341003418
      vertex 11.271684646606445 -1.7583084106445312 24.68096923828125
      vertex 11.224385261535645 -1.2780669927597046 24.41157341003418
    endloop
  endfacet
  facet normal -0.05463837322845546 -0.5547392761998309 -0.8302282719904421
    outer loop
      vertex 11.934844017028809 -1.4935824871063232 24.41157341003418
      vertex 11.628708839416504 -1.8666105270385742 24.68096923828125
      vertex 11.707365036010742 -1.4711772203445435 24.41157341003418
    endloop
  endfacet
  facet normal 0.4496646211715379 -0.5479185748890167 -0.7053984432632711
    outer loop
      vertex 13.288384437561035 -1.9282035827636719 25.096820831298828
      vertex 13.05734920501709 -1.5824356079101562 24.68096923828125
      vertex 13.34575080871582 -1.3457508087158203 24.68096923828125
    endloop
  endfacet
  facet normal 0.7146716810010227 -0.5865149792282845 -0.3811096528769866
    outer loop
      vertex 14.38700008392334 -1.5949420928955078 26.129146575927734
      vertex 14.029976844787598 -2.0299768447875977 26.129146575927734
      vertex 14.199872016906738 -1.4699068069458008 25.585811614990234
    endloop
  endfacet
  facet normal -0.08161928139654781 -0.8286959195967125 -0.5537159612545678
    outer loop
      vertex 12 -2.645763397216797 25.585811614990234
      vertex 11.483837127685547 -2.594925880432129 25.585811614990234
      vertex 12 -2.31903076171875 25.096820831298828
    endloop
  endfacet
  facet normal -0.5282626882314588 -0.6436904848692958 -0.5537157139825485
    outer loop
      vertex 10.5300931930542 -2.1998720169067383 25.585811614990234
      vertex 10.129162788391113 -1.8708372116088867 25.585811614990234
      vertex 10.711615562438965 -1.9282035827636719 25.096820831298828
    endloop
  endfacet
  facet normal -0.3925343770540058 -0.7343810766703417 -0.5537158089302973
    outer loop
      vertex 10.987510681152344 -2.444366455078125 25.585811614990234
      vertex 10.5300931930542 -2.1998720169067383 25.585811614990234
      vertex 10.711615562438965 -1.9282035827636719 25.096820831298828
    endloop
  endfacet
  facet normal 0.20575712852947958 -0.6782902788425428 -0.7053979739742728
    outer loop
      vertex 12.452420234680176 -2.2744712829589844 25.096820831298828
      vertex 12.371291160583496 -1.8666105270385742 24.68096923828125
      vertex 12.728315353393555 -1.7583084106445312 24.68096923828125
    endloop
  endfacet
  facet normal 0.7730100988395026 -0.6343937161512105 0
    outer loop
      vertex 14.111104965209961 -2.111104965209961 27.294052124023438
      vertex 14.482397079467773 -1.6586847305297852 26.705947875976562
      vertex 14.482397079467773 -1.6586847305297852 27.294052124023438
    endloop
  endfacet
  facet normal 0.7730100988395026 -0.6343937161512105 0
    outer loop
      vertex 14.482397079467773 -1.6586847305297852 26.705947875976562
      vertex 14.111104965209961 -2.111104965209961 27.294052124023438
      vertex 14.111104965209961 -2.111104965209961 26.705947875976562
    endloop
  endfacet
  facet normal 0.8651332825804343 -0.4624239024208883 -0.1941868632051076
    outer loop
      vertex 14.482397079467773 -1.6586847305297852 26.705947875976562
      vertex 14.38700008392334 -1.5949420928955078 26.129146575927734
      vertex 14.758292198181152 -1.142521858215332 26.705947875976562
    endloop
  endfacet
  facet normal 0.3925339076111721 -0.7343801984034845 0.5537173065458244
    outer loop
      vertex 13.288384437561035 -1.9282035827636719 28.903179168701172
      vertex 13.012489318847656 -2.444366455078125 28.4141902923584
      vertex 13.4699068069458 -2.1998720169067383 28.4141902923584
    endloop
  endfacet
  facet normal -0.09615114543681448 -0.9762411071734953 0.19418614238883392
    outer loop
      vertex 12 -2.870820999145508 27.870853424072266
      vertex 11.417548179626465 -2.928187370300293 27.294052124023438
      vertex 12 -2.985553741455078 27.294052124023438
    endloop
  endfacet
  facet normal 0.28475940196064 -0.9387242579980688 -0.19418766809711188
    outer loop
      vertex 13.142521858215332 -2.7582921981811523 26.705947875976562
      vertex 12.56006908416748 -2.8156585693359375 26.129146575927734
      vertex 13.098614692687988 -2.652292251586914 26.129146575927734
    endloop
  endfacet
  facet normal 0.2902843385929026 -0.9569404384640043 0
    outer loop
      vertex 12.582451820373535 -2.928187370300293 26.705947875976562
      vertex 13.142521858215332 -2.7582921981811523 27.294052124023438
      vertex 12.582451820373535 -2.928187370300293 27.294052124023438
    endloop
  endfacet
  facet normal 0.2902843385929026 -0.9569404384640043 0
    outer loop
      vertex 13.142521858215332 -2.7582921981811523 27.294052124023438
      vertex 12.582451820373535 -2.928187370300293 26.705947875976562
      vertex 13.142521858215332 -2.7582921981811523 26.705947875976562
    endloop
  endfacet
  facet normal 0.33413201691236705 -0.6251150989016905 0.7053984040237145
    outer loop
      vertex 13.05734920501709 -1.5824356079101562 29.31903076171875
      vertex 12.728315353393555 -1.7583084106445312 29.31903076171875
      vertex 13.288384437561035 -1.9282035827636719 28.903179168701172
    endloop
  endfacet
  facet normal 0.39253321369298616 -0.7343802405570423 0.5537177425613496
    outer loop
      vertex 13.288384437561035 -1.9282035827636719 28.903179168701172
      vertex 12.88745403289795 -2.1425046920776367 28.903179168701172
      vertex 13.012489318847656 -2.444366455078125 28.4141902923584
    endloop
  endfacet
  facet normal 0.09615114543681448 -0.9762411071734953 0.19418614238883392
    outer loop
      vertex 12 -2.870820999145508 27.870853424072266
      vertex 12 -2.985553741455078 27.294052124023438
      vertex 12.582451820373535 -2.928187370300293 27.294052124023438
    endloop
  endfacet
  facet normal 0.2847586474093503 -0.9387246526257585 0.19418686690465564
    outer loop
      vertex 13.142521858215332 -2.7582921981811523 27.294052124023438
      vertex 12.56006908416748 -2.8156585693359375 27.870853424072266
      vertex 12.582451820373535 -2.928187370300293 27.294052124023438
    endloop
  endfacet
  facet normal -0.5630295950677795 0 0.8264367338627999
    outer loop
      vertex 10.133389472961426 -0.3712911605834961 29.31903076171875
      vertex 10.52882194519043 -0.2926349639892578 29.588428497314453
      vertex 10.52882194519043 -0.2926349341869354 29.588428497314453
    endloop
  endfacet
  facet normal -0.533424564505074 -0.16181258983534802 0.8302258245521814
    outer loop
      vertex 10.52882194519043 -0.2926349639892578 29.588428497314453
      vertex 10.133389472961426 -0.3712911605834961 29.31903076171875
      vertex 10.241691589355469 -0.7283153533935547 29.31903076171875
    endloop
  endfacet
  facet normal -0.5334221400275325 -0.16181487541810952 0.8302269368202102
    outer loop
      vertex 10.54782772064209 -0.35528743267059326 29.588428497314453
      vertex 10.52882194519043 -0.2926349639892578 29.588428497314453
      vertex 10.241691589355469 -0.7283153533935547 29.31903076171875
    endloop
  endfacet
  facet normal -0.7343802405570423 -0.39253321369298616 0.5537177425613496
    outer loop
      vertex 9.857495307922363 -0.8874540328979492 28.903179168701172
      vertex 9.555633544921875 -1.0124893188476562 28.4141902923584
      vertex 10.071796417236328 -1.2883844375610352 28.903179168701172
    endloop
  endfacet
  facet normal -0.5479185748890167 -0.4496646211715379 0.7053984432632711
    outer loop
      vertex 10.417564392089844 -1.0573492050170898 29.31903076171875
      vertex 10.071796417236328 -1.2883844375610352 28.903179168701172
      vertex 10.65424919128418 -1.3457508087158203 29.31903076171875
    endloop
  endfacet
  facet normal -0.8153628245067585 0.4358199266356265 -0.3811095065196854
    outer loop
      vertex 9.555633544921875 1.0124893188476562 25.585811614990234
      vertex 9.347707748413086 1.0986146926879883 26.129146575927734
      vertex 9.61299991607666 1.5949420928955078 26.129146575927734
    endloop
  endfacet
  facet normal -0.6223178924498859 0.758295681853215 0.19418573485068366
    outer loop
      vertex 10.341315269470215 2.4823970794677734 27.294052124023438
      vertex 9.888895034790039 2.111104965209961 27.294052124023438
      vertex 9.970023155212402 2.0299768447875977 27.870853424072266
    endloop
  endfacet
  facet normal -0.2417220244627122 0.796848375107055 0.553717554335145
    outer loop
      vertex 11.483837127685547 2.594925880432129 28.4141902923584
      vertex 10.987510681152344 2.444366455078125 28.4141902923584
      vertex 11.547579765319824 2.2744712829589844 28.903179168701172
    endloop
  endfacet
  facet normal -0.758295681853215 0.6223178924498859 -0.19418573485068366
    outer loop
      vertex 9.970023155212402 2.0299768447875977 26.129146575927734
      vertex 9.517602920532227 1.6586847305297852 26.705947875976562
      vertex 9.888895034790039 2.111104965209961 26.705947875976562
    endloop
  endfacet
  facet normal -0.9387242579980688 0.28475940196064 0.19418766809711188
    outer loop
      vertex 9.241707801818848 1.142521858215332 27.294052124023438
      vertex 9.184341430664062 0.5600690841674805 27.870853424072266
      vertex 9.347707748413086 1.0986146926879883 27.870853424072266
    endloop
  endfacet
  facet normal -0.9762408282355816 -0.09615209567375166 0.19418707419252074
    outer loop
      vertex 9.129179000854492 0 27.870853424072266
      vertex 9.071812629699707 -0.5824518203735352 27.294052124023438
      vertex 9.184341430664062 -0.5600690841674805 27.870853424072266
    endloop
  endfacet
  facet normal -0.9387242579980688 -0.28475940196064 0.19418766809711188
    outer loop
      vertex 9.347707748413086 -1.0986146926879883 27.870853424072266
      vertex 9.184341430664062 -0.5600690841674805 27.870853424072266
      vertex 9.241707801818848 -1.142521858215332 27.294052124023438
    endloop
  endfacet
  facet normal 0.09615209567375166 0.9762408282355816 0.19418707419252074
    outer loop
      vertex 12.582451820373535 2.928187370300293 27.294052124023438
      vertex 12 2.870820999145508 27.870853424072266
      vertex 12.56006908416748 2.8156585693359375 27.870853424072266
    endloop
  endfacet
  facet normal -0.2902843385929026 0.9569404384640043 0
    outer loop
      vertex 11.417548179626465 2.928187370300293 26.705947875976562
      vertex 10.857478141784668 2.7582921981811523 27.294052124023438
      vertex 11.417548179626465 2.928187370300293 27.294052124023438
    endloop
  endfacet
  facet normal -0.2902843385929026 0.9569404384640043 0
    outer loop
      vertex 10.857478141784668 2.7582921981811523 27.294052124023438
      vertex 11.417548179626465 2.928187370300293 26.705947875976562
      vertex 10.857478141784668 2.7582921981811523 26.705947875976562
    endloop
  endfacet
  facet normal -0.26837746245558314 0.8847203378445232 0.3811082017618814
    outer loop
      vertex 11.43993091583252 2.8156585693359375 27.870853424072266
      vertex 10.901385307312012 2.652292251586914 27.870853424072266
      vertex 11.483837127685547 2.594925880432129 28.4141902923584
    endloop
  endfacet
  facet normal -0.08161927530078812 0.828694875114887 0.5537175253301053
    outer loop
      vertex 12 2.31903076171875 28.903179168701172
      vertex 11.483837127685547 2.594925880432129 28.4141902923584
      vertex 11.547579765319824 2.2744712829589844 28.903179168701172
    endloop
  endfacet
  facet normal -0.198685516082841 0.5298280428875759 0.8245036753519149
    outer loop
      vertex 10.94265079498291 1.5824356079101562 29.31903076171875
      vertex 11.166644096374512 1.2472038269042969 29.588428497314453
      vertex 11.166645050048828 1.2472041845321655 29.588428497314453
    endloop
  endfacet
  facet normal -0.3536281813206611 0.43089750300102386 0.8302255424180374
    outer loop
      vertex 10.94265079498291 1.5824356079101562 29.31903076171875
      vertex 11.116034507751465 1.205669641494751 29.588428497314453
      vertex 11.166644096374512 1.2472038269042969 29.588428497314453
    endloop
  endfacet
  facet normal -0.353628072773611 0.43089756354425574 0.8302255572301095
    outer loop
      vertex 11.116034507751465 1.205669641494751 29.588428497314453
      vertex 10.94265079498291 1.5824356079101562 29.31903076171875
      vertex 10.65424919128418 1.3457508087158203 29.31903076171875
    endloop
  endfacet
  facet normal -0.06947500108980918 0.7053981940094443 0.7053981940094443
    outer loop
      vertex 12 2.31903076171875 28.903179168701172
      vertex 11.628708839416504 1.8666105270385742 29.31903076171875
      vertex 12 1.9031791687011719 29.31903076171875
    endloop
  endfacet
  facet normal -0.49160709185377566 0.2627687669518087 0.8302258983877217
    outer loop
      vertex 10.721932411193848 0.7756147980690002 29.588428497314453
      vertex 10.241691589355469 0.7283153533935547 29.31903076171875
      vertex 10.614180564880371 0.5740247368812561 29.588428497314453
    endloop
  endfacet
  facet normal -0.8651335903819487 -0.4624229196595555 -0.19418783217897745
    outer loop
      vertex 9.61299991607666 -1.5949420928955078 26.129146575927734
      vertex 9.241707801818848 -1.142521858215332 26.705947875976562
      vertex 9.347707748413086 -1.0986146926879883 26.129146575927734
    endloop
  endfacet
  facet normal 0.7053904245796928 0.06947765362286659 0.7054057021022312
    outer loop
      vertex 14.274471282958984 0.4524202346801758 28.903179168701172
      vertex 14.260641098022461 0.38268280029296875 28.923877716064453
      vertex 14.277525901794434 0.42140740156173706 28.903179168701172
    endloop
  endfacet
  facet normal 0.7053987325995814 0.06947365697446409 0.7053977878002587
    outer loop
      vertex 13.866610527038574 0.3712911605834961 29.31903076171875
      vertex 14.260641098022461 0.38268280029296875 28.923877716064453
      vertex 14.274471282958984 0.4524202346801758 28.903179168701172
    endloop
  endfacet
  facet normal 0.7053981042767613 0.06948351262594725 0.705397445385161
    outer loop
      vertex 13.866610527038574 0.3712911605834961 29.31903076171875
      vertex 14.222211837768555 0.19509029388427734 28.980785369873047
      vertex 14.260641098022461 0.38268280029296875 28.923877716064453
    endloop
  endfacet
  facet normal 0.7053952928839161 0.06946986069723254 0.7054016013817387
    outer loop
      vertex 14.222211837768555 0.19509029388427734 28.980785369873047
      vertex 13.866610527038574 0.3712911605834961 29.31903076171875
      vertex 14.222210884094238 0.07945755869150162 28.99217414855957
    endloop
  endfacet
  facet normal 0.16181233298444364 -0.533423717781207 0.8302264186368722
    outer loop
      vertex 12.355286598205566 -1.4521719217300415 29.588428497314453
      vertex 12.371291160583496 -1.8666105270385742 29.31903076171875
      vertex 12.728315353393555 -1.7583084106445312 29.31903076171875
    endloop
  endfacet
  facet normal 0.16181243099299025 -0.5334237063526001 0.8302264068777829
    outer loop
      vertex 12.371291160583496 -1.8666105270385742 29.31903076171875
      vertex 12.355286598205566 -1.4521719217300415 29.588428497314453
      vertex 12.292634963989258 -1.471177101135254 29.588428497314453
    endloop
  endfacet
  facet normal 0.24172222939173033 -0.7968481936500145 0.5537177260072146
    outer loop
      vertex 12.88745403289795 -2.1425046920776367 28.903179168701172
      vertex 12.452420234680176 -2.2744712829589844 28.903179168701172
      vertex 13.012489318847656 -2.444366455078125 28.4141902923584
    endloop
  endfacet
  facet normal -0.08161927530078812 -0.828694875114887 0.5537175253301053
    outer loop
      vertex 11.547579765319824 -2.2744712829589844 28.903179168701172
      vertex 11.483837127685547 -2.594925880432129 28.4141902923584
      vertex 12 -2.31903076171875 28.903179168701172
    endloop
  endfacet
  facet normal 0.7968474877654697 0.24172432630651178 0.5537178264364646
    outer loop
      vertex 14.142504692077637 0.8874540328979492 28.903179168701172
      vertex 14.374817848205566 0.7832179665565491 28.614364624023438
      vertex 14.444366455078125 1.0124893188476562 28.4141902923584
    endloop
  endfacet
  facet normal 0.7968474319915877 0.2417259805488321 0.5537171845410954
    outer loop
      vertex 14.142504692077637 0.8874540328979492 28.903179168701172
      vertex 14.333460807800293 0.7071065902709961 28.707107543945312
      vertex 14.374817848205566 0.7832179665565491 28.614364624023438
    endloop
  endfacet
  facet normal 0.7968471826270712 0.24172473541572498 0.5537180869607716
    outer loop
      vertex 14.142504692077637 0.8874540328979492 28.903179168701172
      vertex 14.293011665344238 0.5555696487426758 28.831470489501953
      vertex 14.333460807800293 0.7071065902709961 28.707107543945312
    endloop
  endfacet
  facet normal 0.7968419805150461 0.24172034465026004 0.5537274899000577
    outer loop
      vertex 14.274471282958984 0.4524202346801758 28.903179168701172
      vertex 14.293011665344238 0.5555696487426758 28.831470489501953
      vertex 14.142504692077637 0.8874540328979492 28.903179168701172
    endloop
  endfacet
  facet normal 0.7968198467312219 0.2417403837946281 0.553750592503573
    outer loop
      vertex 14.293011665344238 0.5555696487426758 28.831470489501953
      vertex 14.274471282958984 0.4524202346801758 28.903179168701172
      vertex 14.289322853088379 0.5013790130615234 28.860435485839844
    endloop
  endfacet
  facet normal 0.491606318300008 0.26276986581998646 0.8302260086412963
    outer loop
      vertex 13.582435607910156 1.0573492050170898 29.31903076171875
      vertex 13.278066635131836 0.775614857673645 29.588428497314453
      vertex 13.758308410644531 0.7283153533935547 29.31903076171875
    endloop
  endfacet
  facet normal 0.4916063642819226 0.26276980769869585 0.8302259998093892
    outer loop
      vertex 13.278066635131836 0.775614857673645 29.588428497314453
      vertex 13.582435607910156 1.0573492050170898 29.31903076171875
      vertex 13.247203826904297 0.8333549499511719 29.588428497314453
    endloop
  endfacet
  facet normal 0.2902843385929026 0.9569404384640043 0
    outer loop
      vertex 13.142521858215332 2.7582921981811523 26.705947875976562
      vertex 12.582451820373535 2.928187370300293 27.294052124023438
      vertex 13.142521858215332 2.7582921981811523 27.294052124023438
    endloop
  endfacet
  facet normal 0.2902843385929026 0.9569404384640043 0
    outer loop
      vertex 12.582451820373535 2.928187370300293 27.294052124023438
      vertex 13.142521858215332 2.7582921981811523 26.705947875976562
      vertex 12.582451820373535 2.928187370300293 26.705947875976562
    endloop
  endfacet
  facet normal 0.4624239024208883 0.8651332825804343 -0.1941868632051076
    outer loop
      vertex 13.594942092895508 2.38700008392334 26.129146575927734
      vertex 13.142521858215332 2.7582921981811523 26.705947875976562
      vertex 13.658684730529785 2.4823970794677734 26.705947875976562
    endloop
  endfacet
  facet normal 0.26276787949840585 0.4916075695607 0.8302258964008125
    outer loop
      vertex 13.05734920501709 1.5824356079101562 29.31903076171875
      vertex 12.775614738464355 1.2780663967132568 29.588428497314453
      vertex 12.833354949951172 1.2472038269042969 29.588428497314453
    endloop
  endfacet
  facet normal 0.2627697455382077 0.49160609326932475 0.8302261799595684
    outer loop
      vertex 12.775614738464355 1.2780663967132568 29.588428497314453
      vertex 13.05734920501709 1.5824356079101562 29.31903076171875
      vertex 12.728315353393555 1.7583084106445312 29.31903076171875
    endloop
  endfacet
  facet normal 0.43582014884743014 0.8153632402363585 0.3811083629755057
    outer loop
      vertex 13.098614692687988 2.652292251586914 27.870853424072266
      vertex 13.012489318847656 2.444366455078125 28.4141902923584
      vertex 13.594942092895508 2.38700008392334 27.870853424072266
    endloop
  endfacet
  facet normal 0.6436884249634542 0.528262685030783 0.5537181116526128
    outer loop
      vertex 13.870837211608887 1.8708372116088867 28.4141902923584
      vertex 13.639801979064941 1.6398019790649414 28.903179168701172
      vertex 13.928203582763672 1.2883844375610352 28.903179168701172
    endloop
  endfacet
  facet normal 0.8153632107680197 0.43582017589929045 0.3811083950861976
    outer loop
      vertex 14.38700008392334 1.5949420928955078 27.870853424072266
      vertex 14.199872016906738 1.4699068069458008 28.4141902923584
      vertex 14.444366455078125 1.0124893188476562 28.4141902923584
    endloop
  endfacet
  facet normal 0.9569403481945414 0.29028455307651124 0.0002196417081867509
    outer loop
      vertex 14.890374183654785 0.7071065902709961 27.292892456054688
      vertex 14.758292198181152 1.142521858215332 27.294052124023438
      vertex 14.890085220336914 0.7080582976341248 27.294052124023438
    endloop
  endfacet
  facet normal 0.9569402087769031 0.2902850957696883 0
    outer loop
      vertex 14.758292198181152 1.142521858215332 27.294052124023438
      vertex 14.890374183654785 0.7071065902709961 27.292892456054688
      vertex 14.758292198181152 1.142521858215332 26.705947875976562
    endloop
  endfacet
  facet normal 0.9569408502311529 0.2902829811682798 -0.0000017130310491358747
    outer loop
      vertex 14.928187370300293 0.5824518203735352 27.19059181213379
      vertex 14.758292198181152 1.142521858215332 26.705947875976562
      vertex 14.890374183654785 0.7071065902709961 27.292892456054688
    endloop
  endfacet
  facet normal 0.9569404384640045 0.2902843385929026 0
    outer loop
      vertex 14.758292198181152 1.142521858215332 26.705947875976562
      vertex 14.928187370300293 0.5824518203735352 27.19059181213379
      vertex 14.928187370300293 0.5824518203735352 26.705947875976562
    endloop
  endfacet
  facet normal 0.8651332825804343 0.4624239024208883 0.1941868632051076
    outer loop
      vertex 14.482397079467773 1.6586847305297852 27.294052124023438
      vertex 14.38700008392334 1.5949420928955078 27.870853424072266
      vertex 14.758292198181152 1.142521858215332 27.294052124023438
    endloop
  endfacet
  facet normal 0.9387242787685708 0.284761793110388 0.19418406122795728
    outer loop
      vertex 14.701677322387695 0.9807844161987305 27.804908752441406
      vertex 14.652292251586914 1.0986146926879883 27.870853424072266
      vertex 14.686065673828125 0.9872797727584839 27.870853424072266
    endloop
  endfacet
  facet normal 0.9387240866271772 0.28475844484199536 0.1941899000389577
    outer loop
      vertex 14.757745742797852 0.9238786697387695 27.61731719970703
      vertex 14.652292251586914 1.0986146926879883 27.870853424072266
      vertex 14.701677322387695 0.9807844161987305 27.804908752441406
    endloop
  endfacet
  facet normal 0.9387236541261772 0.2847613663540987 0.19418770665555565
    outer loop
      vertex 14.652292251586914 1.0986146926879883 27.870853424072266
      vertex 14.757745742797852 0.9238786697387695 27.61731719970703
      vertex 14.758292198181152 1.142521858215332 27.294052124023438
    endloop
  endfacet
  facet normal 0.938726616695627 0.28475468038797025 0.194183189551327
    outer loop
      vertex 14.758292198181152 1.142521858215332 27.294052124023438
      vertex 14.757745742797852 0.9238786697387695 27.61731719970703
      vertex 14.783500671386719 0.8865717053413391 27.54751968383789
    endloop
  endfacet
  facet normal 0.8847168875717455 -0.268387949684253 0.38110882607156477
    outer loop
      vertex 14.652292251586914 -1.0986146926879883 27.870853424072266
      vertex 14.548365592956543 -0.9807844161987305 28.195091247558594
      vertex 14.444366455078125 -1.0124893188476562 28.4141902923584
    endloop
  endfacet
  facet normal 0.8847196777476805 -0.2683740058894401 0.38111216822465144
    outer loop
      vertex 14.484818458557129 -0.9238786697387695 28.38268280029297
      vertex 14.444366455078125 -1.0124893188476562 28.4141902923584
      vertex 14.548365592956543 -0.9807844161987305 28.195091247558594
    endloop
  endfacet
  facet normal 0.8847201926977637 -0.2683748865327147 0.38111035266886195
    outer loop
      vertex 14.444366455078125 -1.0124893188476562 28.4141902923584
      vertex 14.484818458557129 -0.9238786697387695 28.38268280029297
      vertex 14.476354598999023 -0.9070377349853516 28.4141902923584
    endloop
  endfacet
  facet normal 0.8847180206602114 -0.2683806760590445 0.38111131790746877
    outer loop
      vertex 14.626574516296387 -1 28
      vertex 14.652292251586914 -1.0986146926879883 27.870853424072266
      vertex 14.64224910736084 -0.9966484904289246 27.965972900390625
    endloop
  endfacet
  facet normal 0.8847239220923155 -0.26837054172336317 0.3811047546445713
    outer loop
      vertex 14.548365592956543 -0.9807844161987305 28.195091247558594
      vertex 14.652292251586914 -1.0986146926879883 27.870853424072266
      vertex 14.626574516296387 -1 28
    endloop
  endfacet
  facet normal 0.7053971176437392 0.06947544880502513 0.7053992262777479
    outer loop
      vertex 14.222210884094238 0.07945755869150162 28.99217414855957
      vertex 13.903179168701172 0 29.31903076171875
      vertex 14.222210884094238 0 29
    endloop
  endfacet
  facet normal 0.7053972117601339 0.06947490434761096 0.7053991857855517
    outer loop
      vertex 13.903179168701172 0 29.31903076171875
      vertex 14.222210884094238 0.07945755869150162 28.99217414855957
      vertex 13.866610527038574 0.3712911605834961 29.31903076171875
    endloop
  endfacet
  facet normal 0.6436897150621164 0.5282620564675605 0.5537172115980459
    outer loop
      vertex 14.199872016906738 1.4699068069458008 28.4141902923584
      vertex 13.870837211608887 1.8708372116088867 28.4141902923584
      vertex 13.928203582763672 1.2883844375610352 28.903179168701172
    endloop
  endfacet
  facet normal 0.8847239220923155 0.26837054172336317 0.3811047546445713
    outer loop
      vertex 14.652292251586914 1.0986146926879883 27.870853424072266
      vertex 14.548365592956543 0.9807844161987305 28.195091247558594
      vertex 14.626574516296387 1 28
    endloop
  endfacet
  facet normal 0.8847196777476805 0.2683740058894401 0.38111216822465144
    outer loop
      vertex 14.444366455078125 1.0124893188476562 28.4141902923584
      vertex 14.484818458557129 0.9238786697387695 28.38268280029297
      vertex 14.548365592956543 0.9807844161987305 28.195091247558594
    endloop
  endfacet
  facet normal 0.8847201926977637 0.2683748865327147 0.38111035266886195
    outer loop
      vertex 14.484818458557129 0.9238786697387695 28.38268280029297
      vertex 14.444366455078125 1.0124893188476562 28.4141902923584
      vertex 14.476354598999023 0.9070377349853516 28.4141902923584
    endloop
  endfacet
  facet normal 0.8847168875717455 0.268387949684253 0.38110882607156477
    outer loop
      vertex 14.548365592956543 0.9807844161987305 28.195091247558594
      vertex 14.652292251586914 1.0986146926879883 27.870853424072266
      vertex 14.444366455078125 1.0124893188476562 28.4141902923584
    endloop
  endfacet
  facet normal 0.8847180206602114 0.2683806760590445 0.38111131790746877
    outer loop
      vertex 14.652292251586914 1.0986146926879883 27.870853424072266
      vertex 14.626574516296387 1 28
      vertex 14.64224910736084 0.9966484904289246 27.965972900390625
    endloop
  endfacet
  facet normal 0.7053952928839161 -0.06946986069723254 0.7054016013817387
    outer loop
      vertex 13.866610527038574 -0.3712911605834961 29.31903076171875
      vertex 14.222211837768555 -0.19509029388427734 28.980785369873047
      vertex 14.222210884094238 -0.07945755869150162 28.99217414855957
    endloop
  endfacet
  facet normal 0.7053981042767613 -0.06948351262594725 0.705397445385161
    outer loop
      vertex 13.866610527038574 -0.3712911605834961 29.31903076171875
      vertex 14.260641098022461 -0.38268280029296875 28.923877716064453
      vertex 14.222211837768555 -0.19509029388427734 28.980785369873047
    endloop
  endfacet
  facet normal 0.7053987325995814 -0.06947365697446409 0.7053977878002587
    outer loop
      vertex 14.274471282958984 -0.4524202346801758 28.903179168701172
      vertex 14.260641098022461 -0.38268280029296875 28.923877716064453
      vertex 13.866610527038574 -0.3712911605834961 29.31903076171875
    endloop
  endfacet
  facet normal 0.7053904245796928 -0.06947765362286659 0.7054057021022312
    outer loop
      vertex 14.260641098022461 -0.38268280029296875 28.923877716064453
      vertex 14.274471282958984 -0.4524202346801758 28.903179168701172
      vertex 14.277525901794434 -0.42140740156173706 28.903179168701172
    endloop
  endfacet
  facet normal 0.7968198467312219 -0.2417403837946281 0.553750592503573
    outer loop
      vertex 14.274471282958984 -0.4524202346801758 28.903179168701172
      vertex 14.293011665344238 -0.5555696487426758 28.831470489501953
      vertex 14.289322853088379 -0.5013790130615234 28.860435485839844
    endloop
  endfacet
  facet normal 0.7968419805150461 -0.24172034465026004 0.5537274899000577
    outer loop
      vertex 14.142504692077637 -0.8874540328979492 28.903179168701172
      vertex 14.293011665344238 -0.5555696487426758 28.831470489501953
      vertex 14.274471282958984 -0.4524202346801758 28.903179168701172
    endloop
  endfacet
  facet normal 0.7968471826270712 -0.24172473541572498 0.5537180869607716
    outer loop
      vertex 14.142504692077637 -0.8874540328979492 28.903179168701172
      vertex 14.333460807800293 -0.7071065902709961 28.707107543945312
      vertex 14.293011665344238 -0.5555696487426758 28.831470489501953
    endloop
  endfacet
  facet normal 0.7968474319915877 -0.2417259805488321 0.5537171845410954
    outer loop
      vertex 14.142504692077637 -0.8874540328979492 28.903179168701172
      vertex 14.374817848205566 -0.7832179665565491 28.614364624023438
      vertex 14.333460807800293 -0.7071065902709961 28.707107543945312
    endloop
  endfacet
  facet normal 0.7968474877654697 -0.24172432630651178 0.5537178264364646
    outer loop
      vertex 14.374817848205566 -0.7832179665565491 28.614364624023438
      vertex 14.142504692077637 -0.8874540328979492 28.903179168701172
      vertex 14.444366455078125 -1.0124893188476562 28.4141902923584
    endloop
  endfacet
  facet normal 0.7968493280822929 0.24172231354544232 -0.5537160567195403
    outer loop
      vertex 14.594925880432129 0.5161628723144531 25.585811614990234
      vertex 14.274471282958984 0.4524202346801758 25.096820831298828
      vertex 14.444366455078125 1.0124893188476562 25.585811614990234
    endloop
  endfacet
  facet normal 0.5547389890356063 0.05463928328450779 -0.8302284039744177
    outer loop
      vertex 13.493582725524902 0.06515605002641678 24.41157341003418
      vertex 13.471177101135254 0.2926347553730011 24.41157341003418
      vertex 13.866610527038574 0.3712911605834961 24.68096923828125
    endloop
  endfacet
  facet normal 0.7343810766703417 0.3925343770540058 -0.5537158089302973
    outer loop
      vertex 14.444366455078125 1.0124893188476562 25.585811614990234
      vertex 13.928203582763672 1.2883844375610352 25.096820831298828
      vertex 14.199872016906738 1.4699068069458008 25.585811614990234
    endloop
  endfacet
  facet normal 0.9387246526257585 -0.2847586474093503 -0.19418686690465564
    outer loop
      vertex 14.928187370300293 -0.5824518203735352 26.705947875976562
      vertex 14.758292198181152 -1.142521858215332 26.705947875976562
      vertex 14.815658569335938 -0.5600690841674805 26.129146575927734
    endloop
  endfacet
  facet normal 0.9951847698129043 -0.09801670231362045 0
    outer loop
      vertex 14.966339111328125 -0.19509029388427734 27.019214630126953
      vertex 14.985553741455078 0 26.705947875976562
      vertex 14.985553741455078 0 27
    endloop
  endfacet
  facet normal 0.9951846401741593 -0.09801801854729275 0.0000012213907984287773
    outer loop
      vertex 14.928187370300293 -0.5824518203735352 26.705947875976562
      vertex 14.966339111328125 -0.19509029388427734 27.019214630126953
      vertex 14.94786262512207 -0.38268280029296875 27.076120376586914
    endloop
  endfacet
  facet normal 0.9951847625744995 -0.09801677580517011 5.442210099633066e-7
    outer loop
      vertex 14.928187370300293 -0.5824518203735352 26.705947875976562
      vertex 14.94786262512207 -0.38268280029296875 27.076120376586914
      vertex 14.930834770202637 -0.5555696487426758 27.168529510498047
    endloop
  endfacet
  facet normal 0.9951856760215795 -0.09800750094493772 0
    outer loop
      vertex 14.928187370300293 -0.5824518203735352 26.705947875976562
      vertex 14.930834770202637 -0.5555696487426758 27.168529510498047
      vertex 14.928187370300293 -0.5824518203735352 27.19059181213379
    endloop
  endfacet
  facet normal 0.9951847476758204 -0.09801692707585592 -1.4133094515650312e-7
    outer loop
      vertex 14.966339111328125 -0.19509029388427734 27.019214630126953
      vertex 14.928187370300293 -0.5824518203735352 26.705947875976562
      vertex 14.985553741455078 0 26.705947875976562
    endloop
  endfacet
  facet normal 0.43089490444280604 -0.35362589050803206 -0.83022786684598
    outer loop
      vertex 13.205669403076172 -0.8839645981788635 24.41157341003418
      vertex 13.582435607910156 -1.0573492050170898 24.68096923828125
      vertex 13.34575080871582 -1.3457508087158203 24.68096923828125
    endloop
  endfacet
  facet normal 0.4308942265670546 -0.3536271058595434 -0.8302277010029135
    outer loop
      vertex 13.582435607910156 -1.0573492050170898 24.68096923828125
      vertex 13.205669403076172 -0.8839645981788635 24.41157341003418
      vertex 13.247203826904297 -0.8333549499511719 24.41157341003418
    endloop
  endfacet
  facet normal 0.6436904848692958 -0.5282626882314588 -0.5537157139825485
    outer loop
      vertex 14.199872016906738 -1.4699068069458008 25.585811614990234
      vertex 13.870837211608887 -1.8708372116088867 25.585811614990234
      vertex 13.928203582763672 -1.2883844375610352 25.096820831298828
    endloop
  endfacet
  facet normal 0.8651335903819487 -0.4624229196595555 -0.19418783217897745
    outer loop
      vertex 14.758292198181152 -1.142521858215332 26.705947875976562
      vertex 14.38700008392334 -1.5949420928955078 26.129146575927734
      vertex 14.652292251586914 -1.0986146926879883 26.129146575927734
    endloop
  endfacet
  facet normal 0.884719886752172 -0.26837732561796857 -0.3811093453057417
    outer loop
      vertex 14.652292251586914 -1.0986146926879883 26.129146575927734
      vertex 14.594925880432129 -0.5161628723144531 25.585811614990234
      vertex 14.815658569335938 -0.5600690841674805 26.129146575927734
    endloop
  endfacet
  facet normal -0.7146713851893066 -0.5865151590967879 -0.3811099307827956
    outer loop
      vertex 9.970023155212402 -2.0299768447875977 26.129146575927734
      vertex 9.800127983093262 -1.4699068069458008 25.585811614990234
      vertex 10.129162788391113 -1.8708372116088867 25.585811614990234
    endloop
  endfacet
  facet normal -0.7343810766703417 -0.3925343770540058 -0.5537158089302973
    outer loop
      vertex 9.800127983093262 -1.4699068069458008 25.585811614990234
      vertex 9.555633544921875 -1.0124893188476562 25.585811614990234
      vertex 10.071796417236328 -1.2883844375610352 25.096820831298828
    endloop
  endfacet
  facet normal -0.4624239024208883 -0.8651332825804343 0.1941868632051076
    outer loop
      vertex 10.405057907104492 -2.38700008392334 27.870853424072266
      vertex 10.341315269470215 -2.4823970794677734 27.294052124023438
      vertex 10.857478141784668 -2.7582921981811523 27.294052124023438
    endloop
  endfacet
  facet normal -0.43582017589929045 -0.8153632107680197 0.3811083950861976
    outer loop
      vertex 10.5300931930542 -2.1998720169067383 28.4141902923584
      vertex 10.405057907104492 -2.38700008392334 27.870853424072266
      vertex 10.987510681152344 -2.444366455078125 28.4141902923584
    endloop
  endfacet
  facet normal -0.5282620564675605 -0.6436897150621164 0.5537172115980459
    outer loop
      vertex 10.711615562438965 -1.9282035827636719 28.903179168701172
      vertex 10.129162788391113 -1.8708372116088867 28.4141902923584
      vertex 10.5300931930542 -2.1998720169067383 28.4141902923584
    endloop
  endfacet
  facet normal -0.6223167347350546 -0.7582963141254431 -0.19418697601143894
    outer loop
      vertex 10.341315269470215 -2.4823970794677734 26.705947875976562
      vertex 9.970023155212402 -2.0299768447875977 26.129146575927734
      vertex 10.405057907104492 -2.38700008392334 26.129146575927734
    endloop
  endfacet
  facet normal -0.4624239024208883 -0.8651332825804343 -0.1941868632051076
    outer loop
      vertex 10.857478141784668 -2.7582921981811523 26.705947875976562
      vertex 10.341315269470215 -2.4823970794677734 26.705947875976562
      vertex 10.405057907104492 -2.38700008392334 26.129146575927734
    endloop
  endfacet
  facet normal -0.5865152782753073 -0.7146720453914407 0.3811085093325171
    outer loop
      vertex 10.5300931930542 -2.1998720169067383 28.4141902923584
      vertex 9.970023155212402 -2.0299768447875977 27.870853424072266
      vertex 10.405057907104492 -2.38700008392334 27.870853424072266
    endloop
  endfacet
  facet normal -0.758295681853215 -0.6223178924498859 0.19418573485068366
    outer loop
      vertex 9.970023155212402 -2.0299768447875977 27.870853424072266
      vertex 9.517602920532227 -1.6586847305297852 27.294052124023438
      vertex 9.888895034790039 -2.111104965209961 27.294052124023438
    endloop
  endfacet
  facet normal -0.7146716810010227 -0.5865149792282845 -0.3811096528769866
    outer loop
      vertex 9.970023155212402 -2.0299768447875977 26.129146575927734
      vertex 9.61299991607666 -1.5949420928955078 26.129146575927734
      vertex 9.800127983093262 -1.4699068069458008 25.585811614990234
    endloop
  endfacet
  facet normal -0.7582963141254431 -0.6223167347350546 -0.19418697601143894
    outer loop
      vertex 9.970023155212402 -2.0299768447875977 26.129146575927734
      vertex 9.517602920532227 -1.6586847305297852 26.705947875976562
      vertex 9.61299991607666 -1.5949420928955078 26.129146575927734
    endloop
  endfacet
  facet normal -0.9762408282355816 -0.09615209567375166 -0.19418707419252074
    outer loop
      vertex 9.184341430664062 -0.5600690841674805 26.129146575927734
      vertex 9.071812629699707 -0.5824518203735352 26.705947875976562
      vertex 9.129179000854492 0 26.129146575927734
    endloop
  endfacet
  facet normal -0.9951847476758304 0.09801692707585691 0
    outer loop
      vertex 9.014446258544922 0 26.705947875976562
      vertex 9.071812629699707 0.5824518203735352 27.294052124023438
      vertex 9.071812629699707 0.5824518203735352 26.705947875976562
    endloop
  endfacet
  facet normal -0.9951847476758304 0.09801692707585691 0
    outer loop
      vertex 9.071812629699707 0.5824518203735352 27.294052124023438
      vertex 9.014446258544922 0 26.705947875976562
      vertex 9.014446258544922 0 27.294052124023438
    endloop
  endfacet
  facet normal -0.8286958661762204 -0.08161937291175476 -0.5537160277145097
    outer loop
      vertex 9.725528717041016 -0.4524202346801758 25.096820831298828
      vertex 9.405074119567871 -0.5161628723144531 25.585811614990234
      vertex 9.68096923828125 0 25.096820831298828
    endloop
  endfacet
  facet normal -0.7968493280822929 0.24172231354544232 -0.5537160567195403
    outer loop
      vertex 9.725528717041016 0.4524202346801758 25.096820831298828
      vertex 9.405074119567871 0.5161628723144531 25.585811614990234
      vertex 9.555633544921875 1.0124893188476562 25.585811614990234
    endloop
  endfacet
  facet normal -0.4916046927542356 -0.2627674846097953 -0.8302277248405131
    outer loop
      vertex 10.721932411193848 -0.7756147980690002 24.41157341003418
      vertex 10.241691589355469 -0.7283153533935547 24.68096923828125
      vertex 10.614180564880371 -0.5740247368812561 24.41157341003418
    endloop
  endfacet
  facet normal -0.6436904848692958 -0.5282626882314588 -0.5537157139825485
    outer loop
      vertex 10.129162788391113 -1.8708372116088867 25.585811614990234
      vertex 9.800127983093262 -1.4699068069458008 25.585811614990234
      vertex 10.071796417236328 -1.2883844375610352 25.096820831298828
    endloop
  endfacet
  facet normal 0.5860270012766026 0 -0.8102915239435452
    outer loop
      vertex 13.385818481445312 -0.5740242004394531 24.41157341003418
      vertex 13.758308410644531 -0.7283153533935547 24.68096923828125
      vertex 13.385818481445312 -0.5740244388580322 24.41157341003418
    endloop
  endfacet
  facet normal 0.533420635596781 -0.16181253106611454 -0.8302283603379879
    outer loop
      vertex 13.758308410644531 -0.7283153533935547 24.68096923828125
      vertex 13.385818481445312 -0.5740242004394531 24.41157341003418
      vertex 13.45217227935791 -0.3552865982055664 24.41157341003418
    endloop
  endfacet
  facet normal 0.5334217597050793 -0.16180879560701455 -0.8302283661362962
    outer loop
      vertex 13.866610527038574 -0.3712911605834961 24.68096923828125
      vertex 13.45217227935791 -0.3552865982055664 24.41157341003418
      vertex 13.471177101135254 -0.2926349639892578 24.41157341003418
    endloop
  endfacet
  facet normal 0.5334214282102624 -0.16181163845061672 -0.8302280250557982
    outer loop
      vertex 13.45217227935791 -0.3552865982055664 24.41157341003418
      vertex 13.866610527038574 -0.3712911605834961 24.68096923828125
      vertex 13.758308410644531 -0.7283153533935547 24.68096923828125
    endloop
  endfacet
  facet normal 0.5630259450191331 0 -0.8264392205330724
    outer loop
      vertex 13.866610527038574 -0.3712911605834961 24.68096923828125
      vertex 13.471177101135254 -0.2926349639892578 24.41157341003418
      vertex 13.471177101135254 -0.2926347553730011 24.41157341003418
    endloop
  endfacet
  facet normal 0.33413201691236705 0.6251150989016905 -0.7053984040237145
    outer loop
      vertex 13.05734920501709 1.5824356079101562 24.68096923828125
      vertex 12.728315353393555 1.7583084106445312 24.68096923828125
      vertex 13.288384437561035 1.9282035827636719 25.096820831298828
    endloop
  endfacet
  facet normal 0.4496659622820419 0.5479182672236957 -0.7053978273340143
    outer loop
      vertex 13.34575080871582 1.3457508087158203 24.68096923828125
      vertex 13.288384437561035 1.9282035827636719 25.096820831298828
      vertex 13.639801979064941 1.6398019790649414 25.096820831298828
    endloop
  endfacet
  facet normal -0.06947500108980918 0.7053981940094443 -0.7053981940094443
    outer loop
      vertex 12 1.9031791687011719 24.68096923828125
      vertex 11.628708839416504 1.8666105270385742 24.68096923828125
      vertex 12 2.31903076171875 25.096820831298828
    endloop
  endfacet
  facet normal 0.26837732561796857 0.884719886752172 -0.3811093453057417
    outer loop
      vertex 13.098614692687988 2.652292251586914 26.129146575927734
      vertex 12.516162872314453 2.594925880432129 25.585811614990234
      vertex 12.56006908416748 2.8156585693359375 26.129146575927734
    endloop
  endfacet
  facet normal -0.5282633167974868 0.6436891947715935 -0.5537166140368337
    outer loop
      vertex 10.360198020935059 1.6398019790649414 25.096820831298828
      vertex 10.129162788391113 1.8708372116088867 25.585811614990234
      vertex 10.711615562438965 1.9282035827636719 25.096820831298828
    endloop
  endfacet
  facet normal -0.6436891947715935 0.5282633167974868 -0.5537166140368337
    outer loop
      vertex 10.360198020935059 1.6398019790649414 25.096820831298828
      vertex 10.071796417236328 1.2883844375610352 25.096820831298828
      vertex 10.129162788391113 1.8708372116088867 25.585811614990234
    endloop
  endfacet
  facet normal -0.8153627950383645 0.4358199536874356 -0.38110953863044084
    outer loop
      vertex 9.800127983093262 1.4699068069458008 25.585811614990234
      vertex 9.555633544921875 1.0124893188476562 25.585811614990234
      vertex 9.61299991607666 1.5949420928955078 26.129146575927734
    endloop
  endfacet
  facet normal -0.5282626882314588 0.6436904848692958 -0.5537157139825485
    outer loop
      vertex 10.711615562438965 1.9282035827636719 25.096820831298828
      vertex 10.129162788391113 1.8708372116088867 25.585811614990234
      vertex 10.5300931930542 2.1998720169067383 25.585811614990234
    endloop
  endfacet
  facet normal -0.09615209567375166 0.9762408282355816 -0.19418707419252074
    outer loop
      vertex 11.43993091583252 2.8156585693359375 26.129146575927734
      vertex 11.417548179626465 2.928187370300293 26.705947875976562
      vertex 12 2.870820999145508 26.129146575927734
    endloop
  endfacet
  facet normal -0.20575797790990982 0.6782904221890337 -0.7053975883805158
    outer loop
      vertex 11.271684646606445 1.7583084106445312 24.68096923828125
      vertex 11.11254596710205 2.1425046920776367 25.096820831298828
      vertex 11.547579765319824 2.2744712829589844 25.096820831298828
    endloop
  endfacet
  facet normal -0.09801692707585691 0.9951847476758304 0
    outer loop
      vertex 12 2.985553741455078 26.705947875976562
      vertex 11.417548179626465 2.928187370300293 27.294052124023438
      vertex 12 2.985553741455078 27.294052124023438
    endloop
  endfacet
  facet normal -0.09801692707585691 0.9951847476758304 0
    outer loop
      vertex 11.417548179626465 2.928187370300293 27.294052124023438
      vertex 12 2.985553741455078 26.705947875976562
      vertex 11.417548179626465 2.928187370300293 26.705947875976562
    endloop
  endfacet
  facet normal 0.4358199536874356 0.8153627950383645 -0.38110953863044084
    outer loop
      vertex 13.4699068069458 2.1998720169067383 25.585811614990234
      vertex 13.012489318847656 2.444366455078125 25.585811614990234
      vertex 13.594942092895508 2.38700008392334 26.129146575927734
    endloop
  endfacet
  facet normal 0.5282633167974868 0.6436891947715935 -0.5537166140368337
    outer loop
      vertex 13.639801979064941 1.6398019790649414 25.096820831298828
      vertex 13.288384437561035 1.9282035827636719 25.096820831298828
      vertex 13.870837211608887 1.8708372116088867 25.585811614990234
    endloop
  endfacet
  facet normal -0.5479182672236957 0.4496659622820419 -0.7053978273340143
    outer loop
      vertex 10.65424919128418 1.3457508087158203 24.68096923828125
      vertex 10.071796417236328 1.2883844375610352 25.096820831298828
      vertex 10.360198020935059 1.6398019790649414 25.096820831298828
    endloop
  endfacet
  facet normal -0.6251167519507789 -0.3341308412525308 -0.7053974959938434
    outer loop
      vertex 10.071796417236328 -1.2883844375610352 25.096820831298828
      vertex 9.857495307922363 -0.8874540328979492 25.096820831298828
      vertex 10.241691589355469 -0.7283153533935547 24.68096923828125
    endloop
  endfacet
  facet normal -0.6782904221890337 -0.20575797790990982 -0.7053975883805158
    outer loop
      vertex 9.857495307922363 -0.8874540328979492 25.096820831298828
      vertex 9.725528717041016 -0.4524202346801758 25.096820831298828
      vertex 10.241691589355469 -0.7283153533935547 24.68096923828125
    endloop
  endfacet
  facet normal 0.43089400297039376 -0.35362632816257605 -0.8302281483028653
    outer loop
      vertex 13.34575080871582 -1.3457508087158203 24.68096923828125
      vertex 13.060659408569336 -1.060659408569336 24.41157341003418
      vertex 13.205669403076172 -0.8839645981788635 24.41157341003418
    endloop
  endfacet
  facet normal 0.3536258675373109 -0.43089487645286817 -0.8302278911570917
    outer loop
      vertex 13.05734920501709 -1.5824356079101562 24.68096923828125
      vertex 12.883964538574219 -1.2056694030761719 24.41157341003418
      vertex 13.34575080871582 -1.3457508087158203 24.68096923828125
    endloop
  endfacet
  facet normal 0.35362736858922467 -0.43089403922421415 -0.8302276863280953
    outer loop
      vertex 12.883964538574219 -1.2056694030761719 24.41157341003418
      vertex 13.05734920501709 -1.5824356079101562 24.68096923828125
      vertex 12.833354949951172 -1.2472038269042969 24.41157341003418
    endloop
  endfacet
  facet normal 0.5479182672236957 -0.4496659622820419 -0.7053978273340143
    outer loop
      vertex 13.639801979064941 -1.6398019790649414 25.096820831298828
      vertex 13.34575080871582 -1.3457508087158203 24.68096923828125
      vertex 13.928203582763672 -1.2883844375610352 25.096820831298828
    endloop
  endfacet
  facet normal 0.06947564303350023 -0.7053984382365254 -0.7053978865566248
    outer loop
      vertex 12.452420234680176 -2.2744712829589844 25.096820831298828
      vertex 12 -2.31903076171875 25.096820831298828
      vertex 12.371291160583496 -1.8666105270385742 24.68096923828125
    endloop
  endfacet
  facet normal 0.2683775785305578 -0.884719701659748 -0.3811095968840997
    outer loop
      vertex 13.098614692687988 -2.652292251586914 26.129146575927734
      vertex 12.516162872314453 -2.594925880432129 25.585811614990234
      vertex 13.012489318847656 -2.444366455078125 25.585811614990234
    endloop
  endfacet
  facet normal 0.8819210402417298 -0.47139715609976374 0
    outer loop
      vertex 14.482397079467773 -1.6586847305297852 27.294052124023438
      vertex 14.758292198181152 -1.142521858215332 26.705947875976562
      vertex 14.758292198181152 -1.142521858215332 27.294052124023438
    endloop
  endfacet
  facet normal 0.8819210402417298 -0.47139715609976374 0
    outer loop
      vertex 14.758292198181152 -1.142521858215332 26.705947875976562
      vertex 14.482397079467773 -1.6586847305297852 27.294052124023438
      vertex 14.482397079467773 -1.6586847305297852 26.705947875976562
    endloop
  endfacet
  facet normal 0.5865149792282845 -0.7146716810010227 -0.3811096528769866
    outer loop
      vertex 13.594942092895508 -2.38700008392334 26.129146575927734
      vertex 13.4699068069458 -2.1998720169067383 25.585811614990234
      vertex 14.029976844787598 -2.0299768447875977 26.129146575927734
    endloop
  endfacet
  facet normal -0.39253368313572923 -0.7343811188253329 -0.5537162449456859
    outer loop
      vertex 10.987510681152344 -2.444366455078125 25.585811614990234
      vertex 10.711615562438965 -1.9282035827636719 25.096820831298828
      vertex 11.11254596710205 -2.1425046920776367 25.096820831298828
    endloop
  endfacet
  facet normal -0.5282633167974868 -0.6436891947715935 -0.5537166140368337
    outer loop
      vertex 10.711615562438965 -1.9282035827636719 25.096820831298828
      vertex 10.129162788391113 -1.8708372116088867 25.585811614990234
      vertex 10.360198020935059 -1.6398019790649414 25.096820831298828
    endloop
  endfacet
  facet normal 0.26276667668847387 -0.4916038001873209 -0.8302285090645103
    outer loop
      vertex 12.728315353393555 -1.7583084106445312 24.68096923828125
      vertex 12.574024200439453 -1.385818362236023 24.41157341003418
      vertex 12.775614738464355 -1.2780663967132568 24.41157341003418
    endloop
  endfacet
  facet normal -0.09062049485984382 -0.9200779903671169 -0.3811094561321778
    outer loop
      vertex 12 -2.870820999145508 26.129146575927734
      vertex 11.43993091583252 -2.8156585693359375 26.129146575927734
      vertex 11.483837127685547 -2.594925880432129 25.585811614990234
    endloop
  endfacet
  facet normal -0.4358199266356265 -0.8153628245067585 -0.3811095065196854
    outer loop
      vertex 10.901385307312012 -2.652292251586914 26.129146575927734
      vertex 10.405057907104492 -2.38700008392334 26.129146575927734
      vertex 10.987510681152344 -2.444366455078125 25.585811614990234
    endloop
  endfacet
  facet normal -0.2847586474093503 -0.9387246526257585 -0.19418686690465564
    outer loop
      vertex 11.417548179626465 -2.928187370300293 26.705947875976562
      vertex 10.857478141784668 -2.7582921981811523 26.705947875976562
      vertex 11.43993091583252 -2.8156585693359375 26.129146575927734
    endloop
  endfacet
  facet normal -0.09615114543681448 -0.9762411071734953 -0.19418614238883392
    outer loop
      vertex 12 -2.985553741455078 26.705947875976562
      vertex 11.417548179626465 -2.928187370300293 26.705947875976562
      vertex 12 -2.870820999145508 26.129146575927734
    endloop
  endfacet
  facet normal 0.09801692707585691 -0.9951847476758304 0
    outer loop
      vertex 12 -2.985553741455078 26.705947875976562
      vertex 12.582451820373535 -2.928187370300293 27.294052124023438
      vertex 12 -2.985553741455078 27.294052124023438
    endloop
  endfacet
  facet normal 0.09801692707585691 -0.9951847476758304 0
    outer loop
      vertex 12.582451820373535 -2.928187370300293 27.294052124023438
      vertex 12 -2.985553741455078 26.705947875976562
      vertex 12.582451820373535 -2.928187370300293 26.705947875976562
    endloop
  endfacet
  facet normal -0.09801692707585691 -0.9951847476758304 0
    outer loop
      vertex 11.417548179626465 -2.928187370300293 26.705947875976562
      vertex 12 -2.985553741455078 27.294052124023438
      vertex 11.417548179626465 -2.928187370300293 27.294052124023438
    endloop
  endfacet
  facet normal -0.09801692707585691 -0.9951847476758304 0
    outer loop
      vertex 12 -2.985553741455078 27.294052124023438
      vertex 11.417548179626465 -2.928187370300293 26.705947875976562
      vertex 12 -2.985553741455078 26.705947875976562
    endloop
  endfacet
  facet normal 0.9387242787685708 -0.284761793110388 0.19418406122795728
    outer loop
      vertex 14.652292251586914 -1.0986146926879883 27.870853424072266
      vertex 14.701677322387695 -0.9807844161987305 27.804908752441406
      vertex 14.686065673828125 -0.9872797727584839 27.870853424072266
    endloop
  endfacet
  facet normal 0.9387240866271772 -0.28475844484199536 0.1941899000389577
    outer loop
      vertex 14.652292251586914 -1.0986146926879883 27.870853424072266
      vertex 14.757745742797852 -0.9238786697387695 27.61731719970703
      vertex 14.701677322387695 -0.9807844161987305 27.804908752441406
    endloop
  endfacet
  facet normal 0.9387236541261772 -0.2847613663540987 0.19418770665555565
    outer loop
      vertex 14.758292198181152 -1.142521858215332 27.294052124023438
      vertex 14.757745742797852 -0.9238786697387695 27.61731719970703
      vertex 14.652292251586914 -1.0986146926879883 27.870853424072266
    endloop
  endfacet
  facet normal 0.938726616695627 -0.28475468038797025 0.194183189551327
    outer loop
      vertex 14.757745742797852 -0.9238786697387695 27.61731719970703
      vertex 14.758292198181152 -1.142521858215332 27.294052124023438
      vertex 14.783500671386719 -0.8865717053413391 27.54751968383789
    endloop
  endfacet
  facet normal 0.268377715368482 -0.8847201527526004 0.3811084533397411
    outer loop
      vertex 13.012489318847656 -2.444366455078125 28.4141902923584
      vertex 12.516162872314453 -2.594925880432129 28.4141902923584
      vertex 13.098614692687988 -2.652292251586914 27.870853424072266
    endloop
  endfacet
  facet normal 0.4624229196595556 -0.8651335903819488 0.1941878321789775
    outer loop
      vertex 13.594942092895508 -2.38700008392334 27.870853424072266
      vertex 13.098614692687988 -2.652292251586914 27.870853424072266
      vertex 13.142521858215332 -2.7582921981811523 27.294052124023438
    endloop
  endfacet
  facet normal 0.43582014884743014 -0.8153632402363585 0.3811083629755057
    outer loop
      vertex 13.594942092895508 -2.38700008392334 27.870853424072266
      vertex 13.012489318847656 -2.444366455078125 28.4141902923584
      vertex 13.098614692687988 -2.652292251586914 27.870853424072266
    endloop
  endfacet
  facet normal 0.26837746245558314 -0.8847203378445232 0.3811082017618814
    outer loop
      vertex 13.098614692687988 -2.652292251586914 27.870853424072266
      vertex 12.516162872314453 -2.594925880432129 28.4141902923584
      vertex 12.56006908416748 -2.8156585693359375 27.870853424072266
    endloop
  endfacet
  facet normal -0.09615209567375166 -0.9762408282355816 -0.19418707419252074
    outer loop
      vertex 12 -2.870820999145508 26.129146575927734
      vertex 11.417548179626465 -2.928187370300293 26.705947875976562
      vertex 11.43993091583252 -2.8156585693359375 26.129146575927734
    endloop
  endfacet
  facet normal 0.2847586474093503 -0.9387246526257585 -0.19418686690465564
    outer loop
      vertex 12.582451820373535 -2.928187370300293 26.705947875976562
      vertex 12.56006908416748 -2.8156585693359375 26.129146575927734
      vertex 13.142521858215332 -2.7582921981811523 26.705947875976562
    endloop
  endfacet
  facet normal 0.5479182672236957 -0.4496659622820419 0.7053978273340143
    outer loop
      vertex 13.928203582763672 -1.2883844375610352 28.903179168701172
      vertex 13.34575080871582 -1.3457508087158203 29.31903076171875
      vertex 13.639801979064941 -1.6398019790649414 28.903179168701172
    endloop
  endfacet
  facet normal 0.26276787949840585 -0.4916075695607 0.8302258964008125
    outer loop
      vertex 12.775614738464355 -1.2780663967132568 29.588428497314453
      vertex 13.05734920501709 -1.5824356079101562 29.31903076171875
      vertex 12.833354949951172 -1.2472038269042969 29.588428497314453
    endloop
  endfacet
  facet normal 0.2627697455382077 -0.49160609326932475 0.8302261799595684
    outer loop
      vertex 13.05734920501709 -1.5824356079101562 29.31903076171875
      vertex 12.775614738464355 -1.2780663967132568 29.588428497314453
      vertex 12.728315353393555 -1.7583084106445312 29.31903076171875
    endloop
  endfacet
  facet normal -0.8847201527526004 -0.268377715368482 0.3811084533397411
    outer loop
      vertex 9.405074119567871 -0.5161628723144531 28.4141902923584
      vertex 9.347707748413086 -1.0986146926879883 27.870853424072266
      vertex 9.555633544921875 -1.0124893188476562 28.4141902923584
    endloop
  endfacet
  facet normal -0.7343801984034847 -0.39253390761117213 0.5537173065458245
    outer loop
      vertex 10.071796417236328 -1.2883844375610352 28.903179168701172
      vertex 9.555633544921875 -1.0124893188476562 28.4141902923584
      vertex 9.800127983093262 -1.4699068069458008 28.4141902923584
    endloop
  endfacet
  facet normal -0.796848375107055 0.2417220244627122 0.553717554335145
    outer loop
      vertex 9.555633544921875 1.0124893188476562 28.4141902923584
      vertex 9.405074119567871 0.5161628723144531 28.4141902923584
      vertex 9.725528717041016 0.4524202346801758 28.903179168701172
    endloop
  endfacet
  facet normal -0.5334242533536745 0.1618124954485928 0.8302260428646971
    outer loop
      vertex 10.133389472961426 0.3712911605834961 29.31903076171875
      vertex 10.54782772064209 0.35528743267059326 29.588428497314453
      vertex 10.241691589355469 0.7283153533935547 29.31903076171875
    endloop
  endfacet
  facet normal -0.5334239131109372 0.16181541328717924 0.8302256927752325
    outer loop
      vertex 10.54782772064209 0.35528743267059326 29.588428497314453
      vertex 10.133389472961426 0.3712911605834961 29.31903076171875
      vertex 10.52882194519043 0.2926349639892578 29.588428497314453
    endloop
  endfacet
  facet normal -0.5630295950677795 0 0.8264367338627999
    outer loop
      vertex 10.52882194519043 0.2926349639892578 29.588428497314453
      vertex 10.133389472961426 0.3712911605834961 29.31903076171875
      vertex 10.52882194519043 0.2926349341869354 29.588428497314453
    endloop
  endfacet
  facet normal 0.8677576532757002 0 0.4969875805102676
    outer loop
      vertex 12.574024200439453 -1.3858184814453125 29.588428497314453
      vertex 12.728315353393555 -1.7583084106445312 29.31903076171875
      vertex 12.574024200439453 -1.385818362236023 29.588428497314453
    endloop
  endfacet
  facet normal 0.16181253854510927 -0.533423535250839 0.8302264958492258
    outer loop
      vertex 12.728315353393555 -1.7583084106445312 29.31903076171875
      vertex 12.574024200439453 -1.3858184814453125 29.588428497314453
      vertex 12.355286598205566 -1.4521719217300415 29.588428497314453
    endloop
  endfacet
  facet normal -0.9569404384640043 0.2902843385929026 0
    outer loop
      vertex 9.071812629699707 0.5824518203735352 26.705947875976562
      vertex 9.241707801818848 1.142521858215332 27.294052124023438
      vertex 9.241707801818848 1.142521858215332 26.705947875976562
    endloop
  endfacet
  facet normal -0.9569404384640043 0.2902843385929026 0
    outer loop
      vertex 9.241707801818848 1.142521858215332 27.294052124023438
      vertex 9.071812629699707 0.5824518203735352 26.705947875976562
      vertex 9.071812629699707 0.5824518203735352 27.294052124023438
    endloop
  endfacet
  facet normal -0.6223178924498859 0.758295681853215 -0.19418573485068366
    outer loop
      vertex 9.970023155212402 2.0299768447875977 26.129146575927734
      vertex 9.888895034790039 2.111104965209961 26.705947875976562
      vertex 10.341315269470215 2.4823970794677734 26.705947875976562
    endloop
  endfacet
  facet normal -0.7582963141254431 0.6223167347350546 -0.19418697601143894
    outer loop
      vertex 9.61299991607666 1.5949420928955078 26.129146575927734
      vertex 9.517602920532227 1.6586847305297852 26.705947875976562
      vertex 9.970023155212402 2.0299768447875977 26.129146575927734
    endloop
  endfacet
  facet normal -0.9387246526257585 0.2847586474093503 0.19418686690465564
    outer loop
      vertex 9.241707801818848 1.142521858215332 27.294052124023438
      vertex 9.071812629699707 0.5824518203735352 27.294052124023438
      vertex 9.184341430664062 0.5600690841674805 27.870853424072266
    endloop
  endfacet
  facet normal -0.8651332825804343 0.4624239024208883 0.1941868632051076
    outer loop
      vertex 9.517602920532227 1.6586847305297852 27.294052124023438
      vertex 9.241707801818848 1.142521858215332 27.294052124023438
      vertex 9.61299991607666 1.5949420928955078 27.870853424072266
    endloop
  endfacet
  facet normal -0.9762408282355816 0.09615209567375166 0.19418707419252074
    outer loop
      vertex 9.184341430664062 0.5600690841674805 27.870853424072266
      vertex 9.071812629699707 0.5824518203735352 27.294052124023438
      vertex 9.129179000854492 0 27.870853424072266
    endloop
  endfacet
  facet normal -0.9200784594877862 0.09062054106456521 0.381108312588098
    outer loop
      vertex 9.184341430664062 0.5600690841674805 27.870853424072266
      vertex 9.129179000854492 0 27.870853424072266
      vertex 9.405074119567871 0.5161628723144531 28.4141902923584
    endloop
  endfacet
  facet normal -0.8847203378445232 -0.26837746245558314 0.3811082017618814
    outer loop
      vertex 9.405074119567871 -0.5161628723144531 28.4141902923584
      vertex 9.184341430664062 -0.5600690841674805 27.870853424072266
      vertex 9.347707748413086 -1.0986146926879883 27.870853424072266
    endloop
  endfacet
  facet normal -0.9200784594877862 -0.09062054106456521 0.381108312588098
    outer loop
      vertex 9.405074119567871 -0.5161628723144531 28.4141902923584
      vertex 9.129179000854492 0 27.870853424072266
      vertex 9.184341430664062 -0.5600690841674805 27.870853424072266
    endloop
  endfacet
  facet normal -0.268377715368482 0.8847201527526004 0.3811084533397411
    outer loop
      vertex 11.483837127685547 2.594925880432129 28.4141902923584
      vertex 10.901385307312012 2.652292251586914 27.870853424072266
      vertex 10.987510681152344 2.444366455078125 28.4141902923584
    endloop
  endfacet
  facet normal -0.43582017589929045 0.8153632107680197 0.3811083950861976
    outer loop
      vertex 10.987510681152344 2.444366455078125 28.4141902923584
      vertex 10.405057907104492 2.38700008392334 27.870853424072266
      vertex 10.5300931930542 2.1998720169067383 28.4141902923584
    endloop
  endfacet
  facet normal 0.09061963859402507 0.9200782395196833 0.3811090582280204
    outer loop
      vertex 12 2.870820999145508 27.870853424072266
      vertex 12 2.645763397216797 28.4141902923584
      vertex 12.516162872314453 2.594925880432129 28.4141902923584
    endloop
  endfacet
  facet normal 0.24172222939173033 0.7968481936500145 0.5537177260072146
    outer loop
      vertex 13.012489318847656 2.444366455078125 28.4141902923584
      vertex 12.452420234680176 2.2744712829589844 28.903179168701172
      vertex 12.88745403289795 2.1425046920776367 28.903179168701172
    endloop
  endfacet
  facet normal 0.09062054106456521 0.9200784594877862 0.381108312588098
    outer loop
      vertex 12.56006908416748 2.8156585693359375 27.870853424072266
      vertex 12 2.870820999145508 27.870853424072266
      vertex 12.516162872314453 2.594925880432129 28.4141902923584
    endloop
  endfacet
  facet normal 0.09615114543681448 0.9762411071734953 0.19418614238883392
    outer loop
      vertex 12 2.985553741455078 27.294052124023438
      vertex 12 2.870820999145508 27.870853424072266
      vertex 12.582451820373535 2.928187370300293 27.294052124023438
    endloop
  endfacet
  facet normal -0.06947564303350023 0.7053984382365254 0.7053978865566248
    outer loop
      vertex 12 2.31903076171875 28.903179168701172
      vertex 11.547579765319824 2.2744712829589844 28.903179168701172
      vertex 11.628708839416504 1.8666105270385742 29.31903076171875
    endloop
  endfacet
  facet normal 0.06947500108980918 0.7053981940094443 0.7053981940094443
    outer loop
      vertex 12 2.31903076171875 28.903179168701172
      vertex 12 1.9031791687011719 29.31903076171875
      vertex 12.371291160583496 1.8666105270385742 29.31903076171875
    endloop
  endfacet
  facet normal -0.20575712852947958 0.6782902788425428 0.7053979739742728
    outer loop
      vertex 11.547579765319824 2.2744712829589844 28.903179168701172
      vertex 11.271684646606445 1.7583084106445312 29.31903076171875
      vertex 11.628708839416504 1.8666105270385742 29.31903076171875
    endloop
  endfacet
  facet normal -0.5865154581443385 0.7146717495801053 0.3811087872377757
    outer loop
      vertex 10.5300931930542 2.1998720169067383 28.4141902923584
      vertex 9.970023155212402 2.0299768447875977 27.870853424072266
      vertex 10.129162788391113 1.8708372116088867 28.4141902923584
    endloop
  endfacet
  facet normal -0.05461471407822825 0.5547412174613515 0.8302285315837145
    outer loop
      vertex 12 1.9031791687011719 29.31903076171875
      vertex 11.934844017028809 1.4935824871063232 29.588428497314453
      vertex 12 1.5 29.58842658996582
    endloop
  endfacet
  facet normal -0.054636900138173156 0.5547430022191822 0.8302258792835475
    outer loop
      vertex 11.934844017028809 1.4935824871063232 29.588428497314453
      vertex 12 1.9031791687011719 29.31903076171875
      vertex 11.628708839416504 1.8666105270385742 29.31903076171875
    endloop
  endfacet
  facet normal -0.511052072064494 -0.8274463788179426 0.23271929404254635
    outer loop
      vertex 10.241691589355469 0.7283153533935547 29.31903076171875
      vertex 10.614180564880371 0.5740242004394531 29.58842658996582
      vertex 10.614180564880371 0.5740247368812561 29.588428497314453
    endloop
  endfacet
  facet normal -0.5334195915417151 0.16181774544134542 0.8302280148367374
    outer loop
      vertex 10.614180564880371 0.5740242004394531 29.58842658996582
      vertex 10.241691589355469 0.7283153533935547 29.31903076171875
      vertex 10.54782772064209 0.35528743267059326 29.588428497314453
    endloop
  endfacet
  facet normal 0.5334232387679458 -0.16181332073506785 0.830226533890001
    outer loop
      vertex 13.385818481445312 -0.5740242004394531 29.588428497314453
      vertex 13.758308410644531 -0.7283153533935547 29.31903076171875
      vertex 13.45217227935791 -0.3552865982055664 29.588428497314453
    endloop
  endfacet
  facet normal 0.5860297254694662 0 0.8102895537190283
    outer loop
      vertex 13.758308410644531 -0.7283153533935547 29.31903076171875
      vertex 13.385818481445312 -0.5740242004394531 29.588428497314453
      vertex 13.385818481445312 -0.5740244388580322 29.588428497314453
    endloop
  endfacet
  facet normal 0.5860297254694662 0 0.8102895537190283
    outer loop
      vertex 13.385818481445312 0.5740242004394531 29.588428497314453
      vertex 13.758308410644531 0.7283153533935547 29.31903076171875
      vertex 13.385818481445312 0.5740244388580322 29.588428497314453
    endloop
  endfacet
  facet normal 0.5334232387679458 0.16181332073506785 0.830226533890001
    outer loop
      vertex 13.758308410644531 0.7283153533935547 29.31903076171875
      vertex 13.385818481445312 0.5740242004394531 29.588428497314453
      vertex 13.45217227935791 0.3552865982055664 29.588428497314453
    endloop
  endfacet
  facet normal 0.5547416962437564 -0.054639549932275384 0.8302265775267607
    outer loop
      vertex 13.493582725524902 -0.06515605002641678 29.588428497314453
      vertex 13.471177101135254 -0.2926347553730011 29.588428497314453
      vertex 13.866610527038574 -0.3712911605834961 29.31903076171875
    endloop
  endfacet
  facet normal 0.6251150989016905 -0.33413201691236705 0.7053984040237145
    outer loop
      vertex 13.758308410644531 -0.7283153533935547 29.31903076171875
      vertex 13.582435607910156 -1.0573492050170898 29.31903076171875
      vertex 13.928203582763672 -1.2883844375610352 28.903179168701172
    endloop
  endfacet
  facet normal 0.4916064321011429 -0.2627679481480216 0.8302265482040809
    outer loop
      vertex 13.385818481445312 -0.5740244388580322 29.588428497314453
      vertex 13.278066635131836 -0.775614857673645 29.588428497314453
      vertex 13.758308410644531 -0.7283153533935547 29.31903076171875
    endloop
  endfacet
  facet normal -0.06947500108980918 -0.7053981940094443 0.7053981940094443
    outer loop
      vertex 12 -1.9031791687011719 29.31903076171875
      vertex 11.628708839416504 -1.8666105270385742 29.31903076171875
      vertex 12 -2.31903076171875 28.903179168701172
    endloop
  endfacet
  facet normal -0.20575712852947958 -0.6782902788425428 0.7053979739742728
    outer loop
      vertex 11.628708839416504 -1.8666105270385742 29.31903076171875
      vertex 11.271684646606445 -1.7583084106445312 29.31903076171875
      vertex 11.547579765319824 -2.2744712829589844 28.903179168701172
    endloop
  endfacet
  facet normal 0.26276795902896705 -0.4916061992870376 0.8302266826176479
    outer loop
      vertex 12.775614738464355 -1.2780663967132568 29.588428497314453
      vertex 12.574024200439453 -1.385818362236023 29.588428497314453
      vertex 12.728315353393555 -1.7583084106445312 29.31903076171875
    endloop
  endfacet
  facet normal 0.20575797790990982 -0.6782904221890337 0.7053975883805158
    outer loop
      vertex 12.728315353393555 -1.7583084106445312 29.31903076171875
      vertex 12.452420234680176 -2.2744712829589844 28.903179168701172
      vertex 12.88745403289795 -2.1425046920776367 28.903179168701172
    endloop
  endfacet
  facet normal 0.20575712852947958 -0.6782902788425428 0.7053979739742728
    outer loop
      vertex 12.728315353393555 -1.7583084106445312 29.31903076171875
      vertex 12.371291160583496 -1.8666105270385742 29.31903076171875
      vertex 12.452420234680176 -2.2744712829589844 28.903179168701172
    endloop
  endfacet
  facet normal 0.6251150989016905 0.33413201691236705 0.7053984040237145
    outer loop
      vertex 13.928203582763672 1.2883844375610352 28.903179168701172
      vertex 13.582435607910156 1.0573492050170898 29.31903076171875
      vertex 13.758308410644531 0.7283153533935547 29.31903076171875
    endloop
  endfacet
  facet normal 0.6251167519507789 0.3341308412525308 0.7053974959938434
    outer loop
      vertex 13.928203582763672 1.2883844375610352 28.903179168701172
      vertex 13.758308410644531 0.7283153533935547 29.31903076171875
      vertex 14.142504692077637 0.8874540328979492 28.903179168701172
    endloop
  endfacet
  facet normal 0.7730100988395026 0.6343937161512105 0
    outer loop
      vertex 14.482397079467773 1.6586847305297852 27.294052124023438
      vertex 14.111104965209961 2.111104965209961 26.705947875976562
      vertex 14.111104965209961 2.111104965209961 27.294052124023438
    endloop
  endfacet
  facet normal 0.7730100988395026 0.6343937161512105 0
    outer loop
      vertex 14.111104965209961 2.111104965209961 26.705947875976562
      vertex 14.482397079467773 1.6586847305297852 27.294052124023438
      vertex 14.482397079467773 1.6586847305297852 26.705947875976562
    endloop
  endfacet
  facet normal 0.5479182672236957 0.4496659622820419 0.7053978273340143
    outer loop
      vertex 13.639801979064941 1.6398019790649414 28.903179168701172
      vertex 13.34575080871582 1.3457508087158203 29.31903076171875
      vertex 13.928203582763672 1.2883844375610352 28.903179168701172
    endloop
  endfacet
  facet normal 0.16181233298444364 0.533423717781207 0.8302264186368722
    outer loop
      vertex 12.371291160583496 1.8666105270385742 29.31903076171875
      vertex 12.355286598205566 1.4521719217300415 29.588428497314453
      vertex 12.728315353393555 1.7583084106445312 29.31903076171875
    endloop
  endfacet
  facet normal 0.16181243099299025 0.5334237063526001 0.8302264068777829
    outer loop
      vertex 12.355286598205566 1.4521719217300415 29.588428497314453
      vertex 12.371291160583496 1.8666105270385742 29.31903076171875
      vertex 12.292634963989258 1.471177101135254 29.588428497314453
    endloop
  endfacet
  facet normal 0.3536275932816103 0.43089697928087073 0.8302260647055577
    outer loop
      vertex 13.05734920501709 1.5824356079101562 29.31903076171875
      vertex 12.883964538574219 1.2056694030761719 29.588428497314453
      vertex 13.34575080871582 1.3457508087158203 29.31903076171875
    endloop
  endfacet
  facet normal 0.35362909433999784 0.4308961420470933 0.8302258598750125
    outer loop
      vertex 12.883964538574219 1.2056694030761719 29.588428497314453
      vertex 13.05734920501709 1.5824356079101562 29.31903076171875
      vertex 12.833354949951172 1.2472038269042969 29.588428497314453
    endloop
  endfacet
  facet normal 0.43089610579543625 0.3536280539101924 0.8302263218532753
    outer loop
      vertex 13.34575080871582 1.3457508087158203 29.31903076171875
      vertex 13.060659408569336 1.060659408569336 29.588428497314453
      vertex 13.205669403076172 0.8839645981788635 29.588428497314453
    endloop
  endfacet
  facet normal 0.20575712852947958 0.6782902788425428 0.7053979739742728
    outer loop
      vertex 12.452420234680176 2.2744712829589844 28.903179168701172
      vertex 12.371291160583496 1.8666105270385742 29.31903076171875
      vertex 12.728315353393555 1.7583084106445312 29.31903076171875
    endloop
  endfacet
  facet normal 0.20575797790990982 0.6782904221890337 0.7053975883805158
    outer loop
      vertex 12.88745403289795 2.1425046920776367 28.903179168701172
      vertex 12.452420234680176 2.2744712829589844 28.903179168701172
      vertex 12.728315353393555 1.7583084106445312 29.31903076171875
    endloop
  endfacet
  facet normal 0.8651335903819487 0.4624229196595555 -0.19418783217897745
    outer loop
      vertex 14.652292251586914 1.0986146926879883 26.129146575927734
      vertex 14.38700008392334 1.5949420928955078 26.129146575927734
      vertex 14.758292198181152 1.142521858215332 26.705947875976562
    endloop
  endfacet
  facet normal 0.6436904848692958 0.5282626882314588 -0.5537157139825485
    outer loop
      vertex 13.928203582763672 1.2883844375610352 25.096820831298828
      vertex 13.870837211608887 1.8708372116088867 25.585811614990234
      vertex 14.199872016906738 1.4699068069458008 25.585811614990234
    endloop
  endfacet
  facet normal 0.8651332825804343 -0.4624239024208883 0.1941868632051076
    outer loop
      vertex 14.758292198181152 -1.142521858215332 27.294052124023438
      vertex 14.38700008392334 -1.5949420928955078 27.870853424072266
      vertex 14.482397079467773 -1.6586847305297852 27.294052124023438
    endloop
  endfacet
  facet normal 0.8847190201242257 -0.26837931037634405 0.38110995945048165
    outer loop
      vertex 14.686065673828125 -0.9872797727584839 27.870853424072266
      vertex 14.64224910736084 -0.9966484904289246 27.965972900390625
      vertex 14.652292251586914 -1.0986146926879883 27.870853424072266
    endloop
  endfacet
  facet normal 0.9951856760215795 0.09800750094493772 0
    outer loop
      vertex 14.930834770202637 0.5555696487426758 27.168529510498047
      vertex 14.928187370300293 0.5824518203735352 26.705947875976562
      vertex 14.928187370300293 0.5824518203735352 27.19059181213379
    endloop
  endfacet
  facet normal 0.9951847625744995 0.09801677580517011 5.442210099633066e-7
    outer loop
      vertex 14.94786262512207 0.38268280029296875 27.076120376586914
      vertex 14.928187370300293 0.5824518203735352 26.705947875976562
      vertex 14.930834770202637 0.5555696487426758 27.168529510498047
    endloop
  endfacet
  facet normal 0.9951846401741593 0.09801801854729275 0.0000012213907984287773
    outer loop
      vertex 14.966339111328125 0.19509029388427734 27.019214630126953
      vertex 14.928187370300293 0.5824518203735352 26.705947875976562
      vertex 14.94786262512207 0.38268280029296875 27.076120376586914
    endloop
  endfacet
  facet normal 0.9951847698129043 0.09801670231362045 0
    outer loop
      vertex 14.985553741455078 0 26.705947875976562
      vertex 14.966339111328125 0.19509029388427734 27.019214630126953
      vertex 14.985553741455078 0 27
    endloop
  endfacet
  facet normal 0.9951847476758204 0.09801692707585592 -1.4133094515650312e-7
    outer loop
      vertex 14.966339111328125 0.19509029388427734 27.019214630126953
      vertex 14.985553741455078 0 26.705947875976562
      vertex 14.928187370300293 0.5824518203735352 26.705947875976562
    endloop
  endfacet
  facet normal 0.8286754698815617 -0.08162065326659787 0.5537463630371823
    outer loop
      vertex 14.277525901794434 -0.42140740156173706 28.903179168701172
      vertex 14.274471282958984 -0.4524202346801758 28.903179168701172
      vertex 14.286148071289062 -0.4547429084777832 28.88536262512207
    endloop
  endfacet
  facet normal 0.7968252820972982 -0.24173424590641493 0.5537454506960922
    outer loop
      vertex 14.286148071289062 -0.4547429084777832 28.88536262512207
      vertex 14.274471282958984 -0.4524202346801758 28.903179168701172
      vertex 14.289322853088379 -0.5013790130615234 28.860435485839844
    endloop
  endfacet
  facet normal 0.7968491944662278 -0.24171971422564267 0.5537173837195268
    outer loop
      vertex 14.401036262512207 -0.8314695358276367 28.55556869506836
      vertex 14.444366455078125 -1.0124893188476562 28.4141902923584
      vertex 14.476354598999023 -0.9070377349853516 28.4141902923584
    endloop
  endfacet
  facet normal 0.7968730196845832 -0.2416954906504361 0.5536936700902572
    outer loop
      vertex 14.444366455078125 -1.0124893188476562 28.4141902923584
      vertex 14.401036262512207 -0.8314695358276367 28.55556869506836
      vertex 14.374817848205566 -0.7832179665565491 28.614364624023438
    endloop
  endfacet
  facet normal 0.8286754698815617 0.08162065326659787 0.5537463630371823
    outer loop
      vertex 14.286148071289062 0.4547429084777832 28.88536262512207
      vertex 14.274471282958984 0.4524202346801758 28.903179168701172
      vertex 14.277525901794434 0.42140740156173706 28.903179168701172
    endloop
  endfacet
  facet normal 0.586515159096788 0.7146713851893067 -0.3811099307827957
    outer loop
      vertex 13.870837211608887 1.8708372116088867 25.585811614990234
      vertex 13.4699068069458 2.1998720169067383 25.585811614990234
      vertex 14.029976844787598 2.0299768447875977 26.129146575927734
    endloop
  endfacet
  facet normal 0.5865149792282845 0.7146716810010227 -0.3811096528769866
    outer loop
      vertex 14.029976844787598 2.0299768447875977 26.129146575927734
      vertex 13.4699068069458 2.1998720169067383 25.585811614990234
      vertex 13.594942092895508 2.38700008392334 26.129146575927734
    endloop
  endfacet
  facet normal 0.7053984382365253 -0.06947564303350022 -0.7053978865566247
    outer loop
      vertex 14.274471282958984 -0.4524202346801758 25.096820831298828
      vertex 13.866610527038574 -0.3712911605834961 24.68096923828125
      vertex 14.31903076171875 0 25.096820831298828
    endloop
  endfacet
  facet normal 0.5547405273859036 -0.05463665639067538 -0.8302275489611609
    outer loop
      vertex 13.493582725524902 -0.06515605002641678 24.41157341003418
      vertex 13.903179168701172 0 24.68096923828125
      vertex 13.866610527038574 -0.3712911605834961 24.68096923828125
    endloop
  endfacet
  facet normal 0.5547405441976578 -0.054636865389140116 -0.8302275239738413
    outer loop
      vertex 13.903179168701172 0 24.68096923828125
      vertex 13.493582725524902 -0.06515605002641678 24.41157341003418
      vertex 13.5 0 24.41157341003418
    endloop
  endfacet
  facet normal 0.5479185748890167 0.4496646211715379 -0.7053984432632711
    outer loop
      vertex 13.582435607910156 1.0573492050170898 24.68096923828125
      vertex 13.34575080871582 1.3457508087158203 24.68096923828125
      vertex 13.928203582763672 1.2883844375610352 25.096820831298828
    endloop
  endfacet
  facet normal 0.7146713851893066 -0.5865151590967879 -0.3811099307827956
    outer loop
      vertex 14.029976844787598 -2.0299768447875977 26.129146575927734
      vertex 13.870837211608887 -1.8708372116088867 25.585811614990234
      vertex 14.199872016906738 -1.4699068069458008 25.585811614990234
    endloop
  endfacet
  facet normal 0.9569408502311529 -0.2902829811682798 -0.0000017130310491358747
    outer loop
      vertex 14.758292198181152 -1.142521858215332 26.705947875976562
      vertex 14.928187370300293 -0.5824518203735352 27.19059181213379
      vertex 14.890374183654785 -0.7071065902709961 27.292892456054688
    endloop
  endfacet
  facet normal 0.9569403481945414 -0.29028455307651124 0.0002196417081867509
    outer loop
      vertex 14.758292198181152 -1.142521858215332 27.294052124023438
      vertex 14.890374183654785 -0.7071065902709961 27.292892456054688
      vertex 14.890085220336914 -0.7080582976341248 27.294052124023438
    endloop
  endfacet
  facet normal 0.9569402087769031 -0.2902850957696883 0
    outer loop
      vertex 14.890374183654785 -0.7071065902709961 27.292892456054688
      vertex 14.758292198181152 -1.142521858215332 27.294052124023438
      vertex 14.758292198181152 -1.142521858215332 26.705947875976562
    endloop
  endfacet
  facet normal 0.9569404384640045 -0.2902843385929026 0
    outer loop
      vertex 14.928187370300293 -0.5824518203735352 27.19059181213379
      vertex 14.758292198181152 -1.142521858215332 26.705947875976562
      vertex 14.928187370300293 -0.5824518203735352 26.705947875976562
    endloop
  endfacet
  facet normal 0.47139715609976374 -0.8819210402417298 0
    outer loop
      vertex 13.142521858215332 -2.7582921981811523 26.705947875976562
      vertex 13.658684730529785 -2.4823970794677734 27.294052124023438
      vertex 13.142521858215332 -2.7582921981811523 27.294052124023438
    endloop
  endfacet
  facet normal 0.47139715609976374 -0.8819210402417298 0
    outer loop
      vertex 13.658684730529785 -2.4823970794677734 27.294052124023438
      vertex 13.142521858215332 -2.7582921981811523 26.705947875976562
      vertex 13.658684730529785 -2.4823970794677734 26.705947875976562
    endloop
  endfacet
  facet normal -0.2902843385929026 -0.9569404384640043 0
    outer loop
      vertex 10.857478141784668 -2.7582921981811523 26.705947875976562
      vertex 11.417548179626465 -2.928187370300293 27.294052124023438
      vertex 10.857478141784668 -2.7582921981811523 27.294052124023438
    endloop
  endfacet
  facet normal -0.2902843385929026 -0.9569404384640043 0
    outer loop
      vertex 11.417548179626465 -2.928187370300293 27.294052124023438
      vertex 10.857478141784668 -2.7582921981811523 26.705947875976562
      vertex 11.417548179626465 -2.928187370300293 26.705947875976562
    endloop
  endfacet
  facet normal -0.26837746245558314 -0.8847203378445232 0.3811082017618814
    outer loop
      vertex 11.483837127685547 -2.594925880432129 28.4141902923584
      vertex 10.901385307312012 -2.652292251586914 27.870853424072266
      vertex 11.43993091583252 -2.8156585693359375 27.870853424072266
    endloop
  endfacet
  facet normal -0.5865154581443385 -0.7146717495801053 0.3811087872377757
    outer loop
      vertex 10.129162788391113 -1.8708372116088867 28.4141902923584
      vertex 9.970023155212402 -2.0299768447875977 27.870853424072266
      vertex 10.5300931930542 -2.1998720169067383 28.4141902923584
    endloop
  endfacet
  facet normal -0.7146717495801053 -0.5865154581443385 0.3811087872377757
    outer loop
      vertex 10.129162788391113 -1.8708372116088867 28.4141902923584
      vertex 9.800127983093262 -1.4699068069458008 28.4141902923584
      vertex 9.970023155212402 -2.0299768447875977 27.870853424072266
    endloop
  endfacet
  facet normal -0.9387246526257585 -0.2847586474093503 -0.19418686690465564
    outer loop
      vertex 9.241707801818848 -1.142521858215332 26.705947875976562
      vertex 9.071812629699707 -0.5824518203735352 26.705947875976562
      vertex 9.184341430664062 -0.5600690841674805 26.129146575927734
    endloop
  endfacet
  facet normal -0.8651332825804343 -0.4624239024208883 -0.1941868632051076
    outer loop
      vertex 9.517602920532227 -1.6586847305297852 26.705947875976562
      vertex 9.241707801818848 -1.142521858215332 26.705947875976562
      vertex 9.61299991607666 -1.5949420928955078 26.129146575927734
    endloop
  endfacet
  facet normal -0.9951847476758304 -0.09801692707585691 0
    outer loop
      vertex 9.071812629699707 -0.5824518203735352 26.705947875976562
      vertex 9.014446258544922 0 27.294052124023438
      vertex 9.014446258544922 0 26.705947875976562
    endloop
  endfacet
  facet normal -0.9951847476758304 -0.09801692707585691 0
    outer loop
      vertex 9.014446258544922 0 27.294052124023438
      vertex 9.071812629699707 -0.5824518203735352 26.705947875976562
      vertex 9.071812629699707 -0.5824518203735352 27.294052124023438
    endloop
  endfacet
  facet normal -0.9762411071734953 -0.09615114543681448 -0.19418614238883392
    outer loop
      vertex 9.071812629699707 -0.5824518203735352 26.705947875976562
      vertex 9.014446258544922 0 26.705947875976562
      vertex 9.129179000854492 0 26.129146575927734
    endloop
  endfacet
  facet normal -0.9762411071734953 0.09615114543681448 -0.19418614238883392
    outer loop
      vertex 9.129179000854492 0 26.129146575927734
      vertex 9.014446258544922 0 26.705947875976562
      vertex 9.071812629699707 0.5824518203735352 26.705947875976562
    endloop
  endfacet
  facet normal -0.8286958661762204 0.08161937291175476 -0.5537160277145097
    outer loop
      vertex 9.68096923828125 0 25.096820831298828
      vertex 9.405074119567871 0.5161628723144531 25.585811614990234
      vertex 9.725528717041016 0.4524202346801758 25.096820831298828
    endloop
  endfacet
  facet normal -0.7053984382365253 0.06947564303350022 -0.7053978865566247
    outer loop
      vertex 10.133389472961426 0.3712911605834961 24.68096923828125
      vertex 9.68096923828125 0 25.096820831298828
      vertex 9.725528717041016 0.4524202346801758 25.096820831298828
    endloop
  endfacet
  facet normal -0.5479185748890167 -0.4496646211715379 -0.7053984432632711
    outer loop
      vertex 10.65424919128418 -1.3457508087158203 24.68096923828125
      vertex 10.071796417236328 -1.2883844375610352 25.096820831298828
      vertex 10.417564392089844 -1.0573492050170898 24.68096923828125
    endloop
  endfacet
  facet normal -0.5479182672236957 -0.4496659622820419 -0.7053978273340143
    outer loop
      vertex 10.360198020935059 -1.6398019790649414 25.096820831298828
      vertex 10.071796417236328 -1.2883844375610352 25.096820831298828
      vertex 10.65424919128418 -1.3457508087158203 24.68096923828125
    endloop
  endfacet
  facet normal 0.6782904221890337 -0.20575797790990982 -0.7053975883805158
    outer loop
      vertex 14.142504692077637 -0.8874540328979492 25.096820831298828
      vertex 13.758308410644531 -0.7283153533935547 24.68096923828125
      vertex 14.274471282958984 -0.4524202346801758 25.096820831298828
    endloop
  endfacet
  facet normal 0.6782902788425428 -0.20575712852947958 -0.7053979739742728
    outer loop
      vertex 14.274471282958984 -0.4524202346801758 25.096820831298828
      vertex 13.758308410644531 -0.7283153533935547 24.68096923828125
      vertex 13.866610527038574 -0.3712911605834961 24.68096923828125
    endloop
  endfacet
  facet normal 0.49160391920360563 -0.2627685834722699 -0.830227835093254
    outer loop
      vertex 13.582435607910156 -1.0573492050170898 24.68096923828125
      vertex 13.278066635131836 -0.775614857673645 24.41157341003418
      vertex 13.758308410644531 -0.7283153533935547 24.68096923828125
    endloop
  endfacet
  facet normal 0.49160396518534694 -0.26276852535129025 -0.8302278262614139
    outer loop
      vertex 13.278066635131836 -0.775614857673645 24.41157341003418
      vertex 13.582435607910156 -1.0573492050170898 24.68096923828125
      vertex 13.247203826904297 -0.8333549499511719 24.41157341003418
    endloop
  endfacet
  facet normal 0.6251150989016905 -0.33413201691236705 -0.7053984040237145
    outer loop
      vertex 13.928203582763672 -1.2883844375610352 25.096820831298828
      vertex 13.582435607910156 -1.0573492050170898 24.68096923828125
      vertex 13.758308410644531 -0.7283153533935547 24.68096923828125
    endloop
  endfacet
  facet normal 0.26276659716072953 0.4916051704588401 -0.8302277228536189
    outer loop
      vertex 12.775614738464355 1.2780663967132568 24.41157341003418
      vertex 13.05734920501709 1.5824356079101562 24.68096923828125
      vertex 12.833354949951172 1.2472038269042969 24.41157341003418
    endloop
  endfacet
  facet normal 0.26276846319054886 0.4916036941730305 -0.830228006410231
    outer loop
      vertex 13.05734920501709 1.5824356079101562 24.68096923828125
      vertex 12.775614738464355 1.2780663967132568 24.41157341003418
      vertex 12.728315353393555 1.7583084106445312 24.68096923828125
    endloop
  endfacet
  facet normal 0.3341308412525308 0.6251167519507789 -0.7053974959938434
    outer loop
      vertex 13.288384437561035 1.9282035827636719 25.096820831298828
      vertex 12.728315353393555 1.7583084106445312 24.68096923828125
      vertex 12.88745403289795 2.1425046920776367 25.096820831298828
    endloop
  endfacet
  facet normal 0.09062049485984382 0.9200779903671169 -0.3811094561321778
    outer loop
      vertex 12.516162872314453 2.594925880432129 25.585811614990234
      vertex 12 2.870820999145508 26.129146575927734
      vertex 12.56006908416748 2.8156585693359375 26.129146575927734
    endloop
  endfacet
  facet normal 0.2417225184748848 0.7968491466256263 -0.5537162283915561
    outer loop
      vertex 12.88745403289795 2.1425046920776367 25.096820831298828
      vertex 12.452420234680176 2.2744712829589844 25.096820831298828
      vertex 13.012489318847656 2.444366455078125 25.585811614990234
    endloop
  endfacet
  facet normal -0.05463837322845546 0.5547392761998309 -0.8302282719904421
    outer loop
      vertex 11.707365036010742 1.4711772203445435 24.41157341003418
      vertex 11.628708839416504 1.8666105270385742 24.68096923828125
      vertex 11.934844017028809 1.4935824871063232 24.41157341003418
    endloop
  endfacet
  facet normal 0.08161937291175476 0.8286958661762204 -0.5537160277145097
    outer loop
      vertex 12.452420234680176 2.2744712829589844 25.096820831298828
      vertex 12 2.31903076171875 25.096820831298828
      vertex 12.516162872314453 2.594925880432129 25.585811614990234
    endloop
  endfacet
  facet normal -0.2417225184748848 0.7968491466256263 -0.5537162283915561
    outer loop
      vertex 11.11254596710205 2.1425046920776367 25.096820831298828
      vertex 10.987510681152344 2.444366455078125 25.585811614990234
      vertex 11.547579765319824 2.2744712829589844 25.096820831298828
    endloop
  endfacet
  facet normal -0.20575712852947958 0.6782902788425428 -0.7053979739742728
    outer loop
      vertex 11.628708839416504 1.8666105270385742 24.68096923828125
      vertex 11.271684646606445 1.7583084106445312 24.68096923828125
      vertex 11.547579765319824 2.2744712829589844 25.096820831298828
    endloop
  endfacet
  facet normal -0.6436904848692958 0.5282626882314588 -0.5537157139825485
    outer loop
      vertex 10.071796417236328 1.2883844375610352 25.096820831298828
      vertex 9.800127983093262 1.4699068069458008 25.585811614990234
      vertex 10.129162788391113 1.8708372116088867 25.585811614990234
    endloop
  endfacet
  facet normal -0.8651332825804343 0.4624239024208883 -0.1941868632051076
    outer loop
      vertex 9.61299991607666 1.5949420928955078 26.129146575927734
      vertex 9.241707801818848 1.142521858215332 26.705947875976562
      vertex 9.517602920532227 1.6586847305297852 26.705947875976562
    endloop
  endfacet
  facet normal -0.6343937161512105 0.7730100988395026 0
    outer loop
      vertex 10.341315269470215 2.4823970794677734 26.705947875976562
      vertex 9.888895034790039 2.111104965209961 27.294052124023438
      vertex 10.341315269470215 2.4823970794677734 27.294052124023438
    endloop
  endfacet
  facet normal -0.6343937161512105 0.7730100988395026 0
    outer loop
      vertex 9.888895034790039 2.111104965209961 27.294052124023438
      vertex 10.341315269470215 2.4823970794677734 26.705947875976562
      vertex 9.888895034790039 2.111104965209961 26.705947875976562
    endloop
  endfacet
  facet normal -0.7343811188253329 0.39253368313572923 -0.5537162449456859
    outer loop
      vertex 9.857495307922363 0.8874540328979492 25.096820831298828
      vertex 9.555633544921875 1.0124893188476562 25.585811614990234
      vertex 10.071796417236328 1.2883844375610352 25.096820831298828
    endloop
  endfacet
  facet normal -0.5479185748890167 0.4496646211715379 -0.7053984432632711
    outer loop
      vertex 10.417564392089844 1.0573492050170898 24.68096923828125
      vertex 10.071796417236328 1.2883844375610352 25.096820831298828
      vertex 10.65424919128418 1.3457508087158203 24.68096923828125
    endloop
  endfacet
  facet normal -0.4624239024208883 0.8651332825804343 -0.1941868632051076
    outer loop
      vertex 10.405057907104492 2.38700008392334 26.129146575927734
      vertex 10.341315269470215 2.4823970794677734 26.705947875976562
      vertex 10.857478141784668 2.7582921981811523 26.705947875976562
    endloop
  endfacet
  facet normal -0.09615114543681448 0.9762411071734953 -0.19418614238883392
    outer loop
      vertex 12 2.870820999145508 26.129146575927734
      vertex 11.417548179626465 2.928187370300293 26.705947875976562
      vertex 12 2.985553741455078 26.705947875976562
    endloop
  endfacet
  facet normal 0.09615209567375166 0.9762408282355816 -0.19418707419252074
    outer loop
      vertex 12.56006908416748 2.8156585693359375 26.129146575927734
      vertex 12 2.870820999145508 26.129146575927734
      vertex 12.582451820373535 2.928187370300293 26.705947875976562
    endloop
  endfacet
  facet normal 0.09801692707585691 0.9951847476758304 0
    outer loop
      vertex 12.582451820373535 2.928187370300293 26.705947875976562
      vertex 12 2.985553741455078 27.294052124023438
      vertex 12.582451820373535 2.928187370300293 27.294052124023438
    endloop
  endfacet
  facet normal 0.09801692707585691 0.9951847476758304 0
    outer loop
      vertex 12 2.985553741455078 27.294052124023438
      vertex 12.582451820373535 2.928187370300293 26.705947875976562
      vertex 12 2.985553741455078 26.705947875976562
    endloop
  endfacet
  facet normal -0.2847586474093503 0.9387246526257585 -0.19418686690465564
    outer loop
      vertex 11.43993091583252 2.8156585693359375 26.129146575927734
      vertex 10.857478141784668 2.7582921981811523 26.705947875976562
      vertex 11.417548179626465 2.928187370300293 26.705947875976562
    endloop
  endfacet
  facet normal -0.47139715609976374 0.8819210402417298 0
    outer loop
      vertex 10.857478141784668 2.7582921981811523 26.705947875976562
      vertex 10.341315269470215 2.4823970794677734 27.294052124023438
      vertex 10.857478141784668 2.7582921981811523 27.294052124023438
    endloop
  endfacet
  facet normal -0.47139715609976374 0.8819210402417298 0
    outer loop
      vertex 10.341315269470215 2.4823970794677734 27.294052124023438
      vertex 10.857478141784668 2.7582921981811523 26.705947875976562
      vertex 10.341315269470215 2.4823970794677734 26.705947875976562
    endloop
  endfacet
  facet normal 0.5630259450191331 0 -0.8264392205330724
    outer loop
      vertex 13.471177101135254 0.2926349639892578 24.41157341003418
      vertex 13.866610527038574 0.3712911605834961 24.68096923828125
      vertex 13.471177101135254 0.2926347553730011 24.41157341003418
    endloop
  endfacet
  facet normal 0.5334217597050793 0.16180879560701455 -0.8302283661362962
    outer loop
      vertex 13.45217227935791 0.3552865982055664 24.41157341003418
      vertex 13.866610527038574 0.3712911605834961 24.68096923828125
      vertex 13.471177101135254 0.2926349639892578 24.41157341003418
    endloop
  endfacet
  facet normal 0.5334214282102624 0.16181163845061672 -0.8302280250557982
    outer loop
      vertex 13.866610527038574 0.3712911605834961 24.68096923828125
      vertex 13.45217227935791 0.3552865982055664 24.41157341003418
      vertex 13.758308410644531 0.7283153533935547 24.68096923828125
    endloop
  endfacet
  facet normal -0.6782904221890337 0.20575797790990982 -0.7053975883805158
    outer loop
      vertex 10.241691589355469 0.7283153533935547 24.68096923828125
      vertex 9.725528717041016 0.4524202346801758 25.096820831298828
      vertex 9.857495307922363 0.8874540328979492 25.096820831298828
    endloop
  endfacet
  facet normal -0.20575797790990982 -0.6782904221890337 -0.7053975883805158
    outer loop
      vertex 11.547579765319824 -2.2744712829589844 25.096820831298828
      vertex 11.11254596710205 -2.1425046920776367 25.096820831298828
      vertex 11.271684646606445 -1.7583084106445312 24.68096923828125
    endloop
  endfacet
  facet normal -0.16181181230015854 -0.5334211411462004 -0.8302281756110327
    outer loop
      vertex 11.644713401794434 -1.4521721601486206 24.41157341003418
      vertex 11.271684646606445 -1.7583084106445312 24.68096923828125
      vertex 11.425975799560547 -1.3858187198638916 24.41157341003418
    endloop
  endfacet
  facet normal 0.4916040330010669 -0.26276666580799674 -0.8302283746519595
    outer loop
      vertex 13.758308410644531 -0.7283153533935547 24.68096923828125
      vertex 13.278066635131836 -0.775614857673645 24.41157341003418
      vertex 13.385818481445312 -0.5740244388580322 24.41157341003418
    endloop
  endfacet
  facet normal 0.08161937291175476 -0.8286958661762204 -0.5537160277145097
    outer loop
      vertex 12.516162872314453 -2.594925880432129 25.585811614990234
      vertex 12 -2.31903076171875 25.096820831298828
      vertex 12.452420234680176 -2.2744712829589844 25.096820831298828
    endloop
  endfacet
  facet normal 0.08161928139654781 -0.8286959195967125 -0.5537159612545678
    outer loop
      vertex 12.516162872314453 -2.594925880432129 25.585811614990234
      vertex 12 -2.645763397216797 25.585811614990234
      vertex 12 -2.31903076171875 25.096820831298828
    endloop
  endfacet
  facet normal 0.20575797790990982 -0.6782904221890337 -0.7053975883805158
    outer loop
      vertex 12.88745403289795 -2.1425046920776367 25.096820831298828
      vertex 12.452420234680176 -2.2744712829589844 25.096820831298828
      vertex 12.728315353393555 -1.7583084106445312 24.68096923828125
    endloop
  endfacet
  facet normal 0.26276659716072953 -0.4916051704588401 -0.8302277228536189
    outer loop
      vertex 13.05734920501709 -1.5824356079101562 24.68096923828125
      vertex 12.775614738464355 -1.2780663967132568 24.41157341003418
      vertex 12.833354949951172 -1.2472038269042969 24.41157341003418
    endloop
  endfacet
  facet normal 0.26276846319054886 -0.4916036941730305 -0.830228006410231
    outer loop
      vertex 12.775614738464355 -1.2780663967132568 24.41157341003418
      vertex 13.05734920501709 -1.5824356079101562 24.68096923828125
      vertex 12.728315353393555 -1.7583084106445312 24.68096923828125
    endloop
  endfacet
  facet normal 0.4624239024208883 -0.8651332825804343 -0.1941868632051076
    outer loop
      vertex 13.658684730529785 -2.4823970794677734 26.705947875976562
      vertex 13.142521858215332 -2.7582921981811523 26.705947875976562
      vertex 13.594942092895508 -2.38700008392334 26.129146575927734
    endloop
  endfacet
  facet normal 0.4624229196595556 -0.8651335903819488 -0.1941878321789775
    outer loop
      vertex 13.142521858215332 -2.7582921981811523 26.705947875976562
      vertex 13.098614692687988 -2.652292251586914 26.129146575927734
      vertex 13.594942092895508 -2.38700008392334 26.129146575927734
    endloop
  endfacet
  facet normal 0.4496659622820419 -0.5479182672236957 -0.7053978273340143
    outer loop
      vertex 13.639801979064941 -1.6398019790649414 25.096820831298828
      vertex 13.288384437561035 -1.9282035827636719 25.096820831298828
      vertex 13.34575080871582 -1.3457508087158203 24.68096923828125
    endloop
  endfacet
  facet normal 0.7968493280822929 -0.24172231354544232 -0.5537160567195403
    outer loop
      vertex 14.444366455078125 -1.0124893188476562 25.585811614990234
      vertex 14.274471282958984 -0.4524202346801758 25.096820831298828
      vertex 14.594925880432129 -0.5161628723144531 25.585811614990234
    endloop
  endfacet
  facet normal 0.6223178924498859 -0.758295681853215 -0.19418573485068366
    outer loop
      vertex 14.111104965209961 -2.111104965209961 26.705947875976562
      vertex 13.658684730529785 -2.4823970794677734 26.705947875976562
      vertex 14.029976844787598 -2.0299768447875977 26.129146575927734
    endloop
  endfacet
  facet normal -0.3341308412525308 -0.6251167519507789 -0.7053974959938434
    outer loop
      vertex 11.11254596710205 -2.1425046920776367 25.096820831298828
      vertex 10.711615562438965 -1.9282035827636719 25.096820831298828
      vertex 11.271684646606445 -1.7583084106445312 24.68096923828125
    endloop
  endfacet
  facet normal -0.26276870047828893 -0.49160413810579234 -0.8302276684417428
    outer loop
      vertex 10.94265079498291 -1.5824356079101562 24.68096923828125
      vertex 11.224385261535645 -1.2780669927597046 24.41157341003418
      vertex 11.271684646606445 -1.7583084106445312 24.68096923828125
    endloop
  endfacet
  facet normal -0.2627682610815757 -0.49160448572968296 -0.8302276016723479
    outer loop
      vertex 11.224385261535645 -1.2780669927597046 24.41157341003418
      vertex 10.94265079498291 -1.5824356079101562 24.68096923828125
      vertex 11.166645050048828 -1.2472041845321655 24.41157341003418
    endloop
  endfacet
  facet normal -0.5865149792282845 -0.7146716810010227 -0.3811096528769866
    outer loop
      vertex 10.405057907104492 -2.38700008392334 26.129146575927734
      vertex 9.970023155212402 -2.0299768447875977 26.129146575927734
      vertex 10.5300931930542 -2.1998720169067383 25.585811614990234
    endloop
  endfacet
  facet normal -0.586515159096788 -0.7146713851893067 -0.3811099307827957
    outer loop
      vertex 10.5300931930542 -2.1998720169067383 25.585811614990234
      vertex 9.970023155212402 -2.0299768447875977 26.129146575927734
      vertex 10.129162788391113 -1.8708372116088867 25.585811614990234
    endloop
  endfacet
  facet normal -0.2683775785305578 -0.884719701659748 -0.3811095968840997
    outer loop
      vertex 11.483837127685547 -2.594925880432129 25.585811614990234
      vertex 10.901385307312012 -2.652292251586914 26.129146575927734
      vertex 10.987510681152344 -2.444366455078125 25.585811614990234
    endloop
  endfacet
  facet normal -0.2417225184748848 -0.7968491466256263 -0.5537162283915561
    outer loop
      vertex 11.547579765319824 -2.2744712829589844 25.096820831298828
      vertex 10.987510681152344 -2.444366455078125 25.585811614990234
      vertex 11.11254596710205 -2.1425046920776367 25.096820831298828
    endloop
  endfacet
  facet normal 0.28475940196064 -0.9387242579980688 0.19418766809711188
    outer loop
      vertex 13.098614692687988 -2.652292251586914 27.870853424072266
      vertex 12.56006908416748 -2.8156585693359375 27.870853424072266
      vertex 13.142521858215332 -2.7582921981811523 27.294052124023438
    endloop
  endfacet
  facet normal -0.09061963859402507 -0.9200782395196833 0.3811090582280204
    outer loop
      vertex 12 -2.645763397216797 28.4141902923584
      vertex 11.483837127685547 -2.594925880432129 28.4141902923584
      vertex 12 -2.870820999145508 27.870853424072266
    endloop
  endfacet
  facet normal -0.28475940196064 -0.9387242579980688 0.19418766809711188
    outer loop
      vertex 10.901385307312012 -2.652292251586914 27.870853424072266
      vertex 10.857478141784668 -2.7582921981811523 27.294052124023438
      vertex 11.43993091583252 -2.8156585693359375 27.870853424072266
    endloop
  endfacet
  facet normal -0.26837732561796857 -0.884719886752172 -0.3811093453057417
    outer loop
      vertex 11.43993091583252 -2.8156585693359375 26.129146575927734
      vertex 10.901385307312012 -2.652292251586914 26.129146575927734
      vertex 11.483837127685547 -2.594925880432129 25.585811614990234
    endloop
  endfacet
  facet normal -0.28475940196064 -0.9387242579980688 -0.19418766809711188
    outer loop
      vertex 11.43993091583252 -2.8156585693359375 26.129146575927734
      vertex 10.857478141784668 -2.7582921981811523 26.705947875976562
      vertex 10.901385307312012 -2.652292251586914 26.129146575927734
    endloop
  endfacet
  facet normal 0.8153632107680197 -0.43582017589929045 0.3811083950861976
    outer loop
      vertex 14.444366455078125 -1.0124893188476562 28.4141902923584
      vertex 14.199872016906738 -1.4699068069458008 28.4141902923584
      vertex 14.38700008392334 -1.5949420928955078 27.870853424072266
    endloop
  endfacet
  facet normal 0.7146720453914407 -0.5865152782753073 0.3811085093325171
    outer loop
      vertex 14.199872016906738 -1.4699068069458008 28.4141902923584
      vertex 14.029976844787598 -2.0299768447875977 27.870853424072266
      vertex 14.38700008392334 -1.5949420928955078 27.870853424072266
    endloop
  endfacet
  facet normal 0.6223167347350546 -0.7582963141254431 0.19418697601143894
    outer loop
      vertex 14.029976844787598 -2.0299768447875977 27.870853424072266
      vertex 13.594942092895508 -2.38700008392334 27.870853424072266
      vertex 13.658684730529785 -2.4823970794677734 27.294052124023438
    endloop
  endfacet
  facet normal 0.5865152782753073 -0.7146720453914407 0.3811085093325171
    outer loop
      vertex 14.029976844787598 -2.0299768447875977 27.870853424072266
      vertex 13.4699068069458 -2.1998720169067383 28.4141902923584
      vertex 13.594942092895508 -2.38700008392334 27.870853424072266
    endloop
  endfacet
  facet normal 0.09062049485984382 -0.9200779903671169 -0.3811094561321778
    outer loop
      vertex 12.56006908416748 -2.8156585693359375 26.129146575927734
      vertex 12 -2.870820999145508 26.129146575927734
      vertex 12.516162872314453 -2.594925880432129 25.585811614990234
    endloop
  endfacet
  facet normal 0.26837732561796857 -0.884719886752172 -0.3811093453057417
    outer loop
      vertex 12.56006908416748 -2.8156585693359375 26.129146575927734
      vertex 12.516162872314453 -2.594925880432129 25.585811614990234
      vertex 13.098614692687988 -2.652292251586914 26.129146575927734
    endloop
  endfacet
  facet normal -0.8153632107680197 0.43582017589929045 0.3811083950861976
    outer loop
      vertex 9.61299991607666 1.5949420928955078 27.870853424072266
      vertex 9.555633544921875 1.0124893188476562 28.4141902923584
      vertex 9.800127983093262 1.4699068069458008 28.4141902923584
    endloop
  endfacet
  facet normal 0.877270556724221 -0.4689083147426082 0.10257369384994555
    outer loop
      vertex 10.752795219421387 0.8333553671836853 29.588428497314453
      vertex 10.721932411193848 0.7756147980690002 29.588428497314453
      vertex 10.752795219421387 0.8333549499511719 29.58842658996582
    endloop
  endfacet
  facet normal -0.4916082574157168 0.2627686495704656 0.8302252453663379
    outer loop
      vertex 10.417564392089844 1.0573492050170898 29.31903076171875
      vertex 10.721932411193848 0.7756147980690002 29.588428497314453
      vertex 10.752795219421387 0.8333553671836853 29.588428497314453
    endloop
  endfacet
  facet normal -0.4916070048647319 0.262770232797614 0.8302254859515065
    outer loop
      vertex 10.721932411193848 0.7756147980690002 29.588428497314453
      vertex 10.417564392089844 1.0573492050170898 29.31903076171875
      vertex 10.241691589355469 0.7283153533935547 29.31903076171875
    endloop
  endfacet
  facet normal -0.5334195915417151 -0.16181774544134542 0.8302280148367374
    outer loop
      vertex 10.241691589355469 -0.7283153533935547 29.31903076171875
      vertex 10.614180564880371 -0.5740242004394531 29.58842658996582
      vertex 10.54782772064209 -0.35528743267059326 29.588428497314453
    endloop
  endfacet
  facet normal -0.511052072064494 0.8274463788179426 0.23271929404254635
    outer loop
      vertex 10.614180564880371 -0.5740242004394531 29.58842658996582
      vertex 10.241691589355469 -0.7283153533935547 29.31903076171875
      vertex 10.614180564880371 -0.5740247368812561 29.588428497314453
    endloop
  endfacet
  facet normal -0.2627695434269979 -0.49160688482750103 0.8302257752186254
    outer loop
      vertex 10.94265079498291 -1.5824356079101562 29.31903076171875
      vertex 11.224385261535645 -1.2780669927597046 29.588428497314453
      vertex 11.166645050048828 -1.2472041845321655 29.588428497314453
    endloop
  endfacet
  facet normal -0.2627699828260617 -0.4916065372022998 0.830225841988525
    outer loop
      vertex 11.224385261535645 -1.2780669927597046 29.588428497314453
      vertex 10.94265079498291 -1.5824356079101562 29.31903076171875
      vertex 11.271684646606445 -1.7583084106445312 29.31903076171875
    endloop
  endfacet
  facet normal -0.49160709185377566 -0.2627687669518087 0.8302258983877217
    outer loop
      vertex 10.614180564880371 -0.5740247368812561 29.588428497314453
      vertex 10.241691589355469 -0.7283153533935547 29.31903076171875
      vertex 10.721932411193848 -0.7756147980690002 29.588428497314453
    endloop
  endfacet
  facet normal -0.8819210402417298 0.47139715609976374 0
    outer loop
      vertex 9.241707801818848 1.142521858215332 26.705947875976562
      vertex 9.517602920532227 1.6586847305297852 27.294052124023438
      vertex 9.517602920532227 1.6586847305297852 26.705947875976562
    endloop
  endfacet
  facet normal -0.8819210402417298 0.47139715609976374 0
    outer loop
      vertex 9.517602920532227 1.6586847305297852 27.294052124023438
      vertex 9.241707801818848 1.142521858215332 26.705947875976562
      vertex 9.241707801818848 1.142521858215332 27.294052124023438
    endloop
  endfacet
  facet normal -0.4624239024208883 0.8651332825804343 0.1941868632051076
    outer loop
      vertex 10.857478141784668 2.7582921981811523 27.294052124023438
      vertex 10.341315269470215 2.4823970794677734 27.294052124023438
      vertex 10.405057907104492 2.38700008392334 27.870853424072266
    endloop
  endfacet
  facet normal -0.8286949285355532 -0.08161918378571406 0.5537174588701427
    outer loop
      vertex 9.68096923828125 0 28.903179168701172
      vertex 9.354236602783203 0 28.4141902923584
      vertex 9.405074119567871 -0.5161628723144531 28.4141902923584
    endloop
  endfacet
  facet normal -0.9200782395196833 -0.09061963859402507 0.3811090582280204
    outer loop
      vertex 9.354236602783203 0 28.4141902923584
      vertex 9.129179000854492 0 27.870853424072266
      vertex 9.405074119567871 -0.5161628723144531 28.4141902923584
    endloop
  endfacet
  facet normal 0.26837746245558314 0.8847203378445232 0.3811082017618814
    outer loop
      vertex 12.56006908416748 2.8156585693359375 27.870853424072266
      vertex 12.516162872314453 2.594925880432129 28.4141902923584
      vertex 13.098614692687988 2.652292251586914 27.870853424072266
    endloop
  endfacet
  facet normal 0.4624229196595556 0.8651335903819488 0.1941878321789775
    outer loop
      vertex 13.142521858215332 2.7582921981811523 27.294052124023438
      vertex 13.098614692687988 2.652292251586914 27.870853424072266
      vertex 13.594942092895508 2.38700008392334 27.870853424072266
    endloop
  endfacet
  facet normal -0.09062054106456521 0.9200784594877862 0.381108312588098
    outer loop
      vertex 12 2.870820999145508 27.870853424072266
      vertex 11.43993091583252 2.8156585693359375 27.870853424072266
      vertex 11.483837127685547 2.594925880432129 28.4141902923584
    endloop
  endfacet
  facet normal -0.09615209567375166 0.9762408282355816 0.19418707419252074
    outer loop
      vertex 12 2.870820999145508 27.870853424072266
      vertex 11.417548179626465 2.928187370300293 27.294052124023438
      vertex 11.43993091583252 2.8156585693359375 27.870853424072266
    endloop
  endfacet
  facet normal -0.08161918378571406 0.8286949285355532 0.5537174588701427
    outer loop
      vertex 12 2.645763397216797 28.4141902923584
      vertex 11.483837127685547 2.594925880432129 28.4141902923584
      vertex 12 2.31903076171875 28.903179168701172
    endloop
  endfacet
  facet normal 0.08161918378571406 0.8286949285355532 0.5537174588701427
    outer loop
      vertex 12 2.645763397216797 28.4141902923584
      vertex 12 2.31903076171875 28.903179168701172
      vertex 12.516162872314453 2.594925880432129 28.4141902923584
    endloop
  endfacet
  facet normal 0.28475940196064 0.9387242579980688 0.19418766809711188
    outer loop
      vertex 13.142521858215332 2.7582921981811523 27.294052124023438
      vertex 12.56006908416748 2.8156585693359375 27.870853424072266
      vertex 13.098614692687988 2.652292251586914 27.870853424072266
    endloop
  endfacet
  facet normal 0.2847586474093503 0.9387246526257585 0.19418686690465564
    outer loop
      vertex 12.582451820373535 2.928187370300293 27.294052124023438
      vertex 12.56006908416748 2.8156585693359375 27.870853424072266
      vertex 13.142521858215332 2.7582921981811523 27.294052124023438
    endloop
  endfacet
  facet normal -0.06903382015954672 0.5522705612763738 0.8308017566313028
    outer loop
      vertex 11.628708839416504 1.8666105270385742 29.31903076171875
      vertex 11.707364082336426 1.471177101135254 29.588428497314453
      vertex 11.707365036010742 1.4711772203445435 29.588428497314453
    endloop
  endfacet
  facet normal -0.16181291278183085 0.5334238666352 0.8302262099940064
    outer loop
      vertex 11.628708839416504 1.8666105270385742 29.31903076171875
      vertex 11.644713401794434 1.4521721601486206 29.588428497314453
      vertex 11.707364082336426 1.471177101135254 29.588428497314453
    endloop
  endfacet
  facet normal -0.16181239640452233 0.5334239268491657 0.8302262719491849
    outer loop
      vertex 11.644713401794434 1.4521721601486206 29.588428497314453
      vertex 11.628708839416504 1.8666105270385742 29.31903076171875
      vertex 11.271684646606445 1.7583084106445312 29.31903076171875
    endloop
  endfacet
  facet normal -0.2627699828260617 0.4916065372022998 0.830225841988525
    outer loop
      vertex 10.94265079498291 1.5824356079101562 29.31903076171875
      vertex 11.224385261535645 1.2780669927597046 29.588428497314453
      vertex 11.271684646606445 1.7583084106445312 29.31903076171875
    endloop
  endfacet
  facet normal -0.2627695434269979 0.49160688482750103 0.8302257752186254
    outer loop
      vertex 11.224385261535645 1.2780669927597046 29.588428497314453
      vertex 10.94265079498291 1.5824356079101562 29.31903076171875
      vertex 11.166645050048828 1.2472041845321655 29.588428497314453
    endloop
  endfacet
  facet normal 0.054636900138173156 0.5547430022191822 0.8302258792835475
    outer loop
      vertex 12 1.9031791687011719 29.31903076171875
      vertex 12.065155982971191 1.4935824871063232 29.588428497314453
      vertex 12.371291160583496 1.8666105270385742 29.31903076171875
    endloop
  endfacet
  facet normal 0.05461471407822825 0.5547412174613515 0.8302285315837145
    outer loop
      vertex 12.065155982971191 1.4935824871063232 29.588428497314453
      vertex 12 1.9031791687011719 29.31903076171875
      vertex 12 1.5 29.58842658996582
    endloop
  endfacet
  facet normal -0.05463863987169707 0.5547419834085217 0.8302264455417875
    outer loop
      vertex 11.934844017028809 1.4935824871063232 29.588428497314453
      vertex 11.628708839416504 1.8666105270385742 29.31903076171875
      vertex 11.707365036010742 1.4711772203445435 29.588428497314453
    endloop
  endfacet
  facet normal -0.13576653935998803 0.5430661574399521 0.8286414154709008
    outer loop
      vertex 11.271684646606445 1.7583084106445312 29.31903076171875
      vertex 11.42597484588623 1.3858184814453125 29.588428497314453
      vertex 11.425975799560547 1.3858187198638916 29.588428497314453
    endloop
  endfacet
  facet normal -0.2627682741049081 0.4916066386041913 0.8302263227603759
    outer loop
      vertex 11.42597484588623 1.3858184814453125 29.588428497314453
      vertex 11.271684646606445 1.7583084106445312 29.31903076171875
      vertex 11.224385261535645 1.2780669927597046 29.588428497314453
    endloop
  endfacet
  facet normal -0.20575797790990982 0.6782904221890337 0.7053975883805158
    outer loop
      vertex 11.547579765319824 2.2744712829589844 28.903179168701172
      vertex 11.11254596710205 2.1425046920776367 28.903179168701172
      vertex 11.271684646606445 1.7583084106445312 29.31903076171875
    endloop
  endfacet
  facet normal -0.33413201691236705 0.6251150989016905 0.7053984040237145
    outer loop
      vertex 11.271684646606445 1.7583084106445312 29.31903076171875
      vertex 10.711615562438965 1.9282035827636719 28.903179168701172
      vertex 10.94265079498291 1.5824356079101562 29.31903076171875
    endloop
  endfacet
  facet normal 0.6251167519507789 -0.3341308412525308 0.7053974959938434
    outer loop
      vertex 14.142504692077637 -0.8874540328979492 28.903179168701172
      vertex 13.758308410644531 -0.7283153533935547 29.31903076171875
      vertex 13.928203582763672 -1.2883844375610352 28.903179168701172
    endloop
  endfacet
  facet normal 0.7343802405570423 -0.39253321369298616 0.5537177425613496
    outer loop
      vertex 14.142504692077637 -0.8874540328979492 28.903179168701172
      vertex 13.928203582763672 -1.2883844375610352 28.903179168701172
      vertex 14.444366455078125 -1.0124893188476562 28.4141902923584
    endloop
  endfacet
  facet normal 0.5547412806631579 -0.05461263418830527 0.8302286261718598
    outer loop
      vertex 13.493582725524902 -0.06515605002641678 29.588428497314453
      vertex 13.903179168701172 0 29.31903076171875
      vertex 13.5 0 29.58842658996582
    endloop
  endfacet
  facet normal 0.554743234595985 -0.05463692302507415 0.8302257225070397
    outer loop
      vertex 13.903179168701172 0 29.31903076171875
      vertex 13.493582725524902 -0.06515605002641678 29.588428497314453
      vertex 13.866610527038574 -0.3712911605834961 29.31903076171875
    endloop
  endfacet
  facet normal 0.5630286676452187 0 0.8264373656906189
    outer loop
      vertex 13.471177101135254 -0.2926349639892578 29.588428497314453
      vertex 13.866610527038574 -0.3712911605834961 29.31903076171875
      vertex 13.471177101135254 -0.2926347553730011 29.588428497314453
    endloop
  endfacet
  facet normal 0.5334243628817664 -0.16180958525774933 0.8302265396883532
    outer loop
      vertex 13.45217227935791 -0.3552865982055664 29.588428497314453
      vertex 13.866610527038574 -0.3712911605834961 29.31903076171875
      vertex 13.471177101135254 -0.2926349639892578 29.588428497314453
    endloop
  endfacet
  facet normal 0.5334240313831927 -0.1618124281145761 0.8302261986052764
    outer loop
      vertex 13.866610527038574 -0.3712911605834961 29.31903076171875
      vertex 13.45217227935791 -0.3552865982055664 29.588428497314453
      vertex 13.758308410644531 -0.7283153533935547 29.31903076171875
    endloop
  endfacet
  facet normal 0.6782902788425428 0.20575712852947958 0.7053979739742728
    outer loop
      vertex 14.274471282958984 0.4524202346801758 28.903179168701172
      vertex 13.758308410644531 0.7283153533935547 29.31903076171875
      vertex 13.866610527038574 0.3712911605834961 29.31903076171875
    endloop
  endfacet
  facet normal 0.5547416962437564 0.054639549932275384 0.8302265775267607
    outer loop
      vertex 13.866610527038574 0.3712911605834961 29.31903076171875
      vertex 13.471177101135254 0.2926347553730011 29.588428497314453
      vertex 13.493582725524902 0.06515605002641678 29.588428497314453
    endloop
  endfacet
  facet normal 0.43089632939092243 -0.3536288316090954 0.8302258745499418
    outer loop
      vertex 13.205669403076172 -0.8839645981788635 29.588428497314453
      vertex 13.582435607910156 -1.0573492050170898 29.31903076171875
      vertex 13.247203826904297 -0.8333549499511719 29.588428497314453
    endloop
  endfacet
  facet normal 0.43089700727082203 -0.3536276162523425 0.8302260403942622
    outer loop
      vertex 13.582435607910156 -1.0573492050170898 29.31903076171875
      vertex 13.205669403076172 -0.8839645981788635 29.588428497314453
      vertex 13.34575080871582 -1.3457508087158203 29.31903076171875
    endloop
  endfacet
  facet normal 0.5479185748890167 -0.4496646211715379 0.7053984432632711
    outer loop
      vertex 13.582435607910156 -1.0573492050170898 29.31903076171875
      vertex 13.34575080871582 -1.3457508087158203 29.31903076171875
      vertex 13.928203582763672 -1.2883844375610352 28.903179168701172
    endloop
  endfacet
  facet normal 0.4496646211715379 -0.5479185748890167 0.7053984432632711
    outer loop
      vertex 13.34575080871582 -1.3457508087158203 29.31903076171875
      vertex 13.05734920501709 -1.5824356079101562 29.31903076171875
      vertex 13.288384437561035 -1.9282035827636719 28.903179168701172
    endloop
  endfacet
  facet normal 0.3536275932816103 -0.43089697928087073 0.8302260647055577
    outer loop
      vertex 12.883964538574219 -1.2056694030761719 29.588428497314453
      vertex 13.05734920501709 -1.5824356079101562 29.31903076171875
      vertex 13.34575080871582 -1.3457508087158203 29.31903076171875
    endloop
  endfacet
  facet normal 0.35362909433999784 -0.4308961420470933 0.8302258598750125
    outer loop
      vertex 13.05734920501709 -1.5824356079101562 29.31903076171875
      vertex 12.883964538574219 -1.2056694030761719 29.588428497314453
      vertex 12.833354949951172 -1.2472038269042969 29.588428497314453
    endloop
  endfacet
  facet normal 0.7343801984034847 0.39253390761117213 0.5537173065458245
    outer loop
      vertex 14.199872016906738 1.4699068069458008 28.4141902923584
      vertex 13.928203582763672 1.2883844375610352 28.903179168701172
      vertex 14.444366455078125 1.0124893188476562 28.4141902923584
    endloop
  endfacet
  facet normal 0.7343802405570423 0.39253321369298616 0.5537177425613496
    outer loop
      vertex 14.444366455078125 1.0124893188476562 28.4141902923584
      vertex 13.928203582763672 1.2883844375610352 28.903179168701172
      vertex 14.142504692077637 0.8874540328979492 28.903179168701172
    endloop
  endfacet
  facet normal 0.758295681853215 0.6223178924498859 0.19418573485068366
    outer loop
      vertex 14.111104965209961 2.111104965209961 27.294052124023438
      vertex 14.029976844787598 2.0299768447875977 27.870853424072266
      vertex 14.482397079467773 1.6586847305297852 27.294052124023438
    endloop
  endfacet
  facet normal 0.6343937161512105 0.7730100988395026 0
    outer loop
      vertex 14.111104965209961 2.111104965209961 26.705947875976562
      vertex 13.658684730529785 2.4823970794677734 27.294052124023438
      vertex 14.111104965209961 2.111104965209961 27.294052124023438
    endloop
  endfacet
  facet normal 0.6343937161512105 0.7730100988395026 0
    outer loop
      vertex 13.658684730529785 2.4823970794677734 27.294052124023438
      vertex 14.111104965209961 2.111104965209961 26.705947875976562
      vertex 13.658684730529785 2.4823970794677734 26.705947875976562
    endloop
  endfacet
  facet normal 0.8819210402417298 0.47139715609976374 0
    outer loop
      vertex 14.758292198181152 1.142521858215332 27.294052124023438
      vertex 14.482397079467773 1.6586847305297852 26.705947875976562
      vertex 14.482397079467773 1.6586847305297852 27.294052124023438
    endloop
  endfacet
  facet normal 0.8819210402417298 0.47139715609976374 0
    outer loop
      vertex 14.482397079467773 1.6586847305297852 26.705947875976562
      vertex 14.758292198181152 1.142521858215332 27.294052124023438
      vertex 14.758292198181152 1.142521858215332 26.705947875976562
    endloop
  endfacet
  facet normal 0.26276795902896705 0.4916061992870376 0.8302266826176479
    outer loop
      vertex 12.728315353393555 1.7583084106445312 29.31903076171875
      vertex 12.574024200439453 1.385818362236023 29.588428497314453
      vertex 12.775614738464355 1.2780663967132568 29.588428497314453
    endloop
  endfacet
  facet normal 0.3341308412525308 0.6251167519507789 0.7053974959938434
    outer loop
      vertex 12.88745403289795 2.1425046920776367 28.903179168701172
      vertex 12.728315353393555 1.7583084106445312 29.31903076171875
      vertex 13.288384437561035 1.9282035827636719 28.903179168701172
    endloop
  endfacet
  facet normal 0.39253321369298616 0.7343802405570423 0.5537177425613496
    outer loop
      vertex 13.012489318847656 2.444366455078125 28.4141902923584
      vertex 12.88745403289795 2.1425046920776367 28.903179168701172
      vertex 13.288384437561035 1.9282035827636719 28.903179168701172
    endloop
  endfacet
  facet normal 0.5479185748890167 0.4496646211715379 0.7053984432632711
    outer loop
      vertex 13.928203582763672 1.2883844375610352 28.903179168701172
      vertex 13.34575080871582 1.3457508087158203 29.31903076171875
      vertex 13.582435607910156 1.0573492050170898 29.31903076171875
    endloop
  endfacet
  facet normal 0.43089700727082203 0.3536276162523425 0.8302260403942622
    outer loop
      vertex 13.205669403076172 0.8839645981788635 29.588428497314453
      vertex 13.582435607910156 1.0573492050170898 29.31903076171875
      vertex 13.34575080871582 1.3457508087158203 29.31903076171875
    endloop
  endfacet
  facet normal 0.43089632939092243 0.3536288316090954 0.8302258745499418
    outer loop
      vertex 13.582435607910156 1.0573492050170898 29.31903076171875
      vertex 13.205669403076172 0.8839645981788635 29.588428497314453
      vertex 13.247203826904297 0.8333549499511719 29.588428497314453
    endloop
  endfacet
  facet normal 0.528262685030783 0.6436884249634542 0.5537181116526128
    outer loop
      vertex 13.870837211608887 1.8708372116088867 28.4141902923584
      vertex 13.288384437561035 1.9282035827636719 28.903179168701172
      vertex 13.639801979064941 1.6398019790649414 28.903179168701172
    endloop
  endfacet
  facet normal 0.2417220244627122 0.796848375107055 0.553717554335145
    outer loop
      vertex 12.516162872314453 2.594925880432129 28.4141902923584
      vertex 12.452420234680176 2.2744712829589844 28.903179168701172
      vertex 13.012489318847656 2.444366455078125 28.4141902923584
    endloop
  endfacet
  facet normal 0.08161927530078812 0.828694875114887 0.5537175253301053
    outer loop
      vertex 12.516162872314453 2.594925880432129 28.4141902923584
      vertex 12 2.31903076171875 28.903179168701172
      vertex 12.452420234680176 2.2744712829589844 28.903179168701172
    endloop
  endfacet
  facet normal 0.06947564303350023 0.7053984382365254 0.7053978865566248
    outer loop
      vertex 12.452420234680176 2.2744712829589844 28.903179168701172
      vertex 12 2.31903076171875 28.903179168701172
      vertex 12.371291160583496 1.8666105270385742 29.31903076171875
    endloop
  endfacet
  facet normal 0.9387246526257585 0.2847586474093503 -0.19418686690465564
    outer loop
      vertex 14.815658569335938 0.5600690841674805 26.129146575927734
      vertex 14.758292198181152 1.142521858215332 26.705947875976562
      vertex 14.928187370300293 0.5824518203735352 26.705947875976562
    endloop
  endfacet
  facet normal 0.9762411071734953 0.09615114543681448 -0.19418614238883392
    outer loop
      vertex 14.985553741455078 0 26.705947875976562
      vertex 14.870820999145508 0 26.129146575927734
      vertex 14.928187370300293 0.5824518203735352 26.705947875976562
    endloop
  endfacet
  facet normal 0.5282626882314588 0.6436904848692958 -0.5537157139825485
    outer loop
      vertex 13.870837211608887 1.8708372116088867 25.585811614990234
      vertex 13.288384437561035 1.9282035827636719 25.096820831298828
      vertex 13.4699068069458 2.1998720169067383 25.585811614990234
    endloop
  endfacet
  facet normal 0.7146713851893066 0.5865151590967879 -0.3811099307827956
    outer loop
      vertex 14.199872016906738 1.4699068069458008 25.585811614990234
      vertex 13.870837211608887 1.8708372116088867 25.585811614990234
      vertex 14.029976844787598 2.0299768447875977 26.129146575927734
    endloop
  endfacet
  facet normal 0.9200777703972903 -0.09061959238958303 -0.38111020177357713
    outer loop
      vertex 14.870820999145508 0 26.129146575927734
      vertex 14.594925880432129 -0.5161628723144531 25.585811614990234
      vertex 14.645763397216797 0 25.585811614990234
    endloop
  endfacet
  facet normal 0.9200777703972903 0.09061959238958303 -0.38111020177357713
    outer loop
      vertex 14.645763397216797 0 25.585811614990234
      vertex 14.594925880432129 0.5161628723144531 25.585811614990234
      vertex 14.870820999145508 0 26.129146575927734
    endloop
  endfacet
  facet normal 0.5547405441976578 0.054636865389140116 -0.8302275239738413
    outer loop
      vertex 13.493582725524902 0.06515605002641678 24.41157341003418
      vertex 13.903179168701172 0 24.68096923828125
      vertex 13.5 0 24.41157341003418
    endloop
  endfacet
  facet normal 0.5547405273859036 0.05463665639067538 -0.8302275489611609
    outer loop
      vertex 13.903179168701172 0 24.68096923828125
      vertex 13.493582725524902 0.06515605002641678 24.41157341003418
      vertex 13.866610527038574 0.3712911605834961 24.68096923828125
    endloop
  endfacet
  facet normal 0.6251150989016905 0.33413201691236705 -0.7053984040237145
    outer loop
      vertex 13.758308410644531 0.7283153533935547 24.68096923828125
      vertex 13.582435607910156 1.0573492050170898 24.68096923828125
      vertex 13.928203582763672 1.2883844375610352 25.096820831298828
    endloop
  endfacet
  facet normal 0.7968491466256263 0.2417225184748848 -0.5537162283915561
    outer loop
      vertex 14.274471282958984 0.4524202346801758 25.096820831298828
      vertex 14.142504692077637 0.8874540328979492 25.096820831298828
      vertex 14.444366455078125 1.0124893188476562 25.585811614990234
    endloop
  endfacet
  facet normal -0.47139715609976374 -0.8819210402417298 0
    outer loop
      vertex 10.341315269470215 -2.4823970794677734 26.705947875976562
      vertex 10.857478141784668 -2.7582921981811523 27.294052124023438
      vertex 10.341315269470215 -2.4823970794677734 27.294052124023438
    endloop
  endfacet
  facet normal -0.47139715609976374 -0.8819210402417298 0
    outer loop
      vertex 10.857478141784668 -2.7582921981811523 27.294052124023438
      vertex 10.341315269470215 -2.4823970794677734 26.705947875976562
      vertex 10.857478141784668 -2.7582921981811523 26.705947875976562
    endloop
  endfacet
  facet normal -0.7730100988395026 -0.6343937161512105 0
    outer loop
      vertex 9.888895034790039 -2.111104965209961 26.705947875976562
      vertex 9.517602920532227 -1.6586847305297852 27.294052124023438
      vertex 9.517602920532227 -1.6586847305297852 26.705947875976562
    endloop
  endfacet
  facet normal -0.7730100988395026 -0.6343937161512105 0
    outer loop
      vertex 9.517602920532227 -1.6586847305297852 27.294052124023438
      vertex 9.888895034790039 -2.111104965209961 26.705947875976562
      vertex 9.888895034790039 -2.111104965209961 27.294052124023438
    endloop
  endfacet
  facet normal -0.7146720453914407 -0.5865152782753073 0.3811085093325171
    outer loop
      vertex 9.800127983093262 -1.4699068069458008 28.4141902923584
      vertex 9.61299991607666 -1.5949420928955078 27.870853424072266
      vertex 9.970023155212402 -2.0299768447875977 27.870853424072266
    endloop
  endfacet
  facet normal -0.4624229196595556 -0.8651335903819488 0.1941878321789775
    outer loop
      vertex 10.901385307312012 -2.652292251586914 27.870853424072266
      vertex 10.405057907104492 -2.38700008392334 27.870853424072266
      vertex 10.857478141784668 -2.7582921981811523 27.294052124023438
    endloop
  endfacet
  facet normal -0.43582014884743014 -0.8153632402363585 0.3811083629755057
    outer loop
      vertex 10.987510681152344 -2.444366455078125 28.4141902923584
      vertex 10.405057907104492 -2.38700008392334 27.870853424072266
      vertex 10.901385307312012 -2.652292251586914 27.870853424072266
    endloop
  endfacet
  facet normal -0.9200779903671169 -0.09062049485984382 -0.3811094561321778
    outer loop
      vertex 9.184341430664062 -0.5600690841674805 26.129146575927734
      vertex 9.129179000854492 0 26.129146575927734
      vertex 9.405074119567871 -0.5161628723144531 25.585811614990234
    endloop
  endfacet
  facet normal -0.9387242579980688 -0.28475940196064 -0.19418766809711188
    outer loop
      vertex 9.241707801818848 -1.142521858215332 26.705947875976562
      vertex 9.184341430664062 -0.5600690841674805 26.129146575927734
      vertex 9.347707748413086 -1.0986146926879883 26.129146575927734
    endloop
  endfacet
  facet normal -0.9200779903671169 0.09062049485984382 -0.3811094561321778
    outer loop
      vertex 9.405074119567871 0.5161628723144531 25.585811614990234
      vertex 9.129179000854492 0 26.129146575927734
      vertex 9.184341430664062 0.5600690841674805 26.129146575927734
    endloop
  endfacet
  facet normal -0.9762408282355816 0.09615209567375166 -0.19418707419252074
    outer loop
      vertex 9.129179000854492 0 26.129146575927734
      vertex 9.071812629699707 0.5824518203735352 26.705947875976562
      vertex 9.184341430664062 0.5600690841674805 26.129146575927734
    endloop
  endfacet
  facet normal -0.7053981940094443 -0.06947500108980918 -0.7053981940094443
    outer loop
      vertex 10.133389472961426 -0.3712911605834961 24.68096923828125
      vertex 9.68096923828125 0 25.096820831298828
      vertex 10.096820831298828 0 24.68096923828125
    endloop
  endfacet
  facet normal -0.7053981940094443 0.06947500108980918 -0.7053981940094443
    outer loop
      vertex 10.096820831298828 0 24.68096923828125
      vertex 9.68096923828125 0 25.096820831298828
      vertex 10.133389472961426 0.3712911605834961 24.68096923828125
    endloop
  endfacet
  facet normal -0.7053984382365253 -0.06947564303350022 -0.7053978865566247
    outer loop
      vertex 9.725528717041016 -0.4524202346801758 25.096820831298828
      vertex 9.68096923828125 0 25.096820831298828
      vertex 10.133389472961426 -0.3712911605834961 24.68096923828125
    endloop
  endfacet
  facet normal -0.6251150989016905 -0.33413201691236705 -0.7053984040237145
    outer loop
      vertex 10.417564392089844 -1.0573492050170898 24.68096923828125
      vertex 10.071796417236328 -1.2883844375610352 25.096820831298828
      vertex 10.241691589355469 -0.7283153533935547 24.68096923828125
    endloop
  endfacet
  facet normal -0.8286959195967125 0.08161928139654781 -0.5537159612545678
    outer loop
      vertex 9.68096923828125 0 25.096820831298828
      vertex 9.354236602783203 0 25.585811614990234
      vertex 9.405074119567871 0.5161628723144531 25.585811614990234
    endloop
  endfacet
  facet normal -0.8286959195967125 -0.08161928139654781 -0.5537159612545678
    outer loop
      vertex 9.405074119567871 -0.5161628723144531 25.585811614990234
      vertex 9.354236602783203 0 25.585811614990234
      vertex 9.68096923828125 0 25.096820831298828
    endloop
  endfacet
  facet normal -0.5334216501806376 -0.16181170578460105 -0.8302278693163964
    outer loop
      vertex 10.133389472961426 -0.3712911605834961 24.68096923828125
      vertex 10.54782772064209 -0.35528743267059326 24.41157341003418
      vertex 10.241691589355469 -0.7283153533935547 24.68096923828125
    endloop
  endfacet
  facet normal -0.5334213099417561 -0.1618146236096141 -0.8302275192295786
    outer loop
      vertex 10.54782772064209 -0.35528743267059326 24.41157341003418
      vertex 10.133389472961426 -0.3712911605834961 24.68096923828125
      vertex 10.52882194519043 -0.2926349639892578 24.41157341003418
    endloop
  endfacet
  facet normal -0.563026872441372 0 -0.8264385887099458
    outer loop
      vertex 10.52882194519043 -0.2926349639892578 24.41157341003418
      vertex 10.133389472961426 -0.3712911605834961 24.68096923828125
      vertex 10.52882194519043 -0.2926349341869354 24.41157341003418
    endloop
  endfacet
  facet normal -0.5860279863901895 0 -0.810290811479101
    outer loop
      vertex 10.241691589355469 -0.7283153533935547 24.68096923828125
      vertex 10.614180564880371 -0.5740242004394531 24.41157341003418
      vertex 10.614180564880371 -0.5740247368812561 24.41157341003418
    endloop
  endfacet
  facet normal -0.5334220526354606 -0.1618112525516792 -0.8302276990740723
    outer loop
      vertex 10.614180564880371 -0.5740242004394531 24.41157341003418
      vertex 10.241691589355469 -0.7283153533935547 24.68096923828125
      vertex 10.54782772064209 -0.35528743267059326 24.41157341003418
    endloop
  endfacet
  facet normal 0.16181174888004551 -0.5334209320784657 -0.8302283222975003
    outer loop
      vertex 12.728315353393555 -1.7583084106445312 24.68096923828125
      vertex 12.355286598205566 -1.4521719217300415 24.41157341003418
      vertex 12.574024200439453 -1.3858184814453125 24.41157341003418
    endloop
  endfacet
  facet normal 0.8677561357741645 0 -0.49699023011150795
    outer loop
      vertex 12.728315353393555 -1.7583084106445312 24.68096923828125
      vertex 12.574024200439453 -1.3858184814453125 24.41157341003418
      vertex 12.574024200439453 -1.385818362236023 24.41157341003418
    endloop
  endfacet
  facet normal 0.16181154332052988 -0.5334211146084272 -0.8302282450857305
    outer loop
      vertex 12.371291160583496 -1.8666105270385742 24.68096923828125
      vertex 12.355286598205566 -1.4521719217300415 24.41157341003418
      vertex 12.728315353393555 -1.7583084106445312 24.68096923828125
    endloop
  endfacet
  facet normal 0.1618116413286206 -0.5334211031799497 -0.8302282333267301
    outer loop
      vertex 12.355286598205566 -1.4521719217300415 24.41157341003418
      vertex 12.371291160583496 -1.8666105270385742 24.68096923828125
      vertex 12.292634963989258 -1.471177101135254 24.41157341003418
    endloop
  endfacet
  facet normal 0.7053984382365253 0.06947564303350022 -0.7053978865566247
    outer loop
      vertex 14.31903076171875 0 25.096820831298828
      vertex 13.866610527038574 0.3712911605834961 24.68096923828125
      vertex 14.274471282958984 0.4524202346801758 25.096820831298828
    endloop
  endfacet
  facet normal 0.8286958661762204 0.08161937291175476 -0.5537160277145097
    outer loop
      vertex 14.31903076171875 0 25.096820831298828
      vertex 14.274471282958984 0.4524202346801758 25.096820831298828
      vertex 14.594925880432129 0.5161628723144531 25.585811614990234
    endloop
  endfacet
  facet normal 0.884719701659748 -0.2683775785305578 -0.3811095968840997
    outer loop
      vertex 14.652292251586914 -1.0986146926879883 26.129146575927734
      vertex 14.444366455078125 -1.0124893188476562 25.585811614990234
      vertex 14.594925880432129 -0.5161628723144531 25.585811614990234
    endloop
  endfacet
  facet normal 0.8153628245067585 -0.4358199266356265 -0.3811095065196854
    outer loop
      vertex 14.652292251586914 -1.0986146926879883 26.129146575927734
      vertex 14.38700008392334 -1.5949420928955078 26.129146575927734
      vertex 14.444366455078125 -1.0124893188476562 25.585811614990234
    endloop
  endfacet
  facet normal 0.4496646211715379 0.5479185748890167 -0.7053984432632711
    outer loop
      vertex 13.34575080871582 1.3457508087158203 24.68096923828125
      vertex 13.05734920501709 1.5824356079101562 24.68096923828125
      vertex 13.288384437561035 1.9282035827636719 25.096820831298828
    endloop
  endfacet
  facet normal 0.3536258675373109 0.43089487645286817 -0.8302278911570917
    outer loop
      vertex 12.883964538574219 1.2056694030761719 24.41157341003418
      vertex 13.05734920501709 1.5824356079101562 24.68096923828125
      vertex 13.34575080871582 1.3457508087158203 24.68096923828125
    endloop
  endfacet
  facet normal 0.35362736858922467 0.43089403922421415 -0.8302276863280953
    outer loop
      vertex 13.05734920501709 1.5824356079101562 24.68096923828125
      vertex 12.883964538574219 1.2056694030761719 24.41157341003418
      vertex 12.833354949951172 1.2472038269042969 24.41157341003418
    endloop
  endfacet
  facet normal 0.20575712852947958 0.6782902788425428 -0.7053979739742728
    outer loop
      vertex 12.728315353393555 1.7583084106445312 24.68096923828125
      vertex 12.371291160583496 1.8666105270385742 24.68096923828125
      vertex 12.452420234680176 2.2744712829589844 25.096820831298828
    endloop
  endfacet
  facet normal 0.16181154332052988 0.5334211146084272 -0.8302282450857305
    outer loop
      vertex 12.355286598205566 1.4521719217300415 24.41157341003418
      vertex 12.371291160583496 1.8666105270385742 24.68096923828125
      vertex 12.728315353393555 1.7583084106445312 24.68096923828125
    endloop
  endfacet
  facet normal 0.1618116413286206 0.5334211031799497 -0.8302282333267301
    outer loop
      vertex 12.371291160583496 1.8666105270385742 24.68096923828125
      vertex 12.355286598205566 1.4521719217300415 24.41157341003418
      vertex 12.292634963989258 1.471177101135254 24.41157341003418
    endloop
  endfacet
  facet normal -0.4358199266356265 0.8153628245067585 -0.3811095065196854
    outer loop
      vertex 10.987510681152344 2.444366455078125 25.585811614990234
      vertex 10.405057907104492 2.38700008392334 26.129146575927734
      vertex 10.901385307312012 2.652292251586914 26.129146575927734
    endloop
  endfacet
  facet normal -0.09061959238958303 0.9200777703972903 -0.38111020177357713
    outer loop
      vertex 12 2.645763397216797 25.585811614990234
      vertex 11.483837127685547 2.594925880432129 25.585811614990234
      vertex 12 2.870820999145508 26.129146575927734
    endloop
  endfacet
  facet normal -0.4496659622820419 0.5479182672236957 -0.7053978273340143
    outer loop
      vertex 10.65424919128418 1.3457508087158203 24.68096923828125
      vertex 10.360198020935059 1.6398019790649414 25.096820831298828
      vertex 10.711615562438965 1.9282035827636719 25.096820831298828
    endloop
  endfacet
  facet normal -0.06903348279900201 0.5522678623920161 -0.8308035787245943
    outer loop
      vertex 11.707364082336426 1.471177101135254 24.41157341003418
      vertex 11.628708839416504 1.8666105270385742 24.68096923828125
      vertex 11.707365036010742 1.4711772203445435 24.41157341003418
    endloop
  endfacet
  facet normal -0.16181212311548454 0.5334212634630022 -0.8302280364444421
    outer loop
      vertex 11.644713401794434 1.4521721601486206 24.41157341003418
      vertex 11.628708839416504 1.8666105270385742 24.68096923828125
      vertex 11.707364082336426 1.471177101135254 24.41157341003418
    endloop
  endfacet
  facet normal -0.16181160674057812 0.5334213236762856 -0.830228098399152
    outer loop
      vertex 11.628708839416504 1.8666105270385742 24.68096923828125
      vertex 11.644713401794434 1.4521721601486206 24.41157341003418
      vertex 11.271684646606445 1.7583084106445312 24.68096923828125
    endloop
  endfacet
  facet normal -0.06947564303350023 0.7053984382365254 -0.7053978865566248
    outer loop
      vertex 11.628708839416504 1.8666105270385742 24.68096923828125
      vertex 11.547579765319824 2.2744712829589844 25.096820831298828
      vertex 12 2.31903076171875 25.096820831298828
    endloop
  endfacet
  facet normal -0.7146713851893066 0.5865151590967879 -0.3811099307827956
    outer loop
      vertex 10.129162788391113 1.8708372116088867 25.585811614990234
      vertex 9.800127983093262 1.4699068069458008 25.585811614990234
      vertex 9.970023155212402 2.0299768447875977 26.129146575927734
    endloop
  endfacet
  facet normal -0.586515159096788 0.7146713851893067 -0.3811099307827957
    outer loop
      vertex 10.129162788391113 1.8708372116088867 25.585811614990234
      vertex 9.970023155212402 2.0299768447875977 26.129146575927734
      vertex 10.5300931930542 2.1998720169067383 25.585811614990234
    endloop
  endfacet
  facet normal -0.6782902788425428 0.20575712852947958 -0.7053979739742728
    outer loop
      vertex 10.133389472961426 0.3712911605834961 24.68096923828125
      vertex 9.725528717041016 0.4524202346801758 25.096820831298828
      vertex 10.241691589355469 0.7283153533935547 24.68096923828125
    endloop
  endfacet
  facet normal -0.7968491466256263 0.2417225184748848 -0.5537162283915561
    outer loop
      vertex 9.725528717041016 0.4524202346801758 25.096820831298828
      vertex 9.555633544921875 1.0124893188476562 25.585811614990234
      vertex 9.857495307922363 0.8874540328979492 25.096820831298828
    endloop
  endfacet
  facet normal 0.2683775785305578 0.884719701659748 -0.3811095968840997
    outer loop
      vertex 13.012489318847656 2.444366455078125 25.585811614990234
      vertex 12.516162872314453 2.594925880432129 25.585811614990234
      vertex 13.098614692687988 2.652292251586914 26.129146575927734
    endloop
  endfacet
  facet normal 0.09615114543681448 0.9762411071734953 -0.19418614238883392
    outer loop
      vertex 12.582451820373535 2.928187370300293 26.705947875976562
      vertex 12 2.870820999145508 26.129146575927734
      vertex 12 2.985553741455078 26.705947875976562
    endloop
  endfacet
  facet normal -0.2627682610815757 0.49160448572968296 -0.8302276016723479
    outer loop
      vertex 10.94265079498291 1.5824356079101562 24.68096923828125
      vertex 11.224385261535645 1.2780669927597046 24.41157341003418
      vertex 11.166645050048828 1.2472041845321655 24.41157341003418
    endloop
  endfacet
  facet normal -0.26276870047828893 0.49160413810579234 -0.8302276684417428
    outer loop
      vertex 11.224385261535645 1.2780669927597046 24.41157341003418
      vertex 10.94265079498291 1.5824356079101562 24.68096923828125
      vertex 11.271684646606445 1.7583084106445312 24.68096923828125
    endloop
  endfacet
  facet normal -0.35362723365735177 0.4308936344571125 -0.8302279538778425
    outer loop
      vertex 10.939340591430664 1.0606598854064941 24.41157341003418
      vertex 10.65424919128418 1.3457508087158203 24.68096923828125
      vertex 11.116034507751465 1.205669641494751 24.41157341003418
    endloop
  endfacet
  facet normal -0.563026872441372 0 -0.8264385887099458
    outer loop
      vertex 10.133389472961426 0.3712911605834961 24.68096923828125
      vertex 10.52882194519043 0.2926349639892578 24.41157341003418
      vertex 10.52882194519043 0.2926349341869354 24.41157341003418
    endloop
  endfacet
  facet normal -0.5334219613318877 0.16181180017131094 -0.8302276510055312
    outer loop
      vertex 10.52882194519043 0.2926349639892578 24.41157341003418
      vertex 10.133389472961426 0.3712911605834961 24.68096923828125
      vertex 10.241691589355469 0.7283153533935547 24.68096923828125
    endloop
  endfacet
  facet normal -0.5334195368592027 0.16181408574080264 -0.8302287632651507
    outer loop
      vertex 10.54782772064209 0.35528743267059326 24.41157341003418
      vertex 10.52882194519043 0.2926349639892578 24.41157341003418
      vertex 10.241691589355469 0.7283153533935547 24.68096923828125
    endloop
  endfacet
  facet normal -0.5547402940063233 0.054637082564039666 -0.8302276768541678
    outer loop
      vertex 10.506417274475098 0.06515621393918991 24.41157341003418
      vertex 10.133389472961426 0.3712911605834961 24.68096923828125
      vertex 10.52882194519043 0.2926349341869354 24.41157341003418
    endloop
  endfacet
  facet normal -0.35362723365735177 -0.4308936344571125 -0.8302279538778425
    outer loop
      vertex 11.116034507751465 -1.205669641494751 24.41157341003418
      vertex 10.65424919128418 -1.3457508087158203 24.68096923828125
      vertex 10.939340591430664 -1.0606598854064941 24.41157341003418
    endloop
  endfacet
  facet normal 0.4358199536874356 -0.8153627950383645 -0.38110953863044084
    outer loop
      vertex 13.594942092895508 -2.38700008392334 26.129146575927734
      vertex 13.012489318847656 -2.444366455078125 25.585811614990234
      vertex 13.4699068069458 -2.1998720169067383 25.585811614990234
    endloop
  endfacet
  facet normal 0.4358199266356265 -0.8153628245067585 -0.3811095065196854
    outer loop
      vertex 13.098614692687988 -2.652292251586914 26.129146575927734
      vertex 13.012489318847656 -2.444366455078125 25.585811614990234
      vertex 13.594942092895508 -2.38700008392334 26.129146575927734
    endloop
  endfacet
  facet normal -0.24172231354544232 -0.7968493280822929 -0.5537160567195403
    outer loop
      vertex 11.483837127685547 -2.594925880432129 25.585811614990234
      vertex 10.987510681152344 -2.444366455078125 25.585811614990234
      vertex 11.547579765319824 -2.2744712829589844 25.096820831298828
    endloop
  endfacet
  facet normal -0.06947500108980918 -0.7053981940094443 -0.7053981940094443
    outer loop
      vertex 12 -2.31903076171875 25.096820831298828
      vertex 11.628708839416504 -1.8666105270385742 24.68096923828125
      vertex 12 -1.9031791687011719 24.68096923828125
    endloop
  endfacet
  facet normal 0.5282626882314588 -0.6436904848692958 -0.5537157139825485
    outer loop
      vertex 13.4699068069458 -2.1998720169067383 25.585811614990234
      vertex 13.288384437561035 -1.9282035827636719 25.096820831298828
      vertex 13.870837211608887 -1.8708372116088867 25.585811614990234
    endloop
  endfacet
  facet normal 0.3925343770540058 -0.7343810766703417 -0.5537158089302973
    outer loop
      vertex 13.4699068069458 -2.1998720169067383 25.585811614990234
      vertex 13.012489318847656 -2.444366455078125 25.585811614990234
      vertex 13.288384437561035 -1.9282035827636719 25.096820831298828
    endloop
  endfacet
  facet normal 0.7343810766703417 -0.3925343770540058 -0.5537158089302973
    outer loop
      vertex 14.199872016906738 -1.4699068069458008 25.585811614990234
      vertex 13.928203582763672 -1.2883844375610352 25.096820831298828
      vertex 14.444366455078125 -1.0124893188476562 25.585811614990234
    endloop
  endfacet
  facet normal 0.8153627950383645 -0.4358199536874356 -0.38110953863044084
    outer loop
      vertex 14.38700008392334 -1.5949420928955078 26.129146575927734
      vertex 14.199872016906738 -1.4699068069458008 25.585811614990234
      vertex 14.444366455078125 -1.0124893188476562 25.585811614990234
    endloop
  endfacet
  facet normal 0.758295681853215 -0.6223178924498859 -0.19418573485068366
    outer loop
      vertex 14.111104965209961 -2.111104965209961 26.705947875976562
      vertex 14.029976844787598 -2.0299768447875977 26.129146575927734
      vertex 14.482397079467773 -1.6586847305297852 26.705947875976562
    endloop
  endfacet
  facet normal 0.7582963141254431 -0.6223167347350546 -0.19418697601143894
    outer loop
      vertex 14.482397079467773 -1.6586847305297852 26.705947875976562
      vertex 14.029976844787598 -2.0299768447875977 26.129146575927734
      vertex 14.38700008392334 -1.5949420928955078 26.129146575927734
    endloop
  endfacet
  facet normal -0.33413201691236705 -0.6251150989016905 -0.7053984040237145
    outer loop
      vertex 11.271684646606445 -1.7583084106445312 24.68096923828125
      vertex 10.711615562438965 -1.9282035827636719 25.096820831298828
      vertex 10.94265079498291 -1.5824356079101562 24.68096923828125
    endloop
  endfacet
  facet normal -0.4496646211715379 -0.5479185748890167 -0.7053984432632711
    outer loop
      vertex 10.711615562438965 -1.9282035827636719 25.096820831298828
      vertex 10.65424919128418 -1.3457508087158203 24.68096923828125
      vertex 10.94265079498291 -1.5824356079101562 24.68096923828125
    endloop
  endfacet
  facet normal 0.09062054106456521 -0.9200784594877862 0.381108312588098
    outer loop
      vertex 12.516162872314453 -2.594925880432129 28.4141902923584
      vertex 12 -2.870820999145508 27.870853424072266
      vertex 12.56006908416748 -2.8156585693359375 27.870853424072266
    endloop
  endfacet
  facet normal 0.09615209567375166 -0.9762408282355816 0.19418707419252074
    outer loop
      vertex 12.56006908416748 -2.8156585693359375 27.870853424072266
      vertex 12 -2.870820999145508 27.870853424072266
      vertex 12.582451820373535 -2.928187370300293 27.294052124023438
    endloop
  endfacet
  facet normal 0.08161918378571406 -0.8286949285355532 0.5537174588701427
    outer loop
      vertex 12 -2.31903076171875 28.903179168701172
      vertex 12 -2.645763397216797 28.4141902923584
      vertex 12.516162872314453 -2.594925880432129 28.4141902923584
    endloop
  endfacet
  facet normal -0.08161918378571406 -0.8286949285355532 0.5537174588701427
    outer loop
      vertex 12 -2.31903076171875 28.903179168701172
      vertex 11.483837127685547 -2.594925880432129 28.4141902923584
      vertex 12 -2.645763397216797 28.4141902923584
    endloop
  endfacet
  facet normal 0.09615114543681448 -0.9762411071734953 -0.19418614238883392
    outer loop
      vertex 12.582451820373535 -2.928187370300293 26.705947875976562
      vertex 12 -2.985553741455078 26.705947875976562
      vertex 12 -2.870820999145508 26.129146575927734
    endloop
  endfacet
  facet normal 0.6436884249634542 -0.528262685030783 0.5537181116526128
    outer loop
      vertex 13.928203582763672 -1.2883844375610352 28.903179168701172
      vertex 13.639801979064941 -1.6398019790649414 28.903179168701172
      vertex 13.870837211608887 -1.8708372116088867 28.4141902923584
    endloop
  endfacet
  facet normal 0.5282620564675605 -0.6436897150621164 0.5537172115980459
    outer loop
      vertex 13.870837211608887 -1.8708372116088867 28.4141902923584
      vertex 13.288384437561035 -1.9282035827636719 28.903179168701172
      vertex 13.4699068069458 -2.1998720169067383 28.4141902923584
    endloop
  endfacet
  facet normal 0.8651335903819487 -0.4624229196595555 0.19418783217897745
    outer loop
      vertex 14.652292251586914 -1.0986146926879883 27.870853424072266
      vertex 14.38700008392334 -1.5949420928955078 27.870853424072266
      vertex 14.758292198181152 -1.142521858215332 27.294052124023438
    endloop
  endfacet
  facet normal 0.8153632402363585 -0.43582014884743014 0.3811083629755057
    outer loop
      vertex 14.444366455078125 -1.0124893188476562 28.4141902923584
      vertex 14.38700008392334 -1.5949420928955078 27.870853424072266
      vertex 14.652292251586914 -1.0986146926879883 27.870853424072266
    endloop
  endfacet
  facet normal 0.6223178924498859 -0.758295681853215 0.19418573485068366
    outer loop
      vertex 14.029976844787598 -2.0299768447875977 27.870853424072266
      vertex 13.658684730529785 -2.4823970794677734 27.294052124023438
      vertex 14.111104965209961 -2.111104965209961 27.294052124023438
    endloop
  endfacet
  facet normal 0.758295681853215 -0.6223178924498859 0.19418573485068366
    outer loop
      vertex 14.482397079467773 -1.6586847305297852 27.294052124023438
      vertex 14.029976844787598 -2.0299768447875977 27.870853424072266
      vertex 14.111104965209961 -2.111104965209961 27.294052124023438
    endloop
  endfacet
  facet normal -0.7146720453914407 0.5865152782753073 0.3811085093325171
    outer loop
      vertex 9.970023155212402 2.0299768447875977 27.870853424072266
      vertex 9.61299991607666 1.5949420928955078 27.870853424072266
      vertex 9.800127983093262 1.4699068069458008 28.4141902923584
    endloop
  endfacet
  facet normal -0.8847201527526004 0.268377715368482 0.3811084533397411
    outer loop
      vertex 9.555633544921875 1.0124893188476562 28.4141902923584
      vertex 9.347707748413086 1.0986146926879883 27.870853424072266
      vertex 9.405074119567871 0.5161628723144531 28.4141902923584
    endloop
  endfacet
  facet normal -0.528262685030783 0.6436884249634542 0.5537181116526128
    outer loop
      vertex 10.711615562438965 1.9282035827636719 28.903179168701172
      vertex 10.129162788391113 1.8708372116088867 28.4141902923584
      vertex 10.360198020935059 1.6398019790649414 28.903179168701172
    endloop
  endfacet
  facet normal -0.6251167519507789 0.3341308412525308 0.7053974959938434
    outer loop
      vertex 10.071796417236328 1.2883844375610352 28.903179168701172
      vertex 9.857495307922363 0.8874540328979492 28.903179168701172
      vertex 10.241691589355469 0.7283153533935547 29.31903076171875
    endloop
  endfacet
  facet normal -0.8651335903819487 0.4624229196595555 0.19418783217897745
    outer loop
      vertex 9.61299991607666 1.5949420928955078 27.870853424072266
      vertex 9.241707801818848 1.142521858215332 27.294052124023438
      vertex 9.347707748413086 1.0986146926879883 27.870853424072266
    endloop
  endfacet
  facet normal -0.8153632402363585 0.43582014884743014 0.3811083629755057
    outer loop
      vertex 9.61299991607666 1.5949420928955078 27.870853424072266
      vertex 9.347707748413086 1.0986146926879883 27.870853424072266
      vertex 9.555633544921875 1.0124893188476562 28.4141902923584
    endloop
  endfacet
  facet normal -0.20575797790990982 -0.6782904221890337 0.7053975883805158
    outer loop
      vertex 11.271684646606445 -1.7583084106445312 29.31903076171875
      vertex 11.11254596710205 -2.1425046920776367 28.903179168701172
      vertex 11.547579765319824 -2.2744712829589844 28.903179168701172
    endloop
  endfacet
  facet normal -0.3341308412525308 -0.6251167519507789 0.7053974959938434
    outer loop
      vertex 11.271684646606445 -1.7583084106445312 29.31903076171875
      vertex 10.711615562438965 -1.9282035827636719 28.903179168701172
      vertex 11.11254596710205 -2.1425046920776367 28.903179168701172
    endloop
  endfacet
  facet normal -0.06947564303350023 -0.7053984382365254 0.7053978865566248
    outer loop
      vertex 11.628708839416504 -1.8666105270385742 29.31903076171875
      vertex 11.547579765319824 -2.2744712829589844 28.903179168701172
      vertex 12 -2.31903076171875 28.903179168701172
    endloop
  endfacet
  facet normal 0.06947500108980918 -0.7053981940094443 0.7053981940094443
    outer loop
      vertex 12 -1.9031791687011719 29.31903076171875
      vertex 12 -2.31903076171875 28.903179168701172
      vertex 12.371291160583496 -1.8666105270385742 29.31903076171875
    endloop
  endfacet
  facet normal 0.05461471407822825 -0.5547412174613515 0.8302285315837145
    outer loop
      vertex 12 -1.9031791687011719 29.31903076171875
      vertex 12.065155982971191 -1.4935824871063232 29.588428497314453
      vertex 12 -1.5 29.58842658996582
    endloop
  endfacet
  facet normal 0.054636900138173156 -0.5547430022191822 0.8302258792835475
    outer loop
      vertex 12.065155982971191 -1.4935824871063232 29.588428497314453
      vertex 12 -1.9031791687011719 29.31903076171875
      vertex 12.371291160583496 -1.8666105270385742 29.31903076171875
    endloop
  endfacet
  facet normal -0.33413201691236705 -0.6251150989016905 0.7053984040237145
    outer loop
      vertex 10.94265079498291 -1.5824356079101562 29.31903076171875
      vertex 10.711615562438965 -1.9282035827636719 28.903179168701172
      vertex 11.271684646606445 -1.7583084106445312 29.31903076171875
    endloop
  endfacet
  facet normal -0.4496659622820419 -0.5479182672236957 0.7053978273340143
    outer loop
      vertex 10.65424919128418 -1.3457508087158203 29.31903076171875
      vertex 10.360198020935059 -1.6398019790649414 28.903179168701172
      vertex 10.711615562438965 -1.9282035827636719 28.903179168701172
    endloop
  endfacet
  facet normal -0.13576653935998803 -0.5430661574399521 0.8286414154709008
    outer loop
      vertex 11.42597484588623 -1.3858184814453125 29.588428497314453
      vertex 11.271684646606445 -1.7583084106445312 29.31903076171875
      vertex 11.425975799560547 -1.3858187198638916 29.588428497314453
    endloop
  endfacet
  facet normal -0.2627682741049081 -0.4916066386041913 0.8302263227603759
    outer loop
      vertex 11.271684646606445 -1.7583084106445312 29.31903076171875
      vertex 11.42597484588623 -1.3858184814453125 29.588428497314453
      vertex 11.224385261535645 -1.2780669927597046 29.588428497314453
    endloop
  endfacet
  facet normal -0.28475940196064 0.9387242579980688 0.19418766809711188
    outer loop
      vertex 11.43993091583252 2.8156585693359375 27.870853424072266
      vertex 10.857478141784668 2.7582921981811523 27.294052124023438
      vertex 10.901385307312012 2.652292251586914 27.870853424072266
    endloop
  endfacet
  facet normal -0.2847586474093503 0.9387246526257585 0.19418686690465564
    outer loop
      vertex 11.417548179626465 2.928187370300293 27.294052124023438
      vertex 10.857478141784668 2.7582921981811523 27.294052124023438
      vertex 11.43993091583252 2.8156585693359375 27.870853424072266
    endloop
  endfacet
  facet normal -0.43582014884743014 0.8153632402363585 0.3811083629755057
    outer loop
      vertex 10.901385307312012 2.652292251586914 27.870853424072266
      vertex 10.405057907104492 2.38700008392334 27.870853424072266
      vertex 10.987510681152344 2.444366455078125 28.4141902923584
    endloop
  endfacet
  facet normal -0.4624229196595556 0.8651335903819488 0.1941878321789775
    outer loop
      vertex 10.857478141784668 2.7582921981811523 27.294052124023438
      vertex 10.405057907104492 2.38700008392334 27.870853424072266
      vertex 10.901385307312012 2.652292251586914 27.870853424072266
    endloop
  endfacet
  facet normal -0.7053984382365253 0.06947564303350022 0.7053978865566247
    outer loop
      vertex 9.725528717041016 0.4524202346801758 28.903179168701172
      vertex 9.68096923828125 0 28.903179168701172
      vertex 10.133389472961426 0.3712911605834961 29.31903076171875
    endloop
  endfacet
  facet normal -0.8153632402363585 -0.43582014884743014 0.3811083629755057
    outer loop
      vertex 9.555633544921875 -1.0124893188476562 28.4141902923584
      vertex 9.347707748413086 -1.0986146926879883 27.870853424072266
      vertex 9.61299991607666 -1.5949420928955078 27.870853424072266
    endloop
  endfacet
  facet normal -0.8153632107680197 -0.43582017589929045 0.3811083950861976
    outer loop
      vertex 9.800127983093262 -1.4699068069458008 28.4141902923584
      vertex 9.555633544921875 -1.0124893188476562 28.4141902923584
      vertex 9.61299991607666 -1.5949420928955078 27.870853424072266
    endloop
  endfacet
  facet normal 0.47139715609976374 0.8819210402417298 0
    outer loop
      vertex 13.658684730529785 2.4823970794677734 26.705947875976562
      vertex 13.142521858215332 2.7582921981811523 27.294052124023438
      vertex 13.658684730529785 2.4823970794677734 27.294052124023438
    endloop
  endfacet
  facet normal 0.47139715609976374 0.8819210402417298 0
    outer loop
      vertex 13.142521858215332 2.7582921981811523 27.294052124023438
      vertex 13.658684730529785 2.4823970794677734 26.705947875976562
      vertex 13.142521858215332 2.7582921981811523 26.705947875976562
    endloop
  endfacet
  facet normal 0.4624239024208883 0.8651332825804343 0.1941868632051076
    outer loop
      vertex 13.658684730529785 2.4823970794677734 27.294052124023438
      vertex 13.142521858215332 2.7582921981811523 27.294052124023438
      vertex 13.594942092895508 2.38700008392334 27.870853424072266
    endloop
  endfacet
  facet normal 0.05463891472800991 0.5547418224488417 0.8302265350032382
    outer loop
      vertex 12.371291160583496 1.8666105270385742 29.31903076171875
      vertex 12.065155982971191 1.4935824871063232 29.588428497314453
      vertex 12.292634963989258 1.471177101135254 29.588428497314453
    endloop
  endfacet
  facet normal -0.5479185748890167 0.4496646211715379 0.7053984432632711
    outer loop
      vertex 10.65424919128418 1.3457508087158203 29.31903076171875
      vertex 10.071796417236328 1.2883844375610352 28.903179168701172
      vertex 10.417564392089844 1.0573492050170898 29.31903076171875
    endloop
  endfacet
  facet normal -0.3925339076111721 0.7343801984034845 0.5537173065458244
    outer loop
      vertex 10.987510681152344 2.444366455078125 28.4141902923584
      vertex 10.5300931930542 2.1998720169067383 28.4141902923584
      vertex 10.711615562438965 1.9282035827636719 28.903179168701172
    endloop
  endfacet
  facet normal -0.5282620564675605 0.6436897150621164 0.5537172115980459
    outer loop
      vertex 10.5300931930542 2.1998720169067383 28.4141902923584
      vertex 10.129162788391113 1.8708372116088867 28.4141902923584
      vertex 10.711615562438965 1.9282035827636719 28.903179168701172
    endloop
  endfacet
  facet normal -0.7343802405570423 0.39253321369298616 0.5537177425613496
    outer loop
      vertex 10.071796417236328 1.2883844375610352 28.903179168701172
      vertex 9.555633544921875 1.0124893188476562 28.4141902923584
      vertex 9.857495307922363 0.8874540328979492 28.903179168701172
    endloop
  endfacet
  facet normal -0.6782904221890337 0.20575797790990982 0.7053975883805158
    outer loop
      vertex 9.857495307922363 0.8874540328979492 28.903179168701172
      vertex 9.725528717041016 0.4524202346801758 28.903179168701172
      vertex 10.241691589355469 0.7283153533935547 29.31903076171875
    endloop
  endfacet
  facet normal -0.7053981940094443 0.06947500108980918 0.7053981940094443
    outer loop
      vertex 10.133389472961426 0.3712911605834961 29.31903076171875
      vertex 9.68096923828125 0 28.903179168701172
      vertex 10.096820831298828 0 29.31903076171875
    endloop
  endfacet
  facet normal -0.7053981940094443 -0.06947500108980918 0.7053981940094443
    outer loop
      vertex 10.096820831298828 0 29.31903076171875
      vertex 9.68096923828125 0 28.903179168701172
      vertex 10.133389472961426 -0.3712911605834961 29.31903076171875
    endloop
  endfacet
  facet normal -0.5547441482744158 -0.054630500955310385 0.8302255346113278
    outer loop
      vertex 10.506417274475098 -0.06515621393918991 29.58842658996582
      vertex 10.133389472961426 -0.3712911605834961 29.31903076171875
      vertex 10.52882194519043 -0.2926349341869354 29.588428497314453
    endloop
  endfacet
  facet normal 0.5334243628817664 0.16180958525774933 0.8302265396883532
    outer loop
      vertex 13.866610527038574 0.3712911605834961 29.31903076171875
      vertex 13.45217227935791 0.3552865982055664 29.588428497314453
      vertex 13.471177101135254 0.2926349639892578 29.588428497314453
    endloop
  endfacet
  facet normal 0.5334240313831927 0.1618124281145761 0.8302261986052764
    outer loop
      vertex 13.45217227935791 0.3552865982055664 29.588428497314453
      vertex 13.866610527038574 0.3712911605834961 29.31903076171875
      vertex 13.758308410644531 0.7283153533935547 29.31903076171875
    endloop
  endfacet
  facet normal 0.5630286676452187 0 0.8264373656906189
    outer loop
      vertex 13.866610527038574 0.3712911605834961 29.31903076171875
      vertex 13.471177101135254 0.2926349639892578 29.588428497314453
      vertex 13.471177101135254 0.2926347553730011 29.588428497314453
    endloop
  endfacet
  facet normal 0.4916064321011429 0.2627679481480216 0.8302265482040809
    outer loop
      vertex 13.758308410644531 0.7283153533935547 29.31903076171875
      vertex 13.278066635131836 0.775614857673645 29.588428497314453
      vertex 13.385818481445312 0.5740244388580322 29.588428497314453
    endloop
  endfacet
  facet normal 0.16181253854510927 0.533423535250839 0.8302264958492258
    outer loop
      vertex 12.728315353393555 1.7583084106445312 29.31903076171875
      vertex 12.355286598205566 1.4521719217300415 29.588428497314453
      vertex 12.574024200439453 1.3858184814453125 29.588428497314453
    endloop
  endfacet
  facet normal 0.8677576532757002 0 0.4969875805102676
    outer loop
      vertex 12.728315353393555 1.7583084106445312 29.31903076171875
      vertex 12.574024200439453 1.3858184814453125 29.588428497314453
      vertex 12.574024200439453 1.385818362236023 29.588428497314453
    endloop
  endfacet
  facet normal 0.7146720453914407 0.5865152782753073 0.3811085093325171
    outer loop
      vertex 14.38700008392334 1.5949420928955078 27.870853424072266
      vertex 14.029976844787598 2.0299768447875977 27.870853424072266
      vertex 14.199872016906738 1.4699068069458008 28.4141902923584
    endloop
  endfacet
  facet normal 0.7146717495801053 0.5865154581443385 0.3811087872377757
    outer loop
      vertex 14.029976844787598 2.0299768447875977 27.870853424072266
      vertex 13.870837211608887 1.8708372116088867 28.4141902923584
      vertex 14.199872016906738 1.4699068069458008 28.4141902923584
    endloop
  endfacet
  facet normal 0.3925339076111721 0.7343801984034845 0.5537173065458244
    outer loop
      vertex 13.4699068069458 2.1998720169067383 28.4141902923584
      vertex 13.012489318847656 2.444366455078125 28.4141902923584
      vertex 13.288384437561035 1.9282035827636719 28.903179168701172
    endloop
  endfacet
  facet normal 0.5282620564675605 0.6436897150621164 0.5537172115980459
    outer loop
      vertex 13.4699068069458 2.1998720169067383 28.4141902923584
      vertex 13.288384437561035 1.9282035827636719 28.903179168701172
      vertex 13.870837211608887 1.8708372116088867 28.4141902923584
    endloop
  endfacet
  facet normal 0.8153628245067585 0.4358199266356265 -0.3811095065196854
    outer loop
      vertex 14.444366455078125 1.0124893188476562 25.585811614990234
      vertex 14.38700008392334 1.5949420928955078 26.129146575927734
      vertex 14.652292251586914 1.0986146926879883 26.129146575927734
    endloop
  endfacet
  facet normal 0.884719701659748 0.2683775785305578 -0.3811095968840997
    outer loop
      vertex 14.594925880432129 0.5161628723144531 25.585811614990234
      vertex 14.444366455078125 1.0124893188476562 25.585811614990234
      vertex 14.652292251586914 1.0986146926879883 26.129146575927734
    endloop
  endfacet
  facet normal 0.6223178924498859 0.758295681853215 -0.19418573485068366
    outer loop
      vertex 14.029976844787598 2.0299768447875977 26.129146575927734
      vertex 13.658684730529785 2.4823970794677734 26.705947875976562
      vertex 14.111104965209961 2.111104965209961 26.705947875976562
    endloop
  endfacet
  facet normal 0.758295681853215 0.6223178924498859 -0.19418573485068366
    outer loop
      vertex 14.482397079467773 1.6586847305297852 26.705947875976562
      vertex 14.029976844787598 2.0299768447875977 26.129146575927734
      vertex 14.111104965209961 2.111104965209961 26.705947875976562
    endloop
  endfacet
  facet normal 0.6436891947715935 0.5282633167974868 -0.5537166140368337
    outer loop
      vertex 13.928203582763672 1.2883844375610352 25.096820831298828
      vertex 13.639801979064941 1.6398019790649414 25.096820831298828
      vertex 13.870837211608887 1.8708372116088867 25.585811614990234
    endloop
  endfacet
  facet normal 0.5479182672236957 0.4496659622820419 -0.7053978273340143
    outer loop
      vertex 13.928203582763672 1.2883844375610352 25.096820831298828
      vertex 13.34575080871582 1.3457508087158203 24.68096923828125
      vertex 13.639801979064941 1.6398019790649414 25.096820831298828
    endloop
  endfacet
  facet normal 0.9762408282355816 0.09615209567375166 -0.19418707419252074
    outer loop
      vertex 14.870820999145508 0 26.129146575927734
      vertex 14.815658569335938 0.5600690841674805 26.129146575927734
      vertex 14.928187370300293 0.5824518203735352 26.705947875976562
    endloop
  endfacet
  facet normal 0.9200779903671169 0.09062049485984382 -0.3811094561321778
    outer loop
      vertex 14.870820999145508 0 26.129146575927734
      vertex 14.594925880432129 0.5161628723144531 25.585811614990234
      vertex 14.815658569335938 0.5600690841674805 26.129146575927734
    endloop
  endfacet
  facet normal 0.9200779903671169 -0.09062049485984382 -0.3811094561321778
    outer loop
      vertex 14.815658569335938 -0.5600690841674805 26.129146575927734
      vertex 14.594925880432129 -0.5161628723144531 25.585811614990234
      vertex 14.870820999145508 0 26.129146575927734
    endloop
  endfacet
  facet normal 0.9762408282355816 -0.09615209567375166 -0.19418707419252074
    outer loop
      vertex 14.928187370300293 -0.5824518203735352 26.705947875976562
      vertex 14.815658569335938 -0.5600690841674805 26.129146575927734
      vertex 14.870820999145508 0 26.129146575927734
    endloop
  endfacet
  facet normal 0.49160391920360563 0.2627685834722699 -0.830227835093254
    outer loop
      vertex 13.278066635131836 0.775614857673645 24.41157341003418
      vertex 13.582435607910156 1.0573492050170898 24.68096923828125
      vertex 13.758308410644531 0.7283153533935547 24.68096923828125
    endloop
  endfacet
  facet normal 0.49160396518534694 0.26276852535129025 -0.8302278262614139
    outer loop
      vertex 13.582435607910156 1.0573492050170898 24.68096923828125
      vertex 13.278066635131836 0.775614857673645 24.41157341003418
      vertex 13.247203826904297 0.8333549499511719 24.41157341003418
    endloop
  endfacet
  facet normal 0.4308942265670546 0.3536271058595434 -0.8302277010029135
    outer loop
      vertex 13.205669403076172 0.8839645981788635 24.41157341003418
      vertex 13.582435607910156 1.0573492050170898 24.68096923828125
      vertex 13.247203826904297 0.8333549499511719 24.41157341003418
    endloop
  endfacet
  facet normal 0.43089490444280604 0.35362589050803206 -0.83022786684598
    outer loop
      vertex 13.582435607910156 1.0573492050170898 24.68096923828125
      vertex 13.205669403076172 0.8839645981788635 24.41157341003418
      vertex 13.34575080871582 1.3457508087158203 24.68096923828125
    endloop
  endfacet
  facet normal 0.6251167519507789 0.3341308412525308 -0.7053974959938434
    outer loop
      vertex 14.142504692077637 0.8874540328979492 25.096820831298828
      vertex 13.758308410644531 0.7283153533935547 24.68096923828125
      vertex 13.928203582763672 1.2883844375610352 25.096820831298828
    endloop
  endfacet
  facet normal 0.7343811188253329 0.39253368313572923 -0.5537162449456859
    outer loop
      vertex 14.142504692077637 0.8874540328979492 25.096820831298828
      vertex 13.928203582763672 1.2883844375610352 25.096820831298828
      vertex 14.444366455078125 1.0124893188476562 25.585811614990234
    endloop
  endfacet
  facet normal -0.8819210402417298 -0.47139715609976374 0
    outer loop
      vertex 9.517602920532227 -1.6586847305297852 26.705947875976562
      vertex 9.241707801818848 -1.142521858215332 27.294052124023438
      vertex 9.241707801818848 -1.142521858215332 26.705947875976562
    endloop
  endfacet
  facet normal -0.8819210402417298 -0.47139715609976374 0
    outer loop
      vertex 9.241707801818848 -1.142521858215332 27.294052124023438
      vertex 9.517602920532227 -1.6586847305297852 26.705947875976562
      vertex 9.517602920532227 -1.6586847305297852 27.294052124023438
    endloop
  endfacet
  facet normal -0.884719701659748 -0.2683775785305578 -0.3811095968840997
    outer loop
      vertex 9.555633544921875 -1.0124893188476562 25.585811614990234
      vertex 9.347707748413086 -1.0986146926879883 26.129146575927734
      vertex 9.405074119567871 -0.5161628723144531 25.585811614990234
    endloop
  endfacet
  facet normal -0.7968493280822929 -0.24172231354544232 -0.5537160567195403
    outer loop
      vertex 9.555633544921875 -1.0124893188476562 25.585811614990234
      vertex 9.405074119567871 -0.5161628723144531 25.585811614990234
      vertex 9.725528717041016 -0.4524202346801758 25.096820831298828
    endloop
  endfacet
  facet normal 0 0 -1
    outer loop
      vertex 10.752795219421387 -0.8333553671836853 24.41157341003418
      vertex 10.721932411193848 -0.7756147980690002 24.41157341003418
      vertex 10.752795219421387 -0.8333549499511719 24.41157341003418
    endloop
  endfacet
  facet normal -0.4916058583142627 -0.2627673672310423 -0.8302270718240664
    outer loop
      vertex 10.417564392089844 -1.0573492050170898 24.68096923828125
      vertex 10.721932411193848 -0.7756147980690002 24.41157341003418
      vertex 10.752795219421387 -0.8333553671836853 24.41157341003418
    endloop
  endfacet
  facet normal -0.49160460576799997 -0.26276895044972126 -0.8302273124074162
    outer loop
      vertex 10.721932411193848 -0.7756147980690002 24.41157341003418
      vertex 10.417564392089844 -1.0573492050170898 24.68096923828125
      vertex 10.241691589355469 -0.7283153533935547 24.68096923828125
    endloop
  endfacet
  facet normal -0.4308953242922127 -0.35362623506912755 -0.830227502178736
    outer loop
      vertex 10.417564392089844 -1.0573492050170898 24.68096923828125
      vertex 10.794330596923828 -0.8839654922485352 24.41157341003418
      vertex 10.65424919128418 -1.3457508087158203 24.68096923828125
    endloop
  endfacet
  facet normal -0.4308928145253453 -0.3536307347880841 -0.8302268881478521
    outer loop
      vertex 10.794330596923828 -0.8839654922485352 24.41157341003418
      vertex 10.417564392089844 -1.0573492050170898 24.68096923828125
      vertex 10.752795219421387 -0.8333553671836853 24.41157341003418
    endloop
  endfacet
  facet normal 0.05463864808336951 -0.5547391152403531 -0.8302283614512166
    outer loop
      vertex 12.371291160583496 -1.8666105270385742 24.68096923828125
      vertex 12.065155982971191 -1.4935824871063232 24.41157341003418
      vertex 12.292634963989258 -1.471177101135254 24.41157341003418
    endloop
  endfacet
  facet normal 0.7053981940094443 0.06947500108980918 -0.7053981940094443
    outer loop
      vertex 13.903179168701172 0 24.68096923828125
      vertex 13.866610527038574 0.3712911605834961 24.68096923828125
      vertex 14.31903076171875 0 25.096820831298828
    endloop
  endfacet
  facet normal 0.7053981940094443 -0.06947500108980918 -0.7053981940094443
    outer loop
      vertex 14.31903076171875 0 25.096820831298828
      vertex 13.866610527038574 -0.3712911605834961 24.68096923828125
      vertex 13.903179168701172 0 24.68096923828125
    endloop
  endfacet
  facet normal 0.7968491466256263 -0.2417225184748848 -0.5537162283915561
    outer loop
      vertex 14.444366455078125 -1.0124893188476562 25.585811614990234
      vertex 14.142504692077637 -0.8874540328979492 25.096820831298828
      vertex 14.274471282958984 -0.4524202346801758 25.096820831298828
    endloop
  endfacet
  facet normal 0.7343811188253329 -0.39253368313572923 -0.5537162449456859
    outer loop
      vertex 14.444366455078125 -1.0124893188476562 25.585811614990234
      vertex 13.928203582763672 -1.2883844375610352 25.096820831298828
      vertex 14.142504692077637 -0.8874540328979492 25.096820831298828
    endloop
  endfacet
  facet normal -0.3925343770540058 0.7343810766703417 -0.5537158089302973
    outer loop
      vertex 10.711615562438965 1.9282035827636719 25.096820831298828
      vertex 10.5300931930542 2.1998720169067383 25.585811614990234
      vertex 10.987510681152344 2.444366455078125 25.585811614990234
    endloop
  endfacet
  facet normal -0.4358199536874356 0.8153627950383645 -0.38110953863044084
    outer loop
      vertex 10.5300931930542 2.1998720169067383 25.585811614990234
      vertex 10.405057907104492 2.38700008392334 26.129146575927734
      vertex 10.987510681152344 2.444366455078125 25.585811614990234
    endloop
  endfacet
  facet normal 0.05463894529571673 0.5547404809672196 -0.8302274293428453
    outer loop
      vertex 12 1.9031791687011719 24.68096923828125
      vertex 12.065155982971191 1.4935824871063232 24.41157341003418
      vertex 12 1.5 24.41157341003418
    endloop
  endfacet
  facet normal 0.05463663350378538 0.5547402950092124 -0.8302277057364834
    outer loop
      vertex 12.065155982971191 1.4935824871063232 24.41157341003418
      vertex 12 1.9031791687011719 24.68096923828125
      vertex 12.371291160583496 1.8666105270385742 24.68096923828125
    endloop
  endfacet
  facet normal 0.05463864808336951 0.5547391152403531 -0.8302283614512166
    outer loop
      vertex 12.292634963989258 1.471177101135254 24.41157341003418
      vertex 12.065155982971191 1.4935824871063232 24.41157341003418
      vertex 12.371291160583496 1.8666105270385742 24.68096923828125
    endloop
  endfacet
  facet normal -0.13576587933009426 0.543063517320377 -0.8286432538585872
    outer loop
      vertex 11.42597484588623 1.3858184814453125 24.41157341003418
      vertex 11.271684646606445 1.7583084106445312 24.68096923828125
      vertex 11.425975799560547 1.3858187198638916 24.41157341003418
    endloop
  endfacet
  facet normal -0.26276699176398893 0.4916042395044105 -0.8302281492099589
    outer loop
      vertex 11.271684646606445 1.7583084106445312 24.68096923828125
      vertex 11.42597484588623 1.3858184814453125 24.41157341003418
      vertex 11.224385261535645 1.2780669927597046 24.41157341003418
    endloop
  endfacet
  facet normal -0.16181181230015854 0.5334211411462004 -0.8302281756110327
    outer loop
      vertex 11.425975799560547 1.3858187198638916 24.41157341003418
      vertex 11.271684646606445 1.7583084106445312 24.68096923828125
      vertex 11.644713401794434 1.4521721601486206 24.41157341003418
    endloop
  endfacet
  facet normal 0.24172231354544232 0.7968493280822929 -0.5537160567195403
    outer loop
      vertex 13.012489318847656 2.444366455078125 25.585811614990234
      vertex 12.452420234680176 2.2744712829589844 25.096820831298828
      vertex 12.516162872314453 2.594925880432129 25.585811614990234
    endloop
  endfacet
  facet normal 0.09061959238958303 0.9200777703972903 -0.38111020177357713
    outer loop
      vertex 12.516162872314453 2.594925880432129 25.585811614990234
      vertex 12 2.645763397216797 25.585811614990234
      vertex 12 2.870820999145508 26.129146575927734
    endloop
  endfacet
  facet normal -0.2683775785305578 0.884719701659748 -0.3811095968840997
    outer loop
      vertex 10.987510681152344 2.444366455078125 25.585811614990234
      vertex 10.901385307312012 2.652292251586914 26.129146575927734
      vertex 11.483837127685547 2.594925880432129 25.585811614990234
    endloop
  endfacet
  facet normal -0.26837732561796857 0.884719886752172 -0.3811093453057417
    outer loop
      vertex 11.483837127685547 2.594925880432129 25.585811614990234
      vertex 10.901385307312012 2.652292251586914 26.129146575927734
      vertex 11.43993091583252 2.8156585693359375 26.129146575927734
    endloop
  endfacet
  facet normal -0.6251167519507789 0.3341308412525308 -0.7053974959938434
    outer loop
      vertex 10.241691589355469 0.7283153533935547 24.68096923828125
      vertex 9.857495307922363 0.8874540328979492 25.096820831298828
      vertex 10.071796417236328 1.2883844375610352 25.096820831298828
    endloop
  endfacet
  facet normal -0.6251150989016905 0.33413201691236705 -0.7053984040237145
    outer loop
      vertex 10.241691589355469 0.7283153533935547 24.68096923828125
      vertex 10.071796417236328 1.2883844375610352 25.096820831298828
      vertex 10.417564392089844 1.0573492050170898 24.68096923828125
    endloop
  endfacet
  facet normal -0.4308928145253453 0.3536307347880841 -0.8302268881478521
    outer loop
      vertex 10.417564392089844 1.0573492050170898 24.68096923828125
      vertex 10.794330596923828 0.8839654922485352 24.41157341003418
      vertex 10.752795219421387 0.8333553671836853 24.41157341003418
    endloop
  endfacet
  facet normal -0.4308953242922127 0.35362623506912755 -0.830227502178736
    outer loop
      vertex 10.794330596923828 0.8839654922485352 24.41157341003418
      vertex 10.417564392089844 1.0573492050170898 24.68096923828125
      vertex 10.65424919128418 1.3457508087158203 24.68096923828125
    endloop
  endfacet
  facet normal -0.1986845597941523 0.5298254927844062 -0.8245055444902508
    outer loop
      vertex 11.166644096374512 1.2472038269042969 24.41157341003418
      vertex 10.94265079498291 1.5824356079101562 24.68096923828125
      vertex 11.166645050048828 1.2472041845321655 24.41157341003418
    endloop
  endfacet
  facet normal -0.3536264555756632 0.4308954001731112 -0.83022736887352
    outer loop
      vertex 11.116034507751465 1.205669641494751 24.41157341003418
      vertex 10.94265079498291 1.5824356079101562 24.68096923828125
      vertex 11.166644096374512 1.2472038269042969 24.41157341003418
    endloop
  endfacet
  facet normal -0.3536263470290813 0.43089546071597257 -0.8302273836854802
    outer loop
      vertex 10.94265079498291 1.5824356079101562 24.68096923828125
      vertex 11.116034507751465 1.205669641494751 24.41157341003418
      vertex 10.65424919128418 1.3457508087158203 24.68096923828125
    endloop
  endfacet
  facet normal -0.20575712852947958 -0.6782902788425428 -0.7053979739742728
    outer loop
      vertex 11.547579765319824 -2.2744712829589844 25.096820831298828
      vertex 11.271684646606445 -1.7583084106445312 24.68096923828125
      vertex 11.628708839416504 -1.8666105270385742 24.68096923828125
    endloop
  endfacet
  facet normal -0.06947564303350023 -0.7053984382365254 -0.7053978865566248
    outer loop
      vertex 12 -2.31903076171875 25.096820831298828
      vertex 11.547579765319824 -2.2744712829589844 25.096820831298828
      vertex 11.628708839416504 -1.8666105270385742 24.68096923828125
    endloop
  endfacet
  facet normal 0.05463663350378538 -0.5547402950092124 -0.8302277057364834
    outer loop
      vertex 12 -1.9031791687011719 24.68096923828125
      vertex 12.065155982971191 -1.4935824871063232 24.41157341003418
      vertex 12.371291160583496 -1.8666105270385742 24.68096923828125
    endloop
  endfacet
  facet normal 0.05463894529571673 -0.5547404809672196 -0.8302274293428453
    outer loop
      vertex 12.065155982971191 -1.4935824871063232 24.41157341003418
      vertex 12 -1.9031791687011719 24.68096923828125
      vertex 12 -1.5 24.41157341003418
    endloop
  endfacet
  facet normal 0.06947500108980918 -0.7053981940094443 -0.7053981940094443
    outer loop
      vertex 12.371291160583496 -1.8666105270385742 24.68096923828125
      vertex 12 -2.31903076171875 25.096820831298828
      vertex 12 -1.9031791687011719 24.68096923828125
    endloop
  endfacet
  facet normal 0.3341308412525308 -0.6251167519507789 -0.7053974959938434
    outer loop
      vertex 12.88745403289795 -2.1425046920776367 25.096820831298828
      vertex 12.728315353393555 -1.7583084106445312 24.68096923828125
      vertex 13.288384437561035 -1.9282035827636719 25.096820831298828
    endloop
  endfacet
  facet normal 0.39253368313572923 -0.7343811188253329 -0.5537162449456859
    outer loop
      vertex 13.012489318847656 -2.444366455078125 25.585811614990234
      vertex 12.88745403289795 -2.1425046920776367 25.096820831298828
      vertex 13.288384437561035 -1.9282035827636719 25.096820831298828
    endloop
  endfacet
  facet normal 0.6436891947715935 -0.5282633167974868 -0.5537166140368337
    outer loop
      vertex 13.870837211608887 -1.8708372116088867 25.585811614990234
      vertex 13.639801979064941 -1.6398019790649414 25.096820831298828
      vertex 13.928203582763672 -1.2883844375610352 25.096820831298828
    endloop
  endfacet
  facet normal 0.5282633167974868 -0.6436891947715935 -0.5537166140368337
    outer loop
      vertex 13.870837211608887 -1.8708372116088867 25.585811614990234
      vertex 13.288384437561035 -1.9282035827636719 25.096820831298828
      vertex 13.639801979064941 -1.6398019790649414 25.096820831298828
    endloop
  endfacet
  facet normal 0.4496659622820419 -0.5479182672236957 0.7053978273340143
    outer loop
      vertex 13.34575080871582 -1.3457508087158203 29.31903076171875
      vertex 13.288384437561035 -1.9282035827636719 28.903179168701172
      vertex 13.639801979064941 -1.6398019790649414 28.903179168701172
    endloop
  endfacet
  facet normal 0.528262685030783 -0.6436884249634542 0.5537181116526128
    outer loop
      vertex 13.639801979064941 -1.6398019790649414 28.903179168701172
      vertex 13.288384437561035 -1.9282035827636719 28.903179168701172
      vertex 13.870837211608887 -1.8708372116088867 28.4141902923584
    endloop
  endfacet
  facet normal 0.6343937161512105 -0.7730100988395026 0
    outer loop
      vertex 13.658684730529785 -2.4823970794677734 26.705947875976562
      vertex 14.111104965209961 -2.111104965209961 27.294052124023438
      vertex 13.658684730529785 -2.4823970794677734 27.294052124023438
    endloop
  endfacet
  facet normal 0.6343937161512105 -0.7730100988395026 0
    outer loop
      vertex 14.111104965209961 -2.111104965209961 27.294052124023438
      vertex 13.658684730529785 -2.4823970794677734 26.705947875976562
      vertex 14.111104965209961 -2.111104965209961 26.705947875976562
    endloop
  endfacet
  facet normal -0.7146717495801053 0.5865154581443385 0.3811087872377757
    outer loop
      vertex 9.970023155212402 2.0299768447875977 27.870853424072266
      vertex 9.800127983093262 1.4699068069458008 28.4141902923584
      vertex 10.129162788391113 1.8708372116088867 28.4141902923584
    endloop
  endfacet
  facet normal -0.6436884249634542 0.528262685030783 0.5537181116526128
    outer loop
      vertex 10.129162788391113 1.8708372116088867 28.4141902923584
      vertex 10.071796417236328 1.2883844375610352 28.903179168701172
      vertex 10.360198020935059 1.6398019790649414 28.903179168701172
    endloop
  endfacet
  facet normal -0.05461471407822825 -0.5547412174613515 0.8302285315837145
    outer loop
      vertex 11.934844017028809 -1.4935824871063232 29.588428497314453
      vertex 12 -1.9031791687011719 29.31903076171875
      vertex 12 -1.5 29.58842658996582
    endloop
  endfacet
  facet normal -0.054636900138173156 -0.5547430022191822 0.8302258792835475
    outer loop
      vertex 12 -1.9031791687011719 29.31903076171875
      vertex 11.934844017028809 -1.4935824871063232 29.588428497314453
      vertex 11.628708839416504 -1.8666105270385742 29.31903076171875
    endloop
  endfacet
  facet normal 0.05463891472800991 -0.5547418224488417 0.8302265350032382
    outer loop
      vertex 12.292634963989258 -1.471177101135254 29.588428497314453
      vertex 12.065155982971191 -1.4935824871063232 29.588428497314453
      vertex 12.371291160583496 -1.8666105270385742 29.31903076171875
    endloop
  endfacet
  facet normal -0.16181260196525274 -0.533423744318674 0.8302263491616491
    outer loop
      vertex 11.425975799560547 -1.3858187198638916 29.588428497314453
      vertex 11.271684646606445 -1.7583084106445312 29.31903076171875
      vertex 11.644713401794434 -1.4521721601486206 29.588428497314453
    endloop
  endfacet
  facet normal -0.06903382015954672 -0.5522705612763738 0.8308017566313028
    outer loop
      vertex 11.707364082336426 -1.471177101135254 29.588428497314453
      vertex 11.628708839416504 -1.8666105270385742 29.31903076171875
      vertex 11.707365036010742 -1.4711772203445435 29.588428497314453
    endloop
  endfacet
  facet normal -0.16181291278183085 -0.5334238666352 0.8302262099940064
    outer loop
      vertex 11.644713401794434 -1.4521721601486206 29.588428497314453
      vertex 11.628708839416504 -1.8666105270385742 29.31903076171875
      vertex 11.707364082336426 -1.471177101135254 29.588428497314453
    endloop
  endfacet
  facet normal -0.16181239640452233 -0.5334239268491657 0.8302262719491849
    outer loop
      vertex 11.628708839416504 -1.8666105270385742 29.31903076171875
      vertex 11.644713401794434 -1.4521721601486206 29.588428497314453
      vertex 11.271684646606445 -1.7583084106445312 29.31903076171875
    endloop
  endfacet
  facet normal -0.43089491733820445 -0.3536324605519665 0.8302250616887349
    outer loop
      vertex 10.417564392089844 -1.0573492050170898 29.31903076171875
      vertex 10.794330596923828 -0.8839654922485352 29.588428497314453
      vertex 10.752795219421387 -0.8333553671836853 29.588428497314453
    endloop
  endfacet
  facet normal -0.43089742712043033 -0.3536279608136035 0.830225675724261
    outer loop
      vertex 10.794330596923828 -0.8839654922485352 29.588428497314453
      vertex 10.417564392089844 -1.0573492050170898 29.31903076171875
      vertex 10.65424919128418 -1.3457508087158203 29.31903076171875
    endloop
  endfacet
  facet normal -0.7053984382365253 -0.06947564303350022 0.7053978865566247
    outer loop
      vertex 10.133389472961426 -0.3712911605834961 29.31903076171875
      vertex 9.68096923828125 0 28.903179168701172
      vertex 9.725528717041016 -0.4524202346801758 28.903179168701172
    endloop
  endfacet
  facet normal -0.6251150989016905 -0.33413201691236705 0.7053984040237145
    outer loop
      vertex 10.241691589355469 -0.7283153533935547 29.31903076171875
      vertex 10.071796417236328 -1.2883844375610352 28.903179168701172
      vertex 10.417564392089844 -1.0573492050170898 29.31903076171875
    endloop
  endfacet
  facet normal -0.828694875114887 0.08161927530078812 0.5537175253301053
    outer loop
      vertex 9.725528717041016 0.4524202346801758 28.903179168701172
      vertex 9.405074119567871 0.5161628723144531 28.4141902923584
      vertex 9.68096923828125 0 28.903179168701172
    endloop
  endfacet
  facet normal -0.8286949285355532 0.08161918378571406 0.5537174588701427
    outer loop
      vertex 9.405074119567871 0.5161628723144531 28.4141902923584
      vertex 9.354236602783203 0 28.4141902923584
      vertex 9.68096923828125 0 28.903179168701172
    endloop
  endfacet
  facet normal -0.43089742712043033 0.3536279608136035 0.830225675724261
    outer loop
      vertex 10.417564392089844 1.0573492050170898 29.31903076171875
      vertex 10.794330596923828 0.8839654922485352 29.588428497314453
      vertex 10.65424919128418 1.3457508087158203 29.31903076171875
    endloop
  endfacet
  facet normal -0.43089491733820445 0.3536324605519665 0.8302250616887349
    outer loop
      vertex 10.794330596923828 0.8839654922485352 29.588428497314453
      vertex 10.417564392089844 1.0573492050170898 29.31903076171875
      vertex 10.752795219421387 0.8333553671836853 29.588428497314453
    endloop
  endfacet
  facet normal -0.43089693625850556 0.35362819912301335 0.8302258289815175
    outer loop
      vertex 10.939339637756348 1.060659408569336 29.588428497314453
      vertex 10.65424919128418 1.3457508087158203 29.31903076171875
      vertex 10.794330596923828 0.8839654922485352 29.588428497314453
    endloop
  endfacet
  facet normal -0.25752075857850687 0.5150415171570137 0.817566691166997
    outer loop
      vertex 10.65424919128418 1.3457508087158203 29.31903076171875
      vertex 10.939339637756348 1.060659408569336 29.588428497314453
      vertex 10.939340591430664 1.0606598854064941 29.588428497314453
    endloop
  endfacet
  facet normal -0.24172222939173033 0.7968481936500145 0.5537177260072146
    outer loop
      vertex 11.547579765319824 2.2744712829589844 28.903179168701172
      vertex 10.987510681152344 2.444366455078125 28.4141902923584
      vertex 11.11254596710205 2.1425046920776367 28.903179168701172
    endloop
  endfacet
  facet normal -0.39253321369298616 0.7343802405570423 0.5537177425613496
    outer loop
      vertex 10.987510681152344 2.444366455078125 28.4141902923584
      vertex 10.711615562438965 1.9282035827636719 28.903179168701172
      vertex 11.11254596710205 2.1425046920776367 28.903179168701172
    endloop
  endfacet
  facet normal -0.6251150989016905 0.33413201691236705 0.7053984040237145
    outer loop
      vertex 10.417564392089844 1.0573492050170898 29.31903076171875
      vertex 10.071796417236328 1.2883844375610352 28.903179168701172
      vertex 10.241691589355469 0.7283153533935547 29.31903076171875
    endloop
  endfacet
  facet normal -0.5479182672236957 0.4496659622820419 0.7053978273340143
    outer loop
      vertex 10.360198020935059 1.6398019790649414 28.903179168701172
      vertex 10.071796417236328 1.2883844375610352 28.903179168701172
      vertex 10.65424919128418 1.3457508087158203 29.31903076171875
    endloop
  endfacet
  facet normal -0.5547441482744158 0.054630500955310385 0.8302255346113278
    outer loop
      vertex 10.52882194519043 0.2926349341869354 29.588428497314453
      vertex 10.133389472961426 0.3712911605834961 29.31903076171875
      vertex 10.506417274475098 0.06515621393918991 29.58842658996582
    endloop
  endfacet
  facet normal -0.5547405426965346 0.05463665789862665 0.830227538631683
    outer loop
      vertex 10.096820831298828 0 29.31903076171875
      vertex 10.506417274475098 0.06515621393918991 29.58842658996582
      vertex 10.133389472961426 0.3712911605834961 29.31903076171875
    endloop
  endfacet
  facet normal -0.5547405483636445 0.05463672835008733 0.8302275302086781
    outer loop
      vertex 10.506417274475098 0.06515621393918991 29.58842658996582
      vertex 10.096820831298828 0 29.31903076171875
      vertex 10.5 0 29.58842658996582
    endloop
  endfacet
  facet normal 0.35362798660064154 0.43089616913329254 0.8302263176502112
    outer loop
      vertex 13.34575080871582 1.3457508087158203 29.31903076171875
      vertex 12.883964538574219 1.2056694030761719 29.588428497314453
      vertex 13.060659408569336 1.060659408569336 29.588428497314453
    endloop
  endfacet
  facet normal 0.43089610579543625 -0.3536280539101924 0.8302263218532753
    outer loop
      vertex 13.205669403076172 -0.8839645981788635 29.588428497314453
      vertex 13.060659408569336 -1.060659408569336 29.588428497314453
      vertex 13.34575080871582 -1.3457508087158203 29.31903076171875
    endloop
  endfacet
  facet normal 0.5865152782753073 0.7146720453914407 0.3811085093325171
    outer loop
      vertex 13.594942092895508 2.38700008392334 27.870853424072266
      vertex 13.4699068069458 2.1998720169067383 28.4141902923584
      vertex 14.029976844787598 2.0299768447875977 27.870853424072266
    endloop
  endfacet
  facet normal 0.43582017589929045 0.8153632107680197 0.3811083950861976
    outer loop
      vertex 13.594942092895508 2.38700008392334 27.870853424072266
      vertex 13.012489318847656 2.444366455078125 28.4141902923584
      vertex 13.4699068069458 2.1998720169067383 28.4141902923584
    endloop
  endfacet
  facet normal 0.7146716810010227 0.5865149792282845 -0.3811096528769866
    outer loop
      vertex 14.199872016906738 1.4699068069458008 25.585811614990234
      vertex 14.029976844787598 2.0299768447875977 26.129146575927734
      vertex 14.38700008392334 1.5949420928955078 26.129146575927734
    endloop
  endfacet
  facet normal 0.8153627950383645 0.4358199536874356 -0.38110953863044084
    outer loop
      vertex 14.444366455078125 1.0124893188476562 25.585811614990234
      vertex 14.199872016906738 1.4699068069458008 25.585811614990234
      vertex 14.38700008392334 1.5949420928955078 26.129146575927734
    endloop
  endfacet
  facet normal 0.4916040330010669 0.26276666580799674 -0.8302283746519595
    outer loop
      vertex 13.385818481445312 0.5740244388580322 24.41157341003418
      vertex 13.278066635131836 0.775614857673645 24.41157341003418
      vertex 13.758308410644531 0.7283153533935547 24.68096923828125
    endloop
  endfacet
  facet normal 0.533420635596781 0.16181253106611454 -0.8302283603379879
    outer loop
      vertex 13.385818481445312 0.5740242004394531 24.41157341003418
      vertex 13.758308410644531 0.7283153533935547 24.68096923828125
      vertex 13.45217227935791 0.3552865982055664 24.41157341003418
    endloop
  endfacet
  facet normal 0.5860270012766026 0 -0.8102915239435452
    outer loop
      vertex 13.758308410644531 0.7283153533935547 24.68096923828125
      vertex 13.385818481445312 0.5740242004394531 24.41157341003418
      vertex 13.385818481445312 0.5740244388580322 24.41157341003418
    endloop
  endfacet
  facet normal -0.8153627950383645 -0.4358199536874356 -0.38110953863044084
    outer loop
      vertex 9.61299991607666 -1.5949420928955078 26.129146575927734
      vertex 9.555633544921875 -1.0124893188476562 25.585811614990234
      vertex 9.800127983093262 -1.4699068069458008 25.585811614990234
    endloop
  endfacet
  facet normal -0.8153628245067585 -0.4358199266356265 -0.3811095065196854
    outer loop
      vertex 9.61299991607666 -1.5949420928955078 26.129146575927734
      vertex 9.347707748413086 -1.0986146926879883 26.129146575927734
      vertex 9.555633544921875 -1.0124893188476562 25.585811614990234
    endloop
  endfacet
  facet normal 0.06947564303350023 0.7053984382365254 -0.7053978865566248
    outer loop
      vertex 12.371291160583496 1.8666105270385742 24.68096923828125
      vertex 12 2.31903076171875 25.096820831298828
      vertex 12.452420234680176 2.2744712829589844 25.096820831298828
    endloop
  endfacet
  facet normal -0.09062049485984382 0.9200779903671169 -0.3811094561321778
    outer loop
      vertex 11.483837127685547 2.594925880432129 25.585811614990234
      vertex 11.43993091583252 2.8156585693359375 26.129146575927734
      vertex 12 2.870820999145508 26.129146575927734
    endloop
  endfacet
  facet normal -0.4496646211715379 0.5479185748890167 -0.7053984432632711
    outer loop
      vertex 10.94265079498291 1.5824356079101562 24.68096923828125
      vertex 10.65424919128418 1.3457508087158203 24.68096923828125
      vertex 10.711615562438965 1.9282035827636719 25.096820831298828
    endloop
  endfacet
  facet normal -0.33413201691236705 0.6251150989016905 -0.7053984040237145
    outer loop
      vertex 10.94265079498291 1.5824356079101562 24.68096923828125
      vertex 10.711615562438965 1.9282035827636719 25.096820831298828
      vertex 11.271684646606445 1.7583084106445312 24.68096923828125
    endloop
  endfacet
  facet normal -0.4916046927542356 0.2627674846097953 -0.8302277248405131
    outer loop
      vertex 10.614180564880371 0.5740247368812561 24.41157341003418
      vertex 10.241691589355469 0.7283153533935547 24.68096923828125
      vertex 10.721932411193848 0.7756147980690002 24.41157341003418
    endloop
  endfacet
  facet normal 0 0 -1
    outer loop
      vertex 10.721932411193848 0.7756147980690002 24.41157341003418
      vertex 10.752795219421387 0.8333553671836853 24.41157341003418
      vertex 10.752795219421387 0.8333549499511719 24.41157341003418
    endloop
  endfacet
  facet normal -0.4916058583142627 0.2627673672310423 -0.8302270718240664
    outer loop
      vertex 10.721932411193848 0.7756147980690002 24.41157341003418
      vertex 10.417564392089844 1.0573492050170898 24.68096923828125
      vertex 10.752795219421387 0.8333553671836853 24.41157341003418
    endloop
  endfacet
  facet normal -0.49160460576799997 0.26276895044972126 -0.8302273124074162
    outer loop
      vertex 10.417564392089844 1.0573492050170898 24.68096923828125
      vertex 10.721932411193848 0.7756147980690002 24.41157341003418
      vertex 10.241691589355469 0.7283153533935547 24.68096923828125
    endloop
  endfacet
  facet normal -0.05463863987169707 -0.5547419834085217 0.8302264455417875
    outer loop
      vertex 11.707365036010742 -1.4711772203445435 29.588428497314453
      vertex 11.628708839416504 -1.8666105270385742 29.31903076171875
      vertex 11.934844017028809 -1.4935824871063232 29.588428497314453
    endloop
  endfacet
  facet normal -0.25752075857850687 -0.5150415171570137 0.817566691166997
    outer loop
      vertex 10.939339637756348 -1.060659408569336 29.588428497314453
      vertex 10.65424919128418 -1.3457508087158203 29.31903076171875
      vertex 10.939340591430664 -1.0606598854064941 29.588428497314453
    endloop
  endfacet
  facet normal -0.43089693625850556 -0.35362819912301335 0.8302258289815175
    outer loop
      vertex 10.65424919128418 -1.3457508087158203 29.31903076171875
      vertex 10.939339637756348 -1.060659408569336 29.588428497314453
      vertex 10.794330596923828 -0.8839654922485352 29.588428497314453
    endloop
  endfacet
  facet normal -0.198685516082841 -0.5298280428875759 0.8245036753519149
    outer loop
      vertex 11.166644096374512 -1.2472038269042969 29.588428497314453
      vertex 10.94265079498291 -1.5824356079101562 29.31903076171875
      vertex 11.166645050048828 -1.2472041845321655 29.588428497314453
    endloop
  endfacet
  facet normal -0.3536281813206611 -0.43089750300102386 0.8302255424180374
    outer loop
      vertex 11.116034507751465 -1.205669641494751 29.588428497314453
      vertex 10.94265079498291 -1.5824356079101562 29.31903076171875
      vertex 11.166644096374512 -1.2472038269042969 29.588428497314453
    endloop
  endfacet
  facet normal -0.353628072773611 -0.43089756354425574 0.8302255572301095
    outer loop
      vertex 10.94265079498291 -1.5824356079101562 29.31903076171875
      vertex 11.116034507751465 -1.205669641494751 29.588428497314453
      vertex 10.65424919128418 -1.3457508087158203 29.31903076171875
    endloop
  endfacet
  facet normal -0.828694875114887 -0.08161927530078812 0.5537175253301053
    outer loop
      vertex 9.68096923828125 0 28.903179168701172
      vertex 9.405074119567871 -0.5161628723144531 28.4141902923584
      vertex 9.725528717041016 -0.4524202346801758 28.903179168701172
    endloop
  endfacet
  facet normal -0.796848375107055 -0.2417220244627122 0.553717554335145
    outer loop
      vertex 9.725528717041016 -0.4524202346801758 28.903179168701172
      vertex 9.405074119567871 -0.5161628723144531 28.4141902923584
      vertex 9.555633544921875 -1.0124893188476562 28.4141902923584
    endloop
  endfacet
  facet normal -0.4496646211715379 0.5479185748890167 0.7053984432632711
    outer loop
      vertex 10.711615562438965 1.9282035827636719 28.903179168701172
      vertex 10.65424919128418 1.3457508087158203 29.31903076171875
      vertex 10.94265079498291 1.5824356079101562 29.31903076171875
    endloop
  endfacet
  facet normal -0.4496659622820419 0.5479182672236957 0.7053978273340143
    outer loop
      vertex 10.711615562438965 1.9282035827636719 28.903179168701172
      vertex 10.360198020935059 1.6398019790649414 28.903179168701172
      vertex 10.65424919128418 1.3457508087158203 29.31903076171875
    endloop
  endfacet
  facet normal -0.6436897150621164 0.5282620564675605 0.5537172115980459
    outer loop
      vertex 10.129162788391113 1.8708372116088867 28.4141902923584
      vertex 9.800127983093262 1.4699068069458008 28.4141902923584
      vertex 10.071796417236328 1.2883844375610352 28.903179168701172
    endloop
  endfacet
  facet normal -0.7343801984034847 0.39253390761117213 0.5537173065458245
    outer loop
      vertex 9.800127983093262 1.4699068069458008 28.4141902923584
      vertex 9.555633544921875 1.0124893188476562 28.4141902923584
      vertex 10.071796417236328 1.2883844375610352 28.903179168701172
    endloop
  endfacet
  facet normal 0.06947500108980918 0.7053981940094443 -0.7053981940094443
    outer loop
      vertex 12.371291160583496 1.8666105270385742 24.68096923828125
      vertex 12 1.9031791687011719 24.68096923828125
      vertex 12 2.31903076171875 25.096820831298828
    endloop
  endfacet
  facet normal -0.24172231354544232 0.7968493280822929 -0.5537160567195403
    outer loop
      vertex 11.547579765319824 2.2744712829589844 25.096820831298828
      vertex 10.987510681152344 2.444366455078125 25.585811614990234
      vertex 11.483837127685547 2.594925880432129 25.585811614990234
    endloop
  endfacet
  facet normal -0.08161928139654781 0.8286959195967125 -0.5537159612545678
    outer loop
      vertex 12 2.31903076171875 25.096820831298828
      vertex 11.483837127685547 2.594925880432129 25.585811614990234
      vertex 12 2.645763397216797 25.585811614990234
    endloop
  endfacet
  facet normal 0.08161928139654781 0.8286959195967125 -0.5537159612545678
    outer loop
      vertex 12.516162872314453 2.594925880432129 25.585811614990234
      vertex 12 2.31903076171875 25.096820831298828
      vertex 12 2.645763397216797 25.585811614990234
    endloop
  endfacet
  facet normal -0.6782904221890337 -0.20575797790990982 0.7053975883805158
    outer loop
      vertex 10.241691589355469 -0.7283153533935547 29.31903076171875
      vertex 9.725528717041016 -0.4524202346801758 28.903179168701172
      vertex 9.857495307922363 -0.8874540328979492 28.903179168701172
    endloop
  endfacet
  facet normal -0.7968481936500145 -0.24172222939173033 0.5537177260072146
    outer loop
      vertex 9.725528717041016 -0.4524202346801758 28.903179168701172
      vertex 9.555633544921875 -1.0124893188476562 28.4141902923584
      vertex 9.857495307922363 -0.8874540328979492 28.903179168701172
    endloop
  endfacet
  facet normal -0.2575195398799623 0.5150390797599246 -0.8175686105153882
    outer loop
      vertex 10.939339637756348 1.060659408569336 24.41157341003418
      vertex 10.65424919128418 1.3457508087158203 24.68096923828125
      vertex 10.939340591430664 1.0606598854064941 24.41157341003418
    endloop
  endfacet
  facet normal -0.430894833431907 0.3536264733767373 -0.8302276554348337
    outer loop
      vertex 10.65424919128418 1.3457508087158203 24.68096923828125
      vertex 10.939339637756348 1.060659408569336 24.41157341003418
      vertex 10.794330596923828 0.8839654922485352 24.41157341003418
    endloop
  endfacet
  facet normal -0.35362895940857886 -0.4308957372793717 0.8302261274267827
    outer loop
      vertex 10.939340591430664 -1.0606598854064941 29.588428497314453
      vertex 10.65424919128418 -1.3457508087158203 29.31903076171875
      vertex 11.116034507751465 -1.205669641494751 29.588428497314453
    endloop
  endfacet
endsolid OpenSCAD_Model
