solid OpenSCAD_Model
  facet normal 0.7071067811865476 0.7071067811865476 0
    outer loop
      vertex 5.1961517333984375 7 52.79999923706055
      vertex 3 9.196151733398438 37
      vertex 3 9.196151733398438 52.79999923706055
    endloop
  endfacet
  facet normal 0.7071067811865476 0.7071067811865476 0
    outer loop
      vertex 3 9.196151733398438 37
      vertex 5.1961517333984375 7 52.79999923706055
      vertex 5.1961517333984375 7 37
    endloop
  endfacet
  facet normal -0.7071067811865476 0.7071067811865476 0
    outer loop
      vertex -5.1961517333984375 7 37
      vertex -3 9.196151733398438 52.79999923706055
      vertex -3 9.196151733398438 37
    endloop
  endfacet
  facet normal -0.7071067811865476 0.7071067811865476 0
    outer loop
      vertex -3 9.196151733398438 52.79999923706055
      vertex -5.1961517333984375 7 37
      vertex -5.1961517333984375 7 52.79999923706055
    endloop
  endfacet
  facet normal 0.9659257708040003 0.2588192521755246 0
    outer loop
      vertex 6 4 52.79999923706055
      vertex 5.1961517333984375 7 37
      vertex 5.1961517333984375 7 52.79999923706055
    endloop
  endfacet
  facet normal 0.9659257708040003 0.2588192521755246 0
    outer loop
      vertex 5.1961517333984375 7 37
      vertex 6 4 52.79999923706055
      vertex 6 4 37
    endloop
  endfacet
  facet normal -0.2588192521755246 -0.9659257708040003 0
    outer loop
      vertex -3 -1.1961517333984375 37
      vertex 0 -2 52.79999923706055
      vertex -3 -1.1961517333984375 52.79999923706055
    endloop
  endfacet
  facet normal -0.2588192521755246 -0.9659257708040003 0
    outer loop
      vertex 0 -2 52.79999923706055
      vertex -3 -1.1961517333984375 37
      vertex 0 -2 37
    endloop
  endfacet
  facet normal -0.7071067811865476 -0.7071067811865476 0
    outer loop
      vertex -3 -1.1961517333984375 37
      vertex -5.1961517333984375 1 52.79999923706055
      vertex -5.1961517333984375 1 37
    endloop
  endfacet
  facet normal -0.7071067811865476 -0.7071067811865476 0
    outer loop
      vertex -5.1961517333984375 1 52.79999923706055
      vertex -3 -1.1961517333984375 37
      vertex -3 -1.1961517333984375 52.79999923706055
    endloop
  endfacet
  facet normal 0.2588192521755246 0.9659257708040003 0
    outer loop
      vertex 3 9.196151733398438 37
      vertex 0 10 52.79999923706055
      vertex 3 9.196151733398438 52.79999923706055
    endloop
  endfacet
  facet normal 0.2588192521755246 0.9659257708040003 0
    outer loop
      vertex 0 10 52.79999923706055
      vertex 3 9.196151733398438 37
      vertex 0 10 37
    endloop
  endfacet
  facet normal -0.9659257708040003 -0.2588192521755246 0
    outer loop
      vertex -5.1961517333984375 1 37
      vertex -6 4 52.79999923706055
      vertex -6 4 37
    endloop
  endfacet
  facet normal -0.9659257708040003 -0.2588192521755246 0
    outer loop
      vertex -6 4 52.79999923706055
      vertex -5.1961517333984375 1 37
      vertex -5.1961517333984375 1 52.79999923706055
    endloop
  endfacet
  facet normal -0.2588192521755246 0.9659257708040003 0
    outer loop
      vertex 0 10 37
      vertex -3 9.196151733398438 52.79999923706055
      vertex 0 10 52.79999923706055
    endloop
  endfacet
  facet normal -0.2588192521755246 0.9659257708040003 0
    outer loop
      vertex -3 9.196151733398438 52.79999923706055
      vertex 0 10 37
      vertex -3 9.196151733398438 37
    endloop
  endfacet
  facet normal 0.2588192521755246 -0.9659257708040003 0
    outer loop
      vertex 0 -2 37
      vertex 3 -1.1961517333984375 52.79999923706055
      vertex 0 -2 52.79999923706055
    endloop
  endfacet
  facet normal 0.2588192521755246 -0.9659257708040003 0
    outer loop
      vertex 3 -1.1961517333984375 52.79999923706055
      vertex 0 -2 37
      vertex 3 -1.1961517333984375 37
    endloop
  endfacet
  facet normal -0.9659257708040003 0.2588192521755246 0
    outer loop
      vertex -6 4 37
      vertex -5.1961517333984375 7 52.79999923706055
      vertex -5.1961517333984375 7 37
    endloop
  endfacet
  facet normal -0.9659257708040003 0.2588192521755246 0
    outer loop
      vertex -5.1961517333984375 7 52.79999923706055
      vertex -6 4 37
      vertex -6 4 52.79999923706055
    endloop
  endfacet
  facet normal 0.9659257708040003 -0.2588192521755246 0
    outer loop
      vertex 5.1961517333984375 1 52.79999923706055
      vertex 6 4 37
      vertex 6 4 52.79999923706055
    endloop
  endfacet
  facet normal 0.9659257708040003 -0.2588192521755246 0
    outer loop
      vertex 6 4 37
      vertex 5.1961517333984375 1 52.79999923706055
      vertex 5.1961517333984375 1 37
    endloop
  endfacet
  facet normal 0.7071067811865476 -0.7071067811865476 0
    outer loop
      vertex 3 -1.1961517333984375 52.79999923706055
      vertex 5.1961517333984375 1 37
      vertex 5.1961517333984375 1 52.79999923706055
    endloop
  endfacet
  facet normal 0.7071067811865476 -0.7071067811865476 0
    outer loop
      vertex 5.1961517333984375 1 37
      vertex 3 -1.1961517333984375 52.79999923706055
      vertex 3 -1.1961517333984375 37
    endloop
  endfacet
  facet normal 0.8418227490983083 0.22556576629714864 0.4903616463135618
    outer loop
      vertex 6.062177658081055 7.5 52.79999923706055
      vertex 0.009999275207519531 4 64.80000305175781
      vertex 7 4 52.79999923706055
    endloop
  endfacet
  facet normal 0.22562614476670273 -0.8418023137843813 0.4903689501844269
    outer loop
      vertex 0.0049991607666015625 3.9913406372070312 64.80000305175781
      vertex 0 3.9900007247924805 64.80000305175781
      vertex 3.5 -2.0621776580810547 52.79999923706055
    endloop
  endfacet
  facet normal 0.8418023137843813 0.22562614476670273 0.4903689501844269
    outer loop
      vertex 6.062177658081055 7.5 52.79999923706055
      vertex 0.00865936279296875 4.004999160766602 64.80000305175781
      vertex 0.009999275207519531 4 64.80000305175781
    endloop
  endfacet
  facet normal 0.8418227490983083 -0.22556576629714864 0.4903616463135618
    outer loop
      vertex 7 4 52.79999923706055
      vertex 0.009999275207519531 4 64.80000305175781
      vertex 6.062177658081055 0.5 52.79999923706055
    endloop
  endfacet
  facet normal 0.22556576629714867 -0.8418227490983085 0.49036164631356194
    outer loop
      vertex 0 3.9900007247924805 64.80000305175781
      vertex 0 -3 52.79999923706055
      vertex 3.5 -2.0621776580810547 52.79999923706055
    endloop
  endfacet
  facet normal -0.8418227490983083 -0.22556576629714864 0.4903616463135618
    outer loop
      vertex -0.009999275207519531 4 64.80000305175781
      vertex -7 4 52.79999923706055
      vertex -6.062177658081055 0.5 52.79999923706055
    endloop
  endfacet
  facet normal 0.22556576629714867 0.8418227490983085 0.49036164631356194
    outer loop
      vertex 0 11 52.79999923706055
      vertex 0 4.0099992752075195 64.80000305175781
      vertex 3.5 10.062177658081055 52.79999923706055
    endloop
  endfacet
  facet normal 0.6162570200613705 -0.6162570200613705 0.49036167310482104
    outer loop
      vertex 0.0049991607666015625 3.9913406372070312 64.80000305175781
      vertex 6.062177658081055 0.5 52.79999923706055
      vertex 0.00865936279296875 3.9950008392333984 64.80000305175781
    endloop
  endfacet
  facet normal 0.6162570200613704 -0.6162570200613704 0.49036167310482104
    outer loop
      vertex 6.062177658081055 0.5 52.79999923706055
      vertex 0.0049991607666015625 3.9913406372070312 64.80000305175781
      vertex 3.5 -2.0621776580810547 52.79999923706055
    endloop
  endfacet
  facet normal -0.22556576629714867 -0.8418227490983085 0.49036164631356194
    outer loop
      vertex 0 3.9900007247924805 64.80000305175781
      vertex -3.5 -2.0621776580810547 52.79999923706055
      vertex 0 -3 52.79999923706055
    endloop
  endfacet
  facet normal 0 0 -1
    outer loop
      vertex 6 4 52.79999923706055
      vertex 7 4 52.79999923706055
      vertex 6.062177658081055 0.5 52.79999923706055
    endloop
  endfacet
  facet normal 0 0 -1
    outer loop
      vertex 7 4 52.79999923706055
      vertex 6 4 52.79999923706055
      vertex 6.062177658081055 7.5 52.79999923706055
    endloop
  endfacet
  facet normal 0 0 -1
    outer loop
      vertex 6.062177658081055 0.5 52.79999923706055
      vertex 5.1961517333984375 1 52.79999923706055
      vertex 6 4 52.79999923706055
    endloop
  endfacet
  facet normal 0 0 -1
    outer loop
      vertex 3.5 -2.0621776580810547 52.79999923706055
      vertex 5.1961517333984375 1 52.79999923706055
      vertex 6.062177658081055 0.5 52.79999923706055
    endloop
  endfacet
  facet normal 0 0 -1
    outer loop
      vertex 3.5 -2.0621776580810547 52.79999923706055
      vertex 3 -1.1961517333984375 52.79999923706055
      vertex 5.1961517333984375 1 52.79999923706055
    endloop
  endfacet
  facet normal 0 0 -1
    outer loop
      vertex 0 -3 52.79999923706055
      vertex 3 -1.1961517333984375 52.79999923706055
      vertex 3.5 -2.0621776580810547 52.79999923706055
    endloop
  endfacet
  facet normal 0 0 -1
    outer loop
      vertex 0 -3 52.79999923706055
      vertex 0 -2 52.79999923706055
      vertex 3 -1.1961517333984375 52.79999923706055
    endloop
  endfacet
  facet normal 0 0 -1
    outer loop
      vertex 0 -3 52.79999923706055
      vertex -3 -1.1961517333984375 52.79999923706055
      vertex 0 -2 52.79999923706055
    endloop
  endfacet
  facet normal 0 0 -1
    outer loop
      vertex -3.5 -2.0621776580810547 52.79999923706055
      vertex -3 -1.1961517333984375 52.79999923706055
      vertex 0 -3 52.79999923706055
    endloop
  endfacet
  facet normal 0 0 -1
    outer loop
      vertex -3.5 -2.0621776580810547 52.79999923706055
      vertex -5.1961517333984375 1 52.79999923706055
      vertex -3 -1.1961517333984375 52.79999923706055
    endloop
  endfacet
  facet normal 0 0 -1
    outer loop
      vertex -5.1961517333984375 1 52.79999923706055
      vertex -6.062177658081055 0.5 52.79999923706055
      vertex -6 4 52.79999923706055
    endloop
  endfacet
  facet normal 0 0 -1
    outer loop
      vertex -6.062177658081055 0.5 52.79999923706055
      vertex -5.1961517333984375 1 52.79999923706055
      vertex -3.5 -2.0621776580810547 52.79999923706055
    endloop
  endfacet
  facet normal 0 0 -1
    outer loop
      vertex 5.1961517333984375 7 52.79999923706055
      vertex 6.062177658081055 7.5 52.79999923706055
      vertex 6 4 52.79999923706055
    endloop
  endfacet
  facet normal 0 0 -1
    outer loop
      vertex 5.1961517333984375 7 52.79999923706055
      vertex 3.5 10.062177658081055 52.79999923706055
      vertex 6.062177658081055 7.5 52.79999923706055
    endloop
  endfacet
  facet normal 0 0 -1
    outer loop
      vertex 3 9.196151733398438 52.79999923706055
      vertex 3.5 10.062177658081055 52.79999923706055
      vertex 5.1961517333984375 7 52.79999923706055
    endloop
  endfacet
  facet normal 0 0 -1
    outer loop
      vertex 0 10 52.79999923706055
      vertex 3.5 10.062177658081055 52.79999923706055
      vertex 3 9.196151733398438 52.79999923706055
    endloop
  endfacet
  facet normal 0 0 -1
    outer loop
      vertex 0 10 52.79999923706055
      vertex 0 11 52.79999923706055
      vertex 3.5 10.062177658081055 52.79999923706055
    endloop
  endfacet
  facet normal 0 0 -1
    outer loop
      vertex -3 9.196151733398438 52.79999923706055
      vertex 0 11 52.79999923706055
      vertex 0 10 52.79999923706055
    endloop
  endfacet
  facet normal 0 0 -1
    outer loop
      vertex -3 9.196151733398438 52.79999923706055
      vertex -3.5 10.062177658081055 52.79999923706055
      vertex 0 11 52.79999923706055
    endloop
  endfacet
  facet normal 0 0 -1
    outer loop
      vertex -5.1961517333984375 7 52.79999923706055
      vertex -3.5 10.062177658081055 52.79999923706055
      vertex -3 9.196151733398438 52.79999923706055
    endloop
  endfacet
  facet normal 0 0 -1
    outer loop
      vertex -5.1961517333984375 7 52.79999923706055
      vertex -6.062177658081055 7.5 52.79999923706055
      vertex -3.5 10.062177658081055 52.79999923706055
    endloop
  endfacet
  facet normal 0 0 -1
    outer loop
      vertex -6 4 52.79999923706055
      vertex -6.062177658081055 7.5 52.79999923706055
      vertex -5.1961517333984375 7 52.79999923706055
    endloop
  endfacet
  facet normal 0 0 -1
    outer loop
      vertex -7 4 52.79999923706055
      vertex -6 4 52.79999923706055
      vertex -6.062177658081055 0.5 52.79999923706055
    endloop
  endfacet
  facet normal 0 0 -1
    outer loop
      vertex -6 4 52.79999923706055
      vertex -7 4 52.79999923706055
      vertex -6.062177658081055 7.5 52.79999923706055
    endloop
  endfacet
  facet normal -0.22562614476670273 -0.8418023137843813 0.4903689501844269
    outer loop
      vertex -0.0049991607666015625 3.9913406372070312 64.80000305175781
      vertex -3.5 -2.0621776580810547 52.79999923706055
      vertex 0 3.9900007247924805 64.80000305175781
    endloop
  endfacet
  facet normal -0.8418227490983083 0.22556576629714864 0.4903616463135618
    outer loop
      vertex -6.062177658081055 7.5 52.79999923706055
      vertex -7 4 52.79999923706055
      vertex -0.009999275207519531 4 64.80000305175781
    endloop
  endfacet
  facet normal 0.22562614476670273 0.8418023137843813 0.4903689501844269
    outer loop
      vertex 3.5 10.062177658081055 52.79999923706055
      vertex 0 4.0099992752075195 64.80000305175781
      vertex 0.0049991607666015625 4.008659362792969 64.80000305175781
    endloop
  endfacet
  facet normal -0.22556576629714867 0.8418227490983085 0.49036164631356194
    outer loop
      vertex 0 11 52.79999923706055
      vertex -3.5 10.062177658081055 52.79999923706055
      vertex 0 4.0099992752075195 64.80000305175781
    endloop
  endfacet
  facet normal -0.8418023137843813 0.22562614476670273 0.4903689501844269
    outer loop
      vertex -0.00865936279296875 4.004999160766602 64.80000305175781
      vertex -6.062177658081055 7.5 52.79999923706055
      vertex -0.009999275207519531 4 64.80000305175781
    endloop
  endfacet
  facet normal -0.8418023137843813 -0.22562614476670273 0.4903689501844269
    outer loop
      vertex -0.009999275207519531 4 64.80000305175781
      vertex -6.062177658081055 0.5 52.79999923706055
      vertex -0.00865936279296875 3.9950008392333984 64.80000305175781
    endloop
  endfacet
  facet normal -0.6162570200613705 -0.6162570200613705 0.49036167310482104
    outer loop
      vertex -6.062177658081055 0.5 52.79999923706055
      vertex -0.0049991607666015625 3.9913406372070312 64.80000305175781
      vertex -0.00865936279296875 3.9950008392333984 64.80000305175781
    endloop
  endfacet
  facet normal -0.6162570200613704 -0.6162570200613704 0.49036167310482104
    outer loop
      vertex -0.0049991607666015625 3.9913406372070312 64.80000305175781
      vertex -6.062177658081055 0.5 52.79999923706055
      vertex -3.5 -2.0621776580810547 52.79999923706055
    endloop
  endfacet
  facet normal 0.6162570200613704 0.6162570200613704 0.49036167310482104
    outer loop
      vertex 0.0049991607666015625 4.008659362792969 64.80000305175781
      vertex 6.062177658081055 7.5 52.79999923706055
      vertex 3.5 10.062177658081055 52.79999923706055
    endloop
  endfacet
  facet normal 0.6162570200613705 0.6162570200613705 0.49036167310482104
    outer loop
      vertex 6.062177658081055 7.5 52.79999923706055
      vertex 0.0049991607666015625 4.008659362792969 64.80000305175781
      vertex 0.00865936279296875 4.004999160766602 64.80000305175781
    endloop
  endfacet
  facet normal 0.8418023137843813 -0.22562614476670273 0.4903689501844269
    outer loop
      vertex 0.009999275207519531 4 64.80000305175781
      vertex 0.00865936279296875 3.9950008392333984 64.80000305175781
      vertex 6.062177658081055 0.5 52.79999923706055
    endloop
  endfacet
  facet normal -0.22562614476670273 0.8418023137843813 0.4903689501844269
    outer loop
      vertex 0 4.0099992752075195 64.80000305175781
      vertex -3.5 10.062177658081055 52.79999923706055
      vertex -0.0049991607666015625 4.008659362792969 64.80000305175781
    endloop
  endfacet
  facet normal 0 0 -1
    outer loop
      vertex 0.00865936279296875 3.9950008392333984 64.80000305175781
      vertex 0.39999961853027344 4 64.80000305175781
      vertex 0.28284263610839844 3.7171573638916016 64.80000305175781
    endloop
  endfacet
  facet normal 0 0 -1
    outer loop
      vertex 0.00865936279296875 4.004999160766602 64.80000305175781
      vertex 0.39999961853027344 4 64.80000305175781
      vertex 0.009999275207519531 4 64.80000305175781
    endloop
  endfacet
  facet normal 0 0 -1
    outer loop
      vertex 0.39999961853027344 4 64.80000305175781
      vertex 0.00865936279296875 3.9950008392333984 64.80000305175781
      vertex 0.009999275207519531 4 64.80000305175781
    endloop
  endfacet
  facet normal 0 0 -1
    outer loop
      vertex 0.28284263610839844 3.7171573638916016 64.80000305175781
      vertex 0.0049991607666015625 3.9913406372070312 64.80000305175781
      vertex 0.00865936279296875 3.9950008392333984 64.80000305175781
    endloop
  endfacet
  facet normal 0 0 -1
    outer loop
      vertex 0 3.6000003814697266 64.80000305175781
      vertex 0.0049991607666015625 3.9913406372070312 64.80000305175781
      vertex 0.28284263610839844 3.7171573638916016 64.80000305175781
    endloop
  endfacet
  facet normal 0 0 -1
    outer loop
      vertex 0 3.6000003814697266 64.80000305175781
      vertex 0 3.9900007247924805 64.80000305175781
      vertex 0.0049991607666015625 3.9913406372070312 64.80000305175781
    endloop
  endfacet
  facet normal 0 0 -1
    outer loop
      vertex 0 3.6000003814697266 64.80000305175781
      vertex -0.0049991607666015625 3.9913406372070312 64.80000305175781
      vertex 0 3.9900007247924805 64.80000305175781
    endloop
  endfacet
  facet normal 0 0 -1
    outer loop
      vertex -0.28284263610839844 3.7171573638916016 64.80000305175781
      vertex -0.0049991607666015625 3.9913406372070312 64.80000305175781
      vertex 0 3.6000003814697266 64.80000305175781
    endloop
  endfacet
  facet normal 0 0 -1
    outer loop
      vertex -0.0049991607666015625 3.9913406372070312 64.80000305175781
      vertex -0.28284263610839844 3.7171573638916016 64.80000305175781
      vertex -0.00865936279296875 3.9950008392333984 64.80000305175781
    endloop
  endfacet
  facet normal 0 0 -1
    outer loop
      vertex -0.39999961853027344 4 64.80000305175781
      vertex -0.00865936279296875 3.9950008392333984 64.80000305175781
      vertex -0.28284263610839844 3.7171573638916016 64.80000305175781
    endloop
  endfacet
  facet normal 0 0 -1
    outer loop
      vertex 0.39999961853027344 4 64.80000305175781
      vertex 0.00865936279296875 4.004999160766602 64.80000305175781
      vertex 0.28284263610839844 4.282842636108398 64.80000305175781
    endloop
  endfacet
  facet normal 0 0 -1
    outer loop
      vertex 0.0049991607666015625 4.008659362792969 64.80000305175781
      vertex 0.28284263610839844 4.282842636108398 64.80000305175781
      vertex 0.00865936279296875 4.004999160766602 64.80000305175781
    endloop
  endfacet
  facet normal 0 0 -1
    outer loop
      vertex 0 4.399999618530273 64.80000305175781
      vertex 0.0049991607666015625 4.008659362792969 64.80000305175781
      vertex 0 4.0099992752075195 64.80000305175781
    endloop
  endfacet
  facet normal 0 0 -1
    outer loop
      vertex 0.0049991607666015625 4.008659362792969 64.80000305175781
      vertex 0 4.399999618530273 64.80000305175781
      vertex 0.28284263610839844 4.282842636108398 64.80000305175781
    endloop
  endfacet
  facet normal 0 0 -1
    outer loop
      vertex -0.0049991607666015625 4.008659362792969 64.80000305175781
      vertex 0 4.399999618530273 64.80000305175781
      vertex 0 4.0099992752075195 64.80000305175781
    endloop
  endfacet
  facet normal 0 0 -1
    outer loop
      vertex -0.28284263610839844 4.282842636108398 64.80000305175781
      vertex -0.0049991607666015625 4.008659362792969 64.80000305175781
      vertex -0.00865936279296875 4.004999160766602 64.80000305175781
    endloop
  endfacet
  facet normal 0 0 -1
    outer loop
      vertex -0.39999961853027344 4 64.80000305175781
      vertex -0.00865936279296875 4.004999160766602 64.80000305175781
      vertex -0.009999275207519531 4 64.80000305175781
    endloop
  endfacet
  facet normal 0 0 -1
    outer loop
      vertex -0.00865936279296875 3.9950008392333984 64.80000305175781
      vertex -0.39999961853027344 4 64.80000305175781
      vertex -0.009999275207519531 4 64.80000305175781
    endloop
  endfacet
  facet normal 0 0 -1
    outer loop
      vertex -0.0049991607666015625 4.008659362792969 64.80000305175781
      vertex -0.28284263610839844 4.282842636108398 64.80000305175781
      vertex 0 4.399999618530273 64.80000305175781
    endloop
  endfacet
  facet normal 0 0 -1
    outer loop
      vertex -0.00865936279296875 4.004999160766602 64.80000305175781
      vertex -0.39999961853027344 4 64.80000305175781
      vertex -0.28284263610839844 4.282842636108398 64.80000305175781
    endloop
  endfacet
  facet normal -0.6162570200613704 0.6162570200613704 0.49036167310482104
    outer loop
      vertex -6.062177658081055 7.5 52.79999923706055
      vertex -0.0049991607666015625 4.008659362792969 64.80000305175781
      vertex -3.5 10.062177658081055 52.79999923706055
    endloop
  endfacet
  facet normal -0.6162570200613705 0.6162570200613705 0.49036167310482104
    outer loop
      vertex -0.0049991607666015625 4.008659362792969 64.80000305175781
      vertex -6.062177658081055 7.5 52.79999923706055
      vertex -0.00865936279296875 4.004999160766602 64.80000305175781
    endloop
  endfacet
  facet normal 0.38268266991119587 0.9238798483296619 0
    outer loop
      vertex 0.28284263610839844 4.282842636108398 64.80000305175781
      vertex 0 4.399999618530273 73
      vertex 0.28284263610839844 4.282842636108398 73
    endloop
  endfacet
  facet normal 0.38268266991119587 0.9238798483296619 0
    outer loop
      vertex 0 4.399999618530273 73
      vertex 0.28284263610839844 4.282842636108398 64.80000305175781
      vertex 0 4.399999618530273 64.80000305175781
    endloop
  endfacet
  facet normal -0.9238798483296619 0.38268266991119587 0
    outer loop
      vertex -0.39999961853027344 4 64.80000305175781
      vertex -0.28284263610839844 4.282842636108398 73
      vertex -0.28284263610839844 4.282842636108398 64.80000305175781
    endloop
  endfacet
  facet normal -0.9238798483296619 0.38268266991119587 0
    outer loop
      vertex -0.28284263610839844 4.282842636108398 73
      vertex -0.39999961853027344 4 64.80000305175781
      vertex -0.39999961853027344 4 73
    endloop
  endfacet
  facet normal 0.9238798483296619 0.38268266991119587 0
    outer loop
      vertex 0.39999961853027344 4 73
      vertex 0.28284263610839844 4.282842636108398 64.80000305175781
      vertex 0.28284263610839844 4.282842636108398 73
    endloop
  endfacet
  facet normal 0.9238798483296619 0.38268266991119587 0
    outer loop
      vertex 0.28284263610839844 4.282842636108398 64.80000305175781
      vertex 0.39999961853027344 4 73
      vertex 0.39999961853027344 4 64.80000305175781
    endloop
  endfacet
  facet normal -0.9238798483296619 -0.38268266991119587 0
    outer loop
      vertex -0.28284263610839844 3.7171573638916016 64.80000305175781
      vertex -0.39999961853027344 4 73
      vertex -0.39999961853027344 4 64.80000305175781
    endloop
  endfacet
  facet normal -0.9238798483296619 -0.38268266991119587 0
    outer loop
      vertex -0.39999961853027344 4 73
      vertex -0.28284263610839844 3.7171573638916016 64.80000305175781
      vertex -0.28284263610839844 3.7171573638916016 73
    endloop
  endfacet
  facet normal -0.38268266991119587 0.9238798483296619 0
    outer loop
      vertex 0 4.399999618530273 64.80000305175781
      vertex -0.28284263610839844 4.282842636108398 73
      vertex 0 4.399999618530273 73
    endloop
  endfacet
  facet normal -0.38268266991119587 0.9238798483296619 0
    outer loop
      vertex -0.28284263610839844 4.282842636108398 73
      vertex 0 4.399999618530273 64.80000305175781
      vertex -0.28284263610839844 4.282842636108398 64.80000305175781
    endloop
  endfacet
  facet normal 0 0 1
    outer loop
      vertex 0.28284263610839844 4.282842636108398 73
      vertex 0.28284263610839844 3.7171573638916016 73
      vertex 0.39999961853027344 4 73
    endloop
  endfacet
  facet normal 0 0 1
    outer loop
      vertex 0 4.399999618530273 73
      vertex 0.28284263610839844 3.7171573638916016 73
      vertex 0.28284263610839844 4.282842636108398 73
    endloop
  endfacet
  facet normal 0 0 1
    outer loop
      vertex 0 4.399999618530273 73
      vertex 0 3.6000003814697266 73
      vertex 0.28284263610839844 3.7171573638916016 73
    endloop
  endfacet
  facet normal 0 0 1
    outer loop
      vertex -0.28284263610839844 4.282842636108398 73
      vertex 0 3.6000003814697266 73
      vertex 0 4.399999618530273 73
    endloop
  endfacet
  facet normal 0 0 1
    outer loop
      vertex -0.28284263610839844 4.282842636108398 73
      vertex -0.28284263610839844 3.7171573638916016 73
      vertex 0 3.6000003814697266 73
    endloop
  endfacet
  facet normal 0 0 1
    outer loop
      vertex -0.28284263610839844 3.7171573638916016 73
      vertex -0.28284263610839844 4.282842636108398 73
      vertex -0.39999961853027344 4 73
    endloop
  endfacet
  facet normal 0.9238798483296619 -0.38268266991119587 0
    outer loop
      vertex 0.28284263610839844 3.7171573638916016 73
      vertex 0.39999961853027344 4 64.80000305175781
      vertex 0.39999961853027344 4 73
    endloop
  endfacet
  facet normal 0.9238798483296619 -0.38268266991119587 0
    outer loop
      vertex 0.39999961853027344 4 64.80000305175781
      vertex 0.28284263610839844 3.7171573638916016 73
      vertex 0.28284263610839844 3.7171573638916016 64.80000305175781
    endloop
  endfacet
  facet normal -0.38268266991119587 -0.9238798483296619 0
    outer loop
      vertex -0.28284263610839844 3.7171573638916016 64.80000305175781
      vertex 0 3.6000003814697266 73
      vertex -0.28284263610839844 3.7171573638916016 73
    endloop
  endfacet
  facet normal -0.38268266991119587 -0.9238798483296619 0
    outer loop
      vertex 0 3.6000003814697266 73
      vertex -0.28284263610839844 3.7171573638916016 64.80000305175781
      vertex 0 3.6000003814697266 64.80000305175781
    endloop
  endfacet
  facet normal 0.38268266991119587 -0.9238798483296619 0
    outer loop
      vertex 0 3.6000003814697266 64.80000305175781
      vertex 0.28284263610839844 3.7171573638916016 73
      vertex 0 3.6000003814697266 73
    endloop
  endfacet
  facet normal 0.38268266991119587 -0.9238798483296619 0
    outer loop
      vertex 0.28284263610839844 3.7171573638916016 73
      vertex 0 3.6000003814697266 64.80000305175781
      vertex 0.28284263610839844 3.7171573638916016 64.80000305175781
    endloop
  endfacet
  facet normal -1 0 0
    outer loop
      vertex 2 3.700000762939453 67.9000015258789
      vertex 2 4 70.9000015258789
      vertex 2 4 67.9000015258789
    endloop
  endfacet
  facet normal -1 0 0
    outer loop
      vertex 2 4 70.9000015258789
      vertex 2 3.700000762939453 67.9000015258789
      vertex 2 3.700000762939453 70.9000015258789
    endloop
  endfacet
  facet normal 0.3511234415883917 0 -0.9363291775690445
    outer loop
      vertex 2 3.700000762939453 67.9000015258789
      vertex 6 4 69.4000015258789
      vertex 6 3.700000762939453 69.4000015258789
    endloop
  endfacet
  facet normal 0.3511234415883917 0 -0.9363291775690445
    outer loop
      vertex 6 4 69.4000015258789
      vertex 2 3.700000762939453 67.9000015258789
      vertex 2 4 67.9000015258789
    endloop
  endfacet
  facet normal 0 1 0
    outer loop
      vertex 6 4 69.4000015258789
      vertex 2 4 67.9000015258789
      vertex 2 4 70.9000015258789
    endloop
  endfacet
  facet normal 0.3511234415883917 0 0.9363291775690445
    outer loop
      vertex 2 4 70.9000015258789
      vertex 6 3.700000762939453 69.4000015258789
      vertex 6 4 69.4000015258789
    endloop
  endfacet
  facet normal 0.3511234415883917 0 0.9363291775690445
    outer loop
      vertex 6 3.700000762939453 69.4000015258789
      vertex 2 4 70.9000015258789
      vertex 2 3.700000762939453 70.9000015258789
    endloop
  endfacet
  facet normal 0 -1 0
    outer loop
      vertex 2 3.700000762939453 70.9000015258789
      vertex 2 3.700000762939453 67.9000015258789
      vertex 6 3.700000762939453 69.4000015258789
    endloop
  endfacet
  facet normal -0.3826834326500641 -0.9238795323932465 0
    outer loop
      vertex -12.767766952514648 -8.767766952514648 35
      vertex -11 -9.5 42.900001525878906
      vertex -12.767766952514648 -8.767766952514648 42.900001525878906
    endloop
  endfacet
  facet normal -0.3826834326500641 -0.9238795323932465 0
    outer loop
      vertex -11 -9.5 42.900001525878906
      vertex -12.767766952514648 -8.767766952514648 35
      vertex -11 -9.5 35
    endloop
  endfacet
  facet normal 0.3826834326500641 0.9238795323932466 0
    outer loop
      vertex -9.232233047485352 -5.232233047485352 37
      vertex -11 -4.5 42.900001525878906
      vertex -9.232233047485352 -5.232233047485352 42.900001525878906
    endloop
  endfacet
  facet normal 0.3826834326500641 0.9238795323932466 0
    outer loop
      vertex -11 -4.5 42.900001525878906
      vertex -9.232233047485352 -5.232233047485352 37
      vertex -11 -4.5 37
    endloop
  endfacet
  facet normal -0.9238795323932465 0.3826834326500641 0
    outer loop
      vertex -13.5 -7 35
      vertex -12.767766952514648 -5.232233047485352 42.900001525878906
      vertex -12.767766952514648 -5.232233047485352 35
    endloop
  endfacet
  facet normal -0.9238795323932465 0.3826834326500641 0
    outer loop
      vertex -12.767766952514648 -5.232233047485352 42.900001525878906
      vertex -13.5 -7 35
      vertex -13.5 -7 42.900001525878906
    endloop
  endfacet
  facet normal 0.9238795323932466 0.3826834326500641 0
    outer loop
      vertex -8.5 -7 42.900001525878906
      vertex -9.232233047485352 -5.232233047485352 37
      vertex -9.232233047485352 -5.232233047485352 42.900001525878906
    endloop
  endfacet
  facet normal 0.9238795323932466 0.3826834326500641 0
    outer loop
      vertex -9.232233047485352 -5.232233047485352 37
      vertex -8.5 -7 42.900001525878906
      vertex -8.5 -7 37
    endloop
  endfacet
  facet normal -0.38268350728500933 0.9238795014784363 0
    outer loop
      vertex -12 -4.91421365737915 37
      vertex -11 -4.5 42.900001525878906
      vertex -11 -4.5 37
    endloop
  endfacet
  facet normal -0.38268343265006405 0.9238795323932464 -1.4820382915861138e-8
    outer loop
      vertex -11 -4.5 42.900001525878906
      vertex -12 -4.91421365737915 37
      vertex -12.767766952514648 -5.232233047485352 42.900001525878906
    endloop
  endfacet
  facet normal -0.3826833354396363 0.9238795726591181 0
    outer loop
      vertex -12.767766952514648 -5.232233047485352 35
      vertex -12 -4.91421365737915 37
      vertex -12 -4.91421365737915 35
    endloop
  endfacet
  facet normal -0.38268333543963634 0.9238795726591182 0
    outer loop
      vertex -12 -4.91421365737915 37
      vertex -12.767766952514648 -5.232233047485352 35
      vertex -12.767766952514648 -5.232233047485352 42.900001525878906
    endloop
  endfacet
  facet normal -0.9238795323932465 -0.3826834326500641 0
    outer loop
      vertex -12.767766952514648 -8.767766952514648 35
      vertex -13.5 -7 42.900001525878906
      vertex -13.5 -7 35
    endloop
  endfacet
  facet normal -0.9238795323932465 -0.3826834326500641 0
    outer loop
      vertex -13.5 -7 42.900001525878906
      vertex -12.767766952514648 -8.767766952514648 35
      vertex -12.767766952514648 -8.767766952514648 42.900001525878906
    endloop
  endfacet
  facet normal 0 0 -1
    outer loop
      vertex 11 -7 35
      vertex 13.5 -7 35
      vertex 12.767766952514648 -8.767766952514648 35
    endloop
  endfacet
  facet normal 0 0 -1
    outer loop
      vertex 13.5 -7 35
      vertex 11 -7 35
      vertex 12.767766952514648 -5.232233047485352 35
    endloop
  endfacet
  facet normal 0 0 -1
    outer loop
      vertex 12.767766952514648 -5.232233047485352 35
      vertex 11 -7 35
      vertex 12 -4.91421365737915 35
    endloop
  endfacet
  facet normal 0 0 -1
    outer loop
      vertex 11 -7 35
      vertex 12.767766952514648 -8.767766952514648 35
      vertex 11 -9.5 35
    endloop
  endfacet
  facet normal 0 0 -1
    outer loop
      vertex 11 15 35
      vertex 13.5 15 35
      vertex 12.767766952514648 13.232233047485352 35
    endloop
  endfacet
  facet normal 0 0 -1
    outer loop
      vertex 11 15 35
      vertex 12.767766952514648 13.232233047485352 35
      vertex 12 12.914213180541992 35
    endloop
  endfacet
  facet normal 0 0 -1
    outer loop
      vertex 12 -4.91421365737915 35
      vertex 11 -7 35
      vertex 12 12.914213180541992 35
    endloop
  endfacet
  facet normal 0 0 -1
    outer loop
      vertex 11 15 35
      vertex 12 12.914213180541992 35
      vertex 11 -7 35
    endloop
  endfacet
  facet normal 0 0 -1
    outer loop
      vertex 13.5 15 35
      vertex 11 15 35
      vertex 12.767766952514648 16.76776695251465 35
    endloop
  endfacet
  facet normal 0 0 -1
    outer loop
      vertex 11 15 35
      vertex 11 17.5 35
      vertex 12.767766952514648 16.76776695251465 35
    endloop
  endfacet
  facet normal 0 0 -1
    outer loop
      vertex 11 15 35
      vertex 9.232233047485352 16.76776695251465 35
      vertex 11 17.5 35
    endloop
  endfacet
  facet normal 0 0 -1
    outer loop
      vertex 11 15 35
      vertex 8.914213180541992 16 35
      vertex 9.232233047485352 16.76776695251465 35
    endloop
  endfacet
  facet normal 0 0 -1
    outer loop
      vertex 11 15 35
      vertex -8.914213180541992 16 35
      vertex 8.914213180541992 16 35
    endloop
  endfacet
  facet normal 0 0 -1
    outer loop
      vertex -11 15 35
      vertex -8.914213180541992 16 35
      vertex 11 15 35
    endloop
  endfacet
  facet normal 0 0 -1
    outer loop
      vertex -11 15 35
      vertex -9.232233047485352 16.76776695251465 35
      vertex -8.914213180541992 16 35
    endloop
  endfacet
  facet normal 0 0 -1
    outer loop
      vertex -9.232233047485352 16.76776695251465 35
      vertex -11 15 35
      vertex -11 17.5 35
    endloop
  endfacet
  facet normal 0 0 -1
    outer loop
      vertex 9.232233047485352 -8.767766952514648 35
      vertex 11 -7 35
      vertex 11 -9.5 35
    endloop
  endfacet
  facet normal 0 0 -1
    outer loop
      vertex 8.914213180541992 -8 35
      vertex 11 -7 35
      vertex 9.232233047485352 -8.767766952514648 35
    endloop
  endfacet
  facet normal 0 0 -1
    outer loop
      vertex -8.914213180541992 -8 35
      vertex 11 -7 35
      vertex 8.914213180541992 -8 35
    endloop
  endfacet
  facet normal 0 0 -1
    outer loop
      vertex -11 -7 35
      vertex -9.232233047485352 -8.767766952514648 35
      vertex -11 -9.5 35
    endloop
  endfacet
  facet normal 0 0 -1
    outer loop
      vertex -8.914213180541992 -8 35
      vertex -11 -7 35
      vertex 11 -7 35
    endloop
  endfacet
  facet normal 0 0 -1
    outer loop
      vertex -9.232233047485352 -8.767766952514648 35
      vertex -11 -7 35
      vertex -8.914213180541992 -8 35
    endloop
  endfacet
  facet normal 0 0 -1
    outer loop
      vertex -12.767766952514648 -8.767766952514648 35
      vertex -11 -7 35
      vertex -11 -9.5 35
    endloop
  endfacet
  facet normal 0 0 -1
    outer loop
      vertex -11 -7 35
      vertex -12 -4.91421365737915 35
      vertex -11 15 35
    endloop
  endfacet
  facet normal 0 0 -1
    outer loop
      vertex -12 12.914213180541992 35
      vertex -11 15 35
      vertex -12 -4.91421365737915 35
    endloop
  endfacet
  facet normal 0 0 -1
    outer loop
      vertex -13.5 -7 35
      vertex -11 -7 35
      vertex -12.767766952514648 -8.767766952514648 35
    endloop
  endfacet
  facet normal 0 0 -1
    outer loop
      vertex -12.767766952514648 -5.232233047485352 35
      vertex -11 -7 35
      vertex -13.5 -7 35
    endloop
  endfacet
  facet normal 0 0 -1
    outer loop
      vertex -11 -7 35
      vertex -12.767766952514648 -5.232233047485352 35
      vertex -12 -4.91421365737915 35
    endloop
  endfacet
  facet normal 0 0 -1
    outer loop
      vertex -12.767766952514648 13.232233047485352 35
      vertex -11 15 35
      vertex -12 12.914213180541992 35
    endloop
  endfacet
  facet normal 0 0 -1
    outer loop
      vertex -11 15 35
      vertex -12.767766952514648 13.232233047485352 35
      vertex -13.5 15 35
    endloop
  endfacet
  facet normal 0 0 -1
    outer loop
      vertex -11 15 35
      vertex -12.767766952514648 16.76776695251465 35
      vertex -11 17.5 35
    endloop
  endfacet
  facet normal 0 0 -1
    outer loop
      vertex -11 15 35
      vertex -13.5 15 35
      vertex -12.767766952514648 16.76776695251465 35
    endloop
  endfacet
  facet normal 0.3826834326500641 -0.9238795323932465 0
    outer loop
      vertex -11 -9.5 35
      vertex -9.232233047485352 -8.767766952514648 42.900001525878906
      vertex -11 -9.5 42.900001525878906
    endloop
  endfacet
  facet normal 0.3826834326500641 -0.9238795323932465 0
    outer loop
      vertex -9.232233047485352 -8.767766952514648 42.900001525878906
      vertex -11 -9.5 35
      vertex -9.232233047485352 -8.767766952514648 35
    endloop
  endfacet
  facet normal 0.9238796572328489 -0.38268313126046394 0
    outer loop
      vertex -8.5 -7 42.900001525878906
      vertex -8.914213180541992 -8 37
      vertex -8.5 -7 37
    endloop
  endfacet
  facet normal 0.9238795323932448 -0.3826834326500634 5.984740976454854e-8
    outer loop
      vertex -9.232233047485352 -8.767766952514648 42.900001525878906
      vertex -8.914213180541992 -8 37
      vertex -8.5 -7 42.900001525878906
    endloop
  endfacet
  facet normal 0.9238793697922432 -0.38268382520337535 0
    outer loop
      vertex -9.232233047485352 -8.767766952514648 35
      vertex -8.914213180541992 -8 37
      vertex -9.232233047485352 -8.767766952514648 42.900001525878906
    endloop
  endfacet
  facet normal 0.9238793697922432 -0.38268382520337535 0
    outer loop
      vertex -8.914213180541992 -8 37
      vertex -9.232233047485352 -8.767766952514648 35
      vertex -8.914213180541992 -8 35
    endloop
  endfacet
  facet normal 0.815898816797925 0.3379566669774909 0.46914220870990836
    outer loop
      vertex -8.878680229187012 -4.878680229187012 42.900001525878906
      vertex -10.99000072479248 -7 48.099998474121094
      vertex -8 -7 42.900001525878906
    endloop
  endfacet
  facet normal -0.33795666697749094 -0.8158988167979251 0.4691422087099084
    outer loop
      vertex -11 -7.0099992752075195 48.099998474121094
      vertex -13.121319770812988 -9.121319770812988 42.900001525878906
      vertex -11 -10 42.900001525878906
    endloop
  endfacet
  facet normal 0.8158979699466611 0.3379582770038031 0.4691425216728261
    outer loop
      vertex -8.878680229187012 -4.878680229187012 42.900001525878906
      vertex -10.992929458618164 -6.992929458618164 48.099998474121094
      vertex -10.99000072479248 -7 48.099998474121094
    endloop
  endfacet
  facet normal 0.815898816797925 -0.3379566669774909 0.46914220870990836
    outer loop
      vertex -8 -7 42.900001525878906
      vertex -10.99000072479248 -7 48.099998474121094
      vertex -8.878680229187012 -9.121319770812988 42.900001525878906
    endloop
  endfacet
  facet normal 0.33795666697749094 -0.8158988167979251 0.4691422087099084
    outer loop
      vertex -11 -7.0099992752075195 48.099998474121094
      vertex -11 -10 42.900001525878906
      vertex -8.878680229187012 -9.121319770812988 42.900001525878906
    endloop
  endfacet
  facet normal -0.8158979699466611 0.3379582770038031 0.4691425216728261
    outer loop
      vertex -11.007070541381836 -6.992929458618164 48.099998474121094
      vertex -13.121319770812988 -4.878680229187012 42.900001525878906
      vertex -11.00999927520752 -7 48.099998474121094
    endloop
  endfacet
  facet normal 0.33795666697749094 0.8158988167979251 0.4691422087099084
    outer loop
      vertex -11 -4 42.900001525878906
      vertex -11 -6.9900007247924805 48.099998474121094
      vertex -8.878680229187012 -4.878680229187012 42.900001525878906
    endloop
  endfacet
  facet normal -0.8158979699466611 -0.3379582770038031 0.4691425216728261
    outer loop
      vertex -11.00999927520752 -7 48.099998474121094
      vertex -13.121319770812988 -9.121319770812988 42.900001525878906
      vertex -11.007070541381836 -7.007070541381836 48.099998474121094
    endloop
  endfacet
  facet normal -0.33795666697749094 0.8158988167979251 0.4691422087099084
    outer loop
      vertex -11 -4 42.900001525878906
      vertex -13.121319770812988 -4.878680229187012 42.900001525878906
      vertex -11 -6.9900007247924805 48.099998474121094
    endloop
  endfacet
  facet normal -0.815898816797925 -0.3379566669774909 0.46914220870990836
    outer loop
      vertex -11.00999927520752 -7 48.099998474121094
      vertex -14 -7 42.900001525878906
      vertex -13.121319770812988 -9.121319770812988 42.900001525878906
    endloop
  endfacet
  facet normal -0.815898816797925 0.3379566669774909 0.46914220870990836
    outer loop
      vertex -13.121319770812988 -4.878680229187012 42.900001525878906
      vertex -14 -7 42.900001525878906
      vertex -11.00999927520752 -7 48.099998474121094
    endloop
  endfacet
  facet normal -0.3379582770038031 -0.8158979699466611 0.4691425216728261
    outer loop
      vertex -11.007070541381836 -7.007070541381836 48.099998474121094
      vertex -13.121319770812988 -9.121319770812988 42.900001525878906
      vertex -11 -7.0099992752075195 48.099998474121094
    endloop
  endfacet
  facet normal 0 0 -1
    outer loop
      vertex -8.878680229187012 -9.121319770812988 42.900001525878906
      vertex -8.5 -7 42.900001525878906
      vertex -8 -7 42.900001525878906
    endloop
  endfacet
  facet normal 0 0 -1
    outer loop
      vertex -8.878680229187012 -9.121319770812988 42.900001525878906
      vertex -9.232233047485352 -8.767766952514648 42.900001525878906
      vertex -8.5 -7 42.900001525878906
    endloop
  endfacet
  facet normal 0 0 -1
    outer loop
      vertex -11 -10 42.900001525878906
      vertex -9.232233047485352 -8.767766952514648 42.900001525878906
      vertex -8.878680229187012 -9.121319770812988 42.900001525878906
    endloop
  endfacet
  facet normal 0 0 -1
    outer loop
      vertex -11 -10 42.900001525878906
      vertex -11 -9.5 42.900001525878906
      vertex -9.232233047485352 -8.767766952514648 42.900001525878906
    endloop
  endfacet
  facet normal 0 0 -1
    outer loop
      vertex -11 -10 42.900001525878906
      vertex -12.767766952514648 -8.767766952514648 42.900001525878906
      vertex -11 -9.5 42.900001525878906
    endloop
  endfacet
  facet normal 0 0 -1
    outer loop
      vertex -13.121319770812988 -9.121319770812988 42.900001525878906
      vertex -12.767766952514648 -8.767766952514648 42.900001525878906
      vertex -11 -10 42.900001525878906
    endloop
  endfacet
  facet normal 0 0 -1
    outer loop
      vertex -13.121319770812988 -9.121319770812988 42.900001525878906
      vertex -13.5 -7 42.900001525878906
      vertex -12.767766952514648 -8.767766952514648 42.900001525878906
    endloop
  endfacet
  facet normal 0 0 -1
    outer loop
      vertex -13.5 -7 42.900001525878906
      vertex -13.121319770812988 -9.121319770812988 42.900001525878906
      vertex -14 -7 42.900001525878906
    endloop
  endfacet
  facet normal 0 0 -1
    outer loop
      vertex -8.5 -7 42.900001525878906
      vertex -8.878680229187012 -4.878680229187012 42.900001525878906
      vertex -8 -7 42.900001525878906
    endloop
  endfacet
  facet normal 0 0 -1
    outer loop
      vertex -9.232233047485352 -5.232233047485352 42.900001525878906
      vertex -8.878680229187012 -4.878680229187012 42.900001525878906
      vertex -8.5 -7 42.900001525878906
    endloop
  endfacet
  facet normal 0 0 -1
    outer loop
      vertex -11 -4.5 42.900001525878906
      vertex -8.878680229187012 -4.878680229187012 42.900001525878906
      vertex -9.232233047485352 -5.232233047485352 42.900001525878906
    endloop
  endfacet
  facet normal 0 0 -1
    outer loop
      vertex -11 -4.5 42.900001525878906
      vertex -11 -4 42.900001525878906
      vertex -8.878680229187012 -4.878680229187012 42.900001525878906
    endloop
  endfacet
  facet normal 0 0 -1
    outer loop
      vertex -12.767766952514648 -5.232233047485352 42.900001525878906
      vertex -11 -4 42.900001525878906
      vertex -11 -4.5 42.900001525878906
    endloop
  endfacet
  facet normal 0 0 -1
    outer loop
      vertex -12.767766952514648 -5.232233047485352 42.900001525878906
      vertex -13.121319770812988 -4.878680229187012 42.900001525878906
      vertex -11 -4 42.900001525878906
    endloop
  endfacet
  facet normal 0 0 -1
    outer loop
      vertex -13.5 -7 42.900001525878906
      vertex -13.121319770812988 -4.878680229187012 42.900001525878906
      vertex -12.767766952514648 -5.232233047485352 42.900001525878906
    endloop
  endfacet
  facet normal 0 0 -1
    outer loop
      vertex -13.121319770812988 -4.878680229187012 42.900001525878906
      vertex -13.5 -7 42.900001525878906
      vertex -14 -7 42.900001525878906
    endloop
  endfacet
  facet normal -0.3379582770038031 0.8158979699466611 0.4691425216728261
    outer loop
      vertex -11 -6.9900007247924805 48.099998474121094
      vertex -13.121319770812988 -4.878680229187012 42.900001525878906
      vertex -11.007070541381836 -6.992929458618164 48.099998474121094
    endloop
  endfacet
  facet normal 0.3379582770038031 -0.8158979699466611 0.4691425216728261
    outer loop
      vertex -10.992929458618164 -7.007070541381836 48.099998474121094
      vertex -11 -7.0099992752075195 48.099998474121094
      vertex -8.878680229187012 -9.121319770812988 42.900001525878906
    endloop
  endfacet
  facet normal 0 0 1
    outer loop
      vertex -10.992929458618164 -6.992929458618164 48.099998474121094
      vertex -10.992929458618164 -7.007070541381836 48.099998474121094
      vertex -10.99000072479248 -7 48.099998474121094
    endloop
  endfacet
  facet normal 0 0 1
    outer loop
      vertex -11 -6.9900007247924805 48.099998474121094
      vertex -10.992929458618164 -7.007070541381836 48.099998474121094
      vertex -10.992929458618164 -6.992929458618164 48.099998474121094
    endloop
  endfacet
  facet normal 0 0 1
    outer loop
      vertex -11 -6.9900007247924805 48.099998474121094
      vertex -11 -7.0099992752075195 48.099998474121094
      vertex -10.992929458618164 -7.007070541381836 48.099998474121094
    endloop
  endfacet
  facet normal 0 0 1
    outer loop
      vertex -11.007070541381836 -6.992929458618164 48.099998474121094
      vertex -11 -7.0099992752075195 48.099998474121094
      vertex -11 -6.9900007247924805 48.099998474121094
    endloop
  endfacet
  facet normal 0 0 1
    outer loop
      vertex -11.007070541381836 -6.992929458618164 48.099998474121094
      vertex -11.007070541381836 -7.007070541381836 48.099998474121094
      vertex -11 -7.0099992752075195 48.099998474121094
    endloop
  endfacet
  facet normal 0 0 1
    outer loop
      vertex -11.007070541381836 -7.007070541381836 48.099998474121094
      vertex -11.007070541381836 -6.992929458618164 48.099998474121094
      vertex -11.00999927520752 -7 48.099998474121094
    endloop
  endfacet
  facet normal 0.8158979699466611 -0.3379582770038031 0.4691425216728261
    outer loop
      vertex -10.99000072479248 -7 48.099998474121094
      vertex -10.992929458618164 -7.007070541381836 48.099998474121094
      vertex -8.878680229187012 -9.121319770812988 42.900001525878906
    endloop
  endfacet
  facet normal 0.3379582770038031 0.8158979699466611 0.4691425216728261
    outer loop
      vertex -8.878680229187012 -4.878680229187012 42.900001525878906
      vertex -11 -6.9900007247924805 48.099998474121094
      vertex -10.992929458618164 -6.992929458618164 48.099998474121094
    endloop
  endfacet
  facet normal -0.3826834326500634 -0.9238795323932448 5.984740976454854e-8
    outer loop
      vertex -12.767766952514648 13.232233047485352 42.900001525878906
      vertex -12 12.914213180541992 37
      vertex -11 12.5 42.900001525878906
    endloop
  endfacet
  facet normal -0.38268382520337535 -0.9238793697922432 0
    outer loop
      vertex -12.767766952514648 13.232233047485352 35
      vertex -12 12.914213180541992 37
      vertex -12.767766952514648 13.232233047485352 42.900001525878906
    endloop
  endfacet
  facet normal -0.38268382520337535 -0.9238793697922432 0
    outer loop
      vertex -12 12.914213180541992 37
      vertex -12.767766952514648 13.232233047485352 35
      vertex -12 12.914213180541992 35
    endloop
  endfacet
  facet normal -0.38268313126046394 -0.9238796572328489 0
    outer loop
      vertex -11 12.5 42.900001525878906
      vertex -12 12.914213180541992 37
      vertex -11 12.5 37
    endloop
  endfacet
  facet normal 0.3826834326500641 0.9238795323932465 0
    outer loop
      vertex -9.232233047485352 16.76776695251465 35
      vertex -11 17.5 42.900001525878906
      vertex -9.232233047485352 16.76776695251465 42.900001525878906
    endloop
  endfacet
  facet normal 0.3826834326500641 0.9238795323932465 0
    outer loop
      vertex -11 17.5 42.900001525878906
      vertex -9.232233047485352 16.76776695251465 35
      vertex -11 17.5 35
    endloop
  endfacet
  facet normal -0.9238795323932465 0.3826834326500641 0
    outer loop
      vertex -13.5 15 35
      vertex -12.767766952514648 16.76776695251465 42.900001525878906
      vertex -12.767766952514648 16.76776695251465 35
    endloop
  endfacet
  facet normal -0.9238795323932465 0.3826834326500641 0
    outer loop
      vertex -12.767766952514648 16.76776695251465 42.900001525878906
      vertex -13.5 15 35
      vertex -13.5 15 42.900001525878906
    endloop
  endfacet
  facet normal 0.9238793697922432 0.38268382520337535 0
    outer loop
      vertex -9.232233047485352 16.76776695251465 42.900001525878906
      vertex -8.914213180541992 16 37
      vertex -9.232233047485352 16.76776695251465 35
    endloop
  endfacet
  facet normal 0.9238795323932448 0.3826834326500634 5.984740976454854e-8
    outer loop
      vertex -8.5 15 42.900001525878906
      vertex -8.914213180541992 16 37
      vertex -9.232233047485352 16.76776695251465 42.900001525878906
    endloop
  endfacet
  facet normal 0.9238796572328489 0.38268313126046394 0
    outer loop
      vertex -8.914213180541992 16 37
      vertex -8.5 15 42.900001525878906
      vertex -8.5 15 37
    endloop
  endfacet
  facet normal 0.9238793697922432 0.38268382520337535 0
    outer loop
      vertex -9.232233047485352 16.76776695251465 35
      vertex -8.914213180541992 16 37
      vertex -8.914213180541992 16 35
    endloop
  endfacet
  facet normal -0.3826834326500641 0.9238795323932465 0
    outer loop
      vertex -11 17.5 35
      vertex -12.767766952514648 16.76776695251465 42.900001525878906
      vertex -11 17.5 42.900001525878906
    endloop
  endfacet
  facet normal -0.3826834326500641 0.9238795323932465 0
    outer loop
      vertex -12.767766952514648 16.76776695251465 42.900001525878906
      vertex -11 17.5 35
      vertex -12.767766952514648 16.76776695251465 35
    endloop
  endfacet
  facet normal -0.9238795323932465 -0.3826834326500641 0
    outer loop
      vertex -12.767766952514648 13.232233047485352 35
      vertex -13.5 15 42.900001525878906
      vertex -13.5 15 35
    endloop
  endfacet
  facet normal -0.9238795323932465 -0.3826834326500641 0
    outer loop
      vertex -13.5 15 42.900001525878906
      vertex -12.767766952514648 13.232233047485352 35
      vertex -12.767766952514648 13.232233047485352 42.900001525878906
    endloop
  endfacet
  facet normal 0.3826834326500641 -0.9238795323932466 0
    outer loop
      vertex -11 12.5 37
      vertex -9.232233047485352 13.232233047485352 42.900001525878906
      vertex -11 12.5 42.900001525878906
    endloop
  endfacet
  facet normal 0.3826834326500641 -0.9238795323932466 0
    outer loop
      vertex -9.232233047485352 13.232233047485352 42.900001525878906
      vertex -11 12.5 37
      vertex -9.232233047485352 13.232233047485352 37
    endloop
  endfacet
  facet normal 0.9238795323932466 -0.3826834326500641 0
    outer loop
      vertex -9.232233047485352 13.232233047485352 42.900001525878906
      vertex -8.5 15 37
      vertex -8.5 15 42.900001525878906
    endloop
  endfacet
  facet normal 0.9238795323932466 -0.3826834326500641 0
    outer loop
      vertex -8.5 15 37
      vertex -9.232233047485352 13.232233047485352 42.900001525878906
      vertex -9.232233047485352 13.232233047485352 37
    endloop
  endfacet
  facet normal 0.8158987749038558 0.33795680155844154 0.4691421846207986
    outer loop
      vertex -8.878680229187012 17.121318817138672 42.900001525878906
      vertex -10.99000072479248 15 48.099998474121094
      vertex -8 15 42.900001525878906
    endloop
  endfacet
  facet normal -0.33795666697749094 -0.8158988167979251 0.4691422087099084
    outer loop
      vertex -11 14.99000072479248 48.099998474121094
      vertex -13.121319770812988 12.878680229187012 42.900001525878906
      vertex -11 12 42.900001525878906
    endloop
  endfacet
  facet normal 0.8158979936713608 0.3379582868309616 0.4691424733333463
    outer loop
      vertex -8.878680229187012 17.121318817138672 42.900001525878906
      vertex -10.992929458618164 15.007070541381836 48.099998474121094
      vertex -10.99000072479248 15 48.099998474121094
    endloop
  endfacet
  facet normal 0.815898816797925 -0.3379566669774909 0.46914220870990836
    outer loop
      vertex -8 15 42.900001525878906
      vertex -10.99000072479248 15 48.099998474121094
      vertex -8.878680229187012 12.878680229187012 42.900001525878906
    endloop
  endfacet
  facet normal 0.33795666697749094 -0.8158988167979251 0.4691422087099084
    outer loop
      vertex -11 14.99000072479248 48.099998474121094
      vertex -11 12 42.900001525878906
      vertex -8.878680229187012 12.878680229187012 42.900001525878906
    endloop
  endfacet
  facet normal -0.33795830072850214 0.8158980272227662 0.4691424049717758
    outer loop
      vertex -11 15.00999927520752 48.099998474121094
      vertex -13.121319770812988 17.121318817138672 42.900001525878906
      vertex -11.007070541381836 15.007070541381836 48.099998474121094
    endloop
  endfacet
  facet normal 0.33795699188416617 0.8158987156568124 0.46914215055372044
    outer loop
      vertex -11 18 42.900001525878906
      vertex -11 15.00999927520752 48.099998474121094
      vertex -8.878680229187012 17.121318817138672 42.900001525878906
    endloop
  endfacet
  facet normal -0.8158979699466611 -0.3379582770038031 0.4691425216728261
    outer loop
      vertex -11.00999927520752 15 48.099998474121094
      vertex -13.121319770812988 12.878680229187012 42.900001525878906
      vertex -11.007070541381836 14.992929458618164 48.099998474121094
    endloop
  endfacet
  facet normal -0.33795699188416617 0.8158987156568124 0.46914215055372044
    outer loop
      vertex -11 18 42.900001525878906
      vertex -13.121319770812988 17.121318817138672 42.900001525878906
      vertex -11 15.00999927520752 48.099998474121094
    endloop
  endfacet
  facet normal -0.815898816797925 -0.3379566669774909 0.46914220870990836
    outer loop
      vertex -11.00999927520752 15 48.099998474121094
      vertex -14 15 42.900001525878906
      vertex -13.121319770812988 12.878680229187012 42.900001525878906
    endloop
  endfacet
  facet normal -0.8158987749038558 0.33795680155844154 0.4691421846207986
    outer loop
      vertex -13.121319770812988 17.121318817138672 42.900001525878906
      vertex -14 15 42.900001525878906
      vertex -11.00999927520752 15 48.099998474121094
    endloop
  endfacet
  facet normal -0.3379582770038031 -0.8158979699466611 0.4691425216728261
    outer loop
      vertex -11.007070541381836 14.992929458618164 48.099998474121094
      vertex -13.121319770812988 12.878680229187012 42.900001525878906
      vertex -11 14.99000072479248 48.099998474121094
    endloop
  endfacet
  facet normal 0 0 -1
    outer loop
      vertex -8.878680229187012 12.878680229187012 42.900001525878906
      vertex -8.5 15 42.900001525878906
      vertex -8 15 42.900001525878906
    endloop
  endfacet
  facet normal 0 0 -1
    outer loop
      vertex -8.878680229187012 12.878680229187012 42.900001525878906
      vertex -9.232233047485352 13.232233047485352 42.900001525878906
      vertex -8.5 15 42.900001525878906
    endloop
  endfacet
  facet normal 0 0 -1
    outer loop
      vertex -11 12 42.900001525878906
      vertex -9.232233047485352 13.232233047485352 42.900001525878906
      vertex -8.878680229187012 12.878680229187012 42.900001525878906
    endloop
  endfacet
  facet normal 0 0 -1
    outer loop
      vertex -11 12 42.900001525878906
      vertex -11 12.5 42.900001525878906
      vertex -9.232233047485352 13.232233047485352 42.900001525878906
    endloop
  endfacet
  facet normal 0 0 -1
    outer loop
      vertex -11 12 42.900001525878906
      vertex -12.767766952514648 13.232233047485352 42.900001525878906
      vertex -11 12.5 42.900001525878906
    endloop
  endfacet
  facet normal 0 0 -1
    outer loop
      vertex -13.121319770812988 12.878680229187012 42.900001525878906
      vertex -12.767766952514648 13.232233047485352 42.900001525878906
      vertex -11 12 42.900001525878906
    endloop
  endfacet
  facet normal 0 0 -1
    outer loop
      vertex -13.121319770812988 12.878680229187012 42.900001525878906
      vertex -13.5 15 42.900001525878906
      vertex -12.767766952514648 13.232233047485352 42.900001525878906
    endloop
  endfacet
  facet normal 0 0 -1
    outer loop
      vertex -13.5 15 42.900001525878906
      vertex -13.121319770812988 12.878680229187012 42.900001525878906
      vertex -14 15 42.900001525878906
    endloop
  endfacet
  facet normal 0 0 -1
    outer loop
      vertex -8.5 15 42.900001525878906
      vertex -8.878680229187012 17.121318817138672 42.900001525878906
      vertex -8 15 42.900001525878906
    endloop
  endfacet
  facet normal 0 0 -1
    outer loop
      vertex -9.232233047485352 16.76776695251465 42.900001525878906
      vertex -8.878680229187012 17.121318817138672 42.900001525878906
      vertex -8.5 15 42.900001525878906
    endloop
  endfacet
  facet normal 0 0 -1
    outer loop
      vertex -11 17.5 42.900001525878906
      vertex -8.878680229187012 17.121318817138672 42.900001525878906
      vertex -9.232233047485352 16.76776695251465 42.900001525878906
    endloop
  endfacet
  facet normal 0 0 -1
    outer loop
      vertex -11 17.5 42.900001525878906
      vertex -11 18 42.900001525878906
      vertex -8.878680229187012 17.121318817138672 42.900001525878906
    endloop
  endfacet
  facet normal 0 0 -1
    outer loop
      vertex -12.767766952514648 16.76776695251465 42.900001525878906
      vertex -11 18 42.900001525878906
      vertex -11 17.5 42.900001525878906
    endloop
  endfacet
  facet normal 0 0 -1
    outer loop
      vertex -12.767766952514648 16.76776695251465 42.900001525878906
      vertex -13.121319770812988 17.121318817138672 42.900001525878906
      vertex -11 18 42.900001525878906
    endloop
  endfacet
  facet normal 0 0 -1
    outer loop
      vertex -13.5 15 42.900001525878906
      vertex -13.121319770812988 17.121318817138672 42.900001525878906
      vertex -12.767766952514648 16.76776695251465 42.900001525878906
    endloop
  endfacet
  facet normal 0 0 -1
    outer loop
      vertex -13.121319770812988 17.121318817138672 42.900001525878906
      vertex -13.5 15 42.900001525878906
      vertex -14 15 42.900001525878906
    endloop
  endfacet
  facet normal 0.3379582770038031 -0.8158979699466611 0.4691425216728261
    outer loop
      vertex -10.992929458618164 14.992929458618164 48.099998474121094
      vertex -11 14.99000072479248 48.099998474121094
      vertex -8.878680229187012 12.878680229187012 42.900001525878906
    endloop
  endfacet
  facet normal -0.8158979936713608 0.3379582868309616 0.4691424733333463
    outer loop
      vertex -11.007070541381836 15.007070541381836 48.099998474121094
      vertex -13.121319770812988 17.121318817138672 42.900001525878906
      vertex -11.00999927520752 15 48.099998474121094
    endloop
  endfacet
  facet normal 0.8158979699466611 -0.3379582770038031 0.4691425216728261
    outer loop
      vertex -10.99000072479248 15 48.099998474121094
      vertex -10.992929458618164 14.992929458618164 48.099998474121094
      vertex -8.878680229187012 12.878680229187012 42.900001525878906
    endloop
  endfacet
  facet normal 0 0 1
    outer loop
      vertex -10.992929458618164 15.007070541381836 48.099998474121094
      vertex -10.992929458618164 14.992929458618164 48.099998474121094
      vertex -10.99000072479248 15 48.099998474121094
    endloop
  endfacet
  facet normal 0 0 1
    outer loop
      vertex -11 15.00999927520752 48.099998474121094
      vertex -10.992929458618164 14.992929458618164 48.099998474121094
      vertex -10.992929458618164 15.007070541381836 48.099998474121094
    endloop
  endfacet
  facet normal 0 0 1
    outer loop
      vertex -11 15.00999927520752 48.099998474121094
      vertex -11 14.99000072479248 48.099998474121094
      vertex -10.992929458618164 14.992929458618164 48.099998474121094
    endloop
  endfacet
  facet normal 0 0 1
    outer loop
      vertex -11.007070541381836 15.007070541381836 48.099998474121094
      vertex -11 14.99000072479248 48.099998474121094
      vertex -11 15.00999927520752 48.099998474121094
    endloop
  endfacet
  facet normal 0 0 1
    outer loop
      vertex -11.007070541381836 15.007070541381836 48.099998474121094
      vertex -11.007070541381836 14.992929458618164 48.099998474121094
      vertex -11 14.99000072479248 48.099998474121094
    endloop
  endfacet
  facet normal 0 0 1
    outer loop
      vertex -11.007070541381836 14.992929458618164 48.099998474121094
      vertex -11.007070541381836 15.007070541381836 48.099998474121094
      vertex -11.00999927520752 15 48.099998474121094
    endloop
  endfacet
  facet normal 0.33795830072850214 0.8158980272227662 0.4691424049717758
    outer loop
      vertex -8.878680229187012 17.121318817138672 42.900001525878906
      vertex -11 15.00999927520752 48.099998474121094
      vertex -10.992929458618164 15.007070541381836 48.099998474121094
    endloop
  endfacet
  facet normal -0.3826834326500641 -0.9238795323932465 0
    outer loop
      vertex 9.232233047485352 -8.767766952514648 35
      vertex 11 -9.5 42.900001525878906
      vertex 9.232233047485352 -8.767766952514648 42.900001525878906
    endloop
  endfacet
  facet normal -0.3826834326500641 -0.9238795323932465 0
    outer loop
      vertex 11 -9.5 42.900001525878906
      vertex 9.232233047485352 -8.767766952514648 35
      vertex 11 -9.5 35
    endloop
  endfacet
  facet normal 0.38268343265006405 0.9238795323932464 -1.4820382915861138e-8
    outer loop
      vertex 12.767766952514648 -5.232233047485352 42.900001525878906
      vertex 12 -4.91421365737915 37
      vertex 11 -4.5 42.900001525878906
    endloop
  endfacet
  facet normal 0.38268333543963634 0.9238795726591182 0
    outer loop
      vertex 12.767766952514648 -5.232233047485352 35
      vertex 12 -4.91421365737915 37
      vertex 12.767766952514648 -5.232233047485352 42.900001525878906
    endloop
  endfacet
  facet normal 0.3826833354396363 0.9238795726591181 0
    outer loop
      vertex 12 -4.91421365737915 37
      vertex 12.767766952514648 -5.232233047485352 35
      vertex 12 -4.91421365737915 35
    endloop
  endfacet
  facet normal 0.38268350728500933 0.9238795014784363 0
    outer loop
      vertex 11 -4.5 42.900001525878906
      vertex 12 -4.91421365737915 37
      vertex 11 -4.5 37
    endloop
  endfacet
  facet normal -0.9238795323932466 0.3826834326500641 0
    outer loop
      vertex 8.5 -7 37
      vertex 9.232233047485352 -5.232233047485352 42.900001525878906
      vertex 9.232233047485352 -5.232233047485352 37
    endloop
  endfacet
  facet normal -0.9238795323932466 0.3826834326500641 0
    outer loop
      vertex 9.232233047485352 -5.232233047485352 42.900001525878906
      vertex 8.5 -7 37
      vertex 8.5 -7 42.900001525878906
    endloop
  endfacet
  facet normal 0.9238795323932465 0.3826834326500641 0
    outer loop
      vertex 13.5 -7 42.900001525878906
      vertex 12.767766952514648 -5.232233047485352 35
      vertex 12.767766952514648 -5.232233047485352 42.900001525878906
    endloop
  endfacet
  facet normal 0.9238795323932465 0.3826834326500641 0
    outer loop
      vertex 12.767766952514648 -5.232233047485352 35
      vertex 13.5 -7 42.900001525878906
      vertex 13.5 -7 35
    endloop
  endfacet
  facet normal -0.3826834326500641 0.9238795323932466 0
    outer loop
      vertex 11 -4.5 37
      vertex 9.232233047485352 -5.232233047485352 42.900001525878906
      vertex 11 -4.5 42.900001525878906
    endloop
  endfacet
  facet normal -0.3826834326500641 0.9238795323932466 0
    outer loop
      vertex 9.232233047485352 -5.232233047485352 42.900001525878906
      vertex 11 -4.5 37
      vertex 9.232233047485352 -5.232233047485352 37
    endloop
  endfacet
  facet normal -0.9238793697922432 -0.38268382520337535 0
    outer loop
      vertex 8.914213180541992 -8 35
      vertex 9.232233047485352 -8.767766952514648 35
      vertex 8.914213180541992 -8 37
    endloop
  endfacet
  facet normal -0.9238796572328489 -0.38268313126046394 0
    outer loop
      vertex 8.914213180541992 -8 37
      vertex 8.5 -7 42.900001525878906
      vertex 8.5 -7 37
    endloop
  endfacet
  facet normal -0.9238793697922432 -0.38268382520337535 0
    outer loop
      vertex 9.232233047485352 -8.767766952514648 42.900001525878906
      vertex 8.914213180541992 -8 37
      vertex 9.232233047485352 -8.767766952514648 35
    endloop
  endfacet
  facet normal -0.9238795323932448 -0.3826834326500634 5.984740976454854e-8
    outer loop
      vertex 8.914213180541992 -8 37
      vertex 9.232233047485352 -8.767766952514648 42.900001525878906
      vertex 8.5 -7 42.900001525878906
    endloop
  endfacet
  facet normal 0.3826834326500641 -0.9238795323932465 0
    outer loop
      vertex 11 -9.5 35
      vertex 12.767766952514648 -8.767766952514648 42.900001525878906
      vertex 11 -9.5 42.900001525878906
    endloop
  endfacet
  facet normal 0.3826834326500641 -0.9238795323932465 0
    outer loop
      vertex 12.767766952514648 -8.767766952514648 42.900001525878906
      vertex 11 -9.5 35
      vertex 12.767766952514648 -8.767766952514648 35
    endloop
  endfacet
  facet normal 0.9238795323932465 -0.3826834326500641 0
    outer loop
      vertex 12.767766952514648 -8.767766952514648 42.900001525878906
      vertex 13.5 -7 35
      vertex 13.5 -7 42.900001525878906
    endloop
  endfacet
  facet normal 0.9238795323932465 -0.3826834326500641 0
    outer loop
      vertex 13.5 -7 35
      vertex 12.767766952514648 -8.767766952514648 42.900001525878906
      vertex 12.767766952514648 -8.767766952514648 35
    endloop
  endfacet
  facet normal 0.815898816797925 0.3379566669774909 0.46914220870990836
    outer loop
      vertex 13.121319770812988 -4.878680229187012 42.900001525878906
      vertex 11.00999927520752 -7 48.099998474121094
      vertex 14 -7 42.900001525878906
    endloop
  endfacet
  facet normal -0.33795666697749094 -0.8158988167979251 0.4691422087099084
    outer loop
      vertex 11 -7.0099992752075195 48.099998474121094
      vertex 8.878680229187012 -9.121319770812988 42.900001525878906
      vertex 11 -10 42.900001525878906
    endloop
  endfacet
  facet normal 0.8158979699466611 0.3379582770038031 0.4691425216728261
    outer loop
      vertex 13.121319770812988 -4.878680229187012 42.900001525878906
      vertex 11.007070541381836 -6.992929458618164 48.099998474121094
      vertex 11.00999927520752 -7 48.099998474121094
    endloop
  endfacet
  facet normal 0.815898816797925 -0.3379566669774909 0.46914220870990836
    outer loop
      vertex 14 -7 42.900001525878906
      vertex 11.00999927520752 -7 48.099998474121094
      vertex 13.121319770812988 -9.121319770812988 42.900001525878906
    endloop
  endfacet
  facet normal 0.33795666697749094 -0.8158988167979251 0.4691422087099084
    outer loop
      vertex 11 -7.0099992752075195 48.099998474121094
      vertex 11 -10 42.900001525878906
      vertex 13.121319770812988 -9.121319770812988 42.900001525878906
    endloop
  endfacet
  facet normal -0.8158979699466611 0.3379582770038031 0.4691425216728261
    outer loop
      vertex 10.992929458618164 -6.992929458618164 48.099998474121094
      vertex 8.878680229187012 -4.878680229187012 42.900001525878906
      vertex 10.99000072479248 -7 48.099998474121094
    endloop
  endfacet
  facet normal 0.33795666697749094 0.8158988167979251 0.4691422087099084
    outer loop
      vertex 11 -4 42.900001525878906
      vertex 11 -6.9900007247924805 48.099998474121094
      vertex 13.121319770812988 -4.878680229187012 42.900001525878906
    endloop
  endfacet
  facet normal -0.8158979699466611 -0.3379582770038031 0.4691425216728261
    outer loop
      vertex 10.99000072479248 -7 48.099998474121094
      vertex 8.878680229187012 -9.121319770812988 42.900001525878906
      vertex 10.992929458618164 -7.007070541381836 48.099998474121094
    endloop
  endfacet
  facet normal -0.33795666697749094 0.8158988167979251 0.4691422087099084
    outer loop
      vertex 11 -4 42.900001525878906
      vertex 8.878680229187012 -4.878680229187012 42.900001525878906
      vertex 11 -6.9900007247924805 48.099998474121094
    endloop
  endfacet
  facet normal -0.815898816797925 -0.3379566669774909 0.46914220870990836
    outer loop
      vertex 10.99000072479248 -7 48.099998474121094
      vertex 8 -7 42.900001525878906
      vertex 8.878680229187012 -9.121319770812988 42.900001525878906
    endloop
  endfacet
  facet normal -0.815898816797925 0.3379566669774909 0.46914220870990836
    outer loop
      vertex 8.878680229187012 -4.878680229187012 42.900001525878906
      vertex 8 -7 42.900001525878906
      vertex 10.99000072479248 -7 48.099998474121094
    endloop
  endfacet
  facet normal -0.3379582770038031 -0.8158979699466611 0.4691425216728261
    outer loop
      vertex 10.992929458618164 -7.007070541381836 48.099998474121094
      vertex 8.878680229187012 -9.121319770812988 42.900001525878906
      vertex 11 -7.0099992752075195 48.099998474121094
    endloop
  endfacet
  facet normal 0 0 -1
    outer loop
      vertex 13.121319770812988 -9.121319770812988 42.900001525878906
      vertex 13.5 -7 42.900001525878906
      vertex 14 -7 42.900001525878906
    endloop
  endfacet
  facet normal 0 0 -1
    outer loop
      vertex 13.121319770812988 -9.121319770812988 42.900001525878906
      vertex 12.767766952514648 -8.767766952514648 42.900001525878906
      vertex 13.5 -7 42.900001525878906
    endloop
  endfacet
  facet normal 0 0 -1
    outer loop
      vertex 11 -10 42.900001525878906
      vertex 12.767766952514648 -8.767766952514648 42.900001525878906
      vertex 13.121319770812988 -9.121319770812988 42.900001525878906
    endloop
  endfacet
  facet normal 0 0 -1
    outer loop
      vertex 11 -10 42.900001525878906
      vertex 11 -9.5 42.900001525878906
      vertex 12.767766952514648 -8.767766952514648 42.900001525878906
    endloop
  endfacet
  facet normal 0 0 -1
    outer loop
      vertex 11 -10 42.900001525878906
      vertex 9.232233047485352 -8.767766952514648 42.900001525878906
      vertex 11 -9.5 42.900001525878906
    endloop
  endfacet
  facet normal 0 0 -1
    outer loop
      vertex 8.878680229187012 -9.121319770812988 42.900001525878906
      vertex 9.232233047485352 -8.767766952514648 42.900001525878906
      vertex 11 -10 42.900001525878906
    endloop
  endfacet
  facet normal 0 0 -1
    outer loop
      vertex 8.878680229187012 -9.121319770812988 42.900001525878906
      vertex 8.5 -7 42.900001525878906
      vertex 9.232233047485352 -8.767766952514648 42.900001525878906
    endloop
  endfacet
  facet normal 0 0 -1
    outer loop
      vertex 8.5 -7 42.900001525878906
      vertex 8.878680229187012 -9.121319770812988 42.900001525878906
      vertex 8 -7 42.900001525878906
    endloop
  endfacet
  facet normal 0 0 -1
    outer loop
      vertex 13.5 -7 42.900001525878906
      vertex 13.121319770812988 -4.878680229187012 42.900001525878906
      vertex 14 -7 42.900001525878906
    endloop
  endfacet
  facet normal 0 0 -1
    outer loop
      vertex 12.767766952514648 -5.232233047485352 42.900001525878906
      vertex 13.121319770812988 -4.878680229187012 42.900001525878906
      vertex 13.5 -7 42.900001525878906
    endloop
  endfacet
  facet normal 0 0 -1
    outer loop
      vertex 11 -4.5 42.900001525878906
      vertex 13.121319770812988 -4.878680229187012 42.900001525878906
      vertex 12.767766952514648 -5.232233047485352 42.900001525878906
    endloop
  endfacet
  facet normal 0 0 -1
    outer loop
      vertex 11 -4.5 42.900001525878906
      vertex 11 -4 42.900001525878906
      vertex 13.121319770812988 -4.878680229187012 42.900001525878906
    endloop
  endfacet
  facet normal 0 0 -1
    outer loop
      vertex 9.232233047485352 -5.232233047485352 42.900001525878906
      vertex 11 -4 42.900001525878906
      vertex 11 -4.5 42.900001525878906
    endloop
  endfacet
  facet normal 0 0 -1
    outer loop
      vertex 9.232233047485352 -5.232233047485352 42.900001525878906
      vertex 8.878680229187012 -4.878680229187012 42.900001525878906
      vertex 11 -4 42.900001525878906
    endloop
  endfacet
  facet normal 0 0 -1
    outer loop
      vertex 8.5 -7 42.900001525878906
      vertex 8.878680229187012 -4.878680229187012 42.900001525878906
      vertex 9.232233047485352 -5.232233047485352 42.900001525878906
    endloop
  endfacet
  facet normal 0 0 -1
    outer loop
      vertex 8.878680229187012 -4.878680229187012 42.900001525878906
      vertex 8.5 -7 42.900001525878906
      vertex 8 -7 42.900001525878906
    endloop
  endfacet
  facet normal -0.3379582770038031 0.8158979699466611 0.4691425216728261
    outer loop
      vertex 11 -6.9900007247924805 48.099998474121094
      vertex 8.878680229187012 -4.878680229187012 42.900001525878906
      vertex 10.992929458618164 -6.992929458618164 48.099998474121094
    endloop
  endfacet
  facet normal 0.3379582770038031 -0.8158979699466611 0.4691425216728261
    outer loop
      vertex 11.007070541381836 -7.007070541381836 48.099998474121094
      vertex 11 -7.0099992752075195 48.099998474121094
      vertex 13.121319770812988 -9.121319770812988 42.900001525878906
    endloop
  endfacet
  facet normal 0 0 1
    outer loop
      vertex 11.007070541381836 -6.992929458618164 48.099998474121094
      vertex 11.007070541381836 -7.007070541381836 48.099998474121094
      vertex 11.00999927520752 -7 48.099998474121094
    endloop
  endfacet
  facet normal 0 0 1
    outer loop
      vertex 11 -6.9900007247924805 48.099998474121094
      vertex 11.007070541381836 -7.007070541381836 48.099998474121094
      vertex 11.007070541381836 -6.992929458618164 48.099998474121094
    endloop
  endfacet
  facet normal 0 0 1
    outer loop
      vertex 11 -6.9900007247924805 48.099998474121094
      vertex 11 -7.0099992752075195 48.099998474121094
      vertex 11.007070541381836 -7.007070541381836 48.099998474121094
    endloop
  endfacet
  facet normal 0 0 1
    outer loop
      vertex 10.992929458618164 -6.992929458618164 48.099998474121094
      vertex 11 -7.0099992752075195 48.099998474121094
      vertex 11 -6.9900007247924805 48.099998474121094
    endloop
  endfacet
  facet normal 0 0 1
    outer loop
      vertex 10.992929458618164 -6.992929458618164 48.099998474121094
      vertex 10.992929458618164 -7.007070541381836 48.099998474121094
      vertex 11 -7.0099992752075195 48.099998474121094
    endloop
  endfacet
  facet normal 0 0 1
    outer loop
      vertex 10.992929458618164 -7.007070541381836 48.099998474121094
      vertex 10.992929458618164 -6.992929458618164 48.099998474121094
      vertex 10.99000072479248 -7 48.099998474121094
    endloop
  endfacet
  facet normal 0.8158979699466611 -0.3379582770038031 0.4691425216728261
    outer loop
      vertex 11.00999927520752 -7 48.099998474121094
      vertex 11.007070541381836 -7.007070541381836 48.099998474121094
      vertex 13.121319770812988 -9.121319770812988 42.900001525878906
    endloop
  endfacet
  facet normal 0.3379582770038031 0.8158979699466611 0.4691425216728261
    outer loop
      vertex 13.121319770812988 -4.878680229187012 42.900001525878906
      vertex 11 -6.9900007247924805 48.099998474121094
      vertex 11.007070541381836 -6.992929458618164 48.099998474121094
    endloop
  endfacet
  facet normal -0.3826834326500641 -0.9238795323932466 0
    outer loop
      vertex 9.232233047485352 13.232233047485352 37
      vertex 11 12.5 42.900001525878906
      vertex 9.232233047485352 13.232233047485352 42.900001525878906
    endloop
  endfacet
  facet normal -0.3826834326500641 -0.9238795323932466 0
    outer loop
      vertex 11 12.5 42.900001525878906
      vertex 9.232233047485352 13.232233047485352 37
      vertex 11 12.5 37
    endloop
  endfacet
  facet normal 0.3826834326500641 0.9238795323932465 0
    outer loop
      vertex 12.767766952514648 16.76776695251465 35
      vertex 11 17.5 42.900001525878906
      vertex 12.767766952514648 16.76776695251465 42.900001525878906
    endloop
  endfacet
  facet normal 0.3826834326500641 0.9238795323932465 0
    outer loop
      vertex 11 17.5 42.900001525878906
      vertex 12.767766952514648 16.76776695251465 35
      vertex 11 17.5 35
    endloop
  endfacet
  facet normal -0.9238793697922432 0.38268382520337535 0
    outer loop
      vertex 8.914213180541992 16 37
      vertex 9.232233047485352 16.76776695251465 35
      vertex 8.914213180541992 16 35
    endloop
  endfacet
  facet normal -0.9238793697922432 0.38268382520337535 0
    outer loop
      vertex 9.232233047485352 16.76776695251465 35
      vertex 8.914213180541992 16 37
      vertex 9.232233047485352 16.76776695251465 42.900001525878906
    endloop
  endfacet
  facet normal -0.9238796572328489 0.38268313126046394 0
    outer loop
      vertex 8.5 15 42.900001525878906
      vertex 8.914213180541992 16 37
      vertex 8.5 15 37
    endloop
  endfacet
  facet normal -0.9238795323932448 0.3826834326500634 5.984740976454854e-8
    outer loop
      vertex 8.914213180541992 16 37
      vertex 8.5 15 42.900001525878906
      vertex 9.232233047485352 16.76776695251465 42.900001525878906
    endloop
  endfacet
  facet normal 0.9238795323932465 0.3826834326500641 0
    outer loop
      vertex 13.5 15 42.900001525878906
      vertex 12.767766952514648 16.76776695251465 35
      vertex 12.767766952514648 16.76776695251465 42.900001525878906
    endloop
  endfacet
  facet normal 0.9238795323932465 0.3826834326500641 0
    outer loop
      vertex 12.767766952514648 16.76776695251465 35
      vertex 13.5 15 42.900001525878906
      vertex 13.5 15 35
    endloop
  endfacet
  facet normal -0.3826834326500641 0.9238795323932465 0
    outer loop
      vertex 11 17.5 35
      vertex 9.232233047485352 16.76776695251465 42.900001525878906
      vertex 11 17.5 42.900001525878906
    endloop
  endfacet
  facet normal -0.3826834326500641 0.9238795323932465 0
    outer loop
      vertex 9.232233047485352 16.76776695251465 42.900001525878906
      vertex 11 17.5 35
      vertex 9.232233047485352 16.76776695251465 35
    endloop
  endfacet
  facet normal -0.9238795323932466 -0.3826834326500641 0
    outer loop
      vertex 9.232233047485352 13.232233047485352 37
      vertex 8.5 15 42.900001525878906
      vertex 8.5 15 37
    endloop
  endfacet
  facet normal -0.9238795323932466 -0.3826834326500641 0
    outer loop
      vertex 8.5 15 42.900001525878906
      vertex 9.232233047485352 13.232233047485352 37
      vertex 9.232233047485352 13.232233047485352 42.900001525878906
    endloop
  endfacet
  facet normal 0.38268313126046394 -0.9238796572328489 0
    outer loop
      vertex 12 12.914213180541992 37
      vertex 11 12.5 42.900001525878906
      vertex 11 12.5 37
    endloop
  endfacet
  facet normal 0.3826834326500634 -0.9238795323932448 5.984740976454854e-8
    outer loop
      vertex 11 12.5 42.900001525878906
      vertex 12 12.914213180541992 37
      vertex 12.767766952514648 13.232233047485352 42.900001525878906
    endloop
  endfacet
  facet normal 0.38268382520337535 -0.9238793697922432 0
    outer loop
      vertex 12.767766952514648 13.232233047485352 35
      vertex 12 12.914213180541992 37
      vertex 12 12.914213180541992 35
    endloop
  endfacet
  facet normal 0.38268382520337535 -0.9238793697922432 0
    outer loop
      vertex 12 12.914213180541992 37
      vertex 12.767766952514648 13.232233047485352 35
      vertex 12.767766952514648 13.232233047485352 42.900001525878906
    endloop
  endfacet
  facet normal 0.9238795323932465 -0.3826834326500641 0
    outer loop
      vertex 12.767766952514648 13.232233047485352 42.900001525878906
      vertex 13.5 15 35
      vertex 13.5 15 42.900001525878906
    endloop
  endfacet
  facet normal 0.9238795323932465 -0.3826834326500641 0
    outer loop
      vertex 13.5 15 35
      vertex 12.767766952514648 13.232233047485352 42.900001525878906
      vertex 12.767766952514648 13.232233047485352 35
    endloop
  endfacet
  facet normal 0.8158987749038558 0.33795680155844154 0.4691421846207986
    outer loop
      vertex 13.121319770812988 17.121318817138672 42.900001525878906
      vertex 11.00999927520752 15 48.099998474121094
      vertex 14 15 42.900001525878906
    endloop
  endfacet
  facet normal -0.33795666697749094 -0.8158988167979251 0.4691422087099084
    outer loop
      vertex 11 14.99000072479248 48.099998474121094
      vertex 8.878680229187012 12.878680229187012 42.900001525878906
      vertex 11 12 42.900001525878906
    endloop
  endfacet
  facet normal 0.8158979936713608 0.3379582868309616 0.4691424733333463
    outer loop
      vertex 13.121319770812988 17.121318817138672 42.900001525878906
      vertex 11.007070541381836 15.007070541381836 48.099998474121094
      vertex 11.00999927520752 15 48.099998474121094
    endloop
  endfacet
  facet normal 0.815898816797925 -0.3379566669774909 0.46914220870990836
    outer loop
      vertex 14 15 42.900001525878906
      vertex 11.00999927520752 15 48.099998474121094
      vertex 13.121319770812988 12.878680229187012 42.900001525878906
    endloop
  endfacet
  facet normal 0.33795666697749094 -0.8158988167979251 0.4691422087099084
    outer loop
      vertex 11 14.99000072479248 48.099998474121094
      vertex 11 12 42.900001525878906
      vertex 13.121319770812988 12.878680229187012 42.900001525878906
    endloop
  endfacet
  facet normal -0.8158979936713608 0.3379582868309616 0.4691424733333463
    outer loop
      vertex 10.992929458618164 15.007070541381836 48.099998474121094
      vertex 8.878680229187012 17.121318817138672 42.900001525878906
      vertex 10.99000072479248 15 48.099998474121094
    endloop
  endfacet
  facet normal 0.33795699188416617 0.8158987156568124 0.46914215055372044
    outer loop
      vertex 11 18 42.900001525878906
      vertex 11 15.00999927520752 48.099998474121094
      vertex 13.121319770812988 17.121318817138672 42.900001525878906
    endloop
  endfacet
  facet normal -0.8158979699466611 -0.3379582770038031 0.4691425216728261
    outer loop
      vertex 10.99000072479248 15 48.099998474121094
      vertex 8.878680229187012 12.878680229187012 42.900001525878906
      vertex 10.992929458618164 14.992929458618164 48.099998474121094
    endloop
  endfacet
  facet normal -0.33795699188416617 0.8158987156568124 0.46914215055372044
    outer loop
      vertex 11 18 42.900001525878906
      vertex 8.878680229187012 17.121318817138672 42.900001525878906
      vertex 11 15.00999927520752 48.099998474121094
    endloop
  endfacet
  facet normal -0.815898816797925 -0.3379566669774909 0.46914220870990836
    outer loop
      vertex 10.99000072479248 15 48.099998474121094
      vertex 8 15 42.900001525878906
      vertex 8.878680229187012 12.878680229187012 42.900001525878906
    endloop
  endfacet
  facet normal -0.8158987749038558 0.33795680155844154 0.4691421846207986
    outer loop
      vertex 8.878680229187012 17.121318817138672 42.900001525878906
      vertex 8 15 42.900001525878906
      vertex 10.99000072479248 15 48.099998474121094
    endloop
  endfacet
  facet normal -0.3379582770038031 -0.8158979699466611 0.4691425216728261
    outer loop
      vertex 10.992929458618164 14.992929458618164 48.099998474121094
      vertex 8.878680229187012 12.878680229187012 42.900001525878906
      vertex 11 14.99000072479248 48.099998474121094
    endloop
  endfacet
  facet normal 0 0 -1
    outer loop
      vertex 13.121319770812988 12.878680229187012 42.900001525878906
      vertex 13.5 15 42.900001525878906
      vertex 14 15 42.900001525878906
    endloop
  endfacet
  facet normal 0 0 -1
    outer loop
      vertex 13.121319770812988 12.878680229187012 42.900001525878906
      vertex 12.767766952514648 13.232233047485352 42.900001525878906
      vertex 13.5 15 42.900001525878906
    endloop
  endfacet
  facet normal 0 0 -1
    outer loop
      vertex 11 12 42.900001525878906
      vertex 12.767766952514648 13.232233047485352 42.900001525878906
      vertex 13.121319770812988 12.878680229187012 42.900001525878906
    endloop
  endfacet
  facet normal 0 0 -1
    outer loop
      vertex 11 12 42.900001525878906
      vertex 11 12.5 42.900001525878906
      vertex 12.767766952514648 13.232233047485352 42.900001525878906
    endloop
  endfacet
  facet normal 0 0 -1
    outer loop
      vertex 11 12 42.900001525878906
      vertex 9.232233047485352 13.232233047485352 42.900001525878906
      vertex 11 12.5 42.900001525878906
    endloop
  endfacet
  facet normal 0 0 -1
    outer loop
      vertex 8.878680229187012 12.878680229187012 42.900001525878906
      vertex 9.232233047485352 13.232233047485352 42.900001525878906
      vertex 11 12 42.900001525878906
    endloop
  endfacet
  facet normal 0 0 -1
    outer loop
      vertex 8.878680229187012 12.878680229187012 42.900001525878906
      vertex 8.5 15 42.900001525878906
      vertex 9.232233047485352 13.232233047485352 42.900001525878906
    endloop
  endfacet
  facet normal 0 0 -1
    outer loop
      vertex 8.5 15 42.900001525878906
      vertex 8.878680229187012 12.878680229187012 42.900001525878906
      vertex 8 15 42.900001525878906
    endloop
  endfacet
  facet normal 0 0 -1
    outer loop
      vertex 13.5 15 42.900001525878906
      vertex 13.121319770812988 17.121318817138672 42.900001525878906
      vertex 14 15 42.900001525878906
    endloop
  endfacet
  facet normal 0 0 -1
    outer loop
      vertex 12.767766952514648 16.76776695251465 42.900001525878906
      vertex 13.121319770812988 17.121318817138672 42.900001525878906
      vertex 13.5 15 42.900001525878906
    endloop
  endfacet
  facet normal 0 0 -1
    outer loop
      vertex 11 17.5 42.900001525878906
      vertex 13.121319770812988 17.121318817138672 42.900001525878906
      vertex 12.767766952514648 16.76776695251465 42.900001525878906
    endloop
  endfacet
  facet normal 0 0 -1
    outer loop
      vertex 11 17.5 42.900001525878906
      vertex 11 18 42.900001525878906
      vertex 13.121319770812988 17.121318817138672 42.900001525878906
    endloop
  endfacet
  facet normal 0 0 -1
    outer loop
      vertex 9.232233047485352 16.76776695251465 42.900001525878906
      vertex 11 18 42.900001525878906
      vertex 11 17.5 42.900001525878906
    endloop
  endfacet
  facet normal 0 0 -1
    outer loop
      vertex 9.232233047485352 16.76776695251465 42.900001525878906
      vertex 8.878680229187012 17.121318817138672 42.900001525878906
      vertex 11 18 42.900001525878906
    endloop
  endfacet
  facet normal 0 0 -1
    outer loop
      vertex 8.5 15 42.900001525878906
      vertex 8.878680229187012 17.121318817138672 42.900001525878906
      vertex 9.232233047485352 16.76776695251465 42.900001525878906
    endloop
  endfacet
  facet normal 0 0 -1
    outer loop
      vertex 8.878680229187012 17.121318817138672 42.900001525878906
      vertex 8.5 15 42.900001525878906
      vertex 8 15 42.900001525878906
    endloop
  endfacet
  facet normal -0.33795830072850214 0.8158980272227662 0.4691424049717758
    outer loop
      vertex 11 15.00999927520752 48.099998474121094
      vertex 8.878680229187012 17.121318817138672 42.900001525878906
      vertex 10.992929458618164 15.007070541381836 48.099998474121094
    endloop
  endfacet
  facet normal 0.3379582770038031 -0.8158979699466611 0.4691425216728261
    outer loop
      vertex 11.007070541381836 14.992929458618164 48.099998474121094
      vertex 11 14.99000072479248 48.099998474121094
      vertex 13.121319770812988 12.878680229187012 42.900001525878906
    endloop
  endfacet
  facet normal 0 0 1
    outer loop
      vertex 11.007070541381836 15.007070541381836 48.099998474121094
      vertex 11.007070541381836 14.992929458618164 48.099998474121094
      vertex 11.00999927520752 15 48.099998474121094
    endloop
  endfacet
  facet normal 0 0 1
    outer loop
      vertex 11 15.00999927520752 48.099998474121094
      vertex 11.007070541381836 14.992929458618164 48.099998474121094
      vertex 11.007070541381836 15.007070541381836 48.099998474121094
    endloop
  endfacet
  facet normal 0 0 1
    outer loop
      vertex 11 15.00999927520752 48.099998474121094
      vertex 11 14.99000072479248 48.099998474121094
      vertex 11.007070541381836 14.992929458618164 48.099998474121094
    endloop
  endfacet
  facet normal 0 0 1
    outer loop
      vertex 10.992929458618164 15.007070541381836 48.099998474121094
      vertex 11 14.99000072479248 48.099998474121094
      vertex 11 15.00999927520752 48.099998474121094
    endloop
  endfacet
  facet normal 0 0 1
    outer loop
      vertex 10.992929458618164 15.007070541381836 48.099998474121094
      vertex 10.992929458618164 14.992929458618164 48.099998474121094
      vertex 11 14.99000072479248 48.099998474121094
    endloop
  endfacet
  facet normal 0 0 1
    outer loop
      vertex 10.992929458618164 14.992929458618164 48.099998474121094
      vertex 10.992929458618164 15.007070541381836 48.099998474121094
      vertex 10.99000072479248 15 48.099998474121094
    endloop
  endfacet
  facet normal 0.8158979699466611 -0.3379582770038031 0.4691425216728261
    outer loop
      vertex 11.00999927520752 15 48.099998474121094
      vertex 11.007070541381836 14.992929458618164 48.099998474121094
      vertex 13.121319770812988 12.878680229187012 42.900001525878906
    endloop
  endfacet
  facet normal 0.33795830072850214 0.8158980272227662 0.4691424049717758
    outer loop
      vertex 13.121319770812988 17.121318817138672 42.900001525878906
      vertex 11 15.00999927520752 48.099998474121094
      vertex 11.007070541381836 15.007070541381836 48.099998474121094
    endloop
  endfacet
  facet normal 1 0 0
    outer loop
      vertex 11 -7 35
      vertex 11 15 3.09999942779541
      vertex 11 15 35
    endloop
  endfacet
  facet normal 1 0 0
    outer loop
      vertex 11 15 3.09999942779541
      vertex 11 -7 35
      vertex 11 -7 3.09999942779541
    endloop
  endfacet
  facet normal -1 0 0
    outer loop
      vertex -11 -7 3.09999942779541
      vertex -11 15 35
      vertex -11 15 3.09999942779541
    endloop
  endfacet
  facet normal -1 0 0
    outer loop
      vertex -11 15 35
      vertex -11 -7 3.09999942779541
      vertex -11 -7 35
    endloop
  endfacet
  facet normal 0 1 0
    outer loop
      vertex 11 15 3.09999942779541
      vertex -11 15 35
      vertex 11 15 35
    endloop
  endfacet
  facet normal 0 1 0
    outer loop
      vertex -11 15 35
      vertex 11 15 3.09999942779541
      vertex -11 15 3.09999942779541
    endloop
  endfacet
  facet normal 0 -1 0
    outer loop
      vertex -11 -7 3.09999942779541
      vertex 11 -7 35
      vertex -11 -7 35
    endloop
  endfacet
  facet normal 0 -1 0
    outer loop
      vertex 11 -7 35
      vertex -11 -7 3.09999942779541
      vertex 11 -7 3.09999942779541
    endloop
  endfacet
  facet normal 1 0 0
    outer loop
      vertex 12 -4.91421365737915 37
      vertex 12 12.914213180541992 35
      vertex 12 12.914213180541992 37
    endloop
  endfacet
  facet normal 1 0 0
    outer loop
      vertex 12 12.914213180541992 35
      vertex 12 -4.91421365737915 37
      vertex 12 -4.91421365737915 35
    endloop
  endfacet
  facet normal 0 0 1
    outer loop
      vertex -5.1961517333984375 7 37
      vertex -11 12.5 37
      vertex -6 4 37
    endloop
  endfacet
  facet normal 0 0 1
    outer loop
      vertex -6 4 37
      vertex -9.232233047485352 -5.232233047485352 37
      vertex -8.5 -7 37
    endloop
  endfacet
  facet normal 0 0 1
    outer loop
      vertex -12 12.914213180541992 37
      vertex -6 4 37
      vertex -11 12.5 37
    endloop
  endfacet
  facet normal 0 0 1
    outer loop
      vertex -6 4 37
      vertex -11 -4.5 37
      vertex -9.232233047485352 -5.232233047485352 37
    endloop
  endfacet
  facet normal 0 0 1
    outer loop
      vertex -12 -4.91421365737915 37
      vertex -6 4 37
      vertex -12 12.914213180541992 37
    endloop
  endfacet
  facet normal 0 0 1
    outer loop
      vertex -6 4 37
      vertex -12 -4.91421365737915 37
      vertex -11 -4.5 37
    endloop
  endfacet
  facet normal 0 0 1
    outer loop
      vertex 11 -4.5 37
      vertex 5.1961517333984375 1 37
      vertex 9.232233047485352 -5.232233047485352 37
    endloop
  endfacet
  facet normal 0 0 1
    outer loop
      vertex 9.232233047485352 13.232233047485352 37
      vertex 5.1961517333984375 7 37
      vertex 6 4 37
    endloop
  endfacet
  facet normal 0 0 1
    outer loop
      vertex 9.232233047485352 13.232233047485352 37
      vertex 3 9.196151733398438 37
      vertex 5.1961517333984375 7 37
    endloop
  endfacet
  facet normal 0 0 1
    outer loop
      vertex 0 10 37
      vertex 8.5 15 37
      vertex 8.914213180541992 16 37
    endloop
  endfacet
  facet normal 0 0 1
    outer loop
      vertex 8.5 15 37
      vertex 0 10 37
      vertex 3 9.196151733398438 37
    endloop
  endfacet
  facet normal 0 0 1
    outer loop
      vertex -8.914213180541992 16 37
      vertex 0 10 37
      vertex 8.914213180541992 16 37
    endloop
  endfacet
  facet normal 0 0 1
    outer loop
      vertex -3 9.196151733398438 37
      vertex -9.232233047485352 13.232233047485352 37
      vertex -5.1961517333984375 7 37
    endloop
  endfacet
  facet normal 0 0 1
    outer loop
      vertex -9.232233047485352 13.232233047485352 37
      vertex -3 9.196151733398438 37
      vertex -8.5 15 37
    endloop
  endfacet
  facet normal 0 0 1
    outer loop
      vertex 0 10 37
      vertex -8.5 15 37
      vertex -3 9.196151733398438 37
    endloop
  endfacet
  facet normal 0 0 1
    outer loop
      vertex 0 10 37
      vertex -8.914213180541992 16 37
      vertex -8.5 15 37
    endloop
  endfacet
  facet normal 0 0 1
    outer loop
      vertex 6 4 37
      vertex 12 12.914213180541992 37
      vertex 11 12.5 37
    endloop
  endfacet
  facet normal 0 0 1
    outer loop
      vertex 12 12.914213180541992 37
      vertex 6 4 37
      vertex 12 -4.91421365737915 37
    endloop
  endfacet
  facet normal 0 0 1
    outer loop
      vertex 6 4 37
      vertex 11 12.5 37
      vertex 9.232233047485352 13.232233047485352 37
    endloop
  endfacet
  facet normal 0 0 1
    outer loop
      vertex 12 -4.91421365737915 37
      vertex 6 4 37
      vertex 11 -4.5 37
    endloop
  endfacet
  facet normal 0 0 1
    outer loop
      vertex 3 9.196151733398438 37
      vertex 9.232233047485352 13.232233047485352 37
      vertex 8.5 15 37
    endloop
  endfacet
  facet normal 0 0 1
    outer loop
      vertex 5.1961517333984375 1 37
      vertex 11 -4.5 37
      vertex 6 4 37
    endloop
  endfacet
  facet normal 0 0 1
    outer loop
      vertex 3 -1.1961517333984375 37
      vertex 9.232233047485352 -5.232233047485352 37
      vertex 5.1961517333984375 1 37
    endloop
  endfacet
  facet normal 0 0 1
    outer loop
      vertex 9.232233047485352 -5.232233047485352 37
      vertex 3 -1.1961517333984375 37
      vertex 8.5 -7 37
    endloop
  endfacet
  facet normal 0 0 1
    outer loop
      vertex 0 -2 37
      vertex 8.5 -7 37
      vertex 3 -1.1961517333984375 37
    endloop
  endfacet
  facet normal 0 0 1
    outer loop
      vertex 8.5 -7 37
      vertex 0 -2 37
      vertex 8.914213180541992 -8 37
    endloop
  endfacet
  facet normal 0 0 1
    outer loop
      vertex -8.5 -7 37
      vertex 0 -2 37
      vertex -3 -1.1961517333984375 37
    endloop
  endfacet
  facet normal 0 0 1
    outer loop
      vertex -11 12.5 37
      vertex -5.1961517333984375 7 37
      vertex -9.232233047485352 13.232233047485352 37
    endloop
  endfacet
  facet normal 0 0 1
    outer loop
      vertex -8.5 -7 37
      vertex -5.1961517333984375 1 37
      vertex -6 4 37
    endloop
  endfacet
  facet normal 0 0 1
    outer loop
      vertex -8.5 -7 37
      vertex -3 -1.1961517333984375 37
      vertex -5.1961517333984375 1 37
    endloop
  endfacet
  facet normal 0 0 1
    outer loop
      vertex -8.914213180541992 -8 37
      vertex 0 -2 37
      vertex -8.5 -7 37
    endloop
  endfacet
  facet normal 0 0 1
    outer loop
      vertex 0 -2 37
      vertex -8.914213180541992 -8 37
      vertex 8.914213180541992 -8 37
    endloop
  endfacet
  facet normal -1 0 0
    outer loop
      vertex -12 -4.91421365737915 35
      vertex -12 12.914213180541992 37
      vertex -12 12.914213180541992 35
    endloop
  endfacet
  facet normal -1 0 0
    outer loop
      vertex -12 12.914213180541992 37
      vertex -12 -4.91421365737915 35
      vertex -12 -4.91421365737915 37
    endloop
  endfacet
  facet normal 0 1 0
    outer loop
      vertex 8.914213180541992 16 35
      vertex -8.914213180541992 16 37
      vertex 8.914213180541992 16 37
    endloop
  endfacet
  facet normal 0 1 0
    outer loop
      vertex -8.914213180541992 16 37
      vertex 8.914213180541992 16 35
      vertex -8.914213180541992 16 35
    endloop
  endfacet
  facet normal 0 -1 0
    outer loop
      vertex -8.914213180541992 -8 35
      vertex 8.914213180541992 -8 37
      vertex -8.914213180541992 -8 37
    endloop
  endfacet
  facet normal 0 -1 0
    outer loop
      vertex 8.914213180541992 -8 37
      vertex -8.914213180541992 -8 35
      vertex 8.914213180541992 -8 35
    endloop
  endfacet
  facet normal 0.7071067811865475 0.7071067811865475 0
    outer loop
      vertex -21.703847885131836 -20.100000381469727 18.950000762939453
      vertex -22 -19.803848266601562 26.899999618530273
      vertex -21.703847885131836 -20.100000381469727 22.049999237060547
    endloop
  endfacet
  facet normal 0.7071067811865475 0.7071067811865475 0
    outer loop
      vertex -19.803848266601562 -22 26.899999618530273
      vertex -21.703847885131836 -20.100000381469727 22.049999237060547
      vertex -22 -19.803848266601562 26.899999618530273
    endloop
  endfacet
  facet normal 0.7071067811865476 0.7071067811865476 0
    outer loop
      vertex -21.703847885131836 -20.100000381469727 22.049999237060547
      vertex -19.803848266601562 -22 26.899999618530273
      vertex -19.803848266601562 -22 22.049999237060547
    endloop
  endfacet
  facet normal 0.7071067811865476 0.7071067811865476 0
    outer loop
      vertex -22 -19.803848266601562 26.899999618530273
      vertex -21.703847885131836 -20.100000381469727 18.950000762939453
      vertex -22 -19.803848266601562 3.09999942779541
    endloop
  endfacet
  facet normal 0.7071067811865475 0.7071067811865475 0
    outer loop
      vertex -21.60384750366211 -20.200000762939453 3.09999942779541
      vertex -21.703847885131836 -20.100000381469727 18.950000762939453
      vertex -21.60384750366211 -20.200000762939453 18.950000762939453
    endloop
  endfacet
  facet normal 0.7071067811865475 0.7071067811865475 0
    outer loop
      vertex -21.703847885131836 -20.100000381469727 18.950000762939453
      vertex -21.60384750366211 -20.200000762939453 3.09999942779541
      vertex -22 -19.803848266601562 3.09999942779541
    endloop
  endfacet
  facet normal -0.7071067811865476 0.7071067811865476 0
    outer loop
      vertex -28 -19.803848266601562 3
      vertex -29.75 -21.553848266601562 18.950000762939453
      vertex -28 -19.803848266601562 26.899999618530273
    endloop
  endfacet
  facet normal -0.7071067811865476 0.7071067811865476 0
    outer loop
      vertex -30.196151733398438 -22 3
      vertex -29.75 -21.553848266601562 18.950000762939453
      vertex -28 -19.803848266601562 3
    endloop
  endfacet
  facet normal -0.7071067811865476 0.7071067811865476 0
    outer loop
      vertex -29.75 -21.553848266601562 18.950000762939453
      vertex -30.196151733398438 -22 3
      vertex -30.196151733398438 -22 18.950000762939453
    endloop
  endfacet
  facet normal -0.7071067811865476 0.7071067811865476 0
    outer loop
      vertex -29.75 -21.553848266601562 22.049999237060547
      vertex -28 -19.803848266601562 26.899999618530273
      vertex -29.75 -21.553848266601562 18.950000762939453
    endloop
  endfacet
  facet normal -0.7071067811865476 0.7071067811865476 0
    outer loop
      vertex -30.196151733398438 -22 26.899999618530273
      vertex -29.75 -21.553848266601562 22.049999237060547
      vertex -30.196151733398438 -22 22.049999237060547
    endloop
  endfacet
  facet normal -0.7071067811865475 0.7071067811865475 0
    outer loop
      vertex -29.75 -21.553848266601562 22.049999237060547
      vertex -30.196151733398438 -22 26.899999618530273
      vertex -28 -19.803848266601562 26.899999618530273
    endloop
  endfacet
  facet normal 0.9659256676026187 0.2588196373276874 0
    outer loop
      vertex -19.803848266601562 -22 26.899999618530273
      vertex -19.75 -22.200963973999023 22.049999237060547
      vertex -19.803848266601562 -22 22.049999237060547
    endloop
  endfacet
  facet normal 0.9659256650797153 0.2588196467432673 0
    outer loop
      vertex -19.75 -22.200963973999023 22.049999237060547
      vertex -19.42871856689453 -23.399999618530273 19
      vertex -19.75 -22.200963973999023 19
    endloop
  endfacet
  facet normal 0.9659257708040002 0.25881925217552454 1.710493159243269e-8
    outer loop
      vertex -19 -25 26.899999618530273
      vertex -19.75 -22.200963973999023 22.049999237060547
      vertex -19.803848266601562 -22 26.899999618530273
    endloop
  endfacet
  facet normal 0.9659257323738266 0.25881939559869815 1.058202359459577e-7
    outer loop
      vertex -19.75 -22.200963973999023 22.049999237060547
      vertex -19 -25 26.899999618530273
      vertex -19.42871856689453 -23.399999618530273 19
    endloop
  endfacet
  facet normal 0.9659258629957073 0.25881890811144054 0
    outer loop
      vertex -19 -25 3.09999942779541
      vertex -19.42871856689453 -23.399999618530273 19
      vertex -19 -25 26.899999618530273
    endloop
  endfacet
  facet normal 0.9659258629957072 0.2588189081114405 0
    outer loop
      vertex -19.42871856689453 -23.399999618530273 19
      vertex -19 -25 3.09999942779541
      vertex -19.42871856689453 -23.399999618530273 3.09999942779541
    endloop
  endfacet
  facet normal -0.25881925217552465 -0.9659257708040004 0
    outer loop
      vertex -28 -30.196151733398438 3
      vertex -25 -31 26.899999618530273
      vertex -28 -30.196151733398438 26.899999618530273
    endloop
  endfacet
  facet normal -0.25881925217552465 -0.9659257708040004 0
    outer loop
      vertex -25 -31 26.899999618530273
      vertex -28 -30.196151733398438 3
      vertex -25 -31 3
    endloop
  endfacet
  facet normal -0.7071067811865476 -0.7071067811865476 0
    outer loop
      vertex -28 -30.196151733398438 3
      vertex -30.196151733398438 -28 26.899999618530273
      vertex -30.196151733398438 -28 3
    endloop
  endfacet
  facet normal -0.7071067811865476 -0.7071067811865476 0
    outer loop
      vertex -30.196151733398438 -28 26.899999618530273
      vertex -28 -30.196151733398438 3
      vertex -28 -30.196151733398438 26.899999618530273
    endloop
  endfacet
  facet normal 0.2588192521755239 0.9659257708039977 7.468696085295609e-8
    outer loop
      vertex -22 -19.803848266601562 26.899999618530273
      vertex -23.399999618530273 -19.42871856689453 19
      vertex -25 -19 26.899999618530273
    endloop
  endfacet
  facet normal 0.258819645391701 0.9659256654418673 0
    outer loop
      vertex -22 -19.803848266601562 3.09999942779541
      vertex -23.399999618530273 -19.42871856689453 19
      vertex -22 -19.803848266601562 26.899999618530273
    endloop
  endfacet
  facet normal 0.25881964539170094 0.9659256654418672 0
    outer loop
      vertex -23.399999618530273 -19.42871856689453 19
      vertex -22 -19.803848266601562 3.09999942779541
      vertex -23.399999618530273 -19.42871856689453 3.09999942779541
    endloop
  endfacet
  facet normal 0.2588189081114405 0.9659258629957072 0
    outer loop
      vertex -25 -19 26.899999618530273
      vertex -23.399999618530273 -19.42871856689453 19
      vertex -25 -19 19
    endloop
  endfacet
  facet normal -0.9659257708040004 -0.25881925217552465 0
    outer loop
      vertex -30.196151733398438 -28 3
      vertex -31 -25 26.899999618530273
      vertex -31 -25 3
    endloop
  endfacet
  facet normal -0.9659257708040004 -0.25881925217552465 0
    outer loop
      vertex -31 -25 26.899999618530273
      vertex -30.196151733398438 -28 3
      vertex -30.196151733398438 -28 26.899999618530273
    endloop
  endfacet
  facet normal -0.2588189081114405 0.9659258629957072 0
    outer loop
      vertex -26.600000381469727 -19.42871856689453 19
      vertex -25 -19 26.899999618530273
      vertex -25 -19 19
    endloop
  endfacet
  facet normal -0.2588192521755239 0.9659257708039977 7.468696085295609e-8
    outer loop
      vertex -25 -19 26.899999618530273
      vertex -26.600000381469727 -19.42871856689453 19
      vertex -28 -19.803848266601562 26.899999618530273
    endloop
  endfacet
  facet normal -0.25881919597987885 0.9659257858615895 0
    outer loop
      vertex -27 -19.535898208618164 3.09999942779541
      vertex -26.600000381469727 -19.42871856689453 19
      vertex -26.600000381469727 -19.42871856689453 3.09999942779541
    endloop
  endfacet
  facet normal -0.2588198267430258 0.9659256168487872 1.7007530818278893e-8
    outer loop
      vertex -28 -19.803848266601562 3
      vertex -26.600000381469727 -19.42871856689453 19
      vertex -27 -19.535898208618164 3.09999942779541
    endloop
  endfacet
  facet normal -0.2588198251562113 0.9659256172739743 0
    outer loop
      vertex -28 -19.803848266601562 3
      vertex -27 -19.535898208618164 3.09999942779541
      vertex -27 -19.535898208618164 3
    endloop
  endfacet
  facet normal -0.258819645391701 0.9659256654418673 0
    outer loop
      vertex -26.600000381469727 -19.42871856689453 19
      vertex -28 -19.803848266601562 3
      vertex -28 -19.803848266601562 26.899999618530273
    endloop
  endfacet
  facet normal 0.25881925217552465 -0.9659257708040004 0
    outer loop
      vertex -25 -31 3
      vertex -22 -30.196151733398438 26.899999618530273
      vertex -25 -31 26.899999618530273
    endloop
  endfacet
  facet normal 0.25881925217552465 -0.9659257708040004 0
    outer loop
      vertex -22 -30.196151733398438 26.899999618530273
      vertex -25 -31 3
      vertex -22 -30.196151733398438 3
    endloop
  endfacet
  facet normal -0.9659257708040004 0.2588192521755246 0
    outer loop
      vertex -30.196151733398438 -22 3
      vertex -30.59807586669922 -23.5 18.950000762939453
      vertex -30.196151733398438 -22 18.950000762939453
    endloop
  endfacet
  facet normal -0.9659257708040004 0.25881925217552465 0
    outer loop
      vertex -31 -25 26.899999618530273
      vertex -30.59807586669922 -23.5 18.950000762939453
      vertex -31 -25 3
    endloop
  endfacet
  facet normal -0.9659257708040004 0.2588192521755246 0
    outer loop
      vertex -31 -25 3
      vertex -30.59807586669922 -23.5 18.950000762939453
      vertex -30.196151733398438 -22 3
    endloop
  endfacet
  facet normal -0.9659257708040003 0.2588192521755246 0
    outer loop
      vertex -30.59807586669922 -23.5 22.049999237060547
      vertex -30.196151733398438 -22 26.899999618530273
      vertex -30.196151733398438 -22 22.049999237060547
    endloop
  endfacet
  facet normal -0.9659257708040003 0.2588192521755246 0
    outer loop
      vertex -30.59807586669922 -23.5 22.049999237060547
      vertex -31 -25 26.899999618530273
      vertex -30.196151733398438 -22 26.899999618530273
    endloop
  endfacet
  facet normal -0.9659257708040004 0.2588192521755246 0
    outer loop
      vertex -30.59807586669922 -23.5 18.950000762939453
      vertex -31 -25 26.899999618530273
      vertex -30.59807586669922 -23.5 22.049999237060547
    endloop
  endfacet
  facet normal 0.9659258475689042 -0.2588189656850788 0
    outer loop
      vertex -19 -25 26.899999618530273
      vertex -19.535898208618164 -27 3.09999942779541
      vertex -19 -25 3.09999942779541
    endloop
  endfacet
  facet normal 0.965925770804 -0.25881925217552454 2.5803321898831797e-8
    outer loop
      vertex -19.803848266601562 -28 26.899999618530273
      vertex -19.535898208618164 -27 3.09999942779541
      vertex -19 -25 26.899999618530273
    endloop
  endfacet
  facet normal 0.9659256172739743 -0.2588198251562113 0
    outer loop
      vertex -19.803848266601562 -28 3
      vertex -19.535898208618164 -27 3.09999942779541
      vertex -19.803848266601562 -28 26.899999618530273
    endloop
  endfacet
  facet normal 0.9659256172739743 -0.2588198251562113 0
    outer loop
      vertex -19.535898208618164 -27 3.09999942779541
      vertex -19.803848266601562 -28 3
      vertex -19.535898208618164 -27 3
    endloop
  endfacet
  facet normal 0.7071067811865476 -0.7071067811865476 0
    outer loop
      vertex -22 -30.196151733398438 26.899999618530273
      vertex -19.803848266601562 -28 3
      vertex -19.803848266601562 -28 26.899999618530273
    endloop
  endfacet
  facet normal 0.7071067811865476 -0.7071067811865476 0
    outer loop
      vertex -19.803848266601562 -28 3
      vertex -22 -30.196151733398438 26.899999618530273
      vertex -22 -30.196151733398438 3
    endloop
  endfacet
  facet normal 0 0 -1
    outer loop
      vertex 3.5 -27.399999618530273 3
      vertex 8 -27 3
      vertex 8 -27.399999618530273 3
    endloop
  endfacet
  facet normal 0 0 -1
    outer loop
      vertex 8 -27 3
      vertex 3.5 -27.399999618530273 3
      vertex 3.5 -27 3
    endloop
  endfacet
  facet normal 0 0 -1
    outer loop
      vertex -8 -27.399999618530273 3
      vertex -3.5 -27 3
      vertex -3.5 -27.399999618530273 3
    endloop
  endfacet
  facet normal 0 0 -1
    outer loop
      vertex -3.5 -27 3
      vertex -8 -27.399999618530273 3
      vertex -8 -27 3
    endloop
  endfacet
  facet normal 0 0 -1
    outer loop
      vertex -27 -27 3
      vertex -19.803848266601562 -28 3
      vertex -22 -30.196151733398438 3
    endloop
  endfacet
  facet normal 0 0 -1
    outer loop
      vertex -27 -27 3
      vertex -22 -30.196151733398438 3
      vertex -25 -31 3
    endloop
  endfacet
  facet normal 0 0 -1
    outer loop
      vertex -19.803848266601562 -28 3
      vertex -27 -27 3
      vertex -19.535898208618164 -27 3
    endloop
  endfacet
  facet normal 0 0 -1
    outer loop
      vertex -28 -30.196151733398438 3
      vertex -27 -27 3
      vertex -25 -31 3
    endloop
  endfacet
  facet normal 0 0 -1
    outer loop
      vertex -30.196151733398438 -28 3
      vertex -27 -27 3
      vertex -28 -30.196151733398438 3
    endloop
  endfacet
  facet normal 0 0 -1
    outer loop
      vertex -31 -25 3
      vertex -27 -27 3
      vertex -30.196151733398438 -28 3
    endloop
  endfacet
  facet normal 0 0 -1
    outer loop
      vertex -30.196151733398438 -22 3
      vertex -27 -27 3
      vertex -31 -25 3
    endloop
  endfacet
  facet normal 0 0 -1
    outer loop
      vertex -27 -27 3
      vertex -28 -19.803848266601562 3
      vertex -27 -19.535898208618164 3
    endloop
  endfacet
  facet normal 0 0 -1
    outer loop
      vertex -28 -19.803848266601562 3
      vertex -27 -27 3
      vertex -30.196151733398438 -22 3
    endloop
  endfacet
  facet normal 0 0 -1
    outer loop
      vertex 27 27 3
      vertex 31 25 3
      vertex 30.196151733398438 22 3
    endloop
  endfacet
  facet normal 0 0 -1
    outer loop
      vertex 27 27 3
      vertex 30.196151733398438 22 3
      vertex 28 19.803848266601562 3
    endloop
  endfacet
  facet normal 0 0 -1
    outer loop
      vertex 31 25 3
      vertex 27 27 3
      vertex 30.196151733398438 28 3
    endloop
  endfacet
  facet normal 0 0 -1
    outer loop
      vertex 27 27 3
      vertex 28 19.803848266601562 3
      vertex 27 19.535898208618164 3
    endloop
  endfacet
  facet normal 0 0 -1
    outer loop
      vertex 30.196151733398438 28 3
      vertex 27 27 3
      vertex 28 30.196151733398438 3
    endloop
  endfacet
  facet normal 0 0 -1
    outer loop
      vertex 27 27 3
      vertex 25 31 3
      vertex 28 30.196151733398438 3
    endloop
  endfacet
  facet normal 0 0 -1
    outer loop
      vertex 27 27 3
      vertex 22 30.196151733398438 3
      vertex 25 31 3
    endloop
  endfacet
  facet normal 0 0 -1
    outer loop
      vertex 27 27 3
      vertex 19.803848266601562 28 3
      vertex 22 30.196151733398438 3
    endloop
  endfacet
  facet normal 0 0 -1
    outer loop
      vertex 19.803848266601562 28 3
      vertex 27 27 3
      vertex 19.535898208618164 27 3
    endloop
  endfacet
  facet normal 0 0 -1
    outer loop
      vertex -27 19.535898208618164 3
      vertex -28 19.803848266601562 3
      vertex -27 27 3
    endloop
  endfacet
  facet normal 0 0 -1
    outer loop
      vertex -27 27 3
      vertex -19.803848266601562 28 3
      vertex -19.535898208618164 27 3
    endloop
  endfacet
  facet normal 0 0 -1
    outer loop
      vertex -19.803848266601562 28 3
      vertex -27 27 3
      vertex -22 30.196151733398438 3
    endloop
  endfacet
  facet normal 0 0 -1
    outer loop
      vertex -22 30.196151733398438 3
      vertex -27 27 3
      vertex -25 31 3
    endloop
  endfacet
  facet normal 0 0 -1
    outer loop
      vertex -27 27 3
      vertex -28 30.196151733398438 3
      vertex -25 31 3
    endloop
  endfacet
  facet normal 0 0 -1
    outer loop
      vertex -30.196151733398438 22 3
      vertex -27 27 3
      vertex -28 19.803848266601562 3
    endloop
  endfacet
  facet normal 0 0 -1
    outer loop
      vertex -31 25 3
      vertex -27 27 3
      vertex -30.196151733398438 22 3
    endloop
  endfacet
  facet normal 0 0 -1
    outer loop
      vertex -27 27 3
      vertex -30.196151733398438 28 3
      vertex -28 30.196151733398438 3
    endloop
  endfacet
  facet normal 0 0 -1
    outer loop
      vertex -27 27 3
      vertex -31 25 3
      vertex -30.196151733398438 28 3
    endloop
  endfacet
  facet normal 0 0 -1
    outer loop
      vertex 27 -27 3
      vertex 31 -25 3
      vertex 30.196151733398438 -28 3
    endloop
  endfacet
  facet normal 0 0 -1
    outer loop
      vertex 27 -27 3
      vertex 30.196151733398438 -28 3
      vertex 28 -30.196151733398438 3
    endloop
  endfacet
  facet normal 0 0 -1
    outer loop
      vertex 31 -25 3
      vertex 27 -27 3
      vertex 30.196151733398438 -22 3
    endloop
  endfacet
  facet normal 0 0 -1
    outer loop
      vertex 30.196151733398438 -22 3
      vertex 27 -27 3
      vertex 28 -19.803848266601562 3
    endloop
  endfacet
  facet normal 0 0 -1
    outer loop
      vertex 25 -31 3
      vertex 27 -27 3
      vertex 28 -30.196151733398438 3
    endloop
  endfacet
  facet normal 0 0 -1
    outer loop
      vertex 22 -30.196151733398438 3
      vertex 27 -27 3
      vertex 25 -31 3
    endloop
  endfacet
  facet normal 0 0 -1
    outer loop
      vertex 19.803848266601562 -28 3
      vertex 27 -27 3
      vertex 22 -30.196151733398438 3
    endloop
  endfacet
  facet normal 0 0 -1
    outer loop
      vertex 27 -27 3
      vertex 19.803848266601562 -28 3
      vertex 19.535898208618164 -27 3
    endloop
  endfacet
  facet normal 0 0 -1
    outer loop
      vertex 28 -19.803848266601562 3
      vertex 27 -27 3
      vertex 27 -19.535898208618164 3
    endloop
  endfacet
  facet normal 0.8844343732963519 0.23698026508590322 -0.40201516549964145
    outer loop
      vertex -18.9434757232666 -21.81818199157715 28.899999618530273
      vertex -19.803848266601562 -22 26.899999618530273
      vertex -19.016551971435547 -21.545454025268555 28.899999618530273
    endloop
  endfacet
  facet normal 0.8844335473370109 0.23698345798370904 -0.40201510044643207
    outer loop
      vertex -19.803848266601562 -22 26.899999618530273
      vertex -18.9434757232666 -21.81818199157715 28.899999618530273
      vertex -19 -25 26.899999618530273
    endloop
  endfacet
  facet normal -0.8844335473370109 -0.23698345798370904 -0.40201510044643207
    outer loop
      vertex -30.196151733398438 -28 26.899999618530273
      vertex -31.0565242767334 -28.18181800842285 28.899999618530273
      vertex -31 -25 26.899999618530273
    endloop
  endfacet
  facet normal -0.8844343732963519 -0.23698026508590322 -0.40201516549964145
    outer loop
      vertex -31.0565242767334 -28.18181800842285 28.899999618530273
      vertex -30.196151733398438 -28 26.899999618530273
      vertex -30.983448028564453 -28.454545974731445 28.899999618530273
    endloop
  endfacet
  facet normal 0.8844336618765514 0.23698334092971463 -0.4020149174613107
    outer loop
      vertex -18.090909957885742 -25 28.899999618530273
      vertex -19 -25 26.899999618530273
      vertex -18.9434757232666 -21.81818199157715 28.899999618530273
    endloop
  endfacet
  facet normal -0.23698345798370904 0.8844335473370109 -0.40201510044643207
    outer loop
      vertex -28 -19.803848266601562 26.899999618530273
      vertex -28.18181800842285 -18.9434757232666 28.899999618530273
      vertex -25 -19 26.899999618530273
    endloop
  endfacet
  facet normal -0.23698026508590322 0.8844343732963519 -0.40201516549964145
    outer loop
      vertex -28.18181800842285 -18.9434757232666 28.899999618530273
      vertex -28 -19.803848266601562 26.899999618530273
      vertex -28.454545974731445 -19.016551971435547 28.899999618530273
    endloop
  endfacet
  facet normal 0.23698334092971463 -0.8844336618765514 -0.4020149174613107
    outer loop
      vertex -21.81818199157715 -31.0565242767334 28.899999618530273
      vertex -25 -31.909090042114258 28.899999618530273
      vertex -25 -31 26.899999618530273
    endloop
  endfacet
  facet normal -0.23698334092971463 0.8844336618765514 -0.4020149174613107
    outer loop
      vertex -25 -19 26.899999618530273
      vertex -28.18181800842285 -18.9434757232666 28.899999618530273
      vertex -25 -18.090909957885742 28.899999618530273
    endloop
  endfacet
  facet normal -0.8844336618765514 0.23698334092971463 -0.4020149174613107
    outer loop
      vertex -31 -25 26.899999618530273
      vertex -31.909090042114258 -25 28.899999618530273
      vertex -31.0565242767334 -21.81818199157715 28.899999618530273
    endloop
  endfacet
  facet normal -0.8844336618765514 -0.23698334092971463 -0.4020149174613107
    outer loop
      vertex -31.0565242767334 -28.18181800842285 28.899999618530273
      vertex -31.909090042114258 -25 28.899999618530273
      vertex -31 -25 26.899999618530273
    endloop
  endfacet
  facet normal 0.8844336618765514 -0.23698334092971463 -0.4020149174613107
    outer loop
      vertex -18.9434757232666 -28.18181800842285 28.899999618530273
      vertex -19 -25 26.899999618530273
      vertex -18.090909957885742 -25 28.899999618530273
    endloop
  endfacet
  facet normal -0.647450201405554 0.647450201405554 -0.4020155138795207
    outer loop
      vertex -28 -19.803848266601562 26.899999618530273
      vertex -30.983448028564453 -21.545454025268555 28.899999618530273
      vertex -28.454545974731445 -19.016551971435547 28.899999618530273
    endloop
  endfacet
  facet normal -0.647450201405554 0.647450201405554 -0.4020155138795207
    outer loop
      vertex -30.983448028564453 -21.545454025268555 28.899999618530273
      vertex -28 -19.803848266601562 26.899999618530273
      vertex -30.196151733398438 -22 26.899999618530273
    endloop
  endfacet
  facet normal -0.23698026508590322 -0.8844343732963519 -0.40201516549964145
    outer loop
      vertex -28 -30.196151733398438 26.899999618530273
      vertex -28.18181800842285 -31.0565242767334 28.899999618530273
      vertex -28.454545974731445 -30.983448028564453 28.899999618530273
    endloop
  endfacet
  facet normal -0.23698345798370904 -0.8844335473370109 -0.40201510044643207
    outer loop
      vertex -28.18181800842285 -31.0565242767334 28.899999618530273
      vertex -28 -30.196151733398438 26.899999618530273
      vertex -25 -31 26.899999618530273
    endloop
  endfacet
  facet normal 0.23698345798370904 -0.8844335473370109 -0.40201510044643207
    outer loop
      vertex -22 -30.196151733398438 26.899999618530273
      vertex -21.81818199157715 -31.0565242767334 28.899999618530273
      vertex -25 -31 26.899999618530273
    endloop
  endfacet
  facet normal 0.23698026508590322 -0.8844343732963519 -0.40201516549964145
    outer loop
      vertex -21.81818199157715 -31.0565242767334 28.899999618530273
      vertex -22 -30.196151733398438 26.899999618530273
      vertex -21.545454025268555 -30.983448028564453 28.899999618530273
    endloop
  endfacet
  facet normal 0.647450201405554 0.647450201405554 -0.4020155138795207
    outer loop
      vertex -19.016551971435547 -21.545454025268555 28.899999618530273
      vertex -22 -19.803848266601562 26.899999618530273
      vertex -21.545454025268555 -19.016551971435547 28.899999618530273
    endloop
  endfacet
  facet normal 0.647450201405554 0.647450201405554 -0.4020155138795207
    outer loop
      vertex -22 -19.803848266601562 26.899999618530273
      vertex -19.016551971435547 -21.545454025268555 28.899999618530273
      vertex -19.803848266601562 -22 26.899999618530273
    endloop
  endfacet
  facet normal 0.8844335473370109 -0.23698345798370904 -0.40201510044643207
    outer loop
      vertex -18.9434757232666 -28.18181800842285 28.899999618530273
      vertex -19.803848266601562 -28 26.899999618530273
      vertex -19 -25 26.899999618530273
    endloop
  endfacet
  facet normal 0.8844343732963519 -0.23698026508590322 -0.40201516549964145
    outer loop
      vertex -19.803848266601562 -28 26.899999618530273
      vertex -18.9434757232666 -28.18181800842285 28.899999618530273
      vertex -19.016551971435547 -28.454545974731445 28.899999618530273
    endloop
  endfacet
  facet normal 0.23698026508590322 0.8844343732963519 -0.40201516549964145
    outer loop
      vertex -22 -19.803848266601562 26.899999618530273
      vertex -21.81818199157715 -18.9434757232666 28.899999618530273
      vertex -21.545454025268555 -19.016551971435547 28.899999618530273
    endloop
  endfacet
  facet normal 0.23698345798370904 0.8844335473370109 -0.40201510044643207
    outer loop
      vertex -21.81818199157715 -18.9434757232666 28.899999618530273
      vertex -22 -19.803848266601562 26.899999618530273
      vertex -25 -19 26.899999618530273
    endloop
  endfacet
  facet normal 0.647450201405554 -0.647450201405554 -0.4020155138795207
    outer loop
      vertex -19.016551971435547 -28.454545974731445 28.899999618530273
      vertex -22 -30.196151733398438 26.899999618530273
      vertex -19.803848266601562 -28 26.899999618530273
    endloop
  endfacet
  facet normal 0.647450201405554 -0.647450201405554 -0.4020155138795207
    outer loop
      vertex -22 -30.196151733398438 26.899999618530273
      vertex -19.016551971435547 -28.454545974731445 28.899999618530273
      vertex -21.545454025268555 -30.983448028564453 28.899999618530273
    endloop
  endfacet
  facet normal 0.23698334092971463 0.8844336618765514 -0.4020149174613107
    outer loop
      vertex -21.81818199157715 -18.9434757232666 28.899999618530273
      vertex -25 -19 26.899999618530273
      vertex -25 -18.090909957885742 28.899999618530273
    endloop
  endfacet
  facet normal -0.8844343732963519 0.23698026508590322 -0.40201516549964145
    outer loop
      vertex -30.196151733398438 -22 26.899999618530273
      vertex -31.0565242767334 -21.81818199157715 28.899999618530273
      vertex -30.983448028564453 -21.545454025268555 28.899999618530273
    endloop
  endfacet
  facet normal -0.8844335473370109 0.23698345798370904 -0.40201510044643207
    outer loop
      vertex -31.0565242767334 -21.81818199157715 28.899999618530273
      vertex -30.196151733398438 -22 26.899999618530273
      vertex -31 -25 26.899999618530273
    endloop
  endfacet
  facet normal -0.23698334092971463 -0.8844336618765514 -0.4020149174613107
    outer loop
      vertex -25 -31.909090042114258 28.899999618530273
      vertex -28.18181800842285 -31.0565242767334 28.899999618530273
      vertex -25 -31 26.899999618530273
    endloop
  endfacet
  facet normal -0.647450201405554 -0.647450201405554 -0.4020155138795207
    outer loop
      vertex -28 -30.196151733398438 26.899999618530273
      vertex -30.983448028564453 -28.454545974731445 28.899999618530273
      vertex -30.196151733398438 -28 26.899999618530273
    endloop
  endfacet
  facet normal -0.647450201405554 -0.647450201405554 -0.4020155138795207
    outer loop
      vertex -30.983448028564453 -28.454545974731445 28.899999618530273
      vertex -28 -30.196151733398438 26.899999618530273
      vertex -28.454545974731445 -30.983448028564453 28.899999618530273
    endloop
  endfacet
  facet normal 0.7933614510925967 0.21258100065521038 0.5704269682270278
    outer loop
      vertex -18.764617919921875 -21.400001525878906 28.899999618530273
      vertex -24.990001678466797 -25 38.900001525878906
      vertex -17.799999237060547 -25 28.899999618530273
    endloop
  endfacet
  facet normal 0.21249927995186235 -0.7933911862590188 0.5704160600705828
    outer loop
      vertex -24.9950008392334 -25.00865936279297 38.900001525878906
      vertex -25 -25.009998321533203 38.900001525878906
      vertex -21.400001525878906 -31.235382080078125 28.899999618530273
    endloop
  endfacet
  facet normal 0.7933911862590188 0.21249927995186235 0.5704160600705828
    outer loop
      vertex -18.764617919921875 -21.400001525878906 28.899999618530273
      vertex -24.99134063720703 -24.9950008392334 38.900001525878906
      vertex -24.990001678466797 -25 38.900001525878906
    endloop
  endfacet
  facet normal 0.7933614510925967 -0.21258100065521038 0.5704269682270278
    outer loop
      vertex -17.799999237060547 -25 28.899999618530273
      vertex -24.990001678466797 -25 38.900001525878906
      vertex -18.764617919921875 -28.599998474121094 28.899999618530273
    endloop
  endfacet
  facet normal 0.21258100065521038 -0.7933614510925967 0.5704269682270278
    outer loop
      vertex -25 -25.009998321533203 38.900001525878906
      vertex -25 -32.20000076293945 28.899999618530273
      vertex -21.400001525878906 -31.235382080078125 28.899999618530273
    endloop
  endfacet
  facet normal -0.7933614510925967 -0.21258100065521038 0.5704269682270278
    outer loop
      vertex -25.009998321533203 -25 38.900001525878906
      vertex -32.20000076293945 -25 28.899999618530273
      vertex -31.235382080078125 -28.599998474121094 28.899999618530273
    endloop
  endfacet
  facet normal 0.21258100065521038 0.7933614510925967 0.5704269682270278
    outer loop
      vertex -25 -17.799999237060547 28.899999618530273
      vertex -25 -24.990001678466797 38.900001525878906
      vertex -21.400001525878906 -18.764617919921875 28.899999618530273
    endloop
  endfacet
  facet normal 0.580781021502867 -0.580781021502867 0.5704268665869204
    outer loop
      vertex -24.9950008392334 -25.00865936279297 38.900001525878906
      vertex -18.764617919921875 -28.599998474121094 28.899999618530273
      vertex -24.99134063720703 -25.0049991607666 38.900001525878906
    endloop
  endfacet
  facet normal 0.5807810215028671 -0.5807810215028671 0.5704268665869205
    outer loop
      vertex -18.764617919921875 -28.599998474121094 28.899999618530273
      vertex -24.9950008392334 -25.00865936279297 38.900001525878906
      vertex -21.400001525878906 -31.235382080078125 28.899999618530273
    endloop
  endfacet
  facet normal -0.21258100065521038 -0.7933614510925967 0.5704269682270278
    outer loop
      vertex -25 -25.009998321533203 38.900001525878906
      vertex -28.599998474121094 -31.235382080078125 28.899999618530273
      vertex -25 -32.20000076293945 28.899999618530273
    endloop
  endfacet
  facet normal 0 0 -1
    outer loop
      vertex -18.9434757232666 -28.18181800842285 28.899999618530273
      vertex -17.799999237060547 -25 28.899999618530273
      vertex -18.764617919921875 -28.599998474121094 28.899999618530273
    endloop
  endfacet
  facet normal 0 0 -1
    outer loop
      vertex -17.799999237060547 -25 28.899999618530273
      vertex -18.9434757232666 -28.18181800842285 28.899999618530273
      vertex -18.090909957885742 -25 28.899999618530273
    endloop
  endfacet
  facet normal 0 0 -1
    outer loop
      vertex -18.764617919921875 -28.599998474121094 28.899999618530273
      vertex -19.016551971435547 -28.454545974731445 28.899999618530273
      vertex -18.9434757232666 -28.18181800842285 28.899999618530273
    endloop
  endfacet
  facet normal 0 0 -1
    outer loop
      vertex -21.400001525878906 -31.235382080078125 28.899999618530273
      vertex -19.016551971435547 -28.454545974731445 28.899999618530273
      vertex -18.764617919921875 -28.599998474121094 28.899999618530273
    endloop
  endfacet
  facet normal 0 0 -1
    outer loop
      vertex -21.400001525878906 -31.235382080078125 28.899999618530273
      vertex -21.545454025268555 -30.983448028564453 28.899999618530273
      vertex -19.016551971435547 -28.454545974731445 28.899999618530273
    endloop
  endfacet
  facet normal 0 0 -1
    outer loop
      vertex -21.400001525878906 -31.235382080078125 28.899999618530273
      vertex -21.81818199157715 -31.0565242767334 28.899999618530273
      vertex -21.545454025268555 -30.983448028564453 28.899999618530273
    endloop
  endfacet
  facet normal 0 0 -1
    outer loop
      vertex -25 -32.20000076293945 28.899999618530273
      vertex -21.81818199157715 -31.0565242767334 28.899999618530273
      vertex -21.400001525878906 -31.235382080078125 28.899999618530273
    endloop
  endfacet
  facet normal 0 0 -1
    outer loop
      vertex -25 -32.20000076293945 28.899999618530273
      vertex -25 -31.909090042114258 28.899999618530273
      vertex -21.81818199157715 -31.0565242767334 28.899999618530273
    endloop
  endfacet
  facet normal 0 0 -1
    outer loop
      vertex -25 -32.20000076293945 28.899999618530273
      vertex -28.18181800842285 -31.0565242767334 28.899999618530273
      vertex -25 -31.909090042114258 28.899999618530273
    endloop
  endfacet
  facet normal 0 0 -1
    outer loop
      vertex -28.599998474121094 -31.235382080078125 28.899999618530273
      vertex -28.18181800842285 -31.0565242767334 28.899999618530273
      vertex -25 -32.20000076293945 28.899999618530273
    endloop
  endfacet
  facet normal 0 0 -1
    outer loop
      vertex -28.18181800842285 -31.0565242767334 28.899999618530273
      vertex -28.599998474121094 -31.235382080078125 28.899999618530273
      vertex -28.454545974731445 -30.983448028564453 28.899999618530273
    endloop
  endfacet
  facet normal 0 0 -1
    outer loop
      vertex -28.599998474121094 -31.235382080078125 28.899999618530273
      vertex -30.983448028564453 -28.454545974731445 28.899999618530273
      vertex -28.454545974731445 -30.983448028564453 28.899999618530273
    endloop
  endfacet
  facet normal 0 0 -1
    outer loop
      vertex -31.235382080078125 -28.599998474121094 28.899999618530273
      vertex -30.983448028564453 -28.454545974731445 28.899999618530273
      vertex -28.599998474121094 -31.235382080078125 28.899999618530273
    endloop
  endfacet
  facet normal 0 0 -1
    outer loop
      vertex -31.235382080078125 -28.599998474121094 28.899999618530273
      vertex -31.0565242767334 -28.18181800842285 28.899999618530273
      vertex -30.983448028564453 -28.454545974731445 28.899999618530273
    endloop
  endfacet
  facet normal 0 0 -1
    outer loop
      vertex -32.20000076293945 -25 28.899999618530273
      vertex -31.0565242767334 -28.18181800842285 28.899999618530273
      vertex -31.235382080078125 -28.599998474121094 28.899999618530273
    endloop
  endfacet
  facet normal 0 0 -1
    outer loop
      vertex -31.0565242767334 -28.18181800842285 28.899999618530273
      vertex -32.20000076293945 -25 28.899999618530273
      vertex -31.909090042114258 -25 28.899999618530273
    endloop
  endfacet
  facet normal 0 0 -1
    outer loop
      vertex -18.9434757232666 -21.81818199157715 28.899999618530273
      vertex -17.799999237060547 -25 28.899999618530273
      vertex -18.090909957885742 -25 28.899999618530273
    endloop
  endfacet
  facet normal 0 0 -1
    outer loop
      vertex -17.799999237060547 -25 28.899999618530273
      vertex -18.9434757232666 -21.81818199157715 28.899999618530273
      vertex -18.764617919921875 -21.400001525878906 28.899999618530273
    endloop
  endfacet
  facet normal 0 0 -1
    outer loop
      vertex -19.016551971435547 -21.545454025268555 28.899999618530273
      vertex -18.764617919921875 -21.400001525878906 28.899999618530273
      vertex -18.9434757232666 -21.81818199157715 28.899999618530273
    endloop
  endfacet
  facet normal 0 0 -1
    outer loop
      vertex -19.016551971435547 -21.545454025268555 28.899999618530273
      vertex -21.400001525878906 -18.764617919921875 28.899999618530273
      vertex -18.764617919921875 -21.400001525878906 28.899999618530273
    endloop
  endfacet
  facet normal 0 0 -1
    outer loop
      vertex -21.545454025268555 -19.016551971435547 28.899999618530273
      vertex -21.400001525878906 -18.764617919921875 28.899999618530273
      vertex -19.016551971435547 -21.545454025268555 28.899999618530273
    endloop
  endfacet
  facet normal 0 0 -1
    outer loop
      vertex -21.81818199157715 -18.9434757232666 28.899999618530273
      vertex -21.400001525878906 -18.764617919921875 28.899999618530273
      vertex -21.545454025268555 -19.016551971435547 28.899999618530273
    endloop
  endfacet
  facet normal 0 0 -1
    outer loop
      vertex -25 -17.799999237060547 28.899999618530273
      vertex -21.81818199157715 -18.9434757232666 28.899999618530273
      vertex -25 -18.090909957885742 28.899999618530273
    endloop
  endfacet
  facet normal 0 0 -1
    outer loop
      vertex -21.81818199157715 -18.9434757232666 28.899999618530273
      vertex -25 -17.799999237060547 28.899999618530273
      vertex -21.400001525878906 -18.764617919921875 28.899999618530273
    endloop
  endfacet
  facet normal 0 0 -1
    outer loop
      vertex -28.18181800842285 -18.9434757232666 28.899999618530273
      vertex -25 -17.799999237060547 28.899999618530273
      vertex -25 -18.090909957885742 28.899999618530273
    endloop
  endfacet
  facet normal 0 0 -1
    outer loop
      vertex -28.599998474121094 -18.764617919921875 28.899999618530273
      vertex -28.18181800842285 -18.9434757232666 28.899999618530273
      vertex -28.454545974731445 -19.016551971435547 28.899999618530273
    endloop
  endfacet
  facet normal 0 0 -1
    outer loop
      vertex -28.18181800842285 -18.9434757232666 28.899999618530273
      vertex -28.599998474121094 -18.764617919921875 28.899999618530273
      vertex -25 -17.799999237060547 28.899999618530273
    endloop
  endfacet
  facet normal 0 0 -1
    outer loop
      vertex -30.983448028564453 -21.545454025268555 28.899999618530273
      vertex -28.599998474121094 -18.764617919921875 28.899999618530273
      vertex -28.454545974731445 -19.016551971435547 28.899999618530273
    endloop
  endfacet
  facet normal 0 0 -1
    outer loop
      vertex -30.983448028564453 -21.545454025268555 28.899999618530273
      vertex -31.235382080078125 -21.400001525878906 28.899999618530273
      vertex -28.599998474121094 -18.764617919921875 28.899999618530273
    endloop
  endfacet
  facet normal 0 0 -1
    outer loop
      vertex -31.0565242767334 -21.81818199157715 28.899999618530273
      vertex -31.235382080078125 -21.400001525878906 28.899999618530273
      vertex -30.983448028564453 -21.545454025268555 28.899999618530273
    endloop
  endfacet
  facet normal 0 0 -1
    outer loop
      vertex -32.20000076293945 -25 28.899999618530273
      vertex -31.0565242767334 -21.81818199157715 28.899999618530273
      vertex -31.909090042114258 -25 28.899999618530273
    endloop
  endfacet
  facet normal 0 0 -1
    outer loop
      vertex -31.0565242767334 -21.81818199157715 28.899999618530273
      vertex -32.20000076293945 -25 28.899999618530273
      vertex -31.235382080078125 -21.400001525878906 28.899999618530273
    endloop
  endfacet
  facet normal -0.21249927995186235 -0.7933911862590188 0.5704160600705828
    outer loop
      vertex -25.0049991607666 -25.00865936279297 38.900001525878906
      vertex -28.599998474121094 -31.235382080078125 28.899999618530273
      vertex -25 -25.009998321533203 38.900001525878906
    endloop
  endfacet
  facet normal -0.7933614510925967 0.21258100065521038 0.5704269682270278
    outer loop
      vertex -31.235382080078125 -21.400001525878906 28.899999618530273
      vertex -32.20000076293945 -25 28.899999618530273
      vertex -25.009998321533203 -25 38.900001525878906
    endloop
  endfacet
  facet normal 0.21249927995186235 0.7933911862590188 0.5704160600705828
    outer loop
      vertex -21.400001525878906 -18.764617919921875 28.899999618530273
      vertex -25 -24.990001678466797 38.900001525878906
      vertex -24.9950008392334 -24.99134063720703 38.900001525878906
    endloop
  endfacet
  facet normal -0.21258100065521038 0.7933614510925967 0.5704269682270278
    outer loop
      vertex -25 -17.799999237060547 28.899999618530273
      vertex -28.599998474121094 -18.764617919921875 28.899999618530273
      vertex -25 -24.990001678466797 38.900001525878906
    endloop
  endfacet
  facet normal -0.7933911862590188 0.21249927995186235 0.5704160600705828
    outer loop
      vertex -25.00865936279297 -24.9950008392334 38.900001525878906
      vertex -31.235382080078125 -21.400001525878906 28.899999618530273
      vertex -25.009998321533203 -25 38.900001525878906
    endloop
  endfacet
  facet normal -0.7933911862590188 -0.21249927995186235 0.5704160600705828
    outer loop
      vertex -25.009998321533203 -25 38.900001525878906
      vertex -31.235382080078125 -28.599998474121094 28.899999618530273
      vertex -25.00865936279297 -25.0049991607666 38.900001525878906
    endloop
  endfacet
  facet normal -0.580781021502867 -0.580781021502867 0.5704268665869204
    outer loop
      vertex -31.235382080078125 -28.599998474121094 28.899999618530273
      vertex -25.0049991607666 -25.00865936279297 38.900001525878906
      vertex -25.00865936279297 -25.0049991607666 38.900001525878906
    endloop
  endfacet
  facet normal -0.5807810215028671 -0.5807810215028671 0.5704268665869205
    outer loop
      vertex -25.0049991607666 -25.00865936279297 38.900001525878906
      vertex -31.235382080078125 -28.599998474121094 28.899999618530273
      vertex -28.599998474121094 -31.235382080078125 28.899999618530273
    endloop
  endfacet
  facet normal 0.5807810215028671 0.5807810215028671 0.5704268665869205
    outer loop
      vertex -24.9950008392334 -24.99134063720703 38.900001525878906
      vertex -18.764617919921875 -21.400001525878906 28.899999618530273
      vertex -21.400001525878906 -18.764617919921875 28.899999618530273
    endloop
  endfacet
  facet normal 0.580781021502867 0.580781021502867 0.5704268665869204
    outer loop
      vertex -18.764617919921875 -21.400001525878906 28.899999618530273
      vertex -24.9950008392334 -24.99134063720703 38.900001525878906
      vertex -24.99134063720703 -24.9950008392334 38.900001525878906
    endloop
  endfacet
  facet normal 0.7933911862590188 -0.21249927995186235 0.5704160600705828
    outer loop
      vertex -24.990001678466797 -25 38.900001525878906
      vertex -24.99134063720703 -25.0049991607666 38.900001525878906
      vertex -18.764617919921875 -28.599998474121094 28.899999618530273
    endloop
  endfacet
  facet normal -0.21249927995186235 0.7933911862590188 0.5704160600705828
    outer loop
      vertex -25 -24.990001678466797 38.900001525878906
      vertex -28.599998474121094 -18.764617919921875 28.899999618530273
      vertex -25.0049991607666 -24.99134063720703 38.900001525878906
    endloop
  endfacet
  facet normal 0 0 1
    outer loop
      vertex -24.99134063720703 -24.9950008392334 38.900001525878906
      vertex -24.99134063720703 -25.0049991607666 38.900001525878906
      vertex -24.990001678466797 -25 38.900001525878906
    endloop
  endfacet
  facet normal 0 0 1
    outer loop
      vertex -24.9950008392334 -24.99134063720703 38.900001525878906
      vertex -24.99134063720703 -25.0049991607666 38.900001525878906
      vertex -24.99134063720703 -24.9950008392334 38.900001525878906
    endloop
  endfacet
  facet normal 0 0 1
    outer loop
      vertex -24.9950008392334 -24.99134063720703 38.900001525878906
      vertex -24.9950008392334 -25.00865936279297 38.900001525878906
      vertex -24.99134063720703 -25.0049991607666 38.900001525878906
    endloop
  endfacet
  facet normal 0 0 1
    outer loop
      vertex -25 -24.990001678466797 38.900001525878906
      vertex -24.9950008392334 -25.00865936279297 38.900001525878906
      vertex -24.9950008392334 -24.99134063720703 38.900001525878906
    endloop
  endfacet
  facet normal 0 0 1
    outer loop
      vertex -25 -24.990001678466797 38.900001525878906
      vertex -25 -25.009998321533203 38.900001525878906
      vertex -24.9950008392334 -25.00865936279297 38.900001525878906
    endloop
  endfacet
  facet normal 0 0 1
    outer loop
      vertex -25.0049991607666 -24.99134063720703 38.900001525878906
      vertex -25 -25.009998321533203 38.900001525878906
      vertex -25 -24.990001678466797 38.900001525878906
    endloop
  endfacet
  facet normal 0 0 1
    outer loop
      vertex -25.0049991607666 -24.99134063720703 38.900001525878906
      vertex -25.0049991607666 -25.00865936279297 38.900001525878906
      vertex -25 -25.009998321533203 38.900001525878906
    endloop
  endfacet
  facet normal 0 0 1
    outer loop
      vertex -25.00865936279297 -24.9950008392334 38.900001525878906
      vertex -25.0049991607666 -25.00865936279297 38.900001525878906
      vertex -25.0049991607666 -24.99134063720703 38.900001525878906
    endloop
  endfacet
  facet normal 0 0 1
    outer loop
      vertex -25.00865936279297 -24.9950008392334 38.900001525878906
      vertex -25.00865936279297 -25.0049991607666 38.900001525878906
      vertex -25.0049991607666 -25.00865936279297 38.900001525878906
    endloop
  endfacet
  facet normal 0 0 1
    outer loop
      vertex -25.00865936279297 -25.0049991607666 38.900001525878906
      vertex -25.00865936279297 -24.9950008392334 38.900001525878906
      vertex -25.009998321533203 -25 38.900001525878906
    endloop
  endfacet
  facet normal -0.5807810215028671 0.5807810215028671 0.5704268665869205
    outer loop
      vertex -31.235382080078125 -21.400001525878906 28.899999618530273
      vertex -25.0049991607666 -24.99134063720703 38.900001525878906
      vertex -28.599998474121094 -18.764617919921875 28.899999618530273
    endloop
  endfacet
  facet normal -0.580781021502867 0.580781021502867 0.5704268665869204
    outer loop
      vertex -25.0049991607666 -24.99134063720703 38.900001525878906
      vertex -31.235382080078125 -21.400001525878906 28.899999618530273
      vertex -25.00865936279297 -24.9950008392334 38.900001525878906
    endloop
  endfacet
  facet normal 0.7071067811865476 0.7071067811865476 0
    outer loop
      vertex 30.196151733398438 -22 26.899999618530273
      vertex 28 -19.803848266601562 3
      vertex 28 -19.803848266601562 26.899999618530273
    endloop
  endfacet
  facet normal 0.7071067811865476 0.7071067811865476 0
    outer loop
      vertex 28 -19.803848266601562 3
      vertex 30.196151733398438 -22 26.899999618530273
      vertex 30.196151733398438 -22 3
    endloop
  endfacet
  facet normal -0.7071067811865475 0.7071067811865475 0
    outer loop
      vertex 21.60384750366211 -20.200000762939453 19
      vertex 22 -19.803848266601562 3.09999942779541
      vertex 21.60384750366211 -20.200000762939453 3.09999942779541
    endloop
  endfacet
  facet normal -0.7071067811865475 0.7071067811865475 0
    outer loop
      vertex 22 -19.803848266601562 3.09999942779541
      vertex 21.60384750366211 -20.200000762939453 19
      vertex 22 -19.803848266601562 26.899999618530273
    endloop
  endfacet
  facet normal -0.7071067811865476 0.7071067811865476 0
    outer loop
      vertex 19.803848266601562 -22 26.899999618530273
      vertex 21.60384750366211 -20.200000762939453 19
      vertex 19.803848266601562 -22 19
    endloop
  endfacet
  facet normal -0.7071067811865476 0.7071067811865476 0
    outer loop
      vertex 21.60384750366211 -20.200000762939453 19
      vertex 19.803848266601562 -22 26.899999618530273
      vertex 22 -19.803848266601562 26.899999618530273
    endloop
  endfacet
  facet normal 0.9659257708040004 0.25881925217552465 0
    outer loop
      vertex 31 -25 26.899999618530273
      vertex 30.196151733398438 -22 3
      vertex 30.196151733398438 -22 26.899999618530273
    endloop
  endfacet
  facet normal 0.9659257708040004 0.25881925217552465 0
    outer loop
      vertex 30.196151733398438 -22 3
      vertex 31 -25 26.899999618530273
      vertex 31 -25 3
    endloop
  endfacet
  facet normal -0.25881925217552465 -0.9659257708040004 0
    outer loop
      vertex 22 -30.196151733398438 3
      vertex 25 -31 26.899999618530273
      vertex 22 -30.196151733398438 26.899999618530273
    endloop
  endfacet
  facet normal -0.25881925217552465 -0.9659257708040004 0
    outer loop
      vertex 25 -31 26.899999618530273
      vertex 22 -30.196151733398438 3
      vertex 25 -31 3
    endloop
  endfacet
  facet normal -0.7071067811865476 -0.7071067811865476 0
    outer loop
      vertex 22 -30.196151733398438 3
      vertex 19.803848266601562 -28 26.899999618530273
      vertex 19.803848266601562 -28 3
    endloop
  endfacet
  facet normal -0.7071067811865476 -0.7071067811865476 0
    outer loop
      vertex 19.803848266601562 -28 26.899999618530273
      vertex 22 -30.196151733398438 3
      vertex 22 -30.196151733398438 26.899999618530273
    endloop
  endfacet
  facet normal 0.2588192521755239 0.9659257708039977 7.468696085295609e-8
    outer loop
      vertex 28 -19.803848266601562 26.899999618530273
      vertex 26.600000381469727 -19.42871856689453 19
      vertex 25 -19 26.899999618530273
    endloop
  endfacet
  facet normal 0.258819645391701 0.9659256654418673 0
    outer loop
      vertex 28 -19.803848266601562 3
      vertex 26.600000381469727 -19.42871856689453 19
      vertex 28 -19.803848266601562 26.899999618530273
    endloop
  endfacet
  facet normal 0.2588198267430258 0.9659256168487872 1.7007530818278893e-8
    outer loop
      vertex 26.600000381469727 -19.42871856689453 19
      vertex 28 -19.803848266601562 3
      vertex 27 -19.535898208618164 3.09999942779541
    endloop
  endfacet
  facet normal 0.2588198251562113 0.9659256172739743 0
    outer loop
      vertex 27 -19.535898208618164 3.09999942779541
      vertex 28 -19.803848266601562 3
      vertex 27 -19.535898208618164 3
    endloop
  endfacet
  facet normal 0.2588189081114405 0.9659258629957072 0
    outer loop
      vertex 25 -19 26.899999618530273
      vertex 26.600000381469727 -19.42871856689453 19
      vertex 25 -19 19
    endloop
  endfacet
  facet normal 0.25881919597987885 0.9659257858615895 0
    outer loop
      vertex 26.600000381469727 -19.42871856689453 19
      vertex 27 -19.535898208618164 3.09999942779541
      vertex 26.600000381469727 -19.42871856689453 3.09999942779541
    endloop
  endfacet
  facet normal -0.9659256172739743 -0.2588198251562113 0
    outer loop
      vertex 19.535898208618164 -27 3
      vertex 19.803848266601562 -28 3
      vertex 19.535898208618164 -27 3.09999942779541
    endloop
  endfacet
  facet normal -0.9659258475689042 -0.2588189656850788 0
    outer loop
      vertex 19.535898208618164 -27 3.09999942779541
      vertex 19 -25 26.899999618530273
      vertex 19 -25 3.09999942779541
    endloop
  endfacet
  facet normal -0.9659256172739743 -0.2588198251562113 0
    outer loop
      vertex 19.803848266601562 -28 26.899999618530273
      vertex 19.535898208618164 -27 3.09999942779541
      vertex 19.803848266601562 -28 3
    endloop
  endfacet
  facet normal -0.965925770804 -0.25881925217552454 2.5803321898831797e-8
    outer loop
      vertex 19.535898208618164 -27 3.09999942779541
      vertex 19.803848266601562 -28 26.899999618530273
      vertex 19 -25 26.899999618530273
    endloop
  endfacet
  facet normal -0.2588189081114405 0.9659258629957072 0
    outer loop
      vertex 23.399999618530273 -19.42871856689453 19
      vertex 25 -19 26.899999618530273
      vertex 25 -19 19
    endloop
  endfacet
  facet normal -0.2588192521755239 0.9659257708039977 7.468696085295609e-8
    outer loop
      vertex 25 -19 26.899999618530273
      vertex 23.399999618530273 -19.42871856689453 19
      vertex 22 -19.803848266601562 26.899999618530273
    endloop
  endfacet
  facet normal -0.25881964539170094 0.9659256654418672 0
    outer loop
      vertex 22 -19.803848266601562 3.09999942779541
      vertex 23.399999618530273 -19.42871856689453 19
      vertex 23.399999618530273 -19.42871856689453 3.09999942779541
    endloop
  endfacet
  facet normal -0.258819645391701 0.9659256654418673 0
    outer loop
      vertex 23.399999618530273 -19.42871856689453 19
      vertex 22 -19.803848266601562 3.09999942779541
      vertex 22 -19.803848266601562 26.899999618530273
    endloop
  endfacet
  facet normal 0.25881925217552465 -0.9659257708040004 0
    outer loop
      vertex 25 -31 3
      vertex 28 -30.196151733398438 26.899999618530273
      vertex 25 -31 26.899999618530273
    endloop
  endfacet
  facet normal 0.25881925217552465 -0.9659257708040004 0
    outer loop
      vertex 28 -30.196151733398438 26.899999618530273
      vertex 25 -31 3
      vertex 28 -30.196151733398438 3
    endloop
  endfacet
  facet normal -0.9659258629957072 0.2588189081114405 0
    outer loop
      vertex 19.42871856689453 -23.399999618530273 3.09999942779541
      vertex 19 -25 3.09999942779541
      vertex 19.42871856689453 -23.399999618530273 19
    endloop
  endfacet
  facet normal -0.9659256654418673 0.258819645391701 0
    outer loop
      vertex 19.42871856689453 -23.399999618530273 19
      vertex 19.803848266601562 -22 26.899999618530273
      vertex 19.803848266601562 -22 19
    endloop
  endfacet
  facet normal -0.9659257708039977 0.2588192521755239 7.468696085295609e-8
    outer loop
      vertex 19.42871856689453 -23.399999618530273 19
      vertex 19 -25 26.899999618530273
      vertex 19.803848266601562 -22 26.899999618530273
    endloop
  endfacet
  facet normal -0.9659258629957073 0.25881890811144054 0
    outer loop
      vertex 19 -25 26.899999618530273
      vertex 19.42871856689453 -23.399999618530273 19
      vertex 19 -25 3.09999942779541
    endloop
  endfacet
  facet normal 0.9659257708040004 -0.25881925217552465 0
    outer loop
      vertex 30.196151733398438 -28 26.899999618530273
      vertex 31 -25 3
      vertex 31 -25 26.899999618530273
    endloop
  endfacet
  facet normal 0.9659257708040004 -0.25881925217552465 0
    outer loop
      vertex 31 -25 3
      vertex 30.196151733398438 -28 26.899999618530273
      vertex 30.196151733398438 -28 3
    endloop
  endfacet
  facet normal 0.7071067811865476 -0.7071067811865476 0
    outer loop
      vertex 28 -30.196151733398438 26.899999618530273
      vertex 30.196151733398438 -28 3
      vertex 30.196151733398438 -28 26.899999618530273
    endloop
  endfacet
  facet normal 0.7071067811865476 -0.7071067811865476 0
    outer loop
      vertex 30.196151733398438 -28 3
      vertex 28 -30.196151733398438 26.899999618530273
      vertex 28 -30.196151733398438 3
    endloop
  endfacet
  facet normal 0.8844343732963519 0.23698026508590322 -0.40201516549964145
    outer loop
      vertex 31.0565242767334 -21.81818199157715 28.899999618530273
      vertex 30.196151733398438 -22 26.899999618530273
      vertex 30.983448028564453 -21.545454025268555 28.899999618530273
    endloop
  endfacet
  facet normal 0.8844335473370109 0.23698345798370904 -0.40201510044643207
    outer loop
      vertex 30.196151733398438 -22 26.899999618530273
      vertex 31.0565242767334 -21.81818199157715 28.899999618530273
      vertex 31 -25 26.899999618530273
    endloop
  endfacet
  facet normal -0.8844335473370109 -0.23698345798370904 -0.40201510044643207
    outer loop
      vertex 19.803848266601562 -28 26.899999618530273
      vertex 18.9434757232666 -28.18181800842285 28.899999618530273
      vertex 19 -25 26.899999618530273
    endloop
  endfacet
  facet normal -0.8844343732963519 -0.23698026508590322 -0.40201516549964145
    outer loop
      vertex 18.9434757232666 -28.18181800842285 28.899999618530273
      vertex 19.803848266601562 -28 26.899999618530273
      vertex 19.016551971435547 -28.454545974731445 28.899999618530273
    endloop
  endfacet
  facet normal 0.8844336618765514 0.23698334092971463 -0.4020149174613107
    outer loop
      vertex 31.909090042114258 -25 28.899999618530273
      vertex 31 -25 26.899999618530273
      vertex 31.0565242767334 -21.81818199157715 28.899999618530273
    endloop
  endfacet
  facet normal -0.23698345798370904 0.8844335473370109 -0.40201510044643207
    outer loop
      vertex 22 -19.803848266601562 26.899999618530273
      vertex 21.81818199157715 -18.9434757232666 28.899999618530273
      vertex 25 -19 26.899999618530273
    endloop
  endfacet
  facet normal -0.23698026508590322 0.8844343732963519 -0.40201516549964145
    outer loop
      vertex 21.81818199157715 -18.9434757232666 28.899999618530273
      vertex 22 -19.803848266601562 26.899999618530273
      vertex 21.545454025268555 -19.016551971435547 28.899999618530273
    endloop
  endfacet
  facet normal 0.23698334092971463 -0.8844336618765514 -0.4020149174613107
    outer loop
      vertex 28.18181800842285 -31.0565242767334 28.899999618530273
      vertex 25 -31.909090042114258 28.899999618530273
      vertex 25 -31 26.899999618530273
    endloop
  endfacet
  facet normal -0.23698334092971463 0.8844336618765514 -0.4020149174613107
    outer loop
      vertex 25 -19 26.899999618530273
      vertex 21.81818199157715 -18.9434757232666 28.899999618530273
      vertex 25 -18.090909957885742 28.899999618530273
    endloop
  endfacet
  facet normal -0.8844336618765514 0.23698334092971463 -0.4020149174613107
    outer loop
      vertex 19 -25 26.899999618530273
      vertex 18.090909957885742 -25 28.899999618530273
      vertex 18.9434757232666 -21.81818199157715 28.899999618530273
    endloop
  endfacet
  facet normal -0.8844336618765514 -0.23698334092971463 -0.4020149174613107
    outer loop
      vertex 18.9434757232666 -28.18181800842285 28.899999618530273
      vertex 18.090909957885742 -25 28.899999618530273
      vertex 19 -25 26.899999618530273
    endloop
  endfacet
  facet normal 0.8844336618765514 -0.23698334092971463 -0.4020149174613107
    outer loop
      vertex 31.0565242767334 -28.18181800842285 28.899999618530273
      vertex 31 -25 26.899999618530273
      vertex 31.909090042114258 -25 28.899999618530273
    endloop
  endfacet
  facet normal -0.647450201405554 0.647450201405554 -0.4020155138795207
    outer loop
      vertex 22 -19.803848266601562 26.899999618530273
      vertex 19.016551971435547 -21.545454025268555 28.899999618530273
      vertex 21.545454025268555 -19.016551971435547 28.899999618530273
    endloop
  endfacet
  facet normal -0.647450201405554 0.647450201405554 -0.4020155138795207
    outer loop
      vertex 19.016551971435547 -21.545454025268555 28.899999618530273
      vertex 22 -19.803848266601562 26.899999618530273
      vertex 19.803848266601562 -22 26.899999618530273
    endloop
  endfacet
  facet normal -0.23698026508590322 -0.8844343732963519 -0.40201516549964145
    outer loop
      vertex 22 -30.196151733398438 26.899999618530273
      vertex 21.81818199157715 -31.0565242767334 28.899999618530273
      vertex 21.545454025268555 -30.983448028564453 28.899999618530273
    endloop
  endfacet
  facet normal -0.23698345798370904 -0.8844335473370109 -0.40201510044643207
    outer loop
      vertex 21.81818199157715 -31.0565242767334 28.899999618530273
      vertex 22 -30.196151733398438 26.899999618530273
      vertex 25 -31 26.899999618530273
    endloop
  endfacet
  facet normal 0.23698345798370904 -0.8844335473370109 -0.40201510044643207
    outer loop
      vertex 28 -30.196151733398438 26.899999618530273
      vertex 28.18181800842285 -31.0565242767334 28.899999618530273
      vertex 25 -31 26.899999618530273
    endloop
  endfacet
  facet normal 0.23698026508590322 -0.8844343732963519 -0.40201516549964145
    outer loop
      vertex 28.18181800842285 -31.0565242767334 28.899999618530273
      vertex 28 -30.196151733398438 26.899999618530273
      vertex 28.454545974731445 -30.983448028564453 28.899999618530273
    endloop
  endfacet
  facet normal 0.647450201405554 0.647450201405554 -0.4020155138795207
    outer loop
      vertex 30.983448028564453 -21.545454025268555 28.899999618530273
      vertex 28 -19.803848266601562 26.899999618530273
      vertex 28.454545974731445 -19.016551971435547 28.899999618530273
    endloop
  endfacet
  facet normal 0.647450201405554 0.647450201405554 -0.4020155138795207
    outer loop
      vertex 28 -19.803848266601562 26.899999618530273
      vertex 30.983448028564453 -21.545454025268555 28.899999618530273
      vertex 30.196151733398438 -22 26.899999618530273
    endloop
  endfacet
  facet normal 0.8844335473370109 -0.23698345798370904 -0.40201510044643207
    outer loop
      vertex 31.0565242767334 -28.18181800842285 28.899999618530273
      vertex 30.196151733398438 -28 26.899999618530273
      vertex 31 -25 26.899999618530273
    endloop
  endfacet
  facet normal 0.8844343732963519 -0.23698026508590322 -0.40201516549964145
    outer loop
      vertex 30.196151733398438 -28 26.899999618530273
      vertex 31.0565242767334 -28.18181800842285 28.899999618530273
      vertex 30.983448028564453 -28.454545974731445 28.899999618530273
    endloop
  endfacet
  facet normal 0.23698026508590322 0.8844343732963519 -0.40201516549964145
    outer loop
      vertex 28 -19.803848266601562 26.899999618530273
      vertex 28.18181800842285 -18.9434757232666 28.899999618530273
      vertex 28.454545974731445 -19.016551971435547 28.899999618530273
    endloop
  endfacet
  facet normal 0.23698345798370904 0.8844335473370109 -0.40201510044643207
    outer loop
      vertex 28.18181800842285 -18.9434757232666 28.899999618530273
      vertex 28 -19.803848266601562 26.899999618530273
      vertex 25 -19 26.899999618530273
    endloop
  endfacet
  facet normal 0.647450201405554 -0.647450201405554 -0.4020155138795207
    outer loop
      vertex 30.983448028564453 -28.454545974731445 28.899999618530273
      vertex 28 -30.196151733398438 26.899999618530273
      vertex 30.196151733398438 -28 26.899999618530273
    endloop
  endfacet
  facet normal 0.647450201405554 -0.647450201405554 -0.4020155138795207
    outer loop
      vertex 28 -30.196151733398438 26.899999618530273
      vertex 30.983448028564453 -28.454545974731445 28.899999618530273
      vertex 28.454545974731445 -30.983448028564453 28.899999618530273
    endloop
  endfacet
  facet normal 0.23698334092971463 0.8844336618765514 -0.4020149174613107
    outer loop
      vertex 28.18181800842285 -18.9434757232666 28.899999618530273
      vertex 25 -19 26.899999618530273
      vertex 25 -18.090909957885742 28.899999618530273
    endloop
  endfacet
  facet normal -0.8844343732963519 0.23698026508590322 -0.40201516549964145
    outer loop
      vertex 19.803848266601562 -22 26.899999618530273
      vertex 18.9434757232666 -21.81818199157715 28.899999618530273
      vertex 19.016551971435547 -21.545454025268555 28.899999618530273
    endloop
  endfacet
  facet normal -0.8844335473370109 0.23698345798370904 -0.40201510044643207
    outer loop
      vertex 18.9434757232666 -21.81818199157715 28.899999618530273
      vertex 19.803848266601562 -22 26.899999618530273
      vertex 19 -25 26.899999618530273
    endloop
  endfacet
  facet normal -0.23698334092971463 -0.8844336618765514 -0.4020149174613107
    outer loop
      vertex 25 -31.909090042114258 28.899999618530273
      vertex 21.81818199157715 -31.0565242767334 28.899999618530273
      vertex 25 -31 26.899999618530273
    endloop
  endfacet
  facet normal -0.647450201405554 -0.647450201405554 -0.4020155138795207
    outer loop
      vertex 22 -30.196151733398438 26.899999618530273
      vertex 19.016551971435547 -28.454545974731445 28.899999618530273
      vertex 19.803848266601562 -28 26.899999618530273
    endloop
  endfacet
  facet normal -0.647450201405554 -0.647450201405554 -0.4020155138795207
    outer loop
      vertex 19.016551971435547 -28.454545974731445 28.899999618530273
      vertex 22 -30.196151733398438 26.899999618530273
      vertex 21.545454025268555 -30.983448028564453 28.899999618530273
    endloop
  endfacet
  facet normal 0.7933614510925967 0.21258100065521038 0.5704269682270278
    outer loop
      vertex 31.235382080078125 -21.400001525878906 28.899999618530273
      vertex 25.009998321533203 -25 38.900001525878906
      vertex 32.20000076293945 -25 28.899999618530273
    endloop
  endfacet
  facet normal 0.21249927995186235 -0.7933911862590188 0.5704160600705828
    outer loop
      vertex 25.0049991607666 -25.00865936279297 38.900001525878906
      vertex 25 -25.009998321533203 38.900001525878906
      vertex 28.599998474121094 -31.235382080078125 28.899999618530273
    endloop
  endfacet
  facet normal 0.7933911862590188 0.21249927995186235 0.5704160600705828
    outer loop
      vertex 31.235382080078125 -21.400001525878906 28.899999618530273
      vertex 25.00865936279297 -24.9950008392334 38.900001525878906
      vertex 25.009998321533203 -25 38.900001525878906
    endloop
  endfacet
  facet normal 0.7933614510925967 -0.21258100065521038 0.5704269682270278
    outer loop
      vertex 32.20000076293945 -25 28.899999618530273
      vertex 25.009998321533203 -25 38.900001525878906
      vertex 31.235382080078125 -28.599998474121094 28.899999618530273
    endloop
  endfacet
  facet normal 0.21258100065521038 -0.7933614510925967 0.5704269682270278
    outer loop
      vertex 25 -25.009998321533203 38.900001525878906
      vertex 25 -32.20000076293945 28.899999618530273
      vertex 28.599998474121094 -31.235382080078125 28.899999618530273
    endloop
  endfacet
  facet normal -0.7933614510925967 -0.21258100065521038 0.5704269682270278
    outer loop
      vertex 24.990001678466797 -25 38.900001525878906
      vertex 17.799999237060547 -25 28.899999618530273
      vertex 18.764617919921875 -28.599998474121094 28.899999618530273
    endloop
  endfacet
  facet normal 0.21258100065521038 0.7933614510925967 0.5704269682270278
    outer loop
      vertex 25 -17.799999237060547 28.899999618530273
      vertex 25 -24.990001678466797 38.900001525878906
      vertex 28.599998474121094 -18.764617919921875 28.899999618530273
    endloop
  endfacet
  facet normal 0.580781021502867 -0.580781021502867 0.5704268665869204
    outer loop
      vertex 25.0049991607666 -25.00865936279297 38.900001525878906
      vertex 31.235382080078125 -28.599998474121094 28.899999618530273
      vertex 25.00865936279297 -25.0049991607666 38.900001525878906
    endloop
  endfacet
  facet normal 0.5807810215028671 -0.5807810215028671 0.5704268665869205
    outer loop
      vertex 31.235382080078125 -28.599998474121094 28.899999618530273
      vertex 25.0049991607666 -25.00865936279297 38.900001525878906
      vertex 28.599998474121094 -31.235382080078125 28.899999618530273
    endloop
  endfacet
  facet normal -0.21258100065521038 -0.7933614510925967 0.5704269682270278
    outer loop
      vertex 25 -25.009998321533203 38.900001525878906
      vertex 21.400001525878906 -31.235382080078125 28.899999618530273
      vertex 25 -32.20000076293945 28.899999618530273
    endloop
  endfacet
  facet normal 0 0 -1
    outer loop
      vertex 31.0565242767334 -28.18181800842285 28.899999618530273
      vertex 32.20000076293945 -25 28.899999618530273
      vertex 31.235382080078125 -28.599998474121094 28.899999618530273
    endloop
  endfacet
  facet normal 0 0 -1
    outer loop
      vertex 32.20000076293945 -25 28.899999618530273
      vertex 31.0565242767334 -28.18181800842285 28.899999618530273
      vertex 31.909090042114258 -25 28.899999618530273
    endloop
  endfacet
  facet normal 0 0 -1
    outer loop
      vertex 31.235382080078125 -28.599998474121094 28.899999618530273
      vertex 30.983448028564453 -28.454545974731445 28.899999618530273
      vertex 31.0565242767334 -28.18181800842285 28.899999618530273
    endloop
  endfacet
  facet normal 0 0 -1
    outer loop
      vertex 28.599998474121094 -31.235382080078125 28.899999618530273
      vertex 30.983448028564453 -28.454545974731445 28.899999618530273
      vertex 31.235382080078125 -28.599998474121094 28.899999618530273
    endloop
  endfacet
  facet normal 0 0 -1
    outer loop
      vertex 28.599998474121094 -31.235382080078125 28.899999618530273
      vertex 28.454545974731445 -30.983448028564453 28.899999618530273
      vertex 30.983448028564453 -28.454545974731445 28.899999618530273
    endloop
  endfacet
  facet normal 0 0 -1
    outer loop
      vertex 28.599998474121094 -31.235382080078125 28.899999618530273
      vertex 28.18181800842285 -31.0565242767334 28.899999618530273
      vertex 28.454545974731445 -30.983448028564453 28.899999618530273
    endloop
  endfacet
  facet normal 0 0 -1
    outer loop
      vertex 25 -32.20000076293945 28.899999618530273
      vertex 28.18181800842285 -31.0565242767334 28.899999618530273
      vertex 28.599998474121094 -31.235382080078125 28.899999618530273
    endloop
  endfacet
  facet normal 0 0 -1
    outer loop
      vertex 25 -32.20000076293945 28.899999618530273
      vertex 25 -31.909090042114258 28.899999618530273
      vertex 28.18181800842285 -31.0565242767334 28.899999618530273
    endloop
  endfacet
  facet normal 0 0 -1
    outer loop
      vertex 25 -32.20000076293945 28.899999618530273
      vertex 21.81818199157715 -31.0565242767334 28.899999618530273
      vertex 25 -31.909090042114258 28.899999618530273
    endloop
  endfacet
  facet normal 0 0 -1
    outer loop
      vertex 21.400001525878906 -31.235382080078125 28.899999618530273
      vertex 21.81818199157715 -31.0565242767334 28.899999618530273
      vertex 25 -32.20000076293945 28.899999618530273
    endloop
  endfacet
  facet normal 0 0 -1
    outer loop
      vertex 21.81818199157715 -31.0565242767334 28.899999618530273
      vertex 21.400001525878906 -31.235382080078125 28.899999618530273
      vertex 21.545454025268555 -30.983448028564453 28.899999618530273
    endloop
  endfacet
  facet normal 0 0 -1
    outer loop
      vertex 21.400001525878906 -31.235382080078125 28.899999618530273
      vertex 19.016551971435547 -28.454545974731445 28.899999618530273
      vertex 21.545454025268555 -30.983448028564453 28.899999618530273
    endloop
  endfacet
  facet normal 0 0 -1
    outer loop
      vertex 18.764617919921875 -28.599998474121094 28.899999618530273
      vertex 19.016551971435547 -28.454545974731445 28.899999618530273
      vertex 21.400001525878906 -31.235382080078125 28.899999618530273
    endloop
  endfacet
  facet normal 0 0 -1
    outer loop
      vertex 18.764617919921875 -28.599998474121094 28.899999618530273
      vertex 18.9434757232666 -28.18181800842285 28.899999618530273
      vertex 19.016551971435547 -28.454545974731445 28.899999618530273
    endloop
  endfacet
  facet normal 0 0 -1
    outer loop
      vertex 17.799999237060547 -25 28.899999618530273
      vertex 18.9434757232666 -28.18181800842285 28.899999618530273
      vertex 18.764617919921875 -28.599998474121094 28.899999618530273
    endloop
  endfacet
  facet normal 0 0 -1
    outer loop
      vertex 18.9434757232666 -28.18181800842285 28.899999618530273
      vertex 17.799999237060547 -25 28.899999618530273
      vertex 18.090909957885742 -25 28.899999618530273
    endloop
  endfacet
  facet normal 0 0 -1
    outer loop
      vertex 31.0565242767334 -21.81818199157715 28.899999618530273
      vertex 32.20000076293945 -25 28.899999618530273
      vertex 31.909090042114258 -25 28.899999618530273
    endloop
  endfacet
  facet normal 0 0 -1
    outer loop
      vertex 32.20000076293945 -25 28.899999618530273
      vertex 31.0565242767334 -21.81818199157715 28.899999618530273
      vertex 31.235382080078125 -21.400001525878906 28.899999618530273
    endloop
  endfacet
  facet normal 0 0 -1
    outer loop
      vertex 30.983448028564453 -21.545454025268555 28.899999618530273
      vertex 31.235382080078125 -21.400001525878906 28.899999618530273
      vertex 31.0565242767334 -21.81818199157715 28.899999618530273
    endloop
  endfacet
  facet normal 0 0 -1
    outer loop
      vertex 30.983448028564453 -21.545454025268555 28.899999618530273
      vertex 28.599998474121094 -18.764617919921875 28.899999618530273
      vertex 31.235382080078125 -21.400001525878906 28.899999618530273
    endloop
  endfacet
  facet normal 0 0 -1
    outer loop
      vertex 28.454545974731445 -19.016551971435547 28.899999618530273
      vertex 28.599998474121094 -18.764617919921875 28.899999618530273
      vertex 30.983448028564453 -21.545454025268555 28.899999618530273
    endloop
  endfacet
  facet normal 0 0 -1
    outer loop
      vertex 28.18181800842285 -18.9434757232666 28.899999618530273
      vertex 28.599998474121094 -18.764617919921875 28.899999618530273
      vertex 28.454545974731445 -19.016551971435547 28.899999618530273
    endloop
  endfacet
  facet normal 0 0 -1
    outer loop
      vertex 25 -17.799999237060547 28.899999618530273
      vertex 28.18181800842285 -18.9434757232666 28.899999618530273
      vertex 25 -18.090909957885742 28.899999618530273
    endloop
  endfacet
  facet normal 0 0 -1
    outer loop
      vertex 28.18181800842285 -18.9434757232666 28.899999618530273
      vertex 25 -17.799999237060547 28.899999618530273
      vertex 28.599998474121094 -18.764617919921875 28.899999618530273
    endloop
  endfacet
  facet normal 0 0 -1
    outer loop
      vertex 21.81818199157715 -18.9434757232666 28.899999618530273
      vertex 25 -17.799999237060547 28.899999618530273
      vertex 25 -18.090909957885742 28.899999618530273
    endloop
  endfacet
  facet normal 0 0 -1
    outer loop
      vertex 21.400001525878906 -18.764617919921875 28.899999618530273
      vertex 21.81818199157715 -18.9434757232666 28.899999618530273
      vertex 21.545454025268555 -19.016551971435547 28.899999618530273
    endloop
  endfacet
  facet normal 0 0 -1
    outer loop
      vertex 21.81818199157715 -18.9434757232666 28.899999618530273
      vertex 21.400001525878906 -18.764617919921875 28.899999618530273
      vertex 25 -17.799999237060547 28.899999618530273
    endloop
  endfacet
  facet normal 0 0 -1
    outer loop
      vertex 19.016551971435547 -21.545454025268555 28.899999618530273
      vertex 21.400001525878906 -18.764617919921875 28.899999618530273
      vertex 21.545454025268555 -19.016551971435547 28.899999618530273
    endloop
  endfacet
  facet normal 0 0 -1
    outer loop
      vertex 19.016551971435547 -21.545454025268555 28.899999618530273
      vertex 18.764617919921875 -21.400001525878906 28.899999618530273
      vertex 21.400001525878906 -18.764617919921875 28.899999618530273
    endloop
  endfacet
  facet normal 0 0 -1
    outer loop
      vertex 18.9434757232666 -21.81818199157715 28.899999618530273
      vertex 18.764617919921875 -21.400001525878906 28.899999618530273
      vertex 19.016551971435547 -21.545454025268555 28.899999618530273
    endloop
  endfacet
  facet normal 0 0 -1
    outer loop
      vertex 17.799999237060547 -25 28.899999618530273
      vertex 18.9434757232666 -21.81818199157715 28.899999618530273
      vertex 18.090909957885742 -25 28.899999618530273
    endloop
  endfacet
  facet normal 0 0 -1
    outer loop
      vertex 18.9434757232666 -21.81818199157715 28.899999618530273
      vertex 17.799999237060547 -25 28.899999618530273
      vertex 18.764617919921875 -21.400001525878906 28.899999618530273
    endloop
  endfacet
  facet normal -0.21249927995186235 -0.7933911862590188 0.5704160600705828
    outer loop
      vertex 24.9950008392334 -25.00865936279297 38.900001525878906
      vertex 21.400001525878906 -31.235382080078125 28.899999618530273
      vertex 25 -25.009998321533203 38.900001525878906
    endloop
  endfacet
  facet normal -0.7933614510925967 0.21258100065521038 0.5704269682270278
    outer loop
      vertex 18.764617919921875 -21.400001525878906 28.899999618530273
      vertex 17.799999237060547 -25 28.899999618530273
      vertex 24.990001678466797 -25 38.900001525878906
    endloop
  endfacet
  facet normal 0.21249927995186235 0.7933911862590188 0.5704160600705828
    outer loop
      vertex 28.599998474121094 -18.764617919921875 28.899999618530273
      vertex 25 -24.990001678466797 38.900001525878906
      vertex 25.0049991607666 -24.99134063720703 38.900001525878906
    endloop
  endfacet
  facet normal -0.21258100065521038 0.7933614510925967 0.5704269682270278
    outer loop
      vertex 25 -17.799999237060547 28.899999618530273
      vertex 21.400001525878906 -18.764617919921875 28.899999618530273
      vertex 25 -24.990001678466797 38.900001525878906
    endloop
  endfacet
  facet normal -0.7933911862590188 0.21249927995186235 0.5704160600705828
    outer loop
      vertex 24.99134063720703 -24.9950008392334 38.900001525878906
      vertex 18.764617919921875 -21.400001525878906 28.899999618530273
      vertex 24.990001678466797 -25 38.900001525878906
    endloop
  endfacet
  facet normal -0.7933911862590188 -0.21249927995186235 0.5704160600705828
    outer loop
      vertex 24.990001678466797 -25 38.900001525878906
      vertex 18.764617919921875 -28.599998474121094 28.899999618530273
      vertex 24.99134063720703 -25.0049991607666 38.900001525878906
    endloop
  endfacet
  facet normal -0.580781021502867 -0.580781021502867 0.5704268665869204
    outer loop
      vertex 18.764617919921875 -28.599998474121094 28.899999618530273
      vertex 24.9950008392334 -25.00865936279297 38.900001525878906
      vertex 24.99134063720703 -25.0049991607666 38.900001525878906
    endloop
  endfacet
  facet normal -0.5807810215028671 -0.5807810215028671 0.5704268665869205
    outer loop
      vertex 24.9950008392334 -25.00865936279297 38.900001525878906
      vertex 18.764617919921875 -28.599998474121094 28.899999618530273
      vertex 21.400001525878906 -31.235382080078125 28.899999618530273
    endloop
  endfacet
  facet normal 0.5807810215028671 0.5807810215028671 0.5704268665869205
    outer loop
      vertex 25.0049991607666 -24.99134063720703 38.900001525878906
      vertex 31.235382080078125 -21.400001525878906 28.899999618530273
      vertex 28.599998474121094 -18.764617919921875 28.899999618530273
    endloop
  endfacet
  facet normal 0.580781021502867 0.580781021502867 0.5704268665869204
    outer loop
      vertex 31.235382080078125 -21.400001525878906 28.899999618530273
      vertex 25.0049991607666 -24.99134063720703 38.900001525878906
      vertex 25.00865936279297 -24.9950008392334 38.900001525878906
    endloop
  endfacet
  facet normal 0.7933911862590188 -0.21249927995186235 0.5704160600705828
    outer loop
      vertex 25.009998321533203 -25 38.900001525878906
      vertex 25.00865936279297 -25.0049991607666 38.900001525878906
      vertex 31.235382080078125 -28.599998474121094 28.899999618530273
    endloop
  endfacet
  facet normal -0.21249927995186235 0.7933911862590188 0.5704160600705828
    outer loop
      vertex 25 -24.990001678466797 38.900001525878906
      vertex 21.400001525878906 -18.764617919921875 28.899999618530273
      vertex 24.9950008392334 -24.99134063720703 38.900001525878906
    endloop
  endfacet
  facet normal 0 0 1
    outer loop
      vertex 25.00865936279297 -24.9950008392334 38.900001525878906
      vertex 25.00865936279297 -25.0049991607666 38.900001525878906
      vertex 25.009998321533203 -25 38.900001525878906
    endloop
  endfacet
  facet normal 0 0 1
    outer loop
      vertex 25.0049991607666 -24.99134063720703 38.900001525878906
      vertex 25.00865936279297 -25.0049991607666 38.900001525878906
      vertex 25.00865936279297 -24.9950008392334 38.900001525878906
    endloop
  endfacet
  facet normal 0 0 1
    outer loop
      vertex 25.0049991607666 -24.99134063720703 38.900001525878906
      vertex 25.0049991607666 -25.00865936279297 38.900001525878906
      vertex 25.00865936279297 -25.0049991607666 38.900001525878906
    endloop
  endfacet
  facet normal 0 0 1
    outer loop
      vertex 25 -24.990001678466797 38.900001525878906
      vertex 25.0049991607666 -25.00865936279297 38.900001525878906
      vertex 25.0049991607666 -24.99134063720703 38.900001525878906
    endloop
  endfacet
  facet normal 0 0 1
    outer loop
      vertex 25 -24.990001678466797 38.900001525878906
      vertex 25 -25.009998321533203 38.900001525878906
      vertex 25.0049991607666 -25.00865936279297 38.900001525878906
    endloop
  endfacet
  facet normal 0 0 1
    outer loop
      vertex 24.9950008392334 -24.99134063720703 38.900001525878906
      vertex 25 -25.009998321533203 38.900001525878906
      vertex 25 -24.990001678466797 38.900001525878906
    endloop
  endfacet
  facet normal 0 0 1
    outer loop
      vertex 24.9950008392334 -24.99134063720703 38.900001525878906
      vertex 24.9950008392334 -25.00865936279297 38.900001525878906
      vertex 25 -25.009998321533203 38.900001525878906
    endloop
  endfacet
  facet normal 0 0 1
    outer loop
      vertex 24.99134063720703 -24.9950008392334 38.900001525878906
      vertex 24.9950008392334 -25.00865936279297 38.900001525878906
      vertex 24.9950008392334 -24.99134063720703 38.900001525878906
    endloop
  endfacet
  facet normal 0 0 1
    outer loop
      vertex 24.99134063720703 -24.9950008392334 38.900001525878906
      vertex 24.99134063720703 -25.0049991607666 38.900001525878906
      vertex 24.9950008392334 -25.00865936279297 38.900001525878906
    endloop
  endfacet
  facet normal 0 0 1
    outer loop
      vertex 24.99134063720703 -25.0049991607666 38.900001525878906
      vertex 24.99134063720703 -24.9950008392334 38.900001525878906
      vertex 24.990001678466797 -25 38.900001525878906
    endloop
  endfacet
  facet normal -0.5807810215028671 0.5807810215028671 0.5704268665869205
    outer loop
      vertex 18.764617919921875 -21.400001525878906 28.899999618530273
      vertex 24.9950008392334 -24.99134063720703 38.900001525878906
      vertex 21.400001525878906 -18.764617919921875 28.899999618530273
    endloop
  endfacet
  facet normal -0.580781021502867 0.580781021502867 0.5704268665869204
    outer loop
      vertex 24.9950008392334 -24.99134063720703 38.900001525878906
      vertex 18.764617919921875 -21.400001525878906 28.899999618530273
      vertex 24.99134063720703 -24.9950008392334 38.900001525878906
    endloop
  endfacet
  facet normal 0.7071067811865476 0.7071067811865476 0
    outer loop
      vertex -19.803848266601562 28 26.899999618530273
      vertex -22 30.196151733398438 3
      vertex -22 30.196151733398438 26.899999618530273
    endloop
  endfacet
  facet normal 0.7071067811865476 0.7071067811865476 0
    outer loop
      vertex -22 30.196151733398438 3
      vertex -19.803848266601562 28 26.899999618530273
      vertex -19.803848266601562 28 3
    endloop
  endfacet
  facet normal -0.7071067811865476 0.7071067811865476 0
    outer loop
      vertex -30.196151733398438 28 3
      vertex -28 30.196151733398438 26.899999618530273
      vertex -28 30.196151733398438 3
    endloop
  endfacet
  facet normal -0.7071067811865476 0.7071067811865476 0
    outer loop
      vertex -28 30.196151733398438 26.899999618530273
      vertex -30.196151733398438 28 3
      vertex -30.196151733398438 28 26.899999618530273
    endloop
  endfacet
  facet normal 0.9659256654418673 0.258819645391701 0
    outer loop
      vertex -19.42871856689453 26.600000381469727 19
      vertex -19.803848266601562 28 3
      vertex -19.803848266601562 28 26.899999618530273
    endloop
  endfacet
  facet normal 0.9659256168487872 0.2588198267430258 1.7007530818278893e-8
    outer loop
      vertex -19.803848266601562 28 3
      vertex -19.42871856689453 26.600000381469727 19
      vertex -19.535898208618164 27 3.09999942779541
    endloop
  endfacet
  facet normal 0.9659257708039977 0.2588192521755239 7.468696085295609e-8
    outer loop
      vertex -19 25 26.899999618530273
      vertex -19.42871856689453 26.600000381469727 19
      vertex -19.803848266601562 28 26.899999618530273
    endloop
  endfacet
  facet normal 0.9659258629957072 0.2588189081114405 0
    outer loop
      vertex -19.42871856689453 26.600000381469727 19
      vertex -19 25 26.899999618530273
      vertex -19 25 19
    endloop
  endfacet
  facet normal 0.9659256172739743 0.2588198251562113 0
    outer loop
      vertex -19.803848266601562 28 3
      vertex -19.535898208618164 27 3.09999942779541
      vertex -19.535898208618164 27 3
    endloop
  endfacet
  facet normal 0.9659257858615895 0.25881919597987885 0
    outer loop
      vertex -19.535898208618164 27 3.09999942779541
      vertex -19.42871856689453 26.600000381469727 19
      vertex -19.42871856689453 26.600000381469727 3.09999942779541
    endloop
  endfacet
  facet normal -0.2588192521755239 -0.9659257708039977 7.468696085295609e-8
    outer loop
      vertex -28 19.803848266601562 26.899999618530273
      vertex -26.600000381469727 19.42871856689453 19
      vertex -25 19 26.899999618530273
    endloop
  endfacet
  facet normal -0.258819645391701 -0.9659256654418673 0
    outer loop
      vertex -28 19.803848266601562 3
      vertex -26.600000381469727 19.42871856689453 19
      vertex -28 19.803848266601562 26.899999618530273
    endloop
  endfacet
  facet normal -0.2588198267430258 -0.9659256168487872 1.7007530818278893e-8
    outer loop
      vertex -26.600000381469727 19.42871856689453 19
      vertex -28 19.803848266601562 3
      vertex -27 19.535898208618164 3.09999942779541
    endloop
  endfacet
  facet normal -0.2588198251562113 -0.9659256172739743 0
    outer loop
      vertex -27 19.535898208618164 3.09999942779541
      vertex -28 19.803848266601562 3
      vertex -27 19.535898208618164 3
    endloop
  endfacet
  facet normal -0.2588189081114405 -0.9659258629957072 0
    outer loop
      vertex -25 19 26.899999618530273
      vertex -26.600000381469727 19.42871856689453 19
      vertex -25 19 19
    endloop
  endfacet
  facet normal -0.25881919597987885 -0.9659257858615895 0
    outer loop
      vertex -26.600000381469727 19.42871856689453 19
      vertex -27 19.535898208618164 3.09999942779541
      vertex -26.600000381469727 19.42871856689453 3.09999942779541
    endloop
  endfacet
  facet normal -0.7071067811865476 -0.7071067811865476 0
    outer loop
      vertex -28 19.803848266601562 3
      vertex -30.196151733398438 22 26.899999618530273
      vertex -30.196151733398438 22 3
    endloop
  endfacet
  facet normal -0.7071067811865476 -0.7071067811865476 0
    outer loop
      vertex -30.196151733398438 22 26.899999618530273
      vertex -28 19.803848266601562 3
      vertex -28 19.803848266601562 26.899999618530273
    endloop
  endfacet
  facet normal 0.25881925217552465 0.9659257708040004 0
    outer loop
      vertex -22 30.196151733398438 3
      vertex -25 31 26.899999618530273
      vertex -22 30.196151733398438 26.899999618530273
    endloop
  endfacet
  facet normal 0.25881925217552465 0.9659257708040004 0
    outer loop
      vertex -25 31 26.899999618530273
      vertex -22 30.196151733398438 3
      vertex -25 31 3
    endloop
  endfacet
  facet normal -0.9659257708040004 -0.25881925217552465 0
    outer loop
      vertex -30.196151733398438 22 3
      vertex -31 25 26.899999618530273
      vertex -31 25 3
    endloop
  endfacet
  facet normal -0.9659257708040004 -0.25881925217552465 0
    outer loop
      vertex -31 25 26.899999618530273
      vertex -30.196151733398438 22 3
      vertex -30.196151733398438 22 26.899999618530273
    endloop
  endfacet
  facet normal -0.25881925217552465 0.9659257708040004 0
    outer loop
      vertex -25 31 3
      vertex -28 30.196151733398438 26.899999618530273
      vertex -25 31 26.899999618530273
    endloop
  endfacet
  facet normal -0.25881925217552465 0.9659257708040004 0
    outer loop
      vertex -28 30.196151733398438 26.899999618530273
      vertex -25 31 3
      vertex -28 30.196151733398438 3
    endloop
  endfacet
  facet normal 0.2588189081114405 -0.9659258629957072 0
    outer loop
      vertex -23.399999618530273 19.42871856689453 19
      vertex -25 19 26.899999618530273
      vertex -25 19 19
    endloop
  endfacet
  facet normal 0.2588192521755239 -0.9659257708039977 7.468696085295609e-8
    outer loop
      vertex -25 19 26.899999618530273
      vertex -23.399999618530273 19.42871856689453 19
      vertex -22 19.803848266601562 26.899999618530273
    endloop
  endfacet
  facet normal 0.25881964539170094 -0.9659256654418672 0
    outer loop
      vertex -22 19.803848266601562 3.09999942779541
      vertex -23.399999618530273 19.42871856689453 19
      vertex -23.399999618530273 19.42871856689453 3.09999942779541
    endloop
  endfacet
  facet normal 0.258819645391701 -0.9659256654418673 0
    outer loop
      vertex -23.399999618530273 19.42871856689453 19
      vertex -22 19.803848266601562 3.09999942779541
      vertex -22 19.803848266601562 26.899999618530273
    endloop
  endfacet
  facet normal -0.9659257708040004 0.25881925217552465 0
    outer loop
      vertex -31 25 3
      vertex -30.196151733398438 28 26.899999618530273
      vertex -30.196151733398438 28 3
    endloop
  endfacet
  facet normal -0.9659257708040004 0.25881925217552465 0
    outer loop
      vertex -30.196151733398438 28 26.899999618530273
      vertex -31 25 3
      vertex -31 25 26.899999618530273
    endloop
  endfacet
  facet normal 0.9659258629957072 -0.2588189081114405 0
    outer loop
      vertex -19 25 26.899999618530273
      vertex -19.42871856689453 23.399999618530273 19
      vertex -19 25 19
    endloop
  endfacet
  facet normal 0.9659257708039977 -0.2588192521755239 7.468696085295609e-8
    outer loop
      vertex -19.803848266601562 22 26.899999618530273
      vertex -19.42871856689453 23.399999618530273 19
      vertex -19 25 26.899999618530273
    endloop
  endfacet
  facet normal 0.9659256654418673 -0.258819645391701 0
    outer loop
      vertex -19.803848266601562 22 3.09999942779541
      vertex -19.42871856689453 23.399999618530273 19
      vertex -19.803848266601562 22 26.899999618530273
    endloop
  endfacet
  facet normal 0.9659256654418672 -0.25881964539170094 0
    outer loop
      vertex -19.42871856689453 23.399999618530273 19
      vertex -19.803848266601562 22 3.09999942779541
      vertex -19.42871856689453 23.399999618530273 3.09999942779541
    endloop
  endfacet
  facet normal 0.7071067811865475 -0.7071067811865475 0
    outer loop
      vertex -22 19.803848266601562 26.899999618530273
      vertex -19.803848266601562 22 3.09999942779541
      vertex -19.803848266601562 22 26.899999618530273
    endloop
  endfacet
  facet normal 0.7071067811865475 -0.7071067811865475 0
    outer loop
      vertex -19.803848266601562 22 3.09999942779541
      vertex -22 19.803848266601562 26.899999618530273
      vertex -22 19.803848266601562 3.09999942779541
    endloop
  endfacet
  facet normal 0.8844343732963519 0.23698026508590322 -0.40201516549964145
    outer loop
      vertex -18.9434757232666 28.18181800842285 28.899999618530273
      vertex -19.803848266601562 28 26.899999618530273
      vertex -19.016551971435547 28.454545974731445 28.899999618530273
    endloop
  endfacet
  facet normal 0.8844335473370109 0.23698345798370904 -0.40201510044643207
    outer loop
      vertex -19.803848266601562 28 26.899999618530273
      vertex -18.9434757232666 28.18181800842285 28.899999618530273
      vertex -19 25 26.899999618530273
    endloop
  endfacet
  facet normal -0.8844335473370109 -0.23698345798370904 -0.40201510044643207
    outer loop
      vertex -30.196151733398438 22 26.899999618530273
      vertex -31.0565242767334 21.81818199157715 28.899999618530273
      vertex -31 25 26.899999618530273
    endloop
  endfacet
  facet normal -0.8844343732963519 -0.23698026508590322 -0.40201516549964145
    outer loop
      vertex -31.0565242767334 21.81818199157715 28.899999618530273
      vertex -30.196151733398438 22 26.899999618530273
      vertex -30.983448028564453 21.545454025268555 28.899999618530273
    endloop
  endfacet
  facet normal 0.8844336618765514 0.23698334092971463 -0.4020149174613107
    outer loop
      vertex -18.090909957885742 25 28.899999618530273
      vertex -19 25 26.899999618530273
      vertex -18.9434757232666 28.18181800842285 28.899999618530273
    endloop
  endfacet
  facet normal -0.23698345798370904 0.8844335473370109 -0.40201510044643207
    outer loop
      vertex -28 30.196151733398438 26.899999618530273
      vertex -28.18181800842285 31.0565242767334 28.899999618530273
      vertex -25 31 26.899999618530273
    endloop
  endfacet
  facet normal -0.23698026508590322 0.8844343732963519 -0.40201516549964145
    outer loop
      vertex -28.18181800842285 31.0565242767334 28.899999618530273
      vertex -28 30.196151733398438 26.899999618530273
      vertex -28.454545974731445 30.983448028564453 28.899999618530273
    endloop
  endfacet
  facet normal 0.23698334092971463 -0.8844336618765514 -0.4020149174613107
    outer loop
      vertex -21.81818199157715 18.9434757232666 28.899999618530273
      vertex -25 18.090909957885742 28.899999618530273
      vertex -25 19 26.899999618530273
    endloop
  endfacet
  facet normal -0.23698334092971463 0.8844336618765514 -0.4020149174613107
    outer loop
      vertex -25 31 26.899999618530273
      vertex -28.18181800842285 31.0565242767334 28.899999618530273
      vertex -25 31.909090042114258 28.899999618530273
    endloop
  endfacet
  facet normal -0.8844336618765514 0.23698334092971463 -0.4020149174613107
    outer loop
      vertex -31 25 26.899999618530273
      vertex -31.909090042114258 25 28.899999618530273
      vertex -31.0565242767334 28.18181800842285 28.899999618530273
    endloop
  endfacet
  facet normal -0.8844336618765514 -0.23698334092971463 -0.4020149174613107
    outer loop
      vertex -31.0565242767334 21.81818199157715 28.899999618530273
      vertex -31.909090042114258 25 28.899999618530273
      vertex -31 25 26.899999618530273
    endloop
  endfacet
  facet normal 0.8844336618765514 -0.23698334092971463 -0.4020149174613107
    outer loop
      vertex -18.9434757232666 21.81818199157715 28.899999618530273
      vertex -19 25 26.899999618530273
      vertex -18.090909957885742 25 28.899999618530273
    endloop
  endfacet
  facet normal -0.647450201405554 0.647450201405554 -0.4020155138795207
    outer loop
      vertex -28 30.196151733398438 26.899999618530273
      vertex -30.983448028564453 28.454545974731445 28.899999618530273
      vertex -28.454545974731445 30.983448028564453 28.899999618530273
    endloop
  endfacet
  facet normal -0.647450201405554 0.647450201405554 -0.4020155138795207
    outer loop
      vertex -30.983448028564453 28.454545974731445 28.899999618530273
      vertex -28 30.196151733398438 26.899999618530273
      vertex -30.196151733398438 28 26.899999618530273
    endloop
  endfacet
  facet normal -0.23698026508590322 -0.8844343732963519 -0.40201516549964145
    outer loop
      vertex -28 19.803848266601562 26.899999618530273
      vertex -28.18181800842285 18.9434757232666 28.899999618530273
      vertex -28.454545974731445 19.016551971435547 28.899999618530273
    endloop
  endfacet
  facet normal -0.23698345798370904 -0.8844335473370109 -0.40201510044643207
    outer loop
      vertex -28.18181800842285 18.9434757232666 28.899999618530273
      vertex -28 19.803848266601562 26.899999618530273
      vertex -25 19 26.899999618530273
    endloop
  endfacet
  facet normal 0.23698345798370904 -0.8844335473370109 -0.40201510044643207
    outer loop
      vertex -22 19.803848266601562 26.899999618530273
      vertex -21.81818199157715 18.9434757232666 28.899999618530273
      vertex -25 19 26.899999618530273
    endloop
  endfacet
  facet normal 0.23698026508590322 -0.8844343732963519 -0.40201516549964145
    outer loop
      vertex -21.81818199157715 18.9434757232666 28.899999618530273
      vertex -22 19.803848266601562 26.899999618530273
      vertex -21.545454025268555 19.016551971435547 28.899999618530273
    endloop
  endfacet
  facet normal 0.647450201405554 0.647450201405554 -0.4020155138795207
    outer loop
      vertex -19.016551971435547 28.454545974731445 28.899999618530273
      vertex -22 30.196151733398438 26.899999618530273
      vertex -21.545454025268555 30.983448028564453 28.899999618530273
    endloop
  endfacet
  facet normal 0.647450201405554 0.647450201405554 -0.4020155138795207
    outer loop
      vertex -22 30.196151733398438 26.899999618530273
      vertex -19.016551971435547 28.454545974731445 28.899999618530273
      vertex -19.803848266601562 28 26.899999618530273
    endloop
  endfacet
  facet normal 0.8844335473370109 -0.23698345798370904 -0.40201510044643207
    outer loop
      vertex -18.9434757232666 21.81818199157715 28.899999618530273
      vertex -19.803848266601562 22 26.899999618530273
      vertex -19 25 26.899999618530273
    endloop
  endfacet
  facet normal 0.8844343732963519 -0.23698026508590322 -0.40201516549964145
    outer loop
      vertex -19.803848266601562 22 26.899999618530273
      vertex -18.9434757232666 21.81818199157715 28.899999618530273
      vertex -19.016551971435547 21.545454025268555 28.899999618530273
    endloop
  endfacet
  facet normal 0.23698026508590322 0.8844343732963519 -0.40201516549964145
    outer loop
      vertex -22 30.196151733398438 26.899999618530273
      vertex -21.81818199157715 31.0565242767334 28.899999618530273
      vertex -21.545454025268555 30.983448028564453 28.899999618530273
    endloop
  endfacet
  facet normal 0.23698345798370904 0.8844335473370109 -0.40201510044643207
    outer loop
      vertex -21.81818199157715 31.0565242767334 28.899999618530273
      vertex -22 30.196151733398438 26.899999618530273
      vertex -25 31 26.899999618530273
    endloop
  endfacet
  facet normal 0.647450201405554 -0.647450201405554 -0.4020155138795207
    outer loop
      vertex -19.016551971435547 21.545454025268555 28.899999618530273
      vertex -22 19.803848266601562 26.899999618530273
      vertex -19.803848266601562 22 26.899999618530273
    endloop
  endfacet
  facet normal 0.647450201405554 -0.647450201405554 -0.4020155138795207
    outer loop
      vertex -22 19.803848266601562 26.899999618530273
      vertex -19.016551971435547 21.545454025268555 28.899999618530273
      vertex -21.545454025268555 19.016551971435547 28.899999618530273
    endloop
  endfacet
  facet normal 0.23698334092971463 0.8844336618765514 -0.4020149174613107
    outer loop
      vertex -21.81818199157715 31.0565242767334 28.899999618530273
      vertex -25 31 26.899999618530273
      vertex -25 31.909090042114258 28.899999618530273
    endloop
  endfacet
  facet normal -0.8844343732963519 0.23698026508590322 -0.40201516549964145
    outer loop
      vertex -30.196151733398438 28 26.899999618530273
      vertex -31.0565242767334 28.18181800842285 28.899999618530273
      vertex -30.983448028564453 28.454545974731445 28.899999618530273
    endloop
  endfacet
  facet normal -0.8844335473370109 0.23698345798370904 -0.40201510044643207
    outer loop
      vertex -31.0565242767334 28.18181800842285 28.899999618530273
      vertex -30.196151733398438 28 26.899999618530273
      vertex -31 25 26.899999618530273
    endloop
  endfacet
  facet normal -0.23698334092971463 -0.8844336618765514 -0.4020149174613107
    outer loop
      vertex -25 18.090909957885742 28.899999618530273
      vertex -28.18181800842285 18.9434757232666 28.899999618530273
      vertex -25 19 26.899999618530273
    endloop
  endfacet
  facet normal -0.647450201405554 -0.647450201405554 -0.4020155138795207
    outer loop
      vertex -28 19.803848266601562 26.899999618530273
      vertex -30.983448028564453 21.545454025268555 28.899999618530273
      vertex -30.196151733398438 22 26.899999618530273
    endloop
  endfacet
  facet normal -0.647450201405554 -0.647450201405554 -0.4020155138795207
    outer loop
      vertex -30.983448028564453 21.545454025268555 28.899999618530273
      vertex -28 19.803848266601562 26.899999618530273
      vertex -28.454545974731445 19.016551971435547 28.899999618530273
    endloop
  endfacet
  facet normal 0.7933614510925967 0.21258100065521038 0.5704269682270278
    outer loop
      vertex -18.764617919921875 28.599998474121094 28.899999618530273
      vertex -24.990001678466797 25 38.900001525878906
      vertex -17.799999237060547 25 28.899999618530273
    endloop
  endfacet
  facet normal 0.21249927995186235 -0.7933911862590188 0.5704160600705828
    outer loop
      vertex -24.9950008392334 24.99134063720703 38.900001525878906
      vertex -25 24.990001678466797 38.900001525878906
      vertex -21.400001525878906 18.764617919921875 28.899999618530273
    endloop
  endfacet
  facet normal 0.7933911862590188 0.21249927995186235 0.5704160600705828
    outer loop
      vertex -18.764617919921875 28.599998474121094 28.899999618530273
      vertex -24.99134063720703 25.0049991607666 38.900001525878906
      vertex -24.990001678466797 25 38.900001525878906
    endloop
  endfacet
  facet normal 0.7933614510925967 -0.21258100065521038 0.5704269682270278
    outer loop
      vertex -17.799999237060547 25 28.899999618530273
      vertex -24.990001678466797 25 38.900001525878906
      vertex -18.764617919921875 21.400001525878906 28.899999618530273
    endloop
  endfacet
  facet normal 0.21258100065521038 -0.7933614510925967 0.5704269682270278
    outer loop
      vertex -25 24.990001678466797 38.900001525878906
      vertex -25 17.799999237060547 28.899999618530273
      vertex -21.400001525878906 18.764617919921875 28.899999618530273
    endloop
  endfacet
  facet normal -0.7933614510925967 -0.21258100065521038 0.5704269682270278
    outer loop
      vertex -25.009998321533203 25 38.900001525878906
      vertex -32.20000076293945 25 28.899999618530273
      vertex -31.235382080078125 21.400001525878906 28.899999618530273
    endloop
  endfacet
  facet normal 0.21258100065521038 0.7933614510925967 0.5704269682270278
    outer loop
      vertex -25 32.20000076293945 28.899999618530273
      vertex -25 25.009998321533203 38.900001525878906
      vertex -21.400001525878906 31.235382080078125 28.899999618530273
    endloop
  endfacet
  facet normal 0.580781021502867 -0.580781021502867 0.5704268665869204
    outer loop
      vertex -24.9950008392334 24.99134063720703 38.900001525878906
      vertex -18.764617919921875 21.400001525878906 28.899999618530273
      vertex -24.99134063720703 24.9950008392334 38.900001525878906
    endloop
  endfacet
  facet normal 0.5807810215028671 -0.5807810215028671 0.5704268665869205
    outer loop
      vertex -18.764617919921875 21.400001525878906 28.899999618530273
      vertex -24.9950008392334 24.99134063720703 38.900001525878906
      vertex -21.400001525878906 18.764617919921875 28.899999618530273
    endloop
  endfacet
  facet normal -0.21258100065521038 -0.7933614510925967 0.5704269682270278
    outer loop
      vertex -25 24.990001678466797 38.900001525878906
      vertex -28.599998474121094 18.764617919921875 28.899999618530273
      vertex -25 17.799999237060547 28.899999618530273
    endloop
  endfacet
  facet normal 0 0 -1
    outer loop
      vertex -18.9434757232666 21.81818199157715 28.899999618530273
      vertex -17.799999237060547 25 28.899999618530273
      vertex -18.764617919921875 21.400001525878906 28.899999618530273
    endloop
  endfacet
  facet normal 0 0 -1
    outer loop
      vertex -17.799999237060547 25 28.899999618530273
      vertex -18.9434757232666 21.81818199157715 28.899999618530273
      vertex -18.090909957885742 25 28.899999618530273
    endloop
  endfacet
  facet normal 0 0 -1
    outer loop
      vertex -18.764617919921875 21.400001525878906 28.899999618530273
      vertex -19.016551971435547 21.545454025268555 28.899999618530273
      vertex -18.9434757232666 21.81818199157715 28.899999618530273
    endloop
  endfacet
  facet normal 0 0 -1
    outer loop
      vertex -21.400001525878906 18.764617919921875 28.899999618530273
      vertex -19.016551971435547 21.545454025268555 28.899999618530273
      vertex -18.764617919921875 21.400001525878906 28.899999618530273
    endloop
  endfacet
  facet normal 0 0 -1
    outer loop
      vertex -21.400001525878906 18.764617919921875 28.899999618530273
      vertex -21.545454025268555 19.016551971435547 28.899999618530273
      vertex -19.016551971435547 21.545454025268555 28.899999618530273
    endloop
  endfacet
  facet normal 0 0 -1
    outer loop
      vertex -21.400001525878906 18.764617919921875 28.899999618530273
      vertex -21.81818199157715 18.9434757232666 28.899999618530273
      vertex -21.545454025268555 19.016551971435547 28.899999618530273
    endloop
  endfacet
  facet normal 0 0 -1
    outer loop
      vertex -25 17.799999237060547 28.899999618530273
      vertex -21.81818199157715 18.9434757232666 28.899999618530273
      vertex -21.400001525878906 18.764617919921875 28.899999618530273
    endloop
  endfacet
  facet normal 0 0 -1
    outer loop
      vertex -25 17.799999237060547 28.899999618530273
      vertex -25 18.090909957885742 28.899999618530273
      vertex -21.81818199157715 18.9434757232666 28.899999618530273
    endloop
  endfacet
  facet normal 0 0 -1
    outer loop
      vertex -25 17.799999237060547 28.899999618530273
      vertex -28.18181800842285 18.9434757232666 28.899999618530273
      vertex -25 18.090909957885742 28.899999618530273
    endloop
  endfacet
  facet normal 0 0 -1
    outer loop
      vertex -28.599998474121094 18.764617919921875 28.899999618530273
      vertex -28.18181800842285 18.9434757232666 28.899999618530273
      vertex -25 17.799999237060547 28.899999618530273
    endloop
  endfacet
  facet normal 0 0 -1
    outer loop
      vertex -28.18181800842285 18.9434757232666 28.899999618530273
      vertex -28.599998474121094 18.764617919921875 28.899999618530273
      vertex -28.454545974731445 19.016551971435547 28.899999618530273
    endloop
  endfacet
  facet normal 0 0 -1
    outer loop
      vertex -28.599998474121094 18.764617919921875 28.899999618530273
      vertex -30.983448028564453 21.545454025268555 28.899999618530273
      vertex -28.454545974731445 19.016551971435547 28.899999618530273
    endloop
  endfacet
  facet normal 0 0 -1
    outer loop
      vertex -31.235382080078125 21.400001525878906 28.899999618530273
      vertex -30.983448028564453 21.545454025268555 28.899999618530273
      vertex -28.599998474121094 18.764617919921875 28.899999618530273
    endloop
  endfacet
  facet normal 0 0 -1
    outer loop
      vertex -31.235382080078125 21.400001525878906 28.899999618530273
      vertex -31.0565242767334 21.81818199157715 28.899999618530273
      vertex -30.983448028564453 21.545454025268555 28.899999618530273
    endloop
  endfacet
  facet normal 0 0 -1
    outer loop
      vertex -32.20000076293945 25 28.899999618530273
      vertex -31.0565242767334 21.81818199157715 28.899999618530273
      vertex -31.235382080078125 21.400001525878906 28.899999618530273
    endloop
  endfacet
  facet normal 0 0 -1
    outer loop
      vertex -31.0565242767334 21.81818199157715 28.899999618530273
      vertex -32.20000076293945 25 28.899999618530273
      vertex -31.909090042114258 25 28.899999618530273
    endloop
  endfacet
  facet normal 0 0 -1
    outer loop
      vertex -18.9434757232666 28.18181800842285 28.899999618530273
      vertex -17.799999237060547 25 28.899999618530273
      vertex -18.090909957885742 25 28.899999618530273
    endloop
  endfacet
  facet normal 0 0 -1
    outer loop
      vertex -17.799999237060547 25 28.899999618530273
      vertex -18.9434757232666 28.18181800842285 28.899999618530273
      vertex -18.764617919921875 28.599998474121094 28.899999618530273
    endloop
  endfacet
  facet normal 0 0 -1
    outer loop
      vertex -19.016551971435547 28.454545974731445 28.899999618530273
      vertex -18.764617919921875 28.599998474121094 28.899999618530273
      vertex -18.9434757232666 28.18181800842285 28.899999618530273
    endloop
  endfacet
  facet normal 0 0 -1
    outer loop
      vertex -19.016551971435547 28.454545974731445 28.899999618530273
      vertex -21.400001525878906 31.235382080078125 28.899999618530273
      vertex -18.764617919921875 28.599998474121094 28.899999618530273
    endloop
  endfacet
  facet normal 0 0 -1
    outer loop
      vertex -21.545454025268555 30.983448028564453 28.899999618530273
      vertex -21.400001525878906 31.235382080078125 28.899999618530273
      vertex -19.016551971435547 28.454545974731445 28.899999618530273
    endloop
  endfacet
  facet normal 0 0 -1
    outer loop
      vertex -21.81818199157715 31.0565242767334 28.899999618530273
      vertex -21.400001525878906 31.235382080078125 28.899999618530273
      vertex -21.545454025268555 30.983448028564453 28.899999618530273
    endloop
  endfacet
  facet normal 0 0 -1
    outer loop
      vertex -25 32.20000076293945 28.899999618530273
      vertex -21.81818199157715 31.0565242767334 28.899999618530273
      vertex -25 31.909090042114258 28.899999618530273
    endloop
  endfacet
  facet normal 0 0 -1
    outer loop
      vertex -21.81818199157715 31.0565242767334 28.899999618530273
      vertex -25 32.20000076293945 28.899999618530273
      vertex -21.400001525878906 31.235382080078125 28.899999618530273
    endloop
  endfacet
  facet normal 0 0 -1
    outer loop
      vertex -28.18181800842285 31.0565242767334 28.899999618530273
      vertex -25 32.20000076293945 28.899999618530273
      vertex -25 31.909090042114258 28.899999618530273
    endloop
  endfacet
  facet normal 0 0 -1
    outer loop
      vertex -28.599998474121094 31.235382080078125 28.899999618530273
      vertex -28.18181800842285 31.0565242767334 28.899999618530273
      vertex -28.454545974731445 30.983448028564453 28.899999618530273
    endloop
  endfacet
  facet normal 0 0 -1
    outer loop
      vertex -28.18181800842285 31.0565242767334 28.899999618530273
      vertex -28.599998474121094 31.235382080078125 28.899999618530273
      vertex -25 32.20000076293945 28.899999618530273
    endloop
  endfacet
  facet normal 0 0 -1
    outer loop
      vertex -30.983448028564453 28.454545974731445 28.899999618530273
      vertex -28.599998474121094 31.235382080078125 28.899999618530273
      vertex -28.454545974731445 30.983448028564453 28.899999618530273
    endloop
  endfacet
  facet normal 0 0 -1
    outer loop
      vertex -30.983448028564453 28.454545974731445 28.899999618530273
      vertex -31.235382080078125 28.599998474121094 28.899999618530273
      vertex -28.599998474121094 31.235382080078125 28.899999618530273
    endloop
  endfacet
  facet normal 0 0 -1
    outer loop
      vertex -31.0565242767334 28.18181800842285 28.899999618530273
      vertex -31.235382080078125 28.599998474121094 28.899999618530273
      vertex -30.983448028564453 28.454545974731445 28.899999618530273
    endloop
  endfacet
  facet normal 0 0 -1
    outer loop
      vertex -32.20000076293945 25 28.899999618530273
      vertex -31.0565242767334 28.18181800842285 28.899999618530273
      vertex -31.909090042114258 25 28.899999618530273
    endloop
  endfacet
  facet normal 0 0 -1
    outer loop
      vertex -31.0565242767334 28.18181800842285 28.899999618530273
      vertex -32.20000076293945 25 28.899999618530273
      vertex -31.235382080078125 28.599998474121094 28.899999618530273
    endloop
  endfacet
  facet normal -0.21249927995186235 -0.7933911862590188 0.5704160600705828
    outer loop
      vertex -25.0049991607666 24.99134063720703 38.900001525878906
      vertex -28.599998474121094 18.764617919921875 28.899999618530273
      vertex -25 24.990001678466797 38.900001525878906
    endloop
  endfacet
  facet normal -0.7933614510925967 0.21258100065521038 0.5704269682270278
    outer loop
      vertex -31.235382080078125 28.599998474121094 28.899999618530273
      vertex -32.20000076293945 25 28.899999618530273
      vertex -25.009998321533203 25 38.900001525878906
    endloop
  endfacet
  facet normal 0.21249927995186235 0.7933911862590188 0.5704160600705828
    outer loop
      vertex -21.400001525878906 31.235382080078125 28.899999618530273
      vertex -25 25.009998321533203 38.900001525878906
      vertex -24.9950008392334 25.00865936279297 38.900001525878906
    endloop
  endfacet
  facet normal -0.21258100065521038 0.7933614510925967 0.5704269682270278
    outer loop
      vertex -25 32.20000076293945 28.899999618530273
      vertex -28.599998474121094 31.235382080078125 28.899999618530273
      vertex -25 25.009998321533203 38.900001525878906
    endloop
  endfacet
  facet normal -0.7933911862590188 0.21249927995186235 0.5704160600705828
    outer loop
      vertex -25.00865936279297 25.0049991607666 38.900001525878906
      vertex -31.235382080078125 28.599998474121094 28.899999618530273
      vertex -25.009998321533203 25 38.900001525878906
    endloop
  endfacet
  facet normal -0.7933911862590188 -0.21249927995186235 0.5704160600705828
    outer loop
      vertex -25.009998321533203 25 38.900001525878906
      vertex -31.235382080078125 21.400001525878906 28.899999618530273
      vertex -25.00865936279297 24.9950008392334 38.900001525878906
    endloop
  endfacet
  facet normal -0.580781021502867 -0.580781021502867 0.5704268665869204
    outer loop
      vertex -31.235382080078125 21.400001525878906 28.899999618530273
      vertex -25.0049991607666 24.99134063720703 38.900001525878906
      vertex -25.00865936279297 24.9950008392334 38.900001525878906
    endloop
  endfacet
  facet normal -0.5807810215028671 -0.5807810215028671 0.5704268665869205
    outer loop
      vertex -25.0049991607666 24.99134063720703 38.900001525878906
      vertex -31.235382080078125 21.400001525878906 28.899999618530273
      vertex -28.599998474121094 18.764617919921875 28.899999618530273
    endloop
  endfacet
  facet normal 0.5807810215028671 0.5807810215028671 0.5704268665869205
    outer loop
      vertex -24.9950008392334 25.00865936279297 38.900001525878906
      vertex -18.764617919921875 28.599998474121094 28.899999618530273
      vertex -21.400001525878906 31.235382080078125 28.899999618530273
    endloop
  endfacet
  facet normal 0.580781021502867 0.580781021502867 0.5704268665869204
    outer loop
      vertex -18.764617919921875 28.599998474121094 28.899999618530273
      vertex -24.9950008392334 25.00865936279297 38.900001525878906
      vertex -24.99134063720703 25.0049991607666 38.900001525878906
    endloop
  endfacet
  facet normal 0.7933911862590188 -0.21249927995186235 0.5704160600705828
    outer loop
      vertex -24.990001678466797 25 38.900001525878906
      vertex -24.99134063720703 24.9950008392334 38.900001525878906
      vertex -18.764617919921875 21.400001525878906 28.899999618530273
    endloop
  endfacet
  facet normal -0.21249927995186235 0.7933911862590188 0.5704160600705828
    outer loop
      vertex -25 25.009998321533203 38.900001525878906
      vertex -28.599998474121094 31.235382080078125 28.899999618530273
      vertex -25.0049991607666 25.00865936279297 38.900001525878906
    endloop
  endfacet
  facet normal 0 0 1
    outer loop
      vertex -24.99134063720703 25.0049991607666 38.900001525878906
      vertex -24.99134063720703 24.9950008392334 38.900001525878906
      vertex -24.990001678466797 25 38.900001525878906
    endloop
  endfacet
  facet normal 0 0 1
    outer loop
      vertex -24.9950008392334 25.00865936279297 38.900001525878906
      vertex -24.99134063720703 24.9950008392334 38.900001525878906
      vertex -24.99134063720703 25.0049991607666 38.900001525878906
    endloop
  endfacet
  facet normal 0 0 1
    outer loop
      vertex -24.9950008392334 25.00865936279297 38.900001525878906
      vertex -24.9950008392334 24.99134063720703 38.900001525878906
      vertex -24.99134063720703 24.9950008392334 38.900001525878906
    endloop
  endfacet
  facet normal 0 0 1
    outer loop
      vertex -25 25.009998321533203 38.900001525878906
      vertex -24.9950008392334 24.99134063720703 38.900001525878906
      vertex -24.9950008392334 25.00865936279297 38.900001525878906
    endloop
  endfacet
  facet normal 0 0 1
    outer loop
      vertex -25 25.009998321533203 38.900001525878906
      vertex -25 24.990001678466797 38.900001525878906
      vertex -24.9950008392334 24.99134063720703 38.900001525878906
    endloop
  endfacet
  facet normal 0 0 1
    outer loop
      vertex -25.0049991607666 25.00865936279297 38.900001525878906
      vertex -25 24.990001678466797 38.900001525878906
      vertex -25 25.009998321533203 38.900001525878906
    endloop
  endfacet
  facet normal 0 0 1
    outer loop
      vertex -25.0049991607666 25.00865936279297 38.900001525878906
      vertex -25.0049991607666 24.99134063720703 38.900001525878906
      vertex -25 24.990001678466797 38.900001525878906
    endloop
  endfacet
  facet normal 0 0 1
    outer loop
      vertex -25.00865936279297 25.0049991607666 38.900001525878906
      vertex -25.0049991607666 24.99134063720703 38.900001525878906
      vertex -25.0049991607666 25.00865936279297 38.900001525878906
    endloop
  endfacet
  facet normal 0 0 1
    outer loop
      vertex -25.00865936279297 25.0049991607666 38.900001525878906
      vertex -25.00865936279297 24.9950008392334 38.900001525878906
      vertex -25.0049991607666 24.99134063720703 38.900001525878906
    endloop
  endfacet
  facet normal 0 0 1
    outer loop
      vertex -25.00865936279297 24.9950008392334 38.900001525878906
      vertex -25.00865936279297 25.0049991607666 38.900001525878906
      vertex -25.009998321533203 25 38.900001525878906
    endloop
  endfacet
  facet normal -0.5807810215028671 0.5807810215028671 0.5704268665869205
    outer loop
      vertex -31.235382080078125 28.599998474121094 28.899999618530273
      vertex -25.0049991607666 25.00865936279297 38.900001525878906
      vertex -28.599998474121094 31.235382080078125 28.899999618530273
    endloop
  endfacet
  facet normal -0.580781021502867 0.580781021502867 0.5704268665869204
    outer loop
      vertex -25.0049991607666 25.00865936279297 38.900001525878906
      vertex -31.235382080078125 28.599998474121094 28.899999618530273
      vertex -25.00865936279297 25.0049991607666 38.900001525878906
    endloop
  endfacet
  facet normal 0.7071067811865476 0.7071067811865476 0
    outer loop
      vertex 30.196151733398438 28 26.899999618530273
      vertex 28 30.196151733398438 3
      vertex 28 30.196151733398438 26.899999618530273
    endloop
  endfacet
  facet normal 0.7071067811865476 0.7071067811865476 0
    outer loop
      vertex 28 30.196151733398438 3
      vertex 30.196151733398438 28 26.899999618530273
      vertex 30.196151733398438 28 3
    endloop
  endfacet
  facet normal -0.7071067811865476 0.7071067811865476 0
    outer loop
      vertex 19.803848266601562 28 3
      vertex 22 30.196151733398438 26.899999618530273
      vertex 22 30.196151733398438 3
    endloop
  endfacet
  facet normal -0.7071067811865476 0.7071067811865476 0
    outer loop
      vertex 22 30.196151733398438 26.899999618530273
      vertex 19.803848266601562 28 3
      vertex 19.803848266601562 28 26.899999618530273
    endloop
  endfacet
  facet normal 0.9659257708040004 0.25881925217552465 0
    outer loop
      vertex 31 25 26.899999618530273
      vertex 30.196151733398438 28 3
      vertex 30.196151733398438 28 26.899999618530273
    endloop
  endfacet
  facet normal 0.9659257708040004 0.25881925217552465 0
    outer loop
      vertex 30.196151733398438 28 3
      vertex 31 25 26.899999618530273
      vertex 31 25 3
    endloop
  endfacet
  facet normal -0.2588192521755239 -0.9659257708039977 7.468696085295609e-8
    outer loop
      vertex 22 19.803848266601562 26.899999618530273
      vertex 23.399999618530273 19.42871856689453 19
      vertex 25 19 26.899999618530273
    endloop
  endfacet
  facet normal -0.258819645391701 -0.9659256654418673 0
    outer loop
      vertex 22 19.803848266601562 3.09999942779541
      vertex 23.399999618530273 19.42871856689453 19
      vertex 22 19.803848266601562 26.899999618530273
    endloop
  endfacet
  facet normal -0.25881964539170094 -0.9659256654418672 0
    outer loop
      vertex 23.399999618530273 19.42871856689453 19
      vertex 22 19.803848266601562 3.09999942779541
      vertex 23.399999618530273 19.42871856689453 3.09999942779541
    endloop
  endfacet
  facet normal -0.2588189081114405 -0.9659258629957072 0
    outer loop
      vertex 25 19 26.899999618530273
      vertex 23.399999618530273 19.42871856689453 19
      vertex 25 19 19
    endloop
  endfacet
  facet normal -0.7071067811865475 -0.7071067811865475 0
    outer loop
      vertex 22 19.803848266601562 3.09999942779541
      vertex 19.803848266601562 22 26.899999618530273
      vertex 19.803848266601562 22 3.09999942779541
    endloop
  endfacet
  facet normal -0.7071067811865475 -0.7071067811865475 0
    outer loop
      vertex 19.803848266601562 22 26.899999618530273
      vertex 22 19.803848266601562 3.09999942779541
      vertex 22 19.803848266601562 26.899999618530273
    endloop
  endfacet
  facet normal 0.25881925217552465 0.9659257708040004 0
    outer loop
      vertex 28 30.196151733398438 3
      vertex 25 31 26.899999618530273
      vertex 28 30.196151733398438 26.899999618530273
    endloop
  endfacet
  facet normal 0.25881925217552465 0.9659257708040004 0
    outer loop
      vertex 25 31 26.899999618530273
      vertex 28 30.196151733398438 3
      vertex 25 31 3
    endloop
  endfacet
  facet normal -0.9659256654418672 -0.25881964539170094 0
    outer loop
      vertex 19.42871856689453 23.399999618530273 3.09999942779541
      vertex 19.803848266601562 22 3.09999942779541
      vertex 19.42871856689453 23.399999618530273 19
    endloop
  endfacet
  facet normal -0.9659258629957072 -0.2588189081114405 0
    outer loop
      vertex 19.42871856689453 23.399999618530273 19
      vertex 19 25 26.899999618530273
      vertex 19 25 19
    endloop
  endfacet
  facet normal -0.9659257708039977 -0.2588192521755239 7.468696085295609e-8
    outer loop
      vertex 19.42871856689453 23.399999618530273 19
      vertex 19.803848266601562 22 26.899999618530273
      vertex 19 25 26.899999618530273
    endloop
  endfacet
  facet normal -0.9659256654418673 -0.258819645391701 0
    outer loop
      vertex 19.803848266601562 22 26.899999618530273
      vertex 19.42871856689453 23.399999618530273 19
      vertex 19.803848266601562 22 3.09999942779541
    endloop
  endfacet
  facet normal -0.25881925217552465 0.9659257708040004 0
    outer loop
      vertex 25 31 3
      vertex 22 30.196151733398438 26.899999618530273
      vertex 25 31 26.899999618530273
    endloop
  endfacet
  facet normal -0.25881925217552465 0.9659257708040004 0
    outer loop
      vertex 22 30.196151733398438 26.899999618530273
      vertex 25 31 3
      vertex 22 30.196151733398438 3
    endloop
  endfacet
  facet normal 0.2588189081114405 -0.9659258629957072 0
    outer loop
      vertex 26.600000381469727 19.42871856689453 19
      vertex 25 19 26.899999618530273
      vertex 25 19 19
    endloop
  endfacet
  facet normal 0.2588192521755239 -0.9659257708039977 7.468696085295609e-8
    outer loop
      vertex 25 19 26.899999618530273
      vertex 26.600000381469727 19.42871856689453 19
      vertex 28 19.803848266601562 26.899999618530273
    endloop
  endfacet
  facet normal 0.25881919597987885 -0.9659257858615895 0
    outer loop
      vertex 27 19.535898208618164 3.09999942779541
      vertex 26.600000381469727 19.42871856689453 19
      vertex 26.600000381469727 19.42871856689453 3.09999942779541
    endloop
  endfacet
  facet normal 0.2588198267430258 -0.9659256168487872 1.7007530818278893e-8
    outer loop
      vertex 28 19.803848266601562 3
      vertex 26.600000381469727 19.42871856689453 19
      vertex 27 19.535898208618164 3.09999942779541
    endloop
  endfacet
  facet normal 0.2588198251562113 -0.9659256172739743 0
    outer loop
      vertex 28 19.803848266601562 3
      vertex 27 19.535898208618164 3.09999942779541
      vertex 27 19.535898208618164 3
    endloop
  endfacet
  facet normal 0.258819645391701 -0.9659256654418673 0
    outer loop
      vertex 26.600000381469727 19.42871856689453 19
      vertex 28 19.803848266601562 3
      vertex 28 19.803848266601562 26.899999618530273
    endloop
  endfacet
  facet normal -0.9659256172739743 0.2588198251562113 0
    outer loop
      vertex 19.535898208618164 27 3.09999942779541
      vertex 19.803848266601562 28 3
      vertex 19.535898208618164 27 3
    endloop
  endfacet
  facet normal -0.9659256168487872 0.2588198267430258 1.7007530818278893e-8
    outer loop
      vertex 19.42871856689453 26.600000381469727 19
      vertex 19.803848266601562 28 3
      vertex 19.535898208618164 27 3.09999942779541
    endloop
  endfacet
  facet normal -0.9659257858615895 0.25881919597987885 0
    outer loop
      vertex 19.42871856689453 26.600000381469727 19
      vertex 19.535898208618164 27 3.09999942779541
      vertex 19.42871856689453 26.600000381469727 3.09999942779541
    endloop
  endfacet
  facet normal -0.9659256654418673 0.258819645391701 0
    outer loop
      vertex 19.803848266601562 28 3
      vertex 19.42871856689453 26.600000381469727 19
      vertex 19.803848266601562 28 26.899999618530273
    endloop
  endfacet
  facet normal -0.9659258629957072 0.2588189081114405 0
    outer loop
      vertex 19 25 26.899999618530273
      vertex 19.42871856689453 26.600000381469727 19
      vertex 19 25 19
    endloop
  endfacet
  facet normal -0.9659257708039977 0.2588192521755239 7.468696085295609e-8
    outer loop
      vertex 19.42871856689453 26.600000381469727 19
      vertex 19 25 26.899999618530273
      vertex 19.803848266601562 28 26.899999618530273
    endloop
  endfacet
  facet normal 0.9659257708040004 -0.25881925217552465 0
    outer loop
      vertex 30.196151733398438 22 26.899999618530273
      vertex 31 25 3
      vertex 31 25 26.899999618530273
    endloop
  endfacet
  facet normal 0.9659257708040004 -0.25881925217552465 0
    outer loop
      vertex 31 25 3
      vertex 30.196151733398438 22 26.899999618530273
      vertex 30.196151733398438 22 3
    endloop
  endfacet
  facet normal 0.7071067811865476 -0.7071067811865476 0
    outer loop
      vertex 28 19.803848266601562 26.899999618530273
      vertex 30.196151733398438 22 3
      vertex 30.196151733398438 22 26.899999618530273
    endloop
  endfacet
  facet normal 0.7071067811865476 -0.7071067811865476 0
    outer loop
      vertex 30.196151733398438 22 3
      vertex 28 19.803848266601562 26.899999618530273
      vertex 28 19.803848266601562 3
    endloop
  endfacet
  facet normal 0.8844343732963519 0.23698026508590322 -0.40201516549964145
    outer loop
      vertex 31.0565242767334 28.18181800842285 28.899999618530273
      vertex 30.196151733398438 28 26.899999618530273
      vertex 30.983448028564453 28.454545974731445 28.899999618530273
    endloop
  endfacet
  facet normal 0.8844335473370109 0.23698345798370904 -0.40201510044643207
    outer loop
      vertex 30.196151733398438 28 26.899999618530273
      vertex 31.0565242767334 28.18181800842285 28.899999618530273
      vertex 31 25 26.899999618530273
    endloop
  endfacet
  facet normal -0.8844335473370109 -0.23698345798370904 -0.40201510044643207
    outer loop
      vertex 19.803848266601562 22 26.899999618530273
      vertex 18.9434757232666 21.81818199157715 28.899999618530273
      vertex 19 25 26.899999618530273
    endloop
  endfacet
  facet normal -0.8844343732963519 -0.23698026508590322 -0.40201516549964145
    outer loop
      vertex 18.9434757232666 21.81818199157715 28.899999618530273
      vertex 19.803848266601562 22 26.899999618530273
      vertex 19.016551971435547 21.545454025268555 28.899999618530273
    endloop
  endfacet
  facet normal 0.8844336618765514 0.23698334092971463 -0.4020149174613107
    outer loop
      vertex 31.909090042114258 25 28.899999618530273
      vertex 31 25 26.899999618530273
      vertex 31.0565242767334 28.18181800842285 28.899999618530273
    endloop
  endfacet
  facet normal -0.23698345798370904 0.8844335473370109 -0.40201510044643207
    outer loop
      vertex 22 30.196151733398438 26.899999618530273
      vertex 21.81818199157715 31.0565242767334 28.899999618530273
      vertex 25 31 26.899999618530273
    endloop
  endfacet
  facet normal -0.23698026508590322 0.8844343732963519 -0.40201516549964145
    outer loop
      vertex 21.81818199157715 31.0565242767334 28.899999618530273
      vertex 22 30.196151733398438 26.899999618530273
      vertex 21.545454025268555 30.983448028564453 28.899999618530273
    endloop
  endfacet
  facet normal 0.23698334092971463 -0.8844336618765514 -0.4020149174613107
    outer loop
      vertex 28.18181800842285 18.9434757232666 28.899999618530273
      vertex 25 18.090909957885742 28.899999618530273
      vertex 25 19 26.899999618530273
    endloop
  endfacet
  facet normal -0.23698334092971463 0.8844336618765514 -0.4020149174613107
    outer loop
      vertex 25 31 26.899999618530273
      vertex 21.81818199157715 31.0565242767334 28.899999618530273
      vertex 25 31.909090042114258 28.899999618530273
    endloop
  endfacet
  facet normal -0.8844336618765514 0.23698334092971463 -0.4020149174613107
    outer loop
      vertex 19 25 26.899999618530273
      vertex 18.090909957885742 25 28.899999618530273
      vertex 18.9434757232666 28.18181800842285 28.899999618530273
    endloop
  endfacet
  facet normal -0.8844336618765514 -0.23698334092971463 -0.4020149174613107
    outer loop
      vertex 18.9434757232666 21.81818199157715 28.899999618530273
      vertex 18.090909957885742 25 28.899999618530273
      vertex 19 25 26.899999618530273
    endloop
  endfacet
  facet normal 0.8844336618765514 -0.23698334092971463 -0.4020149174613107
    outer loop
      vertex 31.0565242767334 21.81818199157715 28.899999618530273
      vertex 31 25 26.899999618530273
      vertex 31.909090042114258 25 28.899999618530273
    endloop
  endfacet
  facet normal -0.647450201405554 0.647450201405554 -0.4020155138795207
    outer loop
      vertex 22 30.196151733398438 26.899999618530273
      vertex 19.016551971435547 28.454545974731445 28.899999618530273
      vertex 21.545454025268555 30.983448028564453 28.899999618530273
    endloop
  endfacet
  facet normal -0.647450201405554 0.647450201405554 -0.4020155138795207
    outer loop
      vertex 19.016551971435547 28.454545974731445 28.899999618530273
      vertex 22 30.196151733398438 26.899999618530273
      vertex 19.803848266601562 28 26.899999618530273
    endloop
  endfacet
  facet normal -0.23698026508590322 -0.8844343732963519 -0.40201516549964145
    outer loop
      vertex 22 19.803848266601562 26.899999618530273
      vertex 21.81818199157715 18.9434757232666 28.899999618530273
      vertex 21.545454025268555 19.016551971435547 28.899999618530273
    endloop
  endfacet
  facet normal -0.23698345798370904 -0.8844335473370109 -0.40201510044643207
    outer loop
      vertex 21.81818199157715 18.9434757232666 28.899999618530273
      vertex 22 19.803848266601562 26.899999618530273
      vertex 25 19 26.899999618530273
    endloop
  endfacet
  facet normal 0.23698345798370904 -0.8844335473370109 -0.40201510044643207
    outer loop
      vertex 28 19.803848266601562 26.899999618530273
      vertex 28.18181800842285 18.9434757232666 28.899999618530273
      vertex 25 19 26.899999618530273
    endloop
  endfacet
  facet normal 0.23698026508590322 -0.8844343732963519 -0.40201516549964145
    outer loop
      vertex 28.18181800842285 18.9434757232666 28.899999618530273
      vertex 28 19.803848266601562 26.899999618530273
      vertex 28.454545974731445 19.016551971435547 28.899999618530273
    endloop
  endfacet
  facet normal 0.647450201405554 0.647450201405554 -0.4020155138795207
    outer loop
      vertex 30.983448028564453 28.454545974731445 28.899999618530273
      vertex 28 30.196151733398438 26.899999618530273
      vertex 28.454545974731445 30.983448028564453 28.899999618530273
    endloop
  endfacet
  facet normal 0.647450201405554 0.647450201405554 -0.4020155138795207
    outer loop
      vertex 28 30.196151733398438 26.899999618530273
      vertex 30.983448028564453 28.454545974731445 28.899999618530273
      vertex 30.196151733398438 28 26.899999618530273
    endloop
  endfacet
  facet normal 0.8844335473370109 -0.23698345798370904 -0.40201510044643207
    outer loop
      vertex 31.0565242767334 21.81818199157715 28.899999618530273
      vertex 30.196151733398438 22 26.899999618530273
      vertex 31 25 26.899999618530273
    endloop
  endfacet
  facet normal 0.8844343732963519 -0.23698026508590322 -0.40201516549964145
    outer loop
      vertex 30.196151733398438 22 26.899999618530273
      vertex 31.0565242767334 21.81818199157715 28.899999618530273
      vertex 30.983448028564453 21.545454025268555 28.899999618530273
    endloop
  endfacet
  facet normal 0.23698026508590322 0.8844343732963519 -0.40201516549964145
    outer loop
      vertex 28 30.196151733398438 26.899999618530273
      vertex 28.18181800842285 31.0565242767334 28.899999618530273
      vertex 28.454545974731445 30.983448028564453 28.899999618530273
    endloop
  endfacet
  facet normal 0.23698345798370904 0.8844335473370109 -0.40201510044643207
    outer loop
      vertex 28.18181800842285 31.0565242767334 28.899999618530273
      vertex 28 30.196151733398438 26.899999618530273
      vertex 25 31 26.899999618530273
    endloop
  endfacet
  facet normal 0.647450201405554 -0.647450201405554 -0.4020155138795207
    outer loop
      vertex 30.983448028564453 21.545454025268555 28.899999618530273
      vertex 28 19.803848266601562 26.899999618530273
      vertex 30.196151733398438 22 26.899999618530273
    endloop
  endfacet
  facet normal 0.647450201405554 -0.647450201405554 -0.4020155138795207
    outer loop
      vertex 28 19.803848266601562 26.899999618530273
      vertex 30.983448028564453 21.545454025268555 28.899999618530273
      vertex 28.454545974731445 19.016551971435547 28.899999618530273
    endloop
  endfacet
  facet normal 0.23698334092971463 0.8844336618765514 -0.4020149174613107
    outer loop
      vertex 28.18181800842285 31.0565242767334 28.899999618530273
      vertex 25 31 26.899999618530273
      vertex 25 31.909090042114258 28.899999618530273
    endloop
  endfacet
  facet normal -0.8844343732963519 0.23698026508590322 -0.40201516549964145
    outer loop
      vertex 19.803848266601562 28 26.899999618530273
      vertex 18.9434757232666 28.18181800842285 28.899999618530273
      vertex 19.016551971435547 28.454545974731445 28.899999618530273
    endloop
  endfacet
  facet normal -0.8844335473370109 0.23698345798370904 -0.40201510044643207
    outer loop
      vertex 18.9434757232666 28.18181800842285 28.899999618530273
      vertex 19.803848266601562 28 26.899999618530273
      vertex 19 25 26.899999618530273
    endloop
  endfacet
  facet normal -0.23698334092971463 -0.8844336618765514 -0.4020149174613107
    outer loop
      vertex 25 18.090909957885742 28.899999618530273
      vertex 21.81818199157715 18.9434757232666 28.899999618530273
      vertex 25 19 26.899999618530273
    endloop
  endfacet
  facet normal -0.647450201405554 -0.647450201405554 -0.4020155138795207
    outer loop
      vertex 22 19.803848266601562 26.899999618530273
      vertex 19.016551971435547 21.545454025268555 28.899999618530273
      vertex 19.803848266601562 22 26.899999618530273
    endloop
  endfacet
  facet normal -0.647450201405554 -0.647450201405554 -0.4020155138795207
    outer loop
      vertex 19.016551971435547 21.545454025268555 28.899999618530273
      vertex 22 19.803848266601562 26.899999618530273
      vertex 21.545454025268555 19.016551971435547 28.899999618530273
    endloop
  endfacet
  facet normal 0.7933614510925967 0.21258100065521038 0.5704269682270278
    outer loop
      vertex 31.235382080078125 28.599998474121094 28.899999618530273
      vertex 25.009998321533203 25 38.900001525878906
      vertex 32.20000076293945 25 28.899999618530273
    endloop
  endfacet
  facet normal 0.21249927995186235 -0.7933911862590188 0.5704160600705828
    outer loop
      vertex 25.0049991607666 24.99134063720703 38.900001525878906
      vertex 25 24.990001678466797 38.900001525878906
      vertex 28.599998474121094 18.764617919921875 28.899999618530273
    endloop
  endfacet
  facet normal 0.7933911862590188 0.21249927995186235 0.5704160600705828
    outer loop
      vertex 31.235382080078125 28.599998474121094 28.899999618530273
      vertex 25.00865936279297 25.0049991607666 38.900001525878906
      vertex 25.009998321533203 25 38.900001525878906
    endloop
  endfacet
  facet normal 0.7933614510925967 -0.21258100065521038 0.5704269682270278
    outer loop
      vertex 32.20000076293945 25 28.899999618530273
      vertex 25.009998321533203 25 38.900001525878906
      vertex 31.235382080078125 21.400001525878906 28.899999618530273
    endloop
  endfacet
  facet normal 0.21258100065521038 -0.7933614510925967 0.5704269682270278
    outer loop
      vertex 25 24.990001678466797 38.900001525878906
      vertex 25 17.799999237060547 28.899999618530273
      vertex 28.599998474121094 18.764617919921875 28.899999618530273
    endloop
  endfacet
  facet normal -0.7933614510925967 -0.21258100065521038 0.5704269682270278
    outer loop
      vertex 24.990001678466797 25 38.900001525878906
      vertex 17.799999237060547 25 28.899999618530273
      vertex 18.764617919921875 21.400001525878906 28.899999618530273
    endloop
  endfacet
  facet normal 0.21258100065521038 0.7933614510925967 0.5704269682270278
    outer loop
      vertex 25 32.20000076293945 28.899999618530273
      vertex 25 25.009998321533203 38.900001525878906
      vertex 28.599998474121094 31.235382080078125 28.899999618530273
    endloop
  endfacet
  facet normal 0.580781021502867 -0.580781021502867 0.5704268665869204
    outer loop
      vertex 25.0049991607666 24.99134063720703 38.900001525878906
      vertex 31.235382080078125 21.400001525878906 28.899999618530273
      vertex 25.00865936279297 24.9950008392334 38.900001525878906
    endloop
  endfacet
  facet normal 0.5807810215028671 -0.5807810215028671 0.5704268665869205
    outer loop
      vertex 31.235382080078125 21.400001525878906 28.899999618530273
      vertex 25.0049991607666 24.99134063720703 38.900001525878906
      vertex 28.599998474121094 18.764617919921875 28.899999618530273
    endloop
  endfacet
  facet normal -0.21258100065521038 -0.7933614510925967 0.5704269682270278
    outer loop
      vertex 25 24.990001678466797 38.900001525878906
      vertex 21.400001525878906 18.764617919921875 28.899999618530273
      vertex 25 17.799999237060547 28.899999618530273
    endloop
  endfacet
  facet normal 0 0 -1
    outer loop
      vertex 31.0565242767334 21.81818199157715 28.899999618530273
      vertex 32.20000076293945 25 28.899999618530273
      vertex 31.235382080078125 21.400001525878906 28.899999618530273
    endloop
  endfacet
  facet normal 0 0 -1
    outer loop
      vertex 32.20000076293945 25 28.899999618530273
      vertex 31.0565242767334 21.81818199157715 28.899999618530273
      vertex 31.909090042114258 25 28.899999618530273
    endloop
  endfacet
  facet normal 0 0 -1
    outer loop
      vertex 31.235382080078125 21.400001525878906 28.899999618530273
      vertex 30.983448028564453 21.545454025268555 28.899999618530273
      vertex 31.0565242767334 21.81818199157715 28.899999618530273
    endloop
  endfacet
  facet normal 0 0 -1
    outer loop
      vertex 28.599998474121094 18.764617919921875 28.899999618530273
      vertex 30.983448028564453 21.545454025268555 28.899999618530273
      vertex 31.235382080078125 21.400001525878906 28.899999618530273
    endloop
  endfacet
  facet normal 0 0 -1
    outer loop
      vertex 28.599998474121094 18.764617919921875 28.899999618530273
      vertex 28.454545974731445 19.016551971435547 28.899999618530273
      vertex 30.983448028564453 21.545454025268555 28.899999618530273
    endloop
  endfacet
  facet normal 0 0 -1
    outer loop
      vertex 28.599998474121094 18.764617919921875 28.899999618530273
      vertex 28.18181800842285 18.9434757232666 28.899999618530273
      vertex 28.454545974731445 19.016551971435547 28.899999618530273
    endloop
  endfacet
  facet normal 0 0 -1
    outer loop
      vertex 25 17.799999237060547 28.899999618530273
      vertex 28.18181800842285 18.9434757232666 28.899999618530273
      vertex 28.599998474121094 18.764617919921875 28.899999618530273
    endloop
  endfacet
  facet normal 0 0 -1
    outer loop
      vertex 25 17.799999237060547 28.899999618530273
      vertex 25 18.090909957885742 28.899999618530273
      vertex 28.18181800842285 18.9434757232666 28.899999618530273
    endloop
  endfacet
  facet normal 0 0 -1
    outer loop
      vertex 25 17.799999237060547 28.899999618530273
      vertex 21.81818199157715 18.9434757232666 28.899999618530273
      vertex 25 18.090909957885742 28.899999618530273
    endloop
  endfacet
  facet normal 0 0 -1
    outer loop
      vertex 21.400001525878906 18.764617919921875 28.899999618530273
      vertex 21.81818199157715 18.9434757232666 28.899999618530273
      vertex 25 17.799999237060547 28.899999618530273
    endloop
  endfacet
  facet normal 0 0 -1
    outer loop
      vertex 21.81818199157715 18.9434757232666 28.899999618530273
      vertex 21.400001525878906 18.764617919921875 28.899999618530273
      vertex 21.545454025268555 19.016551971435547 28.899999618530273
    endloop
  endfacet
  facet normal 0 0 -1
    outer loop
      vertex 21.400001525878906 18.764617919921875 28.899999618530273
      vertex 19.016551971435547 21.545454025268555 28.899999618530273
      vertex 21.545454025268555 19.016551971435547 28.899999618530273
    endloop
  endfacet
  facet normal 0 0 -1
    outer loop
      vertex 18.764617919921875 21.400001525878906 28.899999618530273
      vertex 19.016551971435547 21.545454025268555 28.899999618530273
      vertex 21.400001525878906 18.764617919921875 28.899999618530273
    endloop
  endfacet
  facet normal 0 0 -1
    outer loop
      vertex 18.764617919921875 21.400001525878906 28.899999618530273
      vertex 18.9434757232666 21.81818199157715 28.899999618530273
      vertex 19.016551971435547 21.545454025268555 28.899999618530273
    endloop
  endfacet
  facet normal 0 0 -1
    outer loop
      vertex 17.799999237060547 25 28.899999618530273
      vertex 18.9434757232666 21.81818199157715 28.899999618530273
      vertex 18.764617919921875 21.400001525878906 28.899999618530273
    endloop
  endfacet
  facet normal 0 0 -1
    outer loop
      vertex 18.9434757232666 21.81818199157715 28.899999618530273
      vertex 17.799999237060547 25 28.899999618530273
      vertex 18.090909957885742 25 28.899999618530273
    endloop
  endfacet
  facet normal 0 0 -1
    outer loop
      vertex 31.0565242767334 28.18181800842285 28.899999618530273
      vertex 32.20000076293945 25 28.899999618530273
      vertex 31.909090042114258 25 28.899999618530273
    endloop
  endfacet
  facet normal 0 0 -1
    outer loop
      vertex 32.20000076293945 25 28.899999618530273
      vertex 31.0565242767334 28.18181800842285 28.899999618530273
      vertex 31.235382080078125 28.599998474121094 28.899999618530273
    endloop
  endfacet
  facet normal 0 0 -1
    outer loop
      vertex 30.983448028564453 28.454545974731445 28.899999618530273
      vertex 31.235382080078125 28.599998474121094 28.899999618530273
      vertex 31.0565242767334 28.18181800842285 28.899999618530273
    endloop
  endfacet
  facet normal 0 0 -1
    outer loop
      vertex 30.983448028564453 28.454545974731445 28.899999618530273
      vertex 28.599998474121094 31.235382080078125 28.899999618530273
      vertex 31.235382080078125 28.599998474121094 28.899999618530273
    endloop
  endfacet
  facet normal 0 0 -1
    outer loop
      vertex 28.454545974731445 30.983448028564453 28.899999618530273
      vertex 28.599998474121094 31.235382080078125 28.899999618530273
      vertex 30.983448028564453 28.454545974731445 28.899999618530273
    endloop
  endfacet
  facet normal 0 0 -1
    outer loop
      vertex 28.18181800842285 31.0565242767334 28.899999618530273
      vertex 28.599998474121094 31.235382080078125 28.899999618530273
      vertex 28.454545974731445 30.983448028564453 28.899999618530273
    endloop
  endfacet
  facet normal 0 0 -1
    outer loop
      vertex 25 32.20000076293945 28.899999618530273
      vertex 28.18181800842285 31.0565242767334 28.899999618530273
      vertex 25 31.909090042114258 28.899999618530273
    endloop
  endfacet
  facet normal 0 0 -1
    outer loop
      vertex 28.18181800842285 31.0565242767334 28.899999618530273
      vertex 25 32.20000076293945 28.899999618530273
      vertex 28.599998474121094 31.235382080078125 28.899999618530273
    endloop
  endfacet
  facet normal 0 0 -1
    outer loop
      vertex 21.81818199157715 31.0565242767334 28.899999618530273
      vertex 25 32.20000076293945 28.899999618530273
      vertex 25 31.909090042114258 28.899999618530273
    endloop
  endfacet
  facet normal 0 0 -1
    outer loop
      vertex 21.400001525878906 31.235382080078125 28.899999618530273
      vertex 21.81818199157715 31.0565242767334 28.899999618530273
      vertex 21.545454025268555 30.983448028564453 28.899999618530273
    endloop
  endfacet
  facet normal 0 0 -1
    outer loop
      vertex 21.81818199157715 31.0565242767334 28.899999618530273
      vertex 21.400001525878906 31.235382080078125 28.899999618530273
      vertex 25 32.20000076293945 28.899999618530273
    endloop
  endfacet
  facet normal 0 0 -1
    outer loop
      vertex 19.016551971435547 28.454545974731445 28.899999618530273
      vertex 21.400001525878906 31.235382080078125 28.899999618530273
      vertex 21.545454025268555 30.983448028564453 28.899999618530273
    endloop
  endfacet
  facet normal 0 0 -1
    outer loop
      vertex 19.016551971435547 28.454545974731445 28.899999618530273
      vertex 18.764617919921875 28.599998474121094 28.899999618530273
      vertex 21.400001525878906 31.235382080078125 28.899999618530273
    endloop
  endfacet
  facet normal 0 0 -1
    outer loop
      vertex 18.9434757232666 28.18181800842285 28.899999618530273
      vertex 18.764617919921875 28.599998474121094 28.899999618530273
      vertex 19.016551971435547 28.454545974731445 28.899999618530273
    endloop
  endfacet
  facet normal 0 0 -1
    outer loop
      vertex 17.799999237060547 25 28.899999618530273
      vertex 18.9434757232666 28.18181800842285 28.899999618530273
      vertex 18.090909957885742 25 28.899999618530273
    endloop
  endfacet
  facet normal 0 0 -1
    outer loop
      vertex 18.9434757232666 28.18181800842285 28.899999618530273
      vertex 17.799999237060547 25 28.899999618530273
      vertex 18.764617919921875 28.599998474121094 28.899999618530273
    endloop
  endfacet
  facet normal -0.21249927995186235 -0.7933911862590188 0.5704160600705828
    outer loop
      vertex 24.9950008392334 24.99134063720703 38.900001525878906
      vertex 21.400001525878906 18.764617919921875 28.899999618530273
      vertex 25 24.990001678466797 38.900001525878906
    endloop
  endfacet
  facet normal -0.7933614510925967 0.21258100065521038 0.5704269682270278
    outer loop
      vertex 18.764617919921875 28.599998474121094 28.899999618530273
      vertex 17.799999237060547 25 28.899999618530273
      vertex 24.990001678466797 25 38.900001525878906
    endloop
  endfacet
  facet normal 0.21249927995186235 0.7933911862590188 0.5704160600705828
    outer loop
      vertex 28.599998474121094 31.235382080078125 28.899999618530273
      vertex 25 25.009998321533203 38.900001525878906
      vertex 25.0049991607666 25.00865936279297 38.900001525878906
    endloop
  endfacet
  facet normal -0.21258100065521038 0.7933614510925967 0.5704269682270278
    outer loop
      vertex 25 32.20000076293945 28.899999618530273
      vertex 21.400001525878906 31.235382080078125 28.899999618530273
      vertex 25 25.009998321533203 38.900001525878906
    endloop
  endfacet
  facet normal -0.7933911862590188 0.21249927995186235 0.5704160600705828
    outer loop
      vertex 24.99134063720703 25.0049991607666 38.900001525878906
      vertex 18.764617919921875 28.599998474121094 28.899999618530273
      vertex 24.990001678466797 25 38.900001525878906
    endloop
  endfacet
  facet normal -0.7933911862590188 -0.21249927995186235 0.5704160600705828
    outer loop
      vertex 24.990001678466797 25 38.900001525878906
      vertex 18.764617919921875 21.400001525878906 28.899999618530273
      vertex 24.99134063720703 24.9950008392334 38.900001525878906
    endloop
  endfacet
  facet normal -0.580781021502867 -0.580781021502867 0.5704268665869204
    outer loop
      vertex 18.764617919921875 21.400001525878906 28.899999618530273
      vertex 24.9950008392334 24.99134063720703 38.900001525878906
      vertex 24.99134063720703 24.9950008392334 38.900001525878906
    endloop
  endfacet
  facet normal -0.5807810215028671 -0.5807810215028671 0.5704268665869205
    outer loop
      vertex 24.9950008392334 24.99134063720703 38.900001525878906
      vertex 18.764617919921875 21.400001525878906 28.899999618530273
      vertex 21.400001525878906 18.764617919921875 28.899999618530273
    endloop
  endfacet
  facet normal 0.5807810215028671 0.5807810215028671 0.5704268665869205
    outer loop
      vertex 25.0049991607666 25.00865936279297 38.900001525878906
      vertex 31.235382080078125 28.599998474121094 28.899999618530273
      vertex 28.599998474121094 31.235382080078125 28.899999618530273
    endloop
  endfacet
  facet normal 0.580781021502867 0.580781021502867 0.5704268665869204
    outer loop
      vertex 31.235382080078125 28.599998474121094 28.899999618530273
      vertex 25.0049991607666 25.00865936279297 38.900001525878906
      vertex 25.00865936279297 25.0049991607666 38.900001525878906
    endloop
  endfacet
  facet normal 0.7933911862590188 -0.21249927995186235 0.5704160600705828
    outer loop
      vertex 25.009998321533203 25 38.900001525878906
      vertex 25.00865936279297 24.9950008392334 38.900001525878906
      vertex 31.235382080078125 21.400001525878906 28.899999618530273
    endloop
  endfacet
  facet normal -0.21249927995186235 0.7933911862590188 0.5704160600705828
    outer loop
      vertex 25 25.009998321533203 38.900001525878906
      vertex 21.400001525878906 31.235382080078125 28.899999618530273
      vertex 24.9950008392334 25.00865936279297 38.900001525878906
    endloop
  endfacet
  facet normal 0 0 1
    outer loop
      vertex 25.00865936279297 25.0049991607666 38.900001525878906
      vertex 25.00865936279297 24.9950008392334 38.900001525878906
      vertex 25.009998321533203 25 38.900001525878906
    endloop
  endfacet
  facet normal 0 0 1
    outer loop
      vertex 25.0049991607666 25.00865936279297 38.900001525878906
      vertex 25.00865936279297 24.9950008392334 38.900001525878906
      vertex 25.00865936279297 25.0049991607666 38.900001525878906
    endloop
  endfacet
  facet normal 0 0 1
    outer loop
      vertex 25.0049991607666 25.00865936279297 38.900001525878906
      vertex 25.0049991607666 24.99134063720703 38.900001525878906
      vertex 25.00865936279297 24.9950008392334 38.900001525878906
    endloop
  endfacet
  facet normal 0 0 1
    outer loop
      vertex 25 25.009998321533203 38.900001525878906
      vertex 25.0049991607666 24.99134063720703 38.900001525878906
      vertex 25.0049991607666 25.00865936279297 38.900001525878906
    endloop
  endfacet
  facet normal 0 0 1
    outer loop
      vertex 25 25.009998321533203 38.900001525878906
      vertex 25 24.990001678466797 38.900001525878906
      vertex 25.0049991607666 24.99134063720703 38.900001525878906
    endloop
  endfacet
  facet normal 0 0 1
    outer loop
      vertex 24.9950008392334 25.00865936279297 38.900001525878906
      vertex 25 24.990001678466797 38.900001525878906
      vertex 25 25.009998321533203 38.900001525878906
    endloop
  endfacet
  facet normal 0 0 1
    outer loop
      vertex 24.9950008392334 25.00865936279297 38.900001525878906
      vertex 24.9950008392334 24.99134063720703 38.900001525878906
      vertex 25 24.990001678466797 38.900001525878906
    endloop
  endfacet
  facet normal 0 0 1
    outer loop
      vertex 24.99134063720703 25.0049991607666 38.900001525878906
      vertex 24.9950008392334 24.99134063720703 38.900001525878906
      vertex 24.9950008392334 25.00865936279297 38.900001525878906
    endloop
  endfacet
  facet normal 0 0 1
    outer loop
      vertex 24.99134063720703 25.0049991607666 38.900001525878906
      vertex 24.99134063720703 24.9950008392334 38.900001525878906
      vertex 24.9950008392334 24.99134063720703 38.900001525878906
    endloop
  endfacet
  facet normal 0 0 1
    outer loop
      vertex 24.99134063720703 24.9950008392334 38.900001525878906
      vertex 24.99134063720703 25.0049991607666 38.900001525878906
      vertex 24.990001678466797 25 38.900001525878906
    endloop
  endfacet
  facet normal -0.5807810215028671 0.5807810215028671 0.5704268665869205
    outer loop
      vertex 18.764617919921875 28.599998474121094 28.899999618530273
      vertex 24.9950008392334 25.00865936279297 38.900001525878906
      vertex 21.400001525878906 31.235382080078125 28.899999618530273
    endloop
  endfacet
  facet normal -0.580781021502867 0.580781021502867 0.5704268665869204
    outer loop
      vertex 24.9950008392334 25.00865936279297 38.900001525878906
      vertex 18.764617919921875 28.599998474121094 28.899999618530273
      vertex 24.99134063720703 25.0049991607666 38.900001525878906
    endloop
  endfacet
  facet normal 1 0 0
    outer loop
      vertex -46.25 23.299999237060547 22.049999237060547
      vertex -46.25 26.69999885559082 18.950000762939453
      vertex -46.25 26.69999885559082 22.049999237060547
    endloop
  endfacet
  facet normal 1 0 0
    outer loop
      vertex -46.25 26.69999885559082 18.950000762939453
      vertex -46.25 23.299999237060547 22.049999237060547
      vertex -46.25 23.299999237060547 18.950000762939453
    endloop
  endfacet
  facet normal 0 0 1
    outer loop
      vertex -48.75 26.69999885559082 22.049999237060547
      vertex -46.25 23.299999237060547 22.049999237060547
      vertex -46.25 26.69999885559082 22.049999237060547
    endloop
  endfacet
  facet normal 0 0 1
    outer loop
      vertex -46.25 23.299999237060547 22.049999237060547
      vertex -48.75 26.69999885559082 22.049999237060547
      vertex -48.75 23.299999237060547 22.049999237060547
    endloop
  endfacet
  facet normal 0 0 -1
    outer loop
      vertex -48.75 23.299999237060547 18.950000762939453
      vertex -46.25 26.69999885559082 18.950000762939453
      vertex -46.25 23.299999237060547 18.950000762939453
    endloop
  endfacet
  facet normal 0 0 -1
    outer loop
      vertex -46.25 26.69999885559082 18.950000762939453
      vertex -48.75 23.299999237060547 18.950000762939453
      vertex -48.75 26.69999885559082 18.950000762939453
    endloop
  endfacet
  facet normal -1 0 0
    outer loop
      vertex -48.75 23.299999237060547 18.950000762939453
      vertex -48.75 26.69999885559082 22.049999237060547
      vertex -48.75 26.69999885559082 18.950000762939453
    endloop
  endfacet
  facet normal -1 0 0
    outer loop
      vertex -48.75 26.69999885559082 22.049999237060547
      vertex -48.75 23.299999237060547 18.950000762939453
      vertex -48.75 23.299999237060547 22.049999237060547
    endloop
  endfacet
  facet normal 0 1 0
    outer loop
      vertex -46.25 26.69999885559082 18.950000762939453
      vertex -48.75 26.69999885559082 22.049999237060547
      vertex -46.25 26.69999885559082 22.049999237060547
    endloop
  endfacet
  facet normal 0 1 0
    outer loop
      vertex -48.75 26.69999885559082 22.049999237060547
      vertex -46.25 26.69999885559082 18.950000762939453
      vertex -48.75 26.69999885559082 18.950000762939453
    endloop
  endfacet
  facet normal 0 -1 0
    outer loop
      vertex -48.75 23.299999237060547 18.950000762939453
      vertex -46.25 23.299999237060547 22.049999237060547
      vertex -48.75 23.299999237060547 22.049999237060547
    endloop
  endfacet
  facet normal 0 -1 0
    outer loop
      vertex -46.25 23.299999237060547 22.049999237060547
      vertex -48.75 23.299999237060547 18.950000762939453
      vertex -46.25 23.299999237060547 18.950000762939453
    endloop
  endfacet
  facet normal 1 0 0
    outer loop
      vertex -41.25 23.299999237060547 22.049999237060547
      vertex -41.25 26.69999885559082 18.950000762939453
      vertex -41.25 26.69999885559082 22.049999237060547
    endloop
  endfacet
  facet normal 1 0 0
    outer loop
      vertex -41.25 26.69999885559082 18.950000762939453
      vertex -41.25 23.299999237060547 22.049999237060547
      vertex -41.25 23.299999237060547 18.950000762939453
    endloop
  endfacet
  facet normal 0 0 1
    outer loop
      vertex -43.75 26.69999885559082 22.049999237060547
      vertex -41.25 23.299999237060547 22.049999237060547
      vertex -41.25 26.69999885559082 22.049999237060547
    endloop
  endfacet
  facet normal 0 0 1
    outer loop
      vertex -41.25 23.299999237060547 22.049999237060547
      vertex -43.75 26.69999885559082 22.049999237060547
      vertex -43.75 23.299999237060547 22.049999237060547
    endloop
  endfacet
  facet normal 0 0 -1
    outer loop
      vertex -43.75 23.299999237060547 18.950000762939453
      vertex -41.25 26.69999885559082 18.950000762939453
      vertex -41.25 23.299999237060547 18.950000762939453
    endloop
  endfacet
  facet normal 0 0 -1
    outer loop
      vertex -41.25 26.69999885559082 18.950000762939453
      vertex -43.75 23.299999237060547 18.950000762939453
      vertex -43.75 26.69999885559082 18.950000762939453
    endloop
  endfacet
  facet normal -1 0 0
    outer loop
      vertex -43.75 23.299999237060547 18.950000762939453
      vertex -43.75 26.69999885559082 22.049999237060547
      vertex -43.75 26.69999885559082 18.950000762939453
    endloop
  endfacet
  facet normal -1 0 0
    outer loop
      vertex -43.75 26.69999885559082 22.049999237060547
      vertex -43.75 23.299999237060547 18.950000762939453
      vertex -43.75 23.299999237060547 22.049999237060547
    endloop
  endfacet
  facet normal 0 1 0
    outer loop
      vertex -41.25 26.69999885559082 18.950000762939453
      vertex -43.75 26.69999885559082 22.049999237060547
      vertex -41.25 26.69999885559082 22.049999237060547
    endloop
  endfacet
  facet normal 0 1 0
    outer loop
      vertex -43.75 26.69999885559082 22.049999237060547
      vertex -41.25 26.69999885559082 18.950000762939453
      vertex -43.75 26.69999885559082 18.950000762939453
    endloop
  endfacet
  facet normal 0 -1 0
    outer loop
      vertex -43.75 23.299999237060547 18.950000762939453
      vertex -41.25 23.299999237060547 22.049999237060547
      vertex -43.75 23.299999237060547 22.049999237060547
    endloop
  endfacet
  facet normal 0 -1 0
    outer loop
      vertex -41.25 23.299999237060547 22.049999237060547
      vertex -43.75 23.299999237060547 18.950000762939453
      vertex -41.25 23.299999237060547 18.950000762939453
    endloop
  endfacet
  facet normal 1 0 0
    outer loop
      vertex -36.25 23.299999237060547 22.049999237060547
      vertex -36.25 26.69999885559082 18.950000762939453
      vertex -36.25 26.69999885559082 22.049999237060547
    endloop
  endfacet
  facet normal 1 0 0
    outer loop
      vertex -36.25 26.69999885559082 18.950000762939453
      vertex -36.25 23.299999237060547 22.049999237060547
      vertex -36.25 23.299999237060547 18.950000762939453
    endloop
  endfacet
  facet normal 0 0 1
    outer loop
      vertex -38.75 26.69999885559082 22.049999237060547
      vertex -36.25 23.299999237060547 22.049999237060547
      vertex -36.25 26.69999885559082 22.049999237060547
    endloop
  endfacet
  facet normal 0 0 1
    outer loop
      vertex -36.25 23.299999237060547 22.049999237060547
      vertex -38.75 26.69999885559082 22.049999237060547
      vertex -38.75 23.299999237060547 22.049999237060547
    endloop
  endfacet
  facet normal 0 0 -1
    outer loop
      vertex -38.75 23.299999237060547 18.950000762939453
      vertex -36.25 26.69999885559082 18.950000762939453
      vertex -36.25 23.299999237060547 18.950000762939453
    endloop
  endfacet
  facet normal 0 0 -1
    outer loop
      vertex -36.25 26.69999885559082 18.950000762939453
      vertex -38.75 23.299999237060547 18.950000762939453
      vertex -38.75 26.69999885559082 18.950000762939453
    endloop
  endfacet
  facet normal -1 0 0
    outer loop
      vertex -38.75 23.299999237060547 18.950000762939453
      vertex -38.75 26.69999885559082 22.049999237060547
      vertex -38.75 26.69999885559082 18.950000762939453
    endloop
  endfacet
  facet normal -1 0 0
    outer loop
      vertex -38.75 26.69999885559082 22.049999237060547
      vertex -38.75 23.299999237060547 18.950000762939453
      vertex -38.75 23.299999237060547 22.049999237060547
    endloop
  endfacet
  facet normal 0 1 0
    outer loop
      vertex -36.25 26.69999885559082 18.950000762939453
      vertex -38.75 26.69999885559082 22.049999237060547
      vertex -36.25 26.69999885559082 22.049999237060547
    endloop
  endfacet
  facet normal 0 1 0
    outer loop
      vertex -38.75 26.69999885559082 22.049999237060547
      vertex -36.25 26.69999885559082 18.950000762939453
      vertex -38.75 26.69999885559082 18.950000762939453
    endloop
  endfacet
  facet normal 0 -1 0
    outer loop
      vertex -38.75 23.299999237060547 18.950000762939453
      vertex -36.25 23.299999237060547 22.049999237060547
      vertex -38.75 23.299999237060547 22.049999237060547
    endloop
  endfacet
  facet normal 0 -1 0
    outer loop
      vertex -36.25 23.299999237060547 22.049999237060547
      vertex -38.75 23.299999237060547 18.950000762939453
      vertex -36.25 23.299999237060547 18.950000762939453
    endloop
  endfacet
  facet normal 1 0 0
    outer loop
      vertex -31.25 23.299999237060547 22.049999237060547
      vertex -31.25 26.69999885559082 18.950000762939453
      vertex -31.25 26.69999885559082 22.049999237060547
    endloop
  endfacet
  facet normal 1 0 0
    outer loop
      vertex -31.25 26.69999885559082 18.950000762939453
      vertex -31.25 23.299999237060547 22.049999237060547
      vertex -31.25 23.299999237060547 18.950000762939453
    endloop
  endfacet
  facet normal 0 0 1
    outer loop
      vertex -33.75 26.69999885559082 22.049999237060547
      vertex -31.25 23.299999237060547 22.049999237060547
      vertex -31.25 26.69999885559082 22.049999237060547
    endloop
  endfacet
  facet normal 0 0 1
    outer loop
      vertex -31.25 23.299999237060547 22.049999237060547
      vertex -33.75 26.69999885559082 22.049999237060547
      vertex -33.75 23.299999237060547 22.049999237060547
    endloop
  endfacet
  facet normal 0 0 -1
    outer loop
      vertex -33.75 23.299999237060547 18.950000762939453
      vertex -31.25 26.69999885559082 18.950000762939453
      vertex -31.25 23.299999237060547 18.950000762939453
    endloop
  endfacet
  facet normal 0 0 -1
    outer loop
      vertex -31.25 26.69999885559082 18.950000762939453
      vertex -33.75 23.299999237060547 18.950000762939453
      vertex -33.75 26.69999885559082 18.950000762939453
    endloop
  endfacet
  facet normal -1 0 0
    outer loop
      vertex -33.75 23.299999237060547 18.950000762939453
      vertex -33.75 26.69999885559082 22.049999237060547
      vertex -33.75 26.69999885559082 18.950000762939453
    endloop
  endfacet
  facet normal -1 0 0
    outer loop
      vertex -33.75 26.69999885559082 22.049999237060547
      vertex -33.75 23.299999237060547 18.950000762939453
      vertex -33.75 23.299999237060547 22.049999237060547
    endloop
  endfacet
  facet normal 0 1 0
    outer loop
      vertex -31.25 26.69999885559082 18.950000762939453
      vertex -33.75 26.69999885559082 22.049999237060547
      vertex -31.25 26.69999885559082 22.049999237060547
    endloop
  endfacet
  facet normal 0 1 0
    outer loop
      vertex -33.75 26.69999885559082 22.049999237060547
      vertex -31.25 26.69999885559082 18.950000762939453
      vertex -33.75 26.69999885559082 18.950000762939453
    endloop
  endfacet
  facet normal 0 -1 0
    outer loop
      vertex -33.75 23.299999237060547 18.950000762939453
      vertex -31.25 23.299999237060547 22.049999237060547
      vertex -33.75 23.299999237060547 22.049999237060547
    endloop
  endfacet
  facet normal 0 -1 0
    outer loop
      vertex -31.25 23.299999237060547 22.049999237060547
      vertex -33.75 23.299999237060547 18.950000762939453
      vertex -31.25 23.299999237060547 18.950000762939453
    endloop
  endfacet
  facet normal 1 0 0
    outer loop
      vertex -16.25 26.69999885559082 22.049999237060547
      vertex -16.25 26.600000381469727 19
      vertex -16.25 26.69999885559082 18.950000762939453
    endloop
  endfacet
  facet normal 1 0 0
    outer loop
      vertex -16.25 26.69999885559082 22.049999237060547
      vertex -16.25 23.399999618530273 19
      vertex -16.25 26.600000381469727 19
    endloop
  endfacet
  facet normal 1 0 0
    outer loop
      vertex -16.25 23.299999237060547 22.049999237060547
      vertex -16.25 23.399999618530273 19
      vertex -16.25 26.69999885559082 22.049999237060547
    endloop
  endfacet
  facet normal 1 0 0
    outer loop
      vertex -16.25 23.299999237060547 18.950000762939453
      vertex -16.25 23.399999618530273 19
      vertex -16.25 23.299999237060547 22.049999237060547
    endloop
  endfacet
  facet normal 1 0 0
    outer loop
      vertex -16.25 23.399999618530273 19
      vertex -16.25 23.299999237060547 18.950000762939453
      vertex -16.25 23.399999618530273 18.950000762939453
    endloop
  endfacet
  facet normal 1 0 0
    outer loop
      vertex -16.25 26.69999885559082 18.950000762939453
      vertex -16.25 26.600000381469727 19
      vertex -16.25 26.600000381469727 18.950000762939453
    endloop
  endfacet
  facet normal 0 0 1
    outer loop
      vertex -18.75 26.69999885559082 22.049999237060547
      vertex -16.25 23.299999237060547 22.049999237060547
      vertex -16.25 26.69999885559082 22.049999237060547
    endloop
  endfacet
  facet normal 0 0 1
    outer loop
      vertex -16.25 23.299999237060547 22.049999237060547
      vertex -18.75 26.69999885559082 22.049999237060547
      vertex -18.75 23.299999237060547 22.049999237060547
    endloop
  endfacet
  facet normal 0 0 -1
    outer loop
      vertex -18.75 26.600000381469727 18.950000762939453
      vertex -16.25 26.69999885559082 18.950000762939453
      vertex -16.25 26.600000381469727 18.950000762939453
    endloop
  endfacet
  facet normal 0 0 -1
    outer loop
      vertex -16.25 26.69999885559082 18.950000762939453
      vertex -18.75 26.600000381469727 18.950000762939453
      vertex -18.75 26.69999885559082 18.950000762939453
    endloop
  endfacet
  facet normal 0 0 -1
    outer loop
      vertex -18.75 23.299999237060547 18.950000762939453
      vertex -16.25 23.399999618530273 18.950000762939453
      vertex -16.25 23.299999237060547 18.950000762939453
    endloop
  endfacet
  facet normal 0 0 -1
    outer loop
      vertex -16.25 23.399999618530273 18.950000762939453
      vertex -18.75 23.299999237060547 18.950000762939453
      vertex -18.75 23.399999618530273 18.950000762939453
    endloop
  endfacet
  facet normal -1 0 0
    outer loop
      vertex -18.75 23.399999618530273 18.950000762939453
      vertex -18.75 23.299999237060547 18.950000762939453
      vertex -18.75 23.399999618530273 19
    endloop
  endfacet
  facet normal -1 0 0
    outer loop
      vertex -18.75 26.600000381469727 19
      vertex -18.75 26.69999885559082 18.950000762939453
      vertex -18.75 26.600000381469727 18.950000762939453
    endloop
  endfacet
  facet normal -1 0 0
    outer loop
      vertex -18.75 26.69999885559082 18.950000762939453
      vertex -18.75 26.600000381469727 19
      vertex -18.75 26.69999885559082 22.049999237060547
    endloop
  endfacet
  facet normal -1 0 0
    outer loop
      vertex -18.75 23.399999618530273 19
      vertex -18.75 26.69999885559082 22.049999237060547
      vertex -18.75 26.600000381469727 19
    endloop
  endfacet
  facet normal -1 0 0
    outer loop
      vertex -18.75 23.299999237060547 22.049999237060547
      vertex -18.75 23.399999618530273 19
      vertex -18.75 23.299999237060547 18.950000762939453
    endloop
  endfacet
  facet normal -1 0 0
    outer loop
      vertex -18.75 23.399999618530273 19
      vertex -18.75 23.299999237060547 22.049999237060547
      vertex -18.75 26.69999885559082 22.049999237060547
    endloop
  endfacet
  facet normal 0 1 0
    outer loop
      vertex -16.25 26.69999885559082 18.950000762939453
      vertex -18.75 26.69999885559082 22.049999237060547
      vertex -16.25 26.69999885559082 22.049999237060547
    endloop
  endfacet
  facet normal 0 1 0
    outer loop
      vertex -18.75 26.69999885559082 22.049999237060547
      vertex -16.25 26.69999885559082 18.950000762939453
      vertex -18.75 26.69999885559082 18.950000762939453
    endloop
  endfacet
  facet normal 0 -1 0
    outer loop
      vertex -18.75 23.299999237060547 18.950000762939453
      vertex -16.25 23.299999237060547 22.049999237060547
      vertex -18.75 23.299999237060547 22.049999237060547
    endloop
  endfacet
  facet normal 0 -1 0
    outer loop
      vertex -16.25 23.299999237060547 22.049999237060547
      vertex -18.75 23.299999237060547 18.950000762939453
      vertex -16.25 23.299999237060547 18.950000762939453
    endloop
  endfacet
  facet normal 1 0 0
    outer loop
      vertex -11.25 26.69999885559082 22.049999237060547
      vertex -11.25 26.600000381469727 19
      vertex -11.25 26.69999885559082 18.950000762939453
    endloop
  endfacet
  facet normal 1 0 0
    outer loop
      vertex -11.25 26.69999885559082 22.049999237060547
      vertex -11.25 23.399999618530273 19
      vertex -11.25 26.600000381469727 19
    endloop
  endfacet
  facet normal 1 0 0
    outer loop
      vertex -11.25 23.299999237060547 22.049999237060547
      vertex -11.25 23.399999618530273 19
      vertex -11.25 26.69999885559082 22.049999237060547
    endloop
  endfacet
  facet normal 1 0 0
    outer loop
      vertex -11.25 23.299999237060547 18.950000762939453
      vertex -11.25 23.399999618530273 19
      vertex -11.25 23.299999237060547 22.049999237060547
    endloop
  endfacet
  facet normal 1 0 0
    outer loop
      vertex -11.25 23.399999618530273 19
      vertex -11.25 23.299999237060547 18.950000762939453
      vertex -11.25 23.399999618530273 18.950000762939453
    endloop
  endfacet
  facet normal 1 0 0
    outer loop
      vertex -11.25 26.69999885559082 18.950000762939453
      vertex -11.25 26.600000381469727 19
      vertex -11.25 26.600000381469727 18.950000762939453
    endloop
  endfacet
  facet normal 0 0 1
    outer loop
      vertex -13.75 26.69999885559082 22.049999237060547
      vertex -11.25 23.299999237060547 22.049999237060547
      vertex -11.25 26.69999885559082 22.049999237060547
    endloop
  endfacet
  facet normal 0 0 1
    outer loop
      vertex -11.25 23.299999237060547 22.049999237060547
      vertex -13.75 26.69999885559082 22.049999237060547
      vertex -13.75 23.299999237060547 22.049999237060547
    endloop
  endfacet
  facet normal 0 0 -1
    outer loop
      vertex -13.75 26.600000381469727 18.950000762939453
      vertex -11.25 26.69999885559082 18.950000762939453
      vertex -11.25 26.600000381469727 18.950000762939453
    endloop
  endfacet
  facet normal 0 0 -1
    outer loop
      vertex -11.25 26.69999885559082 18.950000762939453
      vertex -13.75 26.600000381469727 18.950000762939453
      vertex -13.75 26.69999885559082 18.950000762939453
    endloop
  endfacet
  facet normal 0 0 -1
    outer loop
      vertex -13.75 23.299999237060547 18.950000762939453
      vertex -11.25 23.399999618530273 18.950000762939453
      vertex -11.25 23.299999237060547 18.950000762939453
    endloop
  endfacet
  facet normal 0 0 -1
    outer loop
      vertex -11.25 23.399999618530273 18.950000762939453
      vertex -13.75 23.299999237060547 18.950000762939453
      vertex -13.75 23.399999618530273 18.950000762939453
    endloop
  endfacet
  facet normal -1 0 0
    outer loop
      vertex -13.75 23.399999618530273 18.950000762939453
      vertex -13.75 23.299999237060547 18.950000762939453
      vertex -13.75 23.399999618530273 19
    endloop
  endfacet
  facet normal -1 0 0
    outer loop
      vertex -13.75 26.600000381469727 19
      vertex -13.75 26.69999885559082 18.950000762939453
      vertex -13.75 26.600000381469727 18.950000762939453
    endloop
  endfacet
  facet normal -1 0 0
    outer loop
      vertex -13.75 26.69999885559082 18.950000762939453
      vertex -13.75 26.600000381469727 19
      vertex -13.75 26.69999885559082 22.049999237060547
    endloop
  endfacet
  facet normal -1 0 0
    outer loop
      vertex -13.75 23.399999618530273 19
      vertex -13.75 26.69999885559082 22.049999237060547
      vertex -13.75 26.600000381469727 19
    endloop
  endfacet
  facet normal -1 0 0
    outer loop
      vertex -13.75 23.299999237060547 22.049999237060547
      vertex -13.75 23.399999618530273 19
      vertex -13.75 23.299999237060547 18.950000762939453
    endloop
  endfacet
  facet normal -1 0 0
    outer loop
      vertex -13.75 23.399999618530273 19
      vertex -13.75 23.299999237060547 22.049999237060547
      vertex -13.75 26.69999885559082 22.049999237060547
    endloop
  endfacet
  facet normal 0 1 0
    outer loop
      vertex -11.25 26.69999885559082 18.950000762939453
      vertex -13.75 26.69999885559082 22.049999237060547
      vertex -11.25 26.69999885559082 22.049999237060547
    endloop
  endfacet
  facet normal 0 1 0
    outer loop
      vertex -13.75 26.69999885559082 22.049999237060547
      vertex -11.25 26.69999885559082 18.950000762939453
      vertex -13.75 26.69999885559082 18.950000762939453
    endloop
  endfacet
  facet normal 0 -1 0
    outer loop
      vertex -13.75 23.299999237060547 18.950000762939453
      vertex -11.25 23.299999237060547 22.049999237060547
      vertex -13.75 23.299999237060547 22.049999237060547
    endloop
  endfacet
  facet normal 0 -1 0
    outer loop
      vertex -11.25 23.299999237060547 22.049999237060547
      vertex -13.75 23.299999237060547 18.950000762939453
      vertex -11.25 23.299999237060547 18.950000762939453
    endloop
  endfacet
  facet normal 1 0 0
    outer loop
      vertex -6.25 26.69999885559082 22.049999237060547
      vertex -6.25 26.600000381469727 19
      vertex -6.25 26.69999885559082 18.950000762939453
    endloop
  endfacet
  facet normal 1 0 0
    outer loop
      vertex -6.25 26.69999885559082 22.049999237060547
      vertex -6.25 23.399999618530273 19
      vertex -6.25 26.600000381469727 19
    endloop
  endfacet
  facet normal 1 0 0
    outer loop
      vertex -6.25 23.299999237060547 22.049999237060547
      vertex -6.25 23.399999618530273 19
      vertex -6.25 26.69999885559082 22.049999237060547
    endloop
  endfacet
  facet normal 1 0 0
    outer loop
      vertex -6.25 23.299999237060547 18.950000762939453
      vertex -6.25 23.399999618530273 19
      vertex -6.25 23.299999237060547 22.049999237060547
    endloop
  endfacet
  facet normal 1 0 0
    outer loop
      vertex -6.25 23.399999618530273 19
      vertex -6.25 23.299999237060547 18.950000762939453
      vertex -6.25 23.399999618530273 18.950000762939453
    endloop
  endfacet
  facet normal 1 0 0
    outer loop
      vertex -6.25 26.69999885559082 18.950000762939453
      vertex -6.25 26.600000381469727 19
      vertex -6.25 26.600000381469727 18.950000762939453
    endloop
  endfacet
  facet normal 0 0 1
    outer loop
      vertex -8.75 26.69999885559082 22.049999237060547
      vertex -6.25 23.299999237060547 22.049999237060547
      vertex -6.25 26.69999885559082 22.049999237060547
    endloop
  endfacet
  facet normal 0 0 1
    outer loop
      vertex -6.25 23.299999237060547 22.049999237060547
      vertex -8.75 26.69999885559082 22.049999237060547
      vertex -8.75 23.299999237060547 22.049999237060547
    endloop
  endfacet
  facet normal 0 0 -1
    outer loop
      vertex -8.75 26.600000381469727 18.950000762939453
      vertex -6.25 26.69999885559082 18.950000762939453
      vertex -6.25 26.600000381469727 18.950000762939453
    endloop
  endfacet
  facet normal 0 0 -1
    outer loop
      vertex -6.25 26.69999885559082 18.950000762939453
      vertex -8.75 26.600000381469727 18.950000762939453
      vertex -8.75 26.69999885559082 18.950000762939453
    endloop
  endfacet
  facet normal 0 0 -1
    outer loop
      vertex -8.75 23.299999237060547 18.950000762939453
      vertex -6.25 23.399999618530273 18.950000762939453
      vertex -6.25 23.299999237060547 18.950000762939453
    endloop
  endfacet
  facet normal 0 0 -1
    outer loop
      vertex -6.25 23.399999618530273 18.950000762939453
      vertex -8.75 23.299999237060547 18.950000762939453
      vertex -8.75 23.399999618530273 18.950000762939453
    endloop
  endfacet
  facet normal -1 0 0
    outer loop
      vertex -8.75 23.399999618530273 18.950000762939453
      vertex -8.75 23.299999237060547 18.950000762939453
      vertex -8.75 23.399999618530273 19
    endloop
  endfacet
  facet normal -1 0 0
    outer loop
      vertex -8.75 26.600000381469727 19
      vertex -8.75 26.69999885559082 18.950000762939453
      vertex -8.75 26.600000381469727 18.950000762939453
    endloop
  endfacet
  facet normal -1 0 0
    outer loop
      vertex -8.75 26.69999885559082 18.950000762939453
      vertex -8.75 26.600000381469727 19
      vertex -8.75 26.69999885559082 22.049999237060547
    endloop
  endfacet
  facet normal -1 0 0
    outer loop
      vertex -8.75 23.399999618530273 19
      vertex -8.75 26.69999885559082 22.049999237060547
      vertex -8.75 26.600000381469727 19
    endloop
  endfacet
  facet normal -1 0 0
    outer loop
      vertex -8.75 23.299999237060547 22.049999237060547
      vertex -8.75 23.399999618530273 19
      vertex -8.75 23.299999237060547 18.950000762939453
    endloop
  endfacet
  facet normal -1 0 0
    outer loop
      vertex -8.75 23.399999618530273 19
      vertex -8.75 23.299999237060547 22.049999237060547
      vertex -8.75 26.69999885559082 22.049999237060547
    endloop
  endfacet
  facet normal 0 1 0
    outer loop
      vertex -6.25 26.69999885559082 18.950000762939453
      vertex -8.75 26.69999885559082 22.049999237060547
      vertex -6.25 26.69999885559082 22.049999237060547
    endloop
  endfacet
  facet normal 0 1 0
    outer loop
      vertex -8.75 26.69999885559082 22.049999237060547
      vertex -6.25 26.69999885559082 18.950000762939453
      vertex -8.75 26.69999885559082 18.950000762939453
    endloop
  endfacet
  facet normal 0 -1 0
    outer loop
      vertex -8.75 23.299999237060547 18.950000762939453
      vertex -6.25 23.299999237060547 22.049999237060547
      vertex -8.75 23.299999237060547 22.049999237060547
    endloop
  endfacet
  facet normal 0 -1 0
    outer loop
      vertex -6.25 23.299999237060547 22.049999237060547
      vertex -8.75 23.299999237060547 18.950000762939453
      vertex -6.25 23.299999237060547 18.950000762939453
    endloop
  endfacet
  facet normal 1 0 0
    outer loop
      vertex -1.25 26.69999885559082 22.049999237060547
      vertex -1.25 26.600000381469727 19
      vertex -1.25 26.69999885559082 18.950000762939453
    endloop
  endfacet
  facet normal 1 0 0
    outer loop
      vertex -1.25 26.69999885559082 22.049999237060547
      vertex -1.25 23.399999618530273 19
      vertex -1.25 26.600000381469727 19
    endloop
  endfacet
  facet normal 1 0 0
    outer loop
      vertex -1.25 23.299999237060547 22.049999237060547
      vertex -1.25 23.399999618530273 19
      vertex -1.25 26.69999885559082 22.049999237060547
    endloop
  endfacet
  facet normal 1 0 0
    outer loop
      vertex -1.25 23.299999237060547 18.950000762939453
      vertex -1.25 23.399999618530273 19
      vertex -1.25 23.299999237060547 22.049999237060547
    endloop
  endfacet
  facet normal 1 0 0
    outer loop
      vertex -1.25 23.399999618530273 19
      vertex -1.25 23.299999237060547 18.950000762939453
      vertex -1.25 23.399999618530273 18.950000762939453
    endloop
  endfacet
  facet normal 1 0 0
    outer loop
      vertex -1.25 26.69999885559082 18.950000762939453
      vertex -1.25 26.600000381469727 19
      vertex -1.25 26.600000381469727 18.950000762939453
    endloop
  endfacet
  facet normal 0 0 1
    outer loop
      vertex -3.75 26.69999885559082 22.049999237060547
      vertex -1.25 23.299999237060547 22.049999237060547
      vertex -1.25 26.69999885559082 22.049999237060547
    endloop
  endfacet
  facet normal 0 0 1
    outer loop
      vertex -1.25 23.299999237060547 22.049999237060547
      vertex -3.75 26.69999885559082 22.049999237060547
      vertex -3.75 23.299999237060547 22.049999237060547
    endloop
  endfacet
  facet normal 0 0 -1
    outer loop
      vertex -3.75 26.600000381469727 18.950000762939453
      vertex -1.25 26.69999885559082 18.950000762939453
      vertex -1.25 26.600000381469727 18.950000762939453
    endloop
  endfacet
  facet normal 0 0 -1
    outer loop
      vertex -1.25 26.69999885559082 18.950000762939453
      vertex -3.75 26.600000381469727 18.950000762939453
      vertex -3.75 26.69999885559082 18.950000762939453
    endloop
  endfacet
  facet normal 0 0 -1
    outer loop
      vertex -3.75 23.299999237060547 18.950000762939453
      vertex -1.25 23.399999618530273 18.950000762939453
      vertex -1.25 23.299999237060547 18.950000762939453
    endloop
  endfacet
  facet normal 0 0 -1
    outer loop
      vertex -1.25 23.399999618530273 18.950000762939453
      vertex -3.75 23.299999237060547 18.950000762939453
      vertex -3.75 23.399999618530273 18.950000762939453
    endloop
  endfacet
  facet normal -1 0 0
    outer loop
      vertex -3.75 23.399999618530273 18.950000762939453
      vertex -3.75 23.299999237060547 18.950000762939453
      vertex -3.75 23.399999618530273 19
    endloop
  endfacet
  facet normal -1 0 0
    outer loop
      vertex -3.75 26.600000381469727 19
      vertex -3.75 26.69999885559082 18.950000762939453
      vertex -3.75 26.600000381469727 18.950000762939453
    endloop
  endfacet
  facet normal -1 0 0
    outer loop
      vertex -3.75 26.69999885559082 18.950000762939453
      vertex -3.75 26.600000381469727 19
      vertex -3.75 26.69999885559082 22.049999237060547
    endloop
  endfacet
  facet normal -1 0 0
    outer loop
      vertex -3.75 23.399999618530273 19
      vertex -3.75 26.69999885559082 22.049999237060547
      vertex -3.75 26.600000381469727 19
    endloop
  endfacet
  facet normal -1 0 0
    outer loop
      vertex -3.75 23.299999237060547 22.049999237060547
      vertex -3.75 23.399999618530273 19
      vertex -3.75 23.299999237060547 18.950000762939453
    endloop
  endfacet
  facet normal -1 0 0
    outer loop
      vertex -3.75 23.399999618530273 19
      vertex -3.75 23.299999237060547 22.049999237060547
      vertex -3.75 26.69999885559082 22.049999237060547
    endloop
  endfacet
  facet normal 0 1 0
    outer loop
      vertex -1.25 26.69999885559082 18.950000762939453
      vertex -3.75 26.69999885559082 22.049999237060547
      vertex -1.25 26.69999885559082 22.049999237060547
    endloop
  endfacet
  facet normal 0 1 0
    outer loop
      vertex -3.75 26.69999885559082 22.049999237060547
      vertex -1.25 26.69999885559082 18.950000762939453
      vertex -3.75 26.69999885559082 18.950000762939453
    endloop
  endfacet
  facet normal 0 -1 0
    outer loop
      vertex -3.75 23.299999237060547 18.950000762939453
      vertex -1.25 23.299999237060547 22.049999237060547
      vertex -3.75 23.299999237060547 22.049999237060547
    endloop
  endfacet
  facet normal 0 -1 0
    outer loop
      vertex -1.25 23.299999237060547 22.049999237060547
      vertex -3.75 23.299999237060547 18.950000762939453
      vertex -1.25 23.299999237060547 18.950000762939453
    endloop
  endfacet
  facet normal 0 0 1
    outer loop
      vertex -25 19 19
      vertex -23.399999618530273 -1.25 19
      vertex -23.399999618530273 19.42871856689453 19
    endloop
  endfacet
  facet normal 0 0 1
    outer loop
      vertex -26.600000381469727 -1.25 19
      vertex -25 19 19
      vertex -26.600000381469727 19.42871856689453 19
    endloop
  endfacet
  facet normal 0 0 1
    outer loop
      vertex -25 19 19
      vertex -26.600000381469727 -1.25 19
      vertex -23.399999618530273 -1.25 19
    endloop
  endfacet
  facet normal 0 0 1
    outer loop
      vertex 25 19 19
      vertex 26.600000381469727 -1.25 19
      vertex 26.600000381469727 19.42871856689453 19
    endloop
  endfacet
  facet normal 0 0 1
    outer loop
      vertex 23.399999618530273 -1.25 19
      vertex 25 19 19
      vertex 23.399999618530273 19.42871856689453 19
    endloop
  endfacet
  facet normal 0 0 1
    outer loop
      vertex 25 19 19
      vertex 23.399999618530273 -1.25 19
      vertex 26.600000381469727 -1.25 19
    endloop
  endfacet
  facet normal 0 0 1
    outer loop
      vertex 19.42871856689453 26.600000381469727 19
      vertex -1.25 26.600000381469727 19
      vertex 19 25 19
    endloop
  endfacet
  facet normal 0 0 1
    outer loop
      vertex -1.25 23.399999618530273 19
      vertex 19 25 19
      vertex -1.25 26.600000381469727 19
    endloop
  endfacet
  facet normal 0 0 1
    outer loop
      vertex 19 25 19
      vertex -1.25 23.399999618530273 19
      vertex 19.42871856689453 23.399999618530273 19
    endloop
  endfacet
  facet normal 0 0 1
    outer loop
      vertex -18.75 26.600000381469727 19
      vertex -19 25 19
      vertex -18.75 23.399999618530273 19
    endloop
  endfacet
  facet normal 0 0 1
    outer loop
      vertex -19 25 19
      vertex -18.75 26.600000381469727 19
      vertex -19.42871856689453 26.600000381469727 19
    endloop
  endfacet
  facet normal 0 0 1
    outer loop
      vertex -18.75 23.399999618530273 19
      vertex -19 25 19
      vertex -19.42871856689453 23.399999618530273 19
    endloop
  endfacet
  facet normal 0 0 1
    outer loop
      vertex -16.25 26.600000381469727 19
      vertex -13.75 23.399999618530273 19
      vertex -13.75 26.600000381469727 19
    endloop
  endfacet
  facet normal 0 0 1
    outer loop
      vertex -13.75 23.399999618530273 19
      vertex -16.25 26.600000381469727 19
      vertex -16.25 23.399999618530273 19
    endloop
  endfacet
  facet normal 0 0 1
    outer loop
      vertex -11.25 26.600000381469727 19
      vertex -8.75 23.399999618530273 19
      vertex -8.75 26.600000381469727 19
    endloop
  endfacet
  facet normal 0 0 1
    outer loop
      vertex -8.75 23.399999618530273 19
      vertex -11.25 26.600000381469727 19
      vertex -11.25 23.399999618530273 19
    endloop
  endfacet
  facet normal 0 0 1
    outer loop
      vertex -6.25 26.600000381469727 19
      vertex -3.75 23.399999618530273 19
      vertex -3.75 26.600000381469727 19
    endloop
  endfacet
  facet normal 0 0 1
    outer loop
      vertex -3.75 23.399999618530273 19
      vertex -6.25 26.600000381469727 19
      vertex -6.25 23.399999618530273 19
    endloop
  endfacet
  facet normal 0 1 0
    outer loop
      vertex 19.42871856689453 26.600000381469727 19
      vertex -1.25 26.600000381469727 18.950000762939453
      vertex -1.25 26.600000381469727 19
    endloop
  endfacet
  facet normal 0 1 0
    outer loop
      vertex -19.42871856689453 26.600000381469727 3.09999942779541
      vertex -3.75 26.600000381469727 18.950000762939453
      vertex -1.25 26.600000381469727 18.950000762939453
    endloop
  endfacet
  facet normal 0 1 0
    outer loop
      vertex -3.75 26.600000381469727 18.950000762939453
      vertex -19.42871856689453 26.600000381469727 3.09999942779541
      vertex -6.25 26.600000381469727 18.950000762939453
    endloop
  endfacet
  facet normal 0 1 0
    outer loop
      vertex -6.25 26.600000381469727 18.950000762939453
      vertex -19.42871856689453 26.600000381469727 3.09999942779541
      vertex -8.75 26.600000381469727 18.950000762939453
    endloop
  endfacet
  facet normal 0 1 0
    outer loop
      vertex -8.75 26.600000381469727 18.950000762939453
      vertex -19.42871856689453 26.600000381469727 3.09999942779541
      vertex -11.25 26.600000381469727 18.950000762939453
    endloop
  endfacet
  facet normal 0 1 0
    outer loop
      vertex -11.25 26.600000381469727 18.950000762939453
      vertex -19.42871856689453 26.600000381469727 3.09999942779541
      vertex -13.75 26.600000381469727 18.950000762939453
    endloop
  endfacet
  facet normal 0 1 0
    outer loop
      vertex -13.75 26.600000381469727 18.950000762939453
      vertex -19.42871856689453 26.600000381469727 3.09999942779541
      vertex -16.25 26.600000381469727 18.950000762939453
    endloop
  endfacet
  facet normal 0 1 0
    outer loop
      vertex -19.42871856689453 26.600000381469727 3.09999942779541
      vertex -1.25 26.600000381469727 18.950000762939453
      vertex 19.42871856689453 26.600000381469727 3.09999942779541
    endloop
  endfacet
  facet normal 0 1 0
    outer loop
      vertex 19.42871856689453 26.600000381469727 3.09999942779541
      vertex -1.25 26.600000381469727 18.950000762939453
      vertex 19.42871856689453 26.600000381469727 19
    endloop
  endfacet
  facet normal 0 1 0
    outer loop
      vertex -3.75 26.600000381469727 18.950000762939453
      vertex -6.25 26.600000381469727 19
      vertex -3.75 26.600000381469727 19
    endloop
  endfacet
  facet normal 0 1 0
    outer loop
      vertex -6.25 26.600000381469727 19
      vertex -3.75 26.600000381469727 18.950000762939453
      vertex -6.25 26.600000381469727 18.950000762939453
    endloop
  endfacet
  facet normal 0 1 0
    outer loop
      vertex -8.75 26.600000381469727 18.950000762939453
      vertex -11.25 26.600000381469727 19
      vertex -8.75 26.600000381469727 19
    endloop
  endfacet
  facet normal 0 1 0
    outer loop
      vertex -11.25 26.600000381469727 19
      vertex -8.75 26.600000381469727 18.950000762939453
      vertex -11.25 26.600000381469727 18.950000762939453
    endloop
  endfacet
  facet normal 0 1 0
    outer loop
      vertex -13.75 26.600000381469727 18.950000762939453
      vertex -16.25 26.600000381469727 19
      vertex -13.75 26.600000381469727 19
    endloop
  endfacet
  facet normal 0 1 0
    outer loop
      vertex -16.25 26.600000381469727 19
      vertex -13.75 26.600000381469727 18.950000762939453
      vertex -16.25 26.600000381469727 18.950000762939453
    endloop
  endfacet
  facet normal 0 1 0
    outer loop
      vertex -18.75 26.600000381469727 18.950000762939453
      vertex -19.42871856689453 26.600000381469727 19
      vertex -18.75 26.600000381469727 19
    endloop
  endfacet
  facet normal 0 1 0
    outer loop
      vertex -16.25 26.600000381469727 18.950000762939453
      vertex -19.42871856689453 26.600000381469727 3.09999942779541
      vertex -18.75 26.600000381469727 18.950000762939453
    endloop
  endfacet
  facet normal 0 1 0
    outer loop
      vertex -18.75 26.600000381469727 18.950000762939453
      vertex -19.42871856689453 26.600000381469727 3.09999942779541
      vertex -19.42871856689453 26.600000381469727 19
    endloop
  endfacet
  facet normal 0 -1 0
    outer loop
      vertex -19.42871856689453 23.399999618530273 19
      vertex -18.75 23.399999618530273 18.950000762939453
      vertex -18.75 23.399999618530273 19
    endloop
  endfacet
  facet normal 0 -1 0
    outer loop
      vertex -19.42871856689453 23.399999618530273 3.09999942779541
      vertex -16.25 23.399999618530273 18.950000762939453
      vertex -18.75 23.399999618530273 18.950000762939453
    endloop
  endfacet
  facet normal 0 -1 0
    outer loop
      vertex -16.25 23.399999618530273 18.950000762939453
      vertex -19.42871856689453 23.399999618530273 3.09999942779541
      vertex -13.75 23.399999618530273 18.950000762939453
    endloop
  endfacet
  facet normal 0 -1 0
    outer loop
      vertex -13.75 23.399999618530273 18.950000762939453
      vertex -19.42871856689453 23.399999618530273 3.09999942779541
      vertex -11.25 23.399999618530273 18.950000762939453
    endloop
  endfacet
  facet normal 0 -1 0
    outer loop
      vertex -11.25 23.399999618530273 18.950000762939453
      vertex -19.42871856689453 23.399999618530273 3.09999942779541
      vertex -8.75 23.399999618530273 18.950000762939453
    endloop
  endfacet
  facet normal 0 -1 0
    outer loop
      vertex -8.75 23.399999618530273 18.950000762939453
      vertex -19.42871856689453 23.399999618530273 3.09999942779541
      vertex -6.25 23.399999618530273 18.950000762939453
    endloop
  endfacet
  facet normal 0 -1 0
    outer loop
      vertex -6.25 23.399999618530273 18.950000762939453
      vertex -19.42871856689453 23.399999618530273 3.09999942779541
      vertex -3.75 23.399999618530273 18.950000762939453
    endloop
  endfacet
  facet normal 0 -1 0
    outer loop
      vertex -3.75 23.399999618530273 18.950000762939453
      vertex -19.42871856689453 23.399999618530273 3.09999942779541
      vertex -1.25 23.399999618530273 18.950000762939453
    endloop
  endfacet
  facet normal 0 -1 0
    outer loop
      vertex -19.42871856689453 23.399999618530273 3.09999942779541
      vertex -18.75 23.399999618530273 18.950000762939453
      vertex -19.42871856689453 23.399999618530273 19
    endloop
  endfacet
  facet normal 0 -1 0
    outer loop
      vertex -16.25 23.399999618530273 18.950000762939453
      vertex -13.75 23.399999618530273 19
      vertex -16.25 23.399999618530273 19
    endloop
  endfacet
  facet normal 0 -1 0
    outer loop
      vertex -13.75 23.399999618530273 19
      vertex -16.25 23.399999618530273 18.950000762939453
      vertex -13.75 23.399999618530273 18.950000762939453
    endloop
  endfacet
  facet normal 0 -1 0
    outer loop
      vertex -11.25 23.399999618530273 18.950000762939453
      vertex -8.75 23.399999618530273 19
      vertex -11.25 23.399999618530273 19
    endloop
  endfacet
  facet normal 0 -1 0
    outer loop
      vertex -8.75 23.399999618530273 19
      vertex -11.25 23.399999618530273 18.950000762939453
      vertex -8.75 23.399999618530273 18.950000762939453
    endloop
  endfacet
  facet normal 0 -1 0
    outer loop
      vertex -6.25 23.399999618530273 18.950000762939453
      vertex -3.75 23.399999618530273 19
      vertex -6.25 23.399999618530273 19
    endloop
  endfacet
  facet normal 0 -1 0
    outer loop
      vertex -3.75 23.399999618530273 19
      vertex -6.25 23.399999618530273 18.950000762939453
      vertex -3.75 23.399999618530273 18.950000762939453
    endloop
  endfacet
  facet normal 0 -1 0
    outer loop
      vertex -1.25 23.399999618530273 18.950000762939453
      vertex 19.42871856689453 23.399999618530273 19
      vertex -1.25 23.399999618530273 19
    endloop
  endfacet
  facet normal 0 -1 0
    outer loop
      vertex 19.42871856689453 23.399999618530273 3.09999942779541
      vertex -1.25 23.399999618530273 18.950000762939453
      vertex -19.42871856689453 23.399999618530273 3.09999942779541
    endloop
  endfacet
  facet normal 0 -1 0
    outer loop
      vertex -1.25 23.399999618530273 18.950000762939453
      vertex 19.42871856689453 23.399999618530273 3.09999942779541
      vertex 19.42871856689453 23.399999618530273 19
    endloop
  endfacet
  facet normal 0 1 0
    outer loop
      vertex -23.299999237060547 -46.25 18.950000762939453
      vertex -26.69999885559082 -46.25 22.049999237060547
      vertex -23.299999237060547 -46.25 22.049999237060547
    endloop
  endfacet
  facet normal 0 1 0
    outer loop
      vertex -26.69999885559082 -46.25 22.049999237060547
      vertex -23.299999237060547 -46.25 18.950000762939453
      vertex -26.69999885559082 -46.25 18.950000762939453
    endloop
  endfacet
  facet normal 0 0 1
    outer loop
      vertex -26.69999885559082 -46.25 22.049999237060547
      vertex -23.299999237060547 -48.75 22.049999237060547
      vertex -23.299999237060547 -46.25 22.049999237060547
    endloop
  endfacet
  facet normal 0 0 1
    outer loop
      vertex -23.299999237060547 -48.75 22.049999237060547
      vertex -26.69999885559082 -46.25 22.049999237060547
      vertex -26.69999885559082 -48.75 22.049999237060547
    endloop
  endfacet
  facet normal 0 0 -1
    outer loop
      vertex -26.69999885559082 -48.75 18.950000762939453
      vertex -23.299999237060547 -46.25 18.950000762939453
      vertex -23.299999237060547 -48.75 18.950000762939453
    endloop
  endfacet
  facet normal 0 0 -1
    outer loop
      vertex -23.299999237060547 -46.25 18.950000762939453
      vertex -26.69999885559082 -48.75 18.950000762939453
      vertex -26.69999885559082 -46.25 18.950000762939453
    endloop
  endfacet
  facet normal 0 -1 0
    outer loop
      vertex -26.69999885559082 -48.75 18.950000762939453
      vertex -23.299999237060547 -48.75 22.049999237060547
      vertex -26.69999885559082 -48.75 22.049999237060547
    endloop
  endfacet
  facet normal 0 -1 0
    outer loop
      vertex -23.299999237060547 -48.75 22.049999237060547
      vertex -26.69999885559082 -48.75 18.950000762939453
      vertex -23.299999237060547 -48.75 18.950000762939453
    endloop
  endfacet
  facet normal -1 0 0
    outer loop
      vertex -26.69999885559082 -48.75 18.950000762939453
      vertex -26.69999885559082 -46.25 22.049999237060547
      vertex -26.69999885559082 -46.25 18.950000762939453
    endloop
  endfacet
  facet normal -1 0 0
    outer loop
      vertex -26.69999885559082 -46.25 22.049999237060547
      vertex -26.69999885559082 -48.75 18.950000762939453
      vertex -26.69999885559082 -48.75 22.049999237060547
    endloop
  endfacet
  facet normal 1 0 0
    outer loop
      vertex -23.299999237060547 -48.75 22.049999237060547
      vertex -23.299999237060547 -46.25 18.950000762939453
      vertex -23.299999237060547 -46.25 22.049999237060547
    endloop
  endfacet
  facet normal 1 0 0
    outer loop
      vertex -23.299999237060547 -46.25 18.950000762939453
      vertex -23.299999237060547 -48.75 22.049999237060547
      vertex -23.299999237060547 -48.75 18.950000762939453
    endloop
  endfacet
  facet normal 0 1 0
    outer loop
      vertex -23.299999237060547 -41.25 18.950000762939453
      vertex -26.69999885559082 -41.25 22.049999237060547
      vertex -23.299999237060547 -41.25 22.049999237060547
    endloop
  endfacet
  facet normal 0 1 0
    outer loop
      vertex -26.69999885559082 -41.25 22.049999237060547
      vertex -23.299999237060547 -41.25 18.950000762939453
      vertex -26.69999885559082 -41.25 18.950000762939453
    endloop
  endfacet
  facet normal 0 0 1
    outer loop
      vertex -26.69999885559082 -41.25 22.049999237060547
      vertex -23.299999237060547 -43.75 22.049999237060547
      vertex -23.299999237060547 -41.25 22.049999237060547
    endloop
  endfacet
  facet normal 0 0 1
    outer loop
      vertex -23.299999237060547 -43.75 22.049999237060547
      vertex -26.69999885559082 -41.25 22.049999237060547
      vertex -26.69999885559082 -43.75 22.049999237060547
    endloop
  endfacet
  facet normal 0 0 -1
    outer loop
      vertex -26.69999885559082 -43.75 18.950000762939453
      vertex -23.299999237060547 -41.25 18.950000762939453
      vertex -23.299999237060547 -43.75 18.950000762939453
    endloop
  endfacet
  facet normal 0 0 -1
    outer loop
      vertex -23.299999237060547 -41.25 18.950000762939453
      vertex -26.69999885559082 -43.75 18.950000762939453
      vertex -26.69999885559082 -41.25 18.950000762939453
    endloop
  endfacet
  facet normal 0 -1 0
    outer loop
      vertex -26.69999885559082 -43.75 18.950000762939453
      vertex -23.299999237060547 -43.75 22.049999237060547
      vertex -26.69999885559082 -43.75 22.049999237060547
    endloop
  endfacet
  facet normal 0 -1 0
    outer loop
      vertex -23.299999237060547 -43.75 22.049999237060547
      vertex -26.69999885559082 -43.75 18.950000762939453
      vertex -23.299999237060547 -43.75 18.950000762939453
    endloop
  endfacet
  facet normal -1 0 0
    outer loop
      vertex -26.69999885559082 -43.75 18.950000762939453
      vertex -26.69999885559082 -41.25 22.049999237060547
      vertex -26.69999885559082 -41.25 18.950000762939453
    endloop
  endfacet
  facet normal -1 0 0
    outer loop
      vertex -26.69999885559082 -41.25 22.049999237060547
      vertex -26.69999885559082 -43.75 18.950000762939453
      vertex -26.69999885559082 -43.75 22.049999237060547
    endloop
  endfacet
  facet normal 1 0 0
    outer loop
      vertex -23.299999237060547 -43.75 22.049999237060547
      vertex -23.299999237060547 -41.25 18.950000762939453
      vertex -23.299999237060547 -41.25 22.049999237060547
    endloop
  endfacet
  facet normal 1 0 0
    outer loop
      vertex -23.299999237060547 -41.25 18.950000762939453
      vertex -23.299999237060547 -43.75 22.049999237060547
      vertex -23.299999237060547 -43.75 18.950000762939453
    endloop
  endfacet
  facet normal 0 1 0
    outer loop
      vertex -23.299999237060547 -36.25 18.950000762939453
      vertex -26.69999885559082 -36.25 22.049999237060547
      vertex -23.299999237060547 -36.25 22.049999237060547
    endloop
  endfacet
  facet normal 0 1 0
    outer loop
      vertex -26.69999885559082 -36.25 22.049999237060547
      vertex -23.299999237060547 -36.25 18.950000762939453
      vertex -26.69999885559082 -36.25 18.950000762939453
    endloop
  endfacet
  facet normal 0 0 1
    outer loop
      vertex -26.69999885559082 -36.25 22.049999237060547
      vertex -23.299999237060547 -38.75 22.049999237060547
      vertex -23.299999237060547 -36.25 22.049999237060547
    endloop
  endfacet
  facet normal 0 0 1
    outer loop
      vertex -23.299999237060547 -38.75 22.049999237060547
      vertex -26.69999885559082 -36.25 22.049999237060547
      vertex -26.69999885559082 -38.75 22.049999237060547
    endloop
  endfacet
  facet normal 0 0 -1
    outer loop
      vertex -26.69999885559082 -38.75 18.950000762939453
      vertex -23.299999237060547 -36.25 18.950000762939453
      vertex -23.299999237060547 -38.75 18.950000762939453
    endloop
  endfacet
  facet normal 0 0 -1
    outer loop
      vertex -23.299999237060547 -36.25 18.950000762939453
      vertex -26.69999885559082 -38.75 18.950000762939453
      vertex -26.69999885559082 -36.25 18.950000762939453
    endloop
  endfacet
  facet normal 0 -1 0
    outer loop
      vertex -26.69999885559082 -38.75 18.950000762939453
      vertex -23.299999237060547 -38.75 22.049999237060547
      vertex -26.69999885559082 -38.75 22.049999237060547
    endloop
  endfacet
  facet normal 0 -1 0
    outer loop
      vertex -23.299999237060547 -38.75 22.049999237060547
      vertex -26.69999885559082 -38.75 18.950000762939453
      vertex -23.299999237060547 -38.75 18.950000762939453
    endloop
  endfacet
  facet normal -1 0 0
    outer loop
      vertex -26.69999885559082 -38.75 18.950000762939453
      vertex -26.69999885559082 -36.25 22.049999237060547
      vertex -26.69999885559082 -36.25 18.950000762939453
    endloop
  endfacet
  facet normal -1 0 0
    outer loop
      vertex -26.69999885559082 -36.25 22.049999237060547
      vertex -26.69999885559082 -38.75 18.950000762939453
      vertex -26.69999885559082 -38.75 22.049999237060547
    endloop
  endfacet
  facet normal 1 0 0
    outer loop
      vertex -23.299999237060547 -38.75 22.049999237060547
      vertex -23.299999237060547 -36.25 18.950000762939453
      vertex -23.299999237060547 -36.25 22.049999237060547
    endloop
  endfacet
  facet normal 1 0 0
    outer loop
      vertex -23.299999237060547 -36.25 18.950000762939453
      vertex -23.299999237060547 -38.75 22.049999237060547
      vertex -23.299999237060547 -38.75 18.950000762939453
    endloop
  endfacet
  facet normal 0 1 0
    outer loop
      vertex -23.299999237060547 -31.25 18.950000762939453
      vertex -26.69999885559082 -31.25 22.049999237060547
      vertex -23.299999237060547 -31.25 22.049999237060547
    endloop
  endfacet
  facet normal 0 1 0
    outer loop
      vertex -26.69999885559082 -31.25 22.049999237060547
      vertex -23.299999237060547 -31.25 18.950000762939453
      vertex -26.69999885559082 -31.25 18.950000762939453
    endloop
  endfacet
  facet normal 0 0 1
    outer loop
      vertex -26.69999885559082 -31.25 22.049999237060547
      vertex -23.299999237060547 -33.75 22.049999237060547
      vertex -23.299999237060547 -31.25 22.049999237060547
    endloop
  endfacet
  facet normal 0 0 1
    outer loop
      vertex -23.299999237060547 -33.75 22.049999237060547
      vertex -26.69999885559082 -31.25 22.049999237060547
      vertex -26.69999885559082 -33.75 22.049999237060547
    endloop
  endfacet
  facet normal 0 0 -1
    outer loop
      vertex -26.69999885559082 -33.75 18.950000762939453
      vertex -23.299999237060547 -31.25 18.950000762939453
      vertex -23.299999237060547 -33.75 18.950000762939453
    endloop
  endfacet
  facet normal 0 0 -1
    outer loop
      vertex -23.299999237060547 -31.25 18.950000762939453
      vertex -26.69999885559082 -33.75 18.950000762939453
      vertex -26.69999885559082 -31.25 18.950000762939453
    endloop
  endfacet
  facet normal 0 -1 0
    outer loop
      vertex -26.69999885559082 -33.75 18.950000762939453
      vertex -23.299999237060547 -33.75 22.049999237060547
      vertex -26.69999885559082 -33.75 22.049999237060547
    endloop
  endfacet
  facet normal 0 -1 0
    outer loop
      vertex -23.299999237060547 -33.75 22.049999237060547
      vertex -26.69999885559082 -33.75 18.950000762939453
      vertex -23.299999237060547 -33.75 18.950000762939453
    endloop
  endfacet
  facet normal -1 0 0
    outer loop
      vertex -26.69999885559082 -33.75 18.950000762939453
      vertex -26.69999885559082 -31.25 22.049999237060547
      vertex -26.69999885559082 -31.25 18.950000762939453
    endloop
  endfacet
  facet normal -1 0 0
    outer loop
      vertex -26.69999885559082 -31.25 22.049999237060547
      vertex -26.69999885559082 -33.75 18.950000762939453
      vertex -26.69999885559082 -33.75 22.049999237060547
    endloop
  endfacet
  facet normal 1 0 0
    outer loop
      vertex -23.299999237060547 -33.75 22.049999237060547
      vertex -23.299999237060547 -31.25 18.950000762939453
      vertex -23.299999237060547 -31.25 22.049999237060547
    endloop
  endfacet
  facet normal 1 0 0
    outer loop
      vertex -23.299999237060547 -31.25 18.950000762939453
      vertex -23.299999237060547 -33.75 22.049999237060547
      vertex -23.299999237060547 -33.75 18.950000762939453
    endloop
  endfacet
  facet normal 0 1 0
    outer loop
      vertex -23.299999237060547 -16.25 22.049999237060547
      vertex -23.399999618530273 -16.25 19
      vertex -26.69999885559082 -16.25 22.049999237060547
    endloop
  endfacet
  facet normal 0 1 0
    outer loop
      vertex -23.299999237060547 -16.25 18.950000762939453
      vertex -23.399999618530273 -16.25 19
      vertex -23.299999237060547 -16.25 22.049999237060547
    endloop
  endfacet
  facet normal 0 1 0
    outer loop
      vertex -23.399999618530273 -16.25 19
      vertex -23.299999237060547 -16.25 18.950000762939453
      vertex -23.399999618530273 -16.25 18.950000762939453
    endloop
  endfacet
  facet normal 0 1 0
    outer loop
      vertex -26.600000381469727 -16.25 19
      vertex -26.69999885559082 -16.25 22.049999237060547
      vertex -23.399999618530273 -16.25 19
    endloop
  endfacet
  facet normal 0 1 0
    outer loop
      vertex -26.69999885559082 -16.25 18.950000762939453
      vertex -26.600000381469727 -16.25 19
      vertex -26.600000381469727 -16.25 18.950000762939453
    endloop
  endfacet
  facet normal 0 1 0
    outer loop
      vertex -26.600000381469727 -16.25 19
      vertex -26.69999885559082 -16.25 18.950000762939453
      vertex -26.69999885559082 -16.25 22.049999237060547
    endloop
  endfacet
  facet normal 0 0 1
    outer loop
      vertex -26.69999885559082 -16.25 22.049999237060547
      vertex -23.299999237060547 -18.75 22.049999237060547
      vertex -23.299999237060547 -16.25 22.049999237060547
    endloop
  endfacet
  facet normal 0 0 1
    outer loop
      vertex -23.299999237060547 -18.75 22.049999237060547
      vertex -26.69999885559082 -16.25 22.049999237060547
      vertex -26.69999885559082 -18.75 22.049999237060547
    endloop
  endfacet
  facet normal 0 0 -1
    outer loop
      vertex -26.69999885559082 -18.75 18.950000762939453
      vertex -26.600000381469727 -16.25 18.950000762939453
      vertex -26.600000381469727 -18.75 18.950000762939453
    endloop
  endfacet
  facet normal 0 0 -1
    outer loop
      vertex -26.600000381469727 -16.25 18.950000762939453
      vertex -26.69999885559082 -18.75 18.950000762939453
      vertex -26.69999885559082 -16.25 18.950000762939453
    endloop
  endfacet
  facet normal 0 0 -1
    outer loop
      vertex -23.399999618530273 -18.75 18.950000762939453
      vertex -23.299999237060547 -16.25 18.950000762939453
      vertex -23.299999237060547 -18.75 18.950000762939453
    endloop
  endfacet
  facet normal 0 0 -1
    outer loop
      vertex -23.299999237060547 -16.25 18.950000762939453
      vertex -23.399999618530273 -18.75 18.950000762939453
      vertex -23.399999618530273 -16.25 18.950000762939453
    endloop
  endfacet
  facet normal 0 -1 0
    outer loop
      vertex -26.69999885559082 -18.75 22.049999237060547
      vertex -26.600000381469727 -18.75 19
      vertex -23.299999237060547 -18.75 22.049999237060547
    endloop
  endfacet
  facet normal 0 -1 0
    outer loop
      vertex -26.69999885559082 -18.75 18.950000762939453
      vertex -26.600000381469727 -18.75 19
      vertex -26.69999885559082 -18.75 22.049999237060547
    endloop
  endfacet
  facet normal 0 -1 0
    outer loop
      vertex -26.600000381469727 -18.75 19
      vertex -26.69999885559082 -18.75 18.950000762939453
      vertex -26.600000381469727 -18.75 18.950000762939453
    endloop
  endfacet
  facet normal 0 -1 0
    outer loop
      vertex -23.399999618530273 -18.75 19
      vertex -23.299999237060547 -18.75 22.049999237060547
      vertex -26.600000381469727 -18.75 19
    endloop
  endfacet
  facet normal 0 -1 0
    outer loop
      vertex -23.299999237060547 -18.75 18.950000762939453
      vertex -23.399999618530273 -18.75 19
      vertex -23.399999618530273 -18.75 18.950000762939453
    endloop
  endfacet
  facet normal 0 -1 0
    outer loop
      vertex -23.399999618530273 -18.75 19
      vertex -23.299999237060547 -18.75 18.950000762939453
      vertex -23.299999237060547 -18.75 22.049999237060547
    endloop
  endfacet
  facet normal -1 0 0
    outer loop
      vertex -26.69999885559082 -18.75 18.950000762939453
      vertex -26.69999885559082 -16.25 22.049999237060547
      vertex -26.69999885559082 -16.25 18.950000762939453
    endloop
  endfacet
  facet normal -1 0 0
    outer loop
      vertex -26.69999885559082 -16.25 22.049999237060547
      vertex -26.69999885559082 -18.75 18.950000762939453
      vertex -26.69999885559082 -18.75 22.049999237060547
    endloop
  endfacet
  facet normal 1 0 0
    outer loop
      vertex -23.299999237060547 -18.75 22.049999237060547
      vertex -23.299999237060547 -16.25 18.950000762939453
      vertex -23.299999237060547 -16.25 22.049999237060547
    endloop
  endfacet
  facet normal 1 0 0
    outer loop
      vertex -23.299999237060547 -16.25 18.950000762939453
      vertex -23.299999237060547 -18.75 22.049999237060547
      vertex -23.299999237060547 -18.75 18.950000762939453
    endloop
  endfacet
  facet normal 0 1 0
    outer loop
      vertex -23.299999237060547 -11.25 22.049999237060547
      vertex -23.399999618530273 -11.25 19
      vertex -26.69999885559082 -11.25 22.049999237060547
    endloop
  endfacet
  facet normal 0 1 0
    outer loop
      vertex -23.299999237060547 -11.25 18.950000762939453
      vertex -23.399999618530273 -11.25 19
      vertex -23.299999237060547 -11.25 22.049999237060547
    endloop
  endfacet
  facet normal 0 1 0
    outer loop
      vertex -23.399999618530273 -11.25 19
      vertex -23.299999237060547 -11.25 18.950000762939453
      vertex -23.399999618530273 -11.25 18.950000762939453
    endloop
  endfacet
  facet normal 0 1 0
    outer loop
      vertex -26.600000381469727 -11.25 19
      vertex -26.69999885559082 -11.25 22.049999237060547
      vertex -23.399999618530273 -11.25 19
    endloop
  endfacet
  facet normal 0 1 0
    outer loop
      vertex -26.69999885559082 -11.25 18.950000762939453
      vertex -26.600000381469727 -11.25 19
      vertex -26.600000381469727 -11.25 18.950000762939453
    endloop
  endfacet
  facet normal 0 1 0
    outer loop
      vertex -26.600000381469727 -11.25 19
      vertex -26.69999885559082 -11.25 18.950000762939453
      vertex -26.69999885559082 -11.25 22.049999237060547
    endloop
  endfacet
  facet normal 0 0 1
    outer loop
      vertex -26.69999885559082 -11.25 22.049999237060547
      vertex -23.299999237060547 -13.75 22.049999237060547
      vertex -23.299999237060547 -11.25 22.049999237060547
    endloop
  endfacet
  facet normal 0 0 1
    outer loop
      vertex -23.299999237060547 -13.75 22.049999237060547
      vertex -26.69999885559082 -11.25 22.049999237060547
      vertex -26.69999885559082 -13.75 22.049999237060547
    endloop
  endfacet
  facet normal 0 0 -1
    outer loop
      vertex -26.69999885559082 -13.75 18.950000762939453
      vertex -26.600000381469727 -11.25 18.950000762939453
      vertex -26.600000381469727 -13.75 18.950000762939453
    endloop
  endfacet
  facet normal 0 0 -1
    outer loop
      vertex -26.600000381469727 -11.25 18.950000762939453
      vertex -26.69999885559082 -13.75 18.950000762939453
      vertex -26.69999885559082 -11.25 18.950000762939453
    endloop
  endfacet
  facet normal 0 0 -1
    outer loop
      vertex -23.399999618530273 -13.75 18.950000762939453
      vertex -23.299999237060547 -11.25 18.950000762939453
      vertex -23.299999237060547 -13.75 18.950000762939453
    endloop
  endfacet
  facet normal 0 0 -1
    outer loop
      vertex -23.299999237060547 -11.25 18.950000762939453
      vertex -23.399999618530273 -13.75 18.950000762939453
      vertex -23.399999618530273 -11.25 18.950000762939453
    endloop
  endfacet
  facet normal 0 -1 0
    outer loop
      vertex -26.69999885559082 -13.75 22.049999237060547
      vertex -26.600000381469727 -13.75 19
      vertex -23.299999237060547 -13.75 22.049999237060547
    endloop
  endfacet
  facet normal 0 -1 0
    outer loop
      vertex -26.69999885559082 -13.75 18.950000762939453
      vertex -26.600000381469727 -13.75 19
      vertex -26.69999885559082 -13.75 22.049999237060547
    endloop
  endfacet
  facet normal 0 -1 0
    outer loop
      vertex -26.600000381469727 -13.75 19
      vertex -26.69999885559082 -13.75 18.950000762939453
      vertex -26.600000381469727 -13.75 18.950000762939453
    endloop
  endfacet
  facet normal 0 -1 0
    outer loop
      vertex -23.399999618530273 -13.75 19
      vertex -23.299999237060547 -13.75 22.049999237060547
      vertex -26.600000381469727 -13.75 19
    endloop
  endfacet
  facet normal 0 -1 0
    outer loop
      vertex -23.299999237060547 -13.75 18.950000762939453
      vertex -23.399999618530273 -13.75 19
      vertex -23.399999618530273 -13.75 18.950000762939453
    endloop
  endfacet
  facet normal 0 -1 0
    outer loop
      vertex -23.399999618530273 -13.75 19
      vertex -23.299999237060547 -13.75 18.950000762939453
      vertex -23.299999237060547 -13.75 22.049999237060547
    endloop
  endfacet
  facet normal -1 0 0
    outer loop
      vertex -26.69999885559082 -13.75 18.950000762939453
      vertex -26.69999885559082 -11.25 22.049999237060547
      vertex -26.69999885559082 -11.25 18.950000762939453
    endloop
  endfacet
  facet normal -1 0 0
    outer loop
      vertex -26.69999885559082 -11.25 22.049999237060547
      vertex -26.69999885559082 -13.75 18.950000762939453
      vertex -26.69999885559082 -13.75 22.049999237060547
    endloop
  endfacet
  facet normal 1 0 0
    outer loop
      vertex -23.299999237060547 -13.75 22.049999237060547
      vertex -23.299999237060547 -11.25 18.950000762939453
      vertex -23.299999237060547 -11.25 22.049999237060547
    endloop
  endfacet
  facet normal 1 0 0
    outer loop
      vertex -23.299999237060547 -11.25 18.950000762939453
      vertex -23.299999237060547 -13.75 22.049999237060547
      vertex -23.299999237060547 -13.75 18.950000762939453
    endloop
  endfacet
  facet normal 0 1 0
    outer loop
      vertex -23.299999237060547 -6.25 22.049999237060547
      vertex -23.399999618530273 -6.25 19
      vertex -26.69999885559082 -6.25 22.049999237060547
    endloop
  endfacet
  facet normal 0 1 0
    outer loop
      vertex -23.299999237060547 -6.25 18.950000762939453
      vertex -23.399999618530273 -6.25 19
      vertex -23.299999237060547 -6.25 22.049999237060547
    endloop
  endfacet
  facet normal 0 1 0
    outer loop
      vertex -23.399999618530273 -6.25 19
      vertex -23.299999237060547 -6.25 18.950000762939453
      vertex -23.399999618530273 -6.25 18.950000762939453
    endloop
  endfacet
  facet normal 0 1 0
    outer loop
      vertex -26.600000381469727 -6.25 19
      vertex -26.69999885559082 -6.25 22.049999237060547
      vertex -23.399999618530273 -6.25 19
    endloop
  endfacet
  facet normal 0 1 0
    outer loop
      vertex -26.69999885559082 -6.25 18.950000762939453
      vertex -26.600000381469727 -6.25 19
      vertex -26.600000381469727 -6.25 18.950000762939453
    endloop
  endfacet
  facet normal 0 1 0
    outer loop
      vertex -26.600000381469727 -6.25 19
      vertex -26.69999885559082 -6.25 18.950000762939453
      vertex -26.69999885559082 -6.25 22.049999237060547
    endloop
  endfacet
  facet normal 0 0 1
    outer loop
      vertex -26.69999885559082 -6.25 22.049999237060547
      vertex -23.299999237060547 -8.75 22.049999237060547
      vertex -23.299999237060547 -6.25 22.049999237060547
    endloop
  endfacet
  facet normal 0 0 1
    outer loop
      vertex -23.299999237060547 -8.75 22.049999237060547
      vertex -26.69999885559082 -6.25 22.049999237060547
      vertex -26.69999885559082 -8.75 22.049999237060547
    endloop
  endfacet
  facet normal 0 0 -1
    outer loop
      vertex -26.69999885559082 -8.75 18.950000762939453
      vertex -26.600000381469727 -6.25 18.950000762939453
      vertex -26.600000381469727 -8.75 18.950000762939453
    endloop
  endfacet
  facet normal 0 0 -1
    outer loop
      vertex -26.600000381469727 -6.25 18.950000762939453
      vertex -26.69999885559082 -8.75 18.950000762939453
      vertex -26.69999885559082 -6.25 18.950000762939453
    endloop
  endfacet
  facet normal 0 0 -1
    outer loop
      vertex -23.399999618530273 -8.75 18.950000762939453
      vertex -23.299999237060547 -6.25 18.950000762939453
      vertex -23.299999237060547 -8.75 18.950000762939453
    endloop
  endfacet
  facet normal 0 0 -1
    outer loop
      vertex -23.299999237060547 -6.25 18.950000762939453
      vertex -23.399999618530273 -8.75 18.950000762939453
      vertex -23.399999618530273 -6.25 18.950000762939453
    endloop
  endfacet
  facet normal 0 -1 0
    outer loop
      vertex -26.69999885559082 -8.75 22.049999237060547
      vertex -26.600000381469727 -8.75 19
      vertex -23.299999237060547 -8.75 22.049999237060547
    endloop
  endfacet
  facet normal 0 -1 0
    outer loop
      vertex -26.69999885559082 -8.75 18.950000762939453
      vertex -26.600000381469727 -8.75 19
      vertex -26.69999885559082 -8.75 22.049999237060547
    endloop
  endfacet
  facet normal 0 -1 0
    outer loop
      vertex -26.600000381469727 -8.75 19
      vertex -26.69999885559082 -8.75 18.950000762939453
      vertex -26.600000381469727 -8.75 18.950000762939453
    endloop
  endfacet
  facet normal 0 -1 0
    outer loop
      vertex -23.399999618530273 -8.75 19
      vertex -23.299999237060547 -8.75 22.049999237060547
      vertex -26.600000381469727 -8.75 19
    endloop
  endfacet
  facet normal 0 -1 0
    outer loop
      vertex -23.299999237060547 -8.75 18.950000762939453
      vertex -23.399999618530273 -8.75 19
      vertex -23.399999618530273 -8.75 18.950000762939453
    endloop
  endfacet
  facet normal 0 -1 0
    outer loop
      vertex -23.399999618530273 -8.75 19
      vertex -23.299999237060547 -8.75 18.950000762939453
      vertex -23.299999237060547 -8.75 22.049999237060547
    endloop
  endfacet
  facet normal -1 0 0
    outer loop
      vertex -26.69999885559082 -8.75 18.950000762939453
      vertex -26.69999885559082 -6.25 22.049999237060547
      vertex -26.69999885559082 -6.25 18.950000762939453
    endloop
  endfacet
  facet normal -1 0 0
    outer loop
      vertex -26.69999885559082 -6.25 22.049999237060547
      vertex -26.69999885559082 -8.75 18.950000762939453
      vertex -26.69999885559082 -8.75 22.049999237060547
    endloop
  endfacet
  facet normal 1 0 0
    outer loop
      vertex -23.299999237060547 -8.75 22.049999237060547
      vertex -23.299999237060547 -6.25 18.950000762939453
      vertex -23.299999237060547 -6.25 22.049999237060547
    endloop
  endfacet
  facet normal 1 0 0
    outer loop
      vertex -23.299999237060547 -6.25 18.950000762939453
      vertex -23.299999237060547 -8.75 22.049999237060547
      vertex -23.299999237060547 -8.75 18.950000762939453
    endloop
  endfacet
  facet normal 0 1 0
    outer loop
      vertex -23.299999237060547 -1.25 22.049999237060547
      vertex -23.399999618530273 -1.25 19
      vertex -26.69999885559082 -1.25 22.049999237060547
    endloop
  endfacet
  facet normal 0 1 0
    outer loop
      vertex -23.299999237060547 -1.25 18.950000762939453
      vertex -23.399999618530273 -1.25 19
      vertex -23.299999237060547 -1.25 22.049999237060547
    endloop
  endfacet
  facet normal 0 1 0
    outer loop
      vertex -23.399999618530273 -1.25 19
      vertex -23.299999237060547 -1.25 18.950000762939453
      vertex -23.399999618530273 -1.25 18.950000762939453
    endloop
  endfacet
  facet normal 0 1 0
    outer loop
      vertex -26.600000381469727 -1.25 19
      vertex -26.69999885559082 -1.25 22.049999237060547
      vertex -23.399999618530273 -1.25 19
    endloop
  endfacet
  facet normal 0 1 0
    outer loop
      vertex -26.69999885559082 -1.25 18.950000762939453
      vertex -26.600000381469727 -1.25 19
      vertex -26.600000381469727 -1.25 18.950000762939453
    endloop
  endfacet
  facet normal 0 1 0
    outer loop
      vertex -26.600000381469727 -1.25 19
      vertex -26.69999885559082 -1.25 18.950000762939453
      vertex -26.69999885559082 -1.25 22.049999237060547
    endloop
  endfacet
  facet normal 0 0 1
    outer loop
      vertex -26.69999885559082 -1.25 22.049999237060547
      vertex -23.299999237060547 -3.75 22.049999237060547
      vertex -23.299999237060547 -1.25 22.049999237060547
    endloop
  endfacet
  facet normal 0 0 1
    outer loop
      vertex -23.299999237060547 -3.75 22.049999237060547
      vertex -26.69999885559082 -1.25 22.049999237060547
      vertex -26.69999885559082 -3.75 22.049999237060547
    endloop
  endfacet
  facet normal 0 0 -1
    outer loop
      vertex -26.69999885559082 -3.75 18.950000762939453
      vertex -26.600000381469727 -1.25 18.950000762939453
      vertex -26.600000381469727 -3.75 18.950000762939453
    endloop
  endfacet
  facet normal 0 0 -1
    outer loop
      vertex -26.600000381469727 -1.25 18.950000762939453
      vertex -26.69999885559082 -3.75 18.950000762939453
      vertex -26.69999885559082 -1.25 18.950000762939453
    endloop
  endfacet
  facet normal 0 0 -1
    outer loop
      vertex -23.399999618530273 -3.75 18.950000762939453
      vertex -23.299999237060547 -1.25 18.950000762939453
      vertex -23.299999237060547 -3.75 18.950000762939453
    endloop
  endfacet
  facet normal 0 0 -1
    outer loop
      vertex -23.299999237060547 -1.25 18.950000762939453
      vertex -23.399999618530273 -3.75 18.950000762939453
      vertex -23.399999618530273 -1.25 18.950000762939453
    endloop
  endfacet
  facet normal 0 -1 0
    outer loop
      vertex -26.69999885559082 -3.75 22.049999237060547
      vertex -26.600000381469727 -3.75 19
      vertex -23.299999237060547 -3.75 22.049999237060547
    endloop
  endfacet
  facet normal 0 -1 0
    outer loop
      vertex -26.69999885559082 -3.75 18.950000762939453
      vertex -26.600000381469727 -3.75 19
      vertex -26.69999885559082 -3.75 22.049999237060547
    endloop
  endfacet
  facet normal 0 -1 0
    outer loop
      vertex -26.600000381469727 -3.75 19
      vertex -26.69999885559082 -3.75 18.950000762939453
      vertex -26.600000381469727 -3.75 18.950000762939453
    endloop
  endfacet
  facet normal 0 -1 0
    outer loop
      vertex -23.399999618530273 -3.75 19
      vertex -23.299999237060547 -3.75 22.049999237060547
      vertex -26.600000381469727 -3.75 19
    endloop
  endfacet
  facet normal 0 -1 0
    outer loop
      vertex -23.299999237060547 -3.75 18.950000762939453
      vertex -23.399999618530273 -3.75 19
      vertex -23.399999618530273 -3.75 18.950000762939453
    endloop
  endfacet
  facet normal 0 -1 0
    outer loop
      vertex -23.399999618530273 -3.75 19
      vertex -23.299999237060547 -3.75 18.950000762939453
      vertex -23.299999237060547 -3.75 22.049999237060547
    endloop
  endfacet
  facet normal -1 0 0
    outer loop
      vertex -26.69999885559082 -3.75 18.950000762939453
      vertex -26.69999885559082 -1.25 22.049999237060547
      vertex -26.69999885559082 -1.25 18.950000762939453
    endloop
  endfacet
  facet normal -1 0 0
    outer loop
      vertex -26.69999885559082 -1.25 22.049999237060547
      vertex -26.69999885559082 -3.75 18.950000762939453
      vertex -26.69999885559082 -3.75 22.049999237060547
    endloop
  endfacet
  facet normal 1 0 0
    outer loop
      vertex -23.299999237060547 -3.75 22.049999237060547
      vertex -23.299999237060547 -1.25 18.950000762939453
      vertex -23.299999237060547 -1.25 22.049999237060547
    endloop
  endfacet
  facet normal 1 0 0
    outer loop
      vertex -23.299999237060547 -1.25 18.950000762939453
      vertex -23.299999237060547 -3.75 22.049999237060547
      vertex -23.299999237060547 -3.75 18.950000762939453
    endloop
  endfacet
  facet normal 0 0 1
    outer loop
      vertex -23.399999618530273 -18.75 19
      vertex -25 -19 19
      vertex -23.399999618530273 -19.42871856689453 19
    endloop
  endfacet
  facet normal 0 0 1
    outer loop
      vertex -26.600000381469727 -18.75 19
      vertex -25 -19 19
      vertex -23.399999618530273 -18.75 19
    endloop
  endfacet
  facet normal 0 0 1
    outer loop
      vertex -25 -19 19
      vertex -26.600000381469727 -18.75 19
      vertex -26.600000381469727 -19.42871856689453 19
    endloop
  endfacet
  facet normal 0 0 1
    outer loop
      vertex -26.600000381469727 -13.75 19
      vertex -23.399999618530273 -16.25 19
      vertex -23.399999618530273 -13.75 19
    endloop
  endfacet
  facet normal 0 0 1
    outer loop
      vertex -23.399999618530273 -16.25 19
      vertex -26.600000381469727 -13.75 19
      vertex -26.600000381469727 -16.25 19
    endloop
  endfacet
  facet normal 0 0 1
    outer loop
      vertex -26.600000381469727 -8.75 19
      vertex -23.399999618530273 -11.25 19
      vertex -23.399999618530273 -8.75 19
    endloop
  endfacet
  facet normal 0 0 1
    outer loop
      vertex -23.399999618530273 -11.25 19
      vertex -26.600000381469727 -8.75 19
      vertex -26.600000381469727 -11.25 19
    endloop
  endfacet
  facet normal 0 0 1
    outer loop
      vertex -26.600000381469727 -3.75 19
      vertex -23.399999618530273 -6.25 19
      vertex -23.399999618530273 -3.75 19
    endloop
  endfacet
  facet normal 0 0 1
    outer loop
      vertex -23.399999618530273 -6.25 19
      vertex -26.600000381469727 -3.75 19
      vertex -26.600000381469727 -6.25 19
    endloop
  endfacet
  facet normal -1 0 0
    outer loop
      vertex -26.600000381469727 19.42871856689453 3.09999942779541
      vertex -26.600000381469727 -1.25 18.950000762939453
      vertex -26.600000381469727 19.42871856689453 19
    endloop
  endfacet
  facet normal -1 0 0
    outer loop
      vertex -26.600000381469727 -19.42871856689453 3.09999942779541
      vertex -26.600000381469727 -1.25 18.950000762939453
      vertex -26.600000381469727 19.42871856689453 3.09999942779541
    endloop
  endfacet
  facet normal -1 0 0
    outer loop
      vertex -26.600000381469727 -3.75 18.950000762939453
      vertex -26.600000381469727 -6.25 18.950000762939453
      vertex -26.600000381469727 -3.75 19
    endloop
  endfacet
  facet normal -1 0 0
    outer loop
      vertex -26.600000381469727 -1.25 18.950000762939453
      vertex -26.600000381469727 -19.42871856689453 3.09999942779541
      vertex -26.600000381469727 -3.75 18.950000762939453
    endloop
  endfacet
  facet normal -1 0 0
    outer loop
      vertex -26.600000381469727 -3.75 18.950000762939453
      vertex -26.600000381469727 -19.42871856689453 3.09999942779541
      vertex -26.600000381469727 -6.25 18.950000762939453
    endloop
  endfacet
  facet normal -1 0 0
    outer loop
      vertex -26.600000381469727 -8.75 18.950000762939453
      vertex -26.600000381469727 -11.25 18.950000762939453
      vertex -26.600000381469727 -8.75 19
    endloop
  endfacet
  facet normal -1 0 0
    outer loop
      vertex -26.600000381469727 -6.25 18.950000762939453
      vertex -26.600000381469727 -19.42871856689453 3.09999942779541
      vertex -26.600000381469727 -8.75 18.950000762939453
    endloop
  endfacet
  facet normal -1 0 0
    outer loop
      vertex -26.600000381469727 -8.75 18.950000762939453
      vertex -26.600000381469727 -19.42871856689453 3.09999942779541
      vertex -26.600000381469727 -11.25 18.950000762939453
    endloop
  endfacet
  facet normal -1 0 0
    outer loop
      vertex -26.600000381469727 -13.75 18.950000762939453
      vertex -26.600000381469727 -16.25 18.950000762939453
      vertex -26.600000381469727 -13.75 19
    endloop
  endfacet
  facet normal -1 0 0
    outer loop
      vertex -26.600000381469727 -11.25 18.950000762939453
      vertex -26.600000381469727 -19.42871856689453 3.09999942779541
      vertex -26.600000381469727 -13.75 18.950000762939453
    endloop
  endfacet
  facet normal -1 0 0
    outer loop
      vertex -26.600000381469727 -13.75 18.950000762939453
      vertex -26.600000381469727 -19.42871856689453 3.09999942779541
      vertex -26.600000381469727 -16.25 18.950000762939453
    endloop
  endfacet
  facet normal -1 0 0
    outer loop
      vertex -26.600000381469727 -16.25 18.950000762939453
      vertex -26.600000381469727 -19.42871856689453 3.09999942779541
      vertex -26.600000381469727 -18.75 18.950000762939453
    endloop
  endfacet
  facet normal -1 0 0
    outer loop
      vertex -26.600000381469727 -19.42871856689453 19
      vertex -26.600000381469727 -18.75 18.950000762939453
      vertex -26.600000381469727 -19.42871856689453 3.09999942779541
    endloop
  endfacet
  facet normal -1 0 0
    outer loop
      vertex -26.600000381469727 -18.75 18.950000762939453
      vertex -26.600000381469727 -19.42871856689453 19
      vertex -26.600000381469727 -18.75 19
    endloop
  endfacet
  facet normal -1 0 0
    outer loop
      vertex -26.600000381469727 19.42871856689453 19
      vertex -26.600000381469727 -1.25 18.950000762939453
      vertex -26.600000381469727 -1.25 19
    endloop
  endfacet
  facet normal -1 0 0
    outer loop
      vertex -26.600000381469727 -3.75 19
      vertex -26.600000381469727 -6.25 18.950000762939453
      vertex -26.600000381469727 -6.25 19
    endloop
  endfacet
  facet normal -1 0 0
    outer loop
      vertex -26.600000381469727 -8.75 19
      vertex -26.600000381469727 -11.25 18.950000762939453
      vertex -26.600000381469727 -11.25 19
    endloop
  endfacet
  facet normal -1 0 0
    outer loop
      vertex -26.600000381469727 -13.75 19
      vertex -26.600000381469727 -16.25 18.950000762939453
      vertex -26.600000381469727 -16.25 19
    endloop
  endfacet
  facet normal 1 0 0
    outer loop
      vertex -23.399999618530273 -18.75 19
      vertex -23.399999618530273 -19.42871856689453 19
      vertex -23.399999618530273 -18.75 18.950000762939453
    endloop
  endfacet
  facet normal 1 0 0
    outer loop
      vertex -23.399999618530273 -13.75 19
      vertex -23.399999618530273 -16.25 19
      vertex -23.399999618530273 -13.75 18.950000762939453
    endloop
  endfacet
  facet normal 1 0 0
    outer loop
      vertex -23.399999618530273 -8.75 19
      vertex -23.399999618530273 -11.25 19
      vertex -23.399999618530273 -8.75 18.950000762939453
    endloop
  endfacet
  facet normal 1 0 0
    outer loop
      vertex -23.399999618530273 -3.75 19
      vertex -23.399999618530273 -6.25 19
      vertex -23.399999618530273 -3.75 18.950000762939453
    endloop
  endfacet
  facet normal 1 0 0
    outer loop
      vertex -23.399999618530273 -1.25 18.950000762939453
      vertex -23.399999618530273 19.42871856689453 19
      vertex -23.399999618530273 -1.25 19
    endloop
  endfacet
  facet normal 1 0 0
    outer loop
      vertex -23.399999618530273 19.42871856689453 19
      vertex -23.399999618530273 -1.25 18.950000762939453
      vertex -23.399999618530273 19.42871856689453 3.09999942779541
    endloop
  endfacet
  facet normal 1 0 0
    outer loop
      vertex -23.399999618530273 -19.42871856689453 3.09999942779541
      vertex -23.399999618530273 -1.25 18.950000762939453
      vertex -23.399999618530273 -3.75 18.950000762939453
    endloop
  endfacet
  facet normal 1 0 0
    outer loop
      vertex -23.399999618530273 -6.25 18.950000762939453
      vertex -23.399999618530273 -3.75 18.950000762939453
      vertex -23.399999618530273 -6.25 19
    endloop
  endfacet
  facet normal 1 0 0
    outer loop
      vertex -23.399999618530273 -19.42871856689453 3.09999942779541
      vertex -23.399999618530273 -3.75 18.950000762939453
      vertex -23.399999618530273 -6.25 18.950000762939453
    endloop
  endfacet
  facet normal 1 0 0
    outer loop
      vertex -23.399999618530273 -19.42871856689453 3.09999942779541
      vertex -23.399999618530273 -6.25 18.950000762939453
      vertex -23.399999618530273 -8.75 18.950000762939453
    endloop
  endfacet
  facet normal 1 0 0
    outer loop
      vertex -23.399999618530273 -11.25 18.950000762939453
      vertex -23.399999618530273 -8.75 18.950000762939453
      vertex -23.399999618530273 -11.25 19
    endloop
  endfacet
  facet normal 1 0 0
    outer loop
      vertex -23.399999618530273 -19.42871856689453 3.09999942779541
      vertex -23.399999618530273 -8.75 18.950000762939453
      vertex -23.399999618530273 -11.25 18.950000762939453
    endloop
  endfacet
  facet normal 1 0 0
    outer loop
      vertex -23.399999618530273 -19.42871856689453 3.09999942779541
      vertex -23.399999618530273 -11.25 18.950000762939453
      vertex -23.399999618530273 -13.75 18.950000762939453
    endloop
  endfacet
  facet normal 1 0 0
    outer loop
      vertex -23.399999618530273 -16.25 18.950000762939453
      vertex -23.399999618530273 -13.75 18.950000762939453
      vertex -23.399999618530273 -16.25 19
    endloop
  endfacet
  facet normal 1 0 0
    outer loop
      vertex -23.399999618530273 -19.42871856689453 3.09999942779541
      vertex -23.399999618530273 -13.75 18.950000762939453
      vertex -23.399999618530273 -16.25 18.950000762939453
    endloop
  endfacet
  facet normal 1 0 0
    outer loop
      vertex -23.399999618530273 -19.42871856689453 3.09999942779541
      vertex -23.399999618530273 -16.25 18.950000762939453
      vertex -23.399999618530273 -18.75 18.950000762939453
    endloop
  endfacet
  facet normal 1 0 0
    outer loop
      vertex -23.399999618530273 -19.42871856689453 3.09999942779541
      vertex -23.399999618530273 -18.75 18.950000762939453
      vertex -23.399999618530273 -19.42871856689453 19
    endloop
  endfacet
  facet normal 1 0 0
    outer loop
      vertex -23.399999618530273 -1.25 18.950000762939453
      vertex -23.399999618530273 -19.42871856689453 3.09999942779541
      vertex -23.399999618530273 19.42871856689453 3.09999942779541
    endloop
  endfacet
  facet normal 0 1 0
    outer loop
      vertex 26.700000762939453 -46.25 18.950000762939453
      vertex 23.299999237060547 -46.25 22.049999237060547
      vertex 26.700000762939453 -46.25 22.049999237060547
    endloop
  endfacet
  facet normal 0 1 0
    outer loop
      vertex 23.299999237060547 -46.25 22.049999237060547
      vertex 26.700000762939453 -46.25 18.950000762939453
      vertex 23.299999237060547 -46.25 18.950000762939453
    endloop
  endfacet
  facet normal 0 0 1
    outer loop
      vertex 23.299999237060547 -46.25 22.049999237060547
      vertex 26.700000762939453 -48.75 22.049999237060547
      vertex 26.700000762939453 -46.25 22.049999237060547
    endloop
  endfacet
  facet normal 0 0 1
    outer loop
      vertex 26.700000762939453 -48.75 22.049999237060547
      vertex 23.299999237060547 -46.25 22.049999237060547
      vertex 23.299999237060547 -48.75 22.049999237060547
    endloop
  endfacet
  facet normal 0 0 -1
    outer loop
      vertex 23.299999237060547 -48.75 18.950000762939453
      vertex 26.700000762939453 -46.25 18.950000762939453
      vertex 26.700000762939453 -48.75 18.950000762939453
    endloop
  endfacet
  facet normal 0 0 -1
    outer loop
      vertex 26.700000762939453 -46.25 18.950000762939453
      vertex 23.299999237060547 -48.75 18.950000762939453
      vertex 23.299999237060547 -46.25 18.950000762939453
    endloop
  endfacet
  facet normal 0 -1 0
    outer loop
      vertex 23.299999237060547 -48.75 18.950000762939453
      vertex 26.700000762939453 -48.75 22.049999237060547
      vertex 23.299999237060547 -48.75 22.049999237060547
    endloop
  endfacet
  facet normal 0 -1 0
    outer loop
      vertex 26.700000762939453 -48.75 22.049999237060547
      vertex 23.299999237060547 -48.75 18.950000762939453
      vertex 26.700000762939453 -48.75 18.950000762939453
    endloop
  endfacet
  facet normal -1 0 0
    outer loop
      vertex 23.299999237060547 -48.75 18.950000762939453
      vertex 23.299999237060547 -46.25 22.049999237060547
      vertex 23.299999237060547 -46.25 18.950000762939453
    endloop
  endfacet
  facet normal -1 0 0
    outer loop
      vertex 23.299999237060547 -46.25 22.049999237060547
      vertex 23.299999237060547 -48.75 18.950000762939453
      vertex 23.299999237060547 -48.75 22.049999237060547
    endloop
  endfacet
  facet normal 1 0 0
    outer loop
      vertex 26.700000762939453 -48.75 22.049999237060547
      vertex 26.700000762939453 -46.25 18.950000762939453
      vertex 26.700000762939453 -46.25 22.049999237060547
    endloop
  endfacet
  facet normal 1 0 0
    outer loop
      vertex 26.700000762939453 -46.25 18.950000762939453
      vertex 26.700000762939453 -48.75 22.049999237060547
      vertex 26.700000762939453 -48.75 18.950000762939453
    endloop
  endfacet
  facet normal 0 1 0
    outer loop
      vertex 26.700000762939453 -41.25 18.950000762939453
      vertex 23.299999237060547 -41.25 22.049999237060547
      vertex 26.700000762939453 -41.25 22.049999237060547
    endloop
  endfacet
  facet normal 0 1 0
    outer loop
      vertex 23.299999237060547 -41.25 22.049999237060547
      vertex 26.700000762939453 -41.25 18.950000762939453
      vertex 23.299999237060547 -41.25 18.950000762939453
    endloop
  endfacet
  facet normal 0 0 1
    outer loop
      vertex 23.299999237060547 -41.25 22.049999237060547
      vertex 26.700000762939453 -43.75 22.049999237060547
      vertex 26.700000762939453 -41.25 22.049999237060547
    endloop
  endfacet
  facet normal 0 0 1
    outer loop
      vertex 26.700000762939453 -43.75 22.049999237060547
      vertex 23.299999237060547 -41.25 22.049999237060547
      vertex 23.299999237060547 -43.75 22.049999237060547
    endloop
  endfacet
  facet normal 0 0 -1
    outer loop
      vertex 23.299999237060547 -43.75 18.950000762939453
      vertex 26.700000762939453 -41.25 18.950000762939453
      vertex 26.700000762939453 -43.75 18.950000762939453
    endloop
  endfacet
  facet normal 0 0 -1
    outer loop
      vertex 26.700000762939453 -41.25 18.950000762939453
      vertex 23.299999237060547 -43.75 18.950000762939453
      vertex 23.299999237060547 -41.25 18.950000762939453
    endloop
  endfacet
  facet normal 0 -1 0
    outer loop
      vertex 23.299999237060547 -43.75 18.950000762939453
      vertex 26.700000762939453 -43.75 22.049999237060547
      vertex 23.299999237060547 -43.75 22.049999237060547
    endloop
  endfacet
  facet normal 0 -1 0
    outer loop
      vertex 26.700000762939453 -43.75 22.049999237060547
      vertex 23.299999237060547 -43.75 18.950000762939453
      vertex 26.700000762939453 -43.75 18.950000762939453
    endloop
  endfacet
  facet normal -1 0 0
    outer loop
      vertex 23.299999237060547 -43.75 18.950000762939453
      vertex 23.299999237060547 -41.25 22.049999237060547
      vertex 23.299999237060547 -41.25 18.950000762939453
    endloop
  endfacet
  facet normal -1 0 0
    outer loop
      vertex 23.299999237060547 -41.25 22.049999237060547
      vertex 23.299999237060547 -43.75 18.950000762939453
      vertex 23.299999237060547 -43.75 22.049999237060547
    endloop
  endfacet
  facet normal 1 0 0
    outer loop
      vertex 26.700000762939453 -43.75 22.049999237060547
      vertex 26.700000762939453 -41.25 18.950000762939453
      vertex 26.700000762939453 -41.25 22.049999237060547
    endloop
  endfacet
  facet normal 1 0 0
    outer loop
      vertex 26.700000762939453 -41.25 18.950000762939453
      vertex 26.700000762939453 -43.75 22.049999237060547
      vertex 26.700000762939453 -43.75 18.950000762939453
    endloop
  endfacet
  facet normal 0 1 0
    outer loop
      vertex 26.700000762939453 -36.25 18.950000762939453
      vertex 23.299999237060547 -36.25 22.049999237060547
      vertex 26.700000762939453 -36.25 22.049999237060547
    endloop
  endfacet
  facet normal 0 1 0
    outer loop
      vertex 23.299999237060547 -36.25 22.049999237060547
      vertex 26.700000762939453 -36.25 18.950000762939453
      vertex 23.299999237060547 -36.25 18.950000762939453
    endloop
  endfacet
  facet normal 0 0 1
    outer loop
      vertex 23.299999237060547 -36.25 22.049999237060547
      vertex 26.700000762939453 -38.75 22.049999237060547
      vertex 26.700000762939453 -36.25 22.049999237060547
    endloop
  endfacet
  facet normal 0 0 1
    outer loop
      vertex 26.700000762939453 -38.75 22.049999237060547
      vertex 23.299999237060547 -36.25 22.049999237060547
      vertex 23.299999237060547 -38.75 22.049999237060547
    endloop
  endfacet
  facet normal 0 0 -1
    outer loop
      vertex 23.299999237060547 -38.75 18.950000762939453
      vertex 26.700000762939453 -36.25 18.950000762939453
      vertex 26.700000762939453 -38.75 18.950000762939453
    endloop
  endfacet
  facet normal 0 0 -1
    outer loop
      vertex 26.700000762939453 -36.25 18.950000762939453
      vertex 23.299999237060547 -38.75 18.950000762939453
      vertex 23.299999237060547 -36.25 18.950000762939453
    endloop
  endfacet
  facet normal 0 -1 0
    outer loop
      vertex 23.299999237060547 -38.75 18.950000762939453
      vertex 26.700000762939453 -38.75 22.049999237060547
      vertex 23.299999237060547 -38.75 22.049999237060547
    endloop
  endfacet
  facet normal 0 -1 0
    outer loop
      vertex 26.700000762939453 -38.75 22.049999237060547
      vertex 23.299999237060547 -38.75 18.950000762939453
      vertex 26.700000762939453 -38.75 18.950000762939453
    endloop
  endfacet
  facet normal -1 0 0
    outer loop
      vertex 23.299999237060547 -38.75 18.950000762939453
      vertex 23.299999237060547 -36.25 22.049999237060547
      vertex 23.299999237060547 -36.25 18.950000762939453
    endloop
  endfacet
  facet normal -1 0 0
    outer loop
      vertex 23.299999237060547 -36.25 22.049999237060547
      vertex 23.299999237060547 -38.75 18.950000762939453
      vertex 23.299999237060547 -38.75 22.049999237060547
    endloop
  endfacet
  facet normal 1 0 0
    outer loop
      vertex 26.700000762939453 -38.75 22.049999237060547
      vertex 26.700000762939453 -36.25 18.950000762939453
      vertex 26.700000762939453 -36.25 22.049999237060547
    endloop
  endfacet
  facet normal 1 0 0
    outer loop
      vertex 26.700000762939453 -36.25 18.950000762939453
      vertex 26.700000762939453 -38.75 22.049999237060547
      vertex 26.700000762939453 -38.75 18.950000762939453
    endloop
  endfacet
  facet normal 0 1 0
    outer loop
      vertex 26.700000762939453 -31.25 18.950000762939453
      vertex 23.299999237060547 -31.25 22.049999237060547
      vertex 26.700000762939453 -31.25 22.049999237060547
    endloop
  endfacet
  facet normal 0 1 0
    outer loop
      vertex 23.299999237060547 -31.25 22.049999237060547
      vertex 26.700000762939453 -31.25 18.950000762939453
      vertex 23.299999237060547 -31.25 18.950000762939453
    endloop
  endfacet
  facet normal 0 0 1
    outer loop
      vertex 23.299999237060547 -31.25 22.049999237060547
      vertex 26.700000762939453 -33.75 22.049999237060547
      vertex 26.700000762939453 -31.25 22.049999237060547
    endloop
  endfacet
  facet normal 0 0 1
    outer loop
      vertex 26.700000762939453 -33.75 22.049999237060547
      vertex 23.299999237060547 -31.25 22.049999237060547
      vertex 23.299999237060547 -33.75 22.049999237060547
    endloop
  endfacet
  facet normal 0 0 -1
    outer loop
      vertex 23.299999237060547 -33.75 18.950000762939453
      vertex 26.700000762939453 -31.25 18.950000762939453
      vertex 26.700000762939453 -33.75 18.950000762939453
    endloop
  endfacet
  facet normal 0 0 -1
    outer loop
      vertex 26.700000762939453 -31.25 18.950000762939453
      vertex 23.299999237060547 -33.75 18.950000762939453
      vertex 23.299999237060547 -31.25 18.950000762939453
    endloop
  endfacet
  facet normal 0 -1 0
    outer loop
      vertex 23.299999237060547 -33.75 18.950000762939453
      vertex 26.700000762939453 -33.75 22.049999237060547
      vertex 23.299999237060547 -33.75 22.049999237060547
    endloop
  endfacet
  facet normal 0 -1 0
    outer loop
      vertex 26.700000762939453 -33.75 22.049999237060547
      vertex 23.299999237060547 -33.75 18.950000762939453
      vertex 26.700000762939453 -33.75 18.950000762939453
    endloop
  endfacet
  facet normal -1 0 0
    outer loop
      vertex 23.299999237060547 -33.75 18.950000762939453
      vertex 23.299999237060547 -31.25 22.049999237060547
      vertex 23.299999237060547 -31.25 18.950000762939453
    endloop
  endfacet
  facet normal -1 0 0
    outer loop
      vertex 23.299999237060547 -31.25 22.049999237060547
      vertex 23.299999237060547 -33.75 18.950000762939453
      vertex 23.299999237060547 -33.75 22.049999237060547
    endloop
  endfacet
  facet normal 1 0 0
    outer loop
      vertex 26.700000762939453 -33.75 22.049999237060547
      vertex 26.700000762939453 -31.25 18.950000762939453
      vertex 26.700000762939453 -31.25 22.049999237060547
    endloop
  endfacet
  facet normal 1 0 0
    outer loop
      vertex 26.700000762939453 -31.25 18.950000762939453
      vertex 26.700000762939453 -33.75 22.049999237060547
      vertex 26.700000762939453 -33.75 18.950000762939453
    endloop
  endfacet
  facet normal 0 1 0
    outer loop
      vertex 26.700000762939453 -16.25 22.049999237060547
      vertex 26.600000381469727 -16.25 19
      vertex 23.299999237060547 -16.25 22.049999237060547
    endloop
  endfacet
  facet normal 0 1 0
    outer loop
      vertex 26.700000762939453 -16.25 18.950000762939453
      vertex 26.600000381469727 -16.25 19
      vertex 26.700000762939453 -16.25 22.049999237060547
    endloop
  endfacet
  facet normal 0 1 0
    outer loop
      vertex 26.600000381469727 -16.25 19
      vertex 26.700000762939453 -16.25 18.950000762939453
      vertex 26.600000381469727 -16.25 18.950000762939453
    endloop
  endfacet
  facet normal 0 1 0
    outer loop
      vertex 23.399999618530273 -16.25 19
      vertex 23.299999237060547 -16.25 22.049999237060547
      vertex 26.600000381469727 -16.25 19
    endloop
  endfacet
  facet normal 0 1 0
    outer loop
      vertex 23.299999237060547 -16.25 18.950000762939453
      vertex 23.399999618530273 -16.25 19
      vertex 23.399999618530273 -16.25 18.950000762939453
    endloop
  endfacet
  facet normal 0 1 0
    outer loop
      vertex 23.399999618530273 -16.25 19
      vertex 23.299999237060547 -16.25 18.950000762939453
      vertex 23.299999237060547 -16.25 22.049999237060547
    endloop
  endfacet
  facet normal 0 0 1
    outer loop
      vertex 23.299999237060547 -16.25 22.049999237060547
      vertex 26.700000762939453 -18.75 22.049999237060547
      vertex 26.700000762939453 -16.25 22.049999237060547
    endloop
  endfacet
  facet normal 0 0 1
    outer loop
      vertex 26.700000762939453 -18.75 22.049999237060547
      vertex 23.299999237060547 -16.25 22.049999237060547
      vertex 23.299999237060547 -18.75 22.049999237060547
    endloop
  endfacet
  facet normal 0 0 -1
    outer loop
      vertex 23.299999237060547 -18.75 18.950000762939453
      vertex 23.399999618530273 -16.25 18.950000762939453
      vertex 23.399999618530273 -18.75 18.950000762939453
    endloop
  endfacet
  facet normal 0 0 -1
    outer loop
      vertex 23.399999618530273 -16.25 18.950000762939453
      vertex 23.299999237060547 -18.75 18.950000762939453
      vertex 23.299999237060547 -16.25 18.950000762939453
    endloop
  endfacet
  facet normal 0 0 -1
    outer loop
      vertex 26.600000381469727 -18.75 18.950000762939453
      vertex 26.700000762939453 -16.25 18.950000762939453
      vertex 26.700000762939453 -18.75 18.950000762939453
    endloop
  endfacet
  facet normal 0 0 -1
    outer loop
      vertex 26.700000762939453 -16.25 18.950000762939453
      vertex 26.600000381469727 -18.75 18.950000762939453
      vertex 26.600000381469727 -16.25 18.950000762939453
    endloop
  endfacet
  facet normal 0 -1 0
    outer loop
      vertex 23.299999237060547 -18.75 22.049999237060547
      vertex 23.399999618530273 -18.75 19
      vertex 26.700000762939453 -18.75 22.049999237060547
    endloop
  endfacet
  facet normal 0 -1 0
    outer loop
      vertex 23.299999237060547 -18.75 18.950000762939453
      vertex 23.399999618530273 -18.75 19
      vertex 23.299999237060547 -18.75 22.049999237060547
    endloop
  endfacet
  facet normal 0 -1 0
    outer loop
      vertex 23.399999618530273 -18.75 19
      vertex 23.299999237060547 -18.75 18.950000762939453
      vertex 23.399999618530273 -18.75 18.950000762939453
    endloop
  endfacet
  facet normal 0 -1 0
    outer loop
      vertex 26.600000381469727 -18.75 19
      vertex 26.700000762939453 -18.75 22.049999237060547
      vertex 23.399999618530273 -18.75 19
    endloop
  endfacet
  facet normal 0 -1 0
    outer loop
      vertex 26.700000762939453 -18.75 18.950000762939453
      vertex 26.600000381469727 -18.75 19
      vertex 26.600000381469727 -18.75 18.950000762939453
    endloop
  endfacet
  facet normal 0 -1 0
    outer loop
      vertex 26.600000381469727 -18.75 19
      vertex 26.700000762939453 -18.75 18.950000762939453
      vertex 26.700000762939453 -18.75 22.049999237060547
    endloop
  endfacet
  facet normal -1 0 0
    outer loop
      vertex 23.299999237060547 -18.75 18.950000762939453
      vertex 23.299999237060547 -16.25 22.049999237060547
      vertex 23.299999237060547 -16.25 18.950000762939453
    endloop
  endfacet
  facet normal -1 0 0
    outer loop
      vertex 23.299999237060547 -16.25 22.049999237060547
      vertex 23.299999237060547 -18.75 18.950000762939453
      vertex 23.299999237060547 -18.75 22.049999237060547
    endloop
  endfacet
  facet normal 1 0 0
    outer loop
      vertex 26.700000762939453 -18.75 22.049999237060547
      vertex 26.700000762939453 -16.25 18.950000762939453
      vertex 26.700000762939453 -16.25 22.049999237060547
    endloop
  endfacet
  facet normal 1 0 0
    outer loop
      vertex 26.700000762939453 -16.25 18.950000762939453
      vertex 26.700000762939453 -18.75 22.049999237060547
      vertex 26.700000762939453 -18.75 18.950000762939453
    endloop
  endfacet
  facet normal 0 1 0
    outer loop
      vertex 26.700000762939453 -11.25 22.049999237060547
      vertex 26.600000381469727 -11.25 19
      vertex 23.299999237060547 -11.25 22.049999237060547
    endloop
  endfacet
  facet normal 0 1 0
    outer loop
      vertex 26.700000762939453 -11.25 18.950000762939453
      vertex 26.600000381469727 -11.25 19
      vertex 26.700000762939453 -11.25 22.049999237060547
    endloop
  endfacet
  facet normal 0 1 0
    outer loop
      vertex 26.600000381469727 -11.25 19
      vertex 26.700000762939453 -11.25 18.950000762939453
      vertex 26.600000381469727 -11.25 18.950000762939453
    endloop
  endfacet
  facet normal 0 1 0
    outer loop
      vertex 23.399999618530273 -11.25 19
      vertex 23.299999237060547 -11.25 22.049999237060547
      vertex 26.600000381469727 -11.25 19
    endloop
  endfacet
  facet normal 0 1 0
    outer loop
      vertex 23.299999237060547 -11.25 18.950000762939453
      vertex 23.399999618530273 -11.25 19
      vertex 23.399999618530273 -11.25 18.950000762939453
    endloop
  endfacet
  facet normal 0 1 0
    outer loop
      vertex 23.399999618530273 -11.25 19
      vertex 23.299999237060547 -11.25 18.950000762939453
      vertex 23.299999237060547 -11.25 22.049999237060547
    endloop
  endfacet
  facet normal 0 0 1
    outer loop
      vertex 23.299999237060547 -11.25 22.049999237060547
      vertex 26.700000762939453 -13.75 22.049999237060547
      vertex 26.700000762939453 -11.25 22.049999237060547
    endloop
  endfacet
  facet normal 0 0 1
    outer loop
      vertex 26.700000762939453 -13.75 22.049999237060547
      vertex 23.299999237060547 -11.25 22.049999237060547
      vertex 23.299999237060547 -13.75 22.049999237060547
    endloop
  endfacet
  facet normal 0 0 -1
    outer loop
      vertex 23.299999237060547 -13.75 18.950000762939453
      vertex 23.399999618530273 -11.25 18.950000762939453
      vertex 23.399999618530273 -13.75 18.950000762939453
    endloop
  endfacet
  facet normal 0 0 -1
    outer loop
      vertex 23.399999618530273 -11.25 18.950000762939453
      vertex 23.299999237060547 -13.75 18.950000762939453
      vertex 23.299999237060547 -11.25 18.950000762939453
    endloop
  endfacet
  facet normal 0 0 -1
    outer loop
      vertex 26.600000381469727 -13.75 18.950000762939453
      vertex 26.700000762939453 -11.25 18.950000762939453
      vertex 26.700000762939453 -13.75 18.950000762939453
    endloop
  endfacet
  facet normal 0 0 -1
    outer loop
      vertex 26.700000762939453 -11.25 18.950000762939453
      vertex 26.600000381469727 -13.75 18.950000762939453
      vertex 26.600000381469727 -11.25 18.950000762939453
    endloop
  endfacet
  facet normal 0 -1 0
    outer loop
      vertex 23.299999237060547 -13.75 22.049999237060547
      vertex 23.399999618530273 -13.75 19
      vertex 26.700000762939453 -13.75 22.049999237060547
    endloop
  endfacet
  facet normal 0 -1 0
    outer loop
      vertex 23.299999237060547 -13.75 18.950000762939453
      vertex 23.399999618530273 -13.75 19
      vertex 23.299999237060547 -13.75 22.049999237060547
    endloop
  endfacet
  facet normal 0 -1 0
    outer loop
      vertex 23.399999618530273 -13.75 19
      vertex 23.299999237060547 -13.75 18.950000762939453
      vertex 23.399999618530273 -13.75 18.950000762939453
    endloop
  endfacet
  facet normal 0 -1 0
    outer loop
      vertex 26.600000381469727 -13.75 19
      vertex 26.700000762939453 -13.75 22.049999237060547
      vertex 23.399999618530273 -13.75 19
    endloop
  endfacet
  facet normal 0 -1 0
    outer loop
      vertex 26.700000762939453 -13.75 18.950000762939453
      vertex 26.600000381469727 -13.75 19
      vertex 26.600000381469727 -13.75 18.950000762939453
    endloop
  endfacet
  facet normal 0 -1 0
    outer loop
      vertex 26.600000381469727 -13.75 19
      vertex 26.700000762939453 -13.75 18.950000762939453
      vertex 26.700000762939453 -13.75 22.049999237060547
    endloop
  endfacet
  facet normal -1 0 0
    outer loop
      vertex 23.299999237060547 -13.75 18.950000762939453
      vertex 23.299999237060547 -11.25 22.049999237060547
      vertex 23.299999237060547 -11.25 18.950000762939453
    endloop
  endfacet
  facet normal -1 0 0
    outer loop
      vertex 23.299999237060547 -11.25 22.049999237060547
      vertex 23.299999237060547 -13.75 18.950000762939453
      vertex 23.299999237060547 -13.75 22.049999237060547
    endloop
  endfacet
  facet normal 1 0 0
    outer loop
      vertex 26.700000762939453 -13.75 22.049999237060547
      vertex 26.700000762939453 -11.25 18.950000762939453
      vertex 26.700000762939453 -11.25 22.049999237060547
    endloop
  endfacet
  facet normal 1 0 0
    outer loop
      vertex 26.700000762939453 -11.25 18.950000762939453
      vertex 26.700000762939453 -13.75 22.049999237060547
      vertex 26.700000762939453 -13.75 18.950000762939453
    endloop
  endfacet
  facet normal 0 1 0
    outer loop
      vertex 26.700000762939453 -6.25 22.049999237060547
      vertex 26.600000381469727 -6.25 19
      vertex 23.299999237060547 -6.25 22.049999237060547
    endloop
  endfacet
  facet normal 0 1 0
    outer loop
      vertex 26.700000762939453 -6.25 18.950000762939453
      vertex 26.600000381469727 -6.25 19
      vertex 26.700000762939453 -6.25 22.049999237060547
    endloop
  endfacet
  facet normal 0 1 0
    outer loop
      vertex 26.600000381469727 -6.25 19
      vertex 26.700000762939453 -6.25 18.950000762939453
      vertex 26.600000381469727 -6.25 18.950000762939453
    endloop
  endfacet
  facet normal 0 1 0
    outer loop
      vertex 23.399999618530273 -6.25 19
      vertex 23.299999237060547 -6.25 22.049999237060547
      vertex 26.600000381469727 -6.25 19
    endloop
  endfacet
  facet normal 0 1 0
    outer loop
      vertex 23.299999237060547 -6.25 18.950000762939453
      vertex 23.399999618530273 -6.25 19
      vertex 23.399999618530273 -6.25 18.950000762939453
    endloop
  endfacet
  facet normal 0 1 0
    outer loop
      vertex 23.399999618530273 -6.25 19
      vertex 23.299999237060547 -6.25 18.950000762939453
      vertex 23.299999237060547 -6.25 22.049999237060547
    endloop
  endfacet
  facet normal 0 0 1
    outer loop
      vertex 23.299999237060547 -6.25 22.049999237060547
      vertex 26.700000762939453 -8.75 22.049999237060547
      vertex 26.700000762939453 -6.25 22.049999237060547
    endloop
  endfacet
  facet normal 0 0 1
    outer loop
      vertex 26.700000762939453 -8.75 22.049999237060547
      vertex 23.299999237060547 -6.25 22.049999237060547
      vertex 23.299999237060547 -8.75 22.049999237060547
    endloop
  endfacet
  facet normal 0 0 -1
    outer loop
      vertex 23.299999237060547 -8.75 18.950000762939453
      vertex 23.399999618530273 -6.25 18.950000762939453
      vertex 23.399999618530273 -8.75 18.950000762939453
    endloop
  endfacet
  facet normal 0 0 -1
    outer loop
      vertex 23.399999618530273 -6.25 18.950000762939453
      vertex 23.299999237060547 -8.75 18.950000762939453
      vertex 23.299999237060547 -6.25 18.950000762939453
    endloop
  endfacet
  facet normal 0 0 -1
    outer loop
      vertex 26.600000381469727 -8.75 18.950000762939453
      vertex 26.700000762939453 -6.25 18.950000762939453
      vertex 26.700000762939453 -8.75 18.950000762939453
    endloop
  endfacet
  facet normal 0 0 -1
    outer loop
      vertex 26.700000762939453 -6.25 18.950000762939453
      vertex 26.600000381469727 -8.75 18.950000762939453
      vertex 26.600000381469727 -6.25 18.950000762939453
    endloop
  endfacet
  facet normal 0 -1 0
    outer loop
      vertex 23.299999237060547 -8.75 22.049999237060547
      vertex 23.399999618530273 -8.75 19
      vertex 26.700000762939453 -8.75 22.049999237060547
    endloop
  endfacet
  facet normal 0 -1 0
    outer loop
      vertex 23.299999237060547 -8.75 18.950000762939453
      vertex 23.399999618530273 -8.75 19
      vertex 23.299999237060547 -8.75 22.049999237060547
    endloop
  endfacet
  facet normal 0 -1 0
    outer loop
      vertex 23.399999618530273 -8.75 19
      vertex 23.299999237060547 -8.75 18.950000762939453
      vertex 23.399999618530273 -8.75 18.950000762939453
    endloop
  endfacet
  facet normal 0 -1 0
    outer loop
      vertex 26.600000381469727 -8.75 19
      vertex 26.700000762939453 -8.75 22.049999237060547
      vertex 23.399999618530273 -8.75 19
    endloop
  endfacet
  facet normal 0 -1 0
    outer loop
      vertex 26.700000762939453 -8.75 18.950000762939453
      vertex 26.600000381469727 -8.75 19
      vertex 26.600000381469727 -8.75 18.950000762939453
    endloop
  endfacet
  facet normal 0 -1 0
    outer loop
      vertex 26.600000381469727 -8.75 19
      vertex 26.700000762939453 -8.75 18.950000762939453
      vertex 26.700000762939453 -8.75 22.049999237060547
    endloop
  endfacet
  facet normal -1 0 0
    outer loop
      vertex 23.299999237060547 -8.75 18.950000762939453
      vertex 23.299999237060547 -6.25 22.049999237060547
      vertex 23.299999237060547 -6.25 18.950000762939453
    endloop
  endfacet
  facet normal -1 0 0
    outer loop
      vertex 23.299999237060547 -6.25 22.049999237060547
      vertex 23.299999237060547 -8.75 18.950000762939453
      vertex 23.299999237060547 -8.75 22.049999237060547
    endloop
  endfacet
  facet normal 1 0 0
    outer loop
      vertex 26.700000762939453 -8.75 22.049999237060547
      vertex 26.700000762939453 -6.25 18.950000762939453
      vertex 26.700000762939453 -6.25 22.049999237060547
    endloop
  endfacet
  facet normal 1 0 0
    outer loop
      vertex 26.700000762939453 -6.25 18.950000762939453
      vertex 26.700000762939453 -8.75 22.049999237060547
      vertex 26.700000762939453 -8.75 18.950000762939453
    endloop
  endfacet
  facet normal 0 1 0
    outer loop
      vertex 26.700000762939453 -1.25 22.049999237060547
      vertex 26.600000381469727 -1.25 19
      vertex 23.299999237060547 -1.25 22.049999237060547
    endloop
  endfacet
  facet normal 0 1 0
    outer loop
      vertex 26.700000762939453 -1.25 18.950000762939453
      vertex 26.600000381469727 -1.25 19
      vertex 26.700000762939453 -1.25 22.049999237060547
    endloop
  endfacet
  facet normal 0 1 0
    outer loop
      vertex 26.600000381469727 -1.25 19
      vertex 26.700000762939453 -1.25 18.950000762939453
      vertex 26.600000381469727 -1.25 18.950000762939453
    endloop
  endfacet
  facet normal 0 1 0
    outer loop
      vertex 23.399999618530273 -1.25 19
      vertex 23.299999237060547 -1.25 22.049999237060547
      vertex 26.600000381469727 -1.25 19
    endloop
  endfacet
  facet normal 0 1 0
    outer loop
      vertex 23.299999237060547 -1.25 18.950000762939453
      vertex 23.399999618530273 -1.25 19
      vertex 23.399999618530273 -1.25 18.950000762939453
    endloop
  endfacet
  facet normal 0 1 0
    outer loop
      vertex 23.399999618530273 -1.25 19
      vertex 23.299999237060547 -1.25 18.950000762939453
      vertex 23.299999237060547 -1.25 22.049999237060547
    endloop
  endfacet
  facet normal 0 0 1
    outer loop
      vertex 23.299999237060547 -1.25 22.049999237060547
      vertex 26.700000762939453 -3.75 22.049999237060547
      vertex 26.700000762939453 -1.25 22.049999237060547
    endloop
  endfacet
  facet normal 0 0 1
    outer loop
      vertex 26.700000762939453 -3.75 22.049999237060547
      vertex 23.299999237060547 -1.25 22.049999237060547
      vertex 23.299999237060547 -3.75 22.049999237060547
    endloop
  endfacet
  facet normal 0 0 -1
    outer loop
      vertex 23.299999237060547 -3.75 18.950000762939453
      vertex 23.399999618530273 -1.25 18.950000762939453
      vertex 23.399999618530273 -3.75 18.950000762939453
    endloop
  endfacet
  facet normal 0 0 -1
    outer loop
      vertex 23.399999618530273 -1.25 18.950000762939453
      vertex 23.299999237060547 -3.75 18.950000762939453
      vertex 23.299999237060547 -1.25 18.950000762939453
    endloop
  endfacet
  facet normal 0 0 -1
    outer loop
      vertex 26.600000381469727 -3.75 18.950000762939453
      vertex 26.700000762939453 -1.25 18.950000762939453
      vertex 26.700000762939453 -3.75 18.950000762939453
    endloop
  endfacet
  facet normal 0 0 -1
    outer loop
      vertex 26.700000762939453 -1.25 18.950000762939453
      vertex 26.600000381469727 -3.75 18.950000762939453
      vertex 26.600000381469727 -1.25 18.950000762939453
    endloop
  endfacet
  facet normal 0 -1 0
    outer loop
      vertex 23.299999237060547 -3.75 22.049999237060547
      vertex 23.399999618530273 -3.75 19
      vertex 26.700000762939453 -3.75 22.049999237060547
    endloop
  endfacet
  facet normal 0 -1 0
    outer loop
      vertex 23.299999237060547 -3.75 18.950000762939453
      vertex 23.399999618530273 -3.75 19
      vertex 23.299999237060547 -3.75 22.049999237060547
    endloop
  endfacet
  facet normal 0 -1 0
    outer loop
      vertex 23.399999618530273 -3.75 19
      vertex 23.299999237060547 -3.75 18.950000762939453
      vertex 23.399999618530273 -3.75 18.950000762939453
    endloop
  endfacet
  facet normal 0 -1 0
    outer loop
      vertex 26.600000381469727 -3.75 19
      vertex 26.700000762939453 -3.75 22.049999237060547
      vertex 23.399999618530273 -3.75 19
    endloop
  endfacet
  facet normal 0 -1 0
    outer loop
      vertex 26.700000762939453 -3.75 18.950000762939453
      vertex 26.600000381469727 -3.75 19
      vertex 26.600000381469727 -3.75 18.950000762939453
    endloop
  endfacet
  facet normal 0 -1 0
    outer loop
      vertex 26.600000381469727 -3.75 19
      vertex 26.700000762939453 -3.75 18.950000762939453
      vertex 26.700000762939453 -3.75 22.049999237060547
    endloop
  endfacet
  facet normal -1 0 0
    outer loop
      vertex 23.299999237060547 -3.75 18.950000762939453
      vertex 23.299999237060547 -1.25 22.049999237060547
      vertex 23.299999237060547 -1.25 18.950000762939453
    endloop
  endfacet
  facet normal -1 0 0
    outer loop
      vertex 23.299999237060547 -1.25 22.049999237060547
      vertex 23.299999237060547 -3.75 18.950000762939453
      vertex 23.299999237060547 -3.75 22.049999237060547
    endloop
  endfacet
  facet normal 1 0 0
    outer loop
      vertex 26.700000762939453 -3.75 22.049999237060547
      vertex 26.700000762939453 -1.25 18.950000762939453
      vertex 26.700000762939453 -1.25 22.049999237060547
    endloop
  endfacet
  facet normal 1 0 0
    outer loop
      vertex 26.700000762939453 -1.25 18.950000762939453
      vertex 26.700000762939453 -3.75 22.049999237060547
      vertex 26.700000762939453 -3.75 18.950000762939453
    endloop
  endfacet
  facet normal 0 0 1
    outer loop
      vertex 26.600000381469727 -18.75 19
      vertex 25 -19 19
      vertex 26.600000381469727 -19.42871856689453 19
    endloop
  endfacet
  facet normal 0 0 1
    outer loop
      vertex 23.399999618530273 -18.75 19
      vertex 25 -19 19
      vertex 26.600000381469727 -18.75 19
    endloop
  endfacet
  facet normal 0 0 1
    outer loop
      vertex 25 -19 19
      vertex 23.399999618530273 -18.75 19
      vertex 23.399999618530273 -19.42871856689453 19
    endloop
  endfacet
  facet normal 0 0 1
    outer loop
      vertex 13.25 -20.200000762939453 19
      vertex 19.803848266601562 -22 19
      vertex 21.60384750366211 -20.200000762939453 19
    endloop
  endfacet
  facet normal 0 0 1
    outer loop
      vertex 13.25 -20.200000762939453 19
      vertex 19.42871856689453 -23.399999618530273 19
      vertex 19.803848266601562 -22 19
    endloop
  endfacet
  facet normal 0 0 1
    outer loop
      vertex 19.42871856689453 -23.399999618530273 19
      vertex 13.25 -20.200000762939453 19
      vertex 13.25 -23.399999618530273 19
    endloop
  endfacet
  facet normal 0 0 1
    outer loop
      vertex 23.399999618530273 -13.75 19
      vertex 26.600000381469727 -16.25 19
      vertex 26.600000381469727 -13.75 19
    endloop
  endfacet
  facet normal 0 0 1
    outer loop
      vertex 26.600000381469727 -16.25 19
      vertex 23.399999618530273 -13.75 19
      vertex 23.399999618530273 -16.25 19
    endloop
  endfacet
  facet normal 0 0 1
    outer loop
      vertex 23.399999618530273 -8.75 19
      vertex 26.600000381469727 -11.25 19
      vertex 26.600000381469727 -8.75 19
    endloop
  endfacet
  facet normal 0 0 1
    outer loop
      vertex 26.600000381469727 -11.25 19
      vertex 23.399999618530273 -8.75 19
      vertex 23.399999618530273 -11.25 19
    endloop
  endfacet
  facet normal 0 0 1
    outer loop
      vertex 23.399999618530273 -3.75 19
      vertex 26.600000381469727 -6.25 19
      vertex 26.600000381469727 -3.75 19
    endloop
  endfacet
  facet normal 0 0 1
    outer loop
      vertex 26.600000381469727 -6.25 19
      vertex 23.399999618530273 -3.75 19
      vertex 23.399999618530273 -6.25 19
    endloop
  endfacet
  facet normal -1 0 0
    outer loop
      vertex 23.399999618530273 19.42871856689453 3.09999942779541
      vertex 23.399999618530273 -1.25 18.950000762939453
      vertex 23.399999618530273 19.42871856689453 19
    endloop
  endfacet
  facet normal -1 0 0
    outer loop
      vertex 23.399999618530273 -19.42871856689453 3.09999942779541
      vertex 23.399999618530273 -1.25 18.950000762939453
      vertex 23.399999618530273 19.42871856689453 3.09999942779541
    endloop
  endfacet
  facet normal -1 0 0
    outer loop
      vertex 23.399999618530273 -3.75 18.950000762939453
      vertex 23.399999618530273 -6.25 18.950000762939453
      vertex 23.399999618530273 -3.75 19
    endloop
  endfacet
  facet normal -1 0 0
    outer loop
      vertex 23.399999618530273 -1.25 18.950000762939453
      vertex 23.399999618530273 -19.42871856689453 3.09999942779541
      vertex 23.399999618530273 -3.75 18.950000762939453
    endloop
  endfacet
  facet normal -1 0 0
    outer loop
      vertex 23.399999618530273 -3.75 18.950000762939453
      vertex 23.399999618530273 -19.42871856689453 3.09999942779541
      vertex 23.399999618530273 -6.25 18.950000762939453
    endloop
  endfacet
  facet normal -1 0 0
    outer loop
      vertex 23.399999618530273 -8.75 18.950000762939453
      vertex 23.399999618530273 -11.25 18.950000762939453
      vertex 23.399999618530273 -8.75 19
    endloop
  endfacet
  facet normal -1 0 0
    outer loop
      vertex 23.399999618530273 -6.25 18.950000762939453
      vertex 23.399999618530273 -19.42871856689453 3.09999942779541
      vertex 23.399999618530273 -8.75 18.950000762939453
    endloop
  endfacet
  facet normal -1 0 0
    outer loop
      vertex 23.399999618530273 -8.75 18.950000762939453
      vertex 23.399999618530273 -19.42871856689453 3.09999942779541
      vertex 23.399999618530273 -11.25 18.950000762939453
    endloop
  endfacet
  facet normal -1 0 0
    outer loop
      vertex 23.399999618530273 -13.75 18.950000762939453
      vertex 23.399999618530273 -16.25 18.950000762939453
      vertex 23.399999618530273 -13.75 19
    endloop
  endfacet
  facet normal -1 0 0
    outer loop
      vertex 23.399999618530273 -11.25 18.950000762939453
      vertex 23.399999618530273 -19.42871856689453 3.09999942779541
      vertex 23.399999618530273 -13.75 18.950000762939453
    endloop
  endfacet
  facet normal -1 0 0
    outer loop
      vertex 23.399999618530273 -13.75 18.950000762939453
      vertex 23.399999618530273 -19.42871856689453 3.09999942779541
      vertex 23.399999618530273 -16.25 18.950000762939453
    endloop
  endfacet
  facet normal -1 0 0
    outer loop
      vertex 23.399999618530273 -16.25 18.950000762939453
      vertex 23.399999618530273 -19.42871856689453 3.09999942779541
      vertex 23.399999618530273 -18.75 18.950000762939453
    endloop
  endfacet
  facet normal -1 0 0
    outer loop
      vertex 23.399999618530273 -19.42871856689453 19
      vertex 23.399999618530273 -18.75 18.950000762939453
      vertex 23.399999618530273 -19.42871856689453 3.09999942779541
    endloop
  endfacet
  facet normal -1 0 0
    outer loop
      vertex 23.399999618530273 -18.75 18.950000762939453
      vertex 23.399999618530273 -19.42871856689453 19
      vertex 23.399999618530273 -18.75 19
    endloop
  endfacet
  facet normal -1 0 0
    outer loop
      vertex 23.399999618530273 19.42871856689453 19
      vertex 23.399999618530273 -1.25 18.950000762939453
      vertex 23.399999618530273 -1.25 19
    endloop
  endfacet
  facet normal -1 0 0
    outer loop
      vertex 23.399999618530273 -3.75 19
      vertex 23.399999618530273 -6.25 18.950000762939453
      vertex 23.399999618530273 -6.25 19
    endloop
  endfacet
  facet normal -1 0 0
    outer loop
      vertex 23.399999618530273 -8.75 19
      vertex 23.399999618530273 -11.25 18.950000762939453
      vertex 23.399999618530273 -11.25 19
    endloop
  endfacet
  facet normal -1 0 0
    outer loop
      vertex 23.399999618530273 -13.75 19
      vertex 23.399999618530273 -16.25 18.950000762939453
      vertex 23.399999618530273 -16.25 19
    endloop
  endfacet
  facet normal 1 0 0
    outer loop
      vertex 26.600000381469727 -18.75 19
      vertex 26.600000381469727 -19.42871856689453 19
      vertex 26.600000381469727 -18.75 18.950000762939453
    endloop
  endfacet
  facet normal 1 0 0
    outer loop
      vertex 26.600000381469727 -13.75 19
      vertex 26.600000381469727 -16.25 19
      vertex 26.600000381469727 -13.75 18.950000762939453
    endloop
  endfacet
  facet normal 1 0 0
    outer loop
      vertex 26.600000381469727 -8.75 19
      vertex 26.600000381469727 -11.25 19
      vertex 26.600000381469727 -8.75 18.950000762939453
    endloop
  endfacet
  facet normal 1 0 0
    outer loop
      vertex 26.600000381469727 -3.75 19
      vertex 26.600000381469727 -6.25 19
      vertex 26.600000381469727 -3.75 18.950000762939453
    endloop
  endfacet
  facet normal 1 0 0
    outer loop
      vertex 26.600000381469727 -1.25 18.950000762939453
      vertex 26.600000381469727 19.42871856689453 19
      vertex 26.600000381469727 -1.25 19
    endloop
  endfacet
  facet normal 1 0 0
    outer loop
      vertex 26.600000381469727 19.42871856689453 19
      vertex 26.600000381469727 -1.25 18.950000762939453
      vertex 26.600000381469727 19.42871856689453 3.09999942779541
    endloop
  endfacet
  facet normal 1 0 0
    outer loop
      vertex 26.600000381469727 -19.42871856689453 3.09999942779541
      vertex 26.600000381469727 -1.25 18.950000762939453
      vertex 26.600000381469727 -3.75 18.950000762939453
    endloop
  endfacet
  facet normal 1 0 0
    outer loop
      vertex 26.600000381469727 -6.25 18.950000762939453
      vertex 26.600000381469727 -3.75 18.950000762939453
      vertex 26.600000381469727 -6.25 19
    endloop
  endfacet
  facet normal 1 0 0
    outer loop
      vertex 26.600000381469727 -19.42871856689453 3.09999942779541
      vertex 26.600000381469727 -3.75 18.950000762939453
      vertex 26.600000381469727 -6.25 18.950000762939453
    endloop
  endfacet
  facet normal 1 0 0
    outer loop
      vertex 26.600000381469727 -19.42871856689453 3.09999942779541
      vertex 26.600000381469727 -6.25 18.950000762939453
      vertex 26.600000381469727 -8.75 18.950000762939453
    endloop
  endfacet
  facet normal 1 0 0
    outer loop
      vertex 26.600000381469727 -11.25 18.950000762939453
      vertex 26.600000381469727 -8.75 18.950000762939453
      vertex 26.600000381469727 -11.25 19
    endloop
  endfacet
  facet normal 1 0 0
    outer loop
      vertex 26.600000381469727 -19.42871856689453 3.09999942779541
      vertex 26.600000381469727 -8.75 18.950000762939453
      vertex 26.600000381469727 -11.25 18.950000762939453
    endloop
  endfacet
  facet normal 1 0 0
    outer loop
      vertex 26.600000381469727 -19.42871856689453 3.09999942779541
      vertex 26.600000381469727 -11.25 18.950000762939453
      vertex 26.600000381469727 -13.75 18.950000762939453
    endloop
  endfacet
  facet normal 1 0 0
    outer loop
      vertex 26.600000381469727 -16.25 18.950000762939453
      vertex 26.600000381469727 -13.75 18.950000762939453
      vertex 26.600000381469727 -16.25 19
    endloop
  endfacet
  facet normal 1 0 0
    outer loop
      vertex 26.600000381469727 -19.42871856689453 3.09999942779541
      vertex 26.600000381469727 -13.75 18.950000762939453
      vertex 26.600000381469727 -16.25 18.950000762939453
    endloop
  endfacet
  facet normal 1 0 0
    outer loop
      vertex 26.600000381469727 -19.42871856689453 3.09999942779541
      vertex 26.600000381469727 -16.25 18.950000762939453
      vertex 26.600000381469727 -18.75 18.950000762939453
    endloop
  endfacet
  facet normal 1 0 0
    outer loop
      vertex 26.600000381469727 -19.42871856689453 3.09999942779541
      vertex 26.600000381469727 -18.75 18.950000762939453
      vertex 26.600000381469727 -19.42871856689453 19
    endloop
  endfacet
  facet normal 1 0 0
    outer loop
      vertex 26.600000381469727 -1.25 18.950000762939453
      vertex 26.600000381469727 -19.42871856689453 3.09999942779541
      vertex 26.600000381469727 19.42871856689453 3.09999942779541
    endloop
  endfacet
  facet normal 1 0 0
    outer loop
      vertex -29.75 -21.553848266601562 22.049999237060547
      vertex -29.75 -20.100000381469727 18.950000762939453
      vertex -29.75 -20.100000381469727 22.049999237060547
    endloop
  endfacet
  facet normal 1 0 0
    outer loop
      vertex -29.75 -20.100000381469727 18.950000762939453
      vertex -29.75 -21.553848266601562 22.049999237060547
      vertex -29.75 -21.553848266601562 18.950000762939453
    endloop
  endfacet
  facet normal 0 0 1
    outer loop
      vertex -29.75 -20.100000381469727 22.049999237060547
      vertex -30.196151733398438 -22 22.049999237060547
      vertex -29.75 -21.553848266601562 22.049999237060547
    endloop
  endfacet
  facet normal 0 0 1
    outer loop
      vertex -32.25 -20.100000381469727 22.049999237060547
      vertex -30.196151733398438 -22 22.049999237060547
      vertex -29.75 -20.100000381469727 22.049999237060547
    endloop
  endfacet
  facet normal 0 0 1
    outer loop
      vertex -32.25 -23.5 22.049999237060547
      vertex -30.196151733398438 -22 22.049999237060547
      vertex -32.25 -20.100000381469727 22.049999237060547
    endloop
  endfacet
  facet normal 0 0 1
    outer loop
      vertex -30.196151733398438 -22 22.049999237060547
      vertex -32.25 -23.5 22.049999237060547
      vertex -30.59807586669922 -23.5 22.049999237060547
    endloop
  endfacet
  facet normal 0 0 -1
    outer loop
      vertex -30.196151733398438 -22 18.950000762939453
      vertex -29.75 -20.100000381469727 18.950000762939453
      vertex -29.75 -21.553848266601562 18.950000762939453
    endloop
  endfacet
  facet normal 0 0 -1
    outer loop
      vertex -32.25 -23.5 18.950000762939453
      vertex -30.196151733398438 -22 18.950000762939453
      vertex -30.59807586669922 -23.5 18.950000762939453
    endloop
  endfacet
  facet normal 0 0 -1
    outer loop
      vertex -30.196151733398438 -22 18.950000762939453
      vertex -32.25 -23.5 18.950000762939453
      vertex -32.25 -20.100000381469727 18.950000762939453
    endloop
  endfacet
  facet normal 0 0 -1
    outer loop
      vertex -30.196151733398438 -22 18.950000762939453
      vertex -32.25 -20.100000381469727 18.950000762939453
      vertex -29.75 -20.100000381469727 18.950000762939453
    endloop
  endfacet
  facet normal -1 0 0
    outer loop
      vertex -32.25 -23.5 18.950000762939453
      vertex -32.25 -20.100000381469727 22.049999237060547
      vertex -32.25 -20.100000381469727 18.950000762939453
    endloop
  endfacet
  facet normal -1 0 0
    outer loop
      vertex -32.25 -20.100000381469727 22.049999237060547
      vertex -32.25 -23.5 18.950000762939453
      vertex -32.25 -23.5 22.049999237060547
    endloop
  endfacet
  facet normal 0 1 0
    outer loop
      vertex -29.75 -20.100000381469727 18.950000762939453
      vertex -32.25 -20.100000381469727 22.049999237060547
      vertex -29.75 -20.100000381469727 22.049999237060547
    endloop
  endfacet
  facet normal 0 1 0
    outer loop
      vertex -32.25 -20.100000381469727 22.049999237060547
      vertex -29.75 -20.100000381469727 18.950000762939453
      vertex -32.25 -20.100000381469727 18.950000762939453
    endloop
  endfacet
  facet normal 0 -1 0
    outer loop
      vertex -32.25 -23.5 18.950000762939453
      vertex -30.59807586669922 -23.5 22.049999237060547
      vertex -32.25 -23.5 22.049999237060547
    endloop
  endfacet
  facet normal 0 -1 0
    outer loop
      vertex -30.59807586669922 -23.5 22.049999237060547
      vertex -32.25 -23.5 18.950000762939453
      vertex -30.59807586669922 -23.5 18.950000762939453
    endloop
  endfacet
  facet normal 1 0 0
    outer loop
      vertex -19.75 -20.100000381469727 22.049999237060547
      vertex -19.75 -20.200000762939453 19
      vertex -19.75 -20.100000381469727 18.950000762939453
    endloop
  endfacet
  facet normal 1 0 0
    outer loop
      vertex -19.75 -22.200963973999023 22.049999237060547
      vertex -19.75 -20.200000762939453 19
      vertex -19.75 -20.100000381469727 22.049999237060547
    endloop
  endfacet
  facet normal 1 0 0
    outer loop
      vertex -19.75 -20.200000762939453 19
      vertex -19.75 -22.200963973999023 22.049999237060547
      vertex -19.75 -22.200963973999023 19
    endloop
  endfacet
  facet normal 1 0 0
    outer loop
      vertex -19.75 -20.100000381469727 18.950000762939453
      vertex -19.75 -20.200000762939453 19
      vertex -19.75 -20.200000762939453 18.950000762939453
    endloop
  endfacet
  facet normal 0 0 1
    outer loop
      vertex -19.75 -20.100000381469727 22.049999237060547
      vertex -19.803848266601562 -22 22.049999237060547
      vertex -19.75 -22.200963973999023 22.049999237060547
    endloop
  endfacet
  facet normal 0 0 1
    outer loop
      vertex -19.803848266601562 -22 22.049999237060547
      vertex -19.75 -20.100000381469727 22.049999237060547
      vertex -21.703847885131836 -20.100000381469727 22.049999237060547
    endloop
  endfacet
  facet normal 0 0 -1
    outer loop
      vertex -21.60384750366211 -20.200000762939453 18.950000762939453
      vertex -19.75 -20.100000381469727 18.950000762939453
      vertex -19.75 -20.200000762939453 18.950000762939453
    endloop
  endfacet
  facet normal 0 0 -1
    outer loop
      vertex -19.75 -20.100000381469727 18.950000762939453
      vertex -21.60384750366211 -20.200000762939453 18.950000762939453
      vertex -21.703847885131836 -20.100000381469727 18.950000762939453
    endloop
  endfacet
  facet normal 0 1 0
    outer loop
      vertex -19.75 -20.100000381469727 18.950000762939453
      vertex -21.703847885131836 -20.100000381469727 22.049999237060547
      vertex -19.75 -20.100000381469727 22.049999237060547
    endloop
  endfacet
  facet normal 0 1 0
    outer loop
      vertex -21.703847885131836 -20.100000381469727 22.049999237060547
      vertex -19.75 -20.100000381469727 18.950000762939453
      vertex -21.703847885131836 -20.100000381469727 18.950000762939453
    endloop
  endfacet
  facet normal -1 0 0
    outer loop
      vertex -8 -27 3
      vertex -8 -27.399999618530273 3
      vertex -8 -27 3.09999942779541
    endloop
  endfacet
  facet normal -1 0 0
    outer loop
      vertex -8 -23.399999618530273 3.09999942779541
      vertex -8 -27 3.09999942779541
      vertex -8 -23.399999618530273 19
    endloop
  endfacet
  facet normal -1 0 0
    outer loop
      vertex -8 -20.200000762939453 19
      vertex -8 -19.399999618530273 3.09999942779541
      vertex -8 -20.200000762939453 3.09999942779541
    endloop
  endfacet
  facet normal -1 0 0
    outer loop
      vertex -8 -19.399999618530273 3.09999942779541
      vertex -8 -20.200000762939453 19
      vertex -8 -19.399999618530273 23
    endloop
  endfacet
  facet normal -1 0 0
    outer loop
      vertex -8 -23.399999618530273 19
      vertex -8 -19.399999618530273 23
      vertex -8 -20.200000762939453 19
    endloop
  endfacet
  facet normal -1 0 0
    outer loop
      vertex -8 -27.399999618530273 3
      vertex -8 -23.399999618530273 19
      vertex -8 -27 3.09999942779541
    endloop
  endfacet
  facet normal -1 0 0
    outer loop
      vertex -8 -23.399999618530273 19
      vertex -8 -27.399999618530273 23
      vertex -8 -19.399999618530273 23
    endloop
  endfacet
  facet normal -1 0 0
    outer loop
      vertex -8 -27.399999618530273 23
      vertex -8 -23.399999618530273 19
      vertex -8 -27.399999618530273 3
    endloop
  endfacet
  facet normal 0 0 1
    outer loop
      vertex -8 -20.200000762939453 19
      vertex -19.42871856689453 -23.399999618530273 19
      vertex -8 -23.399999618530273 19
    endloop
  endfacet
  facet normal 0 0 1
    outer loop
      vertex -19.75 -22.200963973999023 19
      vertex -8 -20.200000762939453 19
      vertex -19.75 -20.200000762939453 19
    endloop
  endfacet
  facet normal 0 0 1
    outer loop
      vertex -8 -20.200000762939453 19
      vertex -19.75 -22.200963973999023 19
      vertex -19.42871856689453 -23.399999618530273 19
    endloop
  endfacet
  facet normal 0 1 0
    outer loop
      vertex -8 -20.200000762939453 19
      vertex -19.75 -20.200000762939453 18.950000762939453
      vertex -19.75 -20.200000762939453 19
    endloop
  endfacet
  facet normal 0 1 0
    outer loop
      vertex -8 -20.200000762939453 3.09999942779541
      vertex -19.75 -20.200000762939453 18.950000762939453
      vertex -8 -20.200000762939453 19
    endloop
  endfacet
  facet normal 0 1 0
    outer loop
      vertex -21.60384750366211 -20.200000762939453 3.09999942779541
      vertex -19.75 -20.200000762939453 18.950000762939453
      vertex -8 -20.200000762939453 3.09999942779541
    endloop
  endfacet
  facet normal 0 1 0
    outer loop
      vertex -19.75 -20.200000762939453 18.950000762939453
      vertex -21.60384750366211 -20.200000762939453 3.09999942779541
      vertex -21.60384750366211 -20.200000762939453 18.950000762939453
    endloop
  endfacet
  facet normal 0 -1 0
    outer loop
      vertex -19.42871856689453 -23.399999618530273 3.09999942779541
      vertex -8 -23.399999618530273 19
      vertex -19.42871856689453 -23.399999618530273 19
    endloop
  endfacet
  facet normal 0 -1 0
    outer loop
      vertex -8 -23.399999618530273 19
      vertex -19.42871856689453 -23.399999618530273 3.09999942779541
      vertex -8 -23.399999618530273 3.09999942779541
    endloop
  endfacet
  facet normal 1 0 0
    outer loop
      vertex 8.25 -20.100000381469727 22.049999237060547
      vertex 8.25 -20.200000762939453 19
      vertex 8.25 -20.100000381469727 18.950000762939453
    endloop
  endfacet
  facet normal 1 0 0
    outer loop
      vertex 8.25 -20.100000381469727 22.049999237060547
      vertex 8.25 -23.399999618530273 19
      vertex 8.25 -20.200000762939453 19
    endloop
  endfacet
  facet normal 1 0 0
    outer loop
      vertex 8.25 -23.5 22.049999237060547
      vertex 8.25 -23.399999618530273 19
      vertex 8.25 -20.100000381469727 22.049999237060547
    endloop
  endfacet
  facet normal 1 0 0
    outer loop
      vertex 8.25 -23.5 18.950000762939453
      vertex 8.25 -23.399999618530273 19
      vertex 8.25 -23.5 22.049999237060547
    endloop
  endfacet
  facet normal 1 0 0
    outer loop
      vertex 8.25 -23.399999618530273 19
      vertex 8.25 -23.5 18.950000762939453
      vertex 8.25 -23.399999618530273 18.950000762939453
    endloop
  endfacet
  facet normal 1 0 0
    outer loop
      vertex 8.25 -20.100000381469727 18.950000762939453
      vertex 8.25 -20.200000762939453 19
      vertex 8.25 -20.200000762939453 18.950000762939453
    endloop
  endfacet
  facet normal 0 0 1
    outer loop
      vertex 8 -20.100000381469727 22.049999237060547
      vertex 8.25 -23.5 22.049999237060547
      vertex 8.25 -20.100000381469727 22.049999237060547
    endloop
  endfacet
  facet normal 0 0 1
    outer loop
      vertex 8.25 -23.5 22.049999237060547
      vertex 8 -20.100000381469727 22.049999237060547
      vertex 8 -23.5 22.049999237060547
    endloop
  endfacet
  facet normal 0 0 -1
    outer loop
      vertex 8 -20.200000762939453 18.950000762939453
      vertex 8.25 -20.100000381469727 18.950000762939453
      vertex 8.25 -20.200000762939453 18.950000762939453
    endloop
  endfacet
  facet normal 0 0 -1
    outer loop
      vertex 8.25 -20.100000381469727 18.950000762939453
      vertex 8 -20.200000762939453 18.950000762939453
      vertex 8 -20.100000381469727 18.950000762939453
    endloop
  endfacet
  facet normal 0 0 -1
    outer loop
      vertex 8 -23.5 18.950000762939453
      vertex 8.25 -23.399999618530273 18.950000762939453
      vertex 8.25 -23.5 18.950000762939453
    endloop
  endfacet
  facet normal 0 0 -1
    outer loop
      vertex 8.25 -23.399999618530273 18.950000762939453
      vertex 8 -23.5 18.950000762939453
      vertex 8 -23.399999618530273 18.950000762939453
    endloop
  endfacet
  facet normal 0 1 0
    outer loop
      vertex 8.25 -20.100000381469727 18.950000762939453
      vertex 8 -20.100000381469727 22.049999237060547
      vertex 8.25 -20.100000381469727 22.049999237060547
    endloop
  endfacet
  facet normal 0 1 0
    outer loop
      vertex 8 -20.100000381469727 22.049999237060547
      vertex 8.25 -20.100000381469727 18.950000762939453
      vertex 8 -20.100000381469727 18.950000762939453
    endloop
  endfacet
  facet normal 0 -1 0
    outer loop
      vertex 8 -23.5 18.950000762939453
      vertex 8.25 -23.5 22.049999237060547
      vertex 8 -23.5 22.049999237060547
    endloop
  endfacet
  facet normal 0 -1 0
    outer loop
      vertex 8.25 -23.5 22.049999237060547
      vertex 8 -23.5 18.950000762939453
      vertex 8.25 -23.5 18.950000762939453
    endloop
  endfacet
  facet normal 1 0 0
    outer loop
      vertex 13.25 -20.100000381469727 22.049999237060547
      vertex 13.25 -20.200000762939453 19
      vertex 13.25 -20.100000381469727 18.950000762939453
    endloop
  endfacet
  facet normal 1 0 0
    outer loop
      vertex 13.25 -20.100000381469727 22.049999237060547
      vertex 13.25 -23.399999618530273 19
      vertex 13.25 -20.200000762939453 19
    endloop
  endfacet
  facet normal 1 0 0
    outer loop
      vertex 13.25 -23.5 22.049999237060547
      vertex 13.25 -23.399999618530273 19
      vertex 13.25 -20.100000381469727 22.049999237060547
    endloop
  endfacet
  facet normal 1 0 0
    outer loop
      vertex 13.25 -23.5 18.950000762939453
      vertex 13.25 -23.399999618530273 19
      vertex 13.25 -23.5 22.049999237060547
    endloop
  endfacet
  facet normal 1 0 0
    outer loop
      vertex 13.25 -23.399999618530273 19
      vertex 13.25 -23.5 18.950000762939453
      vertex 13.25 -23.399999618530273 18.950000762939453
    endloop
  endfacet
  facet normal 1 0 0
    outer loop
      vertex 13.25 -20.100000381469727 18.950000762939453
      vertex 13.25 -20.200000762939453 19
      vertex 13.25 -20.200000762939453 18.950000762939453
    endloop
  endfacet
  facet normal 0 0 1
    outer loop
      vertex 10.75 -20.100000381469727 22.049999237060547
      vertex 13.25 -23.5 22.049999237060547
      vertex 13.25 -20.100000381469727 22.049999237060547
    endloop
  endfacet
  facet normal 0 0 1
    outer loop
      vertex 13.25 -23.5 22.049999237060547
      vertex 10.75 -20.100000381469727 22.049999237060547
      vertex 10.75 -23.5 22.049999237060547
    endloop
  endfacet
  facet normal 0 0 -1
    outer loop
      vertex 10.75 -20.200000762939453 18.950000762939453
      vertex 13.25 -20.100000381469727 18.950000762939453
      vertex 13.25 -20.200000762939453 18.950000762939453
    endloop
  endfacet
  facet normal 0 0 -1
    outer loop
      vertex 13.25 -20.100000381469727 18.950000762939453
      vertex 10.75 -20.200000762939453 18.950000762939453
      vertex 10.75 -20.100000381469727 18.950000762939453
    endloop
  endfacet
  facet normal 0 0 -1
    outer loop
      vertex 10.75 -23.5 18.950000762939453
      vertex 13.25 -23.399999618530273 18.950000762939453
      vertex 13.25 -23.5 18.950000762939453
    endloop
  endfacet
  facet normal 0 0 -1
    outer loop
      vertex 13.25 -23.399999618530273 18.950000762939453
      vertex 10.75 -23.5 18.950000762939453
      vertex 10.75 -23.399999618530273 18.950000762939453
    endloop
  endfacet
  facet normal -1 0 0
    outer loop
      vertex 10.75 -23.399999618530273 18.950000762939453
      vertex 10.75 -23.5 18.950000762939453
      vertex 10.75 -23.399999618530273 19
    endloop
  endfacet
  facet normal -1 0 0
    outer loop
      vertex 10.75 -20.200000762939453 19
      vertex 10.75 -20.100000381469727 18.950000762939453
      vertex 10.75 -20.200000762939453 18.950000762939453
    endloop
  endfacet
  facet normal -1 0 0
    outer loop
      vertex 10.75 -20.100000381469727 18.950000762939453
      vertex 10.75 -20.200000762939453 19
      vertex 10.75 -20.100000381469727 22.049999237060547
    endloop
  endfacet
  facet normal -1 0 0
    outer loop
      vertex 10.75 -23.399999618530273 19
      vertex 10.75 -20.100000381469727 22.049999237060547
      vertex 10.75 -20.200000762939453 19
    endloop
  endfacet
  facet normal -1 0 0
    outer loop
      vertex 10.75 -23.5 22.049999237060547
      vertex 10.75 -23.399999618530273 19
      vertex 10.75 -23.5 18.950000762939453
    endloop
  endfacet
  facet normal -1 0 0
    outer loop
      vertex 10.75 -23.399999618530273 19
      vertex 10.75 -23.5 22.049999237060547
      vertex 10.75 -20.100000381469727 22.049999237060547
    endloop
  endfacet
  facet normal 0 1 0
    outer loop
      vertex 13.25 -20.100000381469727 18.950000762939453
      vertex 10.75 -20.100000381469727 22.049999237060547
      vertex 13.25 -20.100000381469727 22.049999237060547
    endloop
  endfacet
  facet normal 0 1 0
    outer loop
      vertex 10.75 -20.100000381469727 22.049999237060547
      vertex 13.25 -20.100000381469727 18.950000762939453
      vertex 10.75 -20.100000381469727 18.950000762939453
    endloop
  endfacet
  facet normal 0 -1 0
    outer loop
      vertex 10.75 -23.5 18.950000762939453
      vertex 13.25 -23.5 22.049999237060547
      vertex 10.75 -23.5 22.049999237060547
    endloop
  endfacet
  facet normal 0 -1 0
    outer loop
      vertex 13.25 -23.5 22.049999237060547
      vertex 10.75 -23.5 18.950000762939453
      vertex 13.25 -23.5 18.950000762939453
    endloop
  endfacet
  facet normal 0 0 1
    outer loop
      vertex 8.25 -20.200000762939453 19
      vertex 10.75 -23.399999618530273 19
      vertex 10.75 -20.200000762939453 19
    endloop
  endfacet
  facet normal 0 0 1
    outer loop
      vertex 10.75 -23.399999618530273 19
      vertex 8.25 -20.200000762939453 19
      vertex 8.25 -23.399999618530273 19
    endloop
  endfacet
  facet normal 1 0 0
    outer loop
      vertex 8 -20.100000381469727 18.950000762939453
      vertex 8 -19.399999618530273 23
      vertex 8 -20.100000381469727 22.049999237060547
    endloop
  endfacet
  facet normal 1 0 0
    outer loop
      vertex 8 -19.399999618530273 23
      vertex 8 -23.5 22.049999237060547
      vertex 8 -20.100000381469727 22.049999237060547
    endloop
  endfacet
  facet normal 1 0 0
    outer loop
      vertex 8 -27.399999618530273 23
      vertex 8 -23.5 18.950000762939453
      vertex 8 -23.5 22.049999237060547
    endloop
  endfacet
  facet normal 1 0 0
    outer loop
      vertex 8 -27.399999618530273 23
      vertex 8 -23.5 22.049999237060547
      vertex 8 -19.399999618530273 23
    endloop
  endfacet
  facet normal 1 0 0
    outer loop
      vertex 8 -27.399999618530273 3
      vertex 8 -23.5 18.950000762939453
      vertex 8 -27.399999618530273 23
    endloop
  endfacet
  facet normal 1 0 0
    outer loop
      vertex 8 -23.5 18.950000762939453
      vertex 8 -27.399999618530273 3
      vertex 8 -27 3.09999942779541
    endloop
  endfacet
  facet normal 1 0 0
    outer loop
      vertex 8 -27 3.09999942779541
      vertex 8 -27.399999618530273 3
      vertex 8 -27 3
    endloop
  endfacet
  facet normal 1 0 0
    outer loop
      vertex 8 -19.399999618530273 23
      vertex 8 -20.100000381469727 18.950000762939453
      vertex 8 -19.399999618530273 3.09999942779541
    endloop
  endfacet
  facet normal 1 0 0
    outer loop
      vertex 8 -20.200000762939453 3.09999942779541
      vertex 8 -20.100000381469727 18.950000762939453
      vertex 8 -20.200000762939453 18.950000762939453
    endloop
  endfacet
  facet normal 1 0 0
    outer loop
      vertex 8 -20.100000381469727 18.950000762939453
      vertex 8 -20.200000762939453 3.09999942779541
      vertex 8 -19.399999618530273 3.09999942779541
    endloop
  endfacet
  facet normal 1 0 0
    outer loop
      vertex 8 -23.5 18.950000762939453
      vertex 8 -23.399999618530273 3.09999942779541
      vertex 8 -23.399999618530273 18.950000762939453
    endloop
  endfacet
  facet normal 1 0 0
    outer loop
      vertex 8 -23.399999618530273 3.09999942779541
      vertex 8 -23.5 18.950000762939453
      vertex 8 -27 3.09999942779541
    endloop
  endfacet
  facet normal 0 1 0
    outer loop
      vertex 21.60384750366211 -20.200000762939453 19
      vertex 13.25 -20.200000762939453 18.950000762939453
      vertex 13.25 -20.200000762939453 19
    endloop
  endfacet
  facet normal 0 1 0
    outer loop
      vertex 8 -20.200000762939453 3.09999942779541
      vertex 10.75 -20.200000762939453 18.950000762939453
      vertex 13.25 -20.200000762939453 18.950000762939453
    endloop
  endfacet
  facet normal 0 1 0
    outer loop
      vertex 10.75 -20.200000762939453 18.950000762939453
      vertex 8 -20.200000762939453 3.09999942779541
      vertex 8.25 -20.200000762939453 18.950000762939453
    endloop
  endfacet
  facet normal 0 1 0
    outer loop
      vertex 21.60384750366211 -20.200000762939453 3.09999942779541
      vertex 13.25 -20.200000762939453 18.950000762939453
      vertex 21.60384750366211 -20.200000762939453 19
    endloop
  endfacet
  facet normal 0 1 0
    outer loop
      vertex 8 -20.200000762939453 3.09999942779541
      vertex 13.25 -20.200000762939453 18.950000762939453
      vertex 21.60384750366211 -20.200000762939453 3.09999942779541
    endloop
  endfacet
  facet normal 0 1 0
    outer loop
      vertex 8.25 -20.200000762939453 18.950000762939453
      vertex 8 -20.200000762939453 3.09999942779541
      vertex 8 -20.200000762939453 18.950000762939453
    endloop
  endfacet
  facet normal 0 1 0
    outer loop
      vertex 10.75 -20.200000762939453 18.950000762939453
      vertex 8.25 -20.200000762939453 19
      vertex 10.75 -20.200000762939453 19
    endloop
  endfacet
  facet normal 0 1 0
    outer loop
      vertex 8.25 -20.200000762939453 19
      vertex 10.75 -20.200000762939453 18.950000762939453
      vertex 8.25 -20.200000762939453 18.950000762939453
    endloop
  endfacet
  facet normal 0 -1 0
    outer loop
      vertex 8 -23.399999618530273 3.09999942779541
      vertex 8.25 -23.399999618530273 18.950000762939453
      vertex 8 -23.399999618530273 18.950000762939453
    endloop
  endfacet
  facet normal 0 -1 0
    outer loop
      vertex 8.25 -23.399999618530273 18.950000762939453
      vertex 8 -23.399999618530273 3.09999942779541
      vertex 10.75 -23.399999618530273 18.950000762939453
    endloop
  endfacet
  facet normal 0 -1 0
    outer loop
      vertex 10.75 -23.399999618530273 18.950000762939453
      vertex 8 -23.399999618530273 3.09999942779541
      vertex 13.25 -23.399999618530273 18.950000762939453
    endloop
  endfacet
  facet normal 0 -1 0
    outer loop
      vertex 8.25 -23.399999618530273 18.950000762939453
      vertex 10.75 -23.399999618530273 19
      vertex 8.25 -23.399999618530273 19
    endloop
  endfacet
  facet normal 0 -1 0
    outer loop
      vertex 10.75 -23.399999618530273 19
      vertex 8.25 -23.399999618530273 18.950000762939453
      vertex 10.75 -23.399999618530273 18.950000762939453
    endloop
  endfacet
  facet normal 0 -1 0
    outer loop
      vertex 13.25 -23.399999618530273 18.950000762939453
      vertex 19.42871856689453 -23.399999618530273 19
      vertex 13.25 -23.399999618530273 19
    endloop
  endfacet
  facet normal 0 -1 0
    outer loop
      vertex 19.42871856689453 -23.399999618530273 3.09999942779541
      vertex 13.25 -23.399999618530273 18.950000762939453
      vertex 8 -23.399999618530273 3.09999942779541
    endloop
  endfacet
  facet normal 0 -1 0
    outer loop
      vertex 13.25 -23.399999618530273 18.950000762939453
      vertex 19.42871856689453 -23.399999618530273 3.09999942779541
      vertex 19.42871856689453 -23.399999618530273 19
    endloop
  endfacet
  facet normal 0 0 1
    outer loop
      vertex -8 -19.399999618530273 23
      vertex -7.25 -27.399999618530273 23
      vertex -7.25 -19.399999618530273 23
    endloop
  endfacet
  facet normal 0 0 1
    outer loop
      vertex -7.25 -27.399999618530273 23
      vertex -8 -19.399999618530273 23
      vertex -8 -27.399999618530273 23
    endloop
  endfacet
  facet normal 0 0 1
    outer loop
      vertex 7.25 -19.399999618530273 23
      vertex 8 -27.399999618530273 23
      vertex 8 -19.399999618530273 23
    endloop
  endfacet
  facet normal 0 0 1
    outer loop
      vertex 8 -27.399999618530273 23
      vertex 7.25 -19.399999618530273 23
      vertex 7.25 -27.399999618530273 23
    endloop
  endfacet
  facet normal 0 0 1
    outer loop
      vertex 1.25 -19.399999618530273 23
      vertex 4.75 -27.399999618530273 23
      vertex 4.75 -19.399999618530273 23
    endloop
  endfacet
  facet normal 0 0 1
    outer loop
      vertex 4.75 -27.399999618530273 23
      vertex 1.25 -19.399999618530273 23
      vertex 1.25 -27.399999618530273 23
    endloop
  endfacet
  facet normal 0 0 1
    outer loop
      vertex -4.75 -19.399999618530273 23
      vertex -1.25 -27.399999618530273 23
      vertex -1.25 -19.399999618530273 23
    endloop
  endfacet
  facet normal 0 0 1
    outer loop
      vertex -1.25 -27.399999618530273 23
      vertex -4.75 -19.399999618530273 23
      vertex -4.75 -27.399999618530273 23
    endloop
  endfacet
  facet normal 0 1 0
    outer loop
      vertex 2.4748735427856445 -19.399999618530273 9.474874496459961
      vertex 7.25 -19.399999618530273 23
      vertex 8 -19.399999618530273 23
    endloop
  endfacet
  facet normal 0 1 0
    outer loop
      vertex 7.25 -19.399999618530273 23
      vertex 2.4748735427856445 -19.399999618530273 9.474874496459961
      vertex 4.75 -19.399999618530273 23
    endloop
  endfacet
  facet normal 0 1 0
    outer loop
      vertex 4.75 -19.399999618530273 23
      vertex 1.3393917083740234 -19.399999618530273 10.2335786819458
      vertex 1.25 -19.399999618530273 23
    endloop
  endfacet
  facet normal 0 1 0
    outer loop
      vertex 0 -19.399999618530273 10.5
      vertex 1.25 -19.399999618530273 23
      vertex 1.3393917083740234 -19.399999618530273 10.2335786819458
    endloop
  endfacet
  facet normal 0 1 0
    outer loop
      vertex -1.3393917083740234 -19.399999618530273 10.2335786819458
      vertex -1.25 -19.399999618530273 23
      vertex 0 -19.399999618530273 10.5
    endloop
  endfacet
  facet normal 0 1 0
    outer loop
      vertex -1.25 -19.399999618530273 23
      vertex -1.3393917083740234 -19.399999618530273 10.2335786819458
      vertex -4.75 -19.399999618530273 23
    endloop
  endfacet
  facet normal 0 1 0
    outer loop
      vertex -2.4748735427856445 -19.399999618530273 9.474874496459961
      vertex -4.75 -19.399999618530273 23
      vertex -1.3393917083740234 -19.399999618530273 10.2335786819458
    endloop
  endfacet
  facet normal 0 1 0
    outer loop
      vertex 1.25 -19.399999618530273 23
      vertex 0 -19.399999618530273 10.5
      vertex -1.25 -19.399999618530273 23
    endloop
  endfacet
  facet normal 0 1 0
    outer loop
      vertex 4.75 -19.399999618530273 23
      vertex 2.4748735427856445 -19.399999618530273 9.474874496459961
      vertex 1.3393917083740234 -19.399999618530273 10.2335786819458
    endloop
  endfacet
  facet normal 0 1 0
    outer loop
      vertex 8 -19.399999618530273 23
      vertex 3.2335777282714844 -19.399999618530273 8.33939266204834
      vertex 2.4748735427856445 -19.399999618530273 9.474874496459961
    endloop
  endfacet
  facet normal 0 1 0
    outer loop
      vertex 8 -19.399999618530273 3.09999942779541
      vertex 3.2335777282714844 -19.399999618530273 8.33939266204834
      vertex 8 -19.399999618530273 23
    endloop
  endfacet
  facet normal 0 1 0
    outer loop
      vertex 3.2335777282714844 -19.399999618530273 8.33939266204834
      vertex 8 -19.399999618530273 3.09999942779541
      vertex 3.5 -19.399999618530273 7.050000190734863
    endloop
  endfacet
  facet normal 0 1 0
    outer loop
      vertex 3.5 -19.399999618530273 7.050000190734863
      vertex 8 -19.399999618530273 3.09999942779541
      vertex 3.5 -19.399999618530273 3.09999942779541
    endloop
  endfacet
  facet normal 0 1 0
    outer loop
      vertex 7.25 -19.399999618530273 23
      vertex 4.75 -19.399999618530273 26
      vertex 7.25 -19.399999618530273 26
    endloop
  endfacet
  facet normal 0 1 0
    outer loop
      vertex 4.75 -19.399999618530273 26
      vertex 7.25 -19.399999618530273 23
      vertex 4.75 -19.399999618530273 23
    endloop
  endfacet
  facet normal 0 1 0
    outer loop
      vertex 1.25 -19.399999618530273 23
      vertex -1.25 -19.399999618530273 26
      vertex 1.25 -19.399999618530273 26
    endloop
  endfacet
  facet normal 0 1 0
    outer loop
      vertex -1.25 -19.399999618530273 26
      vertex 1.25 -19.399999618530273 23
      vertex -1.25 -19.399999618530273 23
    endloop
  endfacet
  facet normal 0 1 0
    outer loop
      vertex -4.75 -19.399999618530273 23
      vertex -7.25 -19.399999618530273 26
      vertex -4.75 -19.399999618530273 26
    endloop
  endfacet
  facet normal 0 1 0
    outer loop
      vertex -7.25 -19.399999618530273 26
      vertex -4.75 -19.399999618530273 23
      vertex -7.25 -19.399999618530273 23
    endloop
  endfacet
  facet normal 0 1 0
    outer loop
      vertex -4.75 -19.399999618530273 23
      vertex -2.4748735427856445 -19.399999618530273 9.474874496459961
      vertex -7.25 -19.399999618530273 23
    endloop
  endfacet
  facet normal 0 1 0
    outer loop
      vertex -7.25 -19.399999618530273 23
      vertex -2.4748735427856445 -19.399999618530273 9.474874496459961
      vertex -8 -19.399999618530273 23
    endloop
  endfacet
  facet normal 0 1 0
    outer loop
      vertex -3.2335777282714844 -19.399999618530273 8.33939266204834
      vertex -8 -19.399999618530273 23
      vertex -2.4748735427856445 -19.399999618530273 9.474874496459961
    endloop
  endfacet
  facet normal 0 1 0
    outer loop
      vertex -3.5 -19.399999618530273 7.050000190734863
      vertex -3.2335777282714844 -19.399999618530273 8.33939266204834
      vertex -3.4900543689727783 -19.399999618530273 7.050000190734863
    endloop
  endfacet
  facet normal 0 1 0
    outer loop
      vertex -8 -19.399999618530273 3.09999942779541
      vertex -3.2335777282714844 -19.399999618530273 8.33939266204834
      vertex -3.5 -19.399999618530273 7.050000190734863
    endloop
  endfacet
  facet normal 0 1 0
    outer loop
      vertex -8 -19.399999618530273 3.09999942779541
      vertex -3.5 -19.399999618530273 7.050000190734863
      vertex -3.5 -19.399999618530273 3.09999942779541
    endloop
  endfacet
  facet normal 0 1 0
    outer loop
      vertex -3.2335777282714844 -19.399999618530273 8.33939266204834
      vertex -8 -19.399999618530273 3.09999942779541
      vertex -8 -19.399999618530273 23
    endloop
  endfacet
  facet normal 0 1 0
    outer loop
      vertex 3.2335777282714844 -19.399999618530273 8.33939266204834
      vertex 3.5 -19.399999618530273 7.050000190734863
      vertex 3.4900543689727783 -19.399999618530273 7.050000190734863
    endloop
  endfacet
  facet normal 0 -1 0
    outer loop
      vertex -2.4748735427856445 -27.399999618530273 9.474874496459961
      vertex -7.25 -27.399999618530273 23
      vertex -8 -27.399999618530273 23
    endloop
  endfacet
  facet normal 0 -1 0
    outer loop
      vertex -7.25 -27.399999618530273 23
      vertex -2.4748735427856445 -27.399999618530273 9.474874496459961
      vertex -4.75 -27.399999618530273 23
    endloop
  endfacet
  facet normal 0 -1 0
    outer loop
      vertex -4.75 -27.399999618530273 23
      vertex -1.3393917083740234 -27.399999618530273 10.2335786819458
      vertex -1.25 -27.399999618530273 23
    endloop
  endfacet
  facet normal 0 -1 0
    outer loop
      vertex 0 -27.399999618530273 10.5
      vertex -1.25 -27.399999618530273 23
      vertex -1.3393917083740234 -27.399999618530273 10.2335786819458
    endloop
  endfacet
  facet normal 0 -1 0
    outer loop
      vertex 1.3393917083740234 -27.399999618530273 10.2335786819458
      vertex 1.25 -27.399999618530273 23
      vertex 0 -27.399999618530273 10.5
    endloop
  endfacet
  facet normal 0 -1 0
    outer loop
      vertex 1.25 -27.399999618530273 23
      vertex 1.3393917083740234 -27.399999618530273 10.2335786819458
      vertex 4.75 -27.399999618530273 23
    endloop
  endfacet
  facet normal 0 -1 0
    outer loop
      vertex 2.4748735427856445 -27.399999618530273 9.474874496459961
      vertex 4.75 -27.399999618530273 23
      vertex 1.3393917083740234 -27.399999618530273 10.2335786819458
    endloop
  endfacet
  facet normal 0 -1 0
    outer loop
      vertex -1.25 -27.399999618530273 23
      vertex 0 -27.399999618530273 10.5
      vertex 1.25 -27.399999618530273 23
    endloop
  endfacet
  facet normal 0 -1 0
    outer loop
      vertex -4.75 -27.399999618530273 23
      vertex -2.4748735427856445 -27.399999618530273 9.474874496459961
      vertex -1.3393917083740234 -27.399999618530273 10.2335786819458
    endloop
  endfacet
  facet normal 0 -1 0
    outer loop
      vertex -8 -27.399999618530273 23
      vertex -3.2335777282714844 -27.399999618530273 8.33939266204834
      vertex -2.4748735427856445 -27.399999618530273 9.474874496459961
    endloop
  endfacet
  facet normal 0 -1 0
    outer loop
      vertex -8 -27.399999618530273 3
      vertex -3.2335777282714844 -27.399999618530273 8.33939266204834
      vertex -8 -27.399999618530273 23
    endloop
  endfacet
  facet normal 0 -1 0
    outer loop
      vertex -3.2335777282714844 -27.399999618530273 8.33939266204834
      vertex -8 -27.399999618530273 3
      vertex -3.5 -27.399999618530273 7.050000190734863
    endloop
  endfacet
  facet normal 0 -1 0
    outer loop
      vertex -3.5 -27.399999618530273 7.050000190734863
      vertex -8 -27.399999618530273 3
      vertex -3.5 -27.399999618530273 3
    endloop
  endfacet
  facet normal 0 -1 0
    outer loop
      vertex -7.25 -27.399999618530273 23
      vertex -4.75 -27.399999618530273 26
      vertex -7.25 -27.399999618530273 26
    endloop
  endfacet
  facet normal 0 -1 0
    outer loop
      vertex -4.75 -27.399999618530273 26
      vertex -7.25 -27.399999618530273 23
      vertex -4.75 -27.399999618530273 23
    endloop
  endfacet
  facet normal 0 -1 0
    outer loop
      vertex -1.25 -27.399999618530273 23
      vertex 1.25 -27.399999618530273 26
      vertex -1.25 -27.399999618530273 26
    endloop
  endfacet
  facet normal 0 -1 0
    outer loop
      vertex 1.25 -27.399999618530273 26
      vertex -1.25 -27.399999618530273 23
      vertex 1.25 -27.399999618530273 23
    endloop
  endfacet
  facet normal 0 -1 0
    outer loop
      vertex 4.75 -27.399999618530273 23
      vertex 7.25 -27.399999618530273 26
      vertex 4.75 -27.399999618530273 26
    endloop
  endfacet
  facet normal 0 -1 0
    outer loop
      vertex 7.25 -27.399999618530273 26
      vertex 4.75 -27.399999618530273 23
      vertex 7.25 -27.399999618530273 23
    endloop
  endfacet
  facet normal 0 -1 0
    outer loop
      vertex 4.75 -27.399999618530273 23
      vertex 2.4748735427856445 -27.399999618530273 9.474874496459961
      vertex 7.25 -27.399999618530273 23
    endloop
  endfacet
  facet normal 0 -1 0
    outer loop
      vertex 7.25 -27.399999618530273 23
      vertex 2.4748735427856445 -27.399999618530273 9.474874496459961
      vertex 8 -27.399999618530273 23
    endloop
  endfacet
  facet normal 0 -1 0
    outer loop
      vertex 3.2335777282714844 -27.399999618530273 8.33939266204834
      vertex 8 -27.399999618530273 23
      vertex 2.4748735427856445 -27.399999618530273 9.474874496459961
    endloop
  endfacet
  facet normal 0 -1 0
    outer loop
      vertex 3.5 -27.399999618530273 7.050000190734863
      vertex 3.2335777282714844 -27.399999618530273 8.33939266204834
      vertex 3.4900543689727783 -27.399999618530273 7.050000190734863
    endloop
  endfacet
  facet normal 0 -1 0
    outer loop
      vertex 8 -27.399999618530273 3
      vertex 3.2335777282714844 -27.399999618530273 8.33939266204834
      vertex 3.5 -27.399999618530273 7.050000190734863
    endloop
  endfacet
  facet normal 0 -1 0
    outer loop
      vertex 8 -27.399999618530273 3
      vertex 3.5 -27.399999618530273 7.050000190734863
      vertex 3.5 -27.399999618530273 3
    endloop
  endfacet
  facet normal 0 -1 0
    outer loop
      vertex 3.2335777282714844 -27.399999618530273 8.33939266204834
      vertex 8 -27.399999618530273 3
      vertex 8 -27.399999618530273 23
    endloop
  endfacet
  facet normal 0 -1 0
    outer loop
      vertex -3.2335777282714844 -27.399999618530273 8.33939266204834
      vertex -3.5 -27.399999618530273 7.050000190734863
      vertex -3.4900543689727783 -27.399999618530273 7.050000190734863
    endloop
  endfacet
  facet normal -0.19509014063021796 0 -0.9807853164831138
    outer loop
      vertex 0 -27.399999618530273 10.5
      vertex 1.3393917083740234 -19.399999618530273 10.2335786819458
      vertex 1.3393917083740234 -27.399999618530273 10.2335786819458
    endloop
  endfacet
  facet normal -0.19509014063021796 0 -0.9807853164831138
    outer loop
      vertex 1.3393917083740234 -19.399999618530273 10.2335786819458
      vertex 0 -27.399999618530273 10.5
      vertex 0 -19.399999618530273 10.5
    endloop
  endfacet
  facet normal 0.5555700144639849 0 -0.8314697583366985
    outer loop
      vertex -1.3393917083740234 -27.399999618530273 10.2335786819458
      vertex -1.6889671087265015 -23.899999618530273 10
      vertex -1.3393917083740234 -19.399999618530273 10.2335786819458
    endloop
  endfacet
  facet normal 0.5555699697664094 -6.457491781935758e-9 -0.8314697882026447
    outer loop
      vertex -2.4748735427856445 -27.399999618530273 9.474874496459961
      vertex -1.6889671087265015 -23.899999618530273 10
      vertex -1.3393917083740234 -27.399999618530273 10.2335786819458
    endloop
  endfacet
  facet normal 0.5555699498846863 0 -0.831469801487178
    outer loop
      vertex -1.6889671087265015 -23.899999618530273 10
      vertex -2.4748735427856445 -27.399999618530273 9.474874496459961
      vertex -2.4748735427856445 -23.899999618530273 9.474874496459961
    endloop
  endfacet
  facet normal 0.5555700144639849 0 -0.8314697583366985
    outer loop
      vertex -1.6889671087265015 -22.899999618530273 10
      vertex -1.3393917083740234 -19.399999618530273 10.2335786819458
      vertex -1.6889671087265015 -23.899999618530273 10
    endloop
  endfacet
  facet normal 0.5555699498846863 0 -0.831469801487178
    outer loop
      vertex -2.4748735427856445 -19.399999618530273 9.474874496459961
      vertex -1.6889671087265015 -22.899999618530273 10
      vertex -2.4748735427856445 -22.899999618530273 9.474874496459961
    endloop
  endfacet
  facet normal 0.5555699697664094 6.457491781935758e-9 -0.8314697882026447
    outer loop
      vertex -1.6889671087265015 -22.899999618530273 10
      vertex -2.4748735427856445 -19.399999618530273 9.474874496459961
      vertex -1.3393917083740234 -19.399999618530273 10.2335786819458
    endloop
  endfacet
  facet normal -0.980785203009275 -4.5988293506901215e-9 -0.19509071110141382
    outer loop
      vertex 3.4900543689727783 -19.399999618530273 7.050000190734863
      vertex 3.3999996185302734 -22.899999618530273 7.502735137939453
      vertex 3.2335777282714844 -19.399999618530273 8.33939266204834
    endloop
  endfacet
  facet normal -0.9807852098119821 0 -0.19509067690196286
    outer loop
      vertex 3.4900543689727783 -19.399999618530273 7.050000190734863
      vertex 3.3999996185302734 -23.899999618530273 7.502735137939453
      vertex 3.3999996185302734 -22.899999618530273 7.502735137939453
    endloop
  endfacet
  facet normal -0.9807852098119821 0 -0.19509067690196286
    outer loop
      vertex 3.4900543689727783 -27.399999618530273 7.050000190734863
      vertex 3.3999996185302734 -23.899999618530273 7.502735137939453
      vertex 3.4900543689727783 -19.399999618530273 7.050000190734863
    endloop
  endfacet
  facet normal -0.980785203009275 4.5988293506901215e-9 -0.19509071110141382
    outer loop
      vertex 3.2335777282714844 -27.399999618530273 8.33939266204834
      vertex 3.3999996185302734 -23.899999618530273 7.502735137939453
      vertex 3.4900543689727783 -27.399999618530273 7.050000190734863
    endloop
  endfacet
  facet normal -0.9807851993281705 0 -0.195090729607536
    outer loop
      vertex 3.3999996185302734 -23.899999618530273 7.502735137939453
      vertex 3.2335777282714844 -27.399999618530273 8.33939266204834
      vertex 3.2335777282714844 -23.899999618530273 8.33939266204834
    endloop
  endfacet
  facet normal -0.9807851993281705 0 -0.195090729607536
    outer loop
      vertex 3.2335777282714844 -19.399999618530273 8.33939266204834
      vertex 3.3999996185302734 -22.899999618530273 7.502735137939453
      vertex 3.2335777282714844 -22.899999618530273 8.33939266204834
    endloop
  endfacet
  facet normal -0.5555699498846863 0 -0.831469801487178
    outer loop
      vertex 2.4748735427856445 -27.399999618530273 9.474874496459961
      vertex 1.6889671087265015 -23.899999618530273 10
      vertex 2.4748735427856445 -23.899999618530273 9.474874496459961
    endloop
  endfacet
  facet normal -0.5555700144639849 0 -0.8314697583366985
    outer loop
      vertex 1.6889671087265015 -23.899999618530273 10
      vertex 1.3393917083740234 -27.399999618530273 10.2335786819458
      vertex 1.6889671087265015 -22.899999618530273 10
    endloop
  endfacet
  facet normal -0.5555699697664094 -6.457491781935758e-9 -0.8314697882026447
    outer loop
      vertex 1.3393917083740234 -27.399999618530273 10.2335786819458
      vertex 1.6889671087265015 -23.899999618530273 10
      vertex 2.4748735427856445 -27.399999618530273 9.474874496459961
    endloop
  endfacet
  facet normal -0.5555699498846863 0 -0.831469801487178
    outer loop
      vertex 1.6889671087265015 -22.899999618530273 10
      vertex 2.4748735427856445 -19.399999618530273 9.474874496459961
      vertex 2.4748735427856445 -22.899999618530273 9.474874496459961
    endloop
  endfacet
  facet normal -0.5555699697664094 6.457491781935758e-9 -0.8314697882026447
    outer loop
      vertex 1.6889671087265015 -22.899999618530273 10
      vertex 1.3393917083740234 -19.399999618530273 10.2335786819458
      vertex 2.4748735427856445 -19.399999618530273 9.474874496459961
    endloop
  endfacet
  facet normal -0.5555700144639849 0 -0.8314697583366985
    outer loop
      vertex 1.3393917083740234 -19.399999618530273 10.2335786819458
      vertex 1.6889671087265015 -22.899999618530273 10
      vertex 1.3393917083740234 -27.399999618530273 10.2335786819458
    endloop
  endfacet
  facet normal 0.19509014063021796 0 -0.9807853164831138
    outer loop
      vertex -1.3393917083740234 -27.399999618530273 10.2335786819458
      vertex 0 -19.399999618530273 10.5
      vertex 0 -27.399999618530273 10.5
    endloop
  endfacet
  facet normal 0.19509014063021796 0 -0.9807853164831138
    outer loop
      vertex 0 -19.399999618530273 10.5
      vertex -1.3393917083740234 -27.399999618530273 10.2335786819458
      vertex -1.3393917083740234 -19.399999618530273 10.2335786819458
    endloop
  endfacet
  facet normal 0.8314697882026447 0 -0.5555699697664094
    outer loop
      vertex -2.4748735427856445 -22.899999618530273 9.474874496459961
      vertex -3.2335777282714844 -19.399999618530273 8.33939266204834
      vertex -2.4748735427856445 -19.399999618530273 9.474874496459961
    endloop
  endfacet
  facet normal 0.8314697882026447 0 -0.5555699697664094
    outer loop
      vertex -3.2335777282714844 -19.399999618530273 8.33939266204834
      vertex -2.4748735427856445 -22.899999618530273 9.474874496459961
      vertex -3.2335777282714844 -22.899999618530273 8.33939266204834
    endloop
  endfacet
  facet normal 0.8314697882026447 0 -0.5555699697664094
    outer loop
      vertex -2.4748735427856445 -27.399999618530273 9.474874496459961
      vertex -3.2335777282714844 -23.899999618530273 8.33939266204834
      vertex -2.4748735427856445 -23.899999618530273 9.474874496459961
    endloop
  endfacet
  facet normal 0.8314697882026447 0 -0.5555699697664094
    outer loop
      vertex -3.2335777282714844 -23.899999618530273 8.33939266204834
      vertex -2.4748735427856445 -27.399999618530273 9.474874496459961
      vertex -3.2335777282714844 -27.399999618530273 8.33939266204834
    endloop
  endfacet
  facet normal 0.9807851993281705 0 -0.195090729607536
    outer loop
      vertex -3.2335777282714844 -23.899999618530273 8.33939266204834
      vertex -3.2335777282714844 -27.399999618530273 8.33939266204834
      vertex -3.3999996185302734 -23.899999618530273 7.502735137939453
    endloop
  endfacet
  facet normal 0.9807851993281705 0 -0.195090729607536
    outer loop
      vertex -3.3999996185302734 -22.899999618530273 7.502735137939453
      vertex -3.2335777282714844 -19.399999618530273 8.33939266204834
      vertex -3.2335777282714844 -22.899999618530273 8.33939266204834
    endloop
  endfacet
  facet normal 0.980785203009275 -4.5988293506901215e-9 -0.19509071110141382
    outer loop
      vertex -3.2335777282714844 -19.399999618530273 8.33939266204834
      vertex -3.3999996185302734 -22.899999618530273 7.502735137939453
      vertex -3.4900543689727783 -19.399999618530273 7.050000190734863
    endloop
  endfacet
  facet normal 0.9807852098119821 0 -0.19509067690196286
    outer loop
      vertex -3.3999996185302734 -23.899999618530273 7.502735137939453
      vertex -3.4900543689727783 -19.399999618530273 7.050000190734863
      vertex -3.3999996185302734 -22.899999618530273 7.502735137939453
    endloop
  endfacet
  facet normal 0.9807852098119821 0 -0.19509067690196286
    outer loop
      vertex -3.3999996185302734 -23.899999618530273 7.502735137939453
      vertex -3.4900543689727783 -27.399999618530273 7.050000190734863
      vertex -3.4900543689727783 -19.399999618530273 7.050000190734863
    endloop
  endfacet
  facet normal 0.980785203009275 4.5988293506901215e-9 -0.19509071110141382
    outer loop
      vertex -3.4900543689727783 -27.399999618530273 7.050000190734863
      vertex -3.3999996185302734 -23.899999618530273 7.502735137939453
      vertex -3.2335777282714844 -27.399999618530273 8.33939266204834
    endloop
  endfacet
  facet normal -0.8314697882026447 0 -0.5555699697664094
    outer loop
      vertex 3.2335777282714844 -22.899999618530273 8.33939266204834
      vertex 2.4748735427856445 -19.399999618530273 9.474874496459961
      vertex 3.2335777282714844 -19.399999618530273 8.33939266204834
    endloop
  endfacet
  facet normal -0.8314697882026447 0 -0.5555699697664094
    outer loop
      vertex 2.4748735427856445 -19.399999618530273 9.474874496459961
      vertex 3.2335777282714844 -22.899999618530273 8.33939266204834
      vertex 2.4748735427856445 -22.899999618530273 9.474874496459961
    endloop
  endfacet
  facet normal -0.8314697882026447 0 -0.5555699697664094
    outer loop
      vertex 3.2335777282714844 -27.399999618530273 8.33939266204834
      vertex 2.4748735427856445 -23.899999618530273 9.474874496459961
      vertex 3.2335777282714844 -23.899999618530273 8.33939266204834
    endloop
  endfacet
  facet normal -0.8314697882026447 0 -0.5555699697664094
    outer loop
      vertex 2.4748735427856445 -23.899999618530273 9.474874496459961
      vertex 3.2335777282714844 -27.399999618530273 8.33939266204834
      vertex 2.4748735427856445 -27.399999618530273 9.474874496459961
    endloop
  endfacet
  facet normal -1 0 0
    outer loop
      vertex 3.5 -27 3
      vertex 3.5 -27.399999618530273 3
      vertex 3.5 -27 3.09999942779541
    endloop
  endfacet
  facet normal -1 0 0
    outer loop
      vertex 3.5 -27 3.09999942779541
      vertex 3.5 -19.399999618530273 7.050000190734863
      vertex 3.5 -19.399999618530273 3.09999942779541
    endloop
  endfacet
  facet normal -1 0 0
    outer loop
      vertex 3.5 -27.399999618530273 7.050000190734863
      vertex 3.5 -27 3.09999942779541
      vertex 3.5 -27.399999618530273 3
    endloop
  endfacet
  facet normal -1 0 0
    outer loop
      vertex 3.5 -27 3.09999942779541
      vertex 3.5 -27.399999618530273 7.050000190734863
      vertex 3.5 -19.399999618530273 7.050000190734863
    endloop
  endfacet
  facet normal 0 0 -1
    outer loop
      vertex -3.5 -27.399999618530273 7.050000190734863
      vertex -3.4900543689727783 -19.399999618530273 7.050000190734863
      vertex -3.4900543689727783 -27.399999618530273 7.050000190734863
    endloop
  endfacet
  facet normal 0 0 -1
    outer loop
      vertex -3.4900543689727783 -19.399999618530273 7.050000190734863
      vertex -3.5 -27.399999618530273 7.050000190734863
      vertex -3.5 -19.399999618530273 7.050000190734863
    endloop
  endfacet
  facet normal 0 0 -1
    outer loop
      vertex 3.4900543689727783 -27.399999618530273 7.050000190734863
      vertex 3.5 -19.399999618530273 7.050000190734863
      vertex 3.5 -27.399999618530273 7.050000190734863
    endloop
  endfacet
  facet normal 0 0 -1
    outer loop
      vertex 3.5 -19.399999618530273 7.050000190734863
      vertex 3.4900543689727783 -27.399999618530273 7.050000190734863
      vertex 3.4900543689727783 -19.399999618530273 7.050000190734863
    endloop
  endfacet
  facet normal 1 0 0
    outer loop
      vertex -3.5 -19.399999618530273 7.050000190734863
      vertex -3.5 -27 3.09999942779541
      vertex -3.5 -19.399999618530273 3.09999942779541
    endloop
  endfacet
  facet normal 1 0 0
    outer loop
      vertex -3.5 -27.399999618530273 7.050000190734863
      vertex -3.5 -27 3.09999942779541
      vertex -3.5 -19.399999618530273 7.050000190734863
    endloop
  endfacet
  facet normal 1 0 0
    outer loop
      vertex -3.5 -27.399999618530273 3
      vertex -3.5 -27 3.09999942779541
      vertex -3.5 -27.399999618530273 7.050000190734863
    endloop
  endfacet
  facet normal 1 0 0
    outer loop
      vertex -3.5 -27 3.09999942779541
      vertex -3.5 -27.399999618530273 3
      vertex -3.5 -27 3
    endloop
  endfacet
  facet normal 1 0 0
    outer loop
      vertex -4.75 -27.399999618530273 26
      vertex -4.75 -19.399999618530273 23
      vertex -4.75 -19.399999618530273 26
    endloop
  endfacet
  facet normal 1 0 0
    outer loop
      vertex -4.75 -19.399999618530273 23
      vertex -4.75 -27.399999618530273 26
      vertex -4.75 -27.399999618530273 23
    endloop
  endfacet
  facet normal 0 0 1
    outer loop
      vertex -7.25 -19.399999618530273 26
      vertex -4.75 -27.399999618530273 26
      vertex -4.75 -19.399999618530273 26
    endloop
  endfacet
  facet normal 0 0 1
    outer loop
      vertex -4.75 -27.399999618530273 26
      vertex -7.25 -19.399999618530273 26
      vertex -7.25 -27.399999618530273 26
    endloop
  endfacet
  facet normal -1 0 0
    outer loop
      vertex -7.25 -27.399999618530273 23
      vertex -7.25 -19.399999618530273 26
      vertex -7.25 -19.399999618530273 23
    endloop
  endfacet
  facet normal -1 0 0
    outer loop
      vertex -7.25 -19.399999618530273 26
      vertex -7.25 -27.399999618530273 23
      vertex -7.25 -27.399999618530273 26
    endloop
  endfacet
  facet normal 1 0 0
    outer loop
      vertex 1.25 -27.399999618530273 26
      vertex 1.25 -19.399999618530273 23
      vertex 1.25 -19.399999618530273 26
    endloop
  endfacet
  facet normal 1 0 0
    outer loop
      vertex 1.25 -19.399999618530273 23
      vertex 1.25 -27.399999618530273 26
      vertex 1.25 -27.399999618530273 23
    endloop
  endfacet
  facet normal 0 0 1
    outer loop
      vertex -1.25 -19.399999618530273 26
      vertex 1.25 -27.399999618530273 26
      vertex 1.25 -19.399999618530273 26
    endloop
  endfacet
  facet normal 0 0 1
    outer loop
      vertex 1.25 -27.399999618530273 26
      vertex -1.25 -19.399999618530273 26
      vertex -1.25 -27.399999618530273 26
    endloop
  endfacet
  facet normal -1 0 0
    outer loop
      vertex -1.25 -27.399999618530273 23
      vertex -1.25 -19.399999618530273 26
      vertex -1.25 -19.399999618530273 23
    endloop
  endfacet
  facet normal -1 0 0
    outer loop
      vertex -1.25 -19.399999618530273 26
      vertex -1.25 -27.399999618530273 23
      vertex -1.25 -27.399999618530273 26
    endloop
  endfacet
  facet normal 1 0 0
    outer loop
      vertex 7.25 -27.399999618530273 26
      vertex 7.25 -19.399999618530273 23
      vertex 7.25 -19.399999618530273 26
    endloop
  endfacet
  facet normal 1 0 0
    outer loop
      vertex 7.25 -19.399999618530273 23
      vertex 7.25 -27.399999618530273 26
      vertex 7.25 -27.399999618530273 23
    endloop
  endfacet
  facet normal 0 0 1
    outer loop
      vertex 4.75 -19.399999618530273 26
      vertex 7.25 -27.399999618530273 26
      vertex 7.25 -19.399999618530273 26
    endloop
  endfacet
  facet normal 0 0 1
    outer loop
      vertex 7.25 -27.399999618530273 26
      vertex 4.75 -19.399999618530273 26
      vertex 4.75 -27.399999618530273 26
    endloop
  endfacet
  facet normal -1 0 0
    outer loop
      vertex 4.75 -27.399999618530273 23
      vertex 4.75 -19.399999618530273 26
      vertex 4.75 -19.399999618530273 23
    endloop
  endfacet
  facet normal -1 0 0
    outer loop
      vertex 4.75 -19.399999618530273 26
      vertex 4.75 -27.399999618530273 23
      vertex 4.75 -27.399999618530273 26
    endloop
  endfacet
  facet normal 1 0 0
    outer loop
      vertex 3.3999996185302734 -23.899999618530273 7.502735137939453
      vertex 3.3999996185302734 -22.899999618530273 3.09999942779541
      vertex 3.3999996185302734 -22.899999618530273 7.502735137939453
    endloop
  endfacet
  facet normal 1 0 0
    outer loop
      vertex 3.3999996185302734 -22.899999618530273 3.09999942779541
      vertex 3.3999996185302734 -23.899999618530273 7.502735137939453
      vertex 3.3999996185302734 -23.899999618530273 3.09999942779541
    endloop
  endfacet
  facet normal 0 0 1
    outer loop
      vertex -1.6889671087265015 -22.899999618530273 10
      vertex 1.6889671087265015 -23.899999618530273 10
      vertex 1.6889671087265015 -22.899999618530273 10
    endloop
  endfacet
  facet normal 0 0 1
    outer loop
      vertex 1.6889671087265015 -23.899999618530273 10
      vertex -1.6889671087265015 -22.899999618530273 10
      vertex -1.6889671087265015 -23.899999618530273 10
    endloop
  endfacet
  facet normal -1 0 0
    outer loop
      vertex -3.3999996185302734 -23.899999618530273 3.09999942779541
      vertex -3.3999996185302734 -22.899999618530273 7.502735137939453
      vertex -3.3999996185302734 -22.899999618530273 3.09999942779541
    endloop
  endfacet
  facet normal -1 0 0
    outer loop
      vertex -3.3999996185302734 -22.899999618530273 7.502735137939453
      vertex -3.3999996185302734 -23.899999618530273 3.09999942779541
      vertex -3.3999996185302734 -23.899999618530273 7.502735137939453
    endloop
  endfacet
  facet normal 0 1 0
    outer loop
      vertex 3.3999996185302734 -22.899999618530273 7.502735137939453
      vertex 1.6889671087265015 -22.899999618530273 10
      vertex 2.4748735427856445 -22.899999618530273 9.474874496459961
    endloop
  endfacet
  facet normal 0 1 0
    outer loop
      vertex 1.6889671087265015 -22.899999618530273 10
      vertex 3.3999996185302734 -22.899999618530273 7.502735137939453
      vertex -1.6889671087265015 -22.899999618530273 10
    endloop
  endfacet
  facet normal 0 1 0
    outer loop
      vertex 3.3999996185302734 -22.899999618530273 7.502735137939453
      vertex 2.4748735427856445 -22.899999618530273 9.474874496459961
      vertex 3.2335777282714844 -22.899999618530273 8.33939266204834
    endloop
  endfacet
  facet normal 0 1 0
    outer loop
      vertex -3.3999996185302734 -22.899999618530273 7.502735137939453
      vertex -1.6889671087265015 -22.899999618530273 10
      vertex 3.3999996185302734 -22.899999618530273 7.502735137939453
    endloop
  endfacet
  facet normal 0 1 0
    outer loop
      vertex -1.6889671087265015 -22.899999618530273 10
      vertex -3.3999996185302734 -22.899999618530273 7.502735137939453
      vertex -2.4748735427856445 -22.899999618530273 9.474874496459961
    endloop
  endfacet
  facet normal 0 1 0
    outer loop
      vertex -2.4748735427856445 -22.899999618530273 9.474874496459961
      vertex -3.3999996185302734 -22.899999618530273 7.502735137939453
      vertex -3.2335777282714844 -22.899999618530273 8.33939266204834
    endloop
  endfacet
  facet normal 0 1 0
    outer loop
      vertex 3.3999996185302734 -22.899999618530273 3.09999942779541
      vertex -3.3999996185302734 -22.899999618530273 7.502735137939453
      vertex 3.3999996185302734 -22.899999618530273 7.502735137939453
    endloop
  endfacet
  facet normal 0 1 0
    outer loop
      vertex -3.3999996185302734 -22.899999618530273 7.502735137939453
      vertex 3.3999996185302734 -22.899999618530273 3.09999942779541
      vertex -3.3999996185302734 -22.899999618530273 3.09999942779541
    endloop
  endfacet
  facet normal 0 -1 0
    outer loop
      vertex -3.3999996185302734 -23.899999618530273 7.502735137939453
      vertex -1.6889671087265015 -23.899999618530273 10
      vertex -2.4748735427856445 -23.899999618530273 9.474874496459961
    endloop
  endfacet
  facet normal 0 -1 0
    outer loop
      vertex -1.6889671087265015 -23.899999618530273 10
      vertex -3.3999996185302734 -23.899999618530273 7.502735137939453
      vertex 1.6889671087265015 -23.899999618530273 10
    endloop
  endfacet
  facet normal 0 -1 0
    outer loop
      vertex -3.3999996185302734 -23.899999618530273 7.502735137939453
      vertex -2.4748735427856445 -23.899999618530273 9.474874496459961
      vertex -3.2335777282714844 -23.899999618530273 8.33939266204834
    endloop
  endfacet
  facet normal 0 -1 0
    outer loop
      vertex 3.3999996185302734 -23.899999618530273 7.502735137939453
      vertex 1.6889671087265015 -23.899999618530273 10
      vertex -3.3999996185302734 -23.899999618530273 7.502735137939453
    endloop
  endfacet
  facet normal 0 -1 0
    outer loop
      vertex 1.6889671087265015 -23.899999618530273 10
      vertex 3.3999996185302734 -23.899999618530273 7.502735137939453
      vertex 2.4748735427856445 -23.899999618530273 9.474874496459961
    endloop
  endfacet
  facet normal 0 -1 0
    outer loop
      vertex 2.4748735427856445 -23.899999618530273 9.474874496459961
      vertex 3.3999996185302734 -23.899999618530273 7.502735137939453
      vertex 3.2335777282714844 -23.899999618530273 8.33939266204834
    endloop
  endfacet
  facet normal 0 -1 0
    outer loop
      vertex -3.3999996185302734 -23.899999618530273 3.09999942779541
      vertex 3.3999996185302734 -23.899999618530273 7.502735137939453
      vertex -3.3999996185302734 -23.899999618530273 7.502735137939453
    endloop
  endfacet
  facet normal 0 -1 0
    outer loop
      vertex 3.3999996185302734 -23.899999618530273 7.502735137939453
      vertex -3.3999996185302734 -23.899999618530273 3.09999942779541
      vertex 3.3999996185302734 -23.899999618530273 3.09999942779541
    endloop
  endfacet
  facet normal 1 0 0
    outer loop
      vertex 35 -35 2
      vertex 35 35 0
      vertex 35 35 2
    endloop
  endfacet
  facet normal 1 0 0
    outer loop
      vertex 35 35 0
      vertex 35 -35 2
      vertex 35 -35 0
    endloop
  endfacet
  facet normal 0 0 1
    outer loop
      vertex 35 35 2
      vertex 27 27 2
      vertex 35 -35 2
    endloop
  endfacet
  facet normal 0 0 1
    outer loop
      vertex 35 35 2
      vertex -27 27 2
      vertex 27 27 2
    endloop
  endfacet
  facet normal 0 0 1
    outer loop
      vertex -27 27 2
      vertex -35 35 2
      vertex -27 -27 2
    endloop
  endfacet
  facet normal 0 0 1
    outer loop
      vertex -35 35 2
      vertex -27 27 2
      vertex 35 35 2
    endloop
  endfacet
  facet normal 0 0 1
    outer loop
      vertex 27 -27 2
      vertex 35 -35 2
      vertex 27 27 2
    endloop
  endfacet
  facet normal 0 0 1
    outer loop
      vertex -27 -27 2
      vertex 35 -35 2
      vertex 27 -27 2
    endloop
  endfacet
  facet normal 0 0 1
    outer loop
      vertex -27 -27 2
      vertex -35 -35 2
      vertex 35 -35 2
    endloop
  endfacet
  facet normal 0 0 1
    outer loop
      vertex -35 -35 2
      vertex -27 -27 2
      vertex -35 35 2
    endloop
  endfacet
  facet normal 0 0 -1
    outer loop
      vertex -35 -35 0
      vertex 35 35 0
      vertex 35 -35 0
    endloop
  endfacet
  facet normal 0 0 -1
    outer loop
      vertex 35 35 0
      vertex -35 -35 0
      vertex -35 35 0
    endloop
  endfacet
  facet normal -1 0 0
    outer loop
      vertex -35 -35 0
      vertex -35 35 2
      vertex -35 35 0
    endloop
  endfacet
  facet normal -1 0 0
    outer loop
      vertex -35 35 2
      vertex -35 -35 0
      vertex -35 -35 2
    endloop
  endfacet
  facet normal 0 1 0
    outer loop
      vertex 35 35 0
      vertex -35 35 2
      vertex 35 35 2
    endloop
  endfacet
  facet normal 0 1 0
    outer loop
      vertex -35 35 2
      vertex 35 35 0
      vertex -35 35 0
    endloop
  endfacet
  facet normal 0 -1 0
    outer loop
      vertex -35 -35 0
      vertex 35 -35 2
      vertex -35 -35 2
    endloop
  endfacet
  facet normal 0 -1 0
    outer loop
      vertex 35 -35 2
      vertex -35 -35 0
      vertex 35 -35 0
    endloop
  endfacet
  facet normal 1 0 0
    outer loop
      vertex 27 19.535898208618164 3.09999942779541
      vertex 27 -19.535898208618164 3.09999942779541
      vertex 27 19.535898208618164 3
    endloop
  endfacet
  facet normal 1 0 0
    outer loop
      vertex 27 19.535898208618164 3
      vertex 27 27 2
      vertex 27 27 3
    endloop
  endfacet
  facet normal 1 0 0
    outer loop
      vertex 27 -19.535898208618164 3
      vertex 27 19.535898208618164 3
      vertex 27 -19.535898208618164 3.09999942779541
    endloop
  endfacet
  facet normal 1 0 0
    outer loop
      vertex 27 19.535898208618164 3
      vertex 27 -19.535898208618164 3
      vertex 27 27 2
    endloop
  endfacet
  facet normal 1 0 0
    outer loop
      vertex 27 -27 2
      vertex 27 -19.535898208618164 3
      vertex 27 -27 3
    endloop
  endfacet
  facet normal 1 0 0
    outer loop
      vertex 27 -19.535898208618164 3
      vertex 27 -27 2
      vertex 27 27 2
    endloop
  endfacet
  facet normal 0 0 1
    outer loop
      vertex -27 19.535898208618164 3.09999942779541
      vertex -26.600000381469727 -19.42871856689453 3.09999942779541
      vertex -26.600000381469727 19.42871856689453 3.09999942779541
    endloop
  endfacet
  facet normal 0 0 1
    outer loop
      vertex -26.600000381469727 -19.42871856689453 3.09999942779541
      vertex -27 19.535898208618164 3.09999942779541
      vertex -27 -19.535898208618164 3.09999942779541
    endloop
  endfacet
  facet normal 0 0 1
    outer loop
      vertex 19.535898208618164 27 3.09999942779541
      vertex -19.42871856689453 26.600000381469727 3.09999942779541
      vertex 19.42871856689453 26.600000381469727 3.09999942779541
    endloop
  endfacet
  facet normal 0 0 1
    outer loop
      vertex -19.42871856689453 26.600000381469727 3.09999942779541
      vertex 19.535898208618164 27 3.09999942779541
      vertex -19.535898208618164 27 3.09999942779541
    endloop
  endfacet
  facet normal 0 0 1
    outer loop
      vertex -8 -23.399999618530273 3.09999942779541
      vertex -19 -25 3.09999942779541
      vertex -8 -27 3.09999942779541
    endloop
  endfacet
  facet normal 0 0 1
    outer loop
      vertex -19 -25 3.09999942779541
      vertex -8 -23.399999618530273 3.09999942779541
      vertex -19.42871856689453 -23.399999618530273 3.09999942779541
    endloop
  endfacet
  facet normal 0 0 1
    outer loop
      vertex -8 -27 3.09999942779541
      vertex -19 -25 3.09999942779541
      vertex -19.535898208618164 -27 3.09999942779541
    endloop
  endfacet
  facet normal 0 0 1
    outer loop
      vertex 11 -7 3.09999942779541
      vertex 3.5 -19.399999618530273 3.09999942779541
      vertex 8 -19.399999618530273 3.09999942779541
    endloop
  endfacet
  facet normal 0 0 1
    outer loop
      vertex 3.5 -19.399999618530273 3.09999942779541
      vertex 3.3999996185302734 -22.899999618530273 3.09999942779541
      vertex 3.5 -27 3.09999942779541
    endloop
  endfacet
  facet normal 0 0 1
    outer loop
      vertex 3.5 -19.399999618530273 3.09999942779541
      vertex -3.3999996185302734 -22.899999618530273 3.09999942779541
      vertex 3.3999996185302734 -22.899999618530273 3.09999942779541
    endloop
  endfacet
  facet normal 0 0 1
    outer loop
      vertex -3.5 -19.399999618530273 3.09999942779541
      vertex 3.5 -19.399999618530273 3.09999942779541
      vertex 11 -7 3.09999942779541
    endloop
  endfacet
  facet normal 0 0 1
    outer loop
      vertex -3.3999996185302734 -22.899999618530273 3.09999942779541
      vertex -3.5 -19.399999618530273 3.09999942779541
      vertex -3.3999996185302734 -23.899999618530273 3.09999942779541
    endloop
  endfacet
  facet normal 0 0 1
    outer loop
      vertex 3.5 -19.399999618530273 3.09999942779541
      vertex -3.5 -19.399999618530273 3.09999942779541
      vertex -3.3999996185302734 -22.899999618530273 3.09999942779541
    endloop
  endfacet
  facet normal 0 0 1
    outer loop
      vertex -11 -7 3.09999942779541
      vertex -3.5 -19.399999618530273 3.09999942779541
      vertex 11 -7 3.09999942779541
    endloop
  endfacet
  facet normal 0 0 1
    outer loop
      vertex -3.5 -19.399999618530273 3.09999942779541
      vertex -11 -7 3.09999942779541
      vertex -8 -19.399999618530273 3.09999942779541
    endloop
  endfacet
  facet normal 0 0 1
    outer loop
      vertex -21.60384750366211 -20.200000762939453 3.09999942779541
      vertex -8 -19.399999618530273 3.09999942779541
      vertex -11 -7 3.09999942779541
    endloop
  endfacet
  facet normal 0 0 1
    outer loop
      vertex -22 19.803848266601562 3.09999942779541
      vertex -11 15 3.09999942779541
      vertex -19.803848266601562 22 3.09999942779541
    endloop
  endfacet
  facet normal 0 0 1
    outer loop
      vertex -23.399999618530273 19.42871856689453 3.09999942779541
      vertex -11 15 3.09999942779541
      vertex -22 19.803848266601562 3.09999942779541
    endloop
  endfacet
  facet normal 0 0 1
    outer loop
      vertex -11 15 3.09999942779541
      vertex -23.399999618530273 19.42871856689453 3.09999942779541
      vertex -11 -7 3.09999942779541
    endloop
  endfacet
  facet normal 0 0 1
    outer loop
      vertex -21.60384750366211 -20.200000762939453 3.09999942779541
      vertex -11 -7 3.09999942779541
      vertex -22 -19.803848266601562 3.09999942779541
    endloop
  endfacet
  facet normal 0 0 1
    outer loop
      vertex -8 -19.399999618530273 3.09999942779541
      vertex -21.60384750366211 -20.200000762939453 3.09999942779541
      vertex -8 -20.200000762939453 3.09999942779541
    endloop
  endfacet
  facet normal 0 0 1
    outer loop
      vertex -23.399999618530273 -19.42871856689453 3.09999942779541
      vertex -11 -7 3.09999942779541
      vertex -23.399999618530273 19.42871856689453 3.09999942779541
    endloop
  endfacet
  facet normal 0 0 1
    outer loop
      vertex -11 -7 3.09999942779541
      vertex -23.399999618530273 -19.42871856689453 3.09999942779541
      vertex -22 -19.803848266601562 3.09999942779541
    endloop
  endfacet
  facet normal 0 0 1
    outer loop
      vertex 19.42871856689453 23.399999618530273 3.09999942779541
      vertex -11 15 3.09999942779541
      vertex 11 15 3.09999942779541
    endloop
  endfacet
  facet normal 0 0 1
    outer loop
      vertex -19.803848266601562 22 3.09999942779541
      vertex -11 15 3.09999942779541
      vertex -19.42871856689453 23.399999618530273 3.09999942779541
    endloop
  endfacet
  facet normal 0 0 1
    outer loop
      vertex -19.42871856689453 23.399999618530273 3.09999942779541
      vertex -11 15 3.09999942779541
      vertex 19.42871856689453 23.399999618530273 3.09999942779541
    endloop
  endfacet
  facet normal 0 0 1
    outer loop
      vertex 11 15 3.09999942779541
      vertex 23.399999618530273 19.42871856689453 3.09999942779541
      vertex 22 19.803848266601562 3.09999942779541
    endloop
  endfacet
  facet normal 0 0 1
    outer loop
      vertex 23.399999618530273 19.42871856689453 3.09999942779541
      vertex 11 -7 3.09999942779541
      vertex 23.399999618530273 -19.42871856689453 3.09999942779541
    endloop
  endfacet
  facet normal 0 0 1
    outer loop
      vertex 23.399999618530273 -19.42871856689453 3.09999942779541
      vertex 11 -7 3.09999942779541
      vertex 22 -19.803848266601562 3.09999942779541
    endloop
  endfacet
  facet normal 0 0 1
    outer loop
      vertex 11 15 3.09999942779541
      vertex 22 19.803848266601562 3.09999942779541
      vertex 19.803848266601562 22 3.09999942779541
    endloop
  endfacet
  facet normal 0 0 1
    outer loop
      vertex 11 15 3.09999942779541
      vertex 19.803848266601562 22 3.09999942779541
      vertex 19.42871856689453 23.399999618530273 3.09999942779541
    endloop
  endfacet
  facet normal 0 0 1
    outer loop
      vertex 23.399999618530273 19.42871856689453 3.09999942779541
      vertex 11 15 3.09999942779541
      vertex 11 -7 3.09999942779541
    endloop
  endfacet
  facet normal 0 0 1
    outer loop
      vertex 22 -19.803848266601562 3.09999942779541
      vertex 11 -7 3.09999942779541
      vertex 21.60384750366211 -20.200000762939453 3.09999942779541
    endloop
  endfacet
  facet normal 0 0 1
    outer loop
      vertex 8 -19.399999618530273 3.09999942779541
      vertex 21.60384750366211 -20.200000762939453 3.09999942779541
      vertex 11 -7 3.09999942779541
    endloop
  endfacet
  facet normal 0 0 1
    outer loop
      vertex 21.60384750366211 -20.200000762939453 3.09999942779541
      vertex 8 -19.399999618530273 3.09999942779541
      vertex 8 -20.200000762939453 3.09999942779541
    endloop
  endfacet
  facet normal 0 0 1
    outer loop
      vertex 3.3999996185302734 -23.899999618530273 3.09999942779541
      vertex 3.5 -27 3.09999942779541
      vertex 3.3999996185302734 -22.899999618530273 3.09999942779541
    endloop
  endfacet
  facet normal 0 0 1
    outer loop
      vertex -3.3999996185302734 -23.899999618530273 3.09999942779541
      vertex 3.5 -27 3.09999942779541
      vertex 3.3999996185302734 -23.899999618530273 3.09999942779541
    endloop
  endfacet
  facet normal 0 0 1
    outer loop
      vertex -3.3999996185302734 -23.899999618530273 3.09999942779541
      vertex -3.5 -27 3.09999942779541
      vertex 3.5 -27 3.09999942779541
    endloop
  endfacet
  facet normal 0 0 1
    outer loop
      vertex -3.5 -27 3.09999942779541
      vertex -3.3999996185302734 -23.899999618530273 3.09999942779541
      vertex -3.5 -19.399999618530273 3.09999942779541
    endloop
  endfacet
  facet normal 0 0 1
    outer loop
      vertex 19.42871856689453 -23.399999618530273 3.09999942779541
      vertex 8 -23.399999618530273 3.09999942779541
      vertex 19 -25 3.09999942779541
    endloop
  endfacet
  facet normal 0 0 1
    outer loop
      vertex 8 -27 3.09999942779541
      vertex 19 -25 3.09999942779541
      vertex 8 -23.399999618530273 3.09999942779541
    endloop
  endfacet
  facet normal 0 0 1
    outer loop
      vertex 19 -25 3.09999942779541
      vertex 8 -27 3.09999942779541
      vertex 19.535898208618164 -27 3.09999942779541
    endloop
  endfacet
  facet normal 0 0 1
    outer loop
      vertex 26.600000381469727 19.42871856689453 3.09999942779541
      vertex 27 -19.535898208618164 3.09999942779541
      vertex 27 19.535898208618164 3.09999942779541
    endloop
  endfacet
  facet normal 0 0 1
    outer loop
      vertex 27 -19.535898208618164 3.09999942779541
      vertex 26.600000381469727 19.42871856689453 3.09999942779541
      vertex 26.600000381469727 -19.42871856689453 3.09999942779541
    endloop
  endfacet
  facet normal -1 0 0
    outer loop
      vertex -27 27 2
      vertex -27 19.535898208618164 3
      vertex -27 27 3
    endloop
  endfacet
  facet normal -1 0 0
    outer loop
      vertex -27 19.535898208618164 3
      vertex -27 -19.535898208618164 3
      vertex -27 19.535898208618164 3.09999942779541
    endloop
  endfacet
  facet normal -1 0 0
    outer loop
      vertex -27 27 2
      vertex -27 -19.535898208618164 3
      vertex -27 19.535898208618164 3
    endloop
  endfacet
  facet normal -1 0 0
    outer loop
      vertex -27 -27 2
      vertex -27 -19.535898208618164 3
      vertex -27 27 2
    endloop
  endfacet
  facet normal -1 0 0
    outer loop
      vertex -27 -19.535898208618164 3
      vertex -27 -27 2
      vertex -27 -27 3
    endloop
  endfacet
  facet normal -1 0 0
    outer loop
      vertex -27 19.535898208618164 3.09999942779541
      vertex -27 -19.535898208618164 3
      vertex -27 -19.535898208618164 3.09999942779541
    endloop
  endfacet
  facet normal 0 1 0
    outer loop
      vertex 27 27 2
      vertex 19.535898208618164 27 3
      vertex 27 27 3
    endloop
  endfacet
  facet normal 0 1 0
    outer loop
      vertex 19.535898208618164 27 3
      vertex 27 27 2
      vertex -19.535898208618164 27 3
    endloop
  endfacet
  facet normal 0 1 0
    outer loop
      vertex -27 27 2
      vertex -19.535898208618164 27 3
      vertex 27 27 2
    endloop
  endfacet
  facet normal 0 1 0
    outer loop
      vertex -19.535898208618164 27 3
      vertex -27 27 2
      vertex -27 27 3
    endloop
  endfacet
  facet normal 0 1 0
    outer loop
      vertex 19.535898208618164 27 3
      vertex -19.535898208618164 27 3.09999942779541
      vertex 19.535898208618164 27 3.09999942779541
    endloop
  endfacet
  facet normal 0 1 0
    outer loop
      vertex -19.535898208618164 27 3.09999942779541
      vertex 19.535898208618164 27 3
      vertex -19.535898208618164 27 3
    endloop
  endfacet
  facet normal 0 -1 0
    outer loop
      vertex -27 -27 2
      vertex -19.535898208618164 -27 3
      vertex -27 -27 3
    endloop
  endfacet
  facet normal 0 -1 0
    outer loop
      vertex -19.535898208618164 -27 3
      vertex -27 -27 2
      vertex -8 -27 3
    endloop
  endfacet
  facet normal 0 -1 0
    outer loop
      vertex -8 -27 3
      vertex -27 -27 2
      vertex -3.5 -27 3
    endloop
  endfacet
  facet normal 0 -1 0
    outer loop
      vertex -3.5 -27 3
      vertex -27 -27 2
      vertex 3.5 -27 3
    endloop
  endfacet
  facet normal 0 -1 0
    outer loop
      vertex 27 -27 2
      vertex 3.5 -27 3
      vertex -27 -27 2
    endloop
  endfacet
  facet normal 0 -1 0
    outer loop
      vertex 3.5 -27 3
      vertex 27 -27 2
      vertex 8 -27 3
    endloop
  endfacet
  facet normal 0 -1 0
    outer loop
      vertex 8 -27 3
      vertex 27 -27 2
      vertex 19.535898208618164 -27 3
    endloop
  endfacet
  facet normal 0 -1 0
    outer loop
      vertex 19.535898208618164 -27 3
      vertex 27 -27 2
      vertex 27 -27 3
    endloop
  endfacet
  facet normal 0 -1 0
    outer loop
      vertex -19.535898208618164 -27 3
      vertex -8 -27 3.09999942779541
      vertex -19.535898208618164 -27 3.09999942779541
    endloop
  endfacet
  facet normal 0 -1 0
    outer loop
      vertex -8 -27 3.09999942779541
      vertex -19.535898208618164 -27 3
      vertex -8 -27 3
    endloop
  endfacet
  facet normal 0 -1 0
    outer loop
      vertex -3.5 -27 3
      vertex 3.5 -27 3.09999942779541
      vertex -3.5 -27 3.09999942779541
    endloop
  endfacet
  facet normal 0 -1 0
    outer loop
      vertex 3.5 -27 3.09999942779541
      vertex -3.5 -27 3
      vertex 3.5 -27 3
    endloop
  endfacet
  facet normal 0 -1 0
    outer loop
      vertex 8 -27 3
      vertex 19.535898208618164 -27 3.09999942779541
      vertex 8 -27 3.09999942779541
    endloop
  endfacet
  facet normal 0 -1 0
    outer loop
      vertex 19.535898208618164 -27 3.09999942779541
      vertex 8 -27 3
      vertex 19.535898208618164 -27 3
    endloop
  endfacet
endsolid OpenSCAD_Model
