solid OpenSCAD_Model
  facet normal 1 0 0
    outer loop
      vertex -16 -27.099998474121094 35.5
      vertex -16 -24.900001525878906 31.5
      vertex -16 -24.900001525878906 35.5
    endloop
  endfacet
  facet normal 1 0 0
    outer loop
      vertex -16 -24.900001525878906 31.5
      vertex -16 -27.099998474121094 35.5
      vertex -16 -27.099998474121094 31.5
    endloop
  endfacet
  facet normal 0 0 1
    outer loop
      vertex -18.200000762939453 -24.900001525878906 35.5
      vertex -16 -27.099998474121094 35.5
      vertex -16 -24.900001525878906 35.5
    endloop
  endfacet
  facet normal 0 0 1
    outer loop
      vertex -16 -27.099998474121094 35.5
      vertex -18.200000762939453 -24.900001525878906 35.5
      vertex -18.200000762939453 -27.099998474121094 35.5
    endloop
  endfacet
  facet normal 0 0 -1
    outer loop
      vertex -16 -27.099998474121094 31.5
      vertex -16.299999237060547 -26 31.5
      vertex -16 -24.900001525878906 31.5
    endloop
  endfacet
  facet normal 0 0 -1
    outer loop
      vertex -16.299999237060547 -26 31.5
      vertex -16 -27.099998474121094 31.5
      vertex -16.408340454101562 -27.099998474121094 31.5
    endloop
  endfacet
  facet normal 0 0 -1
    outer loop
      vertex -16 -24.900001525878906 31.5
      vertex -16.299999237060547 -26 31.5
      vertex -16.408340454101562 -24.900001525878906 31.5
    endloop
  endfacet
  facet normal -1 0 0
    outer loop
      vertex -18.200000762939453 -26 32.66990280151367
      vertex -18.200000762939453 -24.900001525878906 35.5
      vertex -18.200000762939453 -24.900001525878906 32.55419921875
    endloop
  endfacet
  facet normal -1 0 0
    outer loop
      vertex -18.200000762939453 -27.099998474121094 35.5
      vertex -18.200000762939453 -26 32.66990280151367
      vertex -18.200000762939453 -27.099998474121094 32.55419921875
    endloop
  endfacet
  facet normal -1 0 0
    outer loop
      vertex -18.200000762939453 -26 32.66990280151367
      vertex -18.200000762939453 -27.099998474121094 35.5
      vertex -18.200000762939453 -24.900001525878906 35.5
    endloop
  endfacet
  facet normal 0 1 0
    outer loop
      vertex -16.408340454101562 -24.900001525878906 32.5
      vertex -18.200000762939453 -24.900001525878906 35.5
      vertex -16 -24.900001525878906 35.5
    endloop
  endfacet
  facet normal 0 1 0
    outer loop
      vertex -18.200000762939453 -24.900001525878906 35.5
      vertex -16.408340454101562 -24.900001525878906 32.5
      vertex -18.200000762939453 -24.900001525878906 32.55419921875
    endloop
  endfacet
  facet normal 0 1 0
    outer loop
      vertex -16 -24.900001525878906 31.5
      vertex -16.408340454101562 -24.900001525878906 32.5
      vertex -16 -24.900001525878906 35.5
    endloop
  endfacet
  facet normal 0 1 0
    outer loop
      vertex -16.408340454101562 -24.900001525878906 32.5
      vertex -16 -24.900001525878906 31.5
      vertex -16.408340454101562 -24.900001525878906 31.5
    endloop
  endfacet
  facet normal 0 1 0
    outer loop
      vertex -18.200000762939453 -24.900001525878906 32.55419921875
      vertex -16.408340454101562 -24.900001525878906 32.5
      vertex -18.149250030517578 -24.900001525878906 32.5
    endloop
  endfacet
  facet normal 0 -1 0
    outer loop
      vertex -16.408340454101562 -27.099998474121094 32.5
      vertex -18.200000762939453 -27.099998474121094 35.5
      vertex -18.200000762939453 -27.099998474121094 32.55419921875
    endloop
  endfacet
  facet normal 0 -1 0
    outer loop
      vertex -16.408340454101562 -27.099998474121094 32.5
      vertex -18.200000762939453 -27.099998474121094 32.55419921875
      vertex -18.149250030517578 -27.099998474121094 32.5
    endloop
  endfacet
  facet normal 0 -1 0
    outer loop
      vertex -18.200000762939453 -27.099998474121094 35.5
      vertex -16.408340454101562 -27.099998474121094 32.5
      vertex -16 -27.099998474121094 35.5
    endloop
  endfacet
  facet normal 0 -1 0
    outer loop
      vertex -16 -27.099998474121094 31.5
      vertex -16.408340454101562 -27.099998474121094 32.5
      vertex -16.408340454101562 -27.099998474121094 31.5
    endloop
  endfacet
  facet normal 0 -1 0
    outer loop
      vertex -16.408340454101562 -27.099998474121094 32.5
      vertex -16 -27.099998474121094 31.5
      vertex -16 -27.099998474121094 35.5
    endloop
  endfacet
  facet normal 0 0 1
    outer loop
      vertex -18.556394577026367 -19.232229232788086 35.5
      vertex -19.04310417175293 -22.305194854736328 35.5
      vertex -17.263267517089844 -21.012065887451172 35.5
    endloop
  endfacet
  facet normal 0 0 1
    outer loop
      vertex -19.04310417175293 -22.305194854736328 35.5
      vertex -18.556394577026367 -19.232229232788086 35.5
      vertex -20.336231231689453 -20.52535629272461 35.5
    endloop
  endfacet
  facet normal -0.8090167774323765 -0.5877855508881895 0
    outer loop
      vertex -19.509532928466797 -21.6632080078125 32.663475036621094
      vertex -20.336231231689453 -20.52535629272461 35.5
      vertex -20.336231231689453 -20.52535629272461 32.574623107910156
    endloop
  endfacet
  facet normal -0.8090181868798147 -0.5877836109468324 0
    outer loop
      vertex -19.04310417175293 -22.305194854736328 35.5
      vertex -19.509532928466797 -21.6632080078125 32.663475036621094
      vertex -19.04310417175293 -22.305194854736328 32.54680252075195
    endloop
  endfacet
  facet normal -0.8090172858192327 -0.5877848511534624 -4.288616975155029e-7
    outer loop
      vertex -19.509532928466797 -21.6632080078125 32.663475036621094
      vertex -19.04310417175293 -22.305194854736328 35.5
      vertex -20.336231231689453 -20.52535629272461 35.5
    endloop
  endfacet
  facet normal -0.5877852634253671 0.8090169862864208 -9.502239099601715e-8
    outer loop
      vertex -18.87579917907715 -19.464290618896484 32.5
      vertex -20.336231231689453 -20.52535629272461 35.5
      vertex -18.556394577026367 -19.232229232788086 35.5
    endloop
  endfacet
  facet normal -0.5877851356693985 0.8090170791065581 0
    outer loop
      vertex -20.336231231689453 -20.52535629272461 35.5
      vertex -18.87579917907715 -19.464290618896484 32.5
      vertex -20.336231231689453 -20.52535629272461 32.574623107910156
    endloop
  endfacet
  facet normal -0.5877858475707929 0.8090165618795975 0
    outer loop
      vertex -18.556394577026367 -19.232229232788086 31.5
      vertex -18.87579917907715 -19.464290618896484 32.5
      vertex -18.556394577026367 -19.232229232788086 35.5
    endloop
  endfacet
  facet normal -0.5877858475707929 0.8090165618795975 0
    outer loop
      vertex -18.87579917907715 -19.464290618896484 32.5
      vertex -18.556394577026367 -19.232229232788086 31.5
      vertex -18.87579917907715 -19.464290618896484 31.5
    endloop
  endfacet
  facet normal -0.5877854370514819 0.8090168600894382 -0.000009012484490446893
    outer loop
      vertex -20.336231231689453 -20.52535629272461 32.574623107910156
      vertex -18.87579917907715 -19.464290618896484 32.5
      vertex -20.279876708984375 -20.484413146972656 32.5
    endloop
  endfacet
  facet normal 0 0 -1
    outer loop
      vertex -17.93474578857422 -20.61096954345703 31.5
      vertex -17.263267517089844 -21.012065887451172 31.5
      vertex -17.592498779296875 -21.25126838684082 31.5
    endloop
  endfacet
  facet normal 0 0 -1
    outer loop
      vertex -17.93474578857422 -20.61096954345703 31.5
      vertex -18.556394577026367 -19.232229232788086 31.5
      vertex -17.263267517089844 -21.012065887451172 31.5
    endloop
  endfacet
  facet normal 0 0 -1
    outer loop
      vertex -18.556394577026367 -19.232229232788086 31.5
      vertex -17.93474578857422 -20.61096954345703 31.5
      vertex -18.87579917907715 -19.464290618896484 31.5
    endloop
  endfacet
  facet normal 0.5877852372980412 -0.8090170052690395 0
    outer loop
      vertex -17.592498779296875 -21.25126838684082 32.5
      vertex -19.04310417175293 -22.305194854736328 35.5
      vertex -19.04310417175293 -22.305194854736328 32.54680252075195
    endloop
  endfacet
  facet normal 0.5877853666068642 -0.8090169112974905 0.0000061239261080110895
    outer loop
      vertex -17.592498779296875 -21.25126838684082 32.5
      vertex -19.04310417175293 -22.305194854736328 32.54680252075195
      vertex -19.007484436035156 -22.279315948486328 32.5
    endloop
  endfacet
  facet normal 0.5877858308686812 -0.8090165740142915 4.3851585484536994e-7
    outer loop
      vertex -19.04310417175293 -22.305194854736328 35.5
      vertex -17.592498779296875 -21.25126838684082 32.5
      vertex -17.263267517089844 -21.012065887451172 35.5
    endloop
  endfacet
  facet normal 0.5877884461523698 -0.8090146738902717 0
    outer loop
      vertex -17.263267517089844 -21.012065887451172 31.5
      vertex -17.592498779296875 -21.25126838684082 32.5
      vertex -17.592498779296875 -21.25126838684082 31.5
    endloop
  endfacet
  facet normal 0.5877884461523698 -0.8090146738902717 0
    outer loop
      vertex -17.592498779296875 -21.25126838684082 32.5
      vertex -17.263267517089844 -21.012065887451172 31.5
      vertex -17.263267517089844 -21.012065887451172 35.5
    endloop
  endfacet
  facet normal 0.8090169862864244 0.5877852634253697 0
    outer loop
      vertex -17.263267517089844 -21.012065887451172 35.5
      vertex -18.556394577026367 -19.232229232788086 31.5
      vertex -18.556394577026367 -19.232229232788086 35.5
    endloop
  endfacet
  facet normal 0.8090169862864244 0.5877852634253697 0
    outer loop
      vertex -18.556394577026367 -19.232229232788086 31.5
      vertex -17.263267517089844 -21.012065887451172 35.5
      vertex -17.263267517089844 -21.012065887451172 31.5
    endloop
  endfacet
  facet normal 0 0 1
    outer loop
      vertex -23.95599365234375 -16.149517059326172 35.5
      vertex -22.543506622314453 -18.92167854309082 35.5
      vertex -21.86366844177246 -16.82935333251953 35.5
    endloop
  endfacet
  facet normal 0 0 1
    outer loop
      vertex -22.543506622314453 -18.92167854309082 35.5
      vertex -23.95599365234375 -16.149517059326172 35.5
      vertex -24.63582992553711 -18.241840362548828 35.5
    endloop
  endfacet
  facet normal -0.30901745832126093 -0.9510563655497329 2.5723440774192643e-8
    outer loop
      vertex -24.63582992553711 -18.241840362548828 35.5
      vertex -23.00583839416504 -18.77145767211914 32.64414596557617
      vertex -22.543506622314453 -18.92167854309082 35.5
    endloop
  endfacet
  facet normal -0.3090170800981052 -0.9510564884419702 2.643863376593256e-7
    outer loop
      vertex -24.63582992553711 -18.241840362548828 35.5
      vertex -24.467674255371094 -18.296478271484375 32.611759185791016
      vertex -23.00583839416504 -18.77145767211914 32.64414596557617
    endloop
  endfacet
  facet normal -0.30902118755113817 -0.9510551538393998 0
    outer loop
      vertex -24.467674255371094 -18.296478271484375 32.611759185791016
      vertex -24.63582992553711 -18.241840362548828 35.5
      vertex -24.63582992553711 -18.241840362548828 32.57109832763672
    endloop
  endfacet
  facet normal -0.309017314599056 -0.951056412247974 0
    outer loop
      vertex -22.543506622314453 -18.92167854309082 35.5
      vertex -23.00583839416504 -18.77145767211914 32.64414596557617
      vertex -22.543506622314453 -18.92167854309082 32.55243682861328
    endloop
  endfacet
  facet normal -0.9510575133738786 0.3090139256653247 0
    outer loop
      vertex -24.069231033325195 -16.498029708862305 32.5
      vertex -23.95599365234375 -16.149517059326172 31.5
      vertex -24.069231033325195 -16.498029708862305 31.5
    endloop
  endfacet
  facet normal -0.9510575133738786 0.3090139256653247 0
    outer loop
      vertex -23.95599365234375 -16.149517059326172 31.5
      vertex -24.069231033325195 -16.498029708862305 32.5
      vertex -23.95599365234375 -16.149517059326172 35.5
    endloop
  endfacet
  facet normal -0.9510564043877212 0.3090173387745692 0.0000031276660059417447
    outer loop
      vertex -24.63582992553711 -18.241840362548828 32.57109832763672
      vertex -24.069231033325195 -16.498029708862305 32.5
      vertex -24.614870071411133 -18.177331924438477 32.5
    endloop
  endfacet
  facet normal -0.951056441869776 0.30901722343261323 0
    outer loop
      vertex -24.63582992553711 -18.241840362548828 35.5
      vertex -24.069231033325195 -16.498029708862305 32.5
      vertex -24.63582992553711 -18.241840362548828 32.57109832763672
    endloop
  endfacet
  facet normal -0.9510566203478913 0.3090166741331646 -3.5299991099621206e-7
    outer loop
      vertex -24.069231033325195 -16.498029708862305 32.5
      vertex -24.63582992553711 -18.241840362548828 35.5
      vertex -23.95599365234375 -16.149517059326172 35.5
    endloop
  endfacet
  facet normal 0 0 -1
    outer loop
      vertex -22.28797149658203 -17.038368225097656 31.5
      vertex -21.86366844177246 -16.82935333251953 31.5
      vertex -21.984317779541016 -17.20067596435547 31.5
    endloop
  endfacet
  facet normal 0 0 -1
    outer loop
      vertex -22.28797149658203 -17.038368225097656 31.5
      vertex -23.95599365234375 -16.149517059326172 31.5
      vertex -21.86366844177246 -16.82935333251953 31.5
    endloop
  endfacet
  facet normal 0 0 -1
    outer loop
      vertex -23.95599365234375 -16.149517059326172 31.5
      vertex -22.28797149658203 -17.038368225097656 31.5
      vertex -24.069231033325195 -16.498029708862305 31.5
    endloop
  endfacet
  facet normal 0.95105704243654 -0.30901537507357374 0
    outer loop
      vertex -21.86366844177246 -16.82935333251953 35.5
      vertex -21.984317779541016 -17.20067596435547 32.5
      vertex -21.86366844177246 -16.82935333251953 31.5
    endloop
  endfacet
  facet normal 0.9510564483387807 -0.309017203522978 2.502073820663407e-7
    outer loop
      vertex -22.543506622314453 -18.92167854309082 35.5
      vertex -21.984317779541016 -17.20067596435547 32.5
      vertex -21.86366844177246 -16.82935333251953 35.5
    endloop
  endfacet
  facet normal 0.951056320156226 -0.309017598027844 0
    outer loop
      vertex -21.984317779541016 -17.20067596435547 32.5
      vertex -22.543506622314453 -18.92167854309082 35.5
      vertex -22.543506622314453 -18.92167854309082 32.55243682861328
    endloop
  endfacet
  facet normal 0.9510563902472176 -0.30901738221111946 0.000007830665026767654
    outer loop
      vertex -21.984317779541016 -17.20067596435547 32.5
      vertex -22.543506622314453 -18.92167854309082 32.55243682861328
      vertex -22.528167724609375 -18.87447166442871 32.5
    endloop
  endfacet
  facet normal 0.95105704243654 -0.30901537507357374 0
    outer loop
      vertex -21.86366844177246 -16.82935333251953 31.5
      vertex -21.984317779541016 -17.20067596435547 32.5
      vertex -21.984317779541016 -17.20067596435547 31.5
    endloop
  endfacet
  facet normal 0.3090164193354205 0.9510567031366298 0
    outer loop
      vertex -21.86366844177246 -16.82935333251953 31.5
      vertex -23.95599365234375 -16.149517059326172 35.5
      vertex -21.86366844177246 -16.82935333251953 35.5
    endloop
  endfacet
  facet normal 0.3090164193354205 0.9510567031366298 0
    outer loop
      vertex -23.95599365234375 -16.149517059326172 35.5
      vertex -21.86366844177246 -16.82935333251953 31.5
      vertex -23.95599365234375 -16.149517059326172 31.5
    endloop
  endfacet
  facet normal 0 0 1
    outer loop
      vertex -28.04400634765625 -16.149517059326172 35.5
      vertex -29.456493377685547 -18.92167854309082 35.5
      vertex -27.36417007446289 -18.241840362548828 35.5
    endloop
  endfacet
  facet normal 0 0 1
    outer loop
      vertex -29.456493377685547 -18.92167854309082 35.5
      vertex -28.04400634765625 -16.149517059326172 35.5
      vertex -30.13633155822754 -16.82935333251953 35.5
    endloop
  endfacet
  facet normal 0.30901745832125277 -0.9510563655497076 2.3210794766414164e-7
    outer loop
      vertex -29.456493377685547 -18.92167854309082 35.5
      vertex -28.994159698486328 -18.77145767211914 32.64414596557617
      vertex -27.36417007446289 -18.241840362548828 35.5
    endloop
  endfacet
  facet normal 0.3090161614905441 -0.9510567869152977 0
    outer loop
      vertex -28.994159698486328 -18.77145767211914 32.64414596557617
      vertex -29.456493377685547 -18.92167854309082 35.5
      vertex -29.456493377685547 -18.92167854309082 32.55243682861328
    endloop
  endfacet
  facet normal 0.30901744432100176 -0.9510563700986701 2.409422483098536e-7
    outer loop
      vertex -27.532325744628906 -18.296478271484375 32.611759185791016
      vertex -27.36417007446289 -18.241840362548828 35.5
      vertex -28.994159698486328 -18.77145767211914 32.64414596557617
    endloop
  endfacet
  facet normal 0.30902118755113817 -0.9510551538393998 0
    outer loop
      vertex -27.36417007446289 -18.241840362548828 35.5
      vertex -27.532325744628906 -18.296478271484375 32.611759185791016
      vertex -27.36417007446289 -18.241840362548828 32.57109832763672
    endloop
  endfacet
  facet normal -0.95105704243654 -0.30901537507357374 0
    outer loop
      vertex -30.015682220458984 -17.20067596435547 32.5
      vertex -30.13633155822754 -16.82935333251953 31.5
      vertex -30.015682220458984 -17.20067596435547 31.5
    endloop
  endfacet
  facet normal -0.95105704243654 -0.30901537507357374 0
    outer loop
      vertex -30.13633155822754 -16.82935333251953 31.5
      vertex -30.015682220458984 -17.20067596435547 32.5
      vertex -30.13633155822754 -16.82935333251953 35.5
    endloop
  endfacet
  facet normal -0.9510563902472176 -0.30901738221111946 0.000007830665026767654
    outer loop
      vertex -29.456493377685547 -18.92167854309082 32.55243682861328
      vertex -30.015682220458984 -17.20067596435547 32.5
      vertex -29.471832275390625 -18.87447166442871 32.5
    endloop
  endfacet
  facet normal -0.951056320156226 -0.309017598027844 0
    outer loop
      vertex -29.456493377685547 -18.92167854309082 35.5
      vertex -30.015682220458984 -17.20067596435547 32.5
      vertex -29.456493377685547 -18.92167854309082 32.55243682861328
    endloop
  endfacet
  facet normal -0.9510564483387807 -0.309017203522978 2.502073820663407e-7
    outer loop
      vertex -30.015682220458984 -17.20067596435547 32.5
      vertex -29.456493377685547 -18.92167854309082 35.5
      vertex -30.13633155822754 -16.82935333251953 35.5
    endloop
  endfacet
  facet normal 0 0 -1
    outer loop
      vertex -29.71202850341797 -17.038368225097656 31.5
      vertex -28.04400634765625 -16.149517059326172 31.5
      vertex -27.930768966674805 -16.498029708862305 31.5
    endloop
  endfacet
  facet normal 0 0 -1
    outer loop
      vertex -29.71202850341797 -17.038368225097656 31.5
      vertex -30.13633155822754 -16.82935333251953 31.5
      vertex -28.04400634765625 -16.149517059326172 31.5
    endloop
  endfacet
  facet normal 0 0 -1
    outer loop
      vertex -30.13633155822754 -16.82935333251953 31.5
      vertex -29.71202850341797 -17.038368225097656 31.5
      vertex -30.015682220458984 -17.20067596435547 31.5
    endloop
  endfacet
  facet normal 0.9510575133738786 0.3090139256653247 0
    outer loop
      vertex -28.04400634765625 -16.149517059326172 35.5
      vertex -27.930768966674805 -16.498029708862305 32.5
      vertex -28.04400634765625 -16.149517059326172 31.5
    endloop
  endfacet
  facet normal 0.9510566203478913 0.3090166741331646 -3.5299991099621206e-7
    outer loop
      vertex -27.36417007446289 -18.241840362548828 35.5
      vertex -27.930768966674805 -16.498029708862305 32.5
      vertex -28.04400634765625 -16.149517059326172 35.5
    endloop
  endfacet
  facet normal 0.951056441869776 0.30901722343261323 0
    outer loop
      vertex -27.930768966674805 -16.498029708862305 32.5
      vertex -27.36417007446289 -18.241840362548828 35.5
      vertex -27.36417007446289 -18.241840362548828 32.57109832763672
    endloop
  endfacet
  facet normal 0.9510564043877212 0.3090173387745692 0.0000031276660059417447
    outer loop
      vertex -27.930768966674805 -16.498029708862305 32.5
      vertex -27.36417007446289 -18.241840362548828 32.57109832763672
      vertex -27.385129928588867 -18.177331924438477 32.5
    endloop
  endfacet
  facet normal 0.9510575133738786 0.3090139256653247 0
    outer loop
      vertex -28.04400634765625 -16.149517059326172 31.5
      vertex -27.930768966674805 -16.498029708862305 32.5
      vertex -27.930768966674805 -16.498029708862305 31.5
    endloop
  endfacet
  facet normal -0.3090164193354205 0.9510567031366298 0
    outer loop
      vertex -28.04400634765625 -16.149517059326172 31.5
      vertex -30.13633155822754 -16.82935333251953 35.5
      vertex -28.04400634765625 -16.149517059326172 35.5
    endloop
  endfacet
  facet normal -0.3090164193354205 0.9510567031366298 0
    outer loop
      vertex -30.13633155822754 -16.82935333251953 35.5
      vertex -28.04400634765625 -16.149517059326172 31.5
      vertex -30.13633155822754 -16.82935333251953 31.5
    endloop
  endfacet
  facet normal 0 0 1
    outer loop
      vertex -33.443603515625 -19.232229232788086 35.5
      vertex -32.95689392089844 -22.305194854736328 35.5
      vertex -31.663768768310547 -20.52535629272461 35.5
    endloop
  endfacet
  facet normal 0 0 1
    outer loop
      vertex -32.95689392089844 -22.305194854736328 35.5
      vertex -33.443603515625 -19.232229232788086 35.5
      vertex -34.736732482910156 -21.012065887451172 35.5
    endloop
  endfacet
  facet normal 0.8090167774323765 -0.5877855508881895 0
    outer loop
      vertex -31.663768768310547 -20.52535629272461 35.5
      vertex -32.4904670715332 -21.6632080078125 32.663475036621094
      vertex -31.663768768310547 -20.52535629272461 32.574623107910156
    endloop
  endfacet
  facet normal 0.8090176980907148 -0.5877842837090814 -7.766434760722276e-7
    outer loop
      vertex -32.95689392089844 -22.305194854736328 35.5
      vertex -32.4904670715332 -21.6632080078125 32.663475036621094
      vertex -31.663768768310547 -20.52535629272461 35.5
    endloop
  endfacet
  facet normal 0.8090193298582236 -0.5877820377620867 0
    outer loop
      vertex -32.4904670715332 -21.6632080078125 32.663475036621094
      vertex -32.95689392089844 -22.305194854736328 35.5
      vertex -32.95689392089844 -22.305194854736328 32.54680252075195
    endloop
  endfacet
  facet normal -0.5877854185968309 -0.8090168735475735 5.076431519673326e-7
    outer loop
      vertex -34.407501220703125 -21.25126838684082 32.5
      vertex -32.95689392089844 -22.305194854736328 35.5
      vertex -34.736732482910156 -21.012065887451172 35.5
    endloop
  endfacet
  facet normal -0.5877847314564968 -0.8090173727841782 0
    outer loop
      vertex -32.95689392089844 -22.305194854736328 35.5
      vertex -34.407501220703125 -21.25126838684082 32.5
      vertex -32.95689392089844 -22.305194854736328 32.54680252075195
    endloop
  endfacet
  facet normal -0.5877884461523698 -0.8090146738902717 0
    outer loop
      vertex -34.736732482910156 -21.012065887451172 31.5
      vertex -34.407501220703125 -21.25126838684082 32.5
      vertex -34.736732482910156 -21.012065887451172 35.5
    endloop
  endfacet
  facet normal -0.5877884461523698 -0.8090146738902717 0
    outer loop
      vertex -34.407501220703125 -21.25126838684082 32.5
      vertex -34.736732482910156 -21.012065887451172 31.5
      vertex -34.407501220703125 -21.25126838684082 31.5
    endloop
  endfacet
  facet normal -0.5877853663520052 -0.8090169109467071 0.000030078012271791746
    outer loop
      vertex -32.95689392089844 -22.305194854736328 32.54680252075195
      vertex -34.407501220703125 -21.25126838684082 32.5
      vertex -32.992515563964844 -22.279315948486328 32.5
    endloop
  endfacet
  facet normal 0 0 -1
    outer loop
      vertex -34.06525421142578 -20.61096954345703 31.5
      vertex -33.443603515625 -19.232229232788086 31.5
      vertex -33.12419891357422 -19.464290618896484 31.5
    endloop
  endfacet
  facet normal 0 0 -1
    outer loop
      vertex -34.736732482910156 -21.012065887451172 31.5
      vertex -34.06525421142578 -20.61096954345703 31.5
      vertex -34.407501220703125 -21.25126838684082 31.5
    endloop
  endfacet
  facet normal 0 0 -1
    outer loop
      vertex -34.06525421142578 -20.61096954345703 31.5
      vertex -34.736732482910156 -21.012065887451172 31.5
      vertex -33.443603515625 -19.232229232788086 31.5
    endloop
  endfacet
  facet normal 0.5877856381079777 0.8090167140634348 0
    outer loop
      vertex -33.12419891357422 -19.464290618896484 32.5
      vertex -31.663768768310547 -20.52535629272461 35.5
      vertex -31.663768768310547 -20.52535629272461 32.574623107910156
    endloop
  endfacet
  facet normal 0.5877859596528002 0.809016480389973 -0.00000961547516807848
    outer loop
      vertex -33.12419891357422 -19.464290618896484 32.5
      vertex -31.663768768310547 -20.52535629272461 32.574623107910156
      vertex -31.720123291015625 -20.484413146972656 32.5
    endloop
  endfacet
  facet normal 0.5877856756976485 0.8090166867529112 -2.7958449185580983e-8
    outer loop
      vertex -31.663768768310547 -20.52535629272461 35.5
      vertex -33.12419891357422 -19.464290618896484 32.5
      vertex -33.443603515625 -19.232229232788086 35.5
    endloop
  endfacet
  facet normal 0.5877858475707929 0.8090165618795975 0
    outer loop
      vertex -33.443603515625 -19.232229232788086 31.5
      vertex -33.12419891357422 -19.464290618896484 32.5
      vertex -33.12419891357422 -19.464290618896484 31.5
    endloop
  endfacet
  facet normal 0.5877858475707929 0.8090165618795975 0
    outer loop
      vertex -33.12419891357422 -19.464290618896484 32.5
      vertex -33.443603515625 -19.232229232788086 31.5
      vertex -33.443603515625 -19.232229232788086 35.5
    endloop
  endfacet
  facet normal -0.8090165740143693 0.5877858308687377 0
    outer loop
      vertex -34.736732482910156 -21.012065887451172 31.5
      vertex -33.443603515625 -19.232229232788086 35.5
      vertex -33.443603515625 -19.232229232788086 31.5
    endloop
  endfacet
  facet normal -0.8090165740143693 0.5877858308687377 0
    outer loop
      vertex -33.443603515625 -19.232229232788086 35.5
      vertex -34.736732482910156 -21.012065887451172 31.5
      vertex -34.736732482910156 -21.012065887451172 35.5
    endloop
  endfacet
  facet normal 0 0 1
    outer loop
      vertex -36 -24.900001525878906 35.5
      vertex -33.79999923706055 -27.099998474121094 35.5
      vertex -33.79999923706055 -24.900001525878906 35.5
    endloop
  endfacet
  facet normal 0 0 1
    outer loop
      vertex -33.79999923706055 -27.099998474121094 35.5
      vertex -36 -24.900001525878906 35.5
      vertex -36 -27.099998474121094 35.5
    endloop
  endfacet
  facet normal 1 0 0
    outer loop
      vertex -33.79999923706055 -24.900001525878906 35.5
      vertex -33.79999923706055 -26 32.66990280151367
      vertex -33.79999923706055 -24.900001525878906 32.55419921875
    endloop
  endfacet
  facet normal 1 0 0
    outer loop
      vertex -33.79999923706055 -27.099998474121094 35.5
      vertex -33.79999923706055 -26 32.66990280151367
      vertex -33.79999923706055 -24.900001525878906 35.5
    endloop
  endfacet
  facet normal 1 0 0
    outer loop
      vertex -33.79999923706055 -26 32.66990280151367
      vertex -33.79999923706055 -27.099998474121094 35.5
      vertex -33.79999923706055 -27.099998474121094 32.55419921875
    endloop
  endfacet
  facet normal 0 -1 0
    outer loop
      vertex -35.59165954589844 -27.099998474121094 32.5
      vertex -33.79999923706055 -27.099998474121094 35.5
      vertex -36 -27.099998474121094 35.5
    endloop
  endfacet
  facet normal 0 -1 0
    outer loop
      vertex -33.79999923706055 -27.099998474121094 35.5
      vertex -35.59165954589844 -27.099998474121094 32.5
      vertex -33.79999923706055 -27.099998474121094 32.55419921875
    endloop
  endfacet
  facet normal 0 -1 0
    outer loop
      vertex -36 -27.099998474121094 31.5
      vertex -35.59165954589844 -27.099998474121094 32.5
      vertex -36 -27.099998474121094 35.5
    endloop
  endfacet
  facet normal 0 -1 0
    outer loop
      vertex -35.59165954589844 -27.099998474121094 32.5
      vertex -36 -27.099998474121094 31.5
      vertex -35.59165954589844 -27.099998474121094 31.5
    endloop
  endfacet
  facet normal 0 -1 0
    outer loop
      vertex -33.79999923706055 -27.099998474121094 32.55419921875
      vertex -35.59165954589844 -27.099998474121094 32.5
      vertex -33.85074996948242 -27.099998474121094 32.5
    endloop
  endfacet
  facet normal 0 0 -1
    outer loop
      vertex -35.59165954589844 -27.099998474121094 31.5
      vertex -36 -27.099998474121094 31.5
      vertex -35.70000076293945 -26 31.5
    endloop
  endfacet
  facet normal 0 0 -1
    outer loop
      vertex -36 -24.900001525878906 31.5
      vertex -35.70000076293945 -26 31.5
      vertex -36 -27.099998474121094 31.5
    endloop
  endfacet
  facet normal 0 0 -1
    outer loop
      vertex -35.70000076293945 -26 31.5
      vertex -36 -24.900001525878906 31.5
      vertex -35.59165954589844 -24.900001525878906 31.5
    endloop
  endfacet
  facet normal 0 1 0
    outer loop
      vertex -35.59165954589844 -24.900001525878906 32.5
      vertex -33.79999923706055 -24.900001525878906 35.5
      vertex -33.79999923706055 -24.900001525878906 32.55419921875
    endloop
  endfacet
  facet normal 0 1 0
    outer loop
      vertex -35.59165954589844 -24.900001525878906 32.5
      vertex -33.79999923706055 -24.900001525878906 32.55419921875
      vertex -33.85074996948242 -24.900001525878906 32.5
    endloop
  endfacet
  facet normal 0 1 0
    outer loop
      vertex -33.79999923706055 -24.900001525878906 35.5
      vertex -35.59165954589844 -24.900001525878906 32.5
      vertex -36 -24.900001525878906 35.5
    endloop
  endfacet
  facet normal 0 1 0
    outer loop
      vertex -36 -24.900001525878906 31.5
      vertex -35.59165954589844 -24.900001525878906 32.5
      vertex -35.59165954589844 -24.900001525878906 31.5
    endloop
  endfacet
  facet normal 0 1 0
    outer loop
      vertex -35.59165954589844 -24.900001525878906 32.5
      vertex -36 -24.900001525878906 31.5
      vertex -36 -24.900001525878906 35.5
    endloop
  endfacet
  facet normal -1 0 0
    outer loop
      vertex -36 -27.099998474121094 31.5
      vertex -36 -24.900001525878906 35.5
      vertex -36 -24.900001525878906 31.5
    endloop
  endfacet
  facet normal -1 0 0
    outer loop
      vertex -36 -24.900001525878906 35.5
      vertex -36 -27.099998474121094 31.5
      vertex -36 -27.099998474121094 35.5
    endloop
  endfacet
  facet normal -0.8090162744804307 -0.5877862431409946 0
    outer loop
      vertex -33.443603515625 -32.76776885986328 31.5
      vertex -34.736732482910156 -30.987934112548828 35.5
      vertex -34.736732482910156 -30.987934112548828 31.5
    endloop
  endfacet
  facet normal -0.8090162744804307 -0.5877862431409946 0
    outer loop
      vertex -34.736732482910156 -30.987934112548828 35.5
      vertex -33.443603515625 -32.76776885986328 31.5
      vertex -33.443603515625 -32.76776885986328 35.5
    endloop
  endfacet
  facet normal 0 0 1
    outer loop
      vertex -32.95689392089844 -29.694805145263672 35.5
      vertex -33.443603515625 -32.76776885986328 35.5
      vertex -31.663768768310547 -31.47464370727539 35.5
    endloop
  endfacet
  facet normal 0 0 1
    outer loop
      vertex -33.443603515625 -32.76776885986328 35.5
      vertex -32.95689392089844 -29.694805145263672 35.5
      vertex -34.736732482910156 -30.987934112548828 35.5
    endloop
  endfacet
  facet normal 0 0 -1
    outer loop
      vertex -33.443603515625 -32.76776885986328 31.5
      vertex -34.06525421142578 -31.38903045654297 31.5
      vertex -33.12419891357422 -32.535709381103516 31.5
    endloop
  endfacet
  facet normal 0 0 -1
    outer loop
      vertex -34.736732482910156 -30.987934112548828 31.5
      vertex -34.06525421142578 -31.38903045654297 31.5
      vertex -33.443603515625 -32.76776885986328 31.5
    endloop
  endfacet
  facet normal 0 0 -1
    outer loop
      vertex -34.06525421142578 -31.38903045654297 31.5
      vertex -34.736732482910156 -30.987934112548828 31.5
      vertex -34.407501220703125 -30.74873161315918 31.5
    endloop
  endfacet
  facet normal 0.8090184994402555 0.5877831807422166 0
    outer loop
      vertex -32.95689392089844 -29.694805145263672 35.5
      vertex -32.4904670715332 -30.336790084838867 32.663475036621094
      vertex -32.95689392089844 -29.694805145263672 32.54679870605469
    endloop
  endfacet
  facet normal 0.8090176980908999 0.5877842837092159 -3.8140297426276614e-7
    outer loop
      vertex -31.663768768310547 -31.47464370727539 35.5
      vertex -32.4904670715332 -30.336790084838867 32.663475036621094
      vertex -32.95689392089844 -29.694805145263672 35.5
    endloop
  endfacet
  facet normal 0.8090172459641407 0.5877849060095004 0
    outer loop
      vertex -32.4904670715332 -30.336790084838867 32.663475036621094
      vertex -31.663768768310547 -31.47464370727539 35.5
      vertex -31.663768768310547 -31.47464370727539 32.57461929321289
    endloop
  endfacet
  facet normal 0.5877851082533898 -0.8090170990253517 3.940951628484352e-7
    outer loop
      vertex -33.12419891357422 -32.535709381103516 32.5
      vertex -31.663768768310547 -31.47464370727539 35.5
      vertex -33.443603515625 -32.76776885986328 35.5
    endloop
  endfacet
  facet normal 0.5877856381079778 -0.8090167140634348 0
    outer loop
      vertex -31.663768768310547 -31.47464370727539 35.5
      vertex -33.12419891357422 -32.535709381103516 32.5
      vertex -31.663768768310547 -31.47464370727539 32.57461929321289
    endloop
  endfacet
  facet normal 0.5877826855625318 -0.8090188592071867 0
    outer loop
      vertex -33.443603515625 -32.76776885986328 31.5
      vertex -33.12419891357422 -32.535709381103516 32.5
      vertex -33.443603515625 -32.76776885986328 35.5
    endloop
  endfacet
  facet normal 0.5877826855625318 -0.8090188592071867 0
    outer loop
      vertex -33.12419891357422 -32.535709381103516 32.5
      vertex -33.443603515625 -32.76776885986328 31.5
      vertex -33.12419891357422 -32.535709381103516 31.5
    endloop
  endfacet
  facet normal 0.5877859596527972 -0.8090164803899689 -0.000009615966731657395
    outer loop
      vertex -31.663768768310547 -31.47464370727539 32.57461929321289
      vertex -33.12419891357422 -32.535709381103516 32.5
      vertex -31.720123291015625 -31.515586853027344 32.5
    endloop
  endfacet
  facet normal -0.5877847314564968 0.8090173727841782 0
    outer loop
      vertex -34.407501220703125 -30.74873161315918 32.5
      vertex -32.95689392089844 -29.694805145263672 35.5
      vertex -32.95689392089844 -29.694805145263672 32.54679870605469
    endloop
  endfacet
  facet normal -0.5877853663519619 0.8090169109466476 0.00003008046401716545
    outer loop
      vertex -34.407501220703125 -30.74873161315918 32.5
      vertex -32.95689392089844 -29.694805145263672 32.54679870605469
      vertex -32.992515563964844 -29.720684051513672 32.5
    endloop
  endfacet
  facet normal -0.5877854185968309 0.8090168735475735 5.076431519673326e-7
    outer loop
      vertex -32.95689392089844 -29.694805145263672 35.5
      vertex -34.407501220703125 -30.74873161315918 32.5
      vertex -34.736732482910156 -30.987934112548828 35.5
    endloop
  endfacet
  facet normal -0.5877884461523698 0.8090146738902717 0
    outer loop
      vertex -34.736732482910156 -30.987934112548828 31.5
      vertex -34.407501220703125 -30.74873161315918 32.5
      vertex -34.407501220703125 -30.74873161315918 31.5
    endloop
  endfacet
  facet normal -0.5877884461523698 0.8090146738902717 0
    outer loop
      vertex -34.407501220703125 -30.74873161315918 32.5
      vertex -34.736732482910156 -30.987934112548828 31.5
      vertex -34.736732482910156 -30.987934112548828 35.5
    endloop
  endfacet
  facet normal -0.3090164193354205 -0.9510567031366298 0
    outer loop
      vertex -30.13633155822754 -35.17064666748047 31.5
      vertex -28.04400634765625 -35.85048294067383 35.5
      vertex -30.13633155822754 -35.17064666748047 35.5
    endloop
  endfacet
  facet normal -0.3090164193354205 -0.9510567031366298 0
    outer loop
      vertex -28.04400634765625 -35.85048294067383 35.5
      vertex -30.13633155822754 -35.17064666748047 31.5
      vertex -28.04400634765625 -35.85048294067383 31.5
    endloop
  endfacet
  facet normal 0 0 1
    outer loop
      vertex -29.456493377685547 -33.07832336425781 35.5
      vertex -28.04400634765625 -35.85048294067383 35.5
      vertex -27.36417007446289 -33.75815963745117 35.5
    endloop
  endfacet
  facet normal 0 0 1
    outer loop
      vertex -28.04400634765625 -35.85048294067383 35.5
      vertex -29.456493377685547 -33.07832336425781 35.5
      vertex -30.13633155822754 -35.17064666748047 35.5
    endloop
  endfacet
  facet normal 0 0 -1
    outer loop
      vertex -28.04400634765625 -35.85048294067383 31.5
      vertex -29.71202850341797 -34.961631774902344 31.5
      vertex -27.930768966674805 -35.50196838378906 31.5
    endloop
  endfacet
  facet normal 0 0 -1
    outer loop
      vertex -29.71202850341797 -34.961631774902344 31.5
      vertex -30.13633155822754 -35.17064666748047 31.5
      vertex -30.015682220458984 -34.79932403564453 31.5
    endloop
  endfacet
  facet normal 0 0 -1
    outer loop
      vertex -30.13633155822754 -35.17064666748047 31.5
      vertex -29.71202850341797 -34.961631774902344 31.5
      vertex -28.04400634765625 -35.85048294067383 31.5
    endloop
  endfacet
  facet normal 0.3090166741331022 0.9510566203476992 7.269385512102819e-7
    outer loop
      vertex -27.36417007446289 -33.75815963745117 35.5
      vertex -28.994159698486328 -33.22854232788086 32.64414596557617
      vertex -29.456493377685547 -33.07832336425781 35.5
    endloop
  endfacet
  facet normal 0.30901744432100176 0.9510563700986701 2.409422483098536e-7
    outer loop
      vertex -27.36417007446289 -33.75815963745117 35.5
      vertex -27.532325744628906 -33.703521728515625 32.611759185791016
      vertex -28.994159698486328 -33.22854232788086 32.64414596557617
    endloop
  endfacet
  facet normal 0.30902118755113817 0.9510551538393998 0
    outer loop
      vertex -27.532325744628906 -33.703521728515625 32.611759185791016
      vertex -27.36417007446289 -33.75815963745117 35.5
      vertex -27.36417007446289 -33.75815963745117 32.57109832763672
    endloop
  endfacet
  facet normal 0.309012612582975 0.9510579400145105 0
    outer loop
      vertex -29.456493377685547 -33.07832336425781 35.5
      vertex -28.994159698486328 -33.22854232788086 32.64414596557617
      vertex -29.456493377685547 -33.07832336425781 32.55243682861328
    endloop
  endfacet
  facet normal 0.9510563425346003 -0.30901752915443004 0
    outer loop
      vertex -27.930768966674805 -35.50196838378906 32.5
      vertex -27.36417007446289 -33.75815963745117 32.57109832763672
      vertex -27.36417007446289 -33.75815963745117 35.5
    endloop
  endfacet
  facet normal 0.9510564043797003 -0.3090173387719631 -0.0000051623151823012624
    outer loop
      vertex -27.36417007446289 -33.75815963745117 32.57109832763672
      vertex -27.930768966674805 -35.50196838378906 32.5
      vertex -27.385129928588867 -33.82266616821289 32.5
    endloop
  endfacet
  facet normal 0.9510566203478069 -0.30901667413313716 -5.494674213042158e-7
    outer loop
      vertex -28.04400634765625 -35.85048294067383 35.5
      vertex -27.930768966674805 -35.50196838378906 32.5
      vertex -27.36417007446289 -33.75815963745117 35.5
    endloop
  endfacet
  facet normal 0.9510580103908232 -0.30901239598347646 0
    outer loop
      vertex -28.04400634765625 -35.85048294067383 31.5
      vertex -27.930768966674805 -35.50196838378906 32.5
      vertex -28.04400634765625 -35.85048294067383 35.5
    endloop
  endfacet
  facet normal 0.9510580103908232 -0.30901239598347646 0
    outer loop
      vertex -27.930768966674805 -35.50196838378906 32.5
      vertex -28.04400634765625 -35.85048294067383 31.5
      vertex -27.930768966674805 -35.50196838378906 31.5
    endloop
  endfacet
  facet normal -0.95105704243654 0.30901537507357374 0
    outer loop
      vertex -30.015682220458984 -34.79932403564453 31.5
      vertex -30.13633155822754 -35.17064666748047 31.5
      vertex -30.015682220458984 -34.79932403564453 32.5
    endloop
  endfacet
  facet normal -0.951056493320448 0.3090170635659569 0.00003062818829991117
    outer loop
      vertex -30.015682220458984 -34.79932403564453 32.5
      vertex -29.456493377685547 -33.07832336425781 32.55243682861328
      vertex -29.471832275390625 -33.125526428222656 32.5
    endloop
  endfacet
  facet normal -0.9510562195043496 0.3090179078016261 0
    outer loop
      vertex -29.456493377685547 -33.07832336425781 32.55243682861328
      vertex -30.015682220458984 -34.79932403564453 32.5
      vertex -29.456493377685547 -33.07832336425781 35.5
    endloop
  endfacet
  facet normal -0.9510563655496945 0.3090174583212485 2.850743196671645e-7
    outer loop
      vertex -30.015682220458984 -34.79932403564453 32.5
      vertex -30.13633155822754 -35.17064666748047 35.5
      vertex -29.456493377685547 -33.07832336425781 35.5
    endloop
  endfacet
  facet normal -0.95105704243654 0.30901537507357374 0
    outer loop
      vertex -30.13633155822754 -35.17064666748047 35.5
      vertex -30.015682220458984 -34.79932403564453 32.5
      vertex -30.13633155822754 -35.17064666748047 31.5
    endloop
  endfacet
  facet normal 0.3090164193354205 -0.9510567031366298 0
    outer loop
      vertex -23.95599365234375 -35.85048294067383 31.5
      vertex -21.86366844177246 -35.17064666748047 35.5
      vertex -23.95599365234375 -35.85048294067383 35.5
    endloop
  endfacet
  facet normal 0.3090164193354205 -0.9510567031366298 0
    outer loop
      vertex -21.86366844177246 -35.17064666748047 35.5
      vertex -23.95599365234375 -35.85048294067383 31.5
      vertex -21.86366844177246 -35.17064666748047 31.5
    endloop
  endfacet
  facet normal 0 0 1
    outer loop
      vertex -22.543506622314453 -33.07832336425781 35.5
      vertex -23.95599365234375 -35.85048294067383 35.5
      vertex -21.86366844177246 -35.17064666748047 35.5
    endloop
  endfacet
  facet normal 0 0 1
    outer loop
      vertex -23.95599365234375 -35.85048294067383 35.5
      vertex -22.543506622314453 -33.07832336425781 35.5
      vertex -24.63582992553711 -33.75815963745117 35.5
    endloop
  endfacet
  facet normal 0 0 -1
    outer loop
      vertex -21.86366844177246 -35.17064666748047 31.5
      vertex -22.28797149658203 -34.961631774902344 31.5
      vertex -21.984317779541016 -34.79932403564453 31.5
    endloop
  endfacet
  facet normal 0 0 -1
    outer loop
      vertex -23.95599365234375 -35.85048294067383 31.5
      vertex -22.28797149658203 -34.961631774902344 31.5
      vertex -21.86366844177246 -35.17064666748047 31.5
    endloop
  endfacet
  facet normal 0 0 -1
    outer loop
      vertex -22.28797149658203 -34.961631774902344 31.5
      vertex -23.95599365234375 -35.85048294067383 31.5
      vertex -24.069231033325195 -35.50196838378906 31.5
    endloop
  endfacet
  facet normal -0.309016674133142 0.9510566203478217 5.205545680587202e-7
    outer loop
      vertex -22.543506622314453 -33.07832336425781 35.5
      vertex -23.00583839416504 -33.22854232788086 32.64414596557617
      vertex -24.63582992553711 -33.75815963745117 35.5
    endloop
  endfacet
  facet normal -0.3090137656810401 0.951057565355338 0
    outer loop
      vertex -23.00583839416504 -33.22854232788086 32.64414596557617
      vertex -22.543506622314453 -33.07832336425781 35.5
      vertex -22.543506622314453 -33.07832336425781 32.55243682861328
    endloop
  endfacet
  facet normal -0.3090170800981052 0.9510564884419702 2.643863376593256e-7
    outer loop
      vertex -24.467674255371094 -33.703521728515625 32.611759185791016
      vertex -24.63582992553711 -33.75815963745117 35.5
      vertex -23.00583839416504 -33.22854232788086 32.64414596557617
    endloop
  endfacet
  facet normal -0.30902118755113817 0.9510551538393998 0
    outer loop
      vertex -24.63582992553711 -33.75815963745117 35.5
      vertex -24.467674255371094 -33.703521728515625 32.611759185791016
      vertex -24.63582992553711 -33.75815963745117 32.57109832763672
    endloop
  endfacet
  facet normal 0.9510562195043496 0.3090179078016261 0
    outer loop
      vertex -21.984317779541016 -34.79932403564453 32.5
      vertex -22.543506622314453 -33.07832336425781 32.55243682861328
      vertex -22.543506622314453 -33.07832336425781 35.5
    endloop
  endfacet
  facet normal 0.9510562867590527 0.3090177007221876 0.000007513649140062399
    outer loop
      vertex -22.543506622314453 -33.07832336425781 32.55243682861328
      vertex -21.984317779541016 -34.79932403564453 32.5
      vertex -22.528167724609375 -33.12553024291992 32.5
    endloop
  endfacet
  facet normal 0.9510563655496945 0.3090174583212485 2.850743196671645e-7
    outer loop
      vertex -21.86366844177246 -35.17064666748047 35.5
      vertex -21.984317779541016 -34.79932403564453 32.5
      vertex -22.543506622314453 -33.07832336425781 35.5
    endloop
  endfacet
  facet normal 0.95105704243654 0.30901537507357374 0
    outer loop
      vertex -21.86366844177246 -35.17064666748047 31.5
      vertex -21.984317779541016 -34.79932403564453 32.5
      vertex -21.86366844177246 -35.17064666748047 35.5
    endloop
  endfacet
  facet normal 0.95105704243654 0.30901537507357374 0
    outer loop
      vertex -21.984317779541016 -34.79932403564453 32.5
      vertex -21.86366844177246 -35.17064666748047 31.5
      vertex -21.984317779541016 -34.79932403564453 31.5
    endloop
  endfacet
  facet normal -0.9510580103908232 -0.30901239598347646 0
    outer loop
      vertex -24.069231033325195 -35.50196838378906 31.5
      vertex -23.95599365234375 -35.85048294067383 31.5
      vertex -24.069231033325195 -35.50196838378906 32.5
    endloop
  endfacet
  facet normal -0.9510564043797003 -0.3090173387719631 -0.0000051623151823012624
    outer loop
      vertex -24.069231033325195 -35.50196838378906 32.5
      vertex -24.63582992553711 -33.75815963745117 32.57109832763672
      vertex -24.614870071411133 -33.82266616821289 32.5
    endloop
  endfacet
  facet normal -0.9510563425346003 -0.30901752915443004 0
    outer loop
      vertex -24.63582992553711 -33.75815963745117 32.57109832763672
      vertex -24.069231033325195 -35.50196838378906 32.5
      vertex -24.63582992553711 -33.75815963745117 35.5
    endloop
  endfacet
  facet normal -0.9510566203478069 -0.30901667413313716 -5.494674213042158e-7
    outer loop
      vertex -24.069231033325195 -35.50196838378906 32.5
      vertex -23.95599365234375 -35.85048294067383 35.5
      vertex -24.63582992553711 -33.75815963745117 35.5
    endloop
  endfacet
  facet normal -0.9510580103908232 -0.30901239598347646 0
    outer loop
      vertex -23.95599365234375 -35.85048294067383 35.5
      vertex -24.069231033325195 -35.50196838378906 32.5
      vertex -23.95599365234375 -35.85048294067383 31.5
    endloop
  endfacet
  facet normal 0.8090166867529115 -0.5877856756976487 0
    outer loop
      vertex -18.556394577026367 -32.76776885986328 35.5
      vertex -17.263267517089844 -30.987934112548828 31.5
      vertex -17.263267517089844 -30.987934112548828 35.5
    endloop
  endfacet
  facet normal 0.8090166867529115 -0.5877856756976487 0
    outer loop
      vertex -17.263267517089844 -30.987934112548828 31.5
      vertex -18.556394577026367 -32.76776885986328 35.5
      vertex -18.556394577026367 -32.76776885986328 31.5
    endloop
  endfacet
  facet normal 0 0 1
    outer loop
      vertex -19.04310417175293 -29.694805145263672 35.5
      vertex -18.556394577026367 -32.76776885986328 35.5
      vertex -17.263267517089844 -30.987934112548828 35.5
    endloop
  endfacet
  facet normal 0 0 1
    outer loop
      vertex -18.556394577026367 -32.76776885986328 35.5
      vertex -19.04310417175293 -29.694805145263672 35.5
      vertex -20.336231231689453 -31.47464370727539 35.5
    endloop
  endfacet
  facet normal 0 0 -1
    outer loop
      vertex -17.263267517089844 -30.987934112548828 31.5
      vertex -17.93474578857422 -31.38903045654297 31.5
      vertex -17.592498779296875 -30.74873161315918 31.5
    endloop
  endfacet
  facet normal 0 0 -1
    outer loop
      vertex -18.556394577026367 -32.76776885986328 31.5
      vertex -17.93474578857422 -31.38903045654297 31.5
      vertex -17.263267517089844 -30.987934112548828 31.5
    endloop
  endfacet
  facet normal 0 0 -1
    outer loop
      vertex -17.93474578857422 -31.38903045654297 31.5
      vertex -18.556394577026367 -32.76776885986328 31.5
      vertex -18.87579917907715 -32.535709381103516 31.5
    endloop
  endfacet
  facet normal -0.8090173564585748 0.5877847539267919 0
    outer loop
      vertex -19.509532928466797 -30.336790084838867 32.663475036621094
      vertex -19.04310417175293 -29.694805145263672 35.5
      vertex -19.04310417175293 -29.694805145263672 32.54680252075195
    endloop
  endfacet
  facet normal -0.8090172459641406 0.5877849060095004 0
    outer loop
      vertex -20.336231231689453 -31.47464370727539 35.5
      vertex -19.509532928466797 -30.336790084838867 32.663475036621094
      vertex -20.336231231689453 -31.47464370727539 32.574623107910156
    endloop
  endfacet
  facet normal -0.8090172858193067 0.587784851153516 -3.36208141425025e-8
    outer loop
      vertex -19.509532928466797 -30.336790084838867 32.663475036621094
      vertex -20.336231231689453 -31.47464370727539 35.5
      vertex -19.04310417175293 -29.694805145263672 35.5
    endloop
  endfacet
  facet normal 0.5877858308686812 0.8090165740142915 4.3851585484536994e-7
    outer loop
      vertex -17.592498779296875 -30.74873161315918 32.5
      vertex -19.04310417175293 -29.694805145263672 35.5
      vertex -17.263267517089844 -30.987934112548828 35.5
    endloop
  endfacet
  facet normal 0.5877852372980412 0.8090170052690395 0
    outer loop
      vertex -19.04310417175293 -29.694805145263672 35.5
      vertex -17.592498779296875 -30.74873161315918 32.5
      vertex -19.04310417175293 -29.694805145263672 32.54680252075195
    endloop
  endfacet
  facet normal 0.5877884461523698 0.8090146738902717 0
    outer loop
      vertex -17.263267517089844 -30.987934112548828 31.5
      vertex -17.592498779296875 -30.74873161315918 32.5
      vertex -17.263267517089844 -30.987934112548828 35.5
    endloop
  endfacet
  facet normal 0.5877884461523698 0.8090146738902717 0
    outer loop
      vertex -17.592498779296875 -30.74873161315918 32.5
      vertex -17.263267517089844 -30.987934112548828 31.5
      vertex -17.592498779296875 -30.74873161315918 31.5
    endloop
  endfacet
  facet normal 0.5877848479428401 0.8090172879420018 -0.000018433136868630807
    outer loop
      vertex -19.04310417175293 -29.694805145263672 32.54680252075195
      vertex -17.592498779296875 -30.74873161315918 32.5
      vertex -19.00748634338379 -29.720684051513672 32.5
    endloop
  endfacet
  facet normal -0.5877851356693985 -0.8090170791065581 0
    outer loop
      vertex -18.87579917907715 -32.535709381103516 32.5
      vertex -20.336231231689453 -31.47464370727539 35.5
      vertex -20.336231231689453 -31.47464370727539 32.574623107910156
    endloop
  endfacet
  facet normal -0.5877854370514819 -0.8090168600894382 -0.000009012484490446893
    outer loop
      vertex -18.87579917907715 -32.535709381103516 32.5
      vertex -20.336231231689453 -31.47464370727539 32.574623107910156
      vertex -20.279876708984375 -31.515586853027344 32.5
    endloop
  endfacet
  facet normal -0.5877846959811027 -0.8090173985584584 3.270314420436177e-7
    outer loop
      vertex -20.336231231689453 -31.47464370727539 35.5
      vertex -18.87579917907715 -32.535709381103516 32.5
      vertex -18.556394577026367 -32.76776885986328 35.5
    endloop
  endfacet
  facet normal -0.5877826855625318 -0.8090188592071867 0
    outer loop
      vertex -18.556394577026367 -32.76776885986328 31.5
      vertex -18.87579917907715 -32.535709381103516 32.5
      vertex -18.87579917907715 -32.535709381103516 31.5
    endloop
  endfacet
  facet normal -0.5877826855625318 -0.8090188592071867 0
    outer loop
      vertex -18.87579917907715 -32.535709381103516 32.5
      vertex -18.556394577026367 -32.76776885986328 31.5
      vertex -18.556394577026367 -32.76776885986328 35.5
    endloop
  endfacet
  facet normal 0.9951846609053696 0.09801780806906615 0
    outer loop
      vertex -17.5 -26 30
      vertex -17.663326263427734 -24.341732025146484 2
      vertex -17.663326263427734 -24.341732025146484 30
    endloop
  endfacet
  facet normal 0.9951846609053696 0.09801780806906615 0
    outer loop
      vertex -17.663326263427734 -24.341732025146484 2
      vertex -17.5 -26 30
      vertex -17.5 -26 2
    endloop
  endfacet
  facet normal -0.9951846609053696 0.09801780806906615 0
    outer loop
      vertex -34.5 -26 2
      vertex -34.336673736572266 -24.341732025146484 30
      vertex -34.336673736572266 -24.341732025146484 2
    endloop
  endfacet
  facet normal -0.9951846609053696 0.09801780806906615 0
    outer loop
      vertex -34.336673736572266 -24.341732025146484 30
      vertex -34.5 -26 2
      vertex -34.5 -26 30
    endloop
  endfacet
  facet normal -0.9569400879690576 0.2902854940188578 0
    outer loop
      vertex -34.336673736572266 -24.341732025146484 2
      vertex -33.85297393798828 -22.7471923828125 30
      vertex -33.85297393798828 -22.7471923828125 2
    endloop
  endfacet
  facet normal -0.9569400879690576 0.2902854940188578 0
    outer loop
      vertex -33.85297393798828 -22.7471923828125 30
      vertex -34.336673736572266 -24.341732025146484 2
      vertex -34.336673736572266 -24.341732025146484 30
    endloop
  endfacet
  facet normal 0.7730098229533264 -0.6343940523189564 0
    outer loop
      vertex -19.989593505859375 -32.010406494140625 30
      vertex -18.93250846862793 -30.722347259521484 2
      vertex -18.93250846862793 -30.722347259521484 30
    endloop
  endfacet
  facet normal 0.7730098229533264 -0.6343940523189564 0
    outer loop
      vertex -18.93250846862793 -30.722347259521484 2
      vertex -19.989593505859375 -32.010406494140625 30
      vertex -19.989593505859375 -32.010406494140625 2
    endloop
  endfacet
  facet normal 0.9951846609053696 -0.09801780806906615 0
    outer loop
      vertex -17.663326263427734 -27.658267974853516 30
      vertex -17.5 -26 2
      vertex -17.5 -26 30
    endloop
  endfacet
  facet normal 0.9951846609053696 -0.09801780806906615 0
    outer loop
      vertex -17.5 -26 2
      vertex -17.663326263427734 -27.658267974853516 30
      vertex -17.663326263427734 -27.658267974853516 2
    endloop
  endfacet
  facet normal 0.47139627491223507 -0.8819215112462494 0
    outer loop
      vertex -22.7471923828125 -33.85297393798828 2
      vertex -21.277652740478516 -33.06748962402344 30
      vertex -22.7471923828125 -33.85297393798828 30
    endloop
  endfacet
  facet normal 0.47139627491223507 -0.8819215112462494 0
    outer loop
      vertex -21.277652740478516 -33.06748962402344 30
      vertex -22.7471923828125 -33.85297393798828 2
      vertex -21.277652740478516 -33.06748962402344 2
    endloop
  endfacet
  facet normal -0.47139627491223507 -0.8819215112462494 0
    outer loop
      vertex -30.722347259521484 -33.06748962402344 2
      vertex -29.2528076171875 -33.85297393798828 30
      vertex -30.722347259521484 -33.06748962402344 30
    endloop
  endfacet
  facet normal -0.47139627491223507 -0.8819215112462494 0
    outer loop
      vertex -29.2528076171875 -33.85297393798828 30
      vertex -30.722347259521484 -33.06748962402344 2
      vertex -29.2528076171875 -33.85297393798828 2
    endloop
  endfacet
  facet normal 0.6343940523189564 0.7730098229533264 0
    outer loop
      vertex -19.989593505859375 -19.989593505859375 2
      vertex -21.277652740478516 -18.93250846862793 30
      vertex -19.989593505859375 -19.989593505859375 30
    endloop
  endfacet
  facet normal 0.6343940523189564 0.7730098229533264 0
    outer loop
      vertex -21.277652740478516 -18.93250846862793 30
      vertex -19.989593505859375 -19.989593505859375 2
      vertex -21.277652740478516 -18.93250846862793 2
    endloop
  endfacet
  facet normal -0.09801780806906615 0.9951846609053696 0
    outer loop
      vertex -26 -17.5 2
      vertex -27.658267974853516 -17.663326263427734 30
      vertex -26 -17.5 30
    endloop
  endfacet
  facet normal -0.09801780806906615 0.9951846609053696 0
    outer loop
      vertex -27.658267974853516 -17.663326263427734 30
      vertex -26 -17.5 2
      vertex -27.658267974853516 -17.663326263427734 2
    endloop
  endfacet
  facet normal -0.09801780806906615 -0.9951846609053696 0
    outer loop
      vertex -27.658267974853516 -34.336673736572266 2
      vertex -26 -34.5 30
      vertex -27.658267974853516 -34.336673736572266 30
    endloop
  endfacet
  facet normal -0.09801780806906615 -0.9951846609053696 0
    outer loop
      vertex -26 -34.5 30
      vertex -27.658267974853516 -34.336673736572266 2
      vertex -26 -34.5 2
    endloop
  endfacet
  facet normal 0.9569404059411117 0.29028444580662643 0
    outer loop
      vertex -17.663326263427734 -24.341732025146484 30
      vertex -18.147024154663086 -22.7471923828125 2
      vertex -18.147024154663086 -22.7471923828125 30
    endloop
  endfacet
  facet normal 0.9569404059411117 0.29028444580662643 0
    outer loop
      vertex -18.147024154663086 -22.7471923828125 2
      vertex -17.663326263427734 -24.341732025146484 30
      vertex -17.663326263427734 -24.341732025146484 2
    endloop
  endfacet
  facet normal -0.47139627491223507 0.8819215112462494 0
    outer loop
      vertex -29.2528076171875 -18.147024154663086 2
      vertex -30.722347259521484 -18.93250846862793 30
      vertex -29.2528076171875 -18.147024154663086 30
    endloop
  endfacet
  facet normal -0.47139627491223507 0.8819215112462494 0
    outer loop
      vertex -30.722347259521484 -18.93250846862793 30
      vertex -29.2528076171875 -18.147024154663086 2
      vertex -30.722347259521484 -18.93250846862793 2
    endloop
  endfacet
  facet normal 0.6343933683289475 -0.773010384290051 0
    outer loop
      vertex -21.277652740478516 -33.06748962402344 2
      vertex -19.989593505859375 -32.010406494140625 30
      vertex -21.277652740478516 -33.06748962402344 30
    endloop
  endfacet
  facet normal 0.6343933683289475 -0.773010384290051 0
    outer loop
      vertex -19.989593505859375 -32.010406494140625 30
      vertex -21.277652740478516 -33.06748962402344 2
      vertex -19.989593505859375 -32.010406494140625 2
    endloop
  endfacet
  facet normal -0.773010384290051 -0.6343933683289475 0
    outer loop
      vertex -32.010406494140625 -32.010406494140625 2
      vertex -33.06748962402344 -30.722347259521484 30
      vertex -33.06748962402344 -30.722347259521484 2
    endloop
  endfacet
  facet normal -0.773010384290051 -0.6343933683289475 0
    outer loop
      vertex -33.06748962402344 -30.722347259521484 30
      vertex -32.010406494140625 -32.010406494140625 2
      vertex -32.010406494140625 -32.010406494140625 30
    endloop
  endfacet
  facet normal 0.09801780806906615 0.9951846609053696 0
    outer loop
      vertex -24.341732025146484 -17.663326263427734 2
      vertex -26 -17.5 30
      vertex -24.341732025146484 -17.663326263427734 30
    endloop
  endfacet
  facet normal 0.09801780806906615 0.9951846609053696 0
    outer loop
      vertex -26 -17.5 30
      vertex -24.341732025146484 -17.663326263427734 2
      vertex -26 -17.5 2
    endloop
  endfacet
  facet normal -0.773010384290051 0.6343933683289475 0
    outer loop
      vertex -33.06748962402344 -21.277652740478516 2
      vertex -32.010406494140625 -19.989593505859375 30
      vertex -32.010406494140625 -19.989593505859375 2
    endloop
  endfacet
  facet normal -0.773010384290051 0.6343933683289475 0
    outer loop
      vertex -32.010406494140625 -19.989593505859375 30
      vertex -33.06748962402344 -21.277652740478516 2
      vertex -33.06748962402344 -21.277652740478516 30
    endloop
  endfacet
  facet normal -0.6343933683289475 -0.773010384290051 0
    outer loop
      vertex -32.010406494140625 -32.010406494140625 2
      vertex -30.722347259521484 -33.06748962402344 30
      vertex -32.010406494140625 -32.010406494140625 30
    endloop
  endfacet
  facet normal -0.6343933683289475 -0.773010384290051 0
    outer loop
      vertex -30.722347259521484 -33.06748962402344 30
      vertex -32.010406494140625 -32.010406494140625 2
      vertex -30.722347259521484 -33.06748962402344 2
    endloop
  endfacet
  facet normal -0.8819215112462494 -0.47139627491223507 0
    outer loop
      vertex -33.06748962402344 -30.722347259521484 2
      vertex -33.85297393798828 -29.2528076171875 30
      vertex -33.85297393798828 -29.2528076171875 2
    endloop
  endfacet
  facet normal -0.8819215112462494 -0.47139627491223507 0
    outer loop
      vertex -33.85297393798828 -29.2528076171875 30
      vertex -33.06748962402344 -30.722347259521484 2
      vertex -33.06748962402344 -30.722347259521484 30
    endloop
  endfacet
  facet normal 0.7730098229533264 0.6343940523189564 0
    outer loop
      vertex -18.93250846862793 -21.277652740478516 30
      vertex -19.989593505859375 -19.989593505859375 2
      vertex -19.989593505859375 -19.989593505859375 30
    endloop
  endfacet
  facet normal 0.7730098229533264 0.6343940523189564 0
    outer loop
      vertex -19.989593505859375 -19.989593505859375 2
      vertex -18.93250846862793 -21.277652740478516 30
      vertex -18.93250846862793 -21.277652740478516 2
    endloop
  endfacet
  facet normal 0.09801780806906615 -0.9951846609053696 0
    outer loop
      vertex -26 -34.5 2
      vertex -24.341732025146484 -34.336673736572266 30
      vertex -26 -34.5 30
    endloop
  endfacet
  facet normal 0.09801780806906615 -0.9951846609053696 0
    outer loop
      vertex -24.341732025146484 -34.336673736572266 30
      vertex -26 -34.5 2
      vertex -24.341732025146484 -34.336673736572266 2
    endloop
  endfacet
  facet normal -0.6343940523189564 0.7730098229533264 0
    outer loop
      vertex -30.722347259521484 -18.93250846862793 2
      vertex -32.010406494140625 -19.989593505859375 30
      vertex -30.722347259521484 -18.93250846862793 30
    endloop
  endfacet
  facet normal -0.6343940523189564 0.7730098229533264 0
    outer loop
      vertex -32.010406494140625 -19.989593505859375 30
      vertex -30.722347259521484 -18.93250846862793 2
      vertex -32.010406494140625 -19.989593505859375 2
    endloop
  endfacet
  facet normal 0.2902854940188578 -0.9569400879690576 0
    outer loop
      vertex -24.341732025146484 -34.336673736572266 2
      vertex -22.7471923828125 -33.85297393798828 30
      vertex -24.341732025146484 -34.336673736572266 30
    endloop
  endfacet
  facet normal 0.2902854940188578 -0.9569400879690576 0
    outer loop
      vertex -22.7471923828125 -33.85297393798828 30
      vertex -24.341732025146484 -34.336673736572266 2
      vertex -22.7471923828125 -33.85297393798828 2
    endloop
  endfacet
  facet normal -0.8819215112462494 0.47139627491223507 0
    outer loop
      vertex -33.85297393798828 -22.7471923828125 2
      vertex -33.06748962402344 -21.277652740478516 30
      vertex -33.06748962402344 -21.277652740478516 2
    endloop
  endfacet
  facet normal -0.8819215112462494 0.47139627491223507 0
    outer loop
      vertex -33.06748962402344 -21.277652740478516 30
      vertex -33.85297393798828 -22.7471923828125 2
      vertex -33.85297393798828 -22.7471923828125 30
    endloop
  endfacet
  facet normal -0.29028444580662643 0.9569404059411117 0
    outer loop
      vertex -27.658267974853516 -17.663326263427734 2
      vertex -29.2528076171875 -18.147024154663086 30
      vertex -27.658267974853516 -17.663326263427734 30
    endloop
  endfacet
  facet normal -0.29028444580662643 0.9569404059411117 0
    outer loop
      vertex -29.2528076171875 -18.147024154663086 30
      vertex -27.658267974853516 -17.663326263427734 2
      vertex -29.2528076171875 -18.147024154663086 2
    endloop
  endfacet
  facet normal 0.8819215112462494 -0.47139627491223507 0
    outer loop
      vertex -18.93250846862793 -30.722347259521484 30
      vertex -18.147024154663086 -29.2528076171875 2
      vertex -18.147024154663086 -29.2528076171875 30
    endloop
  endfacet
  facet normal 0.8819215112462494 -0.47139627491223507 0
    outer loop
      vertex -18.147024154663086 -29.2528076171875 2
      vertex -18.93250846862793 -30.722347259521484 30
      vertex -18.93250846862793 -30.722347259521484 2
    endloop
  endfacet
  facet normal 0.9569404059411117 -0.29028444580662643 0
    outer loop
      vertex -18.147024154663086 -29.2528076171875 30
      vertex -17.663326263427734 -27.658267974853516 2
      vertex -17.663326263427734 -27.658267974853516 30
    endloop
  endfacet
  facet normal 0.9569404059411117 -0.29028444580662643 0
    outer loop
      vertex -17.663326263427734 -27.658267974853516 2
      vertex -18.147024154663086 -29.2528076171875 30
      vertex -18.147024154663086 -29.2528076171875 2
    endloop
  endfacet
  facet normal 0.47139627491223507 0.8819215112462494 0
    outer loop
      vertex -21.277652740478516 -18.93250846862793 2
      vertex -22.7471923828125 -18.147024154663086 30
      vertex -21.277652740478516 -18.93250846862793 30
    endloop
  endfacet
  facet normal 0.47139627491223507 0.8819215112462494 0
    outer loop
      vertex -22.7471923828125 -18.147024154663086 30
      vertex -21.277652740478516 -18.93250846862793 2
      vertex -22.7471923828125 -18.147024154663086 2
    endloop
  endfacet
  facet normal 0.29028444580662643 0.9569404059411117 0
    outer loop
      vertex -22.7471923828125 -18.147024154663086 2
      vertex -24.341732025146484 -17.663326263427734 30
      vertex -22.7471923828125 -18.147024154663086 30
    endloop
  endfacet
  facet normal 0.29028444580662643 0.9569404059411117 0
    outer loop
      vertex -24.341732025146484 -17.663326263427734 30
      vertex -22.7471923828125 -18.147024154663086 2
      vertex -24.341732025146484 -17.663326263427734 2
    endloop
  endfacet
  facet normal -0.9569400879690576 -0.2902854940188578 0
    outer loop
      vertex -33.85297393798828 -29.2528076171875 2
      vertex -34.336673736572266 -27.658267974853516 30
      vertex -34.336673736572266 -27.658267974853516 2
    endloop
  endfacet
  facet normal -0.9569400879690576 -0.2902854940188578 0
    outer loop
      vertex -34.336673736572266 -27.658267974853516 30
      vertex -33.85297393798828 -29.2528076171875 2
      vertex -33.85297393798828 -29.2528076171875 30
    endloop
  endfacet
  facet normal -0.2902854940188578 -0.9569400879690576 0
    outer loop
      vertex -29.2528076171875 -33.85297393798828 2
      vertex -27.658267974853516 -34.336673736572266 30
      vertex -29.2528076171875 -33.85297393798828 30
    endloop
  endfacet
  facet normal -0.2902854940188578 -0.9569400879690576 0
    outer loop
      vertex -27.658267974853516 -34.336673736572266 30
      vertex -29.2528076171875 -33.85297393798828 2
      vertex -27.658267974853516 -34.336673736572266 2
    endloop
  endfacet
  facet normal 0 0 -1
    outer loop
      vertex -16.636363983154297 -26 31
      vertex -16.299999237060547 -26 31
      vertex -16.48638343811035 -27.892375946044922 31
    endloop
  endfacet
  facet normal 0 0 -1
    outer loop
      vertex -16.299999237060547 -26 31
      vertex -16.636363983154297 -26 31
      vertex -16.48638343811035 -24.107624053955078 31
    endloop
  endfacet
  facet normal 0 0 -1
    outer loop
      vertex -16.48638343811035 -27.892375946044922 31
      vertex -16.816282272338867 -27.826753616333008 31
      vertex -16.636363983154297 -26 31
    endloop
  endfacet
  facet normal 0 0 -1
    outer loop
      vertex -17.038368225097656 -29.71202850341797 31
      vertex -16.816282272338867 -27.826753616333008 31
      vertex -16.48638343811035 -27.892375946044922 31
    endloop
  endfacet
  facet normal 0 0 -1
    outer loop
      vertex -17.038368225097656 -29.71202850341797 31
      vertex -17.3491268157959 -29.58330726623535 31
      vertex -16.816282272338867 -27.826753616333008 31
    endloop
  endfacet
  facet normal 0 0 -1
    outer loop
      vertex -17.93474578857422 -31.38903045654297 31
      vertex -17.3491268157959 -29.58330726623535 31
      vertex -17.038368225097656 -29.71202850341797 31
    endloop
  endfacet
  facet normal 0 0 -1
    outer loop
      vertex -17.93474578857422 -31.38903045654297 31
      vertex -18.214420318603516 -31.202157974243164 31
      vertex -17.3491268157959 -29.58330726623535 31
    endloop
  endfacet
  facet normal 0 0 -1
    outer loop
      vertex -19.141063690185547 -32.85893630981445 31
      vertex -18.214420318603516 -31.202157974243164 31
      vertex -17.93474578857422 -31.38903045654297 31
    endloop
  endfacet
  facet normal 0 0 -1
    outer loop
      vertex -19.141063690185547 -32.85893630981445 31
      vertex -19.378908157348633 -32.621089935302734 31
      vertex -18.214420318603516 -31.202157974243164 31
    endloop
  endfacet
  facet normal 0 0 -1
    outer loop
      vertex -20.61096954345703 -34.06525421142578 31
      vertex -19.378908157348633 -32.621089935302734 31
      vertex -19.141063690185547 -32.85893630981445 31
    endloop
  endfacet
  facet normal 0 0 -1
    outer loop
      vertex -20.61096954345703 -34.06525421142578 31
      vertex -20.797842025756836 -33.785579681396484 31
      vertex -19.378908157348633 -32.621089935302734 31
    endloop
  endfacet
  facet normal 0 0 -1
    outer loop
      vertex -22.28797149658203 -34.961631774902344 31
      vertex -20.797842025756836 -33.785579681396484 31
      vertex -20.61096954345703 -34.06525421142578 31
    endloop
  endfacet
  facet normal 0 0 -1
    outer loop
      vertex -22.28797149658203 -34.961631774902344 31
      vertex -22.416690826416016 -34.65087127685547 31
      vertex -20.797842025756836 -33.785579681396484 31
    endloop
  endfacet
  facet normal 0 0 -1
    outer loop
      vertex -24.107624053955078 -35.51361846923828 31
      vertex -22.416690826416016 -34.65087127685547 31
      vertex -22.28797149658203 -34.961631774902344 31
    endloop
  endfacet
  facet normal 0 0 -1
    outer loop
      vertex -24.107624053955078 -35.51361846923828 31
      vertex -24.17324447631836 -35.1837158203125 31
      vertex -22.416690826416016 -34.65087127685547 31
    endloop
  endfacet
  facet normal 0 0 -1
    outer loop
      vertex -26 -35.70000076293945 31
      vertex -24.17324447631836 -35.1837158203125 31
      vertex -24.107624053955078 -35.51361846923828 31
    endloop
  endfacet
  facet normal 0 0 -1
    outer loop
      vertex -26 -35.70000076293945 31
      vertex -26 -35.3636360168457 31
      vertex -24.17324447631836 -35.1837158203125 31
    endloop
  endfacet
  facet normal 0 0 -1
    outer loop
      vertex -26 -35.70000076293945 31
      vertex -27.826753616333008 -35.1837158203125 31
      vertex -26 -35.3636360168457 31
    endloop
  endfacet
  facet normal 0 0 -1
    outer loop
      vertex -27.892375946044922 -35.51361846923828 31
      vertex -27.826753616333008 -35.1837158203125 31
      vertex -26 -35.70000076293945 31
    endloop
  endfacet
  facet normal 0 0 -1
    outer loop
      vertex -27.892375946044922 -35.51361846923828 31
      vertex -29.58330726623535 -34.65087127685547 31
      vertex -27.826753616333008 -35.1837158203125 31
    endloop
  endfacet
  facet normal 0 0 -1
    outer loop
      vertex -29.71202850341797 -34.961631774902344 31
      vertex -29.58330726623535 -34.65087127685547 31
      vertex -27.892375946044922 -35.51361846923828 31
    endloop
  endfacet
  facet normal 0 0 -1
    outer loop
      vertex -29.71202850341797 -34.961631774902344 31
      vertex -31.202157974243164 -33.785579681396484 31
      vertex -29.58330726623535 -34.65087127685547 31
    endloop
  endfacet
  facet normal 0 0 -1
    outer loop
      vertex -31.38903045654297 -34.06525421142578 31
      vertex -31.202157974243164 -33.785579681396484 31
      vertex -29.71202850341797 -34.961631774902344 31
    endloop
  endfacet
  facet normal 0 0 -1
    outer loop
      vertex -31.38903045654297 -34.06525421142578 31
      vertex -32.621089935302734 -32.621089935302734 31
      vertex -31.202157974243164 -33.785579681396484 31
    endloop
  endfacet
  facet normal 0 0 -1
    outer loop
      vertex -32.85893630981445 -32.85893630981445 31
      vertex -32.621089935302734 -32.621089935302734 31
      vertex -31.38903045654297 -34.06525421142578 31
    endloop
  endfacet
  facet normal 0 0 -1
    outer loop
      vertex -32.85893630981445 -32.85893630981445 31
      vertex -33.785579681396484 -31.202157974243164 31
      vertex -32.621089935302734 -32.621089935302734 31
    endloop
  endfacet
  facet normal 0 0 -1
    outer loop
      vertex -34.06525421142578 -31.38903045654297 31
      vertex -33.785579681396484 -31.202157974243164 31
      vertex -32.85893630981445 -32.85893630981445 31
    endloop
  endfacet
  facet normal 0 0 -1
    outer loop
      vertex -34.06525421142578 -31.38903045654297 31
      vertex -34.65087127685547 -29.58330726623535 31
      vertex -33.785579681396484 -31.202157974243164 31
    endloop
  endfacet
  facet normal 0 0 -1
    outer loop
      vertex -34.961631774902344 -29.71202850341797 31
      vertex -34.65087127685547 -29.58330726623535 31
      vertex -34.06525421142578 -31.38903045654297 31
    endloop
  endfacet
  facet normal 0 0 -1
    outer loop
      vertex -34.961631774902344 -29.71202850341797 31
      vertex -35.1837158203125 -27.826753616333008 31
      vertex -34.65087127685547 -29.58330726623535 31
    endloop
  endfacet
  facet normal 0 0 -1
    outer loop
      vertex -35.1837158203125 -27.826753616333008 31
      vertex -35.51361846923828 -27.892375946044922 31
      vertex -35.3636360168457 -26 31
    endloop
  endfacet
  facet normal 0 0 -1
    outer loop
      vertex -35.51361846923828 -27.892375946044922 31
      vertex -35.1837158203125 -27.826753616333008 31
      vertex -34.961631774902344 -29.71202850341797 31
    endloop
  endfacet
  facet normal 0 0 -1
    outer loop
      vertex -16.816282272338867 -24.17324447631836 31
      vertex -16.48638343811035 -24.107624053955078 31
      vertex -16.636363983154297 -26 31
    endloop
  endfacet
  facet normal 0 0 -1
    outer loop
      vertex -16.816282272338867 -24.17324447631836 31
      vertex -17.038368225097656 -22.28797149658203 31
      vertex -16.48638343811035 -24.107624053955078 31
    endloop
  endfacet
  facet normal 0 0 -1
    outer loop
      vertex -17.3491268157959 -22.416690826416016 31
      vertex -17.038368225097656 -22.28797149658203 31
      vertex -16.816282272338867 -24.17324447631836 31
    endloop
  endfacet
  facet normal 0 0 -1
    outer loop
      vertex -17.3491268157959 -22.416690826416016 31
      vertex -17.93474578857422 -20.61096954345703 31
      vertex -17.038368225097656 -22.28797149658203 31
    endloop
  endfacet
  facet normal 0 0 -1
    outer loop
      vertex -18.214420318603516 -20.797842025756836 31
      vertex -17.93474578857422 -20.61096954345703 31
      vertex -17.3491268157959 -22.416690826416016 31
    endloop
  endfacet
  facet normal 0 0 -1
    outer loop
      vertex -18.214420318603516 -20.797842025756836 31
      vertex -19.141063690185547 -19.141063690185547 31
      vertex -17.93474578857422 -20.61096954345703 31
    endloop
  endfacet
  facet normal 0 0 -1
    outer loop
      vertex -19.378908157348633 -19.378908157348633 31
      vertex -19.141063690185547 -19.141063690185547 31
      vertex -18.214420318603516 -20.797842025756836 31
    endloop
  endfacet
  facet normal 0 0 -1
    outer loop
      vertex -19.378908157348633 -19.378908157348633 31
      vertex -20.61096954345703 -17.93474578857422 31
      vertex -19.141063690185547 -19.141063690185547 31
    endloop
  endfacet
  facet normal 0 0 -1
    outer loop
      vertex -20.797842025756836 -18.214420318603516 31
      vertex -20.61096954345703 -17.93474578857422 31
      vertex -19.378908157348633 -19.378908157348633 31
    endloop
  endfacet
  facet normal 0 0 -1
    outer loop
      vertex -20.797842025756836 -18.214420318603516 31
      vertex -22.28797149658203 -17.038368225097656 31
      vertex -20.61096954345703 -17.93474578857422 31
    endloop
  endfacet
  facet normal 0 0 -1
    outer loop
      vertex -22.416690826416016 -17.3491268157959 31
      vertex -22.28797149658203 -17.038368225097656 31
      vertex -20.797842025756836 -18.214420318603516 31
    endloop
  endfacet
  facet normal 0 0 -1
    outer loop
      vertex -22.416690826416016 -17.3491268157959 31
      vertex -24.107624053955078 -16.48638343811035 31
      vertex -22.28797149658203 -17.038368225097656 31
    endloop
  endfacet
  facet normal 0 0 -1
    outer loop
      vertex -24.17324447631836 -16.816282272338867 31
      vertex -24.107624053955078 -16.48638343811035 31
      vertex -22.416690826416016 -17.3491268157959 31
    endloop
  endfacet
  facet normal 0 0 -1
    outer loop
      vertex -26 -16.636363983154297 31
      vertex -24.107624053955078 -16.48638343811035 31
      vertex -24.17324447631836 -16.816282272338867 31
    endloop
  endfacet
  facet normal 0 0 -1
    outer loop
      vertex -26 -16.636363983154297 31
      vertex -26 -16.299999237060547 31
      vertex -24.107624053955078 -16.48638343811035 31
    endloop
  endfacet
  facet normal 0 0 -1
    outer loop
      vertex -27.826753616333008 -16.816282272338867 31
      vertex -26 -16.299999237060547 31
      vertex -26 -16.636363983154297 31
    endloop
  endfacet
  facet normal 0 0 -1
    outer loop
      vertex -27.826753616333008 -16.816282272338867 31
      vertex -27.892375946044922 -16.48638343811035 31
      vertex -26 -16.299999237060547 31
    endloop
  endfacet
  facet normal 0 0 -1
    outer loop
      vertex -29.58330726623535 -17.3491268157959 31
      vertex -27.892375946044922 -16.48638343811035 31
      vertex -27.826753616333008 -16.816282272338867 31
    endloop
  endfacet
  facet normal 0 0 -1
    outer loop
      vertex -29.58330726623535 -17.3491268157959 31
      vertex -29.71202850341797 -17.038368225097656 31
      vertex -27.892375946044922 -16.48638343811035 31
    endloop
  endfacet
  facet normal 0 0 -1
    outer loop
      vertex -31.202157974243164 -18.214420318603516 31
      vertex -29.71202850341797 -17.038368225097656 31
      vertex -29.58330726623535 -17.3491268157959 31
    endloop
  endfacet
  facet normal 0 0 -1
    outer loop
      vertex -31.202157974243164 -18.214420318603516 31
      vertex -31.38903045654297 -17.93474578857422 31
      vertex -29.71202850341797 -17.038368225097656 31
    endloop
  endfacet
  facet normal 0 0 -1
    outer loop
      vertex -32.621089935302734 -19.378908157348633 31
      vertex -31.38903045654297 -17.93474578857422 31
      vertex -31.202157974243164 -18.214420318603516 31
    endloop
  endfacet
  facet normal 0 0 -1
    outer loop
      vertex -32.621089935302734 -19.378908157348633 31
      vertex -32.85893630981445 -19.141063690185547 31
      vertex -31.38903045654297 -17.93474578857422 31
    endloop
  endfacet
  facet normal 0 0 -1
    outer loop
      vertex -33.785579681396484 -20.797842025756836 31
      vertex -32.85893630981445 -19.141063690185547 31
      vertex -32.621089935302734 -19.378908157348633 31
    endloop
  endfacet
  facet normal 0 0 -1
    outer loop
      vertex -33.785579681396484 -20.797842025756836 31
      vertex -34.06525421142578 -20.61096954345703 31
      vertex -32.85893630981445 -19.141063690185547 31
    endloop
  endfacet
  facet normal 0 0 -1
    outer loop
      vertex -34.65087127685547 -22.416690826416016 31
      vertex -34.06525421142578 -20.61096954345703 31
      vertex -33.785579681396484 -20.797842025756836 31
    endloop
  endfacet
  facet normal 0 0 -1
    outer loop
      vertex -34.65087127685547 -22.416690826416016 31
      vertex -34.961631774902344 -22.28797149658203 31
      vertex -34.06525421142578 -20.61096954345703 31
    endloop
  endfacet
  facet normal 0 0 -1
    outer loop
      vertex -35.1837158203125 -24.17324447631836 31
      vertex -34.961631774902344 -22.28797149658203 31
      vertex -34.65087127685547 -22.416690826416016 31
    endloop
  endfacet
  facet normal 0 0 -1
    outer loop
      vertex -35.1837158203125 -24.17324447631836 31
      vertex -35.51361846923828 -24.107624053955078 31
      vertex -34.961631774902344 -22.28797149658203 31
    endloop
  endfacet
  facet normal 0 0 -1
    outer loop
      vertex -35.3636360168457 -26 31
      vertex -35.51361846923828 -24.107624053955078 31
      vertex -35.1837158203125 -24.17324447631836 31
    endloop
  endfacet
  facet normal 0 0 -1
    outer loop
      vertex -35.70000076293945 -26 31
      vertex -35.3636360168457 -26 31
      vertex -35.51361846923828 -27.892375946044922 31
    endloop
  endfacet
  facet normal 0 0 -1
    outer loop
      vertex -35.3636360168457 -26 31
      vertex -35.70000076293945 -26 31
      vertex -35.51361846923828 -24.107624053955078 31
    endloop
  endfacet
  facet normal 0.8819215112462494 0.47139627491223507 0
    outer loop
      vertex -18.147024154663086 -22.7471923828125 30
      vertex -18.93250846862793 -21.277652740478516 2
      vertex -18.93250846862793 -21.277652740478516 30
    endloop
  endfacet
  facet normal 0.8819215112462494 0.47139627491223507 0
    outer loop
      vertex -18.93250846862793 -21.277652740478516 2
      vertex -18.147024154663086 -22.7471923828125 30
      vertex -18.147024154663086 -22.7471923828125 2
    endloop
  endfacet
  facet normal -0.9951846609053696 -0.09801780806906615 0
    outer loop
      vertex -34.336673736572266 -27.658267974853516 2
      vertex -34.5 -26 30
      vertex -34.5 -26 2
    endloop
  endfacet
  facet normal -0.9951846609053696 -0.09801780806906615 0
    outer loop
      vertex -34.5 -26 30
      vertex -34.336673736572266 -27.658267974853516 2
      vertex -34.336673736572266 -27.658267974853516 30
    endloop
  endfacet
  facet normal 0.9569404499134926 0.29028430084894774 0
    outer loop
      vertex -16.48638343811035 -24.107624053955078 32.5
      vertex -17.038368225097656 -22.28797149658203 31
      vertex -17.038368225097656 -22.28797149658203 32.5
    endloop
  endfacet
  facet normal 0.9569404499134926 0.29028430084894774 0
    outer loop
      vertex -17.038368225097656 -22.28797149658203 31
      vertex -16.48638343811035 -24.107624053955078 32.5
      vertex -16.48638343811035 -24.107624053955078 31
    endloop
  endfacet
  facet normal 0.09801788952780126 0.995184652882326 0
    outer loop
      vertex -24.107624053955078 -16.48638343811035 31
      vertex -26 -16.299999237060547 32.5
      vertex -24.107624053955078 -16.48638343811035 32.5
    endloop
  endfacet
  facet normal 0.09801788952780126 0.995184652882326 0
    outer loop
      vertex -26 -16.299999237060547 32.5
      vertex -24.107624053955078 -16.48638343811035 31
      vertex -26 -16.299999237060547 31
    endloop
  endfacet
  facet normal 0.9951846513504844 0.09801790508072948 0
    outer loop
      vertex -16.408340454101562 -24.900001525878906 31.5
      vertex -16.48638343811035 -24.107624053955078 32.5
      vertex -16.408340454101562 -24.900001525878906 32.5
    endloop
  endfacet
  facet normal 0.9951846513504844 0.09801790508072948 0
    outer loop
      vertex -16.48638343811035 -24.107624053955078 32.5
      vertex -16.408340454101562 -24.900001525878906 31.5
      vertex -16.48638343811035 -24.107624053955078 31
    endloop
  endfacet
  facet normal 0.9951846539857792 0.09801787832434028 0
    outer loop
      vertex -16.299999237060547 -26 31
      vertex -16.408340454101562 -24.900001525878906 31.5
      vertex -16.299999237060547 -26 31.5
    endloop
  endfacet
  facet normal 0.9951846528823257 0.09801788952780122 -2.4886678873779862e-8
    outer loop
      vertex -16.408340454101562 -24.900001525878906 31.5
      vertex -16.299999237060547 -26 31
      vertex -16.48638343811035 -24.107624053955078 31
    endloop
  endfacet
  facet normal 0.7730115955583242 -0.6343918923917407 0
    outer loop
      vertex -18.87579917907715 -32.535709381103516 32.5
      vertex -19.141063690185547 -32.85893630981445 32.5
      vertex -18.87579917907715 -32.535709381103516 31.5
    endloop
  endfacet
  facet normal 0.7730110096682797 -0.6343926063027743 0
    outer loop
      vertex -18.87579917907715 -32.535709381103516 31.5
      vertex -17.93474578857422 -31.38903045654297 31
      vertex -17.93474578857422 -31.38903045654297 31.5
    endloop
  endfacet
  facet normal 0.7730111385032007 -0.6343924493163694 6.025070822864305e-7
    outer loop
      vertex -18.87579917907715 -32.535709381103516 31.5
      vertex -19.141063690185547 -32.85893630981445 31
      vertex -17.93474578857422 -31.38903045654297 31
    endloop
  endfacet
  facet normal 0.7730115955583241 -0.6343918923917405 0
    outer loop
      vertex -19.141063690185547 -32.85893630981445 31
      vertex -18.87579917907715 -32.535709381103516 31.5
      vertex -19.141063690185547 -32.85893630981445 32.5
    endloop
  endfacet
  facet normal 0.4713966861266102 0.8819212914477403 0
    outer loop
      vertex -20.61096954345703 -17.93474578857422 32.5
      vertex -21.984317779541016 -17.20067596435547 31.5
      vertex -21.984317779541016 -17.20067596435547 32.5
    endloop
  endfacet
  facet normal 0.47139668612661023 0.8819212914477403 0
    outer loop
      vertex -20.61096954345703 -17.93474578857422 31
      vertex -21.984317779541016 -17.20067596435547 31.5
      vertex -20.61096954345703 -17.93474578857422 32.5
    endloop
  endfacet
  facet normal 0.47139728677458853 0.8819209703919377 0.000002121152436385768
    outer loop
      vertex -22.28797149658203 -17.038368225097656 31
      vertex -21.984317779541016 -17.20067596435547 31.5
      vertex -20.61096954345703 -17.93474578857422 31
    endloop
  endfacet
  facet normal 0.4714000033497069 0.8819195183472788 0
    outer loop
      vertex -21.984317779541016 -17.20067596435547 31.5
      vertex -22.28797149658203 -17.038368225097656 31
      vertex -22.28797149658203 -17.038368225097656 31.5
    endloop
  endfacet
  facet normal -0.8819208408814223 -0.4713975290760496 0
    outer loop
      vertex -34.961631774902344 -29.71202850341797 31
      vertex -34.407501220703125 -30.74873161315918 31.5
      vertex -34.961631774902344 -29.71202850341797 32.5
    endloop
  endfacet
  facet normal -0.8819209703937377 -0.4713972867755507 6.459208237404024e-7
    outer loop
      vertex -34.06525421142578 -31.38903045654297 31
      vertex -34.407501220703125 -30.74873161315918 31.5
      vertex -34.961631774902344 -29.71202850341797 31
    endloop
  endfacet
  facet normal -0.8819211800865887 -0.4713968944686407 0
    outer loop
      vertex -34.407501220703125 -30.74873161315918 31.5
      vertex -34.06525421142578 -31.38903045654297 31
      vertex -34.06525421142578 -31.38903045654297 31.5
    endloop
  endfacet
  facet normal -0.8819208408814223 -0.47139752907604965 0
    outer loop
      vertex -34.961631774902344 -29.71202850341797 32.5
      vertex -34.407501220703125 -30.74873161315918 31.5
      vertex -34.407501220703125 -30.74873161315918 32.5
    endloop
  endfacet
  facet normal 0.7730115955583242 0.6343918923917407 0
    outer loop
      vertex -18.87579917907715 -19.464290618896484 31.5
      vertex -19.141063690185547 -19.141063690185547 32.5
      vertex -18.87579917907715 -19.464290618896484 32.5
    endloop
  endfacet
  facet normal 0.7730115955583241 0.6343918923917405 0
    outer loop
      vertex -19.141063690185547 -19.141063690185547 32.5
      vertex -18.87579917907715 -19.464290618896484 31.5
      vertex -19.141063690185547 -19.141063690185547 31
    endloop
  endfacet
  facet normal 0.7730110096682797 0.6343926063027743 0
    outer loop
      vertex -17.93474578857422 -20.61096954345703 31
      vertex -18.87579917907715 -19.464290618896484 31.5
      vertex -17.93474578857422 -20.61096954345703 31.5
    endloop
  endfacet
  facet normal 0.7730111385032007 0.6343924493163694 6.025070822864305e-7
    outer loop
      vertex -18.87579917907715 -19.464290618896484 31.5
      vertex -17.93474578857422 -20.61096954345703 31
      vertex -19.141063690185547 -19.141063690185547 31
    endloop
  endfacet
  facet normal 0.6343924493164845 -0.773011138503341 0
    outer loop
      vertex -20.61096954345703 -34.06525421142578 31
      vertex -19.141063690185547 -32.85893630981445 32.5
      vertex -20.61096954345703 -34.06525421142578 32.5
    endloop
  endfacet
  facet normal 0.6343924493164845 -0.773011138503341 0
    outer loop
      vertex -19.141063690185547 -32.85893630981445 32.5
      vertex -20.61096954345703 -34.06525421142578 31
      vertex -19.141063690185547 -32.85893630981445 31
    endloop
  endfacet
  facet normal 0.6343924493164845 0.773011138503341 0
    outer loop
      vertex -19.141063690185547 -19.141063690185547 31
      vertex -20.61096954345703 -17.93474578857422 32.5
      vertex -19.141063690185547 -19.141063690185547 32.5
    endloop
  endfacet
  facet normal 0.6343924493164845 0.773011138503341 0
    outer loop
      vertex -20.61096954345703 -17.93474578857422 32.5
      vertex -19.141063690185547 -19.141063690185547 31
      vertex -20.61096954345703 -17.93474578857422 31
    endloop
  endfacet
  facet normal 0.8819208408814223 0.47139752907604965 0
    outer loop
      vertex -17.592498779296875 -21.25126838684082 32.5
      vertex -17.038368225097656 -22.28797149658203 32.5
      vertex -17.592498779296875 -21.25126838684082 31.5
    endloop
  endfacet
  facet normal 0.8819211800865887 0.4713968944686407 0
    outer loop
      vertex -17.592498779296875 -21.25126838684082 31.5
      vertex -17.93474578857422 -20.61096954345703 31
      vertex -17.93474578857422 -20.61096954345703 31.5
    endloop
  endfacet
  facet normal 0.8819209703937377 0.4713972867755507 6.459208237404024e-7
    outer loop
      vertex -17.592498779296875 -21.25126838684082 31.5
      vertex -17.038368225097656 -22.28797149658203 31
      vertex -17.93474578857422 -20.61096954345703 31
    endloop
  endfacet
  facet normal 0.8819208408814223 0.4713975290760496 0
    outer loop
      vertex -17.038368225097656 -22.28797149658203 31
      vertex -17.592498779296875 -21.25126838684082 31.5
      vertex -17.038368225097656 -22.28797149658203 32.5
    endloop
  endfacet
  facet normal -0.7730138324889309 0.6343891666641032 0
    outer loop
      vertex -32.85893630981445 -19.141063690185547 31
      vertex -33.12419891357422 -19.464290618896484 31.5
      vertex -32.85893630981445 -19.141063690185547 32.5
    endloop
  endfacet
  facet normal -0.7730111384984666 0.6343924493124842 0.0000035513105586105093
    outer loop
      vertex -34.06525421142578 -20.61096954345703 31
      vertex -33.12419891357422 -19.464290618896484 31.5
      vertex -32.85893630981445 -19.141063690185547 31
    endloop
  endfacet
  facet normal -0.7730103791210351 0.6343933746274102 0
    outer loop
      vertex -33.12419891357422 -19.464290618896484 31.5
      vertex -34.06525421142578 -20.61096954345703 31
      vertex -34.06525421142578 -20.61096954345703 31.5
    endloop
  endfacet
  facet normal -0.7730138324889309 0.6343891666641032 0
    outer loop
      vertex -32.85893630981445 -19.141063690185547 32.5
      vertex -33.12419891357422 -19.464290618896484 31.5
      vertex -33.12419891357422 -19.464290618896484 32.5
    endloop
  endfacet
  facet normal -0.8819211800865887 0.4713968944686407 0
    outer loop
      vertex -34.06525421142578 -20.61096954345703 31
      vertex -34.407501220703125 -21.25126838684082 31.5
      vertex -34.06525421142578 -20.61096954345703 31.5
    endloop
  endfacet
  facet normal -0.8819209703937377 0.4713972867755507 6.459208237404024e-7
    outer loop
      vertex -34.961631774902344 -22.28797149658203 31
      vertex -34.407501220703125 -21.25126838684082 31.5
      vertex -34.06525421142578 -20.61096954345703 31
    endloop
  endfacet
  facet normal -0.8819208408814223 0.4713975290760496 0
    outer loop
      vertex -34.961631774902344 -22.28797149658203 32.5
      vertex -34.407501220703125 -21.25126838684082 31.5
      vertex -34.961631774902344 -22.28797149658203 31
    endloop
  endfacet
  facet normal -0.8819208408814223 0.47139752907604965 0
    outer loop
      vertex -34.407501220703125 -21.25126838684082 31.5
      vertex -34.961631774902344 -22.28797149658203 32.5
      vertex -34.407501220703125 -21.25126838684082 32.5
    endloop
  endfacet
  facet normal 0.09801689610588415 -0.9951847507260991 0
    outer loop
      vertex -26 -35.70000076293945 31
      vertex -24.107624053955078 -35.51361846923828 32.5
      vertex -26 -35.70000076293945 32.5
    endloop
  endfacet
  facet normal 0.09801689610588415 -0.9951847507260991 0
    outer loop
      vertex -24.107624053955078 -35.51361846923828 32.5
      vertex -26 -35.70000076293945 31
      vertex -24.107624053955078 -35.51361846923828 31
    endloop
  endfacet
  facet normal 0.9951846513504844 -0.09801790508072948 0
    outer loop
      vertex -16.408340454101562 -27.099998474121094 32.5
      vertex -16.48638343811035 -27.892375946044922 32.5
      vertex -16.408340454101562 -27.099998474121094 31.5
    endloop
  endfacet
  facet normal 0.9951846539857792 -0.09801787832434028 0
    outer loop
      vertex -16.408340454101562 -27.099998474121094 31.5
      vertex -16.299999237060547 -26 31
      vertex -16.299999237060547 -26 31.5
    endloop
  endfacet
  facet normal 0.9951846528823257 -0.09801788952780122 -2.4886678873779862e-8
    outer loop
      vertex -16.408340454101562 -27.099998474121094 31.5
      vertex -16.48638343811035 -27.892375946044922 31
      vertex -16.299999237060547 -26 31
    endloop
  endfacet
  facet normal 0.9951846513504844 -0.09801790508072948 0
    outer loop
      vertex -16.48638343811035 -27.892375946044922 31
      vertex -16.408340454101562 -27.099998474121094 31.5
      vertex -16.48638343811035 -27.892375946044922 32.5
    endloop
  endfacet
  facet normal -0.9951848850218858 0.09801553256487308 0
    outer loop
      vertex -35.51361846923828 -24.107624053955078 31
      vertex -35.59165954589844 -24.900001525878906 31.5
      vertex -35.51361846923828 -24.107624053955078 32.5
    endloop
  endfacet
  facet normal -0.9951847507237306 0.09801689610565086 0.000002181839533999119
    outer loop
      vertex -35.70000076293945 -26 31
      vertex -35.59165954589844 -24.900001525878906 31.5
      vertex -35.51361846923828 -24.107624053955078 31
    endloop
  endfacet
  facet normal -0.9951846539857792 0.09801787832434028 0
    outer loop
      vertex -35.59165954589844 -24.900001525878906 31.5
      vertex -35.70000076293945 -26 31
      vertex -35.70000076293945 -26 31.5
    endloop
  endfacet
  facet normal -0.995184885021886 0.09801553256487308 0
    outer loop
      vertex -35.51361846923828 -24.107624053955078 32.5
      vertex -35.59165954589844 -24.900001525878906 31.5
      vertex -35.59165954589844 -24.900001525878906 32.5
    endloop
  endfacet
  facet normal 0.29036889574334673 -0.9569147842858262 0
    outer loop
      vertex -24.107624053955078 -35.51361846923828 32.5
      vertex -24.069231033325195 -35.50196838378906 31.5
      vertex -24.069231033325195 -35.50196838378906 32.5
    endloop
  endfacet
  facet normal 0.2903688957433468 -0.9569147842858263 0
    outer loop
      vertex -24.107624053955078 -35.51361846923828 31
      vertex -24.069231033325195 -35.50196838378906 31.5
      vertex -24.107624053955078 -35.51361846923828 32.5
    endloop
  endfacet
  facet normal 0.2902852193777515 -0.9569401712550145 0.000007016697581747349
    outer loop
      vertex -22.28797149658203 -34.961631774902344 31
      vertex -24.069231033325195 -35.50196838378906 31.5
      vertex -24.107624053955078 -35.51361846923828 31
    endloop
  endfacet
  facet normal 0.29028341576297445 -0.9569407184005602 0
    outer loop
      vertex -24.069231033325195 -35.50196838378906 31.5
      vertex -22.28797149658203 -34.961631774902344 31
      vertex -22.28797149658203 -34.961631774902344 31.5
    endloop
  endfacet
  facet normal -0.7730103791210351 -0.6343933746274102 0
    outer loop
      vertex -34.06525421142578 -31.38903045654297 31
      vertex -33.12419891357422 -32.535709381103516 31.5
      vertex -34.06525421142578 -31.38903045654297 31.5
    endloop
  endfacet
  facet normal -0.7730111384984666 -0.6343924493124842 0.0000035513105586105093
    outer loop
      vertex -32.85893630981445 -32.85893630981445 31
      vertex -33.12419891357422 -32.535709381103516 31.5
      vertex -34.06525421142578 -31.38903045654297 31
    endloop
  endfacet
  facet normal -0.7730138324889309 -0.6343891666641032 0
    outer loop
      vertex -32.85893630981445 -32.85893630981445 32.5
      vertex -33.12419891357422 -32.535709381103516 31.5
      vertex -32.85893630981445 -32.85893630981445 31
    endloop
  endfacet
  facet normal -0.7730138324889309 -0.6343891666641032 0
    outer loop
      vertex -33.12419891357422 -32.535709381103516 31.5
      vertex -32.85893630981445 -32.85893630981445 32.5
      vertex -33.12419891357422 -32.535709381103516 32.5
    endloop
  endfacet
  facet normal -0.09801689610588415 -0.9951847507260991 0
    outer loop
      vertex -27.892375946044922 -35.51361846923828 31
      vertex -26 -35.70000076293945 32.5
      vertex -27.892375946044922 -35.51361846923828 32.5
    endloop
  endfacet
  facet normal -0.09801689610588415 -0.9951847507260991 0
    outer loop
      vertex -26 -35.70000076293945 32.5
      vertex -27.892375946044922 -35.51361846923828 31
      vertex -26 -35.70000076293945 31
    endloop
  endfacet
  facet normal -0.6343924493164845 -0.773011138503341 0
    outer loop
      vertex -32.85893630981445 -32.85893630981445 31
      vertex -31.38903045654297 -34.06525421142578 32.5
      vertex -32.85893630981445 -32.85893630981445 32.5
    endloop
  endfacet
  facet normal -0.6343924493164845 -0.773011138503341 0
    outer loop
      vertex -31.38903045654297 -34.06525421142578 32.5
      vertex -32.85893630981445 -32.85893630981445 31
      vertex -31.38903045654297 -34.06525421142578 31
    endloop
  endfacet
  facet normal -0.4714000033497069 0.8819195183472788 0
    outer loop
      vertex -29.71202850341797 -17.038368225097656 31.5
      vertex -29.71202850341797 -17.038368225097656 31
      vertex -30.015682220458984 -17.20067596435547 31.5
    endloop
  endfacet
  facet normal -0.4713966861266102 0.8819212914477403 0
    outer loop
      vertex -30.015682220458984 -17.20067596435547 31.5
      vertex -31.38903045654297 -17.93474578857422 32.5
      vertex -30.015682220458984 -17.20067596435547 32.5
    endloop
  endfacet
  facet normal -0.47139728677458853 0.8819209703919377 0.000002121152436385768
    outer loop
      vertex -31.38903045654297 -17.93474578857422 31
      vertex -30.015682220458984 -17.20067596435547 31.5
      vertex -29.71202850341797 -17.038368225097656 31
    endloop
  endfacet
  facet normal -0.47139668612661023 0.8819212914477403 0
    outer loop
      vertex -30.015682220458984 -17.20067596435547 31.5
      vertex -31.38903045654297 -17.93474578857422 31
      vertex -31.38903045654297 -17.93474578857422 32.5
    endloop
  endfacet
  facet normal -0.09801788952780126 0.995184652882326 0
    outer loop
      vertex -26 -16.299999237060547 31
      vertex -27.892375946044922 -16.48638343811035 32.5
      vertex -26 -16.299999237060547 32.5
    endloop
  endfacet
  facet normal -0.09801788952780126 0.995184652882326 0
    outer loop
      vertex -27.892375946044922 -16.48638343811035 32.5
      vertex -26 -16.299999237060547 31
      vertex -27.892375946044922 -16.48638343811035 31
    endloop
  endfacet
  facet normal -0.9951846539857792 -0.09801787832434028 0
    outer loop
      vertex -35.70000076293945 -26 31
      vertex -35.59165954589844 -27.099998474121094 31.5
      vertex -35.70000076293945 -26 31.5
    endloop
  endfacet
  facet normal -0.9951847507237306 -0.09801689610565086 0.000002181839533999119
    outer loop
      vertex -35.51361846923828 -27.892375946044922 31
      vertex -35.59165954589844 -27.099998474121094 31.5
      vertex -35.70000076293945 -26 31
    endloop
  endfacet
  facet normal -0.9951848850218858 -0.09801553256487308 0
    outer loop
      vertex -35.51361846923828 -27.892375946044922 32.5
      vertex -35.59165954589844 -27.099998474121094 31.5
      vertex -35.51361846923828 -27.892375946044922 31
    endloop
  endfacet
  facet normal -0.995184885021886 -0.09801553256487308 0
    outer loop
      vertex -35.59165954589844 -27.099998474121094 31.5
      vertex -35.51361846923828 -27.892375946044922 32.5
      vertex -35.59165954589844 -27.099998474121094 32.5
    endloop
  endfacet
  facet normal 0.8819208408814223 -0.47139752907604965 0
    outer loop
      vertex -17.592498779296875 -30.74873161315918 31.5
      vertex -17.038368225097656 -29.71202850341797 32.5
      vertex -17.592498779296875 -30.74873161315918 32.5
    endloop
  endfacet
  facet normal 0.8819208408814223 -0.4713975290760496 0
    outer loop
      vertex -17.038368225097656 -29.71202850341797 32.5
      vertex -17.592498779296875 -30.74873161315918 31.5
      vertex -17.038368225097656 -29.71202850341797 31
    endloop
  endfacet
  facet normal 0.8819211800865887 -0.4713968944686407 0
    outer loop
      vertex -17.93474578857422 -31.38903045654297 31
      vertex -17.592498779296875 -30.74873161315918 31.5
      vertex -17.93474578857422 -31.38903045654297 31.5
    endloop
  endfacet
  facet normal 0.8819209703937377 -0.4713972867755507 6.459208237404024e-7
    outer loop
      vertex -17.592498779296875 -30.74873161315918 31.5
      vertex -17.93474578857422 -31.38903045654297 31
      vertex -17.038368225097656 -29.71202850341797 31
    endloop
  endfacet
  facet normal -0.9569401712785716 -0.29028521938489743 0
    outer loop
      vertex -34.961631774902344 -29.71202850341797 31
      vertex -35.51361846923828 -27.892375946044922 32.5
      vertex -35.51361846923828 -27.892375946044922 31
    endloop
  endfacet
  facet normal -0.9569401712785716 -0.29028521938489743 0
    outer loop
      vertex -35.51361846923828 -27.892375946044922 32.5
      vertex -34.961631774902344 -29.71202850341797 31
      vertex -34.961631774902344 -29.71202850341797 32.5
    endloop
  endfacet
  facet normal 0.2902843540977013 0.9569404337606809 0
    outer loop
      vertex -22.28797149658203 -17.038368225097656 31.5
      vertex -22.28797149658203 -17.038368225097656 31
      vertex -24.069231033325195 -16.498029708862305 31.5
    endloop
  endfacet
  facet normal 0.2902818303487781 0.9569411993269823 0
    outer loop
      vertex -24.069231033325195 -16.498029708862305 31.5
      vertex -24.107624053955078 -16.48638343811035 32.5
      vertex -24.069231033325195 -16.498029708862305 32.5
    endloop
  endfacet
  facet normal 0.2902818303487781 0.9569411993269823 0
    outer loop
      vertex -24.069231033325195 -16.498029708862305 31.5
      vertex -24.107624053955078 -16.48638343811035 31
      vertex -24.107624053955078 -16.48638343811035 32.5
    endloop
  endfacet
  facet normal 0.2902843008489415 0.956940449913472 -2.0715567277431856e-7
    outer loop
      vertex -24.107624053955078 -16.48638343811035 31
      vertex -24.069231033325195 -16.498029708862305 31.5
      vertex -22.28797149658203 -17.038368225097656 31
    endloop
  endfacet
  facet normal -0.2902818303487781 0.9569411993269823 0
    outer loop
      vertex -27.892375946044922 -16.48638343811035 32.5
      vertex -27.930768966674805 -16.498029708862305 31.5
      vertex -27.930768966674805 -16.498029708862305 32.5
    endloop
  endfacet
  facet normal -0.2902818303487781 0.9569411993269823 0
    outer loop
      vertex -27.892375946044922 -16.48638343811035 31
      vertex -27.930768966674805 -16.498029708862305 31.5
      vertex -27.892375946044922 -16.48638343811035 32.5
    endloop
  endfacet
  facet normal -0.2902843008489415 0.956940449913472 -2.0715567277431856e-7
    outer loop
      vertex -29.71202850341797 -17.038368225097656 31
      vertex -27.930768966674805 -16.498029708862305 31.5
      vertex -27.892375946044922 -16.48638343811035 31
    endloop
  endfacet
  facet normal -0.2902843540977013 0.9569404337606809 0
    outer loop
      vertex -27.930768966674805 -16.498029708862305 31.5
      vertex -29.71202850341797 -17.038368225097656 31
      vertex -29.71202850341797 -17.038368225097656 31.5
    endloop
  endfacet
  facet normal 0.9569404499134926 -0.29028430084894774 0
    outer loop
      vertex -17.038368225097656 -29.71202850341797 32.5
      vertex -16.48638343811035 -27.892375946044922 31
      vertex -16.48638343811035 -27.892375946044922 32.5
    endloop
  endfacet
  facet normal 0.9569404499134926 -0.29028430084894774 0
    outer loop
      vertex -16.48638343811035 -27.892375946044922 31
      vertex -17.038368225097656 -29.71202850341797 32.5
      vertex -17.038368225097656 -29.71202850341797 31
    endloop
  endfacet
  facet normal 0 0 1
    outer loop
      vertex -24.107624053955078 -16.48638343811035 32.5
      vertex -24.614870071411133 -18.177331924438477 32.5
      vertex -24.069231033325195 -16.498029708862305 32.5
    endloop
  endfacet
  facet normal 0 0 1
    outer loop
      vertex -26 -16.299999237060547 32.5
      vertex -24.614870071411133 -18.177331924438477 32.5
      vertex -24.107624053955078 -16.48638343811035 32.5
    endloop
  endfacet
  facet normal 0 0 1
    outer loop
      vertex -26 -16.299999237060547 32.5
      vertex -26 -18.040908813476562 32.5
      vertex -24.614870071411133 -18.177331924438477 32.5
    endloop
  endfacet
  facet normal 0 0 1
    outer loop
      vertex -26 -16.299999237060547 32.5
      vertex -27.385129928588867 -18.177331924438477 32.5
      vertex -26 -18.040908813476562 32.5
    endloop
  endfacet
  facet normal 0 0 1
    outer loop
      vertex -27.892375946044922 -16.48638343811035 32.5
      vertex -27.385129928588867 -18.177331924438477 32.5
      vertex -26 -16.299999237060547 32.5
    endloop
  endfacet
  facet normal 0 0 1
    outer loop
      vertex -27.385129928588867 -18.177331924438477 32.5
      vertex -27.892375946044922 -16.48638343811035 32.5
      vertex -27.930768966674805 -16.498029708862305 32.5
    endloop
  endfacet
  facet normal 0 0 1
    outer loop
      vertex -18.19384002685547 -24.44725799560547 32.5
      vertex -16.48638343811035 -24.107624053955078 32.5
      vertex -17.038368225097656 -22.28797149658203 32.5
    endloop
  endfacet
  facet normal 0 0 1
    outer loop
      vertex -19.007484436035156 -22.279315948486328 32.5
      vertex -17.038368225097656 -22.28797149658203 32.5
      vertex -17.592498779296875 -21.25126838684082 32.5
    endloop
  endfacet
  facet normal 0 0 1
    outer loop
      vertex -18.19384002685547 -24.44725799560547 32.5
      vertex -17.038368225097656 -22.28797149658203 32.5
      vertex -18.646759033203125 -22.954187393188477 32.5
    endloop
  endfacet
  facet normal 0 0 1
    outer loop
      vertex -16.408340454101562 -24.900001525878906 32.5
      vertex -18.19384002685547 -24.44725799560547 32.5
      vertex -18.149250030517578 -24.900001525878906 32.5
    endloop
  endfacet
  facet normal 0 0 1
    outer loop
      vertex -16.48638343811035 -24.107624053955078 32.5
      vertex -18.19384002685547 -24.44725799560547 32.5
      vertex -16.408340454101562 -24.900001525878906 32.5
    endloop
  endfacet
  facet normal 0 0 1
    outer loop
      vertex -17.038368225097656 -22.28797149658203 32.5
      vertex -19.007484436035156 -22.279315948486328 32.5
      vertex -18.646759033203125 -22.954187393188477 32.5
    endloop
  endfacet
  facet normal 0 0 1
    outer loop
      vertex -20.372072219848633 -31.627925872802734 32.5
      vertex -18.87579917907715 -32.535709381103516 32.5
      vertex -20.279876708984375 -31.515586853027344 32.5
    endloop
  endfacet
  facet normal 0 0 1
    outer loop
      vertex -18.87579917907715 -32.535709381103516 32.5
      vertex -20.372072219848633 -31.627925872802734 32.5
      vertex -19.141063690185547 -32.85893630981445 32.5
    endloop
  endfacet
  facet normal 0 0 1
    outer loop
      vertex -20.372072219848633 -31.627925872802734 32.5
      vertex -20.61096954345703 -34.06525421142578 32.5
      vertex -19.141063690185547 -32.85893630981445 32.5
    endloop
  endfacet
  facet normal 0 0 1
    outer loop
      vertex -21.57816505432129 -32.617740631103516 32.5
      vertex -20.61096954345703 -34.06525421142578 32.5
      vertex -20.372072219848633 -31.627925872802734 32.5
    endloop
  endfacet
  facet normal 0 0 1
    outer loop
      vertex -22.528167724609375 -33.12553024291992 32.5
      vertex -20.61096954345703 -34.06525421142578 32.5
      vertex -21.57816505432129 -32.617740631103516 32.5
    endloop
  endfacet
  facet normal 0 0 1
    outer loop
      vertex -20.61096954345703 -34.06525421142578 32.5
      vertex -22.528167724609375 -33.12553024291992 32.5
      vertex -21.984317779541016 -34.79932403564453 32.5
    endloop
  endfacet
  facet normal 0 0 1
    outer loop
      vertex -34.961631774902344 -29.71202850341797 32.5
      vertex -32.992515563964844 -29.720684051513672 32.5
      vertex -33.353240966796875 -29.045812606811523 32.5
    endloop
  endfacet
  facet normal 0 0 1
    outer loop
      vertex -34.961631774902344 -29.71202850341797 32.5
      vertex -33.353240966796875 -29.045812606811523 32.5
      vertex -33.80615997314453 -27.55274200439453 32.5
    endloop
  endfacet
  facet normal 0 0 1
    outer loop
      vertex -35.51361846923828 -27.892375946044922 32.5
      vertex -33.80615997314453 -27.55274200439453 32.5
      vertex -33.85074996948242 -27.099998474121094 32.5
    endloop
  endfacet
  facet normal 0 0 1
    outer loop
      vertex -32.992515563964844 -29.720684051513672 32.5
      vertex -34.961631774902344 -29.71202850341797 32.5
      vertex -34.407501220703125 -30.74873161315918 32.5
    endloop
  endfacet
  facet normal 0 0 1
    outer loop
      vertex -33.80615997314453 -27.55274200439453 32.5
      vertex -35.51361846923828 -27.892375946044922 32.5
      vertex -34.961631774902344 -29.71202850341797 32.5
    endloop
  endfacet
  facet normal 0 0 1
    outer loop
      vertex -35.51361846923828 -27.892375946044922 32.5
      vertex -33.85074996948242 -27.099998474121094 32.5
      vertex -35.59165954589844 -27.099998474121094 32.5
    endloop
  endfacet
  facet normal 0 0 1
    outer loop
      vertex -20.372072219848633 -20.372072219848633 32.5
      vertex -18.87579917907715 -19.464290618896484 32.5
      vertex -19.141063690185547 -19.141063690185547 32.5
    endloop
  endfacet
  facet normal 0 0 1
    outer loop
      vertex -18.87579917907715 -19.464290618896484 32.5
      vertex -20.372072219848633 -20.372072219848633 32.5
      vertex -20.279876708984375 -20.484413146972656 32.5
    endloop
  endfacet
  facet normal 0 0 1
    outer loop
      vertex -20.61096954345703 -17.93474578857422 32.5
      vertex -20.372072219848633 -20.372072219848633 32.5
      vertex -19.141063690185547 -19.141063690185547 32.5
    endloop
  endfacet
  facet normal 0 0 1
    outer loop
      vertex -20.61096954345703 -17.93474578857422 32.5
      vertex -21.57816505432129 -19.38225746154785 32.5
      vertex -20.372072219848633 -20.372072219848633 32.5
    endloop
  endfacet
  facet normal 0 0 1
    outer loop
      vertex -22.528167724609375 -18.87447166442871 32.5
      vertex -20.61096954345703 -17.93474578857422 32.5
      vertex -21.984317779541016 -17.20067596435547 32.5
    endloop
  endfacet
  facet normal 0 0 1
    outer loop
      vertex -20.61096954345703 -17.93474578857422 32.5
      vertex -22.528167724609375 -18.87447166442871 32.5
      vertex -21.57816505432129 -19.38225746154785 32.5
    endloop
  endfacet
  facet normal 0 0 1
    outer loop
      vertex -18.19384002685547 -27.55274200439453 32.5
      vertex -16.48638343811035 -27.892375946044922 32.5
      vertex -16.408340454101562 -27.099998474121094 32.5
    endloop
  endfacet
  facet normal 0 0 1
    outer loop
      vertex -16.48638343811035 -27.892375946044922 32.5
      vertex -18.19384002685547 -27.55274200439453 32.5
      vertex -17.038368225097656 -29.71202850341797 32.5
    endloop
  endfacet
  facet normal 0 0 1
    outer loop
      vertex -18.19384002685547 -27.55274200439453 32.5
      vertex -16.408340454101562 -27.099998474121094 32.5
      vertex -18.149250030517578 -27.099998474121094 32.5
    endloop
  endfacet
  facet normal 0 0 1
    outer loop
      vertex -17.038368225097656 -29.71202850341797 32.5
      vertex -18.19384002685547 -27.55274200439453 32.5
      vertex -18.646759033203125 -29.045812606811523 32.5
    endloop
  endfacet
  facet normal 0 0 1
    outer loop
      vertex -19.00748634338379 -29.720684051513672 32.5
      vertex -17.038368225097656 -29.71202850341797 32.5
      vertex -18.646759033203125 -29.045812606811523 32.5
    endloop
  endfacet
  facet normal 0 0 1
    outer loop
      vertex -17.038368225097656 -29.71202850341797 32.5
      vertex -19.00748634338379 -29.720684051513672 32.5
      vertex -17.592498779296875 -30.74873161315918 32.5
    endloop
  endfacet
  facet normal 0 0 1
    outer loop
      vertex -34.961631774902344 -22.28797149658203 32.5
      vertex -32.992515563964844 -22.279315948486328 32.5
      vertex -34.407501220703125 -21.25126838684082 32.5
    endloop
  endfacet
  facet normal 0 0 1
    outer loop
      vertex -32.992515563964844 -22.279315948486328 32.5
      vertex -34.961631774902344 -22.28797149658203 32.5
      vertex -33.353240966796875 -22.954187393188477 32.5
    endloop
  endfacet
  facet normal 0 0 1
    outer loop
      vertex -33.353240966796875 -22.954187393188477 32.5
      vertex -34.961631774902344 -22.28797149658203 32.5
      vertex -33.80615997314453 -24.44725799560547 32.5
    endloop
  endfacet
  facet normal 0 0 1
    outer loop
      vertex -35.51361846923828 -24.107624053955078 32.5
      vertex -33.80615997314453 -24.44725799560547 32.5
      vertex -34.961631774902344 -22.28797149658203 32.5
    endloop
  endfacet
  facet normal 0 0 1
    outer loop
      vertex -33.80615997314453 -24.44725799560547 32.5
      vertex -35.51361846923828 -24.107624053955078 32.5
      vertex -33.85074996948242 -24.900001525878906 32.5
    endloop
  endfacet
  facet normal 0 0 1
    outer loop
      vertex -33.85074996948242 -24.900001525878906 32.5
      vertex -35.51361846923828 -24.107624053955078 32.5
      vertex -35.59165954589844 -24.900001525878906 32.5
    endloop
  endfacet
  facet normal 0 0 1
    outer loop
      vertex -24.614870071411133 -33.82266616821289 32.5
      vertex -24.107624053955078 -35.51361846923828 32.5
      vertex -24.069231033325195 -35.50196838378906 32.5
    endloop
  endfacet
  facet normal 0 0 1
    outer loop
      vertex -26 -35.70000076293945 32.5
      vertex -24.614870071411133 -33.82266616821289 32.5
      vertex -26 -33.95909118652344 32.5
    endloop
  endfacet
  facet normal 0 0 1
    outer loop
      vertex -24.614870071411133 -33.82266616821289 32.5
      vertex -26 -35.70000076293945 32.5
      vertex -24.107624053955078 -35.51361846923828 32.5
    endloop
  endfacet
  facet normal 0 0 1
    outer loop
      vertex -27.385129928588867 -33.82266616821289 32.5
      vertex -26 -35.70000076293945 32.5
      vertex -26 -33.95909118652344 32.5
    endloop
  endfacet
  facet normal 0 0 1
    outer loop
      vertex -27.385129928588867 -33.82266616821289 32.5
      vertex -27.892375946044922 -35.51361846923828 32.5
      vertex -26 -35.70000076293945 32.5
    endloop
  endfacet
  facet normal 0 0 1
    outer loop
      vertex -27.892375946044922 -35.51361846923828 32.5
      vertex -27.385129928588867 -33.82266616821289 32.5
      vertex -27.930768966674805 -35.50196838378906 32.5
    endloop
  endfacet
  facet normal 0 0 1
    outer loop
      vertex -31.38903045654297 -34.06525421142578 32.5
      vertex -29.471832275390625 -33.125526428222656 32.5
      vertex -30.421833038330078 -32.617740631103516 32.5
    endloop
  endfacet
  facet normal 0 0 1
    outer loop
      vertex -29.471832275390625 -33.125526428222656 32.5
      vertex -31.38903045654297 -34.06525421142578 32.5
      vertex -30.015682220458984 -34.79932403564453 32.5
    endloop
  endfacet
  facet normal 0 0 1
    outer loop
      vertex -31.627925872802734 -31.627925872802734 32.5
      vertex -31.38903045654297 -34.06525421142578 32.5
      vertex -30.421833038330078 -32.617740631103516 32.5
    endloop
  endfacet
  facet normal 0 0 1
    outer loop
      vertex -33.12419891357422 -32.535709381103516 32.5
      vertex -31.627925872802734 -31.627925872802734 32.5
      vertex -31.720123291015625 -31.515586853027344 32.5
    endloop
  endfacet
  facet normal 0 0 1
    outer loop
      vertex -31.627925872802734 -31.627925872802734 32.5
      vertex -32.85893630981445 -32.85893630981445 32.5
      vertex -31.38903045654297 -34.06525421142578 32.5
    endloop
  endfacet
  facet normal 0 0 1
    outer loop
      vertex -31.627925872802734 -31.627925872802734 32.5
      vertex -33.12419891357422 -32.535709381103516 32.5
      vertex -32.85893630981445 -32.85893630981445 32.5
    endloop
  endfacet
  facet normal 0 0 1
    outer loop
      vertex -31.38903045654297 -17.93474578857422 32.5
      vertex -29.471832275390625 -18.87447166442871 32.5
      vertex -30.015682220458984 -17.20067596435547 32.5
    endloop
  endfacet
  facet normal 0 0 1
    outer loop
      vertex -29.471832275390625 -18.87447166442871 32.5
      vertex -31.38903045654297 -17.93474578857422 32.5
      vertex -30.421833038330078 -19.38225746154785 32.5
    endloop
  endfacet
  facet normal 0 0 1
    outer loop
      vertex -31.38903045654297 -17.93474578857422 32.5
      vertex -31.627925872802734 -20.372072219848633 32.5
      vertex -30.421833038330078 -19.38225746154785 32.5
    endloop
  endfacet
  facet normal 0 0 1
    outer loop
      vertex -32.85893630981445 -19.141063690185547 32.5
      vertex -31.627925872802734 -20.372072219848633 32.5
      vertex -31.38903045654297 -17.93474578857422 32.5
    endloop
  endfacet
  facet normal 0 0 1
    outer loop
      vertex -33.12419891357422 -19.464290618896484 32.5
      vertex -31.627925872802734 -20.372072219848633 32.5
      vertex -32.85893630981445 -19.141063690185547 32.5
    endloop
  endfacet
  facet normal 0 0 1
    outer loop
      vertex -31.627925872802734 -20.372072219848633 32.5
      vertex -33.12419891357422 -19.464290618896484 32.5
      vertex -31.720123291015625 -20.484413146972656 32.5
    endloop
  endfacet
  facet normal -0.4713966861266102 -0.8819212914477403 0
    outer loop
      vertex -31.38903045654297 -34.06525421142578 32.5
      vertex -30.015682220458984 -34.79932403564453 31.5
      vertex -30.015682220458984 -34.79932403564453 32.5
    endloop
  endfacet
  facet normal -0.47139668612661023 -0.8819212914477403 0
    outer loop
      vertex -31.38903045654297 -34.06525421142578 31
      vertex -30.015682220458984 -34.79932403564453 31.5
      vertex -31.38903045654297 -34.06525421142578 32.5
    endloop
  endfacet
  facet normal -0.47139728677458853 -0.8819209703919377 0.000002121152436385768
    outer loop
      vertex -29.71202850341797 -34.961631774902344 31
      vertex -30.015682220458984 -34.79932403564453 31.5
      vertex -31.38903045654297 -34.06525421142578 31
    endloop
  endfacet
  facet normal -0.4714000033497069 -0.8819195183472788 0
    outer loop
      vertex -30.015682220458984 -34.79932403564453 31.5
      vertex -29.71202850341797 -34.961631774902344 31
      vertex -29.71202850341797 -34.961631774902344 31.5
    endloop
  endfacet
  facet normal -0.9569401712785716 0.29028521938489743 0
    outer loop
      vertex -35.51361846923828 -24.107624053955078 31
      vertex -34.961631774902344 -22.28797149658203 32.5
      vertex -34.961631774902344 -22.28797149658203 31
    endloop
  endfacet
  facet normal -0.9569401712785716 0.29028521938489743 0
    outer loop
      vertex -34.961631774902344 -22.28797149658203 32.5
      vertex -35.51361846923828 -24.107624053955078 31
      vertex -35.51361846923828 -24.107624053955078 32.5
    endloop
  endfacet
  facet normal -0.6343924493164845 0.773011138503341 0
    outer loop
      vertex -31.38903045654297 -17.93474578857422 31
      vertex -32.85893630981445 -19.141063690185547 32.5
      vertex -31.38903045654297 -17.93474578857422 32.5
    endloop
  endfacet
  facet normal -0.6343924493164845 0.773011138503341 0
    outer loop
      vertex -32.85893630981445 -19.141063690185547 32.5
      vertex -31.38903045654297 -17.93474578857422 31
      vertex -32.85893630981445 -19.141063690185547 31
    endloop
  endfacet
  facet normal -0.29028341576297445 -0.9569407184005602 0
    outer loop
      vertex -29.71202850341797 -34.961631774902344 31.5
      vertex -29.71202850341797 -34.961631774902344 31
      vertex -27.930768966674805 -35.50196838378906 31.5
    endloop
  endfacet
  facet normal -0.29036889574334673 -0.9569147842858262 0
    outer loop
      vertex -27.930768966674805 -35.50196838378906 31.5
      vertex -27.892375946044922 -35.51361846923828 32.5
      vertex -27.930768966674805 -35.50196838378906 32.5
    endloop
  endfacet
  facet normal -0.2903688957433468 -0.9569147842858263 0
    outer loop
      vertex -27.930768966674805 -35.50196838378906 31.5
      vertex -27.892375946044922 -35.51361846923828 31
      vertex -27.892375946044922 -35.51361846923828 32.5
    endloop
  endfacet
  facet normal -0.2902852193777515 -0.9569401712550145 0.000007016697581747349
    outer loop
      vertex -27.892375946044922 -35.51361846923828 31
      vertex -27.930768966674805 -35.50196838378906 31.5
      vertex -29.71202850341797 -34.961631774902344 31
    endloop
  endfacet
  facet normal 0.4714000033497069 -0.8819195183472788 0
    outer loop
      vertex -22.28797149658203 -34.961631774902344 31.5
      vertex -22.28797149658203 -34.961631774902344 31
      vertex -21.984317779541016 -34.79932403564453 31.5
    endloop
  endfacet
  facet normal 0.4713966861266102 -0.8819212914477403 0
    outer loop
      vertex -21.984317779541016 -34.79932403564453 31.5
      vertex -20.61096954345703 -34.06525421142578 32.5
      vertex -21.984317779541016 -34.79932403564453 32.5
    endloop
  endfacet
  facet normal 0.47139728677458853 -0.8819209703919377 0.000002121152436385768
    outer loop
      vertex -20.61096954345703 -34.06525421142578 31
      vertex -21.984317779541016 -34.79932403564453 31.5
      vertex -22.28797149658203 -34.961631774902344 31
    endloop
  endfacet
  facet normal 0.47139668612661023 -0.8819212914477403 0
    outer loop
      vertex -21.984317779541016 -34.79932403564453 31.5
      vertex -20.61096954345703 -34.06525421142578 31
      vertex -20.61096954345703 -34.06525421142578 32.5
    endloop
  endfacet
  facet normal 1 0 0
    outer loop
      vertex -16 24.900001525878906 35.5
      vertex -16 27.099998474121094 31.5
      vertex -16 27.099998474121094 35.5
    endloop
  endfacet
  facet normal 1 0 0
    outer loop
      vertex -16 27.099998474121094 31.5
      vertex -16 24.900001525878906 35.5
      vertex -16 24.900001525878906 31.5
    endloop
  endfacet
  facet normal 0 0 1
    outer loop
      vertex -18.200000762939453 27.099998474121094 35.5
      vertex -16 24.900001525878906 35.5
      vertex -16 27.099998474121094 35.5
    endloop
  endfacet
  facet normal 0 0 1
    outer loop
      vertex -16 24.900001525878906 35.5
      vertex -18.200000762939453 27.099998474121094 35.5
      vertex -18.200000762939453 24.900001525878906 35.5
    endloop
  endfacet
  facet normal 0 0 -1
    outer loop
      vertex -16 24.900001525878906 31.5
      vertex -16.299999237060547 26 31.5
      vertex -16 27.099998474121094 31.5
    endloop
  endfacet
  facet normal 0 0 -1
    outer loop
      vertex -16.299999237060547 26 31.5
      vertex -16 24.900001525878906 31.5
      vertex -16.408340454101562 24.900001525878906 31.5
    endloop
  endfacet
  facet normal 0 0 -1
    outer loop
      vertex -16 27.099998474121094 31.5
      vertex -16.299999237060547 26 31.5
      vertex -16.408340454101562 27.099998474121094 31.5
    endloop
  endfacet
  facet normal -1 0 0
    outer loop
      vertex -18.200000762939453 26 32.66990280151367
      vertex -18.200000762939453 27.099998474121094 35.5
      vertex -18.200000762939453 27.099998474121094 32.55419921875
    endloop
  endfacet
  facet normal -1 0 0
    outer loop
      vertex -18.200000762939453 24.900001525878906 35.5
      vertex -18.200000762939453 26 32.66990280151367
      vertex -18.200000762939453 24.900001525878906 32.55419921875
    endloop
  endfacet
  facet normal -1 0 0
    outer loop
      vertex -18.200000762939453 26 32.66990280151367
      vertex -18.200000762939453 24.900001525878906 35.5
      vertex -18.200000762939453 27.099998474121094 35.5
    endloop
  endfacet
  facet normal 0 1 0
    outer loop
      vertex -16.408340454101562 27.099998474121094 32.5
      vertex -18.200000762939453 27.099998474121094 35.5
      vertex -16 27.099998474121094 35.5
    endloop
  endfacet
  facet normal 0 1 0
    outer loop
      vertex -18.200000762939453 27.099998474121094 35.5
      vertex -16.408340454101562 27.099998474121094 32.5
      vertex -18.200000762939453 27.099998474121094 32.55419921875
    endloop
  endfacet
  facet normal 0 1 0
    outer loop
      vertex -16 27.099998474121094 31.5
      vertex -16.408340454101562 27.099998474121094 32.5
      vertex -16 27.099998474121094 35.5
    endloop
  endfacet
  facet normal 0 1 0
    outer loop
      vertex -16.408340454101562 27.099998474121094 32.5
      vertex -16 27.099998474121094 31.5
      vertex -16.408340454101562 27.099998474121094 31.5
    endloop
  endfacet
  facet normal 0 1 0
    outer loop
      vertex -18.200000762939453 27.099998474121094 32.55419921875
      vertex -16.408340454101562 27.099998474121094 32.5
      vertex -18.149250030517578 27.099998474121094 32.5
    endloop
  endfacet
  facet normal 0 -1 0
    outer loop
      vertex -16.408340454101562 24.900001525878906 32.5
      vertex -18.200000762939453 24.900001525878906 35.5
      vertex -18.200000762939453 24.900001525878906 32.55419921875
    endloop
  endfacet
  facet normal 0 -1 0
    outer loop
      vertex -16.408340454101562 24.900001525878906 32.5
      vertex -18.200000762939453 24.900001525878906 32.55419921875
      vertex -18.149250030517578 24.900001525878906 32.5
    endloop
  endfacet
  facet normal 0 -1 0
    outer loop
      vertex -18.200000762939453 24.900001525878906 35.5
      vertex -16.408340454101562 24.900001525878906 32.5
      vertex -16 24.900001525878906 35.5
    endloop
  endfacet
  facet normal 0 -1 0
    outer loop
      vertex -16 24.900001525878906 31.5
      vertex -16.408340454101562 24.900001525878906 32.5
      vertex -16.408340454101562 24.900001525878906 31.5
    endloop
  endfacet
  facet normal 0 -1 0
    outer loop
      vertex -16.408340454101562 24.900001525878906 32.5
      vertex -16 24.900001525878906 31.5
      vertex -16 24.900001525878906 35.5
    endloop
  endfacet
  facet normal 0 0 1
    outer loop
      vertex -18.556394577026367 32.76776885986328 35.5
      vertex -19.04310417175293 29.694805145263672 35.5
      vertex -17.263267517089844 30.987934112548828 35.5
    endloop
  endfacet
  facet normal 0 0 1
    outer loop
      vertex -19.04310417175293 29.694805145263672 35.5
      vertex -18.556394577026367 32.76776885986328 35.5
      vertex -20.336231231689453 31.47464370727539 35.5
    endloop
  endfacet
  facet normal -0.8090172459641406 -0.5877849060095004 0
    outer loop
      vertex -19.509532928466797 30.336790084838867 32.663475036621094
      vertex -20.336231231689453 31.47464370727539 35.5
      vertex -20.336231231689453 31.47464370727539 32.574623107910156
    endloop
  endfacet
  facet normal -0.8090173564585748 -0.5877847539267919 0
    outer loop
      vertex -19.04310417175293 29.694805145263672 35.5
      vertex -19.509532928466797 30.336790084838867 32.663475036621094
      vertex -19.04310417175293 29.694805145263672 32.54680252075195
    endloop
  endfacet
  facet normal -0.8090172858193067 -0.587784851153516 -3.36208141425025e-8
    outer loop
      vertex -19.509532928466797 30.336790084838867 32.663475036621094
      vertex -19.04310417175293 29.694805145263672 35.5
      vertex -20.336231231689453 31.47464370727539 35.5
    endloop
  endfacet
  facet normal -0.5877846959811027 0.8090173985584584 3.270314420436177e-7
    outer loop
      vertex -18.87579917907715 32.535709381103516 32.5
      vertex -20.336231231689453 31.47464370727539 35.5
      vertex -18.556394577026367 32.76776885986328 35.5
    endloop
  endfacet
  facet normal -0.5877851356693985 0.8090170791065581 0
    outer loop
      vertex -20.336231231689453 31.47464370727539 35.5
      vertex -18.87579917907715 32.535709381103516 32.5
      vertex -20.336231231689453 31.47464370727539 32.574623107910156
    endloop
  endfacet
  facet normal -0.5877826855625318 0.8090188592071867 0
    outer loop
      vertex -18.556394577026367 32.76776885986328 31.5
      vertex -18.87579917907715 32.535709381103516 32.5
      vertex -18.556394577026367 32.76776885986328 35.5
    endloop
  endfacet
  facet normal -0.5877826855625318 0.8090188592071867 0
    outer loop
      vertex -18.87579917907715 32.535709381103516 32.5
      vertex -18.556394577026367 32.76776885986328 31.5
      vertex -18.87579917907715 32.535709381103516 31.5
    endloop
  endfacet
  facet normal -0.5877854370514819 0.8090168600894382 -0.000009012484490446893
    outer loop
      vertex -20.336231231689453 31.47464370727539 32.574623107910156
      vertex -18.87579917907715 32.535709381103516 32.5
      vertex -20.279876708984375 31.515586853027344 32.5
    endloop
  endfacet
  facet normal 0 0 -1
    outer loop
      vertex -17.93474578857422 31.38903045654297 31.5
      vertex -17.263267517089844 30.987934112548828 31.5
      vertex -17.592498779296875 30.74873161315918 31.5
    endloop
  endfacet
  facet normal 0 0 -1
    outer loop
      vertex -17.93474578857422 31.38903045654297 31.5
      vertex -18.556394577026367 32.76776885986328 31.5
      vertex -17.263267517089844 30.987934112548828 31.5
    endloop
  endfacet
  facet normal 0 0 -1
    outer loop
      vertex -18.556394577026367 32.76776885986328 31.5
      vertex -17.93474578857422 31.38903045654297 31.5
      vertex -18.87579917907715 32.535709381103516 31.5
    endloop
  endfacet
  facet normal 0.5877852372980412 -0.8090170052690395 0
    outer loop
      vertex -17.592498779296875 30.74873161315918 32.5
      vertex -19.04310417175293 29.694805145263672 35.5
      vertex -19.04310417175293 29.694805145263672 32.54680252075195
    endloop
  endfacet
  facet normal 0.5877848479428401 -0.8090172879420018 -0.000018433136868630807
    outer loop
      vertex -17.592498779296875 30.74873161315918 32.5
      vertex -19.04310417175293 29.694805145263672 32.54680252075195
      vertex -19.00748634338379 29.720684051513672 32.5
    endloop
  endfacet
  facet normal 0.5877858308686812 -0.8090165740142915 4.3851585484536994e-7
    outer loop
      vertex -19.04310417175293 29.694805145263672 35.5
      vertex -17.592498779296875 30.74873161315918 32.5
      vertex -17.263267517089844 30.987934112548828 35.5
    endloop
  endfacet
  facet normal 0.5877884461523698 -0.8090146738902717 0
    outer loop
      vertex -17.263267517089844 30.987934112548828 31.5
      vertex -17.592498779296875 30.74873161315918 32.5
      vertex -17.592498779296875 30.74873161315918 31.5
    endloop
  endfacet
  facet normal 0.5877884461523698 -0.8090146738902717 0
    outer loop
      vertex -17.592498779296875 30.74873161315918 32.5
      vertex -17.263267517089844 30.987934112548828 31.5
      vertex -17.263267517089844 30.987934112548828 35.5
    endloop
  endfacet
  facet normal 0.8090166867529115 0.5877856756976487 0
    outer loop
      vertex -17.263267517089844 30.987934112548828 35.5
      vertex -18.556394577026367 32.76776885986328 31.5
      vertex -18.556394577026367 32.76776885986328 35.5
    endloop
  endfacet
  facet normal 0.8090166867529115 0.5877856756976487 0
    outer loop
      vertex -18.556394577026367 32.76776885986328 31.5
      vertex -17.263267517089844 30.987934112548828 35.5
      vertex -17.263267517089844 30.987934112548828 31.5
    endloop
  endfacet
  facet normal 0 0 1
    outer loop
      vertex -23.95599365234375 35.85048294067383 35.5
      vertex -22.543506622314453 33.07832336425781 35.5
      vertex -21.86366844177246 35.17064666748047 35.5
    endloop
  endfacet
  facet normal 0 0 1
    outer loop
      vertex -22.543506622314453 33.07832336425781 35.5
      vertex -23.95599365234375 35.85048294067383 35.5
      vertex -24.63582992553711 33.75815963745117 35.5
    endloop
  endfacet
  facet normal -0.309016674133142 -0.9510566203478217 5.205545680587202e-7
    outer loop
      vertex -24.63582992553711 33.75815963745117 35.5
      vertex -23.00583839416504 33.22854232788086 32.64414596557617
      vertex -22.543506622314453 33.07832336425781 35.5
    endloop
  endfacet
  facet normal -0.3090170800981052 -0.9510564884419702 2.643863376593256e-7
    outer loop
      vertex -24.63582992553711 33.75815963745117 35.5
      vertex -24.467674255371094 33.703521728515625 32.611759185791016
      vertex -23.00583839416504 33.22854232788086 32.64414596557617
    endloop
  endfacet
  facet normal -0.30902118755113817 -0.9510551538393998 0
    outer loop
      vertex -24.467674255371094 33.703521728515625 32.611759185791016
      vertex -24.63582992553711 33.75815963745117 35.5
      vertex -24.63582992553711 33.75815963745117 32.57109832763672
    endloop
  endfacet
  facet normal -0.3090137656810401 -0.951057565355338 0
    outer loop
      vertex -22.543506622314453 33.07832336425781 35.5
      vertex -23.00583839416504 33.22854232788086 32.64414596557617
      vertex -22.543506622314453 33.07832336425781 32.55243682861328
    endloop
  endfacet
  facet normal -0.9510580103908232 0.30901239598347646 0
    outer loop
      vertex -24.069231033325195 35.50196838378906 32.5
      vertex -23.95599365234375 35.85048294067383 31.5
      vertex -24.069231033325195 35.50196838378906 31.5
    endloop
  endfacet
  facet normal -0.9510580103908232 0.30901239598347646 0
    outer loop
      vertex -23.95599365234375 35.85048294067383 31.5
      vertex -24.069231033325195 35.50196838378906 32.5
      vertex -23.95599365234375 35.85048294067383 35.5
    endloop
  endfacet
  facet normal -0.9510564043797003 0.3090173387719631 -0.0000051623151823012624
    outer loop
      vertex -24.63582992553711 33.75815963745117 32.57109832763672
      vertex -24.069231033325195 35.50196838378906 32.5
      vertex -24.614870071411133 33.82266616821289 32.5
    endloop
  endfacet
  facet normal -0.9510563425346003 0.30901752915443004 0
    outer loop
      vertex -24.63582992553711 33.75815963745117 35.5
      vertex -24.069231033325195 35.50196838378906 32.5
      vertex -24.63582992553711 33.75815963745117 32.57109832763672
    endloop
  endfacet
  facet normal -0.9510566203478069 0.30901667413313716 -5.494674213042158e-7
    outer loop
      vertex -24.069231033325195 35.50196838378906 32.5
      vertex -24.63582992553711 33.75815963745117 35.5
      vertex -23.95599365234375 35.85048294067383 35.5
    endloop
  endfacet
  facet normal 0 0 -1
    outer loop
      vertex -22.28797149658203 34.961631774902344 31.5
      vertex -21.86366844177246 35.17064666748047 31.5
      vertex -21.984317779541016 34.79932403564453 31.5
    endloop
  endfacet
  facet normal 0 0 -1
    outer loop
      vertex -22.28797149658203 34.961631774902344 31.5
      vertex -23.95599365234375 35.85048294067383 31.5
      vertex -21.86366844177246 35.17064666748047 31.5
    endloop
  endfacet
  facet normal 0 0 -1
    outer loop
      vertex -23.95599365234375 35.85048294067383 31.5
      vertex -22.28797149658203 34.961631774902344 31.5
      vertex -24.069231033325195 35.50196838378906 31.5
    endloop
  endfacet
  facet normal 0.95105704243654 -0.30901537507357374 0
    outer loop
      vertex -21.86366844177246 35.17064666748047 35.5
      vertex -21.984317779541016 34.79932403564453 32.5
      vertex -21.86366844177246 35.17064666748047 31.5
    endloop
  endfacet
  facet normal 0.9510563655496945 -0.3090174583212485 2.850743196671645e-7
    outer loop
      vertex -22.543506622314453 33.07832336425781 35.5
      vertex -21.984317779541016 34.79932403564453 32.5
      vertex -21.86366844177246 35.17064666748047 35.5
    endloop
  endfacet
  facet normal 0.9510562195043496 -0.3090179078016261 0
    outer loop
      vertex -21.984317779541016 34.79932403564453 32.5
      vertex -22.543506622314453 33.07832336425781 35.5
      vertex -22.543506622314453 33.07832336425781 32.55243682861328
    endloop
  endfacet
  facet normal 0.9510562867590527 -0.3090177007221876 0.000007513649140062399
    outer loop
      vertex -21.984317779541016 34.79932403564453 32.5
      vertex -22.543506622314453 33.07832336425781 32.55243682861328
      vertex -22.528167724609375 33.12553024291992 32.5
    endloop
  endfacet
  facet normal 0.95105704243654 -0.30901537507357374 0
    outer loop
      vertex -21.86366844177246 35.17064666748047 31.5
      vertex -21.984317779541016 34.79932403564453 32.5
      vertex -21.984317779541016 34.79932403564453 31.5
    endloop
  endfacet
  facet normal 0.3090164193354205 0.9510567031366298 0
    outer loop
      vertex -21.86366844177246 35.17064666748047 31.5
      vertex -23.95599365234375 35.85048294067383 35.5
      vertex -21.86366844177246 35.17064666748047 35.5
    endloop
  endfacet
  facet normal 0.3090164193354205 0.9510567031366298 0
    outer loop
      vertex -23.95599365234375 35.85048294067383 35.5
      vertex -21.86366844177246 35.17064666748047 31.5
      vertex -23.95599365234375 35.85048294067383 31.5
    endloop
  endfacet
  facet normal 0 0 1
    outer loop
      vertex -28.04400634765625 35.85048294067383 35.5
      vertex -29.456493377685547 33.07832336425781 35.5
      vertex -27.36417007446289 33.75815963745117 35.5
    endloop
  endfacet
  facet normal 0 0 1
    outer loop
      vertex -29.456493377685547 33.07832336425781 35.5
      vertex -28.04400634765625 35.85048294067383 35.5
      vertex -30.13633155822754 35.17064666748047 35.5
    endloop
  endfacet
  facet normal 0.3090166741331022 -0.9510566203476992 7.269385512102819e-7
    outer loop
      vertex -29.456493377685547 33.07832336425781 35.5
      vertex -28.994159698486328 33.22854232788086 32.64414596557617
      vertex -27.36417007446289 33.75815963745117 35.5
    endloop
  endfacet
  facet normal 0.309012612582975 -0.9510579400145105 0
    outer loop
      vertex -28.994159698486328 33.22854232788086 32.64414596557617
      vertex -29.456493377685547 33.07832336425781 35.5
      vertex -29.456493377685547 33.07832336425781 32.55243682861328
    endloop
  endfacet
  facet normal 0.30901744432100176 -0.9510563700986701 2.409422483098536e-7
    outer loop
      vertex -27.532325744628906 33.703521728515625 32.611759185791016
      vertex -27.36417007446289 33.75815963745117 35.5
      vertex -28.994159698486328 33.22854232788086 32.64414596557617
    endloop
  endfacet
  facet normal 0.30902118755113817 -0.9510551538393998 0
    outer loop
      vertex -27.36417007446289 33.75815963745117 35.5
      vertex -27.532325744628906 33.703521728515625 32.611759185791016
      vertex -27.36417007446289 33.75815963745117 32.57109832763672
    endloop
  endfacet
  facet normal -0.95105704243654 -0.30901537507357374 0
    outer loop
      vertex -30.015682220458984 34.79932403564453 32.5
      vertex -30.13633155822754 35.17064666748047 31.5
      vertex -30.015682220458984 34.79932403564453 31.5
    endloop
  endfacet
  facet normal -0.95105704243654 -0.30901537507357374 0
    outer loop
      vertex -30.13633155822754 35.17064666748047 31.5
      vertex -30.015682220458984 34.79932403564453 32.5
      vertex -30.13633155822754 35.17064666748047 35.5
    endloop
  endfacet
  facet normal -0.951056493320448 -0.3090170635659569 0.00003062818829991117
    outer loop
      vertex -29.456493377685547 33.07832336425781 32.55243682861328
      vertex -30.015682220458984 34.79932403564453 32.5
      vertex -29.471832275390625 33.125526428222656 32.5
    endloop
  endfacet
  facet normal -0.9510562195043496 -0.3090179078016261 0
    outer loop
      vertex -29.456493377685547 33.07832336425781 35.5
      vertex -30.015682220458984 34.79932403564453 32.5
      vertex -29.456493377685547 33.07832336425781 32.55243682861328
    endloop
  endfacet
  facet normal -0.9510563655496945 -0.3090174583212485 2.850743196671645e-7
    outer loop
      vertex -30.015682220458984 34.79932403564453 32.5
      vertex -29.456493377685547 33.07832336425781 35.5
      vertex -30.13633155822754 35.17064666748047 35.5
    endloop
  endfacet
  facet normal 0 0 -1
    outer loop
      vertex -29.71202850341797 34.961631774902344 31.5
      vertex -28.04400634765625 35.85048294067383 31.5
      vertex -27.930768966674805 35.50196838378906 31.5
    endloop
  endfacet
  facet normal 0 0 -1
    outer loop
      vertex -29.71202850341797 34.961631774902344 31.5
      vertex -30.13633155822754 35.17064666748047 31.5
      vertex -28.04400634765625 35.85048294067383 31.5
    endloop
  endfacet
  facet normal 0 0 -1
    outer loop
      vertex -30.13633155822754 35.17064666748047 31.5
      vertex -29.71202850341797 34.961631774902344 31.5
      vertex -30.015682220458984 34.79932403564453 31.5
    endloop
  endfacet
  facet normal 0.9510580103908232 0.30901239598347646 0
    outer loop
      vertex -28.04400634765625 35.85048294067383 35.5
      vertex -27.930768966674805 35.50196838378906 32.5
      vertex -28.04400634765625 35.85048294067383 31.5
    endloop
  endfacet
  facet normal 0.9510566203478069 0.30901667413313716 -5.494674213042158e-7
    outer loop
      vertex -27.36417007446289 33.75815963745117 35.5
      vertex -27.930768966674805 35.50196838378906 32.5
      vertex -28.04400634765625 35.85048294067383 35.5
    endloop
  endfacet
  facet normal 0.9510563425346003 0.30901752915443004 0
    outer loop
      vertex -27.930768966674805 35.50196838378906 32.5
      vertex -27.36417007446289 33.75815963745117 35.5
      vertex -27.36417007446289 33.75815963745117 32.57109832763672
    endloop
  endfacet
  facet normal 0.9510564043797003 0.3090173387719631 -0.0000051623151823012624
    outer loop
      vertex -27.930768966674805 35.50196838378906 32.5
      vertex -27.36417007446289 33.75815963745117 32.57109832763672
      vertex -27.385129928588867 33.82266616821289 32.5
    endloop
  endfacet
  facet normal 0.9510580103908232 0.30901239598347646 0
    outer loop
      vertex -28.04400634765625 35.85048294067383 31.5
      vertex -27.930768966674805 35.50196838378906 32.5
      vertex -27.930768966674805 35.50196838378906 31.5
    endloop
  endfacet
  facet normal -0.3090164193354205 0.9510567031366298 0
    outer loop
      vertex -28.04400634765625 35.85048294067383 31.5
      vertex -30.13633155822754 35.17064666748047 35.5
      vertex -28.04400634765625 35.85048294067383 35.5
    endloop
  endfacet
  facet normal -0.3090164193354205 0.9510567031366298 0
    outer loop
      vertex -30.13633155822754 35.17064666748047 35.5
      vertex -28.04400634765625 35.85048294067383 31.5
      vertex -30.13633155822754 35.17064666748047 31.5
    endloop
  endfacet
  facet normal 0 0 1
    outer loop
      vertex -33.443603515625 32.76776885986328 35.5
      vertex -32.95689392089844 29.694805145263672 35.5
      vertex -31.663768768310547 31.47464370727539 35.5
    endloop
  endfacet
  facet normal 0 0 1
    outer loop
      vertex -32.95689392089844 29.694805145263672 35.5
      vertex -33.443603515625 32.76776885986328 35.5
      vertex -34.736732482910156 30.987934112548828 35.5
    endloop
  endfacet
  facet normal 0.8090172459641407 -0.5877849060095004 0
    outer loop
      vertex -31.663768768310547 31.47464370727539 35.5
      vertex -32.4904670715332 30.336790084838867 32.663475036621094
      vertex -31.663768768310547 31.47464370727539 32.57461929321289
    endloop
  endfacet
  facet normal 0.8090176980908999 -0.5877842837092159 -3.8140297426276614e-7
    outer loop
      vertex -32.95689392089844 29.694805145263672 35.5
      vertex -32.4904670715332 30.336790084838867 32.663475036621094
      vertex -31.663768768310547 31.47464370727539 35.5
    endloop
  endfacet
  facet normal 0.8090184994402555 -0.5877831807422166 0
    outer loop
      vertex -32.4904670715332 30.336790084838867 32.663475036621094
      vertex -32.95689392089844 29.694805145263672 35.5
      vertex -32.95689392089844 29.694805145263672 32.54679870605469
    endloop
  endfacet
  facet normal -0.5877854185968309 -0.8090168735475735 5.076431519673326e-7
    outer loop
      vertex -34.407501220703125 30.74873161315918 32.5
      vertex -32.95689392089844 29.694805145263672 35.5
      vertex -34.736732482910156 30.987934112548828 35.5
    endloop
  endfacet
  facet normal -0.5877847314564968 -0.8090173727841782 0
    outer loop
      vertex -32.95689392089844 29.694805145263672 35.5
      vertex -34.407501220703125 30.74873161315918 32.5
      vertex -32.95689392089844 29.694805145263672 32.54679870605469
    endloop
  endfacet
  facet normal -0.5877884461523698 -0.8090146738902717 0
    outer loop
      vertex -34.736732482910156 30.987934112548828 31.5
      vertex -34.407501220703125 30.74873161315918 32.5
      vertex -34.736732482910156 30.987934112548828 35.5
    endloop
  endfacet
  facet normal -0.5877884461523698 -0.8090146738902717 0
    outer loop
      vertex -34.407501220703125 30.74873161315918 32.5
      vertex -34.736732482910156 30.987934112548828 31.5
      vertex -34.407501220703125 30.74873161315918 31.5
    endloop
  endfacet
  facet normal -0.5877853663519619 -0.8090169109466476 0.00003008046401716545
    outer loop
      vertex -32.95689392089844 29.694805145263672 32.54679870605469
      vertex -34.407501220703125 30.74873161315918 32.5
      vertex -32.992515563964844 29.720684051513672 32.5
    endloop
  endfacet
  facet normal 0 0 -1
    outer loop
      vertex -34.06525421142578 31.38903045654297 31.5
      vertex -33.443603515625 32.76776885986328 31.5
      vertex -33.12419891357422 32.535709381103516 31.5
    endloop
  endfacet
  facet normal 0 0 -1
    outer loop
      vertex -34.736732482910156 30.987934112548828 31.5
      vertex -34.06525421142578 31.38903045654297 31.5
      vertex -34.407501220703125 30.74873161315918 31.5
    endloop
  endfacet
  facet normal 0 0 -1
    outer loop
      vertex -34.06525421142578 31.38903045654297 31.5
      vertex -34.736732482910156 30.987934112548828 31.5
      vertex -33.443603515625 32.76776885986328 31.5
    endloop
  endfacet
  facet normal 0.5877856381079778 0.8090167140634348 0
    outer loop
      vertex -33.12419891357422 32.535709381103516 32.5
      vertex -31.663768768310547 31.47464370727539 35.5
      vertex -31.663768768310547 31.47464370727539 32.57461929321289
    endloop
  endfacet
  facet normal 0.5877859596527972 0.8090164803899689 -0.000009615966731657395
    outer loop
      vertex -33.12419891357422 32.535709381103516 32.5
      vertex -31.663768768310547 31.47464370727539 32.57461929321289
      vertex -31.720123291015625 31.515586853027344 32.5
    endloop
  endfacet
  facet normal 0.5877851082533898 0.8090170990253517 3.940951628484352e-7
    outer loop
      vertex -31.663768768310547 31.47464370727539 35.5
      vertex -33.12419891357422 32.535709381103516 32.5
      vertex -33.443603515625 32.76776885986328 35.5
    endloop
  endfacet
  facet normal 0.5877826855625318 0.8090188592071867 0
    outer loop
      vertex -33.443603515625 32.76776885986328 31.5
      vertex -33.12419891357422 32.535709381103516 32.5
      vertex -33.12419891357422 32.535709381103516 31.5
    endloop
  endfacet
  facet normal 0.5877826855625318 0.8090188592071867 0
    outer loop
      vertex -33.12419891357422 32.535709381103516 32.5
      vertex -33.443603515625 32.76776885986328 31.5
      vertex -33.443603515625 32.76776885986328 35.5
    endloop
  endfacet
  facet normal -0.8090162744804307 0.5877862431409946 0
    outer loop
      vertex -34.736732482910156 30.987934112548828 31.5
      vertex -33.443603515625 32.76776885986328 35.5
      vertex -33.443603515625 32.76776885986328 31.5
    endloop
  endfacet
  facet normal -0.8090162744804307 0.5877862431409946 0
    outer loop
      vertex -33.443603515625 32.76776885986328 35.5
      vertex -34.736732482910156 30.987934112548828 31.5
      vertex -34.736732482910156 30.987934112548828 35.5
    endloop
  endfacet
  facet normal 0 0 1
    outer loop
      vertex -36 27.099998474121094 35.5
      vertex -33.79999923706055 24.900001525878906 35.5
      vertex -33.79999923706055 27.099998474121094 35.5
    endloop
  endfacet
  facet normal 0 0 1
    outer loop
      vertex -33.79999923706055 24.900001525878906 35.5
      vertex -36 27.099998474121094 35.5
      vertex -36 24.900001525878906 35.5
    endloop
  endfacet
  facet normal 1 0 0
    outer loop
      vertex -33.79999923706055 27.099998474121094 35.5
      vertex -33.79999923706055 26 32.66990280151367
      vertex -33.79999923706055 27.099998474121094 32.55419921875
    endloop
  endfacet
  facet normal 1 0 0
    outer loop
      vertex -33.79999923706055 24.900001525878906 35.5
      vertex -33.79999923706055 26 32.66990280151367
      vertex -33.79999923706055 27.099998474121094 35.5
    endloop
  endfacet
  facet normal 1 0 0
    outer loop
      vertex -33.79999923706055 26 32.66990280151367
      vertex -33.79999923706055 24.900001525878906 35.5
      vertex -33.79999923706055 24.900001525878906 32.55419921875
    endloop
  endfacet
  facet normal 0 -1 0
    outer loop
      vertex -35.59165954589844 24.900001525878906 32.5
      vertex -33.79999923706055 24.900001525878906 35.5
      vertex -36 24.900001525878906 35.5
    endloop
  endfacet
  facet normal 0 -1 0
    outer loop
      vertex -33.79999923706055 24.900001525878906 35.5
      vertex -35.59165954589844 24.900001525878906 32.5
      vertex -33.79999923706055 24.900001525878906 32.55419921875
    endloop
  endfacet
  facet normal 0 -1 0
    outer loop
      vertex -36 24.900001525878906 31.5
      vertex -35.59165954589844 24.900001525878906 32.5
      vertex -36 24.900001525878906 35.5
    endloop
  endfacet
  facet normal 0 -1 0
    outer loop
      vertex -35.59165954589844 24.900001525878906 32.5
      vertex -36 24.900001525878906 31.5
      vertex -35.59165954589844 24.900001525878906 31.5
    endloop
  endfacet
  facet normal 0 -1 0
    outer loop
      vertex -33.79999923706055 24.900001525878906 32.55419921875
      vertex -35.59165954589844 24.900001525878906 32.5
      vertex -33.85074996948242 24.900001525878906 32.5
    endloop
  endfacet
  facet normal 0 0 -1
    outer loop
      vertex -35.59165954589844 24.900001525878906 31.5
      vertex -36 24.900001525878906 31.5
      vertex -35.70000076293945 26 31.5
    endloop
  endfacet
  facet normal 0 0 -1
    outer loop
      vertex -36 27.099998474121094 31.5
      vertex -35.70000076293945 26 31.5
      vertex -36 24.900001525878906 31.5
    endloop
  endfacet
  facet normal 0 0 -1
    outer loop
      vertex -35.70000076293945 26 31.5
      vertex -36 27.099998474121094 31.5
      vertex -35.59165954589844 27.099998474121094 31.5
    endloop
  endfacet
  facet normal 0 1 0
    outer loop
      vertex -35.59165954589844 27.099998474121094 32.5
      vertex -33.79999923706055 27.099998474121094 35.5
      vertex -33.79999923706055 27.099998474121094 32.55419921875
    endloop
  endfacet
  facet normal 0 1 0
    outer loop
      vertex -35.59165954589844 27.099998474121094 32.5
      vertex -33.79999923706055 27.099998474121094 32.55419921875
      vertex -33.85074996948242 27.099998474121094 32.5
    endloop
  endfacet
  facet normal 0 1 0
    outer loop
      vertex -33.79999923706055 27.099998474121094 35.5
      vertex -35.59165954589844 27.099998474121094 32.5
      vertex -36 27.099998474121094 35.5
    endloop
  endfacet
  facet normal 0 1 0
    outer loop
      vertex -36 27.099998474121094 31.5
      vertex -35.59165954589844 27.099998474121094 32.5
      vertex -35.59165954589844 27.099998474121094 31.5
    endloop
  endfacet
  facet normal 0 1 0
    outer loop
      vertex -35.59165954589844 27.099998474121094 32.5
      vertex -36 27.099998474121094 31.5
      vertex -36 27.099998474121094 35.5
    endloop
  endfacet
  facet normal -1 0 0
    outer loop
      vertex -36 24.900001525878906 31.5
      vertex -36 27.099998474121094 35.5
      vertex -36 27.099998474121094 31.5
    endloop
  endfacet
  facet normal -1 0 0
    outer loop
      vertex -36 27.099998474121094 35.5
      vertex -36 24.900001525878906 31.5
      vertex -36 24.900001525878906 35.5
    endloop
  endfacet
  facet normal -0.8090165740143693 -0.5877858308687377 0
    outer loop
      vertex -33.443603515625 19.232229232788086 31.5
      vertex -34.736732482910156 21.012065887451172 35.5
      vertex -34.736732482910156 21.012065887451172 31.5
    endloop
  endfacet
  facet normal -0.8090165740143693 -0.5877858308687377 0
    outer loop
      vertex -34.736732482910156 21.012065887451172 35.5
      vertex -33.443603515625 19.232229232788086 31.5
      vertex -33.443603515625 19.232229232788086 35.5
    endloop
  endfacet
  facet normal 0 0 1
    outer loop
      vertex -32.95689392089844 22.305194854736328 35.5
      vertex -33.443603515625 19.232229232788086 35.5
      vertex -31.663768768310547 20.52535629272461 35.5
    endloop
  endfacet
  facet normal 0 0 1
    outer loop
      vertex -33.443603515625 19.232229232788086 35.5
      vertex -32.95689392089844 22.305194854736328 35.5
      vertex -34.736732482910156 21.012065887451172 35.5
    endloop
  endfacet
  facet normal 0 0 -1
    outer loop
      vertex -33.443603515625 19.232229232788086 31.5
      vertex -34.06525421142578 20.61096954345703 31.5
      vertex -33.12419891357422 19.464290618896484 31.5
    endloop
  endfacet
  facet normal 0 0 -1
    outer loop
      vertex -34.736732482910156 21.012065887451172 31.5
      vertex -34.06525421142578 20.61096954345703 31.5
      vertex -33.443603515625 19.232229232788086 31.5
    endloop
  endfacet
  facet normal 0 0 -1
    outer loop
      vertex -34.06525421142578 20.61096954345703 31.5
      vertex -34.736732482910156 21.012065887451172 31.5
      vertex -34.407501220703125 21.25126838684082 31.5
    endloop
  endfacet
  facet normal 0.8090193298582236 0.5877820377620867 0
    outer loop
      vertex -32.95689392089844 22.305194854736328 35.5
      vertex -32.4904670715332 21.6632080078125 32.663475036621094
      vertex -32.95689392089844 22.305194854736328 32.54680252075195
    endloop
  endfacet
  facet normal 0.8090176980907148 0.5877842837090814 -7.766434760722276e-7
    outer loop
      vertex -31.663768768310547 20.52535629272461 35.5
      vertex -32.4904670715332 21.6632080078125 32.663475036621094
      vertex -32.95689392089844 22.305194854736328 35.5
    endloop
  endfacet
  facet normal 0.8090167774323765 0.5877855508881895 0
    outer loop
      vertex -32.4904670715332 21.6632080078125 32.663475036621094
      vertex -31.663768768310547 20.52535629272461 35.5
      vertex -31.663768768310547 20.52535629272461 32.574623107910156
    endloop
  endfacet
  facet normal 0.5877856756976485 -0.8090166867529112 -2.7958449185580983e-8
    outer loop
      vertex -33.12419891357422 19.464290618896484 32.5
      vertex -31.663768768310547 20.52535629272461 35.5
      vertex -33.443603515625 19.232229232788086 35.5
    endloop
  endfacet
  facet normal 0.5877856381079777 -0.8090167140634348 0
    outer loop
      vertex -31.663768768310547 20.52535629272461 35.5
      vertex -33.12419891357422 19.464290618896484 32.5
      vertex -31.663768768310547 20.52535629272461 32.574623107910156
    endloop
  endfacet
  facet normal 0.5877858475707929 -0.8090165618795975 0
    outer loop
      vertex -33.443603515625 19.232229232788086 31.5
      vertex -33.12419891357422 19.464290618896484 32.5
      vertex -33.443603515625 19.232229232788086 35.5
    endloop
  endfacet
  facet normal 0.5877858475707929 -0.8090165618795975 0
    outer loop
      vertex -33.12419891357422 19.464290618896484 32.5
      vertex -33.443603515625 19.232229232788086 31.5
      vertex -33.12419891357422 19.464290618896484 31.5
    endloop
  endfacet
  facet normal 0.5877859596528002 -0.809016480389973 -0.00000961547516807848
    outer loop
      vertex -31.663768768310547 20.52535629272461 32.574623107910156
      vertex -33.12419891357422 19.464290618896484 32.5
      vertex -31.720123291015625 20.484413146972656 32.5
    endloop
  endfacet
  facet normal -0.5877847314564968 0.8090173727841782 0
    outer loop
      vertex -34.407501220703125 21.25126838684082 32.5
      vertex -32.95689392089844 22.305194854736328 35.5
      vertex -32.95689392089844 22.305194854736328 32.54680252075195
    endloop
  endfacet
  facet normal -0.5877853663520052 0.8090169109467071 0.000030078012271791746
    outer loop
      vertex -34.407501220703125 21.25126838684082 32.5
      vertex -32.95689392089844 22.305194854736328 32.54680252075195
      vertex -32.992515563964844 22.279315948486328 32.5
    endloop
  endfacet
  facet normal -0.5877854185968309 0.8090168735475735 5.076431519673326e-7
    outer loop
      vertex -32.95689392089844 22.305194854736328 35.5
      vertex -34.407501220703125 21.25126838684082 32.5
      vertex -34.736732482910156 21.012065887451172 35.5
    endloop
  endfacet
  facet normal -0.5877884461523698 0.8090146738902717 0
    outer loop
      vertex -34.736732482910156 21.012065887451172 31.5
      vertex -34.407501220703125 21.25126838684082 32.5
      vertex -34.407501220703125 21.25126838684082 31.5
    endloop
  endfacet
  facet normal -0.5877884461523698 0.8090146738902717 0
    outer loop
      vertex -34.407501220703125 21.25126838684082 32.5
      vertex -34.736732482910156 21.012065887451172 31.5
      vertex -34.736732482910156 21.012065887451172 35.5
    endloop
  endfacet
  facet normal -0.3090164193354205 -0.9510567031366298 0
    outer loop
      vertex -30.13633155822754 16.82935333251953 31.5
      vertex -28.04400634765625 16.149517059326172 35.5
      vertex -30.13633155822754 16.82935333251953 35.5
    endloop
  endfacet
  facet normal -0.3090164193354205 -0.9510567031366298 0
    outer loop
      vertex -28.04400634765625 16.149517059326172 35.5
      vertex -30.13633155822754 16.82935333251953 31.5
      vertex -28.04400634765625 16.149517059326172 31.5
    endloop
  endfacet
  facet normal 0 0 1
    outer loop
      vertex -29.456493377685547 18.92167854309082 35.5
      vertex -28.04400634765625 16.149517059326172 35.5
      vertex -27.36417007446289 18.241840362548828 35.5
    endloop
  endfacet
  facet normal 0 0 1
    outer loop
      vertex -28.04400634765625 16.149517059326172 35.5
      vertex -29.456493377685547 18.92167854309082 35.5
      vertex -30.13633155822754 16.82935333251953 35.5
    endloop
  endfacet
  facet normal 0 0 -1
    outer loop
      vertex -28.04400634765625 16.149517059326172 31.5
      vertex -29.71202850341797 17.038368225097656 31.5
      vertex -27.930768966674805 16.498029708862305 31.5
    endloop
  endfacet
  facet normal 0 0 -1
    outer loop
      vertex -29.71202850341797 17.038368225097656 31.5
      vertex -30.13633155822754 16.82935333251953 31.5
      vertex -30.015682220458984 17.20067596435547 31.5
    endloop
  endfacet
  facet normal 0 0 -1
    outer loop
      vertex -30.13633155822754 16.82935333251953 31.5
      vertex -29.71202850341797 17.038368225097656 31.5
      vertex -28.04400634765625 16.149517059326172 31.5
    endloop
  endfacet
  facet normal 0.30901745832125277 0.9510563655497076 2.3210794766414164e-7
    outer loop
      vertex -27.36417007446289 18.241840362548828 35.5
      vertex -28.994159698486328 18.77145767211914 32.64414596557617
      vertex -29.456493377685547 18.92167854309082 35.5
    endloop
  endfacet
  facet normal 0.30901744432100176 0.9510563700986701 2.409422483098536e-7
    outer loop
      vertex -27.36417007446289 18.241840362548828 35.5
      vertex -27.532325744628906 18.296478271484375 32.611759185791016
      vertex -28.994159698486328 18.77145767211914 32.64414596557617
    endloop
  endfacet
  facet normal 0.30902118755113817 0.9510551538393998 0
    outer loop
      vertex -27.532325744628906 18.296478271484375 32.611759185791016
      vertex -27.36417007446289 18.241840362548828 35.5
      vertex -27.36417007446289 18.241840362548828 32.57109832763672
    endloop
  endfacet
  facet normal 0.3090161614905441 0.9510567869152977 0
    outer loop
      vertex -29.456493377685547 18.92167854309082 35.5
      vertex -28.994159698486328 18.77145767211914 32.64414596557617
      vertex -29.456493377685547 18.92167854309082 32.55243682861328
    endloop
  endfacet
  facet normal 0.951056441869776 -0.30901722343261323 0
    outer loop
      vertex -27.930768966674805 16.498029708862305 32.5
      vertex -27.36417007446289 18.241840362548828 32.57109832763672
      vertex -27.36417007446289 18.241840362548828 35.5
    endloop
  endfacet
  facet normal 0.9510564043877212 -0.3090173387745692 0.0000031276660059417447
    outer loop
      vertex -27.36417007446289 18.241840362548828 32.57109832763672
      vertex -27.930768966674805 16.498029708862305 32.5
      vertex -27.385129928588867 18.177331924438477 32.5
    endloop
  endfacet
  facet normal 0.9510566203478913 -0.3090166741331646 -3.5299991099621206e-7
    outer loop
      vertex -28.04400634765625 16.149517059326172 35.5
      vertex -27.930768966674805 16.498029708862305 32.5
      vertex -27.36417007446289 18.241840362548828 35.5
    endloop
  endfacet
  facet normal 0.9510575133738786 -0.3090139256653247 0
    outer loop
      vertex -28.04400634765625 16.149517059326172 31.5
      vertex -27.930768966674805 16.498029708862305 32.5
      vertex -28.04400634765625 16.149517059326172 35.5
    endloop
  endfacet
  facet normal 0.9510575133738786 -0.3090139256653247 0
    outer loop
      vertex -27.930768966674805 16.498029708862305 32.5
      vertex -28.04400634765625 16.149517059326172 31.5
      vertex -27.930768966674805 16.498029708862305 31.5
    endloop
  endfacet
  facet normal -0.95105704243654 0.30901537507357374 0
    outer loop
      vertex -30.015682220458984 17.20067596435547 31.5
      vertex -30.13633155822754 16.82935333251953 31.5
      vertex -30.015682220458984 17.20067596435547 32.5
    endloop
  endfacet
  facet normal -0.9510563902472176 0.30901738221111946 0.000007830665026767654
    outer loop
      vertex -30.015682220458984 17.20067596435547 32.5
      vertex -29.456493377685547 18.92167854309082 32.55243682861328
      vertex -29.471832275390625 18.87447166442871 32.5
    endloop
  endfacet
  facet normal -0.951056320156226 0.309017598027844 0
    outer loop
      vertex -29.456493377685547 18.92167854309082 32.55243682861328
      vertex -30.015682220458984 17.20067596435547 32.5
      vertex -29.456493377685547 18.92167854309082 35.5
    endloop
  endfacet
  facet normal -0.9510564483387807 0.309017203522978 2.502073820663407e-7
    outer loop
      vertex -30.015682220458984 17.20067596435547 32.5
      vertex -30.13633155822754 16.82935333251953 35.5
      vertex -29.456493377685547 18.92167854309082 35.5
    endloop
  endfacet
  facet normal -0.95105704243654 0.30901537507357374 0
    outer loop
      vertex -30.13633155822754 16.82935333251953 35.5
      vertex -30.015682220458984 17.20067596435547 32.5
      vertex -30.13633155822754 16.82935333251953 31.5
    endloop
  endfacet
  facet normal 0.3090164193354205 -0.9510567031366298 0
    outer loop
      vertex -23.95599365234375 16.149517059326172 31.5
      vertex -21.86366844177246 16.82935333251953 35.5
      vertex -23.95599365234375 16.149517059326172 35.5
    endloop
  endfacet
  facet normal 0.3090164193354205 -0.9510567031366298 0
    outer loop
      vertex -21.86366844177246 16.82935333251953 35.5
      vertex -23.95599365234375 16.149517059326172 31.5
      vertex -21.86366844177246 16.82935333251953 31.5
    endloop
  endfacet
  facet normal 0 0 1
    outer loop
      vertex -22.543506622314453 18.92167854309082 35.5
      vertex -23.95599365234375 16.149517059326172 35.5
      vertex -21.86366844177246 16.82935333251953 35.5
    endloop
  endfacet
  facet normal 0 0 1
    outer loop
      vertex -23.95599365234375 16.149517059326172 35.5
      vertex -22.543506622314453 18.92167854309082 35.5
      vertex -24.63582992553711 18.241840362548828 35.5
    endloop
  endfacet
  facet normal 0 0 -1
    outer loop
      vertex -21.86366844177246 16.82935333251953 31.5
      vertex -22.28797149658203 17.038368225097656 31.5
      vertex -21.984317779541016 17.20067596435547 31.5
    endloop
  endfacet
  facet normal 0 0 -1
    outer loop
      vertex -23.95599365234375 16.149517059326172 31.5
      vertex -22.28797149658203 17.038368225097656 31.5
      vertex -21.86366844177246 16.82935333251953 31.5
    endloop
  endfacet
  facet normal 0 0 -1
    outer loop
      vertex -22.28797149658203 17.038368225097656 31.5
      vertex -23.95599365234375 16.149517059326172 31.5
      vertex -24.069231033325195 16.498029708862305 31.5
    endloop
  endfacet
  facet normal -0.30901745832126093 0.9510563655497329 2.5723440774192643e-8
    outer loop
      vertex -22.543506622314453 18.92167854309082 35.5
      vertex -23.00583839416504 18.77145767211914 32.64414596557617
      vertex -24.63582992553711 18.241840362548828 35.5
    endloop
  endfacet
  facet normal -0.309017314599056 0.951056412247974 0
    outer loop
      vertex -23.00583839416504 18.77145767211914 32.64414596557617
      vertex -22.543506622314453 18.92167854309082 35.5
      vertex -22.543506622314453 18.92167854309082 32.55243682861328
    endloop
  endfacet
  facet normal -0.3090170800981052 0.9510564884419702 2.643863376593256e-7
    outer loop
      vertex -24.467674255371094 18.296478271484375 32.611759185791016
      vertex -24.63582992553711 18.241840362548828 35.5
      vertex -23.00583839416504 18.77145767211914 32.64414596557617
    endloop
  endfacet
  facet normal -0.30902118755113817 0.9510551538393998 0
    outer loop
      vertex -24.63582992553711 18.241840362548828 35.5
      vertex -24.467674255371094 18.296478271484375 32.611759185791016
      vertex -24.63582992553711 18.241840362548828 32.57109832763672
    endloop
  endfacet
  facet normal 0.951056320156226 0.309017598027844 0
    outer loop
      vertex -21.984317779541016 17.20067596435547 32.5
      vertex -22.543506622314453 18.92167854309082 32.55243682861328
      vertex -22.543506622314453 18.92167854309082 35.5
    endloop
  endfacet
  facet normal 0.9510563902472176 0.30901738221111946 0.000007830665026767654
    outer loop
      vertex -22.543506622314453 18.92167854309082 32.55243682861328
      vertex -21.984317779541016 17.20067596435547 32.5
      vertex -22.528167724609375 18.87447166442871 32.5
    endloop
  endfacet
  facet normal 0.9510564483387807 0.309017203522978 2.502073820663407e-7
    outer loop
      vertex -21.86366844177246 16.82935333251953 35.5
      vertex -21.984317779541016 17.20067596435547 32.5
      vertex -22.543506622314453 18.92167854309082 35.5
    endloop
  endfacet
  facet normal 0.95105704243654 0.30901537507357374 0
    outer loop
      vertex -21.86366844177246 16.82935333251953 31.5
      vertex -21.984317779541016 17.20067596435547 32.5
      vertex -21.86366844177246 16.82935333251953 35.5
    endloop
  endfacet
  facet normal 0.95105704243654 0.30901537507357374 0
    outer loop
      vertex -21.984317779541016 17.20067596435547 32.5
      vertex -21.86366844177246 16.82935333251953 31.5
      vertex -21.984317779541016 17.20067596435547 31.5
    endloop
  endfacet
  facet normal -0.9510575133738786 -0.3090139256653247 0
    outer loop
      vertex -24.069231033325195 16.498029708862305 31.5
      vertex -23.95599365234375 16.149517059326172 31.5
      vertex -24.069231033325195 16.498029708862305 32.5
    endloop
  endfacet
  facet normal -0.9510564043877212 -0.3090173387745692 0.0000031276660059417447
    outer loop
      vertex -24.069231033325195 16.498029708862305 32.5
      vertex -24.63582992553711 18.241840362548828 32.57109832763672
      vertex -24.614870071411133 18.177331924438477 32.5
    endloop
  endfacet
  facet normal -0.951056441869776 -0.30901722343261323 0
    outer loop
      vertex -24.63582992553711 18.241840362548828 32.57109832763672
      vertex -24.069231033325195 16.498029708862305 32.5
      vertex -24.63582992553711 18.241840362548828 35.5
    endloop
  endfacet
  facet normal -0.9510566203478913 -0.3090166741331646 -3.5299991099621206e-7
    outer loop
      vertex -24.069231033325195 16.498029708862305 32.5
      vertex -23.95599365234375 16.149517059326172 35.5
      vertex -24.63582992553711 18.241840362548828 35.5
    endloop
  endfacet
  facet normal -0.9510575133738786 -0.3090139256653247 0
    outer loop
      vertex -23.95599365234375 16.149517059326172 35.5
      vertex -24.069231033325195 16.498029708862305 32.5
      vertex -23.95599365234375 16.149517059326172 31.5
    endloop
  endfacet
  facet normal 0.8090169862864244 -0.5877852634253697 0
    outer loop
      vertex -18.556394577026367 19.232229232788086 35.5
      vertex -17.263267517089844 21.012065887451172 31.5
      vertex -17.263267517089844 21.012065887451172 35.5
    endloop
  endfacet
  facet normal 0.8090169862864244 -0.5877852634253697 0
    outer loop
      vertex -17.263267517089844 21.012065887451172 31.5
      vertex -18.556394577026367 19.232229232788086 35.5
      vertex -18.556394577026367 19.232229232788086 31.5
    endloop
  endfacet
  facet normal 0 0 1
    outer loop
      vertex -19.04310417175293 22.305194854736328 35.5
      vertex -18.556394577026367 19.232229232788086 35.5
      vertex -17.263267517089844 21.012065887451172 35.5
    endloop
  endfacet
  facet normal 0 0 1
    outer loop
      vertex -18.556394577026367 19.232229232788086 35.5
      vertex -19.04310417175293 22.305194854736328 35.5
      vertex -20.336231231689453 20.52535629272461 35.5
    endloop
  endfacet
  facet normal 0 0 -1
    outer loop
      vertex -17.263267517089844 21.012065887451172 31.5
      vertex -17.93474578857422 20.61096954345703 31.5
      vertex -17.592498779296875 21.25126838684082 31.5
    endloop
  endfacet
  facet normal 0 0 -1
    outer loop
      vertex -18.556394577026367 19.232229232788086 31.5
      vertex -17.93474578857422 20.61096954345703 31.5
      vertex -17.263267517089844 21.012065887451172 31.5
    endloop
  endfacet
  facet normal 0 0 -1
    outer loop
      vertex -17.93474578857422 20.61096954345703 31.5
      vertex -18.556394577026367 19.232229232788086 31.5
      vertex -18.87579917907715 19.464290618896484 31.5
    endloop
  endfacet
  facet normal -0.8090181868798147 0.5877836109468324 0
    outer loop
      vertex -19.509532928466797 21.6632080078125 32.663475036621094
      vertex -19.04310417175293 22.305194854736328 35.5
      vertex -19.04310417175293 22.305194854736328 32.54680252075195
    endloop
  endfacet
  facet normal -0.8090167774323765 0.5877855508881895 0
    outer loop
      vertex -20.336231231689453 20.52535629272461 35.5
      vertex -19.509532928466797 21.6632080078125 32.663475036621094
      vertex -20.336231231689453 20.52535629272461 32.574623107910156
    endloop
  endfacet
  facet normal -0.8090172858192327 0.5877848511534624 -4.288616975155029e-7
    outer loop
      vertex -19.509532928466797 21.6632080078125 32.663475036621094
      vertex -20.336231231689453 20.52535629272461 35.5
      vertex -19.04310417175293 22.305194854736328 35.5
    endloop
  endfacet
  facet normal 0.5877858308686812 0.8090165740142915 4.3851585484536994e-7
    outer loop
      vertex -17.592498779296875 21.25126838684082 32.5
      vertex -19.04310417175293 22.305194854736328 35.5
      vertex -17.263267517089844 21.012065887451172 35.5
    endloop
  endfacet
  facet normal 0.5877852372980412 0.8090170052690395 0
    outer loop
      vertex -19.04310417175293 22.305194854736328 35.5
      vertex -17.592498779296875 21.25126838684082 32.5
      vertex -19.04310417175293 22.305194854736328 32.54680252075195
    endloop
  endfacet
  facet normal 0.5877884461523698 0.8090146738902717 0
    outer loop
      vertex -17.263267517089844 21.012065887451172 31.5
      vertex -17.592498779296875 21.25126838684082 32.5
      vertex -17.263267517089844 21.012065887451172 35.5
    endloop
  endfacet
  facet normal 0.5877884461523698 0.8090146738902717 0
    outer loop
      vertex -17.592498779296875 21.25126838684082 32.5
      vertex -17.263267517089844 21.012065887451172 31.5
      vertex -17.592498779296875 21.25126838684082 31.5
    endloop
  endfacet
  facet normal 0.5877853666068642 0.8090169112974905 0.0000061239261080110895
    outer loop
      vertex -19.04310417175293 22.305194854736328 32.54680252075195
      vertex -17.592498779296875 21.25126838684082 32.5
      vertex -19.007484436035156 22.279315948486328 32.5
    endloop
  endfacet
  facet normal -0.5877851356693985 -0.8090170791065581 0
    outer loop
      vertex -18.87579917907715 19.464290618896484 32.5
      vertex -20.336231231689453 20.52535629272461 35.5
      vertex -20.336231231689453 20.52535629272461 32.574623107910156
    endloop
  endfacet
  facet normal -0.5877854370514819 -0.8090168600894382 -0.000009012484490446893
    outer loop
      vertex -18.87579917907715 19.464290618896484 32.5
      vertex -20.336231231689453 20.52535629272461 32.574623107910156
      vertex -20.279876708984375 20.484413146972656 32.5
    endloop
  endfacet
  facet normal -0.5877852634253671 -0.8090169862864208 -9.502239099601715e-8
    outer loop
      vertex -20.336231231689453 20.52535629272461 35.5
      vertex -18.87579917907715 19.464290618896484 32.5
      vertex -18.556394577026367 19.232229232788086 35.5
    endloop
  endfacet
  facet normal -0.5877858475707929 -0.8090165618795975 0
    outer loop
      vertex -18.556394577026367 19.232229232788086 31.5
      vertex -18.87579917907715 19.464290618896484 32.5
      vertex -18.87579917907715 19.464290618896484 31.5
    endloop
  endfacet
  facet normal -0.5877858475707929 -0.8090165618795975 0
    outer loop
      vertex -18.87579917907715 19.464290618896484 32.5
      vertex -18.556394577026367 19.232229232788086 31.5
      vertex -18.556394577026367 19.232229232788086 35.5
    endloop
  endfacet
  facet normal 0.9951846609053696 0.09801780806906615 0
    outer loop
      vertex -17.5 26 30
      vertex -17.663326263427734 27.658267974853516 2
      vertex -17.663326263427734 27.658267974853516 30
    endloop
  endfacet
  facet normal 0.9951846609053696 0.09801780806906615 0
    outer loop
      vertex -17.663326263427734 27.658267974853516 2
      vertex -17.5 26 30
      vertex -17.5 26 2
    endloop
  endfacet
  facet normal -0.9951846609053696 0.09801780806906615 0
    outer loop
      vertex -34.5 26 2
      vertex -34.336673736572266 27.658267974853516 30
      vertex -34.336673736572266 27.658267974853516 2
    endloop
  endfacet
  facet normal -0.9951846609053696 0.09801780806906615 0
    outer loop
      vertex -34.336673736572266 27.658267974853516 30
      vertex -34.5 26 2
      vertex -34.5 26 30
    endloop
  endfacet
  facet normal -0.9569400879690576 0.2902854940188578 0
    outer loop
      vertex -34.336673736572266 27.658267974853516 2
      vertex -33.85297393798828 29.2528076171875 30
      vertex -33.85297393798828 29.2528076171875 2
    endloop
  endfacet
  facet normal -0.9569400879690576 0.2902854940188578 0
    outer loop
      vertex -33.85297393798828 29.2528076171875 30
      vertex -34.336673736572266 27.658267974853516 2
      vertex -34.336673736572266 27.658267974853516 30
    endloop
  endfacet
  facet normal 0.7730098229533264 -0.6343940523189564 0
    outer loop
      vertex -19.989593505859375 19.989593505859375 30
      vertex -18.93250846862793 21.277652740478516 2
      vertex -18.93250846862793 21.277652740478516 30
    endloop
  endfacet
  facet normal 0.7730098229533264 -0.6343940523189564 0
    outer loop
      vertex -18.93250846862793 21.277652740478516 2
      vertex -19.989593505859375 19.989593505859375 30
      vertex -19.989593505859375 19.989593505859375 2
    endloop
  endfacet
  facet normal 0.9951846609053696 -0.09801780806906615 0
    outer loop
      vertex -17.663326263427734 24.341732025146484 30
      vertex -17.5 26 2
      vertex -17.5 26 30
    endloop
  endfacet
  facet normal 0.9951846609053696 -0.09801780806906615 0
    outer loop
      vertex -17.5 26 2
      vertex -17.663326263427734 24.341732025146484 30
      vertex -17.663326263427734 24.341732025146484 2
    endloop
  endfacet
  facet normal 0.47139627491223507 -0.8819215112462494 0
    outer loop
      vertex -22.7471923828125 18.147024154663086 2
      vertex -21.277652740478516 18.93250846862793 30
      vertex -22.7471923828125 18.147024154663086 30
    endloop
  endfacet
  facet normal 0.47139627491223507 -0.8819215112462494 0
    outer loop
      vertex -21.277652740478516 18.93250846862793 30
      vertex -22.7471923828125 18.147024154663086 2
      vertex -21.277652740478516 18.93250846862793 2
    endloop
  endfacet
  facet normal -0.471396274912235 -0.8819215112462494 0
    outer loop
      vertex -30.722347259521484 18.93250846862793 19
      vertex -29.2528076171875 18.147024154663086 30
      vertex -30.722347259521484 18.93250846862793 30
    endloop
  endfacet
  facet normal -0.471396274912235 -0.8819215112462494 0
    outer loop
      vertex -29.2528076171875 18.147024154663086 30
      vertex -30.722347259521484 18.93250846862793 19
      vertex -29.2528076171875 18.147024154663086 19
    endloop
  endfacet
  facet normal 0.6343933683289475 0.773010384290051 0
    outer loop
      vertex -19.989593505859375 32.010406494140625 2
      vertex -21.277652740478516 33.06748962402344 30
      vertex -19.989593505859375 32.010406494140625 30
    endloop
  endfacet
  facet normal 0.6343933683289475 0.773010384290051 0
    outer loop
      vertex -21.277652740478516 33.06748962402344 30
      vertex -19.989593505859375 32.010406494140625 2
      vertex -21.277652740478516 33.06748962402344 2
    endloop
  endfacet
  facet normal -0.09801780806906617 0.9951846609053697 0
    outer loop
      vertex -26 34.5 19
      vertex -27.658267974853516 34.336673736572266 30
      vertex -26 34.5 30
    endloop
  endfacet
  facet normal -0.09801780806906617 0.9951846609053697 0
    outer loop
      vertex -27.658267974853516 34.336673736572266 30
      vertex -26 34.5 19
      vertex -27.658267974853516 34.336673736572266 19
    endloop
  endfacet
  facet normal -0.09801780806906617 -0.9951846609053697 0
    outer loop
      vertex -27.658267974853516 17.663326263427734 19
      vertex -26 17.5 30
      vertex -27.658267974853516 17.663326263427734 30
    endloop
  endfacet
  facet normal -0.09801780806906617 -0.9951846609053697 0
    outer loop
      vertex -26 17.5 30
      vertex -27.658267974853516 17.663326263427734 19
      vertex -26 17.5 19
    endloop
  endfacet
  facet normal 0.9569404059411117 0.29028444580662643 0
    outer loop
      vertex -17.663326263427734 27.658267974853516 30
      vertex -18.147024154663086 29.2528076171875 2
      vertex -18.147024154663086 29.2528076171875 30
    endloop
  endfacet
  facet normal 0.9569404059411117 0.29028444580662643 0
    outer loop
      vertex -18.147024154663086 29.2528076171875 2
      vertex -17.663326263427734 27.658267974853516 30
      vertex -17.663326263427734 27.658267974853516 2
    endloop
  endfacet
  facet normal -0.471396274912235 0.8819215112462494 0
    outer loop
      vertex -29.2528076171875 33.85297393798828 19
      vertex -30.722347259521484 33.06748962402344 30
      vertex -29.2528076171875 33.85297393798828 30
    endloop
  endfacet
  facet normal -0.471396274912235 0.8819215112462494 0
    outer loop
      vertex -30.722347259521484 33.06748962402344 30
      vertex -29.2528076171875 33.85297393798828 19
      vertex -30.722347259521484 33.06748962402344 19
    endloop
  endfacet
  facet normal 0.6343940523189564 -0.7730098229533264 0
    outer loop
      vertex -21.277652740478516 18.93250846862793 2
      vertex -19.989593505859375 19.989593505859375 30
      vertex -21.277652740478516 18.93250846862793 30
    endloop
  endfacet
  facet normal 0.6343940523189564 -0.7730098229533264 0
    outer loop
      vertex -19.989593505859375 19.989593505859375 30
      vertex -21.277652740478516 18.93250846862793 2
      vertex -19.989593505859375 19.989593505859375 2
    endloop
  endfacet
  facet normal -0.773010384290051 -0.6343933683289475 0
    outer loop
      vertex -32.010406494140625 19.989593505859375 2
      vertex -33.06748962402344 21.277652740478516 30
      vertex -33.06748962402344 21.277652740478516 2
    endloop
  endfacet
  facet normal -0.773010384290051 -0.6343933683289475 0
    outer loop
      vertex -33.06748962402344 21.277652740478516 30
      vertex -32.010406494140625 19.989593505859375 2
      vertex -32.010406494140625 19.989593505859375 30
    endloop
  endfacet
  facet normal 0.09801780806906617 0.9951846609053697 0
    outer loop
      vertex -24.341732025146484 34.336673736572266 30
      vertex -26 34.5 19
      vertex -26 34.5 30
    endloop
  endfacet
  facet normal 0.09801780806906615 0.9951846609053696 0
    outer loop
      vertex -24.341732025146484 34.336673736572266 2
      vertex -26 34.5 19
      vertex -24.341732025146484 34.336673736572266 30
    endloop
  endfacet
  facet normal 0.09801780806906615 0.9951846609053697 0
    outer loop
      vertex -26 34.5 19
      vertex -24.341732025146484 34.336673736572266 2
      vertex -26 34.5 2
    endloop
  endfacet
  facet normal -0.773010384290051 0.6343933683289475 0
    outer loop
      vertex -33.06748962402344 30.722347259521484 2
      vertex -32.010406494140625 32.010406494140625 30
      vertex -32.010406494140625 32.010406494140625 2
    endloop
  endfacet
  facet normal -0.773010384290051 0.6343933683289475 0
    outer loop
      vertex -32.010406494140625 32.010406494140625 30
      vertex -33.06748962402344 30.722347259521484 2
      vertex -33.06748962402344 30.722347259521484 30
    endloop
  endfacet
  facet normal -0.6343940523189547 -0.7730098229533244 -7.322878309895654e-8
    outer loop
      vertex -32.010406494140625 19.989593505859375 30
      vertex -31 19.16037368774414 19
      vertex -30.722347259521484 18.93250846862793 30
    endloop
  endfacet
  facet normal -0.6343935759442124 -0.7730102139045218 0
    outer loop
      vertex -32.010406494140625 19.989593505859375 2
      vertex -31 19.16037368774414 19
      vertex -32.010406494140625 19.989593505859375 30
    endloop
  endfacet
  facet normal -0.6343935759442125 -0.773010213904522 0
    outer loop
      vertex -31 19.16037368774414 19
      vertex -32.010406494140625 19.989593505859375 2
      vertex -31 19.16037368774414 2
    endloop
  endfacet
  facet normal -0.6343957858888831 -0.7730084002431191 0
    outer loop
      vertex -30.722347259521484 18.93250846862793 30
      vertex -31 19.16037368774414 19
      vertex -30.722347259521484 18.93250846862793 19
    endloop
  endfacet
  facet normal -0.8819215112462494 -0.47139627491223507 0
    outer loop
      vertex -33.06748962402344 21.277652740478516 2
      vertex -33.85297393798828 22.7471923828125 30
      vertex -33.85297393798828 22.7471923828125 2
    endloop
  endfacet
  facet normal -0.8819215112462494 -0.47139627491223507 0
    outer loop
      vertex -33.85297393798828 22.7471923828125 30
      vertex -33.06748962402344 21.277652740478516 2
      vertex -33.06748962402344 21.277652740478516 30
    endloop
  endfacet
  facet normal 0.7730098229533264 0.6343940523189564 0
    outer loop
      vertex -18.93250846862793 30.722347259521484 30
      vertex -19.989593505859375 32.010406494140625 2
      vertex -19.989593505859375 32.010406494140625 30
    endloop
  endfacet
  facet normal 0.7730098229533264 0.6343940523189564 0
    outer loop
      vertex -19.989593505859375 32.010406494140625 2
      vertex -18.93250846862793 30.722347259521484 30
      vertex -18.93250846862793 30.722347259521484 2
    endloop
  endfacet
  facet normal 0.09801780806906617 -0.9951846609053697 0
    outer loop
      vertex -26 17.5 19
      vertex -24.341732025146484 17.663326263427734 30
      vertex -26 17.5 30
    endloop
  endfacet
  facet normal 0.09801780806906615 -0.9951846609053697 0
    outer loop
      vertex -24.341732025146484 17.663326263427734 2
      vertex -26 17.5 19
      vertex -26 17.5 2
    endloop
  endfacet
  facet normal 0.09801780806906615 -0.9951846609053696 0
    outer loop
      vertex -26 17.5 19
      vertex -24.341732025146484 17.663326263427734 2
      vertex -24.341732025146484 17.663326263427734 30
    endloop
  endfacet
  facet normal -0.6343926127947743 0.7730110043404425 0
    outer loop
      vertex -31 32.83962631225586 19
      vertex -30.722347259521484 33.06748962402344 30
      vertex -30.722347259521484 33.06748962402344 19
    endloop
  endfacet
  facet normal -0.6343933683289473 0.7730103842900506 3.191480630809329e-8
    outer loop
      vertex -30.722347259521484 33.06748962402344 30
      vertex -31 32.83962631225586 19
      vertex -32.010406494140625 32.010406494140625 30
    endloop
  endfacet
  facet normal -0.6343935759442125 0.773010213904522 0
    outer loop
      vertex -32.010406494140625 32.010406494140625 2
      vertex -31 32.83962631225586 19
      vertex -31 32.83962631225586 2
    endloop
  endfacet
  facet normal -0.6343935759442124 0.7730102139045218 0
    outer loop
      vertex -31 32.83962631225586 19
      vertex -32.010406494140625 32.010406494140625 2
      vertex -32.010406494140625 32.010406494140625 30
    endloop
  endfacet
  facet normal 0.29028444580662643 -0.9569404059411117 0
    outer loop
      vertex -24.341732025146484 17.663326263427734 2
      vertex -22.7471923828125 18.147024154663086 30
      vertex -24.341732025146484 17.663326263427734 30
    endloop
  endfacet
  facet normal 0.29028444580662643 -0.9569404059411117 0
    outer loop
      vertex -22.7471923828125 18.147024154663086 30
      vertex -24.341732025146484 17.663326263427734 2
      vertex -22.7471923828125 18.147024154663086 2
    endloop
  endfacet
  facet normal -0.8819215112462494 0.47139627491223507 0
    outer loop
      vertex -33.85297393798828 29.2528076171875 2
      vertex -33.06748962402344 30.722347259521484 30
      vertex -33.06748962402344 30.722347259521484 2
    endloop
  endfacet
  facet normal -0.8819215112462494 0.47139627491223507 0
    outer loop
      vertex -33.06748962402344 30.722347259521484 30
      vertex -33.85297393798828 29.2528076171875 2
      vertex -33.85297393798828 29.2528076171875 30
    endloop
  endfacet
  facet normal 0 0 -1
    outer loop
      vertex -31 36 1
      vertex -26 52 1
      vertex -26 36 1
    endloop
  endfacet
  facet normal 0 0 -1
    outer loop
      vertex -26 52 1
      vertex -31 36 1
      vertex -31 52 1
    endloop
  endfacet
  facet normal -0.2902854940188578 0.9569400879690576 0
    outer loop
      vertex -27.658267974853516 34.336673736572266 19
      vertex -29.2528076171875 33.85297393798828 30
      vertex -27.658267974853516 34.336673736572266 30
    endloop
  endfacet
  facet normal -0.2902854940188578 0.9569400879690576 0
    outer loop
      vertex -29.2528076171875 33.85297393798828 30
      vertex -27.658267974853516 34.336673736572266 19
      vertex -29.2528076171875 33.85297393798828 19
    endloop
  endfacet
  facet normal 0.8819215112462494 -0.47139627491223507 0
    outer loop
      vertex -18.93250846862793 21.277652740478516 30
      vertex -18.147024154663086 22.7471923828125 2
      vertex -18.147024154663086 22.7471923828125 30
    endloop
  endfacet
  facet normal 0.8819215112462494 -0.47139627491223507 0
    outer loop
      vertex -18.147024154663086 22.7471923828125 2
      vertex -18.93250846862793 21.277652740478516 30
      vertex -18.93250846862793 21.277652740478516 2
    endloop
  endfacet
  facet normal 0.9569404059411117 -0.29028444580662643 0
    outer loop
      vertex -18.147024154663086 22.7471923828125 30
      vertex -17.663326263427734 24.341732025146484 2
      vertex -17.663326263427734 24.341732025146484 30
    endloop
  endfacet
  facet normal 0.9569404059411117 -0.29028444580662643 0
    outer loop
      vertex -17.663326263427734 24.341732025146484 2
      vertex -18.147024154663086 22.7471923828125 30
      vertex -18.147024154663086 22.7471923828125 2
    endloop
  endfacet
  facet normal 0.47139627491223507 0.8819215112462494 0
    outer loop
      vertex -21.277652740478516 33.06748962402344 2
      vertex -22.7471923828125 33.85297393798828 30
      vertex -21.277652740478516 33.06748962402344 30
    endloop
  endfacet
  facet normal 0.47139627491223507 0.8819215112462494 0
    outer loop
      vertex -22.7471923828125 33.85297393798828 30
      vertex -21.277652740478516 33.06748962402344 2
      vertex -22.7471923828125 33.85297393798828 2
    endloop
  endfacet
  facet normal 0.2902854940188578 0.9569400879690576 0
    outer loop
      vertex -22.7471923828125 33.85297393798828 2
      vertex -24.341732025146484 34.336673736572266 30
      vertex -22.7471923828125 33.85297393798828 30
    endloop
  endfacet
  facet normal 0.2902854940188578 0.9569400879690576 0
    outer loop
      vertex -24.341732025146484 34.336673736572266 30
      vertex -22.7471923828125 33.85297393798828 2
      vertex -24.341732025146484 34.336673736572266 2
    endloop
  endfacet
  facet normal -0.9569400879690576 -0.2902854940188578 0
    outer loop
      vertex -33.85297393798828 22.7471923828125 2
      vertex -34.336673736572266 24.341732025146484 30
      vertex -34.336673736572266 24.341732025146484 2
    endloop
  endfacet
  facet normal -0.9569400879690576 -0.2902854940188578 0
    outer loop
      vertex -34.336673736572266 24.341732025146484 30
      vertex -33.85297393798828 22.7471923828125 2
      vertex -33.85297393798828 22.7471923828125 30
    endloop
  endfacet
  facet normal -0.2902844458066265 -0.9569404059411117 0
    outer loop
      vertex -29.2528076171875 18.147024154663086 19
      vertex -27.658267974853516 17.663326263427734 30
      vertex -29.2528076171875 18.147024154663086 30
    endloop
  endfacet
  facet normal -0.2902844458066265 -0.9569404059411117 0
    outer loop
      vertex -27.658267974853516 17.663326263427734 30
      vertex -29.2528076171875 18.147024154663086 19
      vertex -27.658267974853516 17.663326263427734 19
    endloop
  endfacet
  facet normal 0 0 -1
    outer loop
      vertex -16.636363983154297 26 31
      vertex -16.299999237060547 26 31
      vertex -16.48638343811035 24.107624053955078 31
    endloop
  endfacet
  facet normal 0 0 -1
    outer loop
      vertex -16.299999237060547 26 31
      vertex -16.636363983154297 26 31
      vertex -16.48638343811035 27.892375946044922 31
    endloop
  endfacet
  facet normal 0 0 -1
    outer loop
      vertex -16.48638343811035 24.107624053955078 31
      vertex -16.816282272338867 24.17324447631836 31
      vertex -16.636363983154297 26 31
    endloop
  endfacet
  facet normal 0 0 -1
    outer loop
      vertex -17.038368225097656 22.28797149658203 31
      vertex -16.816282272338867 24.17324447631836 31
      vertex -16.48638343811035 24.107624053955078 31
    endloop
  endfacet
  facet normal 0 0 -1
    outer loop
      vertex -17.038368225097656 22.28797149658203 31
      vertex -17.3491268157959 22.416690826416016 31
      vertex -16.816282272338867 24.17324447631836 31
    endloop
  endfacet
  facet normal 0 0 -1
    outer loop
      vertex -17.93474578857422 20.61096954345703 31
      vertex -17.3491268157959 22.416690826416016 31
      vertex -17.038368225097656 22.28797149658203 31
    endloop
  endfacet
  facet normal 0 0 -1
    outer loop
      vertex -17.93474578857422 20.61096954345703 31
      vertex -18.214420318603516 20.797842025756836 31
      vertex -17.3491268157959 22.416690826416016 31
    endloop
  endfacet
  facet normal 0 0 -1
    outer loop
      vertex -19.141063690185547 19.141063690185547 31
      vertex -18.214420318603516 20.797842025756836 31
      vertex -17.93474578857422 20.61096954345703 31
    endloop
  endfacet
  facet normal 0 0 -1
    outer loop
      vertex -19.141063690185547 19.141063690185547 31
      vertex -19.378908157348633 19.378908157348633 31
      vertex -18.214420318603516 20.797842025756836 31
    endloop
  endfacet
  facet normal 0 0 -1
    outer loop
      vertex -20.61096954345703 17.93474578857422 31
      vertex -19.378908157348633 19.378908157348633 31
      vertex -19.141063690185547 19.141063690185547 31
    endloop
  endfacet
  facet normal 0 0 -1
    outer loop
      vertex -20.61096954345703 17.93474578857422 31
      vertex -20.797842025756836 18.214420318603516 31
      vertex -19.378908157348633 19.378908157348633 31
    endloop
  endfacet
  facet normal 0 0 -1
    outer loop
      vertex -22.28797149658203 17.038368225097656 31
      vertex -20.797842025756836 18.214420318603516 31
      vertex -20.61096954345703 17.93474578857422 31
    endloop
  endfacet
  facet normal 0 0 -1
    outer loop
      vertex -22.28797149658203 17.038368225097656 31
      vertex -22.416690826416016 17.3491268157959 31
      vertex -20.797842025756836 18.214420318603516 31
    endloop
  endfacet
  facet normal 0 0 -1
    outer loop
      vertex -24.107624053955078 16.48638343811035 31
      vertex -22.416690826416016 17.3491268157959 31
      vertex -22.28797149658203 17.038368225097656 31
    endloop
  endfacet
  facet normal 0 0 -1
    outer loop
      vertex -24.107624053955078 16.48638343811035 31
      vertex -24.17324447631836 16.816282272338867 31
      vertex -22.416690826416016 17.3491268157959 31
    endloop
  endfacet
  facet normal 0 0 -1
    outer loop
      vertex -26 16.299999237060547 31
      vertex -24.17324447631836 16.816282272338867 31
      vertex -24.107624053955078 16.48638343811035 31
    endloop
  endfacet
  facet normal 0 0 -1
    outer loop
      vertex -26 16.299999237060547 31
      vertex -26 16.636363983154297 31
      vertex -24.17324447631836 16.816282272338867 31
    endloop
  endfacet
  facet normal 0 0 -1
    outer loop
      vertex -26 16.299999237060547 31
      vertex -27.826753616333008 16.816282272338867 31
      vertex -26 16.636363983154297 31
    endloop
  endfacet
  facet normal 0 0 -1
    outer loop
      vertex -27.892375946044922 16.48638343811035 31
      vertex -27.826753616333008 16.816282272338867 31
      vertex -26 16.299999237060547 31
    endloop
  endfacet
  facet normal 0 0 -1
    outer loop
      vertex -27.892375946044922 16.48638343811035 31
      vertex -29.58330726623535 17.3491268157959 31
      vertex -27.826753616333008 16.816282272338867 31
    endloop
  endfacet
  facet normal 0 0 -1
    outer loop
      vertex -29.71202850341797 17.038368225097656 31
      vertex -29.58330726623535 17.3491268157959 31
      vertex -27.892375946044922 16.48638343811035 31
    endloop
  endfacet
  facet normal 0 0 -1
    outer loop
      vertex -29.71202850341797 17.038368225097656 31
      vertex -31.202157974243164 18.214420318603516 31
      vertex -29.58330726623535 17.3491268157959 31
    endloop
  endfacet
  facet normal 0 0 -1
    outer loop
      vertex -31.38903045654297 17.93474578857422 31
      vertex -31.202157974243164 18.214420318603516 31
      vertex -29.71202850341797 17.038368225097656 31
    endloop
  endfacet
  facet normal 0 0 -1
    outer loop
      vertex -31.38903045654297 17.93474578857422 31
      vertex -32.621089935302734 19.378908157348633 31
      vertex -31.202157974243164 18.214420318603516 31
    endloop
  endfacet
  facet normal 0 0 -1
    outer loop
      vertex -32.85893630981445 19.141063690185547 31
      vertex -32.621089935302734 19.378908157348633 31
      vertex -31.38903045654297 17.93474578857422 31
    endloop
  endfacet
  facet normal 0 0 -1
    outer loop
      vertex -32.85893630981445 19.141063690185547 31
      vertex -33.785579681396484 20.797842025756836 31
      vertex -32.621089935302734 19.378908157348633 31
    endloop
  endfacet
  facet normal 0 0 -1
    outer loop
      vertex -34.06525421142578 20.61096954345703 31
      vertex -33.785579681396484 20.797842025756836 31
      vertex -32.85893630981445 19.141063690185547 31
    endloop
  endfacet
  facet normal 0 0 -1
    outer loop
      vertex -34.06525421142578 20.61096954345703 31
      vertex -34.65087127685547 22.416690826416016 31
      vertex -33.785579681396484 20.797842025756836 31
    endloop
  endfacet
  facet normal 0 0 -1
    outer loop
      vertex -34.961631774902344 22.28797149658203 31
      vertex -34.65087127685547 22.416690826416016 31
      vertex -34.06525421142578 20.61096954345703 31
    endloop
  endfacet
  facet normal 0 0 -1
    outer loop
      vertex -34.961631774902344 22.28797149658203 31
      vertex -35.1837158203125 24.17324447631836 31
      vertex -34.65087127685547 22.416690826416016 31
    endloop
  endfacet
  facet normal 0 0 -1
    outer loop
      vertex -35.1837158203125 24.17324447631836 31
      vertex -35.51361846923828 24.107624053955078 31
      vertex -35.3636360168457 26 31
    endloop
  endfacet
  facet normal 0 0 -1
    outer loop
      vertex -35.51361846923828 24.107624053955078 31
      vertex -35.1837158203125 24.17324447631836 31
      vertex -34.961631774902344 22.28797149658203 31
    endloop
  endfacet
  facet normal 0 0 -1
    outer loop
      vertex -16.816282272338867 27.826753616333008 31
      vertex -16.48638343811035 27.892375946044922 31
      vertex -16.636363983154297 26 31
    endloop
  endfacet
  facet normal 0 0 -1
    outer loop
      vertex -16.816282272338867 27.826753616333008 31
      vertex -17.038368225097656 29.71202850341797 31
      vertex -16.48638343811035 27.892375946044922 31
    endloop
  endfacet
  facet normal 0 0 -1
    outer loop
      vertex -17.3491268157959 29.58330726623535 31
      vertex -17.038368225097656 29.71202850341797 31
      vertex -16.816282272338867 27.826753616333008 31
    endloop
  endfacet
  facet normal 0 0 -1
    outer loop
      vertex -17.3491268157959 29.58330726623535 31
      vertex -17.93474578857422 31.38903045654297 31
      vertex -17.038368225097656 29.71202850341797 31
    endloop
  endfacet
  facet normal 0 0 -1
    outer loop
      vertex -18.214420318603516 31.202157974243164 31
      vertex -17.93474578857422 31.38903045654297 31
      vertex -17.3491268157959 29.58330726623535 31
    endloop
  endfacet
  facet normal 0 0 -1
    outer loop
      vertex -18.214420318603516 31.202157974243164 31
      vertex -19.141063690185547 32.85893630981445 31
      vertex -17.93474578857422 31.38903045654297 31
    endloop
  endfacet
  facet normal 0 0 -1
    outer loop
      vertex -19.378908157348633 32.621089935302734 31
      vertex -19.141063690185547 32.85893630981445 31
      vertex -18.214420318603516 31.202157974243164 31
    endloop
  endfacet
  facet normal 0 0 -1
    outer loop
      vertex -19.378908157348633 32.621089935302734 31
      vertex -20.61096954345703 34.06525421142578 31
      vertex -19.141063690185547 32.85893630981445 31
    endloop
  endfacet
  facet normal 0 0 -1
    outer loop
      vertex -20.797842025756836 33.785579681396484 31
      vertex -20.61096954345703 34.06525421142578 31
      vertex -19.378908157348633 32.621089935302734 31
    endloop
  endfacet
  facet normal 0 0 -1
    outer loop
      vertex -20.797842025756836 33.785579681396484 31
      vertex -22.28797149658203 34.961631774902344 31
      vertex -20.61096954345703 34.06525421142578 31
    endloop
  endfacet
  facet normal 0 0 -1
    outer loop
      vertex -22.416690826416016 34.65087127685547 31
      vertex -22.28797149658203 34.961631774902344 31
      vertex -20.797842025756836 33.785579681396484 31
    endloop
  endfacet
  facet normal 0 0 -1
    outer loop
      vertex -22.416690826416016 34.65087127685547 31
      vertex -24.107624053955078 35.51361846923828 31
      vertex -22.28797149658203 34.961631774902344 31
    endloop
  endfacet
  facet normal 0 0 -1
    outer loop
      vertex -24.17324447631836 35.1837158203125 31
      vertex -24.107624053955078 35.51361846923828 31
      vertex -22.416690826416016 34.65087127685547 31
    endloop
  endfacet
  facet normal 0 0 -1
    outer loop
      vertex -26 35.3636360168457 31
      vertex -24.107624053955078 35.51361846923828 31
      vertex -24.17324447631836 35.1837158203125 31
    endloop
  endfacet
  facet normal 0 0 -1
    outer loop
      vertex -26 35.3636360168457 31
      vertex -26 35.70000076293945 31
      vertex -24.107624053955078 35.51361846923828 31
    endloop
  endfacet
  facet normal 0 0 -1
    outer loop
      vertex -27.826753616333008 35.1837158203125 31
      vertex -26 35.70000076293945 31
      vertex -26 35.3636360168457 31
    endloop
  endfacet
  facet normal 0 0 -1
    outer loop
      vertex -27.826753616333008 35.1837158203125 31
      vertex -27.892375946044922 35.51361846923828 31
      vertex -26 35.70000076293945 31
    endloop
  endfacet
  facet normal 0 0 -1
    outer loop
      vertex -29.58330726623535 34.65087127685547 31
      vertex -27.892375946044922 35.51361846923828 31
      vertex -27.826753616333008 35.1837158203125 31
    endloop
  endfacet
  facet normal 0 0 -1
    outer loop
      vertex -29.58330726623535 34.65087127685547 31
      vertex -29.71202850341797 34.961631774902344 31
      vertex -27.892375946044922 35.51361846923828 31
    endloop
  endfacet
  facet normal 0 0 -1
    outer loop
      vertex -31.202157974243164 33.785579681396484 31
      vertex -29.71202850341797 34.961631774902344 31
      vertex -29.58330726623535 34.65087127685547 31
    endloop
  endfacet
  facet normal 0 0 -1
    outer loop
      vertex -31.202157974243164 33.785579681396484 31
      vertex -31.38903045654297 34.06525421142578 31
      vertex -29.71202850341797 34.961631774902344 31
    endloop
  endfacet
  facet normal 0 0 -1
    outer loop
      vertex -32.621089935302734 32.621089935302734 31
      vertex -31.38903045654297 34.06525421142578 31
      vertex -31.202157974243164 33.785579681396484 31
    endloop
  endfacet
  facet normal 0 0 -1
    outer loop
      vertex -32.621089935302734 32.621089935302734 31
      vertex -32.85893630981445 32.85893630981445 31
      vertex -31.38903045654297 34.06525421142578 31
    endloop
  endfacet
  facet normal 0 0 -1
    outer loop
      vertex -33.785579681396484 31.202157974243164 31
      vertex -32.85893630981445 32.85893630981445 31
      vertex -32.621089935302734 32.621089935302734 31
    endloop
  endfacet
  facet normal 0 0 -1
    outer loop
      vertex -33.785579681396484 31.202157974243164 31
      vertex -34.06525421142578 31.38903045654297 31
      vertex -32.85893630981445 32.85893630981445 31
    endloop
  endfacet
  facet normal 0 0 -1
    outer loop
      vertex -34.65087127685547 29.58330726623535 31
      vertex -34.06525421142578 31.38903045654297 31
      vertex -33.785579681396484 31.202157974243164 31
    endloop
  endfacet
  facet normal 0 0 -1
    outer loop
      vertex -34.65087127685547 29.58330726623535 31
      vertex -34.961631774902344 29.71202850341797 31
      vertex -34.06525421142578 31.38903045654297 31
    endloop
  endfacet
  facet normal 0 0 -1
    outer loop
      vertex -35.1837158203125 27.826753616333008 31
      vertex -34.961631774902344 29.71202850341797 31
      vertex -34.65087127685547 29.58330726623535 31
    endloop
  endfacet
  facet normal 0 0 -1
    outer loop
      vertex -35.1837158203125 27.826753616333008 31
      vertex -35.51361846923828 27.892375946044922 31
      vertex -34.961631774902344 29.71202850341797 31
    endloop
  endfacet
  facet normal 0 0 -1
    outer loop
      vertex -35.3636360168457 26 31
      vertex -35.51361846923828 27.892375946044922 31
      vertex -35.1837158203125 27.826753616333008 31
    endloop
  endfacet
  facet normal 0 0 -1
    outer loop
      vertex -35.70000076293945 26 31
      vertex -35.3636360168457 26 31
      vertex -35.51361846923828 24.107624053955078 31
    endloop
  endfacet
  facet normal 0 0 -1
    outer loop
      vertex -35.3636360168457 26 31
      vertex -35.70000076293945 26 31
      vertex -35.51361846923828 27.892375946044922 31
    endloop
  endfacet
  facet normal 0.8819215112462494 0.47139627491223507 0
    outer loop
      vertex -18.147024154663086 29.2528076171875 30
      vertex -18.93250846862793 30.722347259521484 2
      vertex -18.93250846862793 30.722347259521484 30
    endloop
  endfacet
  facet normal 0.8819215112462494 0.47139627491223507 0
    outer loop
      vertex -18.93250846862793 30.722347259521484 2
      vertex -18.147024154663086 29.2528076171875 30
      vertex -18.147024154663086 29.2528076171875 2
    endloop
  endfacet
  facet normal -0.9951846609053696 -0.09801780806906615 0
    outer loop
      vertex -34.336673736572266 24.341732025146484 2
      vertex -34.5 26 30
      vertex -34.5 26 2
    endloop
  endfacet
  facet normal -0.9951846609053696 -0.09801780806906615 0
    outer loop
      vertex -34.5 26 30
      vertex -34.336673736572266 24.341732025146484 2
      vertex -34.336673736572266 24.341732025146484 30
    endloop
  endfacet
  facet normal 0.9569404499134926 0.29028430084894774 0
    outer loop
      vertex -16.48638343811035 27.892375946044922 32.5
      vertex -17.038368225097656 29.71202850341797 31
      vertex -17.038368225097656 29.71202850341797 32.5
    endloop
  endfacet
  facet normal 0.9569404499134926 0.29028430084894774 0
    outer loop
      vertex -17.038368225097656 29.71202850341797 31
      vertex -16.48638343811035 27.892375946044922 32.5
      vertex -16.48638343811035 27.892375946044922 31
    endloop
  endfacet
  facet normal 0.09801689610588415 0.9951847507260991 0
    outer loop
      vertex -24.107624053955078 35.51361846923828 31
      vertex -26 35.70000076293945 32.5
      vertex -24.107624053955078 35.51361846923828 32.5
    endloop
  endfacet
  facet normal 0.09801689610588415 0.9951847507260991 0
    outer loop
      vertex -26 35.70000076293945 32.5
      vertex -24.107624053955078 35.51361846923828 31
      vertex -26 35.70000076293945 31
    endloop
  endfacet
  facet normal 0.9951846513504844 0.09801790508072948 0
    outer loop
      vertex -16.408340454101562 27.099998474121094 31.5
      vertex -16.48638343811035 27.892375946044922 32.5
      vertex -16.408340454101562 27.099998474121094 32.5
    endloop
  endfacet
  facet normal 0.9951846513504844 0.09801790508072948 0
    outer loop
      vertex -16.48638343811035 27.892375946044922 32.5
      vertex -16.408340454101562 27.099998474121094 31.5
      vertex -16.48638343811035 27.892375946044922 31
    endloop
  endfacet
  facet normal 0.9951846539857792 0.09801787832434028 0
    outer loop
      vertex -16.299999237060547 26 31
      vertex -16.408340454101562 27.099998474121094 31.5
      vertex -16.299999237060547 26 31.5
    endloop
  endfacet
  facet normal 0.9951846528823257 0.09801788952780122 -2.4886678873779862e-8
    outer loop
      vertex -16.408340454101562 27.099998474121094 31.5
      vertex -16.299999237060547 26 31
      vertex -16.48638343811035 27.892375946044922 31
    endloop
  endfacet
  facet normal 0.7730115955583242 -0.6343918923917407 0
    outer loop
      vertex -18.87579917907715 19.464290618896484 32.5
      vertex -19.141063690185547 19.141063690185547 32.5
      vertex -18.87579917907715 19.464290618896484 31.5
    endloop
  endfacet
  facet normal 0.7730110096682797 -0.6343926063027743 0
    outer loop
      vertex -18.87579917907715 19.464290618896484 31.5
      vertex -17.93474578857422 20.61096954345703 31
      vertex -17.93474578857422 20.61096954345703 31.5
    endloop
  endfacet
  facet normal 0.7730111385032007 -0.6343924493163694 6.025070822864305e-7
    outer loop
      vertex -18.87579917907715 19.464290618896484 31.5
      vertex -19.141063690185547 19.141063690185547 31
      vertex -17.93474578857422 20.61096954345703 31
    endloop
  endfacet
  facet normal 0.7730115955583241 -0.6343918923917405 0
    outer loop
      vertex -19.141063690185547 19.141063690185547 31
      vertex -18.87579917907715 19.464290618896484 31.5
      vertex -19.141063690185547 19.141063690185547 32.5
    endloop
  endfacet
  facet normal 0.4713966861266102 0.8819212914477403 0
    outer loop
      vertex -20.61096954345703 34.06525421142578 32.5
      vertex -21.984317779541016 34.79932403564453 31.5
      vertex -21.984317779541016 34.79932403564453 32.5
    endloop
  endfacet
  facet normal 0.47139668612661023 0.8819212914477403 0
    outer loop
      vertex -20.61096954345703 34.06525421142578 31
      vertex -21.984317779541016 34.79932403564453 31.5
      vertex -20.61096954345703 34.06525421142578 32.5
    endloop
  endfacet
  facet normal 0.47139728677458853 0.8819209703919377 0.000002121152436385768
    outer loop
      vertex -22.28797149658203 34.961631774902344 31
      vertex -21.984317779541016 34.79932403564453 31.5
      vertex -20.61096954345703 34.06525421142578 31
    endloop
  endfacet
  facet normal 0.4714000033497069 0.8819195183472788 0
    outer loop
      vertex -21.984317779541016 34.79932403564453 31.5
      vertex -22.28797149658203 34.961631774902344 31
      vertex -22.28797149658203 34.961631774902344 31.5
    endloop
  endfacet
  facet normal -0.8819208408814223 -0.4713975290760496 0
    outer loop
      vertex -34.961631774902344 22.28797149658203 31
      vertex -34.407501220703125 21.25126838684082 31.5
      vertex -34.961631774902344 22.28797149658203 32.5
    endloop
  endfacet
  facet normal -0.8819209703937377 -0.4713972867755507 6.459208237404024e-7
    outer loop
      vertex -34.06525421142578 20.61096954345703 31
      vertex -34.407501220703125 21.25126838684082 31.5
      vertex -34.961631774902344 22.28797149658203 31
    endloop
  endfacet
  facet normal -0.8819211800865887 -0.4713968944686407 0
    outer loop
      vertex -34.407501220703125 21.25126838684082 31.5
      vertex -34.06525421142578 20.61096954345703 31
      vertex -34.06525421142578 20.61096954345703 31.5
    endloop
  endfacet
  facet normal -0.8819208408814223 -0.47139752907604965 0
    outer loop
      vertex -34.961631774902344 22.28797149658203 32.5
      vertex -34.407501220703125 21.25126838684082 31.5
      vertex -34.407501220703125 21.25126838684082 32.5
    endloop
  endfacet
  facet normal 0.7730115955583242 0.6343918923917407 0
    outer loop
      vertex -18.87579917907715 32.535709381103516 31.5
      vertex -19.141063690185547 32.85893630981445 32.5
      vertex -18.87579917907715 32.535709381103516 32.5
    endloop
  endfacet
  facet normal 0.7730115955583241 0.6343918923917405 0
    outer loop
      vertex -19.141063690185547 32.85893630981445 32.5
      vertex -18.87579917907715 32.535709381103516 31.5
      vertex -19.141063690185547 32.85893630981445 31
    endloop
  endfacet
  facet normal 0.7730110096682797 0.6343926063027743 0
    outer loop
      vertex -17.93474578857422 31.38903045654297 31
      vertex -18.87579917907715 32.535709381103516 31.5
      vertex -17.93474578857422 31.38903045654297 31.5
    endloop
  endfacet
  facet normal 0.7730111385032007 0.6343924493163694 6.025070822864305e-7
    outer loop
      vertex -18.87579917907715 32.535709381103516 31.5
      vertex -17.93474578857422 31.38903045654297 31
      vertex -19.141063690185547 32.85893630981445 31
    endloop
  endfacet
  facet normal 0.6343924493164845 -0.773011138503341 0
    outer loop
      vertex -20.61096954345703 17.93474578857422 31
      vertex -19.141063690185547 19.141063690185547 32.5
      vertex -20.61096954345703 17.93474578857422 32.5
    endloop
  endfacet
  facet normal 0.6343924493164845 -0.773011138503341 0
    outer loop
      vertex -19.141063690185547 19.141063690185547 32.5
      vertex -20.61096954345703 17.93474578857422 31
      vertex -19.141063690185547 19.141063690185547 31
    endloop
  endfacet
  facet normal 0.6343924493164845 0.773011138503341 0
    outer loop
      vertex -19.141063690185547 32.85893630981445 31
      vertex -20.61096954345703 34.06525421142578 32.5
      vertex -19.141063690185547 32.85893630981445 32.5
    endloop
  endfacet
  facet normal 0.6343924493164845 0.773011138503341 0
    outer loop
      vertex -20.61096954345703 34.06525421142578 32.5
      vertex -19.141063690185547 32.85893630981445 31
      vertex -20.61096954345703 34.06525421142578 31
    endloop
  endfacet
  facet normal 0.8819208408814223 0.47139752907604965 0
    outer loop
      vertex -17.592498779296875 30.74873161315918 32.5
      vertex -17.038368225097656 29.71202850341797 32.5
      vertex -17.592498779296875 30.74873161315918 31.5
    endloop
  endfacet
  facet normal 0.8819211800865887 0.4713968944686407 0
    outer loop
      vertex -17.592498779296875 30.74873161315918 31.5
      vertex -17.93474578857422 31.38903045654297 31
      vertex -17.93474578857422 31.38903045654297 31.5
    endloop
  endfacet
  facet normal 0.8819209703937377 0.4713972867755507 6.459208237404024e-7
    outer loop
      vertex -17.592498779296875 30.74873161315918 31.5
      vertex -17.038368225097656 29.71202850341797 31
      vertex -17.93474578857422 31.38903045654297 31
    endloop
  endfacet
  facet normal 0.8819208408814223 0.4713975290760496 0
    outer loop
      vertex -17.038368225097656 29.71202850341797 31
      vertex -17.592498779296875 30.74873161315918 31.5
      vertex -17.038368225097656 29.71202850341797 32.5
    endloop
  endfacet
  facet normal -0.7730138324889309 0.6343891666641032 0
    outer loop
      vertex -32.85893630981445 32.85893630981445 31
      vertex -33.12419891357422 32.535709381103516 31.5
      vertex -32.85893630981445 32.85893630981445 32.5
    endloop
  endfacet
  facet normal -0.7730111384984666 0.6343924493124842 0.0000035513105586105093
    outer loop
      vertex -34.06525421142578 31.38903045654297 31
      vertex -33.12419891357422 32.535709381103516 31.5
      vertex -32.85893630981445 32.85893630981445 31
    endloop
  endfacet
  facet normal -0.7730103791210351 0.6343933746274102 0
    outer loop
      vertex -33.12419891357422 32.535709381103516 31.5
      vertex -34.06525421142578 31.38903045654297 31
      vertex -34.06525421142578 31.38903045654297 31.5
    endloop
  endfacet
  facet normal -0.7730138324889309 0.6343891666641032 0
    outer loop
      vertex -32.85893630981445 32.85893630981445 32.5
      vertex -33.12419891357422 32.535709381103516 31.5
      vertex -33.12419891357422 32.535709381103516 32.5
    endloop
  endfacet
  facet normal -0.8819211800865887 0.4713968944686407 0
    outer loop
      vertex -34.06525421142578 31.38903045654297 31
      vertex -34.407501220703125 30.74873161315918 31.5
      vertex -34.06525421142578 31.38903045654297 31.5
    endloop
  endfacet
  facet normal -0.8819209703937377 0.4713972867755507 6.459208237404024e-7
    outer loop
      vertex -34.961631774902344 29.71202850341797 31
      vertex -34.407501220703125 30.74873161315918 31.5
      vertex -34.06525421142578 31.38903045654297 31
    endloop
  endfacet
  facet normal -0.8819208408814223 0.4713975290760496 0
    outer loop
      vertex -34.961631774902344 29.71202850341797 32.5
      vertex -34.407501220703125 30.74873161315918 31.5
      vertex -34.961631774902344 29.71202850341797 31
    endloop
  endfacet
  facet normal -0.8819208408814223 0.47139752907604965 0
    outer loop
      vertex -34.407501220703125 30.74873161315918 31.5
      vertex -34.961631774902344 29.71202850341797 32.5
      vertex -34.407501220703125 30.74873161315918 32.5
    endloop
  endfacet
  facet normal 0.09801788952780126 -0.995184652882326 0
    outer loop
      vertex -26 16.299999237060547 31
      vertex -24.107624053955078 16.48638343811035 32.5
      vertex -26 16.299999237060547 32.5
    endloop
  endfacet
  facet normal 0.09801788952780126 -0.995184652882326 0
    outer loop
      vertex -24.107624053955078 16.48638343811035 32.5
      vertex -26 16.299999237060547 31
      vertex -24.107624053955078 16.48638343811035 31
    endloop
  endfacet
  facet normal 0.9951846513504844 -0.09801790508072948 0
    outer loop
      vertex -16.408340454101562 24.900001525878906 32.5
      vertex -16.48638343811035 24.107624053955078 32.5
      vertex -16.408340454101562 24.900001525878906 31.5
    endloop
  endfacet
  facet normal 0.9951846539857792 -0.09801787832434028 0
    outer loop
      vertex -16.408340454101562 24.900001525878906 31.5
      vertex -16.299999237060547 26 31
      vertex -16.299999237060547 26 31.5
    endloop
  endfacet
  facet normal 0.9951846528823257 -0.09801788952780122 -2.4886678873779862e-8
    outer loop
      vertex -16.408340454101562 24.900001525878906 31.5
      vertex -16.48638343811035 24.107624053955078 31
      vertex -16.299999237060547 26 31
    endloop
  endfacet
  facet normal 0.9951846513504844 -0.09801790508072948 0
    outer loop
      vertex -16.48638343811035 24.107624053955078 31
      vertex -16.408340454101562 24.900001525878906 31.5
      vertex -16.48638343811035 24.107624053955078 32.5
    endloop
  endfacet
  facet normal -0.9951848850218858 0.09801553256487308 0
    outer loop
      vertex -35.51361846923828 27.892375946044922 31
      vertex -35.59165954589844 27.099998474121094 31.5
      vertex -35.51361846923828 27.892375946044922 32.5
    endloop
  endfacet
  facet normal -0.9951847507237306 0.09801689610565086 0.000002181839533999119
    outer loop
      vertex -35.70000076293945 26 31
      vertex -35.59165954589844 27.099998474121094 31.5
      vertex -35.51361846923828 27.892375946044922 31
    endloop
  endfacet
  facet normal -0.9951846539857792 0.09801787832434028 0
    outer loop
      vertex -35.59165954589844 27.099998474121094 31.5
      vertex -35.70000076293945 26 31
      vertex -35.70000076293945 26 31.5
    endloop
  endfacet
  facet normal -0.995184885021886 0.09801553256487308 0
    outer loop
      vertex -35.51361846923828 27.892375946044922 32.5
      vertex -35.59165954589844 27.099998474121094 31.5
      vertex -35.59165954589844 27.099998474121094 32.5
    endloop
  endfacet
  facet normal 0.2902818303487781 -0.9569411993269823 0
    outer loop
      vertex -24.107624053955078 16.48638343811035 32.5
      vertex -24.069231033325195 16.498029708862305 31.5
      vertex -24.069231033325195 16.498029708862305 32.5
    endloop
  endfacet
  facet normal 0.2902818303487781 -0.9569411993269823 0
    outer loop
      vertex -24.107624053955078 16.48638343811035 31
      vertex -24.069231033325195 16.498029708862305 31.5
      vertex -24.107624053955078 16.48638343811035 32.5
    endloop
  endfacet
  facet normal 0.2902843008489415 -0.956940449913472 -2.0715567277431856e-7
    outer loop
      vertex -22.28797149658203 17.038368225097656 31
      vertex -24.069231033325195 16.498029708862305 31.5
      vertex -24.107624053955078 16.48638343811035 31
    endloop
  endfacet
  facet normal 0.2902843540977013 -0.9569404337606809 0
    outer loop
      vertex -24.069231033325195 16.498029708862305 31.5
      vertex -22.28797149658203 17.038368225097656 31
      vertex -22.28797149658203 17.038368225097656 31.5
    endloop
  endfacet
  facet normal -0.7730103791210351 -0.6343933746274102 0
    outer loop
      vertex -34.06525421142578 20.61096954345703 31
      vertex -33.12419891357422 19.464290618896484 31.5
      vertex -34.06525421142578 20.61096954345703 31.5
    endloop
  endfacet
  facet normal -0.7730111384984666 -0.6343924493124842 0.0000035513105586105093
    outer loop
      vertex -32.85893630981445 19.141063690185547 31
      vertex -33.12419891357422 19.464290618896484 31.5
      vertex -34.06525421142578 20.61096954345703 31
    endloop
  endfacet
  facet normal -0.7730138324889309 -0.6343891666641032 0
    outer loop
      vertex -32.85893630981445 19.141063690185547 32.5
      vertex -33.12419891357422 19.464290618896484 31.5
      vertex -32.85893630981445 19.141063690185547 31
    endloop
  endfacet
  facet normal -0.7730138324889309 -0.6343891666641032 0
    outer loop
      vertex -33.12419891357422 19.464290618896484 31.5
      vertex -32.85893630981445 19.141063690185547 32.5
      vertex -33.12419891357422 19.464290618896484 32.5
    endloop
  endfacet
  facet normal -0.09801788952780126 -0.995184652882326 0
    outer loop
      vertex -27.892375946044922 16.48638343811035 31
      vertex -26 16.299999237060547 32.5
      vertex -27.892375946044922 16.48638343811035 32.5
    endloop
  endfacet
  facet normal -0.09801788952780126 -0.995184652882326 0
    outer loop
      vertex -26 16.299999237060547 32.5
      vertex -27.892375946044922 16.48638343811035 31
      vertex -26 16.299999237060547 31
    endloop
  endfacet
  facet normal -0.6343924493164845 -0.773011138503341 0
    outer loop
      vertex -32.85893630981445 19.141063690185547 31
      vertex -31.38903045654297 17.93474578857422 32.5
      vertex -32.85893630981445 19.141063690185547 32.5
    endloop
  endfacet
  facet normal -0.6343924493164845 -0.773011138503341 0
    outer loop
      vertex -31.38903045654297 17.93474578857422 32.5
      vertex -32.85893630981445 19.141063690185547 31
      vertex -31.38903045654297 17.93474578857422 31
    endloop
  endfacet
  facet normal -0.4714000033497069 0.8819195183472788 0
    outer loop
      vertex -29.71202850341797 34.961631774902344 31.5
      vertex -29.71202850341797 34.961631774902344 31
      vertex -30.015682220458984 34.79932403564453 31.5
    endloop
  endfacet
  facet normal -0.4713966861266102 0.8819212914477403 0
    outer loop
      vertex -30.015682220458984 34.79932403564453 31.5
      vertex -31.38903045654297 34.06525421142578 32.5
      vertex -30.015682220458984 34.79932403564453 32.5
    endloop
  endfacet
  facet normal -0.47139728677458853 0.8819209703919377 0.000002121152436385768
    outer loop
      vertex -31.38903045654297 34.06525421142578 31
      vertex -30.015682220458984 34.79932403564453 31.5
      vertex -29.71202850341797 34.961631774902344 31
    endloop
  endfacet
  facet normal -0.47139668612661023 0.8819212914477403 0
    outer loop
      vertex -30.015682220458984 34.79932403564453 31.5
      vertex -31.38903045654297 34.06525421142578 31
      vertex -31.38903045654297 34.06525421142578 32.5
    endloop
  endfacet
  facet normal -0.09801689610588415 0.9951847507260991 0
    outer loop
      vertex -26 35.70000076293945 31
      vertex -27.892375946044922 35.51361846923828 32.5
      vertex -26 35.70000076293945 32.5
    endloop
  endfacet
  facet normal -0.09801689610588415 0.9951847507260991 0
    outer loop
      vertex -27.892375946044922 35.51361846923828 32.5
      vertex -26 35.70000076293945 31
      vertex -27.892375946044922 35.51361846923828 31
    endloop
  endfacet
  facet normal -0.9951846539857792 -0.09801787832434028 0
    outer loop
      vertex -35.70000076293945 26 31
      vertex -35.59165954589844 24.900001525878906 31.5
      vertex -35.70000076293945 26 31.5
    endloop
  endfacet
  facet normal -0.9951847507237306 -0.09801689610565086 0.000002181839533999119
    outer loop
      vertex -35.51361846923828 24.107624053955078 31
      vertex -35.59165954589844 24.900001525878906 31.5
      vertex -35.70000076293945 26 31
    endloop
  endfacet
  facet normal -0.9951848850218858 -0.09801553256487308 0
    outer loop
      vertex -35.51361846923828 24.107624053955078 32.5
      vertex -35.59165954589844 24.900001525878906 31.5
      vertex -35.51361846923828 24.107624053955078 31
    endloop
  endfacet
  facet normal -0.995184885021886 -0.09801553256487308 0
    outer loop
      vertex -35.59165954589844 24.900001525878906 31.5
      vertex -35.51361846923828 24.107624053955078 32.5
      vertex -35.59165954589844 24.900001525878906 32.5
    endloop
  endfacet
  facet normal 0.8819208408814223 -0.47139752907604965 0
    outer loop
      vertex -17.592498779296875 21.25126838684082 31.5
      vertex -17.038368225097656 22.28797149658203 32.5
      vertex -17.592498779296875 21.25126838684082 32.5
    endloop
  endfacet
  facet normal 0.8819208408814223 -0.4713975290760496 0
    outer loop
      vertex -17.038368225097656 22.28797149658203 32.5
      vertex -17.592498779296875 21.25126838684082 31.5
      vertex -17.038368225097656 22.28797149658203 31
    endloop
  endfacet
  facet normal 0.8819211800865887 -0.4713968944686407 0
    outer loop
      vertex -17.93474578857422 20.61096954345703 31
      vertex -17.592498779296875 21.25126838684082 31.5
      vertex -17.93474578857422 20.61096954345703 31.5
    endloop
  endfacet
  facet normal 0.8819209703937377 -0.4713972867755507 6.459208237404024e-7
    outer loop
      vertex -17.592498779296875 21.25126838684082 31.5
      vertex -17.93474578857422 20.61096954345703 31
      vertex -17.038368225097656 22.28797149658203 31
    endloop
  endfacet
  facet normal -0.9569401712785716 -0.29028521938489743 0
    outer loop
      vertex -34.961631774902344 22.28797149658203 31
      vertex -35.51361846923828 24.107624053955078 32.5
      vertex -35.51361846923828 24.107624053955078 31
    endloop
  endfacet
  facet normal -0.9569401712785716 -0.29028521938489743 0
    outer loop
      vertex -35.51361846923828 24.107624053955078 32.5
      vertex -34.961631774902344 22.28797149658203 31
      vertex -34.961631774902344 22.28797149658203 32.5
    endloop
  endfacet
  facet normal 0.29028341576297445 0.9569407184005602 0
    outer loop
      vertex -22.28797149658203 34.961631774902344 31.5
      vertex -22.28797149658203 34.961631774902344 31
      vertex -24.069231033325195 35.50196838378906 31.5
    endloop
  endfacet
  facet normal 0.29036889574334673 0.9569147842858262 0
    outer loop
      vertex -24.069231033325195 35.50196838378906 31.5
      vertex -24.107624053955078 35.51361846923828 32.5
      vertex -24.069231033325195 35.50196838378906 32.5
    endloop
  endfacet
  facet normal 0.2903688957433468 0.9569147842858263 0
    outer loop
      vertex -24.069231033325195 35.50196838378906 31.5
      vertex -24.107624053955078 35.51361846923828 31
      vertex -24.107624053955078 35.51361846923828 32.5
    endloop
  endfacet
  facet normal 0.2902852193777515 0.9569401712550145 0.000007016697581747349
    outer loop
      vertex -24.107624053955078 35.51361846923828 31
      vertex -24.069231033325195 35.50196838378906 31.5
      vertex -22.28797149658203 34.961631774902344 31
    endloop
  endfacet
  facet normal -0.29036889574334673 0.9569147842858262 0
    outer loop
      vertex -27.892375946044922 35.51361846923828 32.5
      vertex -27.930768966674805 35.50196838378906 31.5
      vertex -27.930768966674805 35.50196838378906 32.5
    endloop
  endfacet
  facet normal -0.2903688957433468 0.9569147842858263 0
    outer loop
      vertex -27.892375946044922 35.51361846923828 31
      vertex -27.930768966674805 35.50196838378906 31.5
      vertex -27.892375946044922 35.51361846923828 32.5
    endloop
  endfacet
  facet normal -0.2902852193777515 0.9569401712550145 0.000007016697581747349
    outer loop
      vertex -29.71202850341797 34.961631774902344 31
      vertex -27.930768966674805 35.50196838378906 31.5
      vertex -27.892375946044922 35.51361846923828 31
    endloop
  endfacet
  facet normal -0.29028341576297445 0.9569407184005602 0
    outer loop
      vertex -27.930768966674805 35.50196838378906 31.5
      vertex -29.71202850341797 34.961631774902344 31
      vertex -29.71202850341797 34.961631774902344 31.5
    endloop
  endfacet
  facet normal 0.9569404499134926 -0.29028430084894774 0
    outer loop
      vertex -17.038368225097656 22.28797149658203 32.5
      vertex -16.48638343811035 24.107624053955078 31
      vertex -16.48638343811035 24.107624053955078 32.5
    endloop
  endfacet
  facet normal 0.9569404499134926 -0.29028430084894774 0
    outer loop
      vertex -16.48638343811035 24.107624053955078 31
      vertex -17.038368225097656 22.28797149658203 32.5
      vertex -17.038368225097656 22.28797149658203 31
    endloop
  endfacet
  facet normal 0 0 1
    outer loop
      vertex -24.107624053955078 35.51361846923828 32.5
      vertex -24.614870071411133 33.82266616821289 32.5
      vertex -24.069231033325195 35.50196838378906 32.5
    endloop
  endfacet
  facet normal 0 0 1
    outer loop
      vertex -26 35.70000076293945 32.5
      vertex -24.614870071411133 33.82266616821289 32.5
      vertex -24.107624053955078 35.51361846923828 32.5
    endloop
  endfacet
  facet normal 0 0 1
    outer loop
      vertex -26 35.70000076293945 32.5
      vertex -26 33.95909118652344 32.5
      vertex -24.614870071411133 33.82266616821289 32.5
    endloop
  endfacet
  facet normal 0 0 1
    outer loop
      vertex -26 35.70000076293945 32.5
      vertex -27.385129928588867 33.82266616821289 32.5
      vertex -26 33.95909118652344 32.5
    endloop
  endfacet
  facet normal 0 0 1
    outer loop
      vertex -27.892375946044922 35.51361846923828 32.5
      vertex -27.385129928588867 33.82266616821289 32.5
      vertex -26 35.70000076293945 32.5
    endloop
  endfacet
  facet normal 0 0 1
    outer loop
      vertex -27.385129928588867 33.82266616821289 32.5
      vertex -27.892375946044922 35.51361846923828 32.5
      vertex -27.930768966674805 35.50196838378906 32.5
    endloop
  endfacet
  facet normal 0 0 1
    outer loop
      vertex -18.19384002685547 27.55274200439453 32.5
      vertex -16.48638343811035 27.892375946044922 32.5
      vertex -17.038368225097656 29.71202850341797 32.5
    endloop
  endfacet
  facet normal 0 0 1
    outer loop
      vertex -19.00748634338379 29.720684051513672 32.5
      vertex -17.038368225097656 29.71202850341797 32.5
      vertex -17.592498779296875 30.74873161315918 32.5
    endloop
  endfacet
  facet normal 0 0 1
    outer loop
      vertex -18.19384002685547 27.55274200439453 32.5
      vertex -17.038368225097656 29.71202850341797 32.5
      vertex -18.646759033203125 29.045812606811523 32.5
    endloop
  endfacet
  facet normal 0 0 1
    outer loop
      vertex -16.408340454101562 27.099998474121094 32.5
      vertex -18.19384002685547 27.55274200439453 32.5
      vertex -18.149250030517578 27.099998474121094 32.5
    endloop
  endfacet
  facet normal 0 0 1
    outer loop
      vertex -16.48638343811035 27.892375946044922 32.5
      vertex -18.19384002685547 27.55274200439453 32.5
      vertex -16.408340454101562 27.099998474121094 32.5
    endloop
  endfacet
  facet normal 0 0 1
    outer loop
      vertex -17.038368225097656 29.71202850341797 32.5
      vertex -19.00748634338379 29.720684051513672 32.5
      vertex -18.646759033203125 29.045812606811523 32.5
    endloop
  endfacet
  facet normal 0 0 1
    outer loop
      vertex -20.372072219848633 20.372072219848633 32.5
      vertex -18.87579917907715 19.464290618896484 32.5
      vertex -20.279876708984375 20.484413146972656 32.5
    endloop
  endfacet
  facet normal 0 0 1
    outer loop
      vertex -18.87579917907715 19.464290618896484 32.5
      vertex -20.372072219848633 20.372072219848633 32.5
      vertex -19.141063690185547 19.141063690185547 32.5
    endloop
  endfacet
  facet normal 0 0 1
    outer loop
      vertex -20.372072219848633 20.372072219848633 32.5
      vertex -20.61096954345703 17.93474578857422 32.5
      vertex -19.141063690185547 19.141063690185547 32.5
    endloop
  endfacet
  facet normal 0 0 1
    outer loop
      vertex -21.57816505432129 19.38225746154785 32.5
      vertex -20.61096954345703 17.93474578857422 32.5
      vertex -20.372072219848633 20.372072219848633 32.5
    endloop
  endfacet
  facet normal 0 0 1
    outer loop
      vertex -22.528167724609375 18.87447166442871 32.5
      vertex -20.61096954345703 17.93474578857422 32.5
      vertex -21.57816505432129 19.38225746154785 32.5
    endloop
  endfacet
  facet normal 0 0 1
    outer loop
      vertex -20.61096954345703 17.93474578857422 32.5
      vertex -22.528167724609375 18.87447166442871 32.5
      vertex -21.984317779541016 17.20067596435547 32.5
    endloop
  endfacet
  facet normal 0 0 1
    outer loop
      vertex -34.961631774902344 22.28797149658203 32.5
      vertex -32.992515563964844 22.279315948486328 32.5
      vertex -33.353240966796875 22.954187393188477 32.5
    endloop
  endfacet
  facet normal 0 0 1
    outer loop
      vertex -34.961631774902344 22.28797149658203 32.5
      vertex -33.353240966796875 22.954187393188477 32.5
      vertex -33.80615997314453 24.44725799560547 32.5
    endloop
  endfacet
  facet normal 0 0 1
    outer loop
      vertex -35.51361846923828 24.107624053955078 32.5
      vertex -33.80615997314453 24.44725799560547 32.5
      vertex -33.85074996948242 24.900001525878906 32.5
    endloop
  endfacet
  facet normal 0 0 1
    outer loop
      vertex -32.992515563964844 22.279315948486328 32.5
      vertex -34.961631774902344 22.28797149658203 32.5
      vertex -34.407501220703125 21.25126838684082 32.5
    endloop
  endfacet
  facet normal 0 0 1
    outer loop
      vertex -33.80615997314453 24.44725799560547 32.5
      vertex -35.51361846923828 24.107624053955078 32.5
      vertex -34.961631774902344 22.28797149658203 32.5
    endloop
  endfacet
  facet normal 0 0 1
    outer loop
      vertex -35.51361846923828 24.107624053955078 32.5
      vertex -33.85074996948242 24.900001525878906 32.5
      vertex -35.59165954589844 24.900001525878906 32.5
    endloop
  endfacet
  facet normal 0 0 1
    outer loop
      vertex -20.372072219848633 31.627925872802734 32.5
      vertex -18.87579917907715 32.535709381103516 32.5
      vertex -19.141063690185547 32.85893630981445 32.5
    endloop
  endfacet
  facet normal 0 0 1
    outer loop
      vertex -18.87579917907715 32.535709381103516 32.5
      vertex -20.372072219848633 31.627925872802734 32.5
      vertex -20.279876708984375 31.515586853027344 32.5
    endloop
  endfacet
  facet normal 0 0 1
    outer loop
      vertex -20.61096954345703 34.06525421142578 32.5
      vertex -20.372072219848633 31.627925872802734 32.5
      vertex -19.141063690185547 32.85893630981445 32.5
    endloop
  endfacet
  facet normal 0 0 1
    outer loop
      vertex -20.61096954345703 34.06525421142578 32.5
      vertex -21.57816505432129 32.617740631103516 32.5
      vertex -20.372072219848633 31.627925872802734 32.5
    endloop
  endfacet
  facet normal 0 0 1
    outer loop
      vertex -22.528167724609375 33.12553024291992 32.5
      vertex -20.61096954345703 34.06525421142578 32.5
      vertex -21.984317779541016 34.79932403564453 32.5
    endloop
  endfacet
  facet normal 0 0 1
    outer loop
      vertex -20.61096954345703 34.06525421142578 32.5
      vertex -22.528167724609375 33.12553024291992 32.5
      vertex -21.57816505432129 32.617740631103516 32.5
    endloop
  endfacet
  facet normal 0 0 1
    outer loop
      vertex -18.19384002685547 24.44725799560547 32.5
      vertex -16.48638343811035 24.107624053955078 32.5
      vertex -16.408340454101562 24.900001525878906 32.5
    endloop
  endfacet
  facet normal 0 0 1
    outer loop
      vertex -16.48638343811035 24.107624053955078 32.5
      vertex -18.19384002685547 24.44725799560547 32.5
      vertex -17.038368225097656 22.28797149658203 32.5
    endloop
  endfacet
  facet normal 0 0 1
    outer loop
      vertex -18.19384002685547 24.44725799560547 32.5
      vertex -16.408340454101562 24.900001525878906 32.5
      vertex -18.149250030517578 24.900001525878906 32.5
    endloop
  endfacet
  facet normal 0 0 1
    outer loop
      vertex -17.038368225097656 22.28797149658203 32.5
      vertex -18.19384002685547 24.44725799560547 32.5
      vertex -18.646759033203125 22.954187393188477 32.5
    endloop
  endfacet
  facet normal 0 0 1
    outer loop
      vertex -19.007484436035156 22.279315948486328 32.5
      vertex -17.038368225097656 22.28797149658203 32.5
      vertex -18.646759033203125 22.954187393188477 32.5
    endloop
  endfacet
  facet normal 0 0 1
    outer loop
      vertex -17.038368225097656 22.28797149658203 32.5
      vertex -19.007484436035156 22.279315948486328 32.5
      vertex -17.592498779296875 21.25126838684082 32.5
    endloop
  endfacet
  facet normal 0 0 1
    outer loop
      vertex -34.961631774902344 29.71202850341797 32.5
      vertex -32.992515563964844 29.720684051513672 32.5
      vertex -34.407501220703125 30.74873161315918 32.5
    endloop
  endfacet
  facet normal 0 0 1
    outer loop
      vertex -32.992515563964844 29.720684051513672 32.5
      vertex -34.961631774902344 29.71202850341797 32.5
      vertex -33.353240966796875 29.045812606811523 32.5
    endloop
  endfacet
  facet normal 0 0 1
    outer loop
      vertex -33.353240966796875 29.045812606811523 32.5
      vertex -34.961631774902344 29.71202850341797 32.5
      vertex -33.80615997314453 27.55274200439453 32.5
    endloop
  endfacet
  facet normal 0 0 1
    outer loop
      vertex -35.51361846923828 27.892375946044922 32.5
      vertex -33.80615997314453 27.55274200439453 32.5
      vertex -34.961631774902344 29.71202850341797 32.5
    endloop
  endfacet
  facet normal 0 0 1
    outer loop
      vertex -33.80615997314453 27.55274200439453 32.5
      vertex -35.51361846923828 27.892375946044922 32.5
      vertex -33.85074996948242 27.099998474121094 32.5
    endloop
  endfacet
  facet normal 0 0 1
    outer loop
      vertex -33.85074996948242 27.099998474121094 32.5
      vertex -35.51361846923828 27.892375946044922 32.5
      vertex -35.59165954589844 27.099998474121094 32.5
    endloop
  endfacet
  facet normal 0 0 1
    outer loop
      vertex -24.614870071411133 18.177331924438477 32.5
      vertex -24.107624053955078 16.48638343811035 32.5
      vertex -24.069231033325195 16.498029708862305 32.5
    endloop
  endfacet
  facet normal 0 0 1
    outer loop
      vertex -26 16.299999237060547 32.5
      vertex -24.614870071411133 18.177331924438477 32.5
      vertex -26 18.040908813476562 32.5
    endloop
  endfacet
  facet normal 0 0 1
    outer loop
      vertex -24.614870071411133 18.177331924438477 32.5
      vertex -26 16.299999237060547 32.5
      vertex -24.107624053955078 16.48638343811035 32.5
    endloop
  endfacet
  facet normal 0 0 1
    outer loop
      vertex -27.385129928588867 18.177331924438477 32.5
      vertex -26 16.299999237060547 32.5
      vertex -26 18.040908813476562 32.5
    endloop
  endfacet
  facet normal 0 0 1
    outer loop
      vertex -27.385129928588867 18.177331924438477 32.5
      vertex -27.892375946044922 16.48638343811035 32.5
      vertex -26 16.299999237060547 32.5
    endloop
  endfacet
  facet normal 0 0 1
    outer loop
      vertex -27.892375946044922 16.48638343811035 32.5
      vertex -27.385129928588867 18.177331924438477 32.5
      vertex -27.930768966674805 16.498029708862305 32.5
    endloop
  endfacet
  facet normal 0 0 1
    outer loop
      vertex -31.38903045654297 17.93474578857422 32.5
      vertex -29.471832275390625 18.87447166442871 32.5
      vertex -30.421833038330078 19.38225746154785 32.5
    endloop
  endfacet
  facet normal 0 0 1
    outer loop
      vertex -29.471832275390625 18.87447166442871 32.5
      vertex -31.38903045654297 17.93474578857422 32.5
      vertex -30.015682220458984 17.20067596435547 32.5
    endloop
  endfacet
  facet normal 0 0 1
    outer loop
      vertex -31.627925872802734 20.372072219848633 32.5
      vertex -31.38903045654297 17.93474578857422 32.5
      vertex -30.421833038330078 19.38225746154785 32.5
    endloop
  endfacet
  facet normal 0 0 1
    outer loop
      vertex -33.12419891357422 19.464290618896484 32.5
      vertex -31.627925872802734 20.372072219848633 32.5
      vertex -31.720123291015625 20.484413146972656 32.5
    endloop
  endfacet
  facet normal 0 0 1
    outer loop
      vertex -31.627925872802734 20.372072219848633 32.5
      vertex -32.85893630981445 19.141063690185547 32.5
      vertex -31.38903045654297 17.93474578857422 32.5
    endloop
  endfacet
  facet normal 0 0 1
    outer loop
      vertex -31.627925872802734 20.372072219848633 32.5
      vertex -33.12419891357422 19.464290618896484 32.5
      vertex -32.85893630981445 19.141063690185547 32.5
    endloop
  endfacet
  facet normal 0 0 1
    outer loop
      vertex -31.38903045654297 34.06525421142578 32.5
      vertex -29.471832275390625 33.125526428222656 32.5
      vertex -30.015682220458984 34.79932403564453 32.5
    endloop
  endfacet
  facet normal 0 0 1
    outer loop
      vertex -29.471832275390625 33.125526428222656 32.5
      vertex -31.38903045654297 34.06525421142578 32.5
      vertex -30.421833038330078 32.617740631103516 32.5
    endloop
  endfacet
  facet normal 0 0 1
    outer loop
      vertex -31.38903045654297 34.06525421142578 32.5
      vertex -31.627925872802734 31.627925872802734 32.5
      vertex -30.421833038330078 32.617740631103516 32.5
    endloop
  endfacet
  facet normal 0 0 1
    outer loop
      vertex -32.85893630981445 32.85893630981445 32.5
      vertex -31.627925872802734 31.627925872802734 32.5
      vertex -31.38903045654297 34.06525421142578 32.5
    endloop
  endfacet
  facet normal 0 0 1
    outer loop
      vertex -33.12419891357422 32.535709381103516 32.5
      vertex -31.627925872802734 31.627925872802734 32.5
      vertex -32.85893630981445 32.85893630981445 32.5
    endloop
  endfacet
  facet normal 0 0 1
    outer loop
      vertex -31.627925872802734 31.627925872802734 32.5
      vertex -33.12419891357422 32.535709381103516 32.5
      vertex -31.720123291015625 31.515586853027344 32.5
    endloop
  endfacet
  facet normal -0.4713966861266102 -0.8819212914477403 0
    outer loop
      vertex -31.38903045654297 17.93474578857422 32.5
      vertex -30.015682220458984 17.20067596435547 31.5
      vertex -30.015682220458984 17.20067596435547 32.5
    endloop
  endfacet
  facet normal -0.47139668612661023 -0.8819212914477403 0
    outer loop
      vertex -31.38903045654297 17.93474578857422 31
      vertex -30.015682220458984 17.20067596435547 31.5
      vertex -31.38903045654297 17.93474578857422 32.5
    endloop
  endfacet
  facet normal -0.47139728677458853 -0.8819209703919377 0.000002121152436385768
    outer loop
      vertex -29.71202850341797 17.038368225097656 31
      vertex -30.015682220458984 17.20067596435547 31.5
      vertex -31.38903045654297 17.93474578857422 31
    endloop
  endfacet
  facet normal -0.4714000033497069 -0.8819195183472788 0
    outer loop
      vertex -30.015682220458984 17.20067596435547 31.5
      vertex -29.71202850341797 17.038368225097656 31
      vertex -29.71202850341797 17.038368225097656 31.5
    endloop
  endfacet
  facet normal -0.9569401712785716 0.29028521938489743 0
    outer loop
      vertex -35.51361846923828 27.892375946044922 31
      vertex -34.961631774902344 29.71202850341797 32.5
      vertex -34.961631774902344 29.71202850341797 31
    endloop
  endfacet
  facet normal -0.9569401712785716 0.29028521938489743 0
    outer loop
      vertex -34.961631774902344 29.71202850341797 32.5
      vertex -35.51361846923828 27.892375946044922 31
      vertex -35.51361846923828 27.892375946044922 32.5
    endloop
  endfacet
  facet normal -0.6343924493164845 0.773011138503341 0
    outer loop
      vertex -31.38903045654297 34.06525421142578 31
      vertex -32.85893630981445 32.85893630981445 32.5
      vertex -31.38903045654297 34.06525421142578 32.5
    endloop
  endfacet
  facet normal -0.6343924493164845 0.773011138503341 0
    outer loop
      vertex -32.85893630981445 32.85893630981445 32.5
      vertex -31.38903045654297 34.06525421142578 31
      vertex -32.85893630981445 32.85893630981445 31
    endloop
  endfacet
  facet normal -0.2902843540977013 -0.9569404337606809 0
    outer loop
      vertex -29.71202850341797 17.038368225097656 31.5
      vertex -29.71202850341797 17.038368225097656 31
      vertex -27.930768966674805 16.498029708862305 31.5
    endloop
  endfacet
  facet normal -0.2902818303487781 -0.9569411993269823 0
    outer loop
      vertex -27.930768966674805 16.498029708862305 31.5
      vertex -27.892375946044922 16.48638343811035 32.5
      vertex -27.930768966674805 16.498029708862305 32.5
    endloop
  endfacet
  facet normal -0.2902818303487781 -0.9569411993269823 0
    outer loop
      vertex -27.930768966674805 16.498029708862305 31.5
      vertex -27.892375946044922 16.48638343811035 31
      vertex -27.892375946044922 16.48638343811035 32.5
    endloop
  endfacet
  facet normal -0.2902843008489415 -0.956940449913472 -2.0715567277431856e-7
    outer loop
      vertex -27.892375946044922 16.48638343811035 31
      vertex -27.930768966674805 16.498029708862305 31.5
      vertex -29.71202850341797 17.038368225097656 31
    endloop
  endfacet
  facet normal 0.4714000033497069 -0.8819195183472788 0
    outer loop
      vertex -22.28797149658203 17.038368225097656 31.5
      vertex -22.28797149658203 17.038368225097656 31
      vertex -21.984317779541016 17.20067596435547 31.5
    endloop
  endfacet
  facet normal 0.4713966861266102 -0.8819212914477403 0
    outer loop
      vertex -21.984317779541016 17.20067596435547 31.5
      vertex -20.61096954345703 17.93474578857422 32.5
      vertex -21.984317779541016 17.20067596435547 32.5
    endloop
  endfacet
  facet normal 0.47139728677458853 -0.8819209703919377 0.000002121152436385768
    outer loop
      vertex -20.61096954345703 17.93474578857422 31
      vertex -21.984317779541016 17.20067596435547 31.5
      vertex -22.28797149658203 17.038368225097656 31
    endloop
  endfacet
  facet normal 0.47139668612661023 -0.8819212914477403 0
    outer loop
      vertex -21.984317779541016 17.20067596435547 31.5
      vertex -20.61096954345703 17.93474578857422 31
      vertex -20.61096954345703 17.93474578857422 32.5
    endloop
  endfacet
  facet normal 1 0 0
    outer loop
      vertex 36 -27.099998474121094 35.5
      vertex 36 -24.900001525878906 31.5
      vertex 36 -24.900001525878906 35.5
    endloop
  endfacet
  facet normal 1 0 0
    outer loop
      vertex 36 -24.900001525878906 31.5
      vertex 36 -27.099998474121094 35.5
      vertex 36 -27.099998474121094 31.5
    endloop
  endfacet
  facet normal 0 0 1
    outer loop
      vertex 33.79999923706055 -24.900001525878906 35.5
      vertex 36 -27.099998474121094 35.5
      vertex 36 -24.900001525878906 35.5
    endloop
  endfacet
  facet normal 0 0 1
    outer loop
      vertex 36 -27.099998474121094 35.5
      vertex 33.79999923706055 -24.900001525878906 35.5
      vertex 33.79999923706055 -27.099998474121094 35.5
    endloop
  endfacet
  facet normal 0 0 -1
    outer loop
      vertex 36 -27.099998474121094 31.5
      vertex 35.70000076293945 -26 31.5
      vertex 36 -24.900001525878906 31.5
    endloop
  endfacet
  facet normal 0 0 -1
    outer loop
      vertex 35.70000076293945 -26 31.5
      vertex 36 -27.099998474121094 31.5
      vertex 35.59165954589844 -27.099998474121094 31.5
    endloop
  endfacet
  facet normal 0 0 -1
    outer loop
      vertex 36 -24.900001525878906 31.5
      vertex 35.70000076293945 -26 31.5
      vertex 35.59165954589844 -24.900001525878906 31.5
    endloop
  endfacet
  facet normal -1 0 0
    outer loop
      vertex 33.79999923706055 -26 32.66990280151367
      vertex 33.79999923706055 -24.900001525878906 35.5
      vertex 33.79999923706055 -24.900001525878906 32.55419921875
    endloop
  endfacet
  facet normal -1 0 0
    outer loop
      vertex 33.79999923706055 -27.099998474121094 35.5
      vertex 33.79999923706055 -26 32.66990280151367
      vertex 33.79999923706055 -27.099998474121094 32.55419921875
    endloop
  endfacet
  facet normal -1 0 0
    outer loop
      vertex 33.79999923706055 -26 32.66990280151367
      vertex 33.79999923706055 -27.099998474121094 35.5
      vertex 33.79999923706055 -24.900001525878906 35.5
    endloop
  endfacet
  facet normal 0 1 0
    outer loop
      vertex 35.59165954589844 -24.900001525878906 32.5
      vertex 33.79999923706055 -24.900001525878906 35.5
      vertex 36 -24.900001525878906 35.5
    endloop
  endfacet
  facet normal 0 1 0
    outer loop
      vertex 33.79999923706055 -24.900001525878906 35.5
      vertex 35.59165954589844 -24.900001525878906 32.5
      vertex 33.79999923706055 -24.900001525878906 32.55419921875
    endloop
  endfacet
  facet normal 0 1 0
    outer loop
      vertex 36 -24.900001525878906 31.5
      vertex 35.59165954589844 -24.900001525878906 32.5
      vertex 36 -24.900001525878906 35.5
    endloop
  endfacet
  facet normal 0 1 0
    outer loop
      vertex 35.59165954589844 -24.900001525878906 32.5
      vertex 36 -24.900001525878906 31.5
      vertex 35.59165954589844 -24.900001525878906 31.5
    endloop
  endfacet
  facet normal 0 1 0
    outer loop
      vertex 33.79999923706055 -24.900001525878906 32.55419921875
      vertex 35.59165954589844 -24.900001525878906 32.5
      vertex 33.85074996948242 -24.900001525878906 32.5
    endloop
  endfacet
  facet normal 0 -1 0
    outer loop
      vertex 35.59165954589844 -27.099998474121094 32.5
      vertex 33.79999923706055 -27.099998474121094 35.5
      vertex 33.79999923706055 -27.099998474121094 32.55419921875
    endloop
  endfacet
  facet normal 0 -1 0
    outer loop
      vertex 35.59165954589844 -27.099998474121094 32.5
      vertex 33.79999923706055 -27.099998474121094 32.55419921875
      vertex 33.85074996948242 -27.099998474121094 32.5
    endloop
  endfacet
  facet normal 0 -1 0
    outer loop
      vertex 33.79999923706055 -27.099998474121094 35.5
      vertex 35.59165954589844 -27.099998474121094 32.5
      vertex 36 -27.099998474121094 35.5
    endloop
  endfacet
  facet normal 0 -1 0
    outer loop
      vertex 36 -27.099998474121094 31.5
      vertex 35.59165954589844 -27.099998474121094 32.5
      vertex 35.59165954589844 -27.099998474121094 31.5
    endloop
  endfacet
  facet normal 0 -1 0
    outer loop
      vertex 35.59165954589844 -27.099998474121094 32.5
      vertex 36 -27.099998474121094 31.5
      vertex 36 -27.099998474121094 35.5
    endloop
  endfacet
  facet normal 0 0 1
    outer loop
      vertex 33.443603515625 -19.232229232788086 35.5
      vertex 32.95689392089844 -22.305194854736328 35.5
      vertex 34.736732482910156 -21.012065887451172 35.5
    endloop
  endfacet
  facet normal 0 0 1
    outer loop
      vertex 32.95689392089844 -22.305194854736328 35.5
      vertex 33.443603515625 -19.232229232788086 35.5
      vertex 31.663768768310547 -20.52535629272461 35.5
    endloop
  endfacet
  facet normal -0.8090167774323765 -0.5877855508881895 0
    outer loop
      vertex 32.4904670715332 -21.6632080078125 32.663475036621094
      vertex 31.663768768310547 -20.52535629272461 35.5
      vertex 31.663768768310547 -20.52535629272461 32.574623107910156
    endloop
  endfacet
  facet normal -0.8090193298582236 -0.5877820377620867 0
    outer loop
      vertex 32.95689392089844 -22.305194854736328 35.5
      vertex 32.4904670715332 -21.6632080078125 32.663475036621094
      vertex 32.95689392089844 -22.305194854736328 32.54680252075195
    endloop
  endfacet
  facet normal -0.8090176980907148 -0.5877842837090814 -7.766434760722276e-7
    outer loop
      vertex 32.4904670715332 -21.6632080078125 32.663475036621094
      vertex 32.95689392089844 -22.305194854736328 35.5
      vertex 31.663768768310547 -20.52535629272461 35.5
    endloop
  endfacet
  facet normal -0.5877856756976485 0.8090166867529112 -2.7958449185580983e-8
    outer loop
      vertex 33.12419891357422 -19.464290618896484 32.5
      vertex 31.663768768310547 -20.52535629272461 35.5
      vertex 33.443603515625 -19.232229232788086 35.5
    endloop
  endfacet
  facet normal -0.5877856381079777 0.8090167140634348 0
    outer loop
      vertex 31.663768768310547 -20.52535629272461 35.5
      vertex 33.12419891357422 -19.464290618896484 32.5
      vertex 31.663768768310547 -20.52535629272461 32.574623107910156
    endloop
  endfacet
  facet normal -0.5877858475707929 0.8090165618795975 0
    outer loop
      vertex 33.443603515625 -19.232229232788086 31.5
      vertex 33.12419891357422 -19.464290618896484 32.5
      vertex 33.443603515625 -19.232229232788086 35.5
    endloop
  endfacet
  facet normal -0.5877858475707929 0.8090165618795975 0
    outer loop
      vertex 33.12419891357422 -19.464290618896484 32.5
      vertex 33.443603515625 -19.232229232788086 31.5
      vertex 33.12419891357422 -19.464290618896484 31.5
    endloop
  endfacet
  facet normal -0.5877859596528002 0.809016480389973 -0.00000961547516807848
    outer loop
      vertex 31.663768768310547 -20.52535629272461 32.574623107910156
      vertex 33.12419891357422 -19.464290618896484 32.5
      vertex 31.720123291015625 -20.484413146972656 32.5
    endloop
  endfacet
  facet normal 0 0 -1
    outer loop
      vertex 34.06525421142578 -20.61096954345703 31.5
      vertex 34.736732482910156 -21.012065887451172 31.5
      vertex 34.407501220703125 -21.25126838684082 31.5
    endloop
  endfacet
  facet normal 0 0 -1
    outer loop
      vertex 34.06525421142578 -20.61096954345703 31.5
      vertex 33.443603515625 -19.232229232788086 31.5
      vertex 34.736732482910156 -21.012065887451172 31.5
    endloop
  endfacet
  facet normal 0 0 -1
    outer loop
      vertex 33.443603515625 -19.232229232788086 31.5
      vertex 34.06525421142578 -20.61096954345703 31.5
      vertex 33.12419891357422 -19.464290618896484 31.5
    endloop
  endfacet
  facet normal 0.5877847314564968 -0.8090173727841782 0
    outer loop
      vertex 34.407501220703125 -21.25126838684082 32.5
      vertex 32.95689392089844 -22.305194854736328 35.5
      vertex 32.95689392089844 -22.305194854736328 32.54680252075195
    endloop
  endfacet
  facet normal 0.5877853663520052 -0.8090169109467071 0.000030078012271791746
    outer loop
      vertex 34.407501220703125 -21.25126838684082 32.5
      vertex 32.95689392089844 -22.305194854736328 32.54680252075195
      vertex 32.992515563964844 -22.279315948486328 32.5
    endloop
  endfacet
  facet normal 0.5877854185968309 -0.8090168735475735 5.076431519673326e-7
    outer loop
      vertex 32.95689392089844 -22.305194854736328 35.5
      vertex 34.407501220703125 -21.25126838684082 32.5
      vertex 34.736732482910156 -21.012065887451172 35.5
    endloop
  endfacet
  facet normal 0.5877884461523698 -0.8090146738902717 0
    outer loop
      vertex 34.736732482910156 -21.012065887451172 31.5
      vertex 34.407501220703125 -21.25126838684082 32.5
      vertex 34.407501220703125 -21.25126838684082 31.5
    endloop
  endfacet
  facet normal 0.5877884461523698 -0.8090146738902717 0
    outer loop
      vertex 34.407501220703125 -21.25126838684082 32.5
      vertex 34.736732482910156 -21.012065887451172 31.5
      vertex 34.736732482910156 -21.012065887451172 35.5
    endloop
  endfacet
  facet normal 0.8090165740143693 0.5877858308687377 0
    outer loop
      vertex 34.736732482910156 -21.012065887451172 35.5
      vertex 33.443603515625 -19.232229232788086 31.5
      vertex 33.443603515625 -19.232229232788086 35.5
    endloop
  endfacet
  facet normal 0.8090165740143693 0.5877858308687377 0
    outer loop
      vertex 33.443603515625 -19.232229232788086 31.5
      vertex 34.736732482910156 -21.012065887451172 35.5
      vertex 34.736732482910156 -21.012065887451172 31.5
    endloop
  endfacet
  facet normal 0 0 1
    outer loop
      vertex 28.04400634765625 -16.149517059326172 35.5
      vertex 29.456493377685547 -18.92167854309082 35.5
      vertex 30.13633155822754 -16.82935333251953 35.5
    endloop
  endfacet
  facet normal 0 0 1
    outer loop
      vertex 29.456493377685547 -18.92167854309082 35.5
      vertex 28.04400634765625 -16.149517059326172 35.5
      vertex 27.36417007446289 -18.241840362548828 35.5
    endloop
  endfacet
  facet normal -0.30901745832125277 -0.9510563655497076 2.3210794766414164e-7
    outer loop
      vertex 27.36417007446289 -18.241840362548828 35.5
      vertex 28.994159698486328 -18.77145767211914 32.64414596557617
      vertex 29.456493377685547 -18.92167854309082 35.5
    endloop
  endfacet
  facet normal -0.30901744432100176 -0.9510563700986701 2.409422483098536e-7
    outer loop
      vertex 27.36417007446289 -18.241840362548828 35.5
      vertex 27.532325744628906 -18.296478271484375 32.611759185791016
      vertex 28.994159698486328 -18.77145767211914 32.64414596557617
    endloop
  endfacet
  facet normal -0.30902118755113817 -0.9510551538393998 0
    outer loop
      vertex 27.532325744628906 -18.296478271484375 32.611759185791016
      vertex 27.36417007446289 -18.241840362548828 35.5
      vertex 27.36417007446289 -18.241840362548828 32.57109832763672
    endloop
  endfacet
  facet normal -0.3090161614905441 -0.9510567869152977 0
    outer loop
      vertex 29.456493377685547 -18.92167854309082 35.5
      vertex 28.994159698486328 -18.77145767211914 32.64414596557617
      vertex 29.456493377685547 -18.92167854309082 32.55243682861328
    endloop
  endfacet
  facet normal -0.9510575133738786 0.3090139256653247 0
    outer loop
      vertex 27.930768966674805 -16.498029708862305 32.5
      vertex 28.04400634765625 -16.149517059326172 31.5
      vertex 27.930768966674805 -16.498029708862305 31.5
    endloop
  endfacet
  facet normal -0.9510575133738786 0.3090139256653247 0
    outer loop
      vertex 28.04400634765625 -16.149517059326172 31.5
      vertex 27.930768966674805 -16.498029708862305 32.5
      vertex 28.04400634765625 -16.149517059326172 35.5
    endloop
  endfacet
  facet normal -0.9510564043877212 0.3090173387745692 0.0000031276660059417447
    outer loop
      vertex 27.36417007446289 -18.241840362548828 32.57109832763672
      vertex 27.930768966674805 -16.498029708862305 32.5
      vertex 27.385129928588867 -18.177331924438477 32.5
    endloop
  endfacet
  facet normal -0.951056441869776 0.30901722343261323 0
    outer loop
      vertex 27.36417007446289 -18.241840362548828 35.5
      vertex 27.930768966674805 -16.498029708862305 32.5
      vertex 27.36417007446289 -18.241840362548828 32.57109832763672
    endloop
  endfacet
  facet normal -0.9510566203478913 0.3090166741331646 -3.5299991099621206e-7
    outer loop
      vertex 27.930768966674805 -16.498029708862305 32.5
      vertex 27.36417007446289 -18.241840362548828 35.5
      vertex 28.04400634765625 -16.149517059326172 35.5
    endloop
  endfacet
  facet normal 0 0 -1
    outer loop
      vertex 29.71202850341797 -17.038368225097656 31.5
      vertex 30.13633155822754 -16.82935333251953 31.5
      vertex 30.015682220458984 -17.20067596435547 31.5
    endloop
  endfacet
  facet normal 0 0 -1
    outer loop
      vertex 29.71202850341797 -17.038368225097656 31.5
      vertex 28.04400634765625 -16.149517059326172 31.5
      vertex 30.13633155822754 -16.82935333251953 31.5
    endloop
  endfacet
  facet normal 0 0 -1
    outer loop
      vertex 28.04400634765625 -16.149517059326172 31.5
      vertex 29.71202850341797 -17.038368225097656 31.5
      vertex 27.930768966674805 -16.498029708862305 31.5
    endloop
  endfacet
  facet normal 0.95105704243654 -0.30901537507357374 0
    outer loop
      vertex 30.13633155822754 -16.82935333251953 35.5
      vertex 30.015682220458984 -17.20067596435547 32.5
      vertex 30.13633155822754 -16.82935333251953 31.5
    endloop
  endfacet
  facet normal 0.9510564483387807 -0.309017203522978 2.502073820663407e-7
    outer loop
      vertex 29.456493377685547 -18.92167854309082 35.5
      vertex 30.015682220458984 -17.20067596435547 32.5
      vertex 30.13633155822754 -16.82935333251953 35.5
    endloop
  endfacet
  facet normal 0.951056320156226 -0.309017598027844 0
    outer loop
      vertex 30.015682220458984 -17.20067596435547 32.5
      vertex 29.456493377685547 -18.92167854309082 35.5
      vertex 29.456493377685547 -18.92167854309082 32.55243682861328
    endloop
  endfacet
  facet normal 0.9510563902472176 -0.30901738221111946 0.000007830665026767654
    outer loop
      vertex 30.015682220458984 -17.20067596435547 32.5
      vertex 29.456493377685547 -18.92167854309082 32.55243682861328
      vertex 29.471832275390625 -18.87447166442871 32.5
    endloop
  endfacet
  facet normal 0.95105704243654 -0.30901537507357374 0
    outer loop
      vertex 30.13633155822754 -16.82935333251953 31.5
      vertex 30.015682220458984 -17.20067596435547 32.5
      vertex 30.015682220458984 -17.20067596435547 31.5
    endloop
  endfacet
  facet normal 0.3090164193354205 0.9510567031366298 0
    outer loop
      vertex 30.13633155822754 -16.82935333251953 31.5
      vertex 28.04400634765625 -16.149517059326172 35.5
      vertex 30.13633155822754 -16.82935333251953 35.5
    endloop
  endfacet
  facet normal 0.3090164193354205 0.9510567031366298 0
    outer loop
      vertex 28.04400634765625 -16.149517059326172 35.5
      vertex 30.13633155822754 -16.82935333251953 31.5
      vertex 28.04400634765625 -16.149517059326172 31.5
    endloop
  endfacet
  facet normal 0 0 1
    outer loop
      vertex 23.95599365234375 -16.149517059326172 35.5
      vertex 22.543506622314453 -18.92167854309082 35.5
      vertex 24.63582992553711 -18.241840362548828 35.5
    endloop
  endfacet
  facet normal 0 0 1
    outer loop
      vertex 22.543506622314453 -18.92167854309082 35.5
      vertex 23.95599365234375 -16.149517059326172 35.5
      vertex 21.86366844177246 -16.82935333251953 35.5
    endloop
  endfacet
  facet normal 0.30901745832126093 -0.9510563655497329 2.5723440774192643e-8
    outer loop
      vertex 22.543506622314453 -18.92167854309082 35.5
      vertex 23.00583839416504 -18.77145767211914 32.64414596557617
      vertex 24.63582992553711 -18.241840362548828 35.5
    endloop
  endfacet
  facet normal 0.309017314599056 -0.951056412247974 0
    outer loop
      vertex 23.00583839416504 -18.77145767211914 32.64414596557617
      vertex 22.543506622314453 -18.92167854309082 35.5
      vertex 22.543506622314453 -18.92167854309082 32.55243682861328
    endloop
  endfacet
  facet normal 0.3090170800981052 -0.9510564884419702 2.643863376593256e-7
    outer loop
      vertex 24.467674255371094 -18.296478271484375 32.611759185791016
      vertex 24.63582992553711 -18.241840362548828 35.5
      vertex 23.00583839416504 -18.77145767211914 32.64414596557617
    endloop
  endfacet
  facet normal 0.30902118755113817 -0.9510551538393998 0
    outer loop
      vertex 24.63582992553711 -18.241840362548828 35.5
      vertex 24.467674255371094 -18.296478271484375 32.611759185791016
      vertex 24.63582992553711 -18.241840362548828 32.57109832763672
    endloop
  endfacet
  facet normal -0.95105704243654 -0.30901537507357374 0
    outer loop
      vertex 21.984317779541016 -17.20067596435547 32.5
      vertex 21.86366844177246 -16.82935333251953 31.5
      vertex 21.984317779541016 -17.20067596435547 31.5
    endloop
  endfacet
  facet normal -0.95105704243654 -0.30901537507357374 0
    outer loop
      vertex 21.86366844177246 -16.82935333251953 31.5
      vertex 21.984317779541016 -17.20067596435547 32.5
      vertex 21.86366844177246 -16.82935333251953 35.5
    endloop
  endfacet
  facet normal -0.9510563902472176 -0.30901738221111946 0.000007830665026767654
    outer loop
      vertex 22.543506622314453 -18.92167854309082 32.55243682861328
      vertex 21.984317779541016 -17.20067596435547 32.5
      vertex 22.528167724609375 -18.87447166442871 32.5
    endloop
  endfacet
  facet normal -0.951056320156226 -0.309017598027844 0
    outer loop
      vertex 22.543506622314453 -18.92167854309082 35.5
      vertex 21.984317779541016 -17.20067596435547 32.5
      vertex 22.543506622314453 -18.92167854309082 32.55243682861328
    endloop
  endfacet
  facet normal -0.9510564483387807 -0.309017203522978 2.502073820663407e-7
    outer loop
      vertex 21.984317779541016 -17.20067596435547 32.5
      vertex 22.543506622314453 -18.92167854309082 35.5
      vertex 21.86366844177246 -16.82935333251953 35.5
    endloop
  endfacet
  facet normal 0 0 -1
    outer loop
      vertex 22.28797149658203 -17.038368225097656 31.5
      vertex 23.95599365234375 -16.149517059326172 31.5
      vertex 24.069231033325195 -16.498029708862305 31.5
    endloop
  endfacet
  facet normal 0 0 -1
    outer loop
      vertex 22.28797149658203 -17.038368225097656 31.5
      vertex 21.86366844177246 -16.82935333251953 31.5
      vertex 23.95599365234375 -16.149517059326172 31.5
    endloop
  endfacet
  facet normal 0 0 -1
    outer loop
      vertex 21.86366844177246 -16.82935333251953 31.5
      vertex 22.28797149658203 -17.038368225097656 31.5
      vertex 21.984317779541016 -17.20067596435547 31.5
    endloop
  endfacet
  facet normal 0.9510575133738786 0.3090139256653247 0
    outer loop
      vertex 23.95599365234375 -16.149517059326172 35.5
      vertex 24.069231033325195 -16.498029708862305 32.5
      vertex 23.95599365234375 -16.149517059326172 31.5
    endloop
  endfacet
  facet normal 0.9510566203478913 0.3090166741331646 -3.5299991099621206e-7
    outer loop
      vertex 24.63582992553711 -18.241840362548828 35.5
      vertex 24.069231033325195 -16.498029708862305 32.5
      vertex 23.95599365234375 -16.149517059326172 35.5
    endloop
  endfacet
  facet normal 0.951056441869776 0.30901722343261323 0
    outer loop
      vertex 24.069231033325195 -16.498029708862305 32.5
      vertex 24.63582992553711 -18.241840362548828 35.5
      vertex 24.63582992553711 -18.241840362548828 32.57109832763672
    endloop
  endfacet
  facet normal 0.9510564043877212 0.3090173387745692 0.0000031276660059417447
    outer loop
      vertex 24.069231033325195 -16.498029708862305 32.5
      vertex 24.63582992553711 -18.241840362548828 32.57109832763672
      vertex 24.614870071411133 -18.177331924438477 32.5
    endloop
  endfacet
  facet normal 0.9510575133738786 0.3090139256653247 0
    outer loop
      vertex 23.95599365234375 -16.149517059326172 31.5
      vertex 24.069231033325195 -16.498029708862305 32.5
      vertex 24.069231033325195 -16.498029708862305 31.5
    endloop
  endfacet
  facet normal -0.3090164193354205 0.9510567031366298 0
    outer loop
      vertex 23.95599365234375 -16.149517059326172 31.5
      vertex 21.86366844177246 -16.82935333251953 35.5
      vertex 23.95599365234375 -16.149517059326172 35.5
    endloop
  endfacet
  facet normal -0.3090164193354205 0.9510567031366298 0
    outer loop
      vertex 21.86366844177246 -16.82935333251953 35.5
      vertex 23.95599365234375 -16.149517059326172 31.5
      vertex 21.86366844177246 -16.82935333251953 31.5
    endloop
  endfacet
  facet normal 0 0 1
    outer loop
      vertex 18.556394577026367 -19.232229232788086 35.5
      vertex 19.04310417175293 -22.305194854736328 35.5
      vertex 20.336231231689453 -20.52535629272461 35.5
    endloop
  endfacet
  facet normal 0 0 1
    outer loop
      vertex 19.04310417175293 -22.305194854736328 35.5
      vertex 18.556394577026367 -19.232229232788086 35.5
      vertex 17.263267517089844 -21.012065887451172 35.5
    endloop
  endfacet
  facet normal 0.8090167774323765 -0.5877855508881895 0
    outer loop
      vertex 20.336231231689453 -20.52535629272461 35.5
      vertex 19.509532928466797 -21.6632080078125 32.663475036621094
      vertex 20.336231231689453 -20.52535629272461 32.574623107910156
    endloop
  endfacet
  facet normal 0.8090172858192327 -0.5877848511534624 -4.288616975155029e-7
    outer loop
      vertex 19.04310417175293 -22.305194854736328 35.5
      vertex 19.509532928466797 -21.6632080078125 32.663475036621094
      vertex 20.336231231689453 -20.52535629272461 35.5
    endloop
  endfacet
  facet normal 0.8090181868798147 -0.5877836109468324 0
    outer loop
      vertex 19.509532928466797 -21.6632080078125 32.663475036621094
      vertex 19.04310417175293 -22.305194854736328 35.5
      vertex 19.04310417175293 -22.305194854736328 32.54680252075195
    endloop
  endfacet
  facet normal -0.5877858308686812 -0.8090165740142915 4.3851585484536994e-7
    outer loop
      vertex 17.592498779296875 -21.25126838684082 32.5
      vertex 19.04310417175293 -22.305194854736328 35.5
      vertex 17.263267517089844 -21.012065887451172 35.5
    endloop
  endfacet
  facet normal -0.5877852372980412 -0.8090170052690395 0
    outer loop
      vertex 19.04310417175293 -22.305194854736328 35.5
      vertex 17.592498779296875 -21.25126838684082 32.5
      vertex 19.04310417175293 -22.305194854736328 32.54680252075195
    endloop
  endfacet
  facet normal -0.5877884461523698 -0.8090146738902717 0
    outer loop
      vertex 17.263267517089844 -21.012065887451172 31.5
      vertex 17.592498779296875 -21.25126838684082 32.5
      vertex 17.263267517089844 -21.012065887451172 35.5
    endloop
  endfacet
  facet normal -0.5877884461523698 -0.8090146738902717 0
    outer loop
      vertex 17.592498779296875 -21.25126838684082 32.5
      vertex 17.263267517089844 -21.012065887451172 31.5
      vertex 17.592498779296875 -21.25126838684082 31.5
    endloop
  endfacet
  facet normal -0.5877853666068642 -0.8090169112974905 0.0000061239261080110895
    outer loop
      vertex 19.04310417175293 -22.305194854736328 32.54680252075195
      vertex 17.592498779296875 -21.25126838684082 32.5
      vertex 19.007484436035156 -22.279315948486328 32.5
    endloop
  endfacet
  facet normal 0 0 -1
    outer loop
      vertex 17.93474578857422 -20.61096954345703 31.5
      vertex 18.556394577026367 -19.232229232788086 31.5
      vertex 18.87579917907715 -19.464290618896484 31.5
    endloop
  endfacet
  facet normal 0 0 -1
    outer loop
      vertex 17.263267517089844 -21.012065887451172 31.5
      vertex 17.93474578857422 -20.61096954345703 31.5
      vertex 17.592498779296875 -21.25126838684082 31.5
    endloop
  endfacet
  facet normal 0 0 -1
    outer loop
      vertex 17.93474578857422 -20.61096954345703 31.5
      vertex 17.263267517089844 -21.012065887451172 31.5
      vertex 18.556394577026367 -19.232229232788086 31.5
    endloop
  endfacet
  facet normal 0.5877851356693985 0.8090170791065581 0
    outer loop
      vertex 18.87579917907715 -19.464290618896484 32.5
      vertex 20.336231231689453 -20.52535629272461 35.5
      vertex 20.336231231689453 -20.52535629272461 32.574623107910156
    endloop
  endfacet
  facet normal 0.5877854370514819 0.8090168600894382 -0.000009012484490446893
    outer loop
      vertex 18.87579917907715 -19.464290618896484 32.5
      vertex 20.336231231689453 -20.52535629272461 32.574623107910156
      vertex 20.279876708984375 -20.484413146972656 32.5
    endloop
  endfacet
  facet normal 0.5877852634253671 0.8090169862864208 -9.502239099601715e-8
    outer loop
      vertex 20.336231231689453 -20.52535629272461 35.5
      vertex 18.87579917907715 -19.464290618896484 32.5
      vertex 18.556394577026367 -19.232229232788086 35.5
    endloop
  endfacet
  facet normal 0.5877858475707929 0.8090165618795975 0
    outer loop
      vertex 18.556394577026367 -19.232229232788086 31.5
      vertex 18.87579917907715 -19.464290618896484 32.5
      vertex 18.87579917907715 -19.464290618896484 31.5
    endloop
  endfacet
  facet normal 0.5877858475707929 0.8090165618795975 0
    outer loop
      vertex 18.87579917907715 -19.464290618896484 32.5
      vertex 18.556394577026367 -19.232229232788086 31.5
      vertex 18.556394577026367 -19.232229232788086 35.5
    endloop
  endfacet
  facet normal -0.8090169862864244 0.5877852634253697 0
    outer loop
      vertex 17.263267517089844 -21.012065887451172 31.5
      vertex 18.556394577026367 -19.232229232788086 35.5
      vertex 18.556394577026367 -19.232229232788086 31.5
    endloop
  endfacet
  facet normal -0.8090169862864244 0.5877852634253697 0
    outer loop
      vertex 18.556394577026367 -19.232229232788086 35.5
      vertex 17.263267517089844 -21.012065887451172 31.5
      vertex 17.263267517089844 -21.012065887451172 35.5
    endloop
  endfacet
  facet normal 0 0 1
    outer loop
      vertex 16 -24.900001525878906 35.5
      vertex 18.200000762939453 -27.099998474121094 35.5
      vertex 18.200000762939453 -24.900001525878906 35.5
    endloop
  endfacet
  facet normal 0 0 1
    outer loop
      vertex 18.200000762939453 -27.099998474121094 35.5
      vertex 16 -24.900001525878906 35.5
      vertex 16 -27.099998474121094 35.5
    endloop
  endfacet
  facet normal 1 0 0
    outer loop
      vertex 18.200000762939453 -24.900001525878906 35.5
      vertex 18.200000762939453 -26 32.66990280151367
      vertex 18.200000762939453 -24.900001525878906 32.55419921875
    endloop
  endfacet
  facet normal 1 0 0
    outer loop
      vertex 18.200000762939453 -27.099998474121094 35.5
      vertex 18.200000762939453 -26 32.66990280151367
      vertex 18.200000762939453 -24.900001525878906 35.5
    endloop
  endfacet
  facet normal 1 0 0
    outer loop
      vertex 18.200000762939453 -26 32.66990280151367
      vertex 18.200000762939453 -27.099998474121094 35.5
      vertex 18.200000762939453 -27.099998474121094 32.55419921875
    endloop
  endfacet
  facet normal 0 -1 0
    outer loop
      vertex 16.408340454101562 -27.099998474121094 32.5
      vertex 18.200000762939453 -27.099998474121094 35.5
      vertex 16 -27.099998474121094 35.5
    endloop
  endfacet
  facet normal 0 -1 0
    outer loop
      vertex 18.200000762939453 -27.099998474121094 35.5
      vertex 16.408340454101562 -27.099998474121094 32.5
      vertex 18.200000762939453 -27.099998474121094 32.55419921875
    endloop
  endfacet
  facet normal 0 -1 0
    outer loop
      vertex 16 -27.099998474121094 31.5
      vertex 16.408340454101562 -27.099998474121094 32.5
      vertex 16 -27.099998474121094 35.5
    endloop
  endfacet
  facet normal 0 -1 0
    outer loop
      vertex 16.408340454101562 -27.099998474121094 32.5
      vertex 16 -27.099998474121094 31.5
      vertex 16.408340454101562 -27.099998474121094 31.5
    endloop
  endfacet
  facet normal 0 -1 0
    outer loop
      vertex 18.200000762939453 -27.099998474121094 32.55419921875
      vertex 16.408340454101562 -27.099998474121094 32.5
      vertex 18.149250030517578 -27.099998474121094 32.5
    endloop
  endfacet
  facet normal 0 0 -1
    outer loop
      vertex 16.408340454101562 -27.099998474121094 31.5
      vertex 16 -27.099998474121094 31.5
      vertex 16.299999237060547 -26 31.5
    endloop
  endfacet
  facet normal 0 0 -1
    outer loop
      vertex 16 -24.900001525878906 31.5
      vertex 16.299999237060547 -26 31.5
      vertex 16 -27.099998474121094 31.5
    endloop
  endfacet
  facet normal 0 0 -1
    outer loop
      vertex 16.299999237060547 -26 31.5
      vertex 16 -24.900001525878906 31.5
      vertex 16.408340454101562 -24.900001525878906 31.5
    endloop
  endfacet
  facet normal 0 1 0
    outer loop
      vertex 16.408340454101562 -24.900001525878906 32.5
      vertex 18.200000762939453 -24.900001525878906 35.5
      vertex 18.200000762939453 -24.900001525878906 32.55419921875
    endloop
  endfacet
  facet normal 0 1 0
    outer loop
      vertex 16.408340454101562 -24.900001525878906 32.5
      vertex 18.200000762939453 -24.900001525878906 32.55419921875
      vertex 18.149250030517578 -24.900001525878906 32.5
    endloop
  endfacet
  facet normal 0 1 0
    outer loop
      vertex 18.200000762939453 -24.900001525878906 35.5
      vertex 16.408340454101562 -24.900001525878906 32.5
      vertex 16 -24.900001525878906 35.5
    endloop
  endfacet
  facet normal 0 1 0
    outer loop
      vertex 16 -24.900001525878906 31.5
      vertex 16.408340454101562 -24.900001525878906 32.5
      vertex 16.408340454101562 -24.900001525878906 31.5
    endloop
  endfacet
  facet normal 0 1 0
    outer loop
      vertex 16.408340454101562 -24.900001525878906 32.5
      vertex 16 -24.900001525878906 31.5
      vertex 16 -24.900001525878906 35.5
    endloop
  endfacet
  facet normal -1 0 0
    outer loop
      vertex 16 -27.099998474121094 31.5
      vertex 16 -24.900001525878906 35.5
      vertex 16 -24.900001525878906 31.5
    endloop
  endfacet
  facet normal -1 0 0
    outer loop
      vertex 16 -24.900001525878906 35.5
      vertex 16 -27.099998474121094 31.5
      vertex 16 -27.099998474121094 35.5
    endloop
  endfacet
  facet normal -0.8090166867529115 -0.5877856756976487 0
    outer loop
      vertex 18.556394577026367 -32.76776885986328 31.5
      vertex 17.263267517089844 -30.987934112548828 35.5
      vertex 17.263267517089844 -30.987934112548828 31.5
    endloop
  endfacet
  facet normal -0.8090166867529115 -0.5877856756976487 0
    outer loop
      vertex 17.263267517089844 -30.987934112548828 35.5
      vertex 18.556394577026367 -32.76776885986328 31.5
      vertex 18.556394577026367 -32.76776885986328 35.5
    endloop
  endfacet
  facet normal 0 0 1
    outer loop
      vertex 19.04310417175293 -29.694805145263672 35.5
      vertex 18.556394577026367 -32.76776885986328 35.5
      vertex 20.336231231689453 -31.47464370727539 35.5
    endloop
  endfacet
  facet normal 0 0 1
    outer loop
      vertex 18.556394577026367 -32.76776885986328 35.5
      vertex 19.04310417175293 -29.694805145263672 35.5
      vertex 17.263267517089844 -30.987934112548828 35.5
    endloop
  endfacet
  facet normal 0 0 -1
    outer loop
      vertex 18.556394577026367 -32.76776885986328 31.5
      vertex 17.93474578857422 -31.38903045654297 31.5
      vertex 18.87579917907715 -32.535709381103516 31.5
    endloop
  endfacet
  facet normal 0 0 -1
    outer loop
      vertex 17.263267517089844 -30.987934112548828 31.5
      vertex 17.93474578857422 -31.38903045654297 31.5
      vertex 18.556394577026367 -32.76776885986328 31.5
    endloop
  endfacet
  facet normal 0 0 -1
    outer loop
      vertex 17.93474578857422 -31.38903045654297 31.5
      vertex 17.263267517089844 -30.987934112548828 31.5
      vertex 17.592498779296875 -30.74873161315918 31.5
    endloop
  endfacet
  facet normal 0.8090173564585748 0.5877847539267919 0
    outer loop
      vertex 19.04310417175293 -29.694805145263672 35.5
      vertex 19.509532928466797 -30.336790084838867 32.663475036621094
      vertex 19.04310417175293 -29.694805145263672 32.54680252075195
    endloop
  endfacet
  facet normal 0.8090172858193067 0.587784851153516 -3.36208141425025e-8
    outer loop
      vertex 20.336231231689453 -31.47464370727539 35.5
      vertex 19.509532928466797 -30.336790084838867 32.663475036621094
      vertex 19.04310417175293 -29.694805145263672 35.5
    endloop
  endfacet
  facet normal 0.8090172459641406 0.5877849060095004 0
    outer loop
      vertex 19.509532928466797 -30.336790084838867 32.663475036621094
      vertex 20.336231231689453 -31.47464370727539 35.5
      vertex 20.336231231689453 -31.47464370727539 32.574623107910156
    endloop
  endfacet
  facet normal 0.5877846959811027 -0.8090173985584584 3.270314420436177e-7
    outer loop
      vertex 18.87579917907715 -32.535709381103516 32.5
      vertex 20.336231231689453 -31.47464370727539 35.5
      vertex 18.556394577026367 -32.76776885986328 35.5
    endloop
  endfacet
  facet normal 0.5877851356693985 -0.8090170791065581 0
    outer loop
      vertex 20.336231231689453 -31.47464370727539 35.5
      vertex 18.87579917907715 -32.535709381103516 32.5
      vertex 20.336231231689453 -31.47464370727539 32.574623107910156
    endloop
  endfacet
  facet normal 0.5877826855625318 -0.8090188592071867 0
    outer loop
      vertex 18.556394577026367 -32.76776885986328 31.5
      vertex 18.87579917907715 -32.535709381103516 32.5
      vertex 18.556394577026367 -32.76776885986328 35.5
    endloop
  endfacet
  facet normal 0.5877826855625318 -0.8090188592071867 0
    outer loop
      vertex 18.87579917907715 -32.535709381103516 32.5
      vertex 18.556394577026367 -32.76776885986328 31.5
      vertex 18.87579917907715 -32.535709381103516 31.5
    endloop
  endfacet
  facet normal 0.5877854370514819 -0.8090168600894382 -0.000009012484490446893
    outer loop
      vertex 20.336231231689453 -31.47464370727539 32.574623107910156
      vertex 18.87579917907715 -32.535709381103516 32.5
      vertex 20.279876708984375 -31.515586853027344 32.5
    endloop
  endfacet
  facet normal -0.5877852372980412 0.8090170052690395 0
    outer loop
      vertex 17.592498779296875 -30.74873161315918 32.5
      vertex 19.04310417175293 -29.694805145263672 35.5
      vertex 19.04310417175293 -29.694805145263672 32.54680252075195
    endloop
  endfacet
  facet normal -0.5877848479428401 0.8090172879420018 -0.000018433136868630807
    outer loop
      vertex 17.592498779296875 -30.74873161315918 32.5
      vertex 19.04310417175293 -29.694805145263672 32.54680252075195
      vertex 19.00748634338379 -29.720684051513672 32.5
    endloop
  endfacet
  facet normal -0.5877858308686812 0.8090165740142915 4.3851585484536994e-7
    outer loop
      vertex 19.04310417175293 -29.694805145263672 35.5
      vertex 17.592498779296875 -30.74873161315918 32.5
      vertex 17.263267517089844 -30.987934112548828 35.5
    endloop
  endfacet
  facet normal -0.5877884461523698 0.8090146738902717 0
    outer loop
      vertex 17.263267517089844 -30.987934112548828 31.5
      vertex 17.592498779296875 -30.74873161315918 32.5
      vertex 17.592498779296875 -30.74873161315918 31.5
    endloop
  endfacet
  facet normal -0.5877884461523698 0.8090146738902717 0
    outer loop
      vertex 17.592498779296875 -30.74873161315918 32.5
      vertex 17.263267517089844 -30.987934112548828 31.5
      vertex 17.263267517089844 -30.987934112548828 35.5
    endloop
  endfacet
  facet normal -0.3090164193354205 -0.9510567031366298 0
    outer loop
      vertex 21.86366844177246 -35.17064666748047 31.5
      vertex 23.95599365234375 -35.85048294067383 35.5
      vertex 21.86366844177246 -35.17064666748047 35.5
    endloop
  endfacet
  facet normal -0.3090164193354205 -0.9510567031366298 0
    outer loop
      vertex 23.95599365234375 -35.85048294067383 35.5
      vertex 21.86366844177246 -35.17064666748047 31.5
      vertex 23.95599365234375 -35.85048294067383 31.5
    endloop
  endfacet
  facet normal 0 0 1
    outer loop
      vertex 22.543506622314453 -33.07832336425781 35.5
      vertex 23.95599365234375 -35.85048294067383 35.5
      vertex 24.63582992553711 -33.75815963745117 35.5
    endloop
  endfacet
  facet normal 0 0 1
    outer loop
      vertex 23.95599365234375 -35.85048294067383 35.5
      vertex 22.543506622314453 -33.07832336425781 35.5
      vertex 21.86366844177246 -35.17064666748047 35.5
    endloop
  endfacet
  facet normal 0 0 -1
    outer loop
      vertex 23.95599365234375 -35.85048294067383 31.5
      vertex 22.28797149658203 -34.961631774902344 31.5
      vertex 24.069231033325195 -35.50196838378906 31.5
    endloop
  endfacet
  facet normal 0 0 -1
    outer loop
      vertex 22.28797149658203 -34.961631774902344 31.5
      vertex 21.86366844177246 -35.17064666748047 31.5
      vertex 21.984317779541016 -34.79932403564453 31.5
    endloop
  endfacet
  facet normal 0 0 -1
    outer loop
      vertex 21.86366844177246 -35.17064666748047 31.5
      vertex 22.28797149658203 -34.961631774902344 31.5
      vertex 23.95599365234375 -35.85048294067383 31.5
    endloop
  endfacet
  facet normal 0.309016674133142 0.9510566203478217 5.205545680587202e-7
    outer loop
      vertex 24.63582992553711 -33.75815963745117 35.5
      vertex 23.00583839416504 -33.22854232788086 32.64414596557617
      vertex 22.543506622314453 -33.07832336425781 35.5
    endloop
  endfacet
  facet normal 0.3090170800981052 0.9510564884419702 2.643863376593256e-7
    outer loop
      vertex 24.63582992553711 -33.75815963745117 35.5
      vertex 24.467674255371094 -33.703521728515625 32.611759185791016
      vertex 23.00583839416504 -33.22854232788086 32.64414596557617
    endloop
  endfacet
  facet normal 0.30902118755113817 0.9510551538393998 0
    outer loop
      vertex 24.467674255371094 -33.703521728515625 32.611759185791016
      vertex 24.63582992553711 -33.75815963745117 35.5
      vertex 24.63582992553711 -33.75815963745117 32.57109832763672
    endloop
  endfacet
  facet normal 0.3090137656810401 0.951057565355338 0
    outer loop
      vertex 22.543506622314453 -33.07832336425781 35.5
      vertex 23.00583839416504 -33.22854232788086 32.64414596557617
      vertex 22.543506622314453 -33.07832336425781 32.55243682861328
    endloop
  endfacet
  facet normal 0.9510563425346003 -0.30901752915443004 0
    outer loop
      vertex 24.069231033325195 -35.50196838378906 32.5
      vertex 24.63582992553711 -33.75815963745117 32.57109832763672
      vertex 24.63582992553711 -33.75815963745117 35.5
    endloop
  endfacet
  facet normal 0.9510564043797003 -0.3090173387719631 -0.0000051623151823012624
    outer loop
      vertex 24.63582992553711 -33.75815963745117 32.57109832763672
      vertex 24.069231033325195 -35.50196838378906 32.5
      vertex 24.614870071411133 -33.82266616821289 32.5
    endloop
  endfacet
  facet normal 0.9510566203478069 -0.30901667413313716 -5.494674213042158e-7
    outer loop
      vertex 23.95599365234375 -35.85048294067383 35.5
      vertex 24.069231033325195 -35.50196838378906 32.5
      vertex 24.63582992553711 -33.75815963745117 35.5
    endloop
  endfacet
  facet normal 0.9510580103908232 -0.30901239598347646 0
    outer loop
      vertex 23.95599365234375 -35.85048294067383 31.5
      vertex 24.069231033325195 -35.50196838378906 32.5
      vertex 23.95599365234375 -35.85048294067383 35.5
    endloop
  endfacet
  facet normal 0.9510580103908232 -0.30901239598347646 0
    outer loop
      vertex 24.069231033325195 -35.50196838378906 32.5
      vertex 23.95599365234375 -35.85048294067383 31.5
      vertex 24.069231033325195 -35.50196838378906 31.5
    endloop
  endfacet
  facet normal -0.95105704243654 0.30901537507357374 0
    outer loop
      vertex 21.984317779541016 -34.79932403564453 31.5
      vertex 21.86366844177246 -35.17064666748047 31.5
      vertex 21.984317779541016 -34.79932403564453 32.5
    endloop
  endfacet
  facet normal -0.9510562867590527 0.3090177007221876 0.000007513649140062399
    outer loop
      vertex 21.984317779541016 -34.79932403564453 32.5
      vertex 22.543506622314453 -33.07832336425781 32.55243682861328
      vertex 22.528167724609375 -33.12553024291992 32.5
    endloop
  endfacet
  facet normal -0.9510562195043496 0.3090179078016261 0
    outer loop
      vertex 22.543506622314453 -33.07832336425781 32.55243682861328
      vertex 21.984317779541016 -34.79932403564453 32.5
      vertex 22.543506622314453 -33.07832336425781 35.5
    endloop
  endfacet
  facet normal -0.9510563655496945 0.3090174583212485 2.850743196671645e-7
    outer loop
      vertex 21.984317779541016 -34.79932403564453 32.5
      vertex 21.86366844177246 -35.17064666748047 35.5
      vertex 22.543506622314453 -33.07832336425781 35.5
    endloop
  endfacet
  facet normal -0.95105704243654 0.30901537507357374 0
    outer loop
      vertex 21.86366844177246 -35.17064666748047 35.5
      vertex 21.984317779541016 -34.79932403564453 32.5
      vertex 21.86366844177246 -35.17064666748047 31.5
    endloop
  endfacet
  facet normal 0.3090164193354205 -0.9510567031366298 0
    outer loop
      vertex 28.04400634765625 -35.85048294067383 31.5
      vertex 30.13633155822754 -35.17064666748047 35.5
      vertex 28.04400634765625 -35.85048294067383 35.5
    endloop
  endfacet
  facet normal 0.3090164193354205 -0.9510567031366298 0
    outer loop
      vertex 30.13633155822754 -35.17064666748047 35.5
      vertex 28.04400634765625 -35.85048294067383 31.5
      vertex 30.13633155822754 -35.17064666748047 31.5
    endloop
  endfacet
  facet normal 0 0 1
    outer loop
      vertex 29.456493377685547 -33.07832336425781 35.5
      vertex 28.04400634765625 -35.85048294067383 35.5
      vertex 30.13633155822754 -35.17064666748047 35.5
    endloop
  endfacet
  facet normal 0 0 1
    outer loop
      vertex 28.04400634765625 -35.85048294067383 35.5
      vertex 29.456493377685547 -33.07832336425781 35.5
      vertex 27.36417007446289 -33.75815963745117 35.5
    endloop
  endfacet
  facet normal 0 0 -1
    outer loop
      vertex 30.13633155822754 -35.17064666748047 31.5
      vertex 29.71202850341797 -34.961631774902344 31.5
      vertex 30.015682220458984 -34.79932403564453 31.5
    endloop
  endfacet
  facet normal 0 0 -1
    outer loop
      vertex 28.04400634765625 -35.85048294067383 31.5
      vertex 29.71202850341797 -34.961631774902344 31.5
      vertex 30.13633155822754 -35.17064666748047 31.5
    endloop
  endfacet
  facet normal 0 0 -1
    outer loop
      vertex 29.71202850341797 -34.961631774902344 31.5
      vertex 28.04400634765625 -35.85048294067383 31.5
      vertex 27.930768966674805 -35.50196838378906 31.5
    endloop
  endfacet
  facet normal -0.3090166741331022 0.9510566203476992 7.269385512102819e-7
    outer loop
      vertex 29.456493377685547 -33.07832336425781 35.5
      vertex 28.994159698486328 -33.22854232788086 32.64414596557617
      vertex 27.36417007446289 -33.75815963745117 35.5
    endloop
  endfacet
  facet normal -0.309012612582975 0.9510579400145105 0
    outer loop
      vertex 28.994159698486328 -33.22854232788086 32.64414596557617
      vertex 29.456493377685547 -33.07832336425781 35.5
      vertex 29.456493377685547 -33.07832336425781 32.55243682861328
    endloop
  endfacet
  facet normal -0.30901744432100176 0.9510563700986701 2.409422483098536e-7
    outer loop
      vertex 27.532325744628906 -33.703521728515625 32.611759185791016
      vertex 27.36417007446289 -33.75815963745117 35.5
      vertex 28.994159698486328 -33.22854232788086 32.64414596557617
    endloop
  endfacet
  facet normal -0.30902118755113817 0.9510551538393998 0
    outer loop
      vertex 27.36417007446289 -33.75815963745117 35.5
      vertex 27.532325744628906 -33.703521728515625 32.611759185791016
      vertex 27.36417007446289 -33.75815963745117 32.57109832763672
    endloop
  endfacet
  facet normal 0.9510562195043496 0.3090179078016261 0
    outer loop
      vertex 30.015682220458984 -34.79932403564453 32.5
      vertex 29.456493377685547 -33.07832336425781 32.55243682861328
      vertex 29.456493377685547 -33.07832336425781 35.5
    endloop
  endfacet
  facet normal 0.951056493320448 0.3090170635659569 0.00003062818829991117
    outer loop
      vertex 29.456493377685547 -33.07832336425781 32.55243682861328
      vertex 30.015682220458984 -34.79932403564453 32.5
      vertex 29.471832275390625 -33.125526428222656 32.5
    endloop
  endfacet
  facet normal 0.9510563655496945 0.3090174583212485 2.850743196671645e-7
    outer loop
      vertex 30.13633155822754 -35.17064666748047 35.5
      vertex 30.015682220458984 -34.79932403564453 32.5
      vertex 29.456493377685547 -33.07832336425781 35.5
    endloop
  endfacet
  facet normal 0.95105704243654 0.30901537507357374 0
    outer loop
      vertex 30.13633155822754 -35.17064666748047 31.5
      vertex 30.015682220458984 -34.79932403564453 32.5
      vertex 30.13633155822754 -35.17064666748047 35.5
    endloop
  endfacet
  facet normal 0.95105704243654 0.30901537507357374 0
    outer loop
      vertex 30.015682220458984 -34.79932403564453 32.5
      vertex 30.13633155822754 -35.17064666748047 31.5
      vertex 30.015682220458984 -34.79932403564453 31.5
    endloop
  endfacet
  facet normal -0.9510580103908232 -0.30901239598347646 0
    outer loop
      vertex 27.930768966674805 -35.50196838378906 31.5
      vertex 28.04400634765625 -35.85048294067383 31.5
      vertex 27.930768966674805 -35.50196838378906 32.5
    endloop
  endfacet
  facet normal -0.9510564043797003 -0.3090173387719631 -0.0000051623151823012624
    outer loop
      vertex 27.930768966674805 -35.50196838378906 32.5
      vertex 27.36417007446289 -33.75815963745117 32.57109832763672
      vertex 27.385129928588867 -33.82266616821289 32.5
    endloop
  endfacet
  facet normal -0.9510563425346003 -0.30901752915443004 0
    outer loop
      vertex 27.36417007446289 -33.75815963745117 32.57109832763672
      vertex 27.930768966674805 -35.50196838378906 32.5
      vertex 27.36417007446289 -33.75815963745117 35.5
    endloop
  endfacet
  facet normal -0.9510566203478069 -0.30901667413313716 -5.494674213042158e-7
    outer loop
      vertex 27.930768966674805 -35.50196838378906 32.5
      vertex 28.04400634765625 -35.85048294067383 35.5
      vertex 27.36417007446289 -33.75815963745117 35.5
    endloop
  endfacet
  facet normal -0.9510580103908232 -0.30901239598347646 0
    outer loop
      vertex 28.04400634765625 -35.85048294067383 35.5
      vertex 27.930768966674805 -35.50196838378906 32.5
      vertex 28.04400634765625 -35.85048294067383 31.5
    endloop
  endfacet
  facet normal 0.8090162744804307 -0.5877862431409946 0
    outer loop
      vertex 33.443603515625 -32.76776885986328 35.5
      vertex 34.736732482910156 -30.987934112548828 31.5
      vertex 34.736732482910156 -30.987934112548828 35.5
    endloop
  endfacet
  facet normal 0.8090162744804307 -0.5877862431409946 0
    outer loop
      vertex 34.736732482910156 -30.987934112548828 31.5
      vertex 33.443603515625 -32.76776885986328 35.5
      vertex 33.443603515625 -32.76776885986328 31.5
    endloop
  endfacet
  facet normal 0 0 1
    outer loop
      vertex 32.95689392089844 -29.694805145263672 35.5
      vertex 33.443603515625 -32.76776885986328 35.5
      vertex 34.736732482910156 -30.987934112548828 35.5
    endloop
  endfacet
  facet normal 0 0 1
    outer loop
      vertex 33.443603515625 -32.76776885986328 35.5
      vertex 32.95689392089844 -29.694805145263672 35.5
      vertex 31.663768768310547 -31.47464370727539 35.5
    endloop
  endfacet
  facet normal 0 0 -1
    outer loop
      vertex 34.736732482910156 -30.987934112548828 31.5
      vertex 34.06525421142578 -31.38903045654297 31.5
      vertex 34.407501220703125 -30.74873161315918 31.5
    endloop
  endfacet
  facet normal 0 0 -1
    outer loop
      vertex 33.443603515625 -32.76776885986328 31.5
      vertex 34.06525421142578 -31.38903045654297 31.5
      vertex 34.736732482910156 -30.987934112548828 31.5
    endloop
  endfacet
  facet normal 0 0 -1
    outer loop
      vertex 34.06525421142578 -31.38903045654297 31.5
      vertex 33.443603515625 -32.76776885986328 31.5
      vertex 33.12419891357422 -32.535709381103516 31.5
    endloop
  endfacet
  facet normal -0.8090184994402555 0.5877831807422166 0
    outer loop
      vertex 32.4904670715332 -30.336790084838867 32.663475036621094
      vertex 32.95689392089844 -29.694805145263672 35.5
      vertex 32.95689392089844 -29.694805145263672 32.54679870605469
    endloop
  endfacet
  facet normal -0.8090172459641407 0.5877849060095004 0
    outer loop
      vertex 31.663768768310547 -31.47464370727539 35.5
      vertex 32.4904670715332 -30.336790084838867 32.663475036621094
      vertex 31.663768768310547 -31.47464370727539 32.57461929321289
    endloop
  endfacet
  facet normal -0.8090176980908999 0.5877842837092159 -3.8140297426276614e-7
    outer loop
      vertex 32.4904670715332 -30.336790084838867 32.663475036621094
      vertex 31.663768768310547 -31.47464370727539 35.5
      vertex 32.95689392089844 -29.694805145263672 35.5
    endloop
  endfacet
  facet normal 0.5877854185968309 0.8090168735475735 5.076431519673326e-7
    outer loop
      vertex 34.407501220703125 -30.74873161315918 32.5
      vertex 32.95689392089844 -29.694805145263672 35.5
      vertex 34.736732482910156 -30.987934112548828 35.5
    endloop
  endfacet
  facet normal 0.5877847314564968 0.8090173727841782 0
    outer loop
      vertex 32.95689392089844 -29.694805145263672 35.5
      vertex 34.407501220703125 -30.74873161315918 32.5
      vertex 32.95689392089844 -29.694805145263672 32.54679870605469
    endloop
  endfacet
  facet normal 0.5877884461523698 0.8090146738902717 0
    outer loop
      vertex 34.736732482910156 -30.987934112548828 31.5
      vertex 34.407501220703125 -30.74873161315918 32.5
      vertex 34.736732482910156 -30.987934112548828 35.5
    endloop
  endfacet
  facet normal 0.5877884461523698 0.8090146738902717 0
    outer loop
      vertex 34.407501220703125 -30.74873161315918 32.5
      vertex 34.736732482910156 -30.987934112548828 31.5
      vertex 34.407501220703125 -30.74873161315918 31.5
    endloop
  endfacet
  facet normal 0.5877853663519619 0.8090169109466476 0.00003008046401716545
    outer loop
      vertex 32.95689392089844 -29.694805145263672 32.54679870605469
      vertex 34.407501220703125 -30.74873161315918 32.5
      vertex 32.992515563964844 -29.720684051513672 32.5
    endloop
  endfacet
  facet normal -0.5877856381079778 -0.8090167140634348 0
    outer loop
      vertex 33.12419891357422 -32.535709381103516 32.5
      vertex 31.663768768310547 -31.47464370727539 35.5
      vertex 31.663768768310547 -31.47464370727539 32.57461929321289
    endloop
  endfacet
  facet normal -0.5877859596527972 -0.8090164803899689 -0.000009615966731657395
    outer loop
      vertex 33.12419891357422 -32.535709381103516 32.5
      vertex 31.663768768310547 -31.47464370727539 32.57461929321289
      vertex 31.720123291015625 -31.515586853027344 32.5
    endloop
  endfacet
  facet normal -0.5877851082533898 -0.8090170990253517 3.940951628484352e-7
    outer loop
      vertex 31.663768768310547 -31.47464370727539 35.5
      vertex 33.12419891357422 -32.535709381103516 32.5
      vertex 33.443603515625 -32.76776885986328 35.5
    endloop
  endfacet
  facet normal -0.5877826855625318 -0.8090188592071867 0
    outer loop
      vertex 33.443603515625 -32.76776885986328 31.5
      vertex 33.12419891357422 -32.535709381103516 32.5
      vertex 33.12419891357422 -32.535709381103516 31.5
    endloop
  endfacet
  facet normal -0.5877826855625318 -0.8090188592071867 0
    outer loop
      vertex 33.12419891357422 -32.535709381103516 32.5
      vertex 33.443603515625 -32.76776885986328 31.5
      vertex 33.443603515625 -32.76776885986328 35.5
    endloop
  endfacet
  facet normal 0.9951846609053697 0.09801780806906617 0
    outer loop
      vertex 34.5 -26 30
      vertex 34.336673736572266 -24.341732025146484 19
      vertex 34.336673736572266 -24.341732025146484 30
    endloop
  endfacet
  facet normal 0.9951846609053697 0.09801780806906617 0
    outer loop
      vertex 34.336673736572266 -24.341732025146484 19
      vertex 34.5 -26 30
      vertex 34.5 -26 19
    endloop
  endfacet
  facet normal -0.9951846609053697 0.09801780806906617 0
    outer loop
      vertex 17.5 -26 19
      vertex 17.663326263427734 -24.341732025146484 30
      vertex 17.663326263427734 -24.341732025146484 19
    endloop
  endfacet
  facet normal -0.9951846609053697 0.09801780806906617 0
    outer loop
      vertex 17.663326263427734 -24.341732025146484 30
      vertex 17.5 -26 19
      vertex 17.5 -26 30
    endloop
  endfacet
  facet normal -0.9569404059411117 0.2902844458066265 0
    outer loop
      vertex 17.663326263427734 -24.341732025146484 19
      vertex 18.147024154663086 -22.7471923828125 30
      vertex 18.147024154663086 -22.7471923828125 19
    endloop
  endfacet
  facet normal -0.9569404059411117 0.2902844458066265 0
    outer loop
      vertex 18.147024154663086 -22.7471923828125 30
      vertex 17.663326263427734 -24.341732025146484 19
      vertex 17.663326263427734 -24.341732025146484 30
    endloop
  endfacet
  facet normal 0.773010384290051 -0.6343933683289475 0
    outer loop
      vertex 32.010406494140625 -32.010406494140625 30
      vertex 33.06748962402344 -30.722347259521484 2
      vertex 33.06748962402344 -30.722347259521484 30
    endloop
  endfacet
  facet normal 0.773010384290051 -0.6343933683289475 0
    outer loop
      vertex 33.06748962402344 -30.722347259521484 2
      vertex 32.010406494140625 -32.010406494140625 30
      vertex 32.010406494140625 -32.010406494140625 2
    endloop
  endfacet
  facet normal 0.9951846609053697 -0.09801780806906617 0
    outer loop
      vertex 34.336673736572266 -27.658267974853516 30
      vertex 34.5 -26 19
      vertex 34.5 -26 30
    endloop
  endfacet
  facet normal 0.9951846609053696 -0.09801780806906615 0
    outer loop
      vertex 34.336673736572266 -27.658267974853516 2
      vertex 34.5 -26 19
      vertex 34.336673736572266 -27.658267974853516 30
    endloop
  endfacet
  facet normal 0.9951846609053697 -0.09801780806906615 0
    outer loop
      vertex 34.5 -26 19
      vertex 34.336673736572266 -27.658267974853516 2
      vertex 34.5 -26 2
    endloop
  endfacet
  facet normal 0.47139627491223507 -0.8819215112462494 0
    outer loop
      vertex 29.2528076171875 -33.85297393798828 2
      vertex 30.722347259521484 -33.06748962402344 30
      vertex 29.2528076171875 -33.85297393798828 30
    endloop
  endfacet
  facet normal 0.47139627491223507 -0.8819215112462494 0
    outer loop
      vertex 30.722347259521484 -33.06748962402344 30
      vertex 29.2528076171875 -33.85297393798828 2
      vertex 30.722347259521484 -33.06748962402344 2
    endloop
  endfacet
  facet normal -0.47139627491223507 -0.8819215112462494 0
    outer loop
      vertex 21.277652740478516 -33.06748962402344 2
      vertex 22.7471923828125 -33.85297393798828 30
      vertex 21.277652740478516 -33.06748962402344 30
    endloop
  endfacet
  facet normal -0.47139627491223507 -0.8819215112462494 0
    outer loop
      vertex 22.7471923828125 -33.85297393798828 30
      vertex 21.277652740478516 -33.06748962402344 2
      vertex 22.7471923828125 -33.85297393798828 2
    endloop
  endfacet
  facet normal 0.6343940523189564 0.7730098229533264 0
    outer loop
      vertex 32.010406494140625 -19.989593505859375 2
      vertex 30.722347259521484 -18.93250846862793 30
      vertex 32.010406494140625 -19.989593505859375 30
    endloop
  endfacet
  facet normal 0.6343940523189564 0.7730098229533264 0
    outer loop
      vertex 30.722347259521484 -18.93250846862793 30
      vertex 32.010406494140625 -19.989593505859375 2
      vertex 30.722347259521484 -18.93250846862793 2
    endloop
  endfacet
  facet normal -0.09801780806906615 0.9951846609053696 0
    outer loop
      vertex 26 -17.5 2
      vertex 24.341732025146484 -17.663326263427734 30
      vertex 26 -17.5 30
    endloop
  endfacet
  facet normal -0.09801780806906615 0.9951846609053696 0
    outer loop
      vertex 24.341732025146484 -17.663326263427734 30
      vertex 26 -17.5 2
      vertex 24.341732025146484 -17.663326263427734 2
    endloop
  endfacet
  facet normal -0.09801780806906615 -0.9951846609053696 0
    outer loop
      vertex 24.341732025146484 -34.336673736572266 2
      vertex 26 -34.5 30
      vertex 24.341732025146484 -34.336673736572266 30
    endloop
  endfacet
  facet normal -0.09801780806906615 -0.9951846609053696 0
    outer loop
      vertex 26 -34.5 30
      vertex 24.341732025146484 -34.336673736572266 2
      vertex 26 -34.5 2
    endloop
  endfacet
  facet normal 0.9569400879690576 0.2902854940188578 0
    outer loop
      vertex 34.336673736572266 -24.341732025146484 30
      vertex 33.85297393798828 -22.7471923828125 19
      vertex 33.85297393798828 -22.7471923828125 30
    endloop
  endfacet
  facet normal 0.9569400879690576 0.2902854940188578 0
    outer loop
      vertex 33.85297393798828 -22.7471923828125 19
      vertex 34.336673736572266 -24.341732025146484 30
      vertex 34.336673736572266 -24.341732025146484 19
    endloop
  endfacet
  facet normal -0.47139627491223507 0.8819215112462494 0
    outer loop
      vertex 22.7471923828125 -18.147024154663086 2
      vertex 21.277652740478516 -18.93250846862793 30
      vertex 22.7471923828125 -18.147024154663086 30
    endloop
  endfacet
  facet normal -0.47139627491223507 0.8819215112462494 0
    outer loop
      vertex 21.277652740478516 -18.93250846862793 30
      vertex 22.7471923828125 -18.147024154663086 2
      vertex 21.277652740478516 -18.93250846862793 2
    endloop
  endfacet
  facet normal 0.6343933683289475 -0.773010384290051 0
    outer loop
      vertex 30.722347259521484 -33.06748962402344 2
      vertex 32.010406494140625 -32.010406494140625 30
      vertex 30.722347259521484 -33.06748962402344 30
    endloop
  endfacet
  facet normal 0.6343933683289475 -0.773010384290051 0
    outer loop
      vertex 32.010406494140625 -32.010406494140625 30
      vertex 30.722347259521484 -33.06748962402344 2
      vertex 32.010406494140625 -32.010406494140625 2
    endloop
  endfacet
  facet normal -0.7730098229533264 -0.6343940523189564 0
    outer loop
      vertex 19.989593505859375 -32.010406494140625 2
      vertex 18.93250846862793 -30.722347259521484 30
      vertex 18.93250846862793 -30.722347259521484 2
    endloop
  endfacet
  facet normal -0.7730098229533264 -0.6343940523189564 0
    outer loop
      vertex 18.93250846862793 -30.722347259521484 30
      vertex 19.989593505859375 -32.010406494140625 2
      vertex 19.989593505859375 -32.010406494140625 30
    endloop
  endfacet
  facet normal 0.09801780806906615 0.9951846609053696 0
    outer loop
      vertex 27.658267974853516 -17.663326263427734 2
      vertex 26 -17.5 30
      vertex 27.658267974853516 -17.663326263427734 30
    endloop
  endfacet
  facet normal 0.09801780806906615 0.9951846609053696 0
    outer loop
      vertex 26 -17.5 30
      vertex 27.658267974853516 -17.663326263427734 2
      vertex 26 -17.5 2
    endloop
  endfacet
  facet normal -0.773010213904522 0.6343935759442125 0
    outer loop
      vertex 19.16037368774414 -21 19
      vertex 19.989593505859375 -19.989593505859375 2
      vertex 19.16037368774414 -21 2
    endloop
  endfacet
  facet normal -0.7730102139045218 0.6343935759442124 0
    outer loop
      vertex 19.989593505859375 -19.989593505859375 2
      vertex 19.16037368774414 -21 19
      vertex 19.989593505859375 -19.989593505859375 30
    endloop
  endfacet
  facet normal -0.7730084002431191 0.6343957858888831 0
    outer loop
      vertex 18.93250846862793 -21.277652740478516 30
      vertex 19.16037368774414 -21 19
      vertex 18.93250846862793 -21.277652740478516 19
    endloop
  endfacet
  facet normal -0.7730098229533244 0.6343940523189547 -7.322878309895654e-8
    outer loop
      vertex 19.16037368774414 -21 19
      vertex 18.93250846862793 -21.277652740478516 30
      vertex 19.989593505859375 -19.989593505859375 30
    endloop
  endfacet
  facet normal -0.6343933683289475 -0.773010384290051 0
    outer loop
      vertex 19.989593505859375 -32.010406494140625 2
      vertex 21.277652740478516 -33.06748962402344 30
      vertex 19.989593505859375 -32.010406494140625 30
    endloop
  endfacet
  facet normal -0.6343933683289475 -0.773010384290051 0
    outer loop
      vertex 21.277652740478516 -33.06748962402344 30
      vertex 19.989593505859375 -32.010406494140625 2
      vertex 21.277652740478516 -33.06748962402344 2
    endloop
  endfacet
  facet normal -0.8819215112462494 -0.47139627491223507 0
    outer loop
      vertex 18.93250846862793 -30.722347259521484 2
      vertex 18.147024154663086 -29.2528076171875 30
      vertex 18.147024154663086 -29.2528076171875 2
    endloop
  endfacet
  facet normal -0.8819215112462494 -0.47139627491223507 0
    outer loop
      vertex 18.147024154663086 -29.2528076171875 30
      vertex 18.93250846862793 -30.722347259521484 2
      vertex 18.93250846862793 -30.722347259521484 30
    endloop
  endfacet
  facet normal 0.7730102139045218 0.6343935759442124 0
    outer loop
      vertex 32.010406494140625 -19.989593505859375 30
      vertex 32.83962631225586 -21 19
      vertex 32.010406494140625 -19.989593505859375 2
    endloop
  endfacet
  facet normal 0.7730103842900506 0.6343933683289473 3.191480630809329e-8
    outer loop
      vertex 33.06748962402344 -21.277652740478516 30
      vertex 32.83962631225586 -21 19
      vertex 32.010406494140625 -19.989593505859375 30
    endloop
  endfacet
  facet normal 0.7730110043404425 0.6343926127947743 0
    outer loop
      vertex 32.83962631225586 -21 19
      vertex 33.06748962402344 -21.277652740478516 30
      vertex 33.06748962402344 -21.277652740478516 19
    endloop
  endfacet
  facet normal 0.773010213904522 0.6343935759442125 0
    outer loop
      vertex 32.010406494140625 -19.989593505859375 2
      vertex 32.83962631225586 -21 19
      vertex 32.83962631225586 -21 2
    endloop
  endfacet
  facet normal 0.09801780806906615 -0.9951846609053696 0
    outer loop
      vertex 26 -34.5 2
      vertex 27.658267974853516 -34.336673736572266 30
      vertex 26 -34.5 30
    endloop
  endfacet
  facet normal 0.09801780806906615 -0.9951846609053696 0
    outer loop
      vertex 27.658267974853516 -34.336673736572266 30
      vertex 26 -34.5 2
      vertex 27.658267974853516 -34.336673736572266 2
    endloop
  endfacet
  facet normal -0.6343940523189564 0.7730098229533264 0
    outer loop
      vertex 21.277652740478516 -18.93250846862793 2
      vertex 19.989593505859375 -19.989593505859375 30
      vertex 21.277652740478516 -18.93250846862793 30
    endloop
  endfacet
  facet normal -0.6343940523189564 0.7730098229533264 0
    outer loop
      vertex 19.989593505859375 -19.989593505859375 30
      vertex 21.277652740478516 -18.93250846862793 2
      vertex 19.989593505859375 -19.989593505859375 2
    endloop
  endfacet
  facet normal 0.2902854940188578 -0.9569400879690576 0
    outer loop
      vertex 27.658267974853516 -34.336673736572266 2
      vertex 29.2528076171875 -33.85297393798828 30
      vertex 27.658267974853516 -34.336673736572266 30
    endloop
  endfacet
  facet normal 0.2902854940188578 -0.9569400879690576 0
    outer loop
      vertex 29.2528076171875 -33.85297393798828 30
      vertex 27.658267974853516 -34.336673736572266 2
      vertex 29.2528076171875 -33.85297393798828 2
    endloop
  endfacet
  facet normal -0.8819215112462494 0.471396274912235 0
    outer loop
      vertex 18.147024154663086 -22.7471923828125 19
      vertex 18.93250846862793 -21.277652740478516 30
      vertex 18.93250846862793 -21.277652740478516 19
    endloop
  endfacet
  facet normal -0.8819215112462494 0.471396274912235 0
    outer loop
      vertex 18.93250846862793 -21.277652740478516 30
      vertex 18.147024154663086 -22.7471923828125 19
      vertex 18.147024154663086 -22.7471923828125 30
    endloop
  endfacet
  facet normal 0 0 -1
    outer loop
      vertex 36 -26 1
      vertex 52 -21 1
      vertex 52 -26 1
    endloop
  endfacet
  facet normal 0 0 -1
    outer loop
      vertex 52 -21 1
      vertex 36 -26 1
      vertex 36 -21 1
    endloop
  endfacet
  facet normal -0.29028444580662643 0.9569404059411117 0
    outer loop
      vertex 24.341732025146484 -17.663326263427734 2
      vertex 22.7471923828125 -18.147024154663086 30
      vertex 24.341732025146484 -17.663326263427734 30
    endloop
  endfacet
  facet normal -0.29028444580662643 0.9569404059411117 0
    outer loop
      vertex 22.7471923828125 -18.147024154663086 30
      vertex 24.341732025146484 -17.663326263427734 2
      vertex 22.7471923828125 -18.147024154663086 2
    endloop
  endfacet
  facet normal 0.8819215112462494 -0.47139627491223507 0
    outer loop
      vertex 33.06748962402344 -30.722347259521484 30
      vertex 33.85297393798828 -29.2528076171875 2
      vertex 33.85297393798828 -29.2528076171875 30
    endloop
  endfacet
  facet normal 0.8819215112462494 -0.47139627491223507 0
    outer loop
      vertex 33.85297393798828 -29.2528076171875 2
      vertex 33.06748962402344 -30.722347259521484 30
      vertex 33.06748962402344 -30.722347259521484 2
    endloop
  endfacet
  facet normal 0.9569400879690576 -0.2902854940188578 0
    outer loop
      vertex 33.85297393798828 -29.2528076171875 30
      vertex 34.336673736572266 -27.658267974853516 2
      vertex 34.336673736572266 -27.658267974853516 30
    endloop
  endfacet
  facet normal 0.9569400879690576 -0.2902854940188578 0
    outer loop
      vertex 34.336673736572266 -27.658267974853516 2
      vertex 33.85297393798828 -29.2528076171875 30
      vertex 33.85297393798828 -29.2528076171875 2
    endloop
  endfacet
  facet normal 0.47139627491223507 0.8819215112462494 0
    outer loop
      vertex 30.722347259521484 -18.93250846862793 2
      vertex 29.2528076171875 -18.147024154663086 30
      vertex 30.722347259521484 -18.93250846862793 30
    endloop
  endfacet
  facet normal 0.47139627491223507 0.8819215112462494 0
    outer loop
      vertex 29.2528076171875 -18.147024154663086 30
      vertex 30.722347259521484 -18.93250846862793 2
      vertex 29.2528076171875 -18.147024154663086 2
    endloop
  endfacet
  facet normal 0.29028444580662643 0.9569404059411117 0
    outer loop
      vertex 29.2528076171875 -18.147024154663086 2
      vertex 27.658267974853516 -17.663326263427734 30
      vertex 29.2528076171875 -18.147024154663086 30
    endloop
  endfacet
  facet normal 0.29028444580662643 0.9569404059411117 0
    outer loop
      vertex 27.658267974853516 -17.663326263427734 30
      vertex 29.2528076171875 -18.147024154663086 2
      vertex 27.658267974853516 -17.663326263427734 2
    endloop
  endfacet
  facet normal -0.9569404059411117 -0.29028444580662643 0
    outer loop
      vertex 18.147024154663086 -29.2528076171875 2
      vertex 17.663326263427734 -27.658267974853516 30
      vertex 17.663326263427734 -27.658267974853516 2
    endloop
  endfacet
  facet normal -0.9569404059411117 -0.29028444580662643 0
    outer loop
      vertex 17.663326263427734 -27.658267974853516 30
      vertex 18.147024154663086 -29.2528076171875 2
      vertex 18.147024154663086 -29.2528076171875 30
    endloop
  endfacet
  facet normal -0.2902854940188578 -0.9569400879690576 0
    outer loop
      vertex 22.7471923828125 -33.85297393798828 2
      vertex 24.341732025146484 -34.336673736572266 30
      vertex 22.7471923828125 -33.85297393798828 30
    endloop
  endfacet
  facet normal -0.2902854940188578 -0.9569400879690576 0
    outer loop
      vertex 24.341732025146484 -34.336673736572266 30
      vertex 22.7471923828125 -33.85297393798828 2
      vertex 24.341732025146484 -34.336673736572266 2
    endloop
  endfacet
  facet normal 0 0 -1
    outer loop
      vertex 35.3636360168457 -26 31
      vertex 35.70000076293945 -26 31
      vertex 35.51361846923828 -27.892375946044922 31
    endloop
  endfacet
  facet normal 0 0 -1
    outer loop
      vertex 35.70000076293945 -26 31
      vertex 35.3636360168457 -26 31
      vertex 35.51361846923828 -24.107624053955078 31
    endloop
  endfacet
  facet normal 0 0 -1
    outer loop
      vertex 35.51361846923828 -27.892375946044922 31
      vertex 35.1837158203125 -27.826753616333008 31
      vertex 35.3636360168457 -26 31
    endloop
  endfacet
  facet normal 0 0 -1
    outer loop
      vertex 34.961631774902344 -29.71202850341797 31
      vertex 35.1837158203125 -27.826753616333008 31
      vertex 35.51361846923828 -27.892375946044922 31
    endloop
  endfacet
  facet normal 0 0 -1
    outer loop
      vertex 34.961631774902344 -29.71202850341797 31
      vertex 34.65087127685547 -29.58330726623535 31
      vertex 35.1837158203125 -27.826753616333008 31
    endloop
  endfacet
  facet normal 0 0 -1
    outer loop
      vertex 34.06525421142578 -31.38903045654297 31
      vertex 34.65087127685547 -29.58330726623535 31
      vertex 34.961631774902344 -29.71202850341797 31
    endloop
  endfacet
  facet normal 0 0 -1
    outer loop
      vertex 34.06525421142578 -31.38903045654297 31
      vertex 33.785579681396484 -31.202157974243164 31
      vertex 34.65087127685547 -29.58330726623535 31
    endloop
  endfacet
  facet normal 0 0 -1
    outer loop
      vertex 32.85893630981445 -32.85893630981445 31
      vertex 33.785579681396484 -31.202157974243164 31
      vertex 34.06525421142578 -31.38903045654297 31
    endloop
  endfacet
  facet normal 0 0 -1
    outer loop
      vertex 32.85893630981445 -32.85893630981445 31
      vertex 32.621089935302734 -32.621089935302734 31
      vertex 33.785579681396484 -31.202157974243164 31
    endloop
  endfacet
  facet normal 0 0 -1
    outer loop
      vertex 31.38903045654297 -34.06525421142578 31
      vertex 32.621089935302734 -32.621089935302734 31
      vertex 32.85893630981445 -32.85893630981445 31
    endloop
  endfacet
  facet normal 0 0 -1
    outer loop
      vertex 31.38903045654297 -34.06525421142578 31
      vertex 31.202157974243164 -33.785579681396484 31
      vertex 32.621089935302734 -32.621089935302734 31
    endloop
  endfacet
  facet normal 0 0 -1
    outer loop
      vertex 29.71202850341797 -34.961631774902344 31
      vertex 31.202157974243164 -33.785579681396484 31
      vertex 31.38903045654297 -34.06525421142578 31
    endloop
  endfacet
  facet normal 0 0 -1
    outer loop
      vertex 29.71202850341797 -34.961631774902344 31
      vertex 29.58330726623535 -34.65087127685547 31
      vertex 31.202157974243164 -33.785579681396484 31
    endloop
  endfacet
  facet normal 0 0 -1
    outer loop
      vertex 27.892375946044922 -35.51361846923828 31
      vertex 29.58330726623535 -34.65087127685547 31
      vertex 29.71202850341797 -34.961631774902344 31
    endloop
  endfacet
  facet normal 0 0 -1
    outer loop
      vertex 27.892375946044922 -35.51361846923828 31
      vertex 27.826753616333008 -35.1837158203125 31
      vertex 29.58330726623535 -34.65087127685547 31
    endloop
  endfacet
  facet normal 0 0 -1
    outer loop
      vertex 26 -35.70000076293945 31
      vertex 27.826753616333008 -35.1837158203125 31
      vertex 27.892375946044922 -35.51361846923828 31
    endloop
  endfacet
  facet normal 0 0 -1
    outer loop
      vertex 26 -35.70000076293945 31
      vertex 26 -35.3636360168457 31
      vertex 27.826753616333008 -35.1837158203125 31
    endloop
  endfacet
  facet normal 0 0 -1
    outer loop
      vertex 26 -35.70000076293945 31
      vertex 24.17324447631836 -35.1837158203125 31
      vertex 26 -35.3636360168457 31
    endloop
  endfacet
  facet normal 0 0 -1
    outer loop
      vertex 24.107624053955078 -35.51361846923828 31
      vertex 24.17324447631836 -35.1837158203125 31
      vertex 26 -35.70000076293945 31
    endloop
  endfacet
  facet normal 0 0 -1
    outer loop
      vertex 24.107624053955078 -35.51361846923828 31
      vertex 22.416690826416016 -34.65087127685547 31
      vertex 24.17324447631836 -35.1837158203125 31
    endloop
  endfacet
  facet normal 0 0 -1
    outer loop
      vertex 22.28797149658203 -34.961631774902344 31
      vertex 22.416690826416016 -34.65087127685547 31
      vertex 24.107624053955078 -35.51361846923828 31
    endloop
  endfacet
  facet normal 0 0 -1
    outer loop
      vertex 22.28797149658203 -34.961631774902344 31
      vertex 20.797842025756836 -33.785579681396484 31
      vertex 22.416690826416016 -34.65087127685547 31
    endloop
  endfacet
  facet normal 0 0 -1
    outer loop
      vertex 20.61096954345703 -34.06525421142578 31
      vertex 20.797842025756836 -33.785579681396484 31
      vertex 22.28797149658203 -34.961631774902344 31
    endloop
  endfacet
  facet normal 0 0 -1
    outer loop
      vertex 20.61096954345703 -34.06525421142578 31
      vertex 19.378908157348633 -32.621089935302734 31
      vertex 20.797842025756836 -33.785579681396484 31
    endloop
  endfacet
  facet normal 0 0 -1
    outer loop
      vertex 19.141063690185547 -32.85893630981445 31
      vertex 19.378908157348633 -32.621089935302734 31
      vertex 20.61096954345703 -34.06525421142578 31
    endloop
  endfacet
  facet normal 0 0 -1
    outer loop
      vertex 19.141063690185547 -32.85893630981445 31
      vertex 18.214420318603516 -31.202157974243164 31
      vertex 19.378908157348633 -32.621089935302734 31
    endloop
  endfacet
  facet normal 0 0 -1
    outer loop
      vertex 17.93474578857422 -31.38903045654297 31
      vertex 18.214420318603516 -31.202157974243164 31
      vertex 19.141063690185547 -32.85893630981445 31
    endloop
  endfacet
  facet normal 0 0 -1
    outer loop
      vertex 17.93474578857422 -31.38903045654297 31
      vertex 17.3491268157959 -29.58330726623535 31
      vertex 18.214420318603516 -31.202157974243164 31
    endloop
  endfacet
  facet normal 0 0 -1
    outer loop
      vertex 17.038368225097656 -29.71202850341797 31
      vertex 17.3491268157959 -29.58330726623535 31
      vertex 17.93474578857422 -31.38903045654297 31
    endloop
  endfacet
  facet normal 0 0 -1
    outer loop
      vertex 17.038368225097656 -29.71202850341797 31
      vertex 16.816282272338867 -27.826753616333008 31
      vertex 17.3491268157959 -29.58330726623535 31
    endloop
  endfacet
  facet normal 0 0 -1
    outer loop
      vertex 16.816282272338867 -27.826753616333008 31
      vertex 16.48638343811035 -27.892375946044922 31
      vertex 16.636363983154297 -26 31
    endloop
  endfacet
  facet normal 0 0 -1
    outer loop
      vertex 16.48638343811035 -27.892375946044922 31
      vertex 16.816282272338867 -27.826753616333008 31
      vertex 17.038368225097656 -29.71202850341797 31
    endloop
  endfacet
  facet normal 0 0 -1
    outer loop
      vertex 35.1837158203125 -24.17324447631836 31
      vertex 35.51361846923828 -24.107624053955078 31
      vertex 35.3636360168457 -26 31
    endloop
  endfacet
  facet normal 0 0 -1
    outer loop
      vertex 35.1837158203125 -24.17324447631836 31
      vertex 34.961631774902344 -22.28797149658203 31
      vertex 35.51361846923828 -24.107624053955078 31
    endloop
  endfacet
  facet normal 0 0 -1
    outer loop
      vertex 34.65087127685547 -22.416690826416016 31
      vertex 34.961631774902344 -22.28797149658203 31
      vertex 35.1837158203125 -24.17324447631836 31
    endloop
  endfacet
  facet normal 0 0 -1
    outer loop
      vertex 34.65087127685547 -22.416690826416016 31
      vertex 34.06525421142578 -20.61096954345703 31
      vertex 34.961631774902344 -22.28797149658203 31
    endloop
  endfacet
  facet normal 0 0 -1
    outer loop
      vertex 33.785579681396484 -20.797842025756836 31
      vertex 34.06525421142578 -20.61096954345703 31
      vertex 34.65087127685547 -22.416690826416016 31
    endloop
  endfacet
  facet normal 0 0 -1
    outer loop
      vertex 33.785579681396484 -20.797842025756836 31
      vertex 32.85893630981445 -19.141063690185547 31
      vertex 34.06525421142578 -20.61096954345703 31
    endloop
  endfacet
  facet normal 0 0 -1
    outer loop
      vertex 32.621089935302734 -19.378908157348633 31
      vertex 32.85893630981445 -19.141063690185547 31
      vertex 33.785579681396484 -20.797842025756836 31
    endloop
  endfacet
  facet normal 0 0 -1
    outer loop
      vertex 32.621089935302734 -19.378908157348633 31
      vertex 31.38903045654297 -17.93474578857422 31
      vertex 32.85893630981445 -19.141063690185547 31
    endloop
  endfacet
  facet normal 0 0 -1
    outer loop
      vertex 31.202157974243164 -18.214420318603516 31
      vertex 31.38903045654297 -17.93474578857422 31
      vertex 32.621089935302734 -19.378908157348633 31
    endloop
  endfacet
  facet normal 0 0 -1
    outer loop
      vertex 31.202157974243164 -18.214420318603516 31
      vertex 29.71202850341797 -17.038368225097656 31
      vertex 31.38903045654297 -17.93474578857422 31
    endloop
  endfacet
  facet normal 0 0 -1
    outer loop
      vertex 29.58330726623535 -17.3491268157959 31
      vertex 29.71202850341797 -17.038368225097656 31
      vertex 31.202157974243164 -18.214420318603516 31
    endloop
  endfacet
  facet normal 0 0 -1
    outer loop
      vertex 29.58330726623535 -17.3491268157959 31
      vertex 27.892375946044922 -16.48638343811035 31
      vertex 29.71202850341797 -17.038368225097656 31
    endloop
  endfacet
  facet normal 0 0 -1
    outer loop
      vertex 27.826753616333008 -16.816282272338867 31
      vertex 27.892375946044922 -16.48638343811035 31
      vertex 29.58330726623535 -17.3491268157959 31
    endloop
  endfacet
  facet normal 0 0 -1
    outer loop
      vertex 26 -16.636363983154297 31
      vertex 27.892375946044922 -16.48638343811035 31
      vertex 27.826753616333008 -16.816282272338867 31
    endloop
  endfacet
  facet normal 0 0 -1
    outer loop
      vertex 26 -16.636363983154297 31
      vertex 26 -16.299999237060547 31
      vertex 27.892375946044922 -16.48638343811035 31
    endloop
  endfacet
  facet normal 0 0 -1
    outer loop
      vertex 24.17324447631836 -16.816282272338867 31
      vertex 26 -16.299999237060547 31
      vertex 26 -16.636363983154297 31
    endloop
  endfacet
  facet normal 0 0 -1
    outer loop
      vertex 24.17324447631836 -16.816282272338867 31
      vertex 24.107624053955078 -16.48638343811035 31
      vertex 26 -16.299999237060547 31
    endloop
  endfacet
  facet normal 0 0 -1
    outer loop
      vertex 22.416690826416016 -17.3491268157959 31
      vertex 24.107624053955078 -16.48638343811035 31
      vertex 24.17324447631836 -16.816282272338867 31
    endloop
  endfacet
  facet normal 0 0 -1
    outer loop
      vertex 22.416690826416016 -17.3491268157959 31
      vertex 22.28797149658203 -17.038368225097656 31
      vertex 24.107624053955078 -16.48638343811035 31
    endloop
  endfacet
  facet normal 0 0 -1
    outer loop
      vertex 20.797842025756836 -18.214420318603516 31
      vertex 22.28797149658203 -17.038368225097656 31
      vertex 22.416690826416016 -17.3491268157959 31
    endloop
  endfacet
  facet normal 0 0 -1
    outer loop
      vertex 20.797842025756836 -18.214420318603516 31
      vertex 20.61096954345703 -17.93474578857422 31
      vertex 22.28797149658203 -17.038368225097656 31
    endloop
  endfacet
  facet normal 0 0 -1
    outer loop
      vertex 19.378908157348633 -19.378908157348633 31
      vertex 20.61096954345703 -17.93474578857422 31
      vertex 20.797842025756836 -18.214420318603516 31
    endloop
  endfacet
  facet normal 0 0 -1
    outer loop
      vertex 19.378908157348633 -19.378908157348633 31
      vertex 19.141063690185547 -19.141063690185547 31
      vertex 20.61096954345703 -17.93474578857422 31
    endloop
  endfacet
  facet normal 0 0 -1
    outer loop
      vertex 18.214420318603516 -20.797842025756836 31
      vertex 19.141063690185547 -19.141063690185547 31
      vertex 19.378908157348633 -19.378908157348633 31
    endloop
  endfacet
  facet normal 0 0 -1
    outer loop
      vertex 18.214420318603516 -20.797842025756836 31
      vertex 17.93474578857422 -20.61096954345703 31
      vertex 19.141063690185547 -19.141063690185547 31
    endloop
  endfacet
  facet normal 0 0 -1
    outer loop
      vertex 17.3491268157959 -22.416690826416016 31
      vertex 17.93474578857422 -20.61096954345703 31
      vertex 18.214420318603516 -20.797842025756836 31
    endloop
  endfacet
  facet normal 0 0 -1
    outer loop
      vertex 17.3491268157959 -22.416690826416016 31
      vertex 17.038368225097656 -22.28797149658203 31
      vertex 17.93474578857422 -20.61096954345703 31
    endloop
  endfacet
  facet normal 0 0 -1
    outer loop
      vertex 16.816282272338867 -24.17324447631836 31
      vertex 17.038368225097656 -22.28797149658203 31
      vertex 17.3491268157959 -22.416690826416016 31
    endloop
  endfacet
  facet normal 0 0 -1
    outer loop
      vertex 16.816282272338867 -24.17324447631836 31
      vertex 16.48638343811035 -24.107624053955078 31
      vertex 17.038368225097656 -22.28797149658203 31
    endloop
  endfacet
  facet normal 0 0 -1
    outer loop
      vertex 16.636363983154297 -26 31
      vertex 16.48638343811035 -24.107624053955078 31
      vertex 16.816282272338867 -24.17324447631836 31
    endloop
  endfacet
  facet normal 0 0 -1
    outer loop
      vertex 16.299999237060547 -26 31
      vertex 16.636363983154297 -26 31
      vertex 16.48638343811035 -27.892375946044922 31
    endloop
  endfacet
  facet normal 0 0 -1
    outer loop
      vertex 16.636363983154297 -26 31
      vertex 16.299999237060547 -26 31
      vertex 16.48638343811035 -24.107624053955078 31
    endloop
  endfacet
  facet normal 0.8819215112462494 0.471396274912235 0
    outer loop
      vertex 33.85297393798828 -22.7471923828125 30
      vertex 33.06748962402344 -21.277652740478516 19
      vertex 33.06748962402344 -21.277652740478516 30
    endloop
  endfacet
  facet normal 0.8819215112462494 0.471396274912235 0
    outer loop
      vertex 33.06748962402344 -21.277652740478516 19
      vertex 33.85297393798828 -22.7471923828125 30
      vertex 33.85297393798828 -22.7471923828125 19
    endloop
  endfacet
  facet normal -0.9951846609053697 -0.09801780806906615 0
    outer loop
      vertex 17.663326263427734 -27.658267974853516 2
      vertex 17.5 -26 19
      vertex 17.5 -26 2
    endloop
  endfacet
  facet normal -0.9951846609053696 -0.09801780806906615 0
    outer loop
      vertex 17.663326263427734 -27.658267974853516 30
      vertex 17.5 -26 19
      vertex 17.663326263427734 -27.658267974853516 2
    endloop
  endfacet
  facet normal -0.9951846609053697 -0.09801780806906617 0
    outer loop
      vertex 17.5 -26 19
      vertex 17.663326263427734 -27.658267974853516 30
      vertex 17.5 -26 30
    endloop
  endfacet
  facet normal 0.9569401712785716 0.29028521938489743 0
    outer loop
      vertex 35.51361846923828 -24.107624053955078 32.5
      vertex 34.961631774902344 -22.28797149658203 31
      vertex 34.961631774902344 -22.28797149658203 32.5
    endloop
  endfacet
  facet normal 0.9569401712785716 0.29028521938489743 0
    outer loop
      vertex 34.961631774902344 -22.28797149658203 31
      vertex 35.51361846923828 -24.107624053955078 32.5
      vertex 35.51361846923828 -24.107624053955078 31
    endloop
  endfacet
  facet normal 0.09801788952780126 0.995184652882326 0
    outer loop
      vertex 27.892375946044922 -16.48638343811035 31
      vertex 26 -16.299999237060547 32.5
      vertex 27.892375946044922 -16.48638343811035 32.5
    endloop
  endfacet
  facet normal 0.09801788952780126 0.995184652882326 0
    outer loop
      vertex 26 -16.299999237060547 32.5
      vertex 27.892375946044922 -16.48638343811035 31
      vertex 26 -16.299999237060547 31
    endloop
  endfacet
  facet normal 0.995184885021886 0.09801553256487308 0
    outer loop
      vertex 35.59165954589844 -24.900001525878906 31.5
      vertex 35.51361846923828 -24.107624053955078 32.5
      vertex 35.59165954589844 -24.900001525878906 32.5
    endloop
  endfacet
  facet normal 0.9951848850218858 0.09801553256487308 0
    outer loop
      vertex 35.51361846923828 -24.107624053955078 32.5
      vertex 35.59165954589844 -24.900001525878906 31.5
      vertex 35.51361846923828 -24.107624053955078 31
    endloop
  endfacet
  facet normal 0.9951846539857792 0.09801787832434028 0
    outer loop
      vertex 35.70000076293945 -26 31
      vertex 35.59165954589844 -24.900001525878906 31.5
      vertex 35.70000076293945 -26 31.5
    endloop
  endfacet
  facet normal 0.9951847507237306 0.09801689610565086 0.000002181839533999119
    outer loop
      vertex 35.59165954589844 -24.900001525878906 31.5
      vertex 35.70000076293945 -26 31
      vertex 35.51361846923828 -24.107624053955078 31
    endloop
  endfacet
  facet normal 0.7730138324889309 -0.6343891666641032 0
    outer loop
      vertex 33.12419891357422 -32.535709381103516 32.5
      vertex 32.85893630981445 -32.85893630981445 32.5
      vertex 33.12419891357422 -32.535709381103516 31.5
    endloop
  endfacet
  facet normal 0.7730103791210351 -0.6343933746274102 0
    outer loop
      vertex 33.12419891357422 -32.535709381103516 31.5
      vertex 34.06525421142578 -31.38903045654297 31
      vertex 34.06525421142578 -31.38903045654297 31.5
    endloop
  endfacet
  facet normal 0.7730111384984666 -0.6343924493124842 0.0000035513105586105093
    outer loop
      vertex 33.12419891357422 -32.535709381103516 31.5
      vertex 32.85893630981445 -32.85893630981445 31
      vertex 34.06525421142578 -31.38903045654297 31
    endloop
  endfacet
  facet normal 0.7730138324889309 -0.6343891666641032 0
    outer loop
      vertex 32.85893630981445 -32.85893630981445 31
      vertex 33.12419891357422 -32.535709381103516 31.5
      vertex 32.85893630981445 -32.85893630981445 32.5
    endloop
  endfacet
  facet normal 0.4713966861266102 0.8819212914477403 0
    outer loop
      vertex 31.38903045654297 -17.93474578857422 32.5
      vertex 30.015682220458984 -17.20067596435547 31.5
      vertex 30.015682220458984 -17.20067596435547 32.5
    endloop
  endfacet
  facet normal 0.47139668612661023 0.8819212914477403 0
    outer loop
      vertex 31.38903045654297 -17.93474578857422 31
      vertex 30.015682220458984 -17.20067596435547 31.5
      vertex 31.38903045654297 -17.93474578857422 32.5
    endloop
  endfacet
  facet normal 0.47139728677458853 0.8819209703919377 0.000002121152436385768
    outer loop
      vertex 29.71202850341797 -17.038368225097656 31
      vertex 30.015682220458984 -17.20067596435547 31.5
      vertex 31.38903045654297 -17.93474578857422 31
    endloop
  endfacet
  facet normal 0.4714000033497069 0.8819195183472788 0
    outer loop
      vertex 30.015682220458984 -17.20067596435547 31.5
      vertex 29.71202850341797 -17.038368225097656 31
      vertex 29.71202850341797 -17.038368225097656 31.5
    endloop
  endfacet
  facet normal -0.8819208408814223 -0.4713975290760496 0
    outer loop
      vertex 17.038368225097656 -29.71202850341797 31
      vertex 17.592498779296875 -30.74873161315918 31.5
      vertex 17.038368225097656 -29.71202850341797 32.5
    endloop
  endfacet
  facet normal -0.8819209703937377 -0.4713972867755507 6.459208237404024e-7
    outer loop
      vertex 17.93474578857422 -31.38903045654297 31
      vertex 17.592498779296875 -30.74873161315918 31.5
      vertex 17.038368225097656 -29.71202850341797 31
    endloop
  endfacet
  facet normal -0.8819211800865887 -0.4713968944686407 0
    outer loop
      vertex 17.592498779296875 -30.74873161315918 31.5
      vertex 17.93474578857422 -31.38903045654297 31
      vertex 17.93474578857422 -31.38903045654297 31.5
    endloop
  endfacet
  facet normal -0.8819208408814223 -0.47139752907604965 0
    outer loop
      vertex 17.038368225097656 -29.71202850341797 32.5
      vertex 17.592498779296875 -30.74873161315918 31.5
      vertex 17.592498779296875 -30.74873161315918 32.5
    endloop
  endfacet
  facet normal 0.7730138324889309 0.6343891666641032 0
    outer loop
      vertex 33.12419891357422 -19.464290618896484 31.5
      vertex 32.85893630981445 -19.141063690185547 32.5
      vertex 33.12419891357422 -19.464290618896484 32.5
    endloop
  endfacet
  facet normal 0.7730138324889309 0.6343891666641032 0
    outer loop
      vertex 32.85893630981445 -19.141063690185547 32.5
      vertex 33.12419891357422 -19.464290618896484 31.5
      vertex 32.85893630981445 -19.141063690185547 31
    endloop
  endfacet
  facet normal 0.7730103791210351 0.6343933746274102 0
    outer loop
      vertex 34.06525421142578 -20.61096954345703 31
      vertex 33.12419891357422 -19.464290618896484 31.5
      vertex 34.06525421142578 -20.61096954345703 31.5
    endloop
  endfacet
  facet normal 0.7730111384984666 0.6343924493124842 0.0000035513105586105093
    outer loop
      vertex 33.12419891357422 -19.464290618896484 31.5
      vertex 34.06525421142578 -20.61096954345703 31
      vertex 32.85893630981445 -19.141063690185547 31
    endloop
  endfacet
  facet normal 0.6343924493164845 -0.773011138503341 0
    outer loop
      vertex 31.38903045654297 -34.06525421142578 31
      vertex 32.85893630981445 -32.85893630981445 32.5
      vertex 31.38903045654297 -34.06525421142578 32.5
    endloop
  endfacet
  facet normal 0.6343924493164845 -0.773011138503341 0
    outer loop
      vertex 32.85893630981445 -32.85893630981445 32.5
      vertex 31.38903045654297 -34.06525421142578 31
      vertex 32.85893630981445 -32.85893630981445 31
    endloop
  endfacet
  facet normal 0.6343924493164845 0.773011138503341 0
    outer loop
      vertex 32.85893630981445 -19.141063690185547 31
      vertex 31.38903045654297 -17.93474578857422 32.5
      vertex 32.85893630981445 -19.141063690185547 32.5
    endloop
  endfacet
  facet normal 0.6343924493164845 0.773011138503341 0
    outer loop
      vertex 31.38903045654297 -17.93474578857422 32.5
      vertex 32.85893630981445 -19.141063690185547 31
      vertex 31.38903045654297 -17.93474578857422 31
    endloop
  endfacet
  facet normal 0.8819208408814223 0.47139752907604965 0
    outer loop
      vertex 34.407501220703125 -21.25126838684082 32.5
      vertex 34.961631774902344 -22.28797149658203 32.5
      vertex 34.407501220703125 -21.25126838684082 31.5
    endloop
  endfacet
  facet normal 0.8819211800865887 0.4713968944686407 0
    outer loop
      vertex 34.407501220703125 -21.25126838684082 31.5
      vertex 34.06525421142578 -20.61096954345703 31
      vertex 34.06525421142578 -20.61096954345703 31.5
    endloop
  endfacet
  facet normal 0.8819209703937377 0.4713972867755507 6.459208237404024e-7
    outer loop
      vertex 34.407501220703125 -21.25126838684082 31.5
      vertex 34.961631774902344 -22.28797149658203 31
      vertex 34.06525421142578 -20.61096954345703 31
    endloop
  endfacet
  facet normal 0.8819208408814223 0.4713975290760496 0
    outer loop
      vertex 34.961631774902344 -22.28797149658203 31
      vertex 34.407501220703125 -21.25126838684082 31.5
      vertex 34.961631774902344 -22.28797149658203 32.5
    endloop
  endfacet
  facet normal -0.7730115955583241 0.6343918923917405 0
    outer loop
      vertex 19.141063690185547 -19.141063690185547 31
      vertex 18.87579917907715 -19.464290618896484 31.5
      vertex 19.141063690185547 -19.141063690185547 32.5
    endloop
  endfacet
  facet normal -0.7730111385032007 0.6343924493163694 6.025070822864305e-7
    outer loop
      vertex 17.93474578857422 -20.61096954345703 31
      vertex 18.87579917907715 -19.464290618896484 31.5
      vertex 19.141063690185547 -19.141063690185547 31
    endloop
  endfacet
  facet normal -0.7730110096682797 0.6343926063027743 0
    outer loop
      vertex 18.87579917907715 -19.464290618896484 31.5
      vertex 17.93474578857422 -20.61096954345703 31
      vertex 17.93474578857422 -20.61096954345703 31.5
    endloop
  endfacet
  facet normal -0.7730115955583242 0.6343918923917407 0
    outer loop
      vertex 19.141063690185547 -19.141063690185547 32.5
      vertex 18.87579917907715 -19.464290618896484 31.5
      vertex 18.87579917907715 -19.464290618896484 32.5
    endloop
  endfacet
  facet normal -0.8819211800865887 0.4713968944686407 0
    outer loop
      vertex 17.93474578857422 -20.61096954345703 31
      vertex 17.592498779296875 -21.25126838684082 31.5
      vertex 17.93474578857422 -20.61096954345703 31.5
    endloop
  endfacet
  facet normal -0.8819209703937377 0.4713972867755507 6.459208237404024e-7
    outer loop
      vertex 17.038368225097656 -22.28797149658203 31
      vertex 17.592498779296875 -21.25126838684082 31.5
      vertex 17.93474578857422 -20.61096954345703 31
    endloop
  endfacet
  facet normal -0.8819208408814223 0.4713975290760496 0
    outer loop
      vertex 17.038368225097656 -22.28797149658203 32.5
      vertex 17.592498779296875 -21.25126838684082 31.5
      vertex 17.038368225097656 -22.28797149658203 31
    endloop
  endfacet
  facet normal -0.8819208408814223 0.47139752907604965 0
    outer loop
      vertex 17.592498779296875 -21.25126838684082 31.5
      vertex 17.038368225097656 -22.28797149658203 32.5
      vertex 17.592498779296875 -21.25126838684082 32.5
    endloop
  endfacet
  facet normal 0.09801689610588415 -0.9951847507260991 0
    outer loop
      vertex 26 -35.70000076293945 31
      vertex 27.892375946044922 -35.51361846923828 32.5
      vertex 26 -35.70000076293945 32.5
    endloop
  endfacet
  facet normal 0.09801689610588415 -0.9951847507260991 0
    outer loop
      vertex 27.892375946044922 -35.51361846923828 32.5
      vertex 26 -35.70000076293945 31
      vertex 27.892375946044922 -35.51361846923828 31
    endloop
  endfacet
  facet normal 0.995184885021886 -0.09801553256487308 0
    outer loop
      vertex 35.59165954589844 -27.099998474121094 32.5
      vertex 35.51361846923828 -27.892375946044922 32.5
      vertex 35.59165954589844 -27.099998474121094 31.5
    endloop
  endfacet
  facet normal 0.9951846539857792 -0.09801787832434028 0
    outer loop
      vertex 35.59165954589844 -27.099998474121094 31.5
      vertex 35.70000076293945 -26 31
      vertex 35.70000076293945 -26 31.5
    endloop
  endfacet
  facet normal 0.9951847507237306 -0.09801689610565086 0.000002181839533999119
    outer loop
      vertex 35.59165954589844 -27.099998474121094 31.5
      vertex 35.51361846923828 -27.892375946044922 31
      vertex 35.70000076293945 -26 31
    endloop
  endfacet
  facet normal 0.9951848850218858 -0.09801553256487308 0
    outer loop
      vertex 35.51361846923828 -27.892375946044922 31
      vertex 35.59165954589844 -27.099998474121094 31.5
      vertex 35.51361846923828 -27.892375946044922 32.5
    endloop
  endfacet
  facet normal -0.9951846513504844 0.09801790508072948 0
    outer loop
      vertex 16.48638343811035 -24.107624053955078 31
      vertex 16.408340454101562 -24.900001525878906 31.5
      vertex 16.48638343811035 -24.107624053955078 32.5
    endloop
  endfacet
  facet normal -0.9951846528823257 0.09801788952780122 -2.4886678873779862e-8
    outer loop
      vertex 16.299999237060547 -26 31
      vertex 16.408340454101562 -24.900001525878906 31.5
      vertex 16.48638343811035 -24.107624053955078 31
    endloop
  endfacet
  facet normal -0.9951846539857792 0.09801787832434028 0
    outer loop
      vertex 16.408340454101562 -24.900001525878906 31.5
      vertex 16.299999237060547 -26 31
      vertex 16.299999237060547 -26 31.5
    endloop
  endfacet
  facet normal -0.9951846513504844 0.09801790508072948 0
    outer loop
      vertex 16.48638343811035 -24.107624053955078 32.5
      vertex 16.408340454101562 -24.900001525878906 31.5
      vertex 16.408340454101562 -24.900001525878906 32.5
    endloop
  endfacet
  facet normal 0.29036889574334673 -0.9569147842858262 0
    outer loop
      vertex 27.892375946044922 -35.51361846923828 32.5
      vertex 27.930768966674805 -35.50196838378906 31.5
      vertex 27.930768966674805 -35.50196838378906 32.5
    endloop
  endfacet
  facet normal 0.2903688957433468 -0.9569147842858263 0
    outer loop
      vertex 27.892375946044922 -35.51361846923828 31
      vertex 27.930768966674805 -35.50196838378906 31.5
      vertex 27.892375946044922 -35.51361846923828 32.5
    endloop
  endfacet
  facet normal 0.2902852193777515 -0.9569401712550145 0.000007016697581747349
    outer loop
      vertex 29.71202850341797 -34.961631774902344 31
      vertex 27.930768966674805 -35.50196838378906 31.5
      vertex 27.892375946044922 -35.51361846923828 31
    endloop
  endfacet
  facet normal 0.29028341576297445 -0.9569407184005602 0
    outer loop
      vertex 27.930768966674805 -35.50196838378906 31.5
      vertex 29.71202850341797 -34.961631774902344 31
      vertex 29.71202850341797 -34.961631774902344 31.5
    endloop
  endfacet
  facet normal -0.7730110096682797 -0.6343926063027743 0
    outer loop
      vertex 17.93474578857422 -31.38903045654297 31
      vertex 18.87579917907715 -32.535709381103516 31.5
      vertex 17.93474578857422 -31.38903045654297 31.5
    endloop
  endfacet
  facet normal -0.7730111385032007 -0.6343924493163694 6.025070822864305e-7
    outer loop
      vertex 19.141063690185547 -32.85893630981445 31
      vertex 18.87579917907715 -32.535709381103516 31.5
      vertex 17.93474578857422 -31.38903045654297 31
    endloop
  endfacet
  facet normal -0.7730115955583241 -0.6343918923917405 0
    outer loop
      vertex 19.141063690185547 -32.85893630981445 32.5
      vertex 18.87579917907715 -32.535709381103516 31.5
      vertex 19.141063690185547 -32.85893630981445 31
    endloop
  endfacet
  facet normal -0.7730115955583242 -0.6343918923917407 0
    outer loop
      vertex 18.87579917907715 -32.535709381103516 31.5
      vertex 19.141063690185547 -32.85893630981445 32.5
      vertex 18.87579917907715 -32.535709381103516 32.5
    endloop
  endfacet
  facet normal -0.09801689610588415 -0.9951847507260991 0
    outer loop
      vertex 24.107624053955078 -35.51361846923828 31
      vertex 26 -35.70000076293945 32.5
      vertex 24.107624053955078 -35.51361846923828 32.5
    endloop
  endfacet
  facet normal -0.09801689610588415 -0.9951847507260991 0
    outer loop
      vertex 26 -35.70000076293945 32.5
      vertex 24.107624053955078 -35.51361846923828 31
      vertex 26 -35.70000076293945 31
    endloop
  endfacet
  facet normal -0.6343924493164845 -0.773011138503341 0
    outer loop
      vertex 19.141063690185547 -32.85893630981445 31
      vertex 20.61096954345703 -34.06525421142578 32.5
      vertex 19.141063690185547 -32.85893630981445 32.5
    endloop
  endfacet
  facet normal -0.6343924493164845 -0.773011138503341 0
    outer loop
      vertex 20.61096954345703 -34.06525421142578 32.5
      vertex 19.141063690185547 -32.85893630981445 31
      vertex 20.61096954345703 -34.06525421142578 31
    endloop
  endfacet
  facet normal -0.4714000033497069 0.8819195183472788 0
    outer loop
      vertex 22.28797149658203 -17.038368225097656 31.5
      vertex 22.28797149658203 -17.038368225097656 31
      vertex 21.984317779541016 -17.20067596435547 31.5
    endloop
  endfacet
  facet normal -0.4713966861266102 0.8819212914477403 0
    outer loop
      vertex 21.984317779541016 -17.20067596435547 31.5
      vertex 20.61096954345703 -17.93474578857422 32.5
      vertex 21.984317779541016 -17.20067596435547 32.5
    endloop
  endfacet
  facet normal -0.47139728677458853 0.8819209703919377 0.000002121152436385768
    outer loop
      vertex 20.61096954345703 -17.93474578857422 31
      vertex 21.984317779541016 -17.20067596435547 31.5
      vertex 22.28797149658203 -17.038368225097656 31
    endloop
  endfacet
  facet normal -0.47139668612661023 0.8819212914477403 0
    outer loop
      vertex 21.984317779541016 -17.20067596435547 31.5
      vertex 20.61096954345703 -17.93474578857422 31
      vertex 20.61096954345703 -17.93474578857422 32.5
    endloop
  endfacet
  facet normal -0.09801788952780126 0.995184652882326 0
    outer loop
      vertex 26 -16.299999237060547 31
      vertex 24.107624053955078 -16.48638343811035 32.5
      vertex 26 -16.299999237060547 32.5
    endloop
  endfacet
  facet normal -0.09801788952780126 0.995184652882326 0
    outer loop
      vertex 24.107624053955078 -16.48638343811035 32.5
      vertex 26 -16.299999237060547 31
      vertex 24.107624053955078 -16.48638343811035 31
    endloop
  endfacet
  facet normal -0.9951846539857792 -0.09801787832434028 0
    outer loop
      vertex 16.299999237060547 -26 31
      vertex 16.408340454101562 -27.099998474121094 31.5
      vertex 16.299999237060547 -26 31.5
    endloop
  endfacet
  facet normal -0.9951846528823257 -0.09801788952780122 -2.4886678873779862e-8
    outer loop
      vertex 16.48638343811035 -27.892375946044922 31
      vertex 16.408340454101562 -27.099998474121094 31.5
      vertex 16.299999237060547 -26 31
    endloop
  endfacet
  facet normal -0.9951846513504844 -0.09801790508072948 0
    outer loop
      vertex 16.48638343811035 -27.892375946044922 32.5
      vertex 16.408340454101562 -27.099998474121094 31.5
      vertex 16.48638343811035 -27.892375946044922 31
    endloop
  endfacet
  facet normal -0.9951846513504844 -0.09801790508072948 0
    outer loop
      vertex 16.408340454101562 -27.099998474121094 31.5
      vertex 16.48638343811035 -27.892375946044922 32.5
      vertex 16.408340454101562 -27.099998474121094 32.5
    endloop
  endfacet
  facet normal 0.8819208408814223 -0.47139752907604965 0
    outer loop
      vertex 34.407501220703125 -30.74873161315918 31.5
      vertex 34.961631774902344 -29.71202850341797 32.5
      vertex 34.407501220703125 -30.74873161315918 32.5
    endloop
  endfacet
  facet normal 0.8819208408814223 -0.4713975290760496 0
    outer loop
      vertex 34.961631774902344 -29.71202850341797 32.5
      vertex 34.407501220703125 -30.74873161315918 31.5
      vertex 34.961631774902344 -29.71202850341797 31
    endloop
  endfacet
  facet normal 0.8819211800865887 -0.4713968944686407 0
    outer loop
      vertex 34.06525421142578 -31.38903045654297 31
      vertex 34.407501220703125 -30.74873161315918 31.5
      vertex 34.06525421142578 -31.38903045654297 31.5
    endloop
  endfacet
  facet normal 0.8819209703937377 -0.4713972867755507 6.459208237404024e-7
    outer loop
      vertex 34.407501220703125 -30.74873161315918 31.5
      vertex 34.06525421142578 -31.38903045654297 31
      vertex 34.961631774902344 -29.71202850341797 31
    endloop
  endfacet
  facet normal -0.9569404499134926 -0.29028430084894774 0
    outer loop
      vertex 17.038368225097656 -29.71202850341797 31
      vertex 16.48638343811035 -27.892375946044922 32.5
      vertex 16.48638343811035 -27.892375946044922 31
    endloop
  endfacet
  facet normal -0.9569404499134926 -0.29028430084894774 0
    outer loop
      vertex 16.48638343811035 -27.892375946044922 32.5
      vertex 17.038368225097656 -29.71202850341797 31
      vertex 17.038368225097656 -29.71202850341797 32.5
    endloop
  endfacet
  facet normal 0.2902843540977013 0.9569404337606809 0
    outer loop
      vertex 29.71202850341797 -17.038368225097656 31.5
      vertex 29.71202850341797 -17.038368225097656 31
      vertex 27.930768966674805 -16.498029708862305 31.5
    endloop
  endfacet
  facet normal 0.2902818303487781 0.9569411993269823 0
    outer loop
      vertex 27.930768966674805 -16.498029708862305 31.5
      vertex 27.892375946044922 -16.48638343811035 32.5
      vertex 27.930768966674805 -16.498029708862305 32.5
    endloop
  endfacet
  facet normal 0.2902818303487781 0.9569411993269823 0
    outer loop
      vertex 27.930768966674805 -16.498029708862305 31.5
      vertex 27.892375946044922 -16.48638343811035 31
      vertex 27.892375946044922 -16.48638343811035 32.5
    endloop
  endfacet
  facet normal 0.2902843008489415 0.956940449913472 -2.0715567277431856e-7
    outer loop
      vertex 27.892375946044922 -16.48638343811035 31
      vertex 27.930768966674805 -16.498029708862305 31.5
      vertex 29.71202850341797 -17.038368225097656 31
    endloop
  endfacet
  facet normal -0.2902818303487781 0.9569411993269823 0
    outer loop
      vertex 24.107624053955078 -16.48638343811035 32.5
      vertex 24.069231033325195 -16.498029708862305 31.5
      vertex 24.069231033325195 -16.498029708862305 32.5
    endloop
  endfacet
  facet normal -0.2902818303487781 0.9569411993269823 0
    outer loop
      vertex 24.107624053955078 -16.48638343811035 31
      vertex 24.069231033325195 -16.498029708862305 31.5
      vertex 24.107624053955078 -16.48638343811035 32.5
    endloop
  endfacet
  facet normal -0.2902843008489415 0.956940449913472 -2.0715567277431856e-7
    outer loop
      vertex 22.28797149658203 -17.038368225097656 31
      vertex 24.069231033325195 -16.498029708862305 31.5
      vertex 24.107624053955078 -16.48638343811035 31
    endloop
  endfacet
  facet normal -0.2902843540977013 0.9569404337606809 0
    outer loop
      vertex 24.069231033325195 -16.498029708862305 31.5
      vertex 22.28797149658203 -17.038368225097656 31
      vertex 22.28797149658203 -17.038368225097656 31.5
    endloop
  endfacet
  facet normal 0.9569401712785716 -0.29028521938489743 0
    outer loop
      vertex 34.961631774902344 -29.71202850341797 32.5
      vertex 35.51361846923828 -27.892375946044922 31
      vertex 35.51361846923828 -27.892375946044922 32.5
    endloop
  endfacet
  facet normal 0.9569401712785716 -0.29028521938489743 0
    outer loop
      vertex 35.51361846923828 -27.892375946044922 31
      vertex 34.961631774902344 -29.71202850341797 32.5
      vertex 34.961631774902344 -29.71202850341797 31
    endloop
  endfacet
  facet normal 0 0 1
    outer loop
      vertex 27.892375946044922 -16.48638343811035 32.5
      vertex 27.385129928588867 -18.177331924438477 32.5
      vertex 27.930768966674805 -16.498029708862305 32.5
    endloop
  endfacet
  facet normal 0 0 1
    outer loop
      vertex 26 -16.299999237060547 32.5
      vertex 27.385129928588867 -18.177331924438477 32.5
      vertex 27.892375946044922 -16.48638343811035 32.5
    endloop
  endfacet
  facet normal 0 0 1
    outer loop
      vertex 26 -16.299999237060547 32.5
      vertex 26 -18.040908813476562 32.5
      vertex 27.385129928588867 -18.177331924438477 32.5
    endloop
  endfacet
  facet normal 0 0 1
    outer loop
      vertex 26 -16.299999237060547 32.5
      vertex 24.614870071411133 -18.177331924438477 32.5
      vertex 26 -18.040908813476562 32.5
    endloop
  endfacet
  facet normal 0 0 1
    outer loop
      vertex 24.107624053955078 -16.48638343811035 32.5
      vertex 24.614870071411133 -18.177331924438477 32.5
      vertex 26 -16.299999237060547 32.5
    endloop
  endfacet
  facet normal 0 0 1
    outer loop
      vertex 24.614870071411133 -18.177331924438477 32.5
      vertex 24.107624053955078 -16.48638343811035 32.5
      vertex 24.069231033325195 -16.498029708862305 32.5
    endloop
  endfacet
  facet normal 0 0 1
    outer loop
      vertex 33.80615997314453 -24.44725799560547 32.5
      vertex 35.51361846923828 -24.107624053955078 32.5
      vertex 34.961631774902344 -22.28797149658203 32.5
    endloop
  endfacet
  facet normal 0 0 1
    outer loop
      vertex 32.992515563964844 -22.279315948486328 32.5
      vertex 34.961631774902344 -22.28797149658203 32.5
      vertex 34.407501220703125 -21.25126838684082 32.5
    endloop
  endfacet
  facet normal 0 0 1
    outer loop
      vertex 33.80615997314453 -24.44725799560547 32.5
      vertex 34.961631774902344 -22.28797149658203 32.5
      vertex 33.353240966796875 -22.954187393188477 32.5
    endloop
  endfacet
  facet normal 0 0 1
    outer loop
      vertex 35.59165954589844 -24.900001525878906 32.5
      vertex 33.80615997314453 -24.44725799560547 32.5
      vertex 33.85074996948242 -24.900001525878906 32.5
    endloop
  endfacet
  facet normal 0 0 1
    outer loop
      vertex 35.51361846923828 -24.107624053955078 32.5
      vertex 33.80615997314453 -24.44725799560547 32.5
      vertex 35.59165954589844 -24.900001525878906 32.5
    endloop
  endfacet
  facet normal 0 0 1
    outer loop
      vertex 34.961631774902344 -22.28797149658203 32.5
      vertex 32.992515563964844 -22.279315948486328 32.5
      vertex 33.353240966796875 -22.954187393188477 32.5
    endloop
  endfacet
  facet normal 0 0 1
    outer loop
      vertex 31.627925872802734 -31.627925872802734 32.5
      vertex 33.12419891357422 -32.535709381103516 32.5
      vertex 31.720123291015625 -31.515586853027344 32.5
    endloop
  endfacet
  facet normal 0 0 1
    outer loop
      vertex 33.12419891357422 -32.535709381103516 32.5
      vertex 31.627925872802734 -31.627925872802734 32.5
      vertex 32.85893630981445 -32.85893630981445 32.5
    endloop
  endfacet
  facet normal 0 0 1
    outer loop
      vertex 31.627925872802734 -31.627925872802734 32.5
      vertex 31.38903045654297 -34.06525421142578 32.5
      vertex 32.85893630981445 -32.85893630981445 32.5
    endloop
  endfacet
  facet normal 0 0 1
    outer loop
      vertex 30.421833038330078 -32.617740631103516 32.5
      vertex 31.38903045654297 -34.06525421142578 32.5
      vertex 31.627925872802734 -31.627925872802734 32.5
    endloop
  endfacet
  facet normal 0 0 1
    outer loop
      vertex 29.471832275390625 -33.125526428222656 32.5
      vertex 31.38903045654297 -34.06525421142578 32.5
      vertex 30.421833038330078 -32.617740631103516 32.5
    endloop
  endfacet
  facet normal 0 0 1
    outer loop
      vertex 31.38903045654297 -34.06525421142578 32.5
      vertex 29.471832275390625 -33.125526428222656 32.5
      vertex 30.015682220458984 -34.79932403564453 32.5
    endloop
  endfacet
  facet normal 0 0 1
    outer loop
      vertex 17.038368225097656 -29.71202850341797 32.5
      vertex 19.00748634338379 -29.720684051513672 32.5
      vertex 18.646759033203125 -29.045812606811523 32.5
    endloop
  endfacet
  facet normal 0 0 1
    outer loop
      vertex 17.038368225097656 -29.71202850341797 32.5
      vertex 18.646759033203125 -29.045812606811523 32.5
      vertex 18.19384002685547 -27.55274200439453 32.5
    endloop
  endfacet
  facet normal 0 0 1
    outer loop
      vertex 16.48638343811035 -27.892375946044922 32.5
      vertex 18.19384002685547 -27.55274200439453 32.5
      vertex 18.149250030517578 -27.099998474121094 32.5
    endloop
  endfacet
  facet normal 0 0 1
    outer loop
      vertex 19.00748634338379 -29.720684051513672 32.5
      vertex 17.038368225097656 -29.71202850341797 32.5
      vertex 17.592498779296875 -30.74873161315918 32.5
    endloop
  endfacet
  facet normal 0 0 1
    outer loop
      vertex 18.19384002685547 -27.55274200439453 32.5
      vertex 16.48638343811035 -27.892375946044922 32.5
      vertex 17.038368225097656 -29.71202850341797 32.5
    endloop
  endfacet
  facet normal 0 0 1
    outer loop
      vertex 16.48638343811035 -27.892375946044922 32.5
      vertex 18.149250030517578 -27.099998474121094 32.5
      vertex 16.408340454101562 -27.099998474121094 32.5
    endloop
  endfacet
  facet normal 0 0 1
    outer loop
      vertex 31.627925872802734 -20.372072219848633 32.5
      vertex 33.12419891357422 -19.464290618896484 32.5
      vertex 32.85893630981445 -19.141063690185547 32.5
    endloop
  endfacet
  facet normal 0 0 1
    outer loop
      vertex 33.12419891357422 -19.464290618896484 32.5
      vertex 31.627925872802734 -20.372072219848633 32.5
      vertex 31.720123291015625 -20.484413146972656 32.5
    endloop
  endfacet
  facet normal 0 0 1
    outer loop
      vertex 31.38903045654297 -17.93474578857422 32.5
      vertex 31.627925872802734 -20.372072219848633 32.5
      vertex 32.85893630981445 -19.141063690185547 32.5
    endloop
  endfacet
  facet normal 0 0 1
    outer loop
      vertex 31.38903045654297 -17.93474578857422 32.5
      vertex 30.421833038330078 -19.38225746154785 32.5
      vertex 31.627925872802734 -20.372072219848633 32.5
    endloop
  endfacet
  facet normal 0 0 1
    outer loop
      vertex 29.471832275390625 -18.87447166442871 32.5
      vertex 31.38903045654297 -17.93474578857422 32.5
      vertex 30.015682220458984 -17.20067596435547 32.5
    endloop
  endfacet
  facet normal 0 0 1
    outer loop
      vertex 31.38903045654297 -17.93474578857422 32.5
      vertex 29.471832275390625 -18.87447166442871 32.5
      vertex 30.421833038330078 -19.38225746154785 32.5
    endloop
  endfacet
  facet normal 0 0 1
    outer loop
      vertex 33.80615997314453 -27.55274200439453 32.5
      vertex 35.51361846923828 -27.892375946044922 32.5
      vertex 35.59165954589844 -27.099998474121094 32.5
    endloop
  endfacet
  facet normal 0 0 1
    outer loop
      vertex 35.51361846923828 -27.892375946044922 32.5
      vertex 33.80615997314453 -27.55274200439453 32.5
      vertex 34.961631774902344 -29.71202850341797 32.5
    endloop
  endfacet
  facet normal 0 0 1
    outer loop
      vertex 33.80615997314453 -27.55274200439453 32.5
      vertex 35.59165954589844 -27.099998474121094 32.5
      vertex 33.85074996948242 -27.099998474121094 32.5
    endloop
  endfacet
  facet normal 0 0 1
    outer loop
      vertex 34.961631774902344 -29.71202850341797 32.5
      vertex 33.80615997314453 -27.55274200439453 32.5
      vertex 33.353240966796875 -29.045812606811523 32.5
    endloop
  endfacet
  facet normal 0 0 1
    outer loop
      vertex 32.992515563964844 -29.720684051513672 32.5
      vertex 34.961631774902344 -29.71202850341797 32.5
      vertex 33.353240966796875 -29.045812606811523 32.5
    endloop
  endfacet
  facet normal 0 0 1
    outer loop
      vertex 34.961631774902344 -29.71202850341797 32.5
      vertex 32.992515563964844 -29.720684051513672 32.5
      vertex 34.407501220703125 -30.74873161315918 32.5
    endloop
  endfacet
  facet normal 0 0 1
    outer loop
      vertex 17.038368225097656 -22.28797149658203 32.5
      vertex 19.007484436035156 -22.279315948486328 32.5
      vertex 17.592498779296875 -21.25126838684082 32.5
    endloop
  endfacet
  facet normal 0 0 1
    outer loop
      vertex 19.007484436035156 -22.279315948486328 32.5
      vertex 17.038368225097656 -22.28797149658203 32.5
      vertex 18.646759033203125 -22.954187393188477 32.5
    endloop
  endfacet
  facet normal 0 0 1
    outer loop
      vertex 18.646759033203125 -22.954187393188477 32.5
      vertex 17.038368225097656 -22.28797149658203 32.5
      vertex 18.19384002685547 -24.44725799560547 32.5
    endloop
  endfacet
  facet normal 0 0 1
    outer loop
      vertex 16.48638343811035 -24.107624053955078 32.5
      vertex 18.19384002685547 -24.44725799560547 32.5
      vertex 17.038368225097656 -22.28797149658203 32.5
    endloop
  endfacet
  facet normal 0 0 1
    outer loop
      vertex 18.19384002685547 -24.44725799560547 32.5
      vertex 16.48638343811035 -24.107624053955078 32.5
      vertex 18.149250030517578 -24.900001525878906 32.5
    endloop
  endfacet
  facet normal 0 0 1
    outer loop
      vertex 18.149250030517578 -24.900001525878906 32.5
      vertex 16.48638343811035 -24.107624053955078 32.5
      vertex 16.408340454101562 -24.900001525878906 32.5
    endloop
  endfacet
  facet normal 0 0 1
    outer loop
      vertex 27.385129928588867 -33.82266616821289 32.5
      vertex 27.892375946044922 -35.51361846923828 32.5
      vertex 27.930768966674805 -35.50196838378906 32.5
    endloop
  endfacet
  facet normal 0 0 1
    outer loop
      vertex 26 -35.70000076293945 32.5
      vertex 27.385129928588867 -33.82266616821289 32.5
      vertex 26 -33.95909118652344 32.5
    endloop
  endfacet
  facet normal 0 0 1
    outer loop
      vertex 27.385129928588867 -33.82266616821289 32.5
      vertex 26 -35.70000076293945 32.5
      vertex 27.892375946044922 -35.51361846923828 32.5
    endloop
  endfacet
  facet normal 0 0 1
    outer loop
      vertex 24.614870071411133 -33.82266616821289 32.5
      vertex 26 -35.70000076293945 32.5
      vertex 26 -33.95909118652344 32.5
    endloop
  endfacet
  facet normal 0 0 1
    outer loop
      vertex 24.614870071411133 -33.82266616821289 32.5
      vertex 24.107624053955078 -35.51361846923828 32.5
      vertex 26 -35.70000076293945 32.5
    endloop
  endfacet
  facet normal 0 0 1
    outer loop
      vertex 24.107624053955078 -35.51361846923828 32.5
      vertex 24.614870071411133 -33.82266616821289 32.5
      vertex 24.069231033325195 -35.50196838378906 32.5
    endloop
  endfacet
  facet normal 0 0 1
    outer loop
      vertex 20.61096954345703 -34.06525421142578 32.5
      vertex 22.528167724609375 -33.12553024291992 32.5
      vertex 21.57816505432129 -32.617740631103516 32.5
    endloop
  endfacet
  facet normal 0 0 1
    outer loop
      vertex 22.528167724609375 -33.12553024291992 32.5
      vertex 20.61096954345703 -34.06525421142578 32.5
      vertex 21.984317779541016 -34.79932403564453 32.5
    endloop
  endfacet
  facet normal 0 0 1
    outer loop
      vertex 20.372072219848633 -31.627925872802734 32.5
      vertex 20.61096954345703 -34.06525421142578 32.5
      vertex 21.57816505432129 -32.617740631103516 32.5
    endloop
  endfacet
  facet normal 0 0 1
    outer loop
      vertex 18.87579917907715 -32.535709381103516 32.5
      vertex 20.372072219848633 -31.627925872802734 32.5
      vertex 20.279876708984375 -31.515586853027344 32.5
    endloop
  endfacet
  facet normal 0 0 1
    outer loop
      vertex 20.372072219848633 -31.627925872802734 32.5
      vertex 19.141063690185547 -32.85893630981445 32.5
      vertex 20.61096954345703 -34.06525421142578 32.5
    endloop
  endfacet
  facet normal 0 0 1
    outer loop
      vertex 20.372072219848633 -31.627925872802734 32.5
      vertex 18.87579917907715 -32.535709381103516 32.5
      vertex 19.141063690185547 -32.85893630981445 32.5
    endloop
  endfacet
  facet normal 0 0 1
    outer loop
      vertex 20.61096954345703 -17.93474578857422 32.5
      vertex 22.528167724609375 -18.87447166442871 32.5
      vertex 21.984317779541016 -17.20067596435547 32.5
    endloop
  endfacet
  facet normal 0 0 1
    outer loop
      vertex 22.528167724609375 -18.87447166442871 32.5
      vertex 20.61096954345703 -17.93474578857422 32.5
      vertex 21.57816505432129 -19.38225746154785 32.5
    endloop
  endfacet
  facet normal 0 0 1
    outer loop
      vertex 20.61096954345703 -17.93474578857422 32.5
      vertex 20.372072219848633 -20.372072219848633 32.5
      vertex 21.57816505432129 -19.38225746154785 32.5
    endloop
  endfacet
  facet normal 0 0 1
    outer loop
      vertex 19.141063690185547 -19.141063690185547 32.5
      vertex 20.372072219848633 -20.372072219848633 32.5
      vertex 20.61096954345703 -17.93474578857422 32.5
    endloop
  endfacet
  facet normal 0 0 1
    outer loop
      vertex 18.87579917907715 -19.464290618896484 32.5
      vertex 20.372072219848633 -20.372072219848633 32.5
      vertex 19.141063690185547 -19.141063690185547 32.5
    endloop
  endfacet
  facet normal 0 0 1
    outer loop
      vertex 20.372072219848633 -20.372072219848633 32.5
      vertex 18.87579917907715 -19.464290618896484 32.5
      vertex 20.279876708984375 -20.484413146972656 32.5
    endloop
  endfacet
  facet normal -0.4713966861266102 -0.8819212914477403 0
    outer loop
      vertex 20.61096954345703 -34.06525421142578 32.5
      vertex 21.984317779541016 -34.79932403564453 31.5
      vertex 21.984317779541016 -34.79932403564453 32.5
    endloop
  endfacet
  facet normal -0.47139668612661023 -0.8819212914477403 0
    outer loop
      vertex 20.61096954345703 -34.06525421142578 31
      vertex 21.984317779541016 -34.79932403564453 31.5
      vertex 20.61096954345703 -34.06525421142578 32.5
    endloop
  endfacet
  facet normal -0.47139728677458853 -0.8819209703919377 0.000002121152436385768
    outer loop
      vertex 22.28797149658203 -34.961631774902344 31
      vertex 21.984317779541016 -34.79932403564453 31.5
      vertex 20.61096954345703 -34.06525421142578 31
    endloop
  endfacet
  facet normal -0.4714000033497069 -0.8819195183472788 0
    outer loop
      vertex 21.984317779541016 -34.79932403564453 31.5
      vertex 22.28797149658203 -34.961631774902344 31
      vertex 22.28797149658203 -34.961631774902344 31.5
    endloop
  endfacet
  facet normal -0.9569404499134926 0.29028430084894774 0
    outer loop
      vertex 16.48638343811035 -24.107624053955078 31
      vertex 17.038368225097656 -22.28797149658203 32.5
      vertex 17.038368225097656 -22.28797149658203 31
    endloop
  endfacet
  facet normal -0.9569404499134926 0.29028430084894774 0
    outer loop
      vertex 17.038368225097656 -22.28797149658203 32.5
      vertex 16.48638343811035 -24.107624053955078 31
      vertex 16.48638343811035 -24.107624053955078 32.5
    endloop
  endfacet
  facet normal -0.6343924493164845 0.773011138503341 0
    outer loop
      vertex 20.61096954345703 -17.93474578857422 31
      vertex 19.141063690185547 -19.141063690185547 32.5
      vertex 20.61096954345703 -17.93474578857422 32.5
    endloop
  endfacet
  facet normal -0.6343924493164845 0.773011138503341 0
    outer loop
      vertex 19.141063690185547 -19.141063690185547 32.5
      vertex 20.61096954345703 -17.93474578857422 31
      vertex 19.141063690185547 -19.141063690185547 31
    endloop
  endfacet
  facet normal -0.29028341576297445 -0.9569407184005602 0
    outer loop
      vertex 22.28797149658203 -34.961631774902344 31.5
      vertex 22.28797149658203 -34.961631774902344 31
      vertex 24.069231033325195 -35.50196838378906 31.5
    endloop
  endfacet
  facet normal -0.29036889574334673 -0.9569147842858262 0
    outer loop
      vertex 24.069231033325195 -35.50196838378906 31.5
      vertex 24.107624053955078 -35.51361846923828 32.5
      vertex 24.069231033325195 -35.50196838378906 32.5
    endloop
  endfacet
  facet normal -0.2903688957433468 -0.9569147842858263 0
    outer loop
      vertex 24.069231033325195 -35.50196838378906 31.5
      vertex 24.107624053955078 -35.51361846923828 31
      vertex 24.107624053955078 -35.51361846923828 32.5
    endloop
  endfacet
  facet normal -0.2902852193777515 -0.9569401712550145 0.000007016697581747349
    outer loop
      vertex 24.107624053955078 -35.51361846923828 31
      vertex 24.069231033325195 -35.50196838378906 31.5
      vertex 22.28797149658203 -34.961631774902344 31
    endloop
  endfacet
  facet normal 0.4714000033497069 -0.8819195183472788 0
    outer loop
      vertex 29.71202850341797 -34.961631774902344 31.5
      vertex 29.71202850341797 -34.961631774902344 31
      vertex 30.015682220458984 -34.79932403564453 31.5
    endloop
  endfacet
  facet normal 0.4713966861266102 -0.8819212914477403 0
    outer loop
      vertex 30.015682220458984 -34.79932403564453 31.5
      vertex 31.38903045654297 -34.06525421142578 32.5
      vertex 30.015682220458984 -34.79932403564453 32.5
    endloop
  endfacet
  facet normal 0.47139728677458853 -0.8819209703919377 0.000002121152436385768
    outer loop
      vertex 31.38903045654297 -34.06525421142578 31
      vertex 30.015682220458984 -34.79932403564453 31.5
      vertex 29.71202850341797 -34.961631774902344 31
    endloop
  endfacet
  facet normal 0.47139668612661023 -0.8819212914477403 0
    outer loop
      vertex 30.015682220458984 -34.79932403564453 31.5
      vertex 31.38903045654297 -34.06525421142578 31
      vertex 31.38903045654297 -34.06525421142578 32.5
    endloop
  endfacet
  facet normal 1 0 0
    outer loop
      vertex 36 24.900001525878906 35.5
      vertex 36 27.099998474121094 31.5
      vertex 36 27.099998474121094 35.5
    endloop
  endfacet
  facet normal 1 0 0
    outer loop
      vertex 36 27.099998474121094 31.5
      vertex 36 24.900001525878906 35.5
      vertex 36 24.900001525878906 31.5
    endloop
  endfacet
  facet normal 0 0 1
    outer loop
      vertex 33.79999923706055 27.099998474121094 35.5
      vertex 36 24.900001525878906 35.5
      vertex 36 27.099998474121094 35.5
    endloop
  endfacet
  facet normal 0 0 1
    outer loop
      vertex 36 24.900001525878906 35.5
      vertex 33.79999923706055 27.099998474121094 35.5
      vertex 33.79999923706055 24.900001525878906 35.5
    endloop
  endfacet
  facet normal 0 0 -1
    outer loop
      vertex 36 24.900001525878906 31.5
      vertex 35.70000076293945 26 31.5
      vertex 36 27.099998474121094 31.5
    endloop
  endfacet
  facet normal 0 0 -1
    outer loop
      vertex 35.70000076293945 26 31.5
      vertex 36 24.900001525878906 31.5
      vertex 35.59165954589844 24.900001525878906 31.5
    endloop
  endfacet
  facet normal 0 0 -1
    outer loop
      vertex 36 27.099998474121094 31.5
      vertex 35.70000076293945 26 31.5
      vertex 35.59165954589844 27.099998474121094 31.5
    endloop
  endfacet
  facet normal -1 0 0
    outer loop
      vertex 33.79999923706055 26 32.66990280151367
      vertex 33.79999923706055 27.099998474121094 35.5
      vertex 33.79999923706055 27.099998474121094 32.55419921875
    endloop
  endfacet
  facet normal -1 0 0
    outer loop
      vertex 33.79999923706055 24.900001525878906 35.5
      vertex 33.79999923706055 26 32.66990280151367
      vertex 33.79999923706055 24.900001525878906 32.55419921875
    endloop
  endfacet
  facet normal -1 0 0
    outer loop
      vertex 33.79999923706055 26 32.66990280151367
      vertex 33.79999923706055 24.900001525878906 35.5
      vertex 33.79999923706055 27.099998474121094 35.5
    endloop
  endfacet
  facet normal 0 1 0
    outer loop
      vertex 35.59165954589844 27.099998474121094 32.5
      vertex 33.79999923706055 27.099998474121094 35.5
      vertex 36 27.099998474121094 35.5
    endloop
  endfacet
  facet normal 0 1 0
    outer loop
      vertex 33.79999923706055 27.099998474121094 35.5
      vertex 35.59165954589844 27.099998474121094 32.5
      vertex 33.79999923706055 27.099998474121094 32.55419921875
    endloop
  endfacet
  facet normal 0 1 0
    outer loop
      vertex 36 27.099998474121094 31.5
      vertex 35.59165954589844 27.099998474121094 32.5
      vertex 36 27.099998474121094 35.5
    endloop
  endfacet
  facet normal 0 1 0
    outer loop
      vertex 35.59165954589844 27.099998474121094 32.5
      vertex 36 27.099998474121094 31.5
      vertex 35.59165954589844 27.099998474121094 31.5
    endloop
  endfacet
  facet normal 0 1 0
    outer loop
      vertex 33.79999923706055 27.099998474121094 32.55419921875
      vertex 35.59165954589844 27.099998474121094 32.5
      vertex 33.85074996948242 27.099998474121094 32.5
    endloop
  endfacet
  facet normal 0 -1 0
    outer loop
      vertex 35.59165954589844 24.900001525878906 32.5
      vertex 33.79999923706055 24.900001525878906 35.5
      vertex 33.79999923706055 24.900001525878906 32.55419921875
    endloop
  endfacet
  facet normal 0 -1 0
    outer loop
      vertex 35.59165954589844 24.900001525878906 32.5
      vertex 33.79999923706055 24.900001525878906 32.55419921875
      vertex 33.85074996948242 24.900001525878906 32.5
    endloop
  endfacet
  facet normal 0 -1 0
    outer loop
      vertex 33.79999923706055 24.900001525878906 35.5
      vertex 35.59165954589844 24.900001525878906 32.5
      vertex 36 24.900001525878906 35.5
    endloop
  endfacet
  facet normal 0 -1 0
    outer loop
      vertex 36 24.900001525878906 31.5
      vertex 35.59165954589844 24.900001525878906 32.5
      vertex 35.59165954589844 24.900001525878906 31.5
    endloop
  endfacet
  facet normal 0 -1 0
    outer loop
      vertex 35.59165954589844 24.900001525878906 32.5
      vertex 36 24.900001525878906 31.5
      vertex 36 24.900001525878906 35.5
    endloop
  endfacet
  facet normal 0 0 1
    outer loop
      vertex 33.443603515625 32.76776885986328 35.5
      vertex 32.95689392089844 29.694805145263672 35.5
      vertex 34.736732482910156 30.987934112548828 35.5
    endloop
  endfacet
  facet normal 0 0 1
    outer loop
      vertex 32.95689392089844 29.694805145263672 35.5
      vertex 33.443603515625 32.76776885986328 35.5
      vertex 31.663768768310547 31.47464370727539 35.5
    endloop
  endfacet
  facet normal -0.8090172459641407 -0.5877849060095004 0
    outer loop
      vertex 32.4904670715332 30.336790084838867 32.663475036621094
      vertex 31.663768768310547 31.47464370727539 35.5
      vertex 31.663768768310547 31.47464370727539 32.57461929321289
    endloop
  endfacet
  facet normal -0.8090184994402555 -0.5877831807422166 0
    outer loop
      vertex 32.95689392089844 29.694805145263672 35.5
      vertex 32.4904670715332 30.336790084838867 32.663475036621094
      vertex 32.95689392089844 29.694805145263672 32.54679870605469
    endloop
  endfacet
  facet normal -0.8090176980908999 -0.5877842837092159 -3.8140297426276614e-7
    outer loop
      vertex 32.4904670715332 30.336790084838867 32.663475036621094
      vertex 32.95689392089844 29.694805145263672 35.5
      vertex 31.663768768310547 31.47464370727539 35.5
    endloop
  endfacet
  facet normal -0.5877851082533898 0.8090170990253517 3.940951628484352e-7
    outer loop
      vertex 33.12419891357422 32.535709381103516 32.5
      vertex 31.663768768310547 31.47464370727539 35.5
      vertex 33.443603515625 32.76776885986328 35.5
    endloop
  endfacet
  facet normal -0.5877856381079778 0.8090167140634348 0
    outer loop
      vertex 31.663768768310547 31.47464370727539 35.5
      vertex 33.12419891357422 32.535709381103516 32.5
      vertex 31.663768768310547 31.47464370727539 32.57461929321289
    endloop
  endfacet
  facet normal -0.5877826855625318 0.8090188592071867 0
    outer loop
      vertex 33.443603515625 32.76776885986328 31.5
      vertex 33.12419891357422 32.535709381103516 32.5
      vertex 33.443603515625 32.76776885986328 35.5
    endloop
  endfacet
  facet normal -0.5877826855625318 0.8090188592071867 0
    outer loop
      vertex 33.12419891357422 32.535709381103516 32.5
      vertex 33.443603515625 32.76776885986328 31.5
      vertex 33.12419891357422 32.535709381103516 31.5
    endloop
  endfacet
  facet normal -0.5877859596527972 0.8090164803899689 -0.000009615966731657395
    outer loop
      vertex 31.663768768310547 31.47464370727539 32.57461929321289
      vertex 33.12419891357422 32.535709381103516 32.5
      vertex 31.720123291015625 31.515586853027344 32.5
    endloop
  endfacet
  facet normal 0 0 -1
    outer loop
      vertex 34.06525421142578 31.38903045654297 31.5
      vertex 34.736732482910156 30.987934112548828 31.5
      vertex 34.407501220703125 30.74873161315918 31.5
    endloop
  endfacet
  facet normal 0 0 -1
    outer loop
      vertex 34.06525421142578 31.38903045654297 31.5
      vertex 33.443603515625 32.76776885986328 31.5
      vertex 34.736732482910156 30.987934112548828 31.5
    endloop
  endfacet
  facet normal 0 0 -1
    outer loop
      vertex 33.443603515625 32.76776885986328 31.5
      vertex 34.06525421142578 31.38903045654297 31.5
      vertex 33.12419891357422 32.535709381103516 31.5
    endloop
  endfacet
  facet normal 0.5877847314564968 -0.8090173727841782 0
    outer loop
      vertex 34.407501220703125 30.74873161315918 32.5
      vertex 32.95689392089844 29.694805145263672 35.5
      vertex 32.95689392089844 29.694805145263672 32.54679870605469
    endloop
  endfacet
  facet normal 0.5877853663519619 -0.8090169109466476 0.00003008046401716545
    outer loop
      vertex 34.407501220703125 30.74873161315918 32.5
      vertex 32.95689392089844 29.694805145263672 32.54679870605469
      vertex 32.992515563964844 29.720684051513672 32.5
    endloop
  endfacet
  facet normal 0.5877854185968309 -0.8090168735475735 5.076431519673326e-7
    outer loop
      vertex 32.95689392089844 29.694805145263672 35.5
      vertex 34.407501220703125 30.74873161315918 32.5
      vertex 34.736732482910156 30.987934112548828 35.5
    endloop
  endfacet
  facet normal 0.5877884461523698 -0.8090146738902717 0
    outer loop
      vertex 34.736732482910156 30.987934112548828 31.5
      vertex 34.407501220703125 30.74873161315918 32.5
      vertex 34.407501220703125 30.74873161315918 31.5
    endloop
  endfacet
  facet normal 0.5877884461523698 -0.8090146738902717 0
    outer loop
      vertex 34.407501220703125 30.74873161315918 32.5
      vertex 34.736732482910156 30.987934112548828 31.5
      vertex 34.736732482910156 30.987934112548828 35.5
    endloop
  endfacet
  facet normal 0.8090162744804307 0.5877862431409946 0
    outer loop
      vertex 34.736732482910156 30.987934112548828 35.5
      vertex 33.443603515625 32.76776885986328 31.5
      vertex 33.443603515625 32.76776885986328 35.5
    endloop
  endfacet
  facet normal 0.8090162744804307 0.5877862431409946 0
    outer loop
      vertex 33.443603515625 32.76776885986328 31.5
      vertex 34.736732482910156 30.987934112548828 35.5
      vertex 34.736732482910156 30.987934112548828 31.5
    endloop
  endfacet
  facet normal 0 0 1
    outer loop
      vertex 28.04400634765625 35.85048294067383 35.5
      vertex 29.456493377685547 33.07832336425781 35.5
      vertex 30.13633155822754 35.17064666748047 35.5
    endloop
  endfacet
  facet normal 0 0 1
    outer loop
      vertex 29.456493377685547 33.07832336425781 35.5
      vertex 28.04400634765625 35.85048294067383 35.5
      vertex 27.36417007446289 33.75815963745117 35.5
    endloop
  endfacet
  facet normal -0.3090166741331022 -0.9510566203476992 7.269385512102819e-7
    outer loop
      vertex 27.36417007446289 33.75815963745117 35.5
      vertex 28.994159698486328 33.22854232788086 32.64414596557617
      vertex 29.456493377685547 33.07832336425781 35.5
    endloop
  endfacet
  facet normal -0.30901744432100176 -0.9510563700986701 2.409422483098536e-7
    outer loop
      vertex 27.36417007446289 33.75815963745117 35.5
      vertex 27.532325744628906 33.703521728515625 32.611759185791016
      vertex 28.994159698486328 33.22854232788086 32.64414596557617
    endloop
  endfacet
  facet normal -0.30902118755113817 -0.9510551538393998 0
    outer loop
      vertex 27.532325744628906 33.703521728515625 32.611759185791016
      vertex 27.36417007446289 33.75815963745117 35.5
      vertex 27.36417007446289 33.75815963745117 32.57109832763672
    endloop
  endfacet
  facet normal -0.309012612582975 -0.9510579400145105 0
    outer loop
      vertex 29.456493377685547 33.07832336425781 35.5
      vertex 28.994159698486328 33.22854232788086 32.64414596557617
      vertex 29.456493377685547 33.07832336425781 32.55243682861328
    endloop
  endfacet
  facet normal -0.9510580103908232 0.30901239598347646 0
    outer loop
      vertex 27.930768966674805 35.50196838378906 32.5
      vertex 28.04400634765625 35.85048294067383 31.5
      vertex 27.930768966674805 35.50196838378906 31.5
    endloop
  endfacet
  facet normal -0.9510580103908232 0.30901239598347646 0
    outer loop
      vertex 28.04400634765625 35.85048294067383 31.5
      vertex 27.930768966674805 35.50196838378906 32.5
      vertex 28.04400634765625 35.85048294067383 35.5
    endloop
  endfacet
  facet normal -0.9510564043797003 0.3090173387719631 -0.0000051623151823012624
    outer loop
      vertex 27.36417007446289 33.75815963745117 32.57109832763672
      vertex 27.930768966674805 35.50196838378906 32.5
      vertex 27.385129928588867 33.82266616821289 32.5
    endloop
  endfacet
  facet normal -0.9510563425346003 0.30901752915443004 0
    outer loop
      vertex 27.36417007446289 33.75815963745117 35.5
      vertex 27.930768966674805 35.50196838378906 32.5
      vertex 27.36417007446289 33.75815963745117 32.57109832763672
    endloop
  endfacet
  facet normal -0.9510566203478069 0.30901667413313716 -5.494674213042158e-7
    outer loop
      vertex 27.930768966674805 35.50196838378906 32.5
      vertex 27.36417007446289 33.75815963745117 35.5
      vertex 28.04400634765625 35.85048294067383 35.5
    endloop
  endfacet
  facet normal 0 0 -1
    outer loop
      vertex 29.71202850341797 34.961631774902344 31.5
      vertex 30.13633155822754 35.17064666748047 31.5
      vertex 30.015682220458984 34.79932403564453 31.5
    endloop
  endfacet
  facet normal 0 0 -1
    outer loop
      vertex 29.71202850341797 34.961631774902344 31.5
      vertex 28.04400634765625 35.85048294067383 31.5
      vertex 30.13633155822754 35.17064666748047 31.5
    endloop
  endfacet
  facet normal 0 0 -1
    outer loop
      vertex 28.04400634765625 35.85048294067383 31.5
      vertex 29.71202850341797 34.961631774902344 31.5
      vertex 27.930768966674805 35.50196838378906 31.5
    endloop
  endfacet
  facet normal 0.95105704243654 -0.30901537507357374 0
    outer loop
      vertex 30.13633155822754 35.17064666748047 35.5
      vertex 30.015682220458984 34.79932403564453 32.5
      vertex 30.13633155822754 35.17064666748047 31.5
    endloop
  endfacet
  facet normal 0.9510563655496945 -0.3090174583212485 2.850743196671645e-7
    outer loop
      vertex 29.456493377685547 33.07832336425781 35.5
      vertex 30.015682220458984 34.79932403564453 32.5
      vertex 30.13633155822754 35.17064666748047 35.5
    endloop
  endfacet
  facet normal 0.9510562195043496 -0.3090179078016261 0
    outer loop
      vertex 30.015682220458984 34.79932403564453 32.5
      vertex 29.456493377685547 33.07832336425781 35.5
      vertex 29.456493377685547 33.07832336425781 32.55243682861328
    endloop
  endfacet
  facet normal 0.951056493320448 -0.3090170635659569 0.00003062818829991117
    outer loop
      vertex 30.015682220458984 34.79932403564453 32.5
      vertex 29.456493377685547 33.07832336425781 32.55243682861328
      vertex 29.471832275390625 33.125526428222656 32.5
    endloop
  endfacet
  facet normal 0.95105704243654 -0.30901537507357374 0
    outer loop
      vertex 30.13633155822754 35.17064666748047 31.5
      vertex 30.015682220458984 34.79932403564453 32.5
      vertex 30.015682220458984 34.79932403564453 31.5
    endloop
  endfacet
  facet normal 0.3090164193354205 0.9510567031366298 0
    outer loop
      vertex 30.13633155822754 35.17064666748047 31.5
      vertex 28.04400634765625 35.85048294067383 35.5
      vertex 30.13633155822754 35.17064666748047 35.5
    endloop
  endfacet
  facet normal 0.3090164193354205 0.9510567031366298 0
    outer loop
      vertex 28.04400634765625 35.85048294067383 35.5
      vertex 30.13633155822754 35.17064666748047 31.5
      vertex 28.04400634765625 35.85048294067383 31.5
    endloop
  endfacet
  facet normal 0 0 1
    outer loop
      vertex 23.95599365234375 35.85048294067383 35.5
      vertex 22.543506622314453 33.07832336425781 35.5
      vertex 24.63582992553711 33.75815963745117 35.5
    endloop
  endfacet
  facet normal 0 0 1
    outer loop
      vertex 22.543506622314453 33.07832336425781 35.5
      vertex 23.95599365234375 35.85048294067383 35.5
      vertex 21.86366844177246 35.17064666748047 35.5
    endloop
  endfacet
  facet normal 0.309016674133142 -0.9510566203478217 5.205545680587202e-7
    outer loop
      vertex 22.543506622314453 33.07832336425781 35.5
      vertex 23.00583839416504 33.22854232788086 32.64414596557617
      vertex 24.63582992553711 33.75815963745117 35.5
    endloop
  endfacet
  facet normal 0.3090137656810401 -0.951057565355338 0
    outer loop
      vertex 23.00583839416504 33.22854232788086 32.64414596557617
      vertex 22.543506622314453 33.07832336425781 35.5
      vertex 22.543506622314453 33.07832336425781 32.55243682861328
    endloop
  endfacet
  facet normal 0.3090170800981052 -0.9510564884419702 2.643863376593256e-7
    outer loop
      vertex 24.467674255371094 33.703521728515625 32.611759185791016
      vertex 24.63582992553711 33.75815963745117 35.5
      vertex 23.00583839416504 33.22854232788086 32.64414596557617
    endloop
  endfacet
  facet normal 0.30902118755113817 -0.9510551538393998 0
    outer loop
      vertex 24.63582992553711 33.75815963745117 35.5
      vertex 24.467674255371094 33.703521728515625 32.611759185791016
      vertex 24.63582992553711 33.75815963745117 32.57109832763672
    endloop
  endfacet
  facet normal -0.95105704243654 -0.30901537507357374 0
    outer loop
      vertex 21.984317779541016 34.79932403564453 32.5
      vertex 21.86366844177246 35.17064666748047 31.5
      vertex 21.984317779541016 34.79932403564453 31.5
    endloop
  endfacet
  facet normal -0.95105704243654 -0.30901537507357374 0
    outer loop
      vertex 21.86366844177246 35.17064666748047 31.5
      vertex 21.984317779541016 34.79932403564453 32.5
      vertex 21.86366844177246 35.17064666748047 35.5
    endloop
  endfacet
  facet normal -0.9510562867590527 -0.3090177007221876 0.000007513649140062399
    outer loop
      vertex 22.543506622314453 33.07832336425781 32.55243682861328
      vertex 21.984317779541016 34.79932403564453 32.5
      vertex 22.528167724609375 33.12553024291992 32.5
    endloop
  endfacet
  facet normal -0.9510562195043496 -0.3090179078016261 0
    outer loop
      vertex 22.543506622314453 33.07832336425781 35.5
      vertex 21.984317779541016 34.79932403564453 32.5
      vertex 22.543506622314453 33.07832336425781 32.55243682861328
    endloop
  endfacet
  facet normal -0.9510563655496945 -0.3090174583212485 2.850743196671645e-7
    outer loop
      vertex 21.984317779541016 34.79932403564453 32.5
      vertex 22.543506622314453 33.07832336425781 35.5
      vertex 21.86366844177246 35.17064666748047 35.5
    endloop
  endfacet
  facet normal 0 0 -1
    outer loop
      vertex 22.28797149658203 34.961631774902344 31.5
      vertex 23.95599365234375 35.85048294067383 31.5
      vertex 24.069231033325195 35.50196838378906 31.5
    endloop
  endfacet
  facet normal 0 0 -1
    outer loop
      vertex 22.28797149658203 34.961631774902344 31.5
      vertex 21.86366844177246 35.17064666748047 31.5
      vertex 23.95599365234375 35.85048294067383 31.5
    endloop
  endfacet
  facet normal 0 0 -1
    outer loop
      vertex 21.86366844177246 35.17064666748047 31.5
      vertex 22.28797149658203 34.961631774902344 31.5
      vertex 21.984317779541016 34.79932403564453 31.5
    endloop
  endfacet
  facet normal 0.9510580103908232 0.30901239598347646 0
    outer loop
      vertex 23.95599365234375 35.85048294067383 35.5
      vertex 24.069231033325195 35.50196838378906 32.5
      vertex 23.95599365234375 35.85048294067383 31.5
    endloop
  endfacet
  facet normal 0.9510566203478069 0.30901667413313716 -5.494674213042158e-7
    outer loop
      vertex 24.63582992553711 33.75815963745117 35.5
      vertex 24.069231033325195 35.50196838378906 32.5
      vertex 23.95599365234375 35.85048294067383 35.5
    endloop
  endfacet
  facet normal 0.9510563425346003 0.30901752915443004 0
    outer loop
      vertex 24.069231033325195 35.50196838378906 32.5
      vertex 24.63582992553711 33.75815963745117 35.5
      vertex 24.63582992553711 33.75815963745117 32.57109832763672
    endloop
  endfacet
  facet normal 0.9510564043797003 0.3090173387719631 -0.0000051623151823012624
    outer loop
      vertex 24.069231033325195 35.50196838378906 32.5
      vertex 24.63582992553711 33.75815963745117 32.57109832763672
      vertex 24.614870071411133 33.82266616821289 32.5
    endloop
  endfacet
  facet normal 0.9510580103908232 0.30901239598347646 0
    outer loop
      vertex 23.95599365234375 35.85048294067383 31.5
      vertex 24.069231033325195 35.50196838378906 32.5
      vertex 24.069231033325195 35.50196838378906 31.5
    endloop
  endfacet
  facet normal -0.3090164193354205 0.9510567031366298 0
    outer loop
      vertex 23.95599365234375 35.85048294067383 31.5
      vertex 21.86366844177246 35.17064666748047 35.5
      vertex 23.95599365234375 35.85048294067383 35.5
    endloop
  endfacet
  facet normal -0.3090164193354205 0.9510567031366298 0
    outer loop
      vertex 21.86366844177246 35.17064666748047 35.5
      vertex 23.95599365234375 35.85048294067383 31.5
      vertex 21.86366844177246 35.17064666748047 31.5
    endloop
  endfacet
  facet normal 0 0 1
    outer loop
      vertex 18.556394577026367 32.76776885986328 35.5
      vertex 19.04310417175293 29.694805145263672 35.5
      vertex 20.336231231689453 31.47464370727539 35.5
    endloop
  endfacet
  facet normal 0 0 1
    outer loop
      vertex 19.04310417175293 29.694805145263672 35.5
      vertex 18.556394577026367 32.76776885986328 35.5
      vertex 17.263267517089844 30.987934112548828 35.5
    endloop
  endfacet
  facet normal 0.8090172459641406 -0.5877849060095004 0
    outer loop
      vertex 20.336231231689453 31.47464370727539 35.5
      vertex 19.509532928466797 30.336790084838867 32.663475036621094
      vertex 20.336231231689453 31.47464370727539 32.574623107910156
    endloop
  endfacet
  facet normal 0.8090172858193067 -0.587784851153516 -3.36208141425025e-8
    outer loop
      vertex 19.04310417175293 29.694805145263672 35.5
      vertex 19.509532928466797 30.336790084838867 32.663475036621094
      vertex 20.336231231689453 31.47464370727539 35.5
    endloop
  endfacet
  facet normal 0.8090173564585748 -0.5877847539267919 0
    outer loop
      vertex 19.509532928466797 30.336790084838867 32.663475036621094
      vertex 19.04310417175293 29.694805145263672 35.5
      vertex 19.04310417175293 29.694805145263672 32.54680252075195
    endloop
  endfacet
  facet normal -0.5877858308686812 -0.8090165740142915 4.3851585484536994e-7
    outer loop
      vertex 17.592498779296875 30.74873161315918 32.5
      vertex 19.04310417175293 29.694805145263672 35.5
      vertex 17.263267517089844 30.987934112548828 35.5
    endloop
  endfacet
  facet normal -0.5877852372980412 -0.8090170052690395 0
    outer loop
      vertex 19.04310417175293 29.694805145263672 35.5
      vertex 17.592498779296875 30.74873161315918 32.5
      vertex 19.04310417175293 29.694805145263672 32.54680252075195
    endloop
  endfacet
  facet normal -0.5877884461523698 -0.8090146738902717 0
    outer loop
      vertex 17.263267517089844 30.987934112548828 31.5
      vertex 17.592498779296875 30.74873161315918 32.5
      vertex 17.263267517089844 30.987934112548828 35.5
    endloop
  endfacet
  facet normal -0.5877884461523698 -0.8090146738902717 0
    outer loop
      vertex 17.592498779296875 30.74873161315918 32.5
      vertex 17.263267517089844 30.987934112548828 31.5
      vertex 17.592498779296875 30.74873161315918 31.5
    endloop
  endfacet
  facet normal -0.5877848479428401 -0.8090172879420018 -0.000018433136868630807
    outer loop
      vertex 19.04310417175293 29.694805145263672 32.54680252075195
      vertex 17.592498779296875 30.74873161315918 32.5
      vertex 19.00748634338379 29.720684051513672 32.5
    endloop
  endfacet
  facet normal 0 0 -1
    outer loop
      vertex 17.93474578857422 31.38903045654297 31.5
      vertex 18.556394577026367 32.76776885986328 31.5
      vertex 18.87579917907715 32.535709381103516 31.5
    endloop
  endfacet
  facet normal 0 0 -1
    outer loop
      vertex 17.263267517089844 30.987934112548828 31.5
      vertex 17.93474578857422 31.38903045654297 31.5
      vertex 17.592498779296875 30.74873161315918 31.5
    endloop
  endfacet
  facet normal 0 0 -1
    outer loop
      vertex 17.93474578857422 31.38903045654297 31.5
      vertex 17.263267517089844 30.987934112548828 31.5
      vertex 18.556394577026367 32.76776885986328 31.5
    endloop
  endfacet
  facet normal 0.5877851356693985 0.8090170791065581 0
    outer loop
      vertex 18.87579917907715 32.535709381103516 32.5
      vertex 20.336231231689453 31.47464370727539 35.5
      vertex 20.336231231689453 31.47464370727539 32.574623107910156
    endloop
  endfacet
  facet normal 0.5877854370514819 0.8090168600894382 -0.000009012484490446893
    outer loop
      vertex 18.87579917907715 32.535709381103516 32.5
      vertex 20.336231231689453 31.47464370727539 32.574623107910156
      vertex 20.279876708984375 31.515586853027344 32.5
    endloop
  endfacet
  facet normal 0.5877846959811027 0.8090173985584584 3.270314420436177e-7
    outer loop
      vertex 20.336231231689453 31.47464370727539 35.5
      vertex 18.87579917907715 32.535709381103516 32.5
      vertex 18.556394577026367 32.76776885986328 35.5
    endloop
  endfacet
  facet normal 0.5877826855625318 0.8090188592071867 0
    outer loop
      vertex 18.556394577026367 32.76776885986328 31.5
      vertex 18.87579917907715 32.535709381103516 32.5
      vertex 18.87579917907715 32.535709381103516 31.5
    endloop
  endfacet
  facet normal 0.5877826855625318 0.8090188592071867 0
    outer loop
      vertex 18.87579917907715 32.535709381103516 32.5
      vertex 18.556394577026367 32.76776885986328 31.5
      vertex 18.556394577026367 32.76776885986328 35.5
    endloop
  endfacet
  facet normal -0.8090166867529115 0.5877856756976487 0
    outer loop
      vertex 17.263267517089844 30.987934112548828 31.5
      vertex 18.556394577026367 32.76776885986328 35.5
      vertex 18.556394577026367 32.76776885986328 31.5
    endloop
  endfacet
  facet normal -0.8090166867529115 0.5877856756976487 0
    outer loop
      vertex 18.556394577026367 32.76776885986328 35.5
      vertex 17.263267517089844 30.987934112548828 31.5
      vertex 17.263267517089844 30.987934112548828 35.5
    endloop
  endfacet
  facet normal 0 0 1
    outer loop
      vertex 16 27.099998474121094 35.5
      vertex 18.200000762939453 24.900001525878906 35.5
      vertex 18.200000762939453 27.099998474121094 35.5
    endloop
  endfacet
  facet normal 0 0 1
    outer loop
      vertex 18.200000762939453 24.900001525878906 35.5
      vertex 16 27.099998474121094 35.5
      vertex 16 24.900001525878906 35.5
    endloop
  endfacet
  facet normal 1 0 0
    outer loop
      vertex 18.200000762939453 27.099998474121094 35.5
      vertex 18.200000762939453 26 32.66990280151367
      vertex 18.200000762939453 27.099998474121094 32.55419921875
    endloop
  endfacet
  facet normal 1 0 0
    outer loop
      vertex 18.200000762939453 24.900001525878906 35.5
      vertex 18.200000762939453 26 32.66990280151367
      vertex 18.200000762939453 27.099998474121094 35.5
    endloop
  endfacet
  facet normal 1 0 0
    outer loop
      vertex 18.200000762939453 26 32.66990280151367
      vertex 18.200000762939453 24.900001525878906 35.5
      vertex 18.200000762939453 24.900001525878906 32.55419921875
    endloop
  endfacet
  facet normal 0 -1 0
    outer loop
      vertex 16.408340454101562 24.900001525878906 32.5
      vertex 18.200000762939453 24.900001525878906 35.5
      vertex 16 24.900001525878906 35.5
    endloop
  endfacet
  facet normal 0 -1 0
    outer loop
      vertex 18.200000762939453 24.900001525878906 35.5
      vertex 16.408340454101562 24.900001525878906 32.5
      vertex 18.200000762939453 24.900001525878906 32.55419921875
    endloop
  endfacet
  facet normal 0 -1 0
    outer loop
      vertex 16 24.900001525878906 31.5
      vertex 16.408340454101562 24.900001525878906 32.5
      vertex 16 24.900001525878906 35.5
    endloop
  endfacet
  facet normal 0 -1 0
    outer loop
      vertex 16.408340454101562 24.900001525878906 32.5
      vertex 16 24.900001525878906 31.5
      vertex 16.408340454101562 24.900001525878906 31.5
    endloop
  endfacet
  facet normal 0 -1 0
    outer loop
      vertex 18.200000762939453 24.900001525878906 32.55419921875
      vertex 16.408340454101562 24.900001525878906 32.5
      vertex 18.149250030517578 24.900001525878906 32.5
    endloop
  endfacet
  facet normal 0 0 -1
    outer loop
      vertex 16.408340454101562 24.900001525878906 31.5
      vertex 16 24.900001525878906 31.5
      vertex 16.299999237060547 26 31.5
    endloop
  endfacet
  facet normal 0 0 -1
    outer loop
      vertex 16 27.099998474121094 31.5
      vertex 16.299999237060547 26 31.5
      vertex 16 24.900001525878906 31.5
    endloop
  endfacet
  facet normal 0 0 -1
    outer loop
      vertex 16.299999237060547 26 31.5
      vertex 16 27.099998474121094 31.5
      vertex 16.408340454101562 27.099998474121094 31.5
    endloop
  endfacet
  facet normal 0 1 0
    outer loop
      vertex 16.408340454101562 27.099998474121094 32.5
      vertex 18.200000762939453 27.099998474121094 35.5
      vertex 18.200000762939453 27.099998474121094 32.55419921875
    endloop
  endfacet
  facet normal 0 1 0
    outer loop
      vertex 16.408340454101562 27.099998474121094 32.5
      vertex 18.200000762939453 27.099998474121094 32.55419921875
      vertex 18.149250030517578 27.099998474121094 32.5
    endloop
  endfacet
  facet normal 0 1 0
    outer loop
      vertex 18.200000762939453 27.099998474121094 35.5
      vertex 16.408340454101562 27.099998474121094 32.5
      vertex 16 27.099998474121094 35.5
    endloop
  endfacet
  facet normal 0 1 0
    outer loop
      vertex 16 27.099998474121094 31.5
      vertex 16.408340454101562 27.099998474121094 32.5
      vertex 16.408340454101562 27.099998474121094 31.5
    endloop
  endfacet
  facet normal 0 1 0
    outer loop
      vertex 16.408340454101562 27.099998474121094 32.5
      vertex 16 27.099998474121094 31.5
      vertex 16 27.099998474121094 35.5
    endloop
  endfacet
  facet normal -1 0 0
    outer loop
      vertex 16 24.900001525878906 31.5
      vertex 16 27.099998474121094 35.5
      vertex 16 27.099998474121094 31.5
    endloop
  endfacet
  facet normal -1 0 0
    outer loop
      vertex 16 27.099998474121094 35.5
      vertex 16 24.900001525878906 31.5
      vertex 16 24.900001525878906 35.5
    endloop
  endfacet
  facet normal -0.8090169862864244 -0.5877852634253697 0
    outer loop
      vertex 18.556394577026367 19.232229232788086 31.5
      vertex 17.263267517089844 21.012065887451172 35.5
      vertex 17.263267517089844 21.012065887451172 31.5
    endloop
  endfacet
  facet normal -0.8090169862864244 -0.5877852634253697 0
    outer loop
      vertex 17.263267517089844 21.012065887451172 35.5
      vertex 18.556394577026367 19.232229232788086 31.5
      vertex 18.556394577026367 19.232229232788086 35.5
    endloop
  endfacet
  facet normal 0 0 1
    outer loop
      vertex 19.04310417175293 22.305194854736328 35.5
      vertex 18.556394577026367 19.232229232788086 35.5
      vertex 20.336231231689453 20.52535629272461 35.5
    endloop
  endfacet
  facet normal 0 0 1
    outer loop
      vertex 18.556394577026367 19.232229232788086 35.5
      vertex 19.04310417175293 22.305194854736328 35.5
      vertex 17.263267517089844 21.012065887451172 35.5
    endloop
  endfacet
  facet normal 0 0 -1
    outer loop
      vertex 18.556394577026367 19.232229232788086 31.5
      vertex 17.93474578857422 20.61096954345703 31.5
      vertex 18.87579917907715 19.464290618896484 31.5
    endloop
  endfacet
  facet normal 0 0 -1
    outer loop
      vertex 17.263267517089844 21.012065887451172 31.5
      vertex 17.93474578857422 20.61096954345703 31.5
      vertex 18.556394577026367 19.232229232788086 31.5
    endloop
  endfacet
  facet normal 0 0 -1
    outer loop
      vertex 17.93474578857422 20.61096954345703 31.5
      vertex 17.263267517089844 21.012065887451172 31.5
      vertex 17.592498779296875 21.25126838684082 31.5
    endloop
  endfacet
  facet normal 0.8090181868798147 0.5877836109468324 0
    outer loop
      vertex 19.04310417175293 22.305194854736328 35.5
      vertex 19.509532928466797 21.6632080078125 32.663475036621094
      vertex 19.04310417175293 22.305194854736328 32.54680252075195
    endloop
  endfacet
  facet normal 0.8090172858192327 0.5877848511534624 -4.288616975155029e-7
    outer loop
      vertex 20.336231231689453 20.52535629272461 35.5
      vertex 19.509532928466797 21.6632080078125 32.663475036621094
      vertex 19.04310417175293 22.305194854736328 35.5
    endloop
  endfacet
  facet normal 0.8090167774323765 0.5877855508881895 0
    outer loop
      vertex 19.509532928466797 21.6632080078125 32.663475036621094
      vertex 20.336231231689453 20.52535629272461 35.5
      vertex 20.336231231689453 20.52535629272461 32.574623107910156
    endloop
  endfacet
  facet normal 0.5877852634253671 -0.8090169862864208 -9.502239099601715e-8
    outer loop
      vertex 18.87579917907715 19.464290618896484 32.5
      vertex 20.336231231689453 20.52535629272461 35.5
      vertex 18.556394577026367 19.232229232788086 35.5
    endloop
  endfacet
  facet normal 0.5877851356693985 -0.8090170791065581 0
    outer loop
      vertex 20.336231231689453 20.52535629272461 35.5
      vertex 18.87579917907715 19.464290618896484 32.5
      vertex 20.336231231689453 20.52535629272461 32.574623107910156
    endloop
  endfacet
  facet normal 0.5877858475707929 -0.8090165618795975 0
    outer loop
      vertex 18.556394577026367 19.232229232788086 31.5
      vertex 18.87579917907715 19.464290618896484 32.5
      vertex 18.556394577026367 19.232229232788086 35.5
    endloop
  endfacet
  facet normal 0.5877858475707929 -0.8090165618795975 0
    outer loop
      vertex 18.87579917907715 19.464290618896484 32.5
      vertex 18.556394577026367 19.232229232788086 31.5
      vertex 18.87579917907715 19.464290618896484 31.5
    endloop
  endfacet
  facet normal 0.5877854370514819 -0.8090168600894382 -0.000009012484490446893
    outer loop
      vertex 20.336231231689453 20.52535629272461 32.574623107910156
      vertex 18.87579917907715 19.464290618896484 32.5
      vertex 20.279876708984375 20.484413146972656 32.5
    endloop
  endfacet
  facet normal -0.5877852372980412 0.8090170052690395 0
    outer loop
      vertex 17.592498779296875 21.25126838684082 32.5
      vertex 19.04310417175293 22.305194854736328 35.5
      vertex 19.04310417175293 22.305194854736328 32.54680252075195
    endloop
  endfacet
  facet normal -0.5877853666068642 0.8090169112974905 0.0000061239261080110895
    outer loop
      vertex 17.592498779296875 21.25126838684082 32.5
      vertex 19.04310417175293 22.305194854736328 32.54680252075195
      vertex 19.007484436035156 22.279315948486328 32.5
    endloop
  endfacet
  facet normal -0.5877858308686812 0.8090165740142915 4.3851585484536994e-7
    outer loop
      vertex 19.04310417175293 22.305194854736328 35.5
      vertex 17.592498779296875 21.25126838684082 32.5
      vertex 17.263267517089844 21.012065887451172 35.5
    endloop
  endfacet
  facet normal -0.5877884461523698 0.8090146738902717 0
    outer loop
      vertex 17.263267517089844 21.012065887451172 31.5
      vertex 17.592498779296875 21.25126838684082 32.5
      vertex 17.592498779296875 21.25126838684082 31.5
    endloop
  endfacet
  facet normal -0.5877884461523698 0.8090146738902717 0
    outer loop
      vertex 17.592498779296875 21.25126838684082 32.5
      vertex 17.263267517089844 21.012065887451172 31.5
      vertex 17.263267517089844 21.012065887451172 35.5
    endloop
  endfacet
  facet normal -0.3090164193354205 -0.9510567031366298 0
    outer loop
      vertex 21.86366844177246 16.82935333251953 31.5
      vertex 23.95599365234375 16.149517059326172 35.5
      vertex 21.86366844177246 16.82935333251953 35.5
    endloop
  endfacet
  facet normal -0.3090164193354205 -0.9510567031366298 0
    outer loop
      vertex 23.95599365234375 16.149517059326172 35.5
      vertex 21.86366844177246 16.82935333251953 31.5
      vertex 23.95599365234375 16.149517059326172 31.5
    endloop
  endfacet
  facet normal 0 0 1
    outer loop
      vertex 22.543506622314453 18.92167854309082 35.5
      vertex 23.95599365234375 16.149517059326172 35.5
      vertex 24.63582992553711 18.241840362548828 35.5
    endloop
  endfacet
  facet normal 0 0 1
    outer loop
      vertex 23.95599365234375 16.149517059326172 35.5
      vertex 22.543506622314453 18.92167854309082 35.5
      vertex 21.86366844177246 16.82935333251953 35.5
    endloop
  endfacet
  facet normal 0 0 -1
    outer loop
      vertex 23.95599365234375 16.149517059326172 31.5
      vertex 22.28797149658203 17.038368225097656 31.5
      vertex 24.069231033325195 16.498029708862305 31.5
    endloop
  endfacet
  facet normal 0 0 -1
    outer loop
      vertex 22.28797149658203 17.038368225097656 31.5
      vertex 21.86366844177246 16.82935333251953 31.5
      vertex 21.984317779541016 17.20067596435547 31.5
    endloop
  endfacet
  facet normal 0 0 -1
    outer loop
      vertex 21.86366844177246 16.82935333251953 31.5
      vertex 22.28797149658203 17.038368225097656 31.5
      vertex 23.95599365234375 16.149517059326172 31.5
    endloop
  endfacet
  facet normal 0.30901745832126093 0.9510563655497329 2.5723440774192643e-8
    outer loop
      vertex 24.63582992553711 18.241840362548828 35.5
      vertex 23.00583839416504 18.77145767211914 32.64414596557617
      vertex 22.543506622314453 18.92167854309082 35.5
    endloop
  endfacet
  facet normal 0.3090170800981052 0.9510564884419702 2.643863376593256e-7
    outer loop
      vertex 24.63582992553711 18.241840362548828 35.5
      vertex 24.467674255371094 18.296478271484375 32.611759185791016
      vertex 23.00583839416504 18.77145767211914 32.64414596557617
    endloop
  endfacet
  facet normal 0.30902118755113817 0.9510551538393998 0
    outer loop
      vertex 24.467674255371094 18.296478271484375 32.611759185791016
      vertex 24.63582992553711 18.241840362548828 35.5
      vertex 24.63582992553711 18.241840362548828 32.57109832763672
    endloop
  endfacet
  facet normal 0.309017314599056 0.951056412247974 0
    outer loop
      vertex 22.543506622314453 18.92167854309082 35.5
      vertex 23.00583839416504 18.77145767211914 32.64414596557617
      vertex 22.543506622314453 18.92167854309082 32.55243682861328
    endloop
  endfacet
  facet normal 0.951056441869776 -0.30901722343261323 0
    outer loop
      vertex 24.069231033325195 16.498029708862305 32.5
      vertex 24.63582992553711 18.241840362548828 32.57109832763672
      vertex 24.63582992553711 18.241840362548828 35.5
    endloop
  endfacet
  facet normal 0.9510564043877212 -0.3090173387745692 0.0000031276660059417447
    outer loop
      vertex 24.63582992553711 18.241840362548828 32.57109832763672
      vertex 24.069231033325195 16.498029708862305 32.5
      vertex 24.614870071411133 18.177331924438477 32.5
    endloop
  endfacet
  facet normal 0.9510566203478913 -0.3090166741331646 -3.5299991099621206e-7
    outer loop
      vertex 23.95599365234375 16.149517059326172 35.5
      vertex 24.069231033325195 16.498029708862305 32.5
      vertex 24.63582992553711 18.241840362548828 35.5
    endloop
  endfacet
  facet normal 0.9510575133738786 -0.3090139256653247 0
    outer loop
      vertex 23.95599365234375 16.149517059326172 31.5
      vertex 24.069231033325195 16.498029708862305 32.5
      vertex 23.95599365234375 16.149517059326172 35.5
    endloop
  endfacet
  facet normal 0.9510575133738786 -0.3090139256653247 0
    outer loop
      vertex 24.069231033325195 16.498029708862305 32.5
      vertex 23.95599365234375 16.149517059326172 31.5
      vertex 24.069231033325195 16.498029708862305 31.5
    endloop
  endfacet
  facet normal -0.95105704243654 0.30901537507357374 0
    outer loop
      vertex 21.984317779541016 17.20067596435547 31.5
      vertex 21.86366844177246 16.82935333251953 31.5
      vertex 21.984317779541016 17.20067596435547 32.5
    endloop
  endfacet
  facet normal -0.9510563902472176 0.30901738221111946 0.000007830665026767654
    outer loop
      vertex 21.984317779541016 17.20067596435547 32.5
      vertex 22.543506622314453 18.92167854309082 32.55243682861328
      vertex 22.528167724609375 18.87447166442871 32.5
    endloop
  endfacet
  facet normal -0.951056320156226 0.309017598027844 0
    outer loop
      vertex 22.543506622314453 18.92167854309082 32.55243682861328
      vertex 21.984317779541016 17.20067596435547 32.5
      vertex 22.543506622314453 18.92167854309082 35.5
    endloop
  endfacet
  facet normal -0.9510564483387807 0.309017203522978 2.502073820663407e-7
    outer loop
      vertex 21.984317779541016 17.20067596435547 32.5
      vertex 21.86366844177246 16.82935333251953 35.5
      vertex 22.543506622314453 18.92167854309082 35.5
    endloop
  endfacet
  facet normal -0.95105704243654 0.30901537507357374 0
    outer loop
      vertex 21.86366844177246 16.82935333251953 35.5
      vertex 21.984317779541016 17.20067596435547 32.5
      vertex 21.86366844177246 16.82935333251953 31.5
    endloop
  endfacet
  facet normal 0.3090164193354205 -0.9510567031366298 0
    outer loop
      vertex 28.04400634765625 16.149517059326172 31.5
      vertex 30.13633155822754 16.82935333251953 35.5
      vertex 28.04400634765625 16.149517059326172 35.5
    endloop
  endfacet
  facet normal 0.3090164193354205 -0.9510567031366298 0
    outer loop
      vertex 30.13633155822754 16.82935333251953 35.5
      vertex 28.04400634765625 16.149517059326172 31.5
      vertex 30.13633155822754 16.82935333251953 31.5
    endloop
  endfacet
  facet normal 0 0 1
    outer loop
      vertex 29.456493377685547 18.92167854309082 35.5
      vertex 28.04400634765625 16.149517059326172 35.5
      vertex 30.13633155822754 16.82935333251953 35.5
    endloop
  endfacet
  facet normal 0 0 1
    outer loop
      vertex 28.04400634765625 16.149517059326172 35.5
      vertex 29.456493377685547 18.92167854309082 35.5
      vertex 27.36417007446289 18.241840362548828 35.5
    endloop
  endfacet
  facet normal 0 0 -1
    outer loop
      vertex 30.13633155822754 16.82935333251953 31.5
      vertex 29.71202850341797 17.038368225097656 31.5
      vertex 30.015682220458984 17.20067596435547 31.5
    endloop
  endfacet
  facet normal 0 0 -1
    outer loop
      vertex 28.04400634765625 16.149517059326172 31.5
      vertex 29.71202850341797 17.038368225097656 31.5
      vertex 30.13633155822754 16.82935333251953 31.5
    endloop
  endfacet
  facet normal 0 0 -1
    outer loop
      vertex 29.71202850341797 17.038368225097656 31.5
      vertex 28.04400634765625 16.149517059326172 31.5
      vertex 27.930768966674805 16.498029708862305 31.5
    endloop
  endfacet
  facet normal -0.30901745832125277 0.9510563655497076 2.3210794766414164e-7
    outer loop
      vertex 29.456493377685547 18.92167854309082 35.5
      vertex 28.994159698486328 18.77145767211914 32.64414596557617
      vertex 27.36417007446289 18.241840362548828 35.5
    endloop
  endfacet
  facet normal -0.3090161614905441 0.9510567869152977 0
    outer loop
      vertex 28.994159698486328 18.77145767211914 32.64414596557617
      vertex 29.456493377685547 18.92167854309082 35.5
      vertex 29.456493377685547 18.92167854309082 32.55243682861328
    endloop
  endfacet
  facet normal -0.30901744432100176 0.9510563700986701 2.409422483098536e-7
    outer loop
      vertex 27.532325744628906 18.296478271484375 32.611759185791016
      vertex 27.36417007446289 18.241840362548828 35.5
      vertex 28.994159698486328 18.77145767211914 32.64414596557617
    endloop
  endfacet
  facet normal -0.30902118755113817 0.9510551538393998 0
    outer loop
      vertex 27.36417007446289 18.241840362548828 35.5
      vertex 27.532325744628906 18.296478271484375 32.611759185791016
      vertex 27.36417007446289 18.241840362548828 32.57109832763672
    endloop
  endfacet
  facet normal 0.951056320156226 0.309017598027844 0
    outer loop
      vertex 30.015682220458984 17.20067596435547 32.5
      vertex 29.456493377685547 18.92167854309082 32.55243682861328
      vertex 29.456493377685547 18.92167854309082 35.5
    endloop
  endfacet
  facet normal 0.9510563902472176 0.30901738221111946 0.000007830665026767654
    outer loop
      vertex 29.456493377685547 18.92167854309082 32.55243682861328
      vertex 30.015682220458984 17.20067596435547 32.5
      vertex 29.471832275390625 18.87447166442871 32.5
    endloop
  endfacet
  facet normal 0.9510564483387807 0.309017203522978 2.502073820663407e-7
    outer loop
      vertex 30.13633155822754 16.82935333251953 35.5
      vertex 30.015682220458984 17.20067596435547 32.5
      vertex 29.456493377685547 18.92167854309082 35.5
    endloop
  endfacet
  facet normal 0.95105704243654 0.30901537507357374 0
    outer loop
      vertex 30.13633155822754 16.82935333251953 31.5
      vertex 30.015682220458984 17.20067596435547 32.5
      vertex 30.13633155822754 16.82935333251953 35.5
    endloop
  endfacet
  facet normal 0.95105704243654 0.30901537507357374 0
    outer loop
      vertex 30.015682220458984 17.20067596435547 32.5
      vertex 30.13633155822754 16.82935333251953 31.5
      vertex 30.015682220458984 17.20067596435547 31.5
    endloop
  endfacet
  facet normal -0.9510575133738786 -0.3090139256653247 0
    outer loop
      vertex 27.930768966674805 16.498029708862305 31.5
      vertex 28.04400634765625 16.149517059326172 31.5
      vertex 27.930768966674805 16.498029708862305 32.5
    endloop
  endfacet
  facet normal -0.9510564043877212 -0.3090173387745692 0.0000031276660059417447
    outer loop
      vertex 27.930768966674805 16.498029708862305 32.5
      vertex 27.36417007446289 18.241840362548828 32.57109832763672
      vertex 27.385129928588867 18.177331924438477 32.5
    endloop
  endfacet
  facet normal -0.951056441869776 -0.30901722343261323 0
    outer loop
      vertex 27.36417007446289 18.241840362548828 32.57109832763672
      vertex 27.930768966674805 16.498029708862305 32.5
      vertex 27.36417007446289 18.241840362548828 35.5
    endloop
  endfacet
  facet normal -0.9510566203478913 -0.3090166741331646 -3.5299991099621206e-7
    outer loop
      vertex 27.930768966674805 16.498029708862305 32.5
      vertex 28.04400634765625 16.149517059326172 35.5
      vertex 27.36417007446289 18.241840362548828 35.5
    endloop
  endfacet
  facet normal -0.9510575133738786 -0.3090139256653247 0
    outer loop
      vertex 28.04400634765625 16.149517059326172 35.5
      vertex 27.930768966674805 16.498029708862305 32.5
      vertex 28.04400634765625 16.149517059326172 31.5
    endloop
  endfacet
  facet normal 0.8090165740143693 -0.5877858308687377 0
    outer loop
      vertex 33.443603515625 19.232229232788086 35.5
      vertex 34.736732482910156 21.012065887451172 31.5
      vertex 34.736732482910156 21.012065887451172 35.5
    endloop
  endfacet
  facet normal 0.8090165740143693 -0.5877858308687377 0
    outer loop
      vertex 34.736732482910156 21.012065887451172 31.5
      vertex 33.443603515625 19.232229232788086 35.5
      vertex 33.443603515625 19.232229232788086 31.5
    endloop
  endfacet
  facet normal 0 0 1
    outer loop
      vertex 32.95689392089844 22.305194854736328 35.5
      vertex 33.443603515625 19.232229232788086 35.5
      vertex 34.736732482910156 21.012065887451172 35.5
    endloop
  endfacet
  facet normal 0 0 1
    outer loop
      vertex 33.443603515625 19.232229232788086 35.5
      vertex 32.95689392089844 22.305194854736328 35.5
      vertex 31.663768768310547 20.52535629272461 35.5
    endloop
  endfacet
  facet normal 0 0 -1
    outer loop
      vertex 34.736732482910156 21.012065887451172 31.5
      vertex 34.06525421142578 20.61096954345703 31.5
      vertex 34.407501220703125 21.25126838684082 31.5
    endloop
  endfacet
  facet normal 0 0 -1
    outer loop
      vertex 33.443603515625 19.232229232788086 31.5
      vertex 34.06525421142578 20.61096954345703 31.5
      vertex 34.736732482910156 21.012065887451172 31.5
    endloop
  endfacet
  facet normal 0 0 -1
    outer loop
      vertex 34.06525421142578 20.61096954345703 31.5
      vertex 33.443603515625 19.232229232788086 31.5
      vertex 33.12419891357422 19.464290618896484 31.5
    endloop
  endfacet
  facet normal -0.8090193298582236 0.5877820377620867 0
    outer loop
      vertex 32.4904670715332 21.6632080078125 32.663475036621094
      vertex 32.95689392089844 22.305194854736328 35.5
      vertex 32.95689392089844 22.305194854736328 32.54680252075195
    endloop
  endfacet
  facet normal -0.8090167774323765 0.5877855508881895 0
    outer loop
      vertex 31.663768768310547 20.52535629272461 35.5
      vertex 32.4904670715332 21.6632080078125 32.663475036621094
      vertex 31.663768768310547 20.52535629272461 32.574623107910156
    endloop
  endfacet
  facet normal -0.8090176980907148 0.5877842837090814 -7.766434760722276e-7
    outer loop
      vertex 32.4904670715332 21.6632080078125 32.663475036621094
      vertex 31.663768768310547 20.52535629272461 35.5
      vertex 32.95689392089844 22.305194854736328 35.5
    endloop
  endfacet
  facet normal 0.5877854185968309 0.8090168735475735 5.076431519673326e-7
    outer loop
      vertex 34.407501220703125 21.25126838684082 32.5
      vertex 32.95689392089844 22.305194854736328 35.5
      vertex 34.736732482910156 21.012065887451172 35.5
    endloop
  endfacet
  facet normal 0.5877847314564968 0.8090173727841782 0
    outer loop
      vertex 32.95689392089844 22.305194854736328 35.5
      vertex 34.407501220703125 21.25126838684082 32.5
      vertex 32.95689392089844 22.305194854736328 32.54680252075195
    endloop
  endfacet
  facet normal 0.5877884461523698 0.8090146738902717 0
    outer loop
      vertex 34.736732482910156 21.012065887451172 31.5
      vertex 34.407501220703125 21.25126838684082 32.5
      vertex 34.736732482910156 21.012065887451172 35.5
    endloop
  endfacet
  facet normal 0.5877884461523698 0.8090146738902717 0
    outer loop
      vertex 34.407501220703125 21.25126838684082 32.5
      vertex 34.736732482910156 21.012065887451172 31.5
      vertex 34.407501220703125 21.25126838684082 31.5
    endloop
  endfacet
  facet normal 0.5877853663520052 0.8090169109467071 0.000030078012271791746
    outer loop
      vertex 32.95689392089844 22.305194854736328 32.54680252075195
      vertex 34.407501220703125 21.25126838684082 32.5
      vertex 32.992515563964844 22.279315948486328 32.5
    endloop
  endfacet
  facet normal -0.5877856381079777 -0.8090167140634348 0
    outer loop
      vertex 33.12419891357422 19.464290618896484 32.5
      vertex 31.663768768310547 20.52535629272461 35.5
      vertex 31.663768768310547 20.52535629272461 32.574623107910156
    endloop
  endfacet
  facet normal -0.5877859596528002 -0.809016480389973 -0.00000961547516807848
    outer loop
      vertex 33.12419891357422 19.464290618896484 32.5
      vertex 31.663768768310547 20.52535629272461 32.574623107910156
      vertex 31.720123291015625 20.484413146972656 32.5
    endloop
  endfacet
  facet normal -0.5877856756976485 -0.8090166867529112 -2.7958449185580983e-8
    outer loop
      vertex 31.663768768310547 20.52535629272461 35.5
      vertex 33.12419891357422 19.464290618896484 32.5
      vertex 33.443603515625 19.232229232788086 35.5
    endloop
  endfacet
  facet normal -0.5877858475707929 -0.8090165618795975 0
    outer loop
      vertex 33.443603515625 19.232229232788086 31.5
      vertex 33.12419891357422 19.464290618896484 32.5
      vertex 33.12419891357422 19.464290618896484 31.5
    endloop
  endfacet
  facet normal -0.5877858475707929 -0.8090165618795975 0
    outer loop
      vertex 33.12419891357422 19.464290618896484 32.5
      vertex 33.443603515625 19.232229232788086 31.5
      vertex 33.443603515625 19.232229232788086 35.5
    endloop
  endfacet
  facet normal 0.9951846609053697 0.09801780806906617 0
    outer loop
      vertex 34.5 26 30
      vertex 34.336673736572266 27.658267974853516 19
      vertex 34.336673736572266 27.658267974853516 30
    endloop
  endfacet
  facet normal 0.9951846609053697 0.09801780806906617 0
    outer loop
      vertex 34.336673736572266 27.658267974853516 19
      vertex 34.5 26 30
      vertex 34.5 26 19
    endloop
  endfacet
  facet normal -0.9951846609053697 0.09801780806906617 0
    outer loop
      vertex 17.5 26 19
      vertex 17.663326263427734 27.658267974853516 30
      vertex 17.663326263427734 27.658267974853516 19
    endloop
  endfacet
  facet normal -0.9951846609053697 0.09801780806906617 0
    outer loop
      vertex 17.663326263427734 27.658267974853516 30
      vertex 17.5 26 19
      vertex 17.5 26 30
    endloop
  endfacet
  facet normal -0.9569404059411117 0.2902844458066265 0
    outer loop
      vertex 17.663326263427734 27.658267974853516 19
      vertex 18.147024154663086 29.2528076171875 30
      vertex 18.147024154663086 29.2528076171875 19
    endloop
  endfacet
  facet normal -0.9569404059411117 0.2902844458066265 0
    outer loop
      vertex 18.147024154663086 29.2528076171875 30
      vertex 17.663326263427734 27.658267974853516 19
      vertex 17.663326263427734 27.658267974853516 30
    endloop
  endfacet
  facet normal 0.773010384290051 -0.6343933683289475 0
    outer loop
      vertex 32.010406494140625 19.989593505859375 30
      vertex 33.06748962402344 21.277652740478516 2
      vertex 33.06748962402344 21.277652740478516 30
    endloop
  endfacet
  facet normal 0.773010384290051 -0.6343933683289475 0
    outer loop
      vertex 33.06748962402344 21.277652740478516 2
      vertex 32.010406494140625 19.989593505859375 30
      vertex 32.010406494140625 19.989593505859375 2
    endloop
  endfacet
  facet normal 0.9951846609053697 -0.09801780806906617 0
    outer loop
      vertex 34.336673736572266 24.341732025146484 30
      vertex 34.5 26 19
      vertex 34.5 26 30
    endloop
  endfacet
  facet normal 0.9951846609053696 -0.09801780806906615 0
    outer loop
      vertex 34.336673736572266 24.341732025146484 2
      vertex 34.5 26 19
      vertex 34.336673736572266 24.341732025146484 30
    endloop
  endfacet
  facet normal 0.9951846609053697 -0.09801780806906615 0
    outer loop
      vertex 34.5 26 19
      vertex 34.336673736572266 24.341732025146484 2
      vertex 34.5 26 2
    endloop
  endfacet
  facet normal 0.47139627491223507 -0.8819215112462494 0
    outer loop
      vertex 29.2528076171875 18.147024154663086 2
      vertex 30.722347259521484 18.93250846862793 30
      vertex 29.2528076171875 18.147024154663086 30
    endloop
  endfacet
  facet normal 0.47139627491223507 -0.8819215112462494 0
    outer loop
      vertex 30.722347259521484 18.93250846862793 30
      vertex 29.2528076171875 18.147024154663086 2
      vertex 30.722347259521484 18.93250846862793 2
    endloop
  endfacet
  facet normal -0.471396274912235 -0.8819215112462494 0
    outer loop
      vertex 21.277652740478516 18.93250846862793 19
      vertex 22.7471923828125 18.147024154663086 30
      vertex 21.277652740478516 18.93250846862793 30
    endloop
  endfacet
  facet normal -0.471396274912235 -0.8819215112462494 0
    outer loop
      vertex 22.7471923828125 18.147024154663086 30
      vertex 21.277652740478516 18.93250846862793 19
      vertex 22.7471923828125 18.147024154663086 19
    endloop
  endfacet
  facet normal 0.6343933683289475 0.773010384290051 0
    outer loop
      vertex 32.010406494140625 32.010406494140625 2
      vertex 30.722347259521484 33.06748962402344 30
      vertex 32.010406494140625 32.010406494140625 30
    endloop
  endfacet
  facet normal 0.6343933683289475 0.773010384290051 0
    outer loop
      vertex 30.722347259521484 33.06748962402344 30
      vertex 32.010406494140625 32.010406494140625 2
      vertex 30.722347259521484 33.06748962402344 2
    endloop
  endfacet
  facet normal -0.09801780806906617 0.9951846609053697 0
    outer loop
      vertex 26 34.5 19
      vertex 24.341732025146484 34.336673736572266 30
      vertex 26 34.5 30
    endloop
  endfacet
  facet normal -0.09801780806906617 0.9951846609053697 0
    outer loop
      vertex 24.341732025146484 34.336673736572266 30
      vertex 26 34.5 19
      vertex 24.341732025146484 34.336673736572266 19
    endloop
  endfacet
  facet normal -0.09801780806906617 -0.9951846609053697 0
    outer loop
      vertex 24.341732025146484 17.663326263427734 19
      vertex 26 17.5 30
      vertex 24.341732025146484 17.663326263427734 30
    endloop
  endfacet
  facet normal -0.09801780806906617 -0.9951846609053697 0
    outer loop
      vertex 26 17.5 30
      vertex 24.341732025146484 17.663326263427734 19
      vertex 26 17.5 19
    endloop
  endfacet
  facet normal 0.9569400879690576 0.2902854940188578 0
    outer loop
      vertex 34.336673736572266 27.658267974853516 30
      vertex 33.85297393798828 29.2528076171875 19
      vertex 33.85297393798828 29.2528076171875 30
    endloop
  endfacet
  facet normal 0.9569400879690576 0.2902854940188578 0
    outer loop
      vertex 33.85297393798828 29.2528076171875 19
      vertex 34.336673736572266 27.658267974853516 30
      vertex 34.336673736572266 27.658267974853516 19
    endloop
  endfacet
  facet normal -0.471396274912235 0.8819215112462494 0
    outer loop
      vertex 22.7471923828125 33.85297393798828 19
      vertex 21.277652740478516 33.06748962402344 30
      vertex 22.7471923828125 33.85297393798828 30
    endloop
  endfacet
  facet normal -0.471396274912235 0.8819215112462494 0
    outer loop
      vertex 21.277652740478516 33.06748962402344 30
      vertex 22.7471923828125 33.85297393798828 19
      vertex 21.277652740478516 33.06748962402344 19
    endloop
  endfacet
  facet normal 0.6343940523189564 -0.7730098229533264 0
    outer loop
      vertex 30.722347259521484 18.93250846862793 2
      vertex 32.010406494140625 19.989593505859375 30
      vertex 30.722347259521484 18.93250846862793 30
    endloop
  endfacet
  facet normal 0.6343940523189564 -0.7730098229533264 0
    outer loop
      vertex 32.010406494140625 19.989593505859375 30
      vertex 30.722347259521484 18.93250846862793 2
      vertex 32.010406494140625 19.989593505859375 2
    endloop
  endfacet
  facet normal -0.7730098229533264 -0.6343940523189564 0
    outer loop
      vertex 19.989593505859375 19.989593505859375 2
      vertex 18.93250846862793 21.277652740478516 30
      vertex 18.93250846862793 21.277652740478516 2
    endloop
  endfacet
  facet normal -0.7730098229533264 -0.6343940523189564 0
    outer loop
      vertex 18.93250846862793 21.277652740478516 30
      vertex 19.989593505859375 19.989593505859375 2
      vertex 19.989593505859375 19.989593505859375 30
    endloop
  endfacet
  facet normal 0.09801780806906617 0.9951846609053697 0
    outer loop
      vertex 27.658267974853516 34.336673736572266 30
      vertex 26 34.5 19
      vertex 26 34.5 30
    endloop
  endfacet
  facet normal 0.09801780806906615 0.9951846609053696 0
    outer loop
      vertex 27.658267974853516 34.336673736572266 2
      vertex 26 34.5 19
      vertex 27.658267974853516 34.336673736572266 30
    endloop
  endfacet
  facet normal 0.09801780806906615 0.9951846609053697 0
    outer loop
      vertex 26 34.5 19
      vertex 27.658267974853516 34.336673736572266 2
      vertex 26 34.5 2
    endloop
  endfacet
  facet normal -0.773010213904522 0.6343935759442125 0
    outer loop
      vertex 19.16037368774414 31 19
      vertex 19.989593505859375 32.010406494140625 2
      vertex 19.16037368774414 31 2
    endloop
  endfacet
  facet normal -0.7730102139045218 0.6343935759442124 0
    outer loop
      vertex 19.989593505859375 32.010406494140625 2
      vertex 19.16037368774414 31 19
      vertex 19.989593505859375 32.010406494140625 30
    endloop
  endfacet
  facet normal -0.7730084002431191 0.6343957858888831 0
    outer loop
      vertex 18.93250846862793 30.722347259521484 30
      vertex 19.16037368774414 31 19
      vertex 18.93250846862793 30.722347259521484 19
    endloop
  endfacet
  facet normal -0.7730098229533244 0.6343940523189547 -7.322878309895654e-8
    outer loop
      vertex 19.16037368774414 31 19
      vertex 18.93250846862793 30.722347259521484 30
      vertex 19.989593505859375 32.010406494140625 30
    endloop
  endfacet
  facet normal -0.6343940523189547 -0.7730098229533244 -7.322878309895654e-8
    outer loop
      vertex 19.989593505859375 19.989593505859375 30
      vertex 21 19.16037368774414 19
      vertex 21.277652740478516 18.93250846862793 30
    endloop
  endfacet
  facet normal -0.6343935759442124 -0.7730102139045218 0
    outer loop
      vertex 19.989593505859375 19.989593505859375 2
      vertex 21 19.16037368774414 19
      vertex 19.989593505859375 19.989593505859375 30
    endloop
  endfacet
  facet normal -0.6343935759442125 -0.773010213904522 0
    outer loop
      vertex 21 19.16037368774414 19
      vertex 19.989593505859375 19.989593505859375 2
      vertex 21 19.16037368774414 2
    endloop
  endfacet
  facet normal -0.6343957858888831 -0.7730084002431191 0
    outer loop
      vertex 21.277652740478516 18.93250846862793 30
      vertex 21 19.16037368774414 19
      vertex 21.277652740478516 18.93250846862793 19
    endloop
  endfacet
  facet normal -0.8819215112462494 -0.47139627491223507 0
    outer loop
      vertex 18.93250846862793 21.277652740478516 2
      vertex 18.147024154663086 22.7471923828125 30
      vertex 18.147024154663086 22.7471923828125 2
    endloop
  endfacet
  facet normal -0.8819215112462494 -0.47139627491223507 0
    outer loop
      vertex 18.147024154663086 22.7471923828125 30
      vertex 18.93250846862793 21.277652740478516 2
      vertex 18.93250846862793 21.277652740478516 30
    endloop
  endfacet
  facet normal 0.7730102139045218 0.6343935759442124 0
    outer loop
      vertex 32.010406494140625 32.010406494140625 30
      vertex 32.83962631225586 31 19
      vertex 32.010406494140625 32.010406494140625 2
    endloop
  endfacet
  facet normal 0.7730103842900506 0.6343933683289473 3.191480630809329e-8
    outer loop
      vertex 33.06748962402344 30.722347259521484 30
      vertex 32.83962631225586 31 19
      vertex 32.010406494140625 32.010406494140625 30
    endloop
  endfacet
  facet normal 0.7730110043404425 0.6343926127947743 0
    outer loop
      vertex 32.83962631225586 31 19
      vertex 33.06748962402344 30.722347259521484 30
      vertex 33.06748962402344 30.722347259521484 19
    endloop
  endfacet
  facet normal 0.773010213904522 0.6343935759442125 0
    outer loop
      vertex 32.010406494140625 32.010406494140625 2
      vertex 32.83962631225586 31 19
      vertex 32.83962631225586 31 2
    endloop
  endfacet
  facet normal 0.09801780806906617 -0.9951846609053697 0
    outer loop
      vertex 26 17.5 19
      vertex 27.658267974853516 17.663326263427734 30
      vertex 26 17.5 30
    endloop
  endfacet
  facet normal 0.09801780806906615 -0.9951846609053697 0
    outer loop
      vertex 27.658267974853516 17.663326263427734 2
      vertex 26 17.5 19
      vertex 26 17.5 2
    endloop
  endfacet
  facet normal 0.09801780806906615 -0.9951846609053696 0
    outer loop
      vertex 26 17.5 19
      vertex 27.658267974853516 17.663326263427734 2
      vertex 27.658267974853516 17.663326263427734 30
    endloop
  endfacet
  facet normal -0.6343926127947743 0.7730110043404425 0
    outer loop
      vertex 21 32.83962631225586 19
      vertex 21.277652740478516 33.06748962402344 30
      vertex 21.277652740478516 33.06748962402344 19
    endloop
  endfacet
  facet normal -0.6343933683289473 0.7730103842900506 3.191480630809329e-8
    outer loop
      vertex 21.277652740478516 33.06748962402344 30
      vertex 21 32.83962631225586 19
      vertex 19.989593505859375 32.010406494140625 30
    endloop
  endfacet
  facet normal -0.6343935759442125 0.773010213904522 0
    outer loop
      vertex 19.989593505859375 32.010406494140625 2
      vertex 21 32.83962631225586 19
      vertex 21 32.83962631225586 2
    endloop
  endfacet
  facet normal -0.6343935759442124 0.7730102139045218 0
    outer loop
      vertex 21 32.83962631225586 19
      vertex 19.989593505859375 32.010406494140625 2
      vertex 19.989593505859375 32.010406494140625 30
    endloop
  endfacet
  facet normal 0.29028444580662643 -0.9569404059411117 0
    outer loop
      vertex 27.658267974853516 17.663326263427734 2
      vertex 29.2528076171875 18.147024154663086 30
      vertex 27.658267974853516 17.663326263427734 30
    endloop
  endfacet
  facet normal 0.29028444580662643 -0.9569404059411117 0
    outer loop
      vertex 29.2528076171875 18.147024154663086 30
      vertex 27.658267974853516 17.663326263427734 2
      vertex 29.2528076171875 18.147024154663086 2
    endloop
  endfacet
  facet normal -0.8819215112462494 0.471396274912235 0
    outer loop
      vertex 18.147024154663086 29.2528076171875 19
      vertex 18.93250846862793 30.722347259521484 30
      vertex 18.93250846862793 30.722347259521484 19
    endloop
  endfacet
  facet normal -0.8819215112462494 0.471396274912235 0
    outer loop
      vertex 18.93250846862793 30.722347259521484 30
      vertex 18.147024154663086 29.2528076171875 19
      vertex 18.147024154663086 29.2528076171875 30
    endloop
  endfacet
  facet normal 0 0 -1
    outer loop
      vertex 36 26 1
      vertex 52 31 1
      vertex 52 26 1
    endloop
  endfacet
  facet normal 0 0 -1
    outer loop
      vertex 52 31 1
      vertex 36 26 1
      vertex 36 31 1
    endloop
  endfacet
  facet normal 0 0 -1
    outer loop
      vertex 21 36 1
      vertex 26 52 1
      vertex 26 36 1
    endloop
  endfacet
  facet normal 0 0 -1
    outer loop
      vertex 26 52 1
      vertex 21 36 1
      vertex 21 52 1
    endloop
  endfacet
  facet normal -0.2902854940188578 0.9569400879690576 0
    outer loop
      vertex 24.341732025146484 34.336673736572266 19
      vertex 22.7471923828125 33.85297393798828 30
      vertex 24.341732025146484 34.336673736572266 30
    endloop
  endfacet
  facet normal -0.2902854940188578 0.9569400879690576 0
    outer loop
      vertex 22.7471923828125 33.85297393798828 30
      vertex 24.341732025146484 34.336673736572266 19
      vertex 22.7471923828125 33.85297393798828 19
    endloop
  endfacet
  facet normal 0.8819215112462494 -0.47139627491223507 0
    outer loop
      vertex 33.06748962402344 21.277652740478516 30
      vertex 33.85297393798828 22.7471923828125 2
      vertex 33.85297393798828 22.7471923828125 30
    endloop
  endfacet
  facet normal 0.8819215112462494 -0.47139627491223507 0
    outer loop
      vertex 33.85297393798828 22.7471923828125 2
      vertex 33.06748962402344 21.277652740478516 30
      vertex 33.06748962402344 21.277652740478516 2
    endloop
  endfacet
  facet normal 0.9569400879690576 -0.2902854940188578 0
    outer loop
      vertex 33.85297393798828 22.7471923828125 30
      vertex 34.336673736572266 24.341732025146484 2
      vertex 34.336673736572266 24.341732025146484 30
    endloop
  endfacet
  facet normal 0.9569400879690576 -0.2902854940188578 0
    outer loop
      vertex 34.336673736572266 24.341732025146484 2
      vertex 33.85297393798828 22.7471923828125 30
      vertex 33.85297393798828 22.7471923828125 2
    endloop
  endfacet
  facet normal 0.47139627491223507 0.8819215112462494 0
    outer loop
      vertex 30.722347259521484 33.06748962402344 2
      vertex 29.2528076171875 33.85297393798828 30
      vertex 30.722347259521484 33.06748962402344 30
    endloop
  endfacet
  facet normal 0.47139627491223507 0.8819215112462494 0
    outer loop
      vertex 29.2528076171875 33.85297393798828 30
      vertex 30.722347259521484 33.06748962402344 2
      vertex 29.2528076171875 33.85297393798828 2
    endloop
  endfacet
  facet normal 0.2902854940188578 0.9569400879690576 0
    outer loop
      vertex 29.2528076171875 33.85297393798828 2
      vertex 27.658267974853516 34.336673736572266 30
      vertex 29.2528076171875 33.85297393798828 30
    endloop
  endfacet
  facet normal 0.2902854940188578 0.9569400879690576 0
    outer loop
      vertex 27.658267974853516 34.336673736572266 30
      vertex 29.2528076171875 33.85297393798828 2
      vertex 27.658267974853516 34.336673736572266 2
    endloop
  endfacet
  facet normal -0.9569404059411117 -0.29028444580662643 0
    outer loop
      vertex 18.147024154663086 22.7471923828125 2
      vertex 17.663326263427734 24.341732025146484 30
      vertex 17.663326263427734 24.341732025146484 2
    endloop
  endfacet
  facet normal -0.9569404059411117 -0.29028444580662643 0
    outer loop
      vertex 17.663326263427734 24.341732025146484 30
      vertex 18.147024154663086 22.7471923828125 2
      vertex 18.147024154663086 22.7471923828125 30
    endloop
  endfacet
  facet normal -0.2902844458066265 -0.9569404059411117 0
    outer loop
      vertex 22.7471923828125 18.147024154663086 19
      vertex 24.341732025146484 17.663326263427734 30
      vertex 22.7471923828125 18.147024154663086 30
    endloop
  endfacet
  facet normal -0.2902844458066265 -0.9569404059411117 0
    outer loop
      vertex 24.341732025146484 17.663326263427734 30
      vertex 22.7471923828125 18.147024154663086 19
      vertex 24.341732025146484 17.663326263427734 19
    endloop
  endfacet
  facet normal 0 0 -1
    outer loop
      vertex 35.3636360168457 26 31
      vertex 35.70000076293945 26 31
      vertex 35.51361846923828 24.107624053955078 31
    endloop
  endfacet
  facet normal 0 0 -1
    outer loop
      vertex 35.70000076293945 26 31
      vertex 35.3636360168457 26 31
      vertex 35.51361846923828 27.892375946044922 31
    endloop
  endfacet
  facet normal 0 0 -1
    outer loop
      vertex 35.51361846923828 24.107624053955078 31
      vertex 35.1837158203125 24.17324447631836 31
      vertex 35.3636360168457 26 31
    endloop
  endfacet
  facet normal 0 0 -1
    outer loop
      vertex 34.961631774902344 22.28797149658203 31
      vertex 35.1837158203125 24.17324447631836 31
      vertex 35.51361846923828 24.107624053955078 31
    endloop
  endfacet
  facet normal 0 0 -1
    outer loop
      vertex 34.961631774902344 22.28797149658203 31
      vertex 34.65087127685547 22.416690826416016 31
      vertex 35.1837158203125 24.17324447631836 31
    endloop
  endfacet
  facet normal 0 0 -1
    outer loop
      vertex 34.06525421142578 20.61096954345703 31
      vertex 34.65087127685547 22.416690826416016 31
      vertex 34.961631774902344 22.28797149658203 31
    endloop
  endfacet
  facet normal 0 0 -1
    outer loop
      vertex 34.06525421142578 20.61096954345703 31
      vertex 33.785579681396484 20.797842025756836 31
      vertex 34.65087127685547 22.416690826416016 31
    endloop
  endfacet
  facet normal 0 0 -1
    outer loop
      vertex 32.85893630981445 19.141063690185547 31
      vertex 33.785579681396484 20.797842025756836 31
      vertex 34.06525421142578 20.61096954345703 31
    endloop
  endfacet
  facet normal 0 0 -1
    outer loop
      vertex 32.85893630981445 19.141063690185547 31
      vertex 32.621089935302734 19.378908157348633 31
      vertex 33.785579681396484 20.797842025756836 31
    endloop
  endfacet
  facet normal 0 0 -1
    outer loop
      vertex 31.38903045654297 17.93474578857422 31
      vertex 32.621089935302734 19.378908157348633 31
      vertex 32.85893630981445 19.141063690185547 31
    endloop
  endfacet
  facet normal 0 0 -1
    outer loop
      vertex 31.38903045654297 17.93474578857422 31
      vertex 31.202157974243164 18.214420318603516 31
      vertex 32.621089935302734 19.378908157348633 31
    endloop
  endfacet
  facet normal 0 0 -1
    outer loop
      vertex 29.71202850341797 17.038368225097656 31
      vertex 31.202157974243164 18.214420318603516 31
      vertex 31.38903045654297 17.93474578857422 31
    endloop
  endfacet
  facet normal 0 0 -1
    outer loop
      vertex 29.71202850341797 17.038368225097656 31
      vertex 29.58330726623535 17.3491268157959 31
      vertex 31.202157974243164 18.214420318603516 31
    endloop
  endfacet
  facet normal 0 0 -1
    outer loop
      vertex 27.892375946044922 16.48638343811035 31
      vertex 29.58330726623535 17.3491268157959 31
      vertex 29.71202850341797 17.038368225097656 31
    endloop
  endfacet
  facet normal 0 0 -1
    outer loop
      vertex 27.892375946044922 16.48638343811035 31
      vertex 27.826753616333008 16.816282272338867 31
      vertex 29.58330726623535 17.3491268157959 31
    endloop
  endfacet
  facet normal 0 0 -1
    outer loop
      vertex 26 16.299999237060547 31
      vertex 27.826753616333008 16.816282272338867 31
      vertex 27.892375946044922 16.48638343811035 31
    endloop
  endfacet
  facet normal 0 0 -1
    outer loop
      vertex 26 16.299999237060547 31
      vertex 26 16.636363983154297 31
      vertex 27.826753616333008 16.816282272338867 31
    endloop
  endfacet
  facet normal 0 0 -1
    outer loop
      vertex 26 16.299999237060547 31
      vertex 24.17324447631836 16.816282272338867 31
      vertex 26 16.636363983154297 31
    endloop
  endfacet
  facet normal 0 0 -1
    outer loop
      vertex 24.107624053955078 16.48638343811035 31
      vertex 24.17324447631836 16.816282272338867 31
      vertex 26 16.299999237060547 31
    endloop
  endfacet
  facet normal 0 0 -1
    outer loop
      vertex 24.107624053955078 16.48638343811035 31
      vertex 22.416690826416016 17.3491268157959 31
      vertex 24.17324447631836 16.816282272338867 31
    endloop
  endfacet
  facet normal 0 0 -1
    outer loop
      vertex 22.28797149658203 17.038368225097656 31
      vertex 22.416690826416016 17.3491268157959 31
      vertex 24.107624053955078 16.48638343811035 31
    endloop
  endfacet
  facet normal 0 0 -1
    outer loop
      vertex 22.28797149658203 17.038368225097656 31
      vertex 20.797842025756836 18.214420318603516 31
      vertex 22.416690826416016 17.3491268157959 31
    endloop
  endfacet
  facet normal 0 0 -1
    outer loop
      vertex 20.61096954345703 17.93474578857422 31
      vertex 20.797842025756836 18.214420318603516 31
      vertex 22.28797149658203 17.038368225097656 31
    endloop
  endfacet
  facet normal 0 0 -1
    outer loop
      vertex 20.61096954345703 17.93474578857422 31
      vertex 19.378908157348633 19.378908157348633 31
      vertex 20.797842025756836 18.214420318603516 31
    endloop
  endfacet
  facet normal 0 0 -1
    outer loop
      vertex 19.141063690185547 19.141063690185547 31
      vertex 19.378908157348633 19.378908157348633 31
      vertex 20.61096954345703 17.93474578857422 31
    endloop
  endfacet
  facet normal 0 0 -1
    outer loop
      vertex 19.141063690185547 19.141063690185547 31
      vertex 18.214420318603516 20.797842025756836 31
      vertex 19.378908157348633 19.378908157348633 31
    endloop
  endfacet
  facet normal 0 0 -1
    outer loop
      vertex 17.93474578857422 20.61096954345703 31
      vertex 18.214420318603516 20.797842025756836 31
      vertex 19.141063690185547 19.141063690185547 31
    endloop
  endfacet
  facet normal 0 0 -1
    outer loop
      vertex 17.93474578857422 20.61096954345703 31
      vertex 17.3491268157959 22.416690826416016 31
      vertex 18.214420318603516 20.797842025756836 31
    endloop
  endfacet
  facet normal 0 0 -1
    outer loop
      vertex 17.038368225097656 22.28797149658203 31
      vertex 17.3491268157959 22.416690826416016 31
      vertex 17.93474578857422 20.61096954345703 31
    endloop
  endfacet
  facet normal 0 0 -1
    outer loop
      vertex 17.038368225097656 22.28797149658203 31
      vertex 16.816282272338867 24.17324447631836 31
      vertex 17.3491268157959 22.416690826416016 31
    endloop
  endfacet
  facet normal 0 0 -1
    outer loop
      vertex 16.816282272338867 24.17324447631836 31
      vertex 16.48638343811035 24.107624053955078 31
      vertex 16.636363983154297 26 31
    endloop
  endfacet
  facet normal 0 0 -1
    outer loop
      vertex 16.48638343811035 24.107624053955078 31
      vertex 16.816282272338867 24.17324447631836 31
      vertex 17.038368225097656 22.28797149658203 31
    endloop
  endfacet
  facet normal 0 0 -1
    outer loop
      vertex 35.1837158203125 27.826753616333008 31
      vertex 35.51361846923828 27.892375946044922 31
      vertex 35.3636360168457 26 31
    endloop
  endfacet
  facet normal 0 0 -1
    outer loop
      vertex 35.1837158203125 27.826753616333008 31
      vertex 34.961631774902344 29.71202850341797 31
      vertex 35.51361846923828 27.892375946044922 31
    endloop
  endfacet
  facet normal 0 0 -1
    outer loop
      vertex 34.65087127685547 29.58330726623535 31
      vertex 34.961631774902344 29.71202850341797 31
      vertex 35.1837158203125 27.826753616333008 31
    endloop
  endfacet
  facet normal 0 0 -1
    outer loop
      vertex 34.65087127685547 29.58330726623535 31
      vertex 34.06525421142578 31.38903045654297 31
      vertex 34.961631774902344 29.71202850341797 31
    endloop
  endfacet
  facet normal 0 0 -1
    outer loop
      vertex 33.785579681396484 31.202157974243164 31
      vertex 34.06525421142578 31.38903045654297 31
      vertex 34.65087127685547 29.58330726623535 31
    endloop
  endfacet
  facet normal 0 0 -1
    outer loop
      vertex 33.785579681396484 31.202157974243164 31
      vertex 32.85893630981445 32.85893630981445 31
      vertex 34.06525421142578 31.38903045654297 31
    endloop
  endfacet
  facet normal 0 0 -1
    outer loop
      vertex 32.621089935302734 32.621089935302734 31
      vertex 32.85893630981445 32.85893630981445 31
      vertex 33.785579681396484 31.202157974243164 31
    endloop
  endfacet
  facet normal 0 0 -1
    outer loop
      vertex 32.621089935302734 32.621089935302734 31
      vertex 31.38903045654297 34.06525421142578 31
      vertex 32.85893630981445 32.85893630981445 31
    endloop
  endfacet
  facet normal 0 0 -1
    outer loop
      vertex 31.202157974243164 33.785579681396484 31
      vertex 31.38903045654297 34.06525421142578 31
      vertex 32.621089935302734 32.621089935302734 31
    endloop
  endfacet
  facet normal 0 0 -1
    outer loop
      vertex 31.202157974243164 33.785579681396484 31
      vertex 29.71202850341797 34.961631774902344 31
      vertex 31.38903045654297 34.06525421142578 31
    endloop
  endfacet
  facet normal 0 0 -1
    outer loop
      vertex 29.58330726623535 34.65087127685547 31
      vertex 29.71202850341797 34.961631774902344 31
      vertex 31.202157974243164 33.785579681396484 31
    endloop
  endfacet
  facet normal 0 0 -1
    outer loop
      vertex 29.58330726623535 34.65087127685547 31
      vertex 27.892375946044922 35.51361846923828 31
      vertex 29.71202850341797 34.961631774902344 31
    endloop
  endfacet
  facet normal 0 0 -1
    outer loop
      vertex 27.826753616333008 35.1837158203125 31
      vertex 27.892375946044922 35.51361846923828 31
      vertex 29.58330726623535 34.65087127685547 31
    endloop
  endfacet
  facet normal 0 0 -1
    outer loop
      vertex 26 35.3636360168457 31
      vertex 27.892375946044922 35.51361846923828 31
      vertex 27.826753616333008 35.1837158203125 31
    endloop
  endfacet
  facet normal 0 0 -1
    outer loop
      vertex 26 35.3636360168457 31
      vertex 26 35.70000076293945 31
      vertex 27.892375946044922 35.51361846923828 31
    endloop
  endfacet
  facet normal 0 0 -1
    outer loop
      vertex 24.17324447631836 35.1837158203125 31
      vertex 26 35.70000076293945 31
      vertex 26 35.3636360168457 31
    endloop
  endfacet
  facet normal 0 0 -1
    outer loop
      vertex 24.17324447631836 35.1837158203125 31
      vertex 24.107624053955078 35.51361846923828 31
      vertex 26 35.70000076293945 31
    endloop
  endfacet
  facet normal 0 0 -1
    outer loop
      vertex 22.416690826416016 34.65087127685547 31
      vertex 24.107624053955078 35.51361846923828 31
      vertex 24.17324447631836 35.1837158203125 31
    endloop
  endfacet
  facet normal 0 0 -1
    outer loop
      vertex 22.416690826416016 34.65087127685547 31
      vertex 22.28797149658203 34.961631774902344 31
      vertex 24.107624053955078 35.51361846923828 31
    endloop
  endfacet
  facet normal 0 0 -1
    outer loop
      vertex 20.797842025756836 33.785579681396484 31
      vertex 22.28797149658203 34.961631774902344 31
      vertex 22.416690826416016 34.65087127685547 31
    endloop
  endfacet
  facet normal 0 0 -1
    outer loop
      vertex 20.797842025756836 33.785579681396484 31
      vertex 20.61096954345703 34.06525421142578 31
      vertex 22.28797149658203 34.961631774902344 31
    endloop
  endfacet
  facet normal 0 0 -1
    outer loop
      vertex 19.378908157348633 32.621089935302734 31
      vertex 20.61096954345703 34.06525421142578 31
      vertex 20.797842025756836 33.785579681396484 31
    endloop
  endfacet
  facet normal 0 0 -1
    outer loop
      vertex 19.378908157348633 32.621089935302734 31
      vertex 19.141063690185547 32.85893630981445 31
      vertex 20.61096954345703 34.06525421142578 31
    endloop
  endfacet
  facet normal 0 0 -1
    outer loop
      vertex 18.214420318603516 31.202157974243164 31
      vertex 19.141063690185547 32.85893630981445 31
      vertex 19.378908157348633 32.621089935302734 31
    endloop
  endfacet
  facet normal 0 0 -1
    outer loop
      vertex 18.214420318603516 31.202157974243164 31
      vertex 17.93474578857422 31.38903045654297 31
      vertex 19.141063690185547 32.85893630981445 31
    endloop
  endfacet
  facet normal 0 0 -1
    outer loop
      vertex 17.3491268157959 29.58330726623535 31
      vertex 17.93474578857422 31.38903045654297 31
      vertex 18.214420318603516 31.202157974243164 31
    endloop
  endfacet
  facet normal 0 0 -1
    outer loop
      vertex 17.3491268157959 29.58330726623535 31
      vertex 17.038368225097656 29.71202850341797 31
      vertex 17.93474578857422 31.38903045654297 31
    endloop
  endfacet
  facet normal 0 0 -1
    outer loop
      vertex 16.816282272338867 27.826753616333008 31
      vertex 17.038368225097656 29.71202850341797 31
      vertex 17.3491268157959 29.58330726623535 31
    endloop
  endfacet
  facet normal 0 0 -1
    outer loop
      vertex 16.816282272338867 27.826753616333008 31
      vertex 16.48638343811035 27.892375946044922 31
      vertex 17.038368225097656 29.71202850341797 31
    endloop
  endfacet
  facet normal 0 0 -1
    outer loop
      vertex 16.636363983154297 26 31
      vertex 16.48638343811035 27.892375946044922 31
      vertex 16.816282272338867 27.826753616333008 31
    endloop
  endfacet
  facet normal 0 0 -1
    outer loop
      vertex 16.299999237060547 26 31
      vertex 16.636363983154297 26 31
      vertex 16.48638343811035 24.107624053955078 31
    endloop
  endfacet
  facet normal 0 0 -1
    outer loop
      vertex 16.636363983154297 26 31
      vertex 16.299999237060547 26 31
      vertex 16.48638343811035 27.892375946044922 31
    endloop
  endfacet
  facet normal 0.8819215112462494 0.471396274912235 0
    outer loop
      vertex 33.85297393798828 29.2528076171875 30
      vertex 33.06748962402344 30.722347259521484 19
      vertex 33.06748962402344 30.722347259521484 30
    endloop
  endfacet
  facet normal 0.8819215112462494 0.471396274912235 0
    outer loop
      vertex 33.06748962402344 30.722347259521484 19
      vertex 33.85297393798828 29.2528076171875 30
      vertex 33.85297393798828 29.2528076171875 19
    endloop
  endfacet
  facet normal -0.9951846609053697 -0.09801780806906615 0
    outer loop
      vertex 17.663326263427734 24.341732025146484 2
      vertex 17.5 26 19
      vertex 17.5 26 2
    endloop
  endfacet
  facet normal -0.9951846609053696 -0.09801780806906615 0
    outer loop
      vertex 17.663326263427734 24.341732025146484 30
      vertex 17.5 26 19
      vertex 17.663326263427734 24.341732025146484 2
    endloop
  endfacet
  facet normal -0.9951846609053697 -0.09801780806906617 0
    outer loop
      vertex 17.5 26 19
      vertex 17.663326263427734 24.341732025146484 30
      vertex 17.5 26 30
    endloop
  endfacet
  facet normal 0.9569401712785716 0.29028521938489743 0
    outer loop
      vertex 35.51361846923828 27.892375946044922 32.5
      vertex 34.961631774902344 29.71202850341797 31
      vertex 34.961631774902344 29.71202850341797 32.5
    endloop
  endfacet
  facet normal 0.9569401712785716 0.29028521938489743 0
    outer loop
      vertex 34.961631774902344 29.71202850341797 31
      vertex 35.51361846923828 27.892375946044922 32.5
      vertex 35.51361846923828 27.892375946044922 31
    endloop
  endfacet
  facet normal 0.09801689610588415 0.9951847507260991 0
    outer loop
      vertex 27.892375946044922 35.51361846923828 31
      vertex 26 35.70000076293945 32.5
      vertex 27.892375946044922 35.51361846923828 32.5
    endloop
  endfacet
  facet normal 0.09801689610588415 0.9951847507260991 0
    outer loop
      vertex 26 35.70000076293945 32.5
      vertex 27.892375946044922 35.51361846923828 31
      vertex 26 35.70000076293945 31
    endloop
  endfacet
  facet normal 0.995184885021886 0.09801553256487308 0
    outer loop
      vertex 35.59165954589844 27.099998474121094 31.5
      vertex 35.51361846923828 27.892375946044922 32.5
      vertex 35.59165954589844 27.099998474121094 32.5
    endloop
  endfacet
  facet normal 0.9951848850218858 0.09801553256487308 0
    outer loop
      vertex 35.51361846923828 27.892375946044922 32.5
      vertex 35.59165954589844 27.099998474121094 31.5
      vertex 35.51361846923828 27.892375946044922 31
    endloop
  endfacet
  facet normal 0.9951846539857792 0.09801787832434028 0
    outer loop
      vertex 35.70000076293945 26 31
      vertex 35.59165954589844 27.099998474121094 31.5
      vertex 35.70000076293945 26 31.5
    endloop
  endfacet
  facet normal 0.9951847507237306 0.09801689610565086 0.000002181839533999119
    outer loop
      vertex 35.59165954589844 27.099998474121094 31.5
      vertex 35.70000076293945 26 31
      vertex 35.51361846923828 27.892375946044922 31
    endloop
  endfacet
  facet normal 0.7730138324889309 -0.6343891666641032 0
    outer loop
      vertex 33.12419891357422 19.464290618896484 32.5
      vertex 32.85893630981445 19.141063690185547 32.5
      vertex 33.12419891357422 19.464290618896484 31.5
    endloop
  endfacet
  facet normal 0.7730103791210351 -0.6343933746274102 0
    outer loop
      vertex 33.12419891357422 19.464290618896484 31.5
      vertex 34.06525421142578 20.61096954345703 31
      vertex 34.06525421142578 20.61096954345703 31.5
    endloop
  endfacet
  facet normal 0.7730111384984666 -0.6343924493124842 0.0000035513105586105093
    outer loop
      vertex 33.12419891357422 19.464290618896484 31.5
      vertex 32.85893630981445 19.141063690185547 31
      vertex 34.06525421142578 20.61096954345703 31
    endloop
  endfacet
  facet normal 0.7730138324889309 -0.6343891666641032 0
    outer loop
      vertex 32.85893630981445 19.141063690185547 31
      vertex 33.12419891357422 19.464290618896484 31.5
      vertex 32.85893630981445 19.141063690185547 32.5
    endloop
  endfacet
  facet normal 0.4713966861266102 0.8819212914477403 0
    outer loop
      vertex 31.38903045654297 34.06525421142578 32.5
      vertex 30.015682220458984 34.79932403564453 31.5
      vertex 30.015682220458984 34.79932403564453 32.5
    endloop
  endfacet
  facet normal 0.47139668612661023 0.8819212914477403 0
    outer loop
      vertex 31.38903045654297 34.06525421142578 31
      vertex 30.015682220458984 34.79932403564453 31.5
      vertex 31.38903045654297 34.06525421142578 32.5
    endloop
  endfacet
  facet normal 0.47139728677458853 0.8819209703919377 0.000002121152436385768
    outer loop
      vertex 29.71202850341797 34.961631774902344 31
      vertex 30.015682220458984 34.79932403564453 31.5
      vertex 31.38903045654297 34.06525421142578 31
    endloop
  endfacet
  facet normal 0.4714000033497069 0.8819195183472788 0
    outer loop
      vertex 30.015682220458984 34.79932403564453 31.5
      vertex 29.71202850341797 34.961631774902344 31
      vertex 29.71202850341797 34.961631774902344 31.5
    endloop
  endfacet
  facet normal -0.8819208408814223 -0.4713975290760496 0
    outer loop
      vertex 17.038368225097656 22.28797149658203 31
      vertex 17.592498779296875 21.25126838684082 31.5
      vertex 17.038368225097656 22.28797149658203 32.5
    endloop
  endfacet
  facet normal -0.8819209703937377 -0.4713972867755507 6.459208237404024e-7
    outer loop
      vertex 17.93474578857422 20.61096954345703 31
      vertex 17.592498779296875 21.25126838684082 31.5
      vertex 17.038368225097656 22.28797149658203 31
    endloop
  endfacet
  facet normal -0.8819211800865887 -0.4713968944686407 0
    outer loop
      vertex 17.592498779296875 21.25126838684082 31.5
      vertex 17.93474578857422 20.61096954345703 31
      vertex 17.93474578857422 20.61096954345703 31.5
    endloop
  endfacet
  facet normal -0.8819208408814223 -0.47139752907604965 0
    outer loop
      vertex 17.038368225097656 22.28797149658203 32.5
      vertex 17.592498779296875 21.25126838684082 31.5
      vertex 17.592498779296875 21.25126838684082 32.5
    endloop
  endfacet
  facet normal 0.7730138324889309 0.6343891666641032 0
    outer loop
      vertex 33.12419891357422 32.535709381103516 31.5
      vertex 32.85893630981445 32.85893630981445 32.5
      vertex 33.12419891357422 32.535709381103516 32.5
    endloop
  endfacet
  facet normal 0.7730138324889309 0.6343891666641032 0
    outer loop
      vertex 32.85893630981445 32.85893630981445 32.5
      vertex 33.12419891357422 32.535709381103516 31.5
      vertex 32.85893630981445 32.85893630981445 31
    endloop
  endfacet
  facet normal 0.7730103791210351 0.6343933746274102 0
    outer loop
      vertex 34.06525421142578 31.38903045654297 31
      vertex 33.12419891357422 32.535709381103516 31.5
      vertex 34.06525421142578 31.38903045654297 31.5
    endloop
  endfacet
  facet normal 0.7730111384984666 0.6343924493124842 0.0000035513105586105093
    outer loop
      vertex 33.12419891357422 32.535709381103516 31.5
      vertex 34.06525421142578 31.38903045654297 31
      vertex 32.85893630981445 32.85893630981445 31
    endloop
  endfacet
  facet normal 0.6343924493164845 -0.773011138503341 0
    outer loop
      vertex 31.38903045654297 17.93474578857422 31
      vertex 32.85893630981445 19.141063690185547 32.5
      vertex 31.38903045654297 17.93474578857422 32.5
    endloop
  endfacet
  facet normal 0.6343924493164845 -0.773011138503341 0
    outer loop
      vertex 32.85893630981445 19.141063690185547 32.5
      vertex 31.38903045654297 17.93474578857422 31
      vertex 32.85893630981445 19.141063690185547 31
    endloop
  endfacet
  facet normal 0.6343924493164845 0.773011138503341 0
    outer loop
      vertex 32.85893630981445 32.85893630981445 31
      vertex 31.38903045654297 34.06525421142578 32.5
      vertex 32.85893630981445 32.85893630981445 32.5
    endloop
  endfacet
  facet normal 0.6343924493164845 0.773011138503341 0
    outer loop
      vertex 31.38903045654297 34.06525421142578 32.5
      vertex 32.85893630981445 32.85893630981445 31
      vertex 31.38903045654297 34.06525421142578 31
    endloop
  endfacet
  facet normal 0.8819208408814223 0.47139752907604965 0
    outer loop
      vertex 34.407501220703125 30.74873161315918 32.5
      vertex 34.961631774902344 29.71202850341797 32.5
      vertex 34.407501220703125 30.74873161315918 31.5
    endloop
  endfacet
  facet normal 0.8819211800865887 0.4713968944686407 0
    outer loop
      vertex 34.407501220703125 30.74873161315918 31.5
      vertex 34.06525421142578 31.38903045654297 31
      vertex 34.06525421142578 31.38903045654297 31.5
    endloop
  endfacet
  facet normal 0.8819209703937377 0.4713972867755507 6.459208237404024e-7
    outer loop
      vertex 34.407501220703125 30.74873161315918 31.5
      vertex 34.961631774902344 29.71202850341797 31
      vertex 34.06525421142578 31.38903045654297 31
    endloop
  endfacet
  facet normal 0.8819208408814223 0.4713975290760496 0
    outer loop
      vertex 34.961631774902344 29.71202850341797 31
      vertex 34.407501220703125 30.74873161315918 31.5
      vertex 34.961631774902344 29.71202850341797 32.5
    endloop
  endfacet
  facet normal -0.7730115955583241 0.6343918923917405 0
    outer loop
      vertex 19.141063690185547 32.85893630981445 31
      vertex 18.87579917907715 32.535709381103516 31.5
      vertex 19.141063690185547 32.85893630981445 32.5
    endloop
  endfacet
  facet normal -0.7730111385032007 0.6343924493163694 6.025070822864305e-7
    outer loop
      vertex 17.93474578857422 31.38903045654297 31
      vertex 18.87579917907715 32.535709381103516 31.5
      vertex 19.141063690185547 32.85893630981445 31
    endloop
  endfacet
  facet normal -0.7730110096682797 0.6343926063027743 0
    outer loop
      vertex 18.87579917907715 32.535709381103516 31.5
      vertex 17.93474578857422 31.38903045654297 31
      vertex 17.93474578857422 31.38903045654297 31.5
    endloop
  endfacet
  facet normal -0.7730115955583242 0.6343918923917407 0
    outer loop
      vertex 19.141063690185547 32.85893630981445 32.5
      vertex 18.87579917907715 32.535709381103516 31.5
      vertex 18.87579917907715 32.535709381103516 32.5
    endloop
  endfacet
  facet normal -0.8819211800865887 0.4713968944686407 0
    outer loop
      vertex 17.93474578857422 31.38903045654297 31
      vertex 17.592498779296875 30.74873161315918 31.5
      vertex 17.93474578857422 31.38903045654297 31.5
    endloop
  endfacet
  facet normal -0.8819209703937377 0.4713972867755507 6.459208237404024e-7
    outer loop
      vertex 17.038368225097656 29.71202850341797 31
      vertex 17.592498779296875 30.74873161315918 31.5
      vertex 17.93474578857422 31.38903045654297 31
    endloop
  endfacet
  facet normal -0.8819208408814223 0.4713975290760496 0
    outer loop
      vertex 17.038368225097656 29.71202850341797 32.5
      vertex 17.592498779296875 30.74873161315918 31.5
      vertex 17.038368225097656 29.71202850341797 31
    endloop
  endfacet
  facet normal -0.8819208408814223 0.47139752907604965 0
    outer loop
      vertex 17.592498779296875 30.74873161315918 31.5
      vertex 17.038368225097656 29.71202850341797 32.5
      vertex 17.592498779296875 30.74873161315918 32.5
    endloop
  endfacet
  facet normal 0.09801788952780126 -0.995184652882326 0
    outer loop
      vertex 26 16.299999237060547 31
      vertex 27.892375946044922 16.48638343811035 32.5
      vertex 26 16.299999237060547 32.5
    endloop
  endfacet
  facet normal 0.09801788952780126 -0.995184652882326 0
    outer loop
      vertex 27.892375946044922 16.48638343811035 32.5
      vertex 26 16.299999237060547 31
      vertex 27.892375946044922 16.48638343811035 31
    endloop
  endfacet
  facet normal 0.995184885021886 -0.09801553256487308 0
    outer loop
      vertex 35.59165954589844 24.900001525878906 32.5
      vertex 35.51361846923828 24.107624053955078 32.5
      vertex 35.59165954589844 24.900001525878906 31.5
    endloop
  endfacet
  facet normal 0.9951846539857792 -0.09801787832434028 0
    outer loop
      vertex 35.59165954589844 24.900001525878906 31.5
      vertex 35.70000076293945 26 31
      vertex 35.70000076293945 26 31.5
    endloop
  endfacet
  facet normal 0.9951847507237306 -0.09801689610565086 0.000002181839533999119
    outer loop
      vertex 35.59165954589844 24.900001525878906 31.5
      vertex 35.51361846923828 24.107624053955078 31
      vertex 35.70000076293945 26 31
    endloop
  endfacet
  facet normal 0.9951848850218858 -0.09801553256487308 0
    outer loop
      vertex 35.51361846923828 24.107624053955078 31
      vertex 35.59165954589844 24.900001525878906 31.5
      vertex 35.51361846923828 24.107624053955078 32.5
    endloop
  endfacet
  facet normal -0.9951846513504844 0.09801790508072948 0
    outer loop
      vertex 16.48638343811035 27.892375946044922 31
      vertex 16.408340454101562 27.099998474121094 31.5
      vertex 16.48638343811035 27.892375946044922 32.5
    endloop
  endfacet
  facet normal -0.9951846528823257 0.09801788952780122 -2.4886678873779862e-8
    outer loop
      vertex 16.299999237060547 26 31
      vertex 16.408340454101562 27.099998474121094 31.5
      vertex 16.48638343811035 27.892375946044922 31
    endloop
  endfacet
  facet normal -0.9951846539857792 0.09801787832434028 0
    outer loop
      vertex 16.408340454101562 27.099998474121094 31.5
      vertex 16.299999237060547 26 31
      vertex 16.299999237060547 26 31.5
    endloop
  endfacet
  facet normal -0.9951846513504844 0.09801790508072948 0
    outer loop
      vertex 16.48638343811035 27.892375946044922 32.5
      vertex 16.408340454101562 27.099998474121094 31.5
      vertex 16.408340454101562 27.099998474121094 32.5
    endloop
  endfacet
  facet normal 0.2902818303487781 -0.9569411993269823 0
    outer loop
      vertex 27.892375946044922 16.48638343811035 32.5
      vertex 27.930768966674805 16.498029708862305 31.5
      vertex 27.930768966674805 16.498029708862305 32.5
    endloop
  endfacet
  facet normal 0.2902818303487781 -0.9569411993269823 0
    outer loop
      vertex 27.892375946044922 16.48638343811035 31
      vertex 27.930768966674805 16.498029708862305 31.5
      vertex 27.892375946044922 16.48638343811035 32.5
    endloop
  endfacet
  facet normal 0.2902843008489415 -0.956940449913472 -2.0715567277431856e-7
    outer loop
      vertex 29.71202850341797 17.038368225097656 31
      vertex 27.930768966674805 16.498029708862305 31.5
      vertex 27.892375946044922 16.48638343811035 31
    endloop
  endfacet
  facet normal 0.2902843540977013 -0.9569404337606809 0
    outer loop
      vertex 27.930768966674805 16.498029708862305 31.5
      vertex 29.71202850341797 17.038368225097656 31
      vertex 29.71202850341797 17.038368225097656 31.5
    endloop
  endfacet
  facet normal -0.7730110096682797 -0.6343926063027743 0
    outer loop
      vertex 17.93474578857422 20.61096954345703 31
      vertex 18.87579917907715 19.464290618896484 31.5
      vertex 17.93474578857422 20.61096954345703 31.5
    endloop
  endfacet
  facet normal -0.7730111385032007 -0.6343924493163694 6.025070822864305e-7
    outer loop
      vertex 19.141063690185547 19.141063690185547 31
      vertex 18.87579917907715 19.464290618896484 31.5
      vertex 17.93474578857422 20.61096954345703 31
    endloop
  endfacet
  facet normal -0.7730115955583241 -0.6343918923917405 0
    outer loop
      vertex 19.141063690185547 19.141063690185547 32.5
      vertex 18.87579917907715 19.464290618896484 31.5
      vertex 19.141063690185547 19.141063690185547 31
    endloop
  endfacet
  facet normal -0.7730115955583242 -0.6343918923917407 0
    outer loop
      vertex 18.87579917907715 19.464290618896484 31.5
      vertex 19.141063690185547 19.141063690185547 32.5
      vertex 18.87579917907715 19.464290618896484 32.5
    endloop
  endfacet
  facet normal -0.09801788952780126 -0.995184652882326 0
    outer loop
      vertex 24.107624053955078 16.48638343811035 31
      vertex 26 16.299999237060547 32.5
      vertex 24.107624053955078 16.48638343811035 32.5
    endloop
  endfacet
  facet normal -0.09801788952780126 -0.995184652882326 0
    outer loop
      vertex 26 16.299999237060547 32.5
      vertex 24.107624053955078 16.48638343811035 31
      vertex 26 16.299999237060547 31
    endloop
  endfacet
  facet normal -0.6343924493164845 -0.773011138503341 0
    outer loop
      vertex 19.141063690185547 19.141063690185547 31
      vertex 20.61096954345703 17.93474578857422 32.5
      vertex 19.141063690185547 19.141063690185547 32.5
    endloop
  endfacet
  facet normal -0.6343924493164845 -0.773011138503341 0
    outer loop
      vertex 20.61096954345703 17.93474578857422 32.5
      vertex 19.141063690185547 19.141063690185547 31
      vertex 20.61096954345703 17.93474578857422 31
    endloop
  endfacet
  facet normal -0.4714000033497069 0.8819195183472788 0
    outer loop
      vertex 22.28797149658203 34.961631774902344 31.5
      vertex 22.28797149658203 34.961631774902344 31
      vertex 21.984317779541016 34.79932403564453 31.5
    endloop
  endfacet
  facet normal -0.4713966861266102 0.8819212914477403 0
    outer loop
      vertex 21.984317779541016 34.79932403564453 31.5
      vertex 20.61096954345703 34.06525421142578 32.5
      vertex 21.984317779541016 34.79932403564453 32.5
    endloop
  endfacet
  facet normal -0.47139728677458853 0.8819209703919377 0.000002121152436385768
    outer loop
      vertex 20.61096954345703 34.06525421142578 31
      vertex 21.984317779541016 34.79932403564453 31.5
      vertex 22.28797149658203 34.961631774902344 31
    endloop
  endfacet
  facet normal -0.47139668612661023 0.8819212914477403 0
    outer loop
      vertex 21.984317779541016 34.79932403564453 31.5
      vertex 20.61096954345703 34.06525421142578 31
      vertex 20.61096954345703 34.06525421142578 32.5
    endloop
  endfacet
  facet normal -0.09801689610588415 0.9951847507260991 0
    outer loop
      vertex 26 35.70000076293945 31
      vertex 24.107624053955078 35.51361846923828 32.5
      vertex 26 35.70000076293945 32.5
    endloop
  endfacet
  facet normal -0.09801689610588415 0.9951847507260991 0
    outer loop
      vertex 24.107624053955078 35.51361846923828 32.5
      vertex 26 35.70000076293945 31
      vertex 24.107624053955078 35.51361846923828 31
    endloop
  endfacet
  facet normal -0.9951846539857792 -0.09801787832434028 0
    outer loop
      vertex 16.299999237060547 26 31
      vertex 16.408340454101562 24.900001525878906 31.5
      vertex 16.299999237060547 26 31.5
    endloop
  endfacet
  facet normal -0.9951846528823257 -0.09801788952780122 -2.4886678873779862e-8
    outer loop
      vertex 16.48638343811035 24.107624053955078 31
      vertex 16.408340454101562 24.900001525878906 31.5
      vertex 16.299999237060547 26 31
    endloop
  endfacet
  facet normal -0.9951846513504844 -0.09801790508072948 0
    outer loop
      vertex 16.48638343811035 24.107624053955078 32.5
      vertex 16.408340454101562 24.900001525878906 31.5
      vertex 16.48638343811035 24.107624053955078 31
    endloop
  endfacet
  facet normal -0.9951846513504844 -0.09801790508072948 0
    outer loop
      vertex 16.408340454101562 24.900001525878906 31.5
      vertex 16.48638343811035 24.107624053955078 32.5
      vertex 16.408340454101562 24.900001525878906 32.5
    endloop
  endfacet
  facet normal 0.8819208408814223 -0.47139752907604965 0
    outer loop
      vertex 34.407501220703125 21.25126838684082 31.5
      vertex 34.961631774902344 22.28797149658203 32.5
      vertex 34.407501220703125 21.25126838684082 32.5
    endloop
  endfacet
  facet normal 0.8819208408814223 -0.4713975290760496 0
    outer loop
      vertex 34.961631774902344 22.28797149658203 32.5
      vertex 34.407501220703125 21.25126838684082 31.5
      vertex 34.961631774902344 22.28797149658203 31
    endloop
  endfacet
  facet normal 0.8819211800865887 -0.4713968944686407 0
    outer loop
      vertex 34.06525421142578 20.61096954345703 31
      vertex 34.407501220703125 21.25126838684082 31.5
      vertex 34.06525421142578 20.61096954345703 31.5
    endloop
  endfacet
  facet normal 0.8819209703937377 -0.4713972867755507 6.459208237404024e-7
    outer loop
      vertex 34.407501220703125 21.25126838684082 31.5
      vertex 34.06525421142578 20.61096954345703 31
      vertex 34.961631774902344 22.28797149658203 31
    endloop
  endfacet
  facet normal -0.9569404499134926 -0.29028430084894774 0
    outer loop
      vertex 17.038368225097656 22.28797149658203 31
      vertex 16.48638343811035 24.107624053955078 32.5
      vertex 16.48638343811035 24.107624053955078 31
    endloop
  endfacet
  facet normal -0.9569404499134926 -0.29028430084894774 0
    outer loop
      vertex 16.48638343811035 24.107624053955078 32.5
      vertex 17.038368225097656 22.28797149658203 31
      vertex 17.038368225097656 22.28797149658203 32.5
    endloop
  endfacet
  facet normal 0.29028341576297445 0.9569407184005602 0
    outer loop
      vertex 29.71202850341797 34.961631774902344 31.5
      vertex 29.71202850341797 34.961631774902344 31
      vertex 27.930768966674805 35.50196838378906 31.5
    endloop
  endfacet
  facet normal 0.29036889574334673 0.9569147842858262 0
    outer loop
      vertex 27.930768966674805 35.50196838378906 31.5
      vertex 27.892375946044922 35.51361846923828 32.5
      vertex 27.930768966674805 35.50196838378906 32.5
    endloop
  endfacet
  facet normal 0.2903688957433468 0.9569147842858263 0
    outer loop
      vertex 27.930768966674805 35.50196838378906 31.5
      vertex 27.892375946044922 35.51361846923828 31
      vertex 27.892375946044922 35.51361846923828 32.5
    endloop
  endfacet
  facet normal 0.2902852193777515 0.9569401712550145 0.000007016697581747349
    outer loop
      vertex 27.892375946044922 35.51361846923828 31
      vertex 27.930768966674805 35.50196838378906 31.5
      vertex 29.71202850341797 34.961631774902344 31
    endloop
  endfacet
  facet normal -0.29036889574334673 0.9569147842858262 0
    outer loop
      vertex 24.107624053955078 35.51361846923828 32.5
      vertex 24.069231033325195 35.50196838378906 31.5
      vertex 24.069231033325195 35.50196838378906 32.5
    endloop
  endfacet
  facet normal -0.2903688957433468 0.9569147842858263 0
    outer loop
      vertex 24.107624053955078 35.51361846923828 31
      vertex 24.069231033325195 35.50196838378906 31.5
      vertex 24.107624053955078 35.51361846923828 32.5
    endloop
  endfacet
  facet normal -0.2902852193777515 0.9569401712550145 0.000007016697581747349
    outer loop
      vertex 22.28797149658203 34.961631774902344 31
      vertex 24.069231033325195 35.50196838378906 31.5
      vertex 24.107624053955078 35.51361846923828 31
    endloop
  endfacet
  facet normal -0.29028341576297445 0.9569407184005602 0
    outer loop
      vertex 24.069231033325195 35.50196838378906 31.5
      vertex 22.28797149658203 34.961631774902344 31
      vertex 22.28797149658203 34.961631774902344 31.5
    endloop
  endfacet
  facet normal 0.9569401712785716 -0.29028521938489743 0
    outer loop
      vertex 34.961631774902344 22.28797149658203 32.5
      vertex 35.51361846923828 24.107624053955078 31
      vertex 35.51361846923828 24.107624053955078 32.5
    endloop
  endfacet
  facet normal 0.9569401712785716 -0.29028521938489743 0
    outer loop
      vertex 35.51361846923828 24.107624053955078 31
      vertex 34.961631774902344 22.28797149658203 32.5
      vertex 34.961631774902344 22.28797149658203 31
    endloop
  endfacet
  facet normal 0 0 1
    outer loop
      vertex 27.892375946044922 35.51361846923828 32.5
      vertex 27.385129928588867 33.82266616821289 32.5
      vertex 27.930768966674805 35.50196838378906 32.5
    endloop
  endfacet
  facet normal 0 0 1
    outer loop
      vertex 26 35.70000076293945 32.5
      vertex 27.385129928588867 33.82266616821289 32.5
      vertex 27.892375946044922 35.51361846923828 32.5
    endloop
  endfacet
  facet normal 0 0 1
    outer loop
      vertex 26 35.70000076293945 32.5
      vertex 26 33.95909118652344 32.5
      vertex 27.385129928588867 33.82266616821289 32.5
    endloop
  endfacet
  facet normal 0 0 1
    outer loop
      vertex 26 35.70000076293945 32.5
      vertex 24.614870071411133 33.82266616821289 32.5
      vertex 26 33.95909118652344 32.5
    endloop
  endfacet
  facet normal 0 0 1
    outer loop
      vertex 24.107624053955078 35.51361846923828 32.5
      vertex 24.614870071411133 33.82266616821289 32.5
      vertex 26 35.70000076293945 32.5
    endloop
  endfacet
  facet normal 0 0 1
    outer loop
      vertex 24.614870071411133 33.82266616821289 32.5
      vertex 24.107624053955078 35.51361846923828 32.5
      vertex 24.069231033325195 35.50196838378906 32.5
    endloop
  endfacet
  facet normal 0 0 1
    outer loop
      vertex 33.80615997314453 27.55274200439453 32.5
      vertex 35.51361846923828 27.892375946044922 32.5
      vertex 34.961631774902344 29.71202850341797 32.5
    endloop
  endfacet
  facet normal 0 0 1
    outer loop
      vertex 32.992515563964844 29.720684051513672 32.5
      vertex 34.961631774902344 29.71202850341797 32.5
      vertex 34.407501220703125 30.74873161315918 32.5
    endloop
  endfacet
  facet normal 0 0 1
    outer loop
      vertex 33.80615997314453 27.55274200439453 32.5
      vertex 34.961631774902344 29.71202850341797 32.5
      vertex 33.353240966796875 29.045812606811523 32.5
    endloop
  endfacet
  facet normal 0 0 1
    outer loop
      vertex 35.59165954589844 27.099998474121094 32.5
      vertex 33.80615997314453 27.55274200439453 32.5
      vertex 33.85074996948242 27.099998474121094 32.5
    endloop
  endfacet
  facet normal 0 0 1
    outer loop
      vertex 35.51361846923828 27.892375946044922 32.5
      vertex 33.80615997314453 27.55274200439453 32.5
      vertex 35.59165954589844 27.099998474121094 32.5
    endloop
  endfacet
  facet normal 0 0 1
    outer loop
      vertex 34.961631774902344 29.71202850341797 32.5
      vertex 32.992515563964844 29.720684051513672 32.5
      vertex 33.353240966796875 29.045812606811523 32.5
    endloop
  endfacet
  facet normal 0 0 1
    outer loop
      vertex 31.627925872802734 20.372072219848633 32.5
      vertex 33.12419891357422 19.464290618896484 32.5
      vertex 31.720123291015625 20.484413146972656 32.5
    endloop
  endfacet
  facet normal 0 0 1
    outer loop
      vertex 33.12419891357422 19.464290618896484 32.5
      vertex 31.627925872802734 20.372072219848633 32.5
      vertex 32.85893630981445 19.141063690185547 32.5
    endloop
  endfacet
  facet normal 0 0 1
    outer loop
      vertex 31.627925872802734 20.372072219848633 32.5
      vertex 31.38903045654297 17.93474578857422 32.5
      vertex 32.85893630981445 19.141063690185547 32.5
    endloop
  endfacet
  facet normal 0 0 1
    outer loop
      vertex 30.421833038330078 19.38225746154785 32.5
      vertex 31.38903045654297 17.93474578857422 32.5
      vertex 31.627925872802734 20.372072219848633 32.5
    endloop
  endfacet
  facet normal 0 0 1
    outer loop
      vertex 29.471832275390625 18.87447166442871 32.5
      vertex 31.38903045654297 17.93474578857422 32.5
      vertex 30.421833038330078 19.38225746154785 32.5
    endloop
  endfacet
  facet normal 0 0 1
    outer loop
      vertex 31.38903045654297 17.93474578857422 32.5
      vertex 29.471832275390625 18.87447166442871 32.5
      vertex 30.015682220458984 17.20067596435547 32.5
    endloop
  endfacet
  facet normal 0 0 1
    outer loop
      vertex 17.038368225097656 22.28797149658203 32.5
      vertex 19.007484436035156 22.279315948486328 32.5
      vertex 18.646759033203125 22.954187393188477 32.5
    endloop
  endfacet
  facet normal 0 0 1
    outer loop
      vertex 17.038368225097656 22.28797149658203 32.5
      vertex 18.646759033203125 22.954187393188477 32.5
      vertex 18.19384002685547 24.44725799560547 32.5
    endloop
  endfacet
  facet normal 0 0 1
    outer loop
      vertex 16.48638343811035 24.107624053955078 32.5
      vertex 18.19384002685547 24.44725799560547 32.5
      vertex 18.149250030517578 24.900001525878906 32.5
    endloop
  endfacet
  facet normal 0 0 1
    outer loop
      vertex 19.007484436035156 22.279315948486328 32.5
      vertex 17.038368225097656 22.28797149658203 32.5
      vertex 17.592498779296875 21.25126838684082 32.5
    endloop
  endfacet
  facet normal 0 0 1
    outer loop
      vertex 18.19384002685547 24.44725799560547 32.5
      vertex 16.48638343811035 24.107624053955078 32.5
      vertex 17.038368225097656 22.28797149658203 32.5
    endloop
  endfacet
  facet normal 0 0 1
    outer loop
      vertex 16.48638343811035 24.107624053955078 32.5
      vertex 18.149250030517578 24.900001525878906 32.5
      vertex 16.408340454101562 24.900001525878906 32.5
    endloop
  endfacet
  facet normal 0 0 1
    outer loop
      vertex 31.627925872802734 31.627925872802734 32.5
      vertex 33.12419891357422 32.535709381103516 32.5
      vertex 32.85893630981445 32.85893630981445 32.5
    endloop
  endfacet
  facet normal 0 0 1
    outer loop
      vertex 33.12419891357422 32.535709381103516 32.5
      vertex 31.627925872802734 31.627925872802734 32.5
      vertex 31.720123291015625 31.515586853027344 32.5
    endloop
  endfacet
  facet normal 0 0 1
    outer loop
      vertex 31.38903045654297 34.06525421142578 32.5
      vertex 31.627925872802734 31.627925872802734 32.5
      vertex 32.85893630981445 32.85893630981445 32.5
    endloop
  endfacet
  facet normal 0 0 1
    outer loop
      vertex 31.38903045654297 34.06525421142578 32.5
      vertex 30.421833038330078 32.617740631103516 32.5
      vertex 31.627925872802734 31.627925872802734 32.5
    endloop
  endfacet
  facet normal 0 0 1
    outer loop
      vertex 29.471832275390625 33.125526428222656 32.5
      vertex 31.38903045654297 34.06525421142578 32.5
      vertex 30.015682220458984 34.79932403564453 32.5
    endloop
  endfacet
  facet normal 0 0 1
    outer loop
      vertex 31.38903045654297 34.06525421142578 32.5
      vertex 29.471832275390625 33.125526428222656 32.5
      vertex 30.421833038330078 32.617740631103516 32.5
    endloop
  endfacet
  facet normal 0 0 1
    outer loop
      vertex 33.80615997314453 24.44725799560547 32.5
      vertex 35.51361846923828 24.107624053955078 32.5
      vertex 35.59165954589844 24.900001525878906 32.5
    endloop
  endfacet
  facet normal 0 0 1
    outer loop
      vertex 35.51361846923828 24.107624053955078 32.5
      vertex 33.80615997314453 24.44725799560547 32.5
      vertex 34.961631774902344 22.28797149658203 32.5
    endloop
  endfacet
  facet normal 0 0 1
    outer loop
      vertex 33.80615997314453 24.44725799560547 32.5
      vertex 35.59165954589844 24.900001525878906 32.5
      vertex 33.85074996948242 24.900001525878906 32.5
    endloop
  endfacet
  facet normal 0 0 1
    outer loop
      vertex 34.961631774902344 22.28797149658203 32.5
      vertex 33.80615997314453 24.44725799560547 32.5
      vertex 33.353240966796875 22.954187393188477 32.5
    endloop
  endfacet
  facet normal 0 0 1
    outer loop
      vertex 32.992515563964844 22.279315948486328 32.5
      vertex 34.961631774902344 22.28797149658203 32.5
      vertex 33.353240966796875 22.954187393188477 32.5
    endloop
  endfacet
  facet normal 0 0 1
    outer loop
      vertex 34.961631774902344 22.28797149658203 32.5
      vertex 32.992515563964844 22.279315948486328 32.5
      vertex 34.407501220703125 21.25126838684082 32.5
    endloop
  endfacet
  facet normal 0 0 1
    outer loop
      vertex 17.038368225097656 29.71202850341797 32.5
      vertex 19.00748634338379 29.720684051513672 32.5
      vertex 17.592498779296875 30.74873161315918 32.5
    endloop
  endfacet
  facet normal 0 0 1
    outer loop
      vertex 19.00748634338379 29.720684051513672 32.5
      vertex 17.038368225097656 29.71202850341797 32.5
      vertex 18.646759033203125 29.045812606811523 32.5
    endloop
  endfacet
  facet normal 0 0 1
    outer loop
      vertex 18.646759033203125 29.045812606811523 32.5
      vertex 17.038368225097656 29.71202850341797 32.5
      vertex 18.19384002685547 27.55274200439453 32.5
    endloop
  endfacet
  facet normal 0 0 1
    outer loop
      vertex 16.48638343811035 27.892375946044922 32.5
      vertex 18.19384002685547 27.55274200439453 32.5
      vertex 17.038368225097656 29.71202850341797 32.5
    endloop
  endfacet
  facet normal 0 0 1
    outer loop
      vertex 18.19384002685547 27.55274200439453 32.5
      vertex 16.48638343811035 27.892375946044922 32.5
      vertex 18.149250030517578 27.099998474121094 32.5
    endloop
  endfacet
  facet normal 0 0 1
    outer loop
      vertex 18.149250030517578 27.099998474121094 32.5
      vertex 16.48638343811035 27.892375946044922 32.5
      vertex 16.408340454101562 27.099998474121094 32.5
    endloop
  endfacet
  facet normal 0 0 1
    outer loop
      vertex 27.385129928588867 18.177331924438477 32.5
      vertex 27.892375946044922 16.48638343811035 32.5
      vertex 27.930768966674805 16.498029708862305 32.5
    endloop
  endfacet
  facet normal 0 0 1
    outer loop
      vertex 26 16.299999237060547 32.5
      vertex 27.385129928588867 18.177331924438477 32.5
      vertex 26 18.040908813476562 32.5
    endloop
  endfacet
  facet normal 0 0 1
    outer loop
      vertex 27.385129928588867 18.177331924438477 32.5
      vertex 26 16.299999237060547 32.5
      vertex 27.892375946044922 16.48638343811035 32.5
    endloop
  endfacet
  facet normal 0 0 1
    outer loop
      vertex 24.614870071411133 18.177331924438477 32.5
      vertex 26 16.299999237060547 32.5
      vertex 26 18.040908813476562 32.5
    endloop
  endfacet
  facet normal 0 0 1
    outer loop
      vertex 24.614870071411133 18.177331924438477 32.5
      vertex 24.107624053955078 16.48638343811035 32.5
      vertex 26 16.299999237060547 32.5
    endloop
  endfacet
  facet normal 0 0 1
    outer loop
      vertex 24.107624053955078 16.48638343811035 32.5
      vertex 24.614870071411133 18.177331924438477 32.5
      vertex 24.069231033325195 16.498029708862305 32.5
    endloop
  endfacet
  facet normal 0 0 1
    outer loop
      vertex 20.61096954345703 17.93474578857422 32.5
      vertex 22.528167724609375 18.87447166442871 32.5
      vertex 21.57816505432129 19.38225746154785 32.5
    endloop
  endfacet
  facet normal 0 0 1
    outer loop
      vertex 22.528167724609375 18.87447166442871 32.5
      vertex 20.61096954345703 17.93474578857422 32.5
      vertex 21.984317779541016 17.20067596435547 32.5
    endloop
  endfacet
  facet normal 0 0 1
    outer loop
      vertex 20.372072219848633 20.372072219848633 32.5
      vertex 20.61096954345703 17.93474578857422 32.5
      vertex 21.57816505432129 19.38225746154785 32.5
    endloop
  endfacet
  facet normal 0 0 1
    outer loop
      vertex 18.87579917907715 19.464290618896484 32.5
      vertex 20.372072219848633 20.372072219848633 32.5
      vertex 20.279876708984375 20.484413146972656 32.5
    endloop
  endfacet
  facet normal 0 0 1
    outer loop
      vertex 20.372072219848633 20.372072219848633 32.5
      vertex 19.141063690185547 19.141063690185547 32.5
      vertex 20.61096954345703 17.93474578857422 32.5
    endloop
  endfacet
  facet normal 0 0 1
    outer loop
      vertex 20.372072219848633 20.372072219848633 32.5
      vertex 18.87579917907715 19.464290618896484 32.5
      vertex 19.141063690185547 19.141063690185547 32.5
    endloop
  endfacet
  facet normal 0 0 1
    outer loop
      vertex 20.61096954345703 34.06525421142578 32.5
      vertex 22.528167724609375 33.12553024291992 32.5
      vertex 21.984317779541016 34.79932403564453 32.5
    endloop
  endfacet
  facet normal 0 0 1
    outer loop
      vertex 22.528167724609375 33.12553024291992 32.5
      vertex 20.61096954345703 34.06525421142578 32.5
      vertex 21.57816505432129 32.617740631103516 32.5
    endloop
  endfacet
  facet normal 0 0 1
    outer loop
      vertex 20.61096954345703 34.06525421142578 32.5
      vertex 20.372072219848633 31.627925872802734 32.5
      vertex 21.57816505432129 32.617740631103516 32.5
    endloop
  endfacet
  facet normal 0 0 1
    outer loop
      vertex 19.141063690185547 32.85893630981445 32.5
      vertex 20.372072219848633 31.627925872802734 32.5
      vertex 20.61096954345703 34.06525421142578 32.5
    endloop
  endfacet
  facet normal 0 0 1
    outer loop
      vertex 18.87579917907715 32.535709381103516 32.5
      vertex 20.372072219848633 31.627925872802734 32.5
      vertex 19.141063690185547 32.85893630981445 32.5
    endloop
  endfacet
  facet normal 0 0 1
    outer loop
      vertex 20.372072219848633 31.627925872802734 32.5
      vertex 18.87579917907715 32.535709381103516 32.5
      vertex 20.279876708984375 31.515586853027344 32.5
    endloop
  endfacet
  facet normal -0.4713966861266102 -0.8819212914477403 0
    outer loop
      vertex 20.61096954345703 17.93474578857422 32.5
      vertex 21.984317779541016 17.20067596435547 31.5
      vertex 21.984317779541016 17.20067596435547 32.5
    endloop
  endfacet
  facet normal -0.47139668612661023 -0.8819212914477403 0
    outer loop
      vertex 20.61096954345703 17.93474578857422 31
      vertex 21.984317779541016 17.20067596435547 31.5
      vertex 20.61096954345703 17.93474578857422 32.5
    endloop
  endfacet
  facet normal -0.47139728677458853 -0.8819209703919377 0.000002121152436385768
    outer loop
      vertex 22.28797149658203 17.038368225097656 31
      vertex 21.984317779541016 17.20067596435547 31.5
      vertex 20.61096954345703 17.93474578857422 31
    endloop
  endfacet
  facet normal -0.4714000033497069 -0.8819195183472788 0
    outer loop
      vertex 21.984317779541016 17.20067596435547 31.5
      vertex 22.28797149658203 17.038368225097656 31
      vertex 22.28797149658203 17.038368225097656 31.5
    endloop
  endfacet
  facet normal -0.9569404499134926 0.29028430084894774 0
    outer loop
      vertex 16.48638343811035 27.892375946044922 31
      vertex 17.038368225097656 29.71202850341797 32.5
      vertex 17.038368225097656 29.71202850341797 31
    endloop
  endfacet
  facet normal -0.9569404499134926 0.29028430084894774 0
    outer loop
      vertex 17.038368225097656 29.71202850341797 32.5
      vertex 16.48638343811035 27.892375946044922 31
      vertex 16.48638343811035 27.892375946044922 32.5
    endloop
  endfacet
  facet normal -0.6343924493164845 0.773011138503341 0
    outer loop
      vertex 20.61096954345703 34.06525421142578 31
      vertex 19.141063690185547 32.85893630981445 32.5
      vertex 20.61096954345703 34.06525421142578 32.5
    endloop
  endfacet
  facet normal -0.6343924493164845 0.773011138503341 0
    outer loop
      vertex 19.141063690185547 32.85893630981445 32.5
      vertex 20.61096954345703 34.06525421142578 31
      vertex 19.141063690185547 32.85893630981445 31
    endloop
  endfacet
  facet normal -0.2902843540977013 -0.9569404337606809 0
    outer loop
      vertex 22.28797149658203 17.038368225097656 31.5
      vertex 22.28797149658203 17.038368225097656 31
      vertex 24.069231033325195 16.498029708862305 31.5
    endloop
  endfacet
  facet normal -0.2902818303487781 -0.9569411993269823 0
    outer loop
      vertex 24.069231033325195 16.498029708862305 31.5
      vertex 24.107624053955078 16.48638343811035 32.5
      vertex 24.069231033325195 16.498029708862305 32.5
    endloop
  endfacet
  facet normal -0.2902818303487781 -0.9569411993269823 0
    outer loop
      vertex 24.069231033325195 16.498029708862305 31.5
      vertex 24.107624053955078 16.48638343811035 31
      vertex 24.107624053955078 16.48638343811035 32.5
    endloop
  endfacet
  facet normal -0.2902843008489415 -0.956940449913472 -2.0715567277431856e-7
    outer loop
      vertex 24.107624053955078 16.48638343811035 31
      vertex 24.069231033325195 16.498029708862305 31.5
      vertex 22.28797149658203 17.038368225097656 31
    endloop
  endfacet
  facet normal 0.4714000033497069 -0.8819195183472788 0
    outer loop
      vertex 29.71202850341797 17.038368225097656 31.5
      vertex 29.71202850341797 17.038368225097656 31
      vertex 30.015682220458984 17.20067596435547 31.5
    endloop
  endfacet
  facet normal 0.4713966861266102 -0.8819212914477403 0
    outer loop
      vertex 30.015682220458984 17.20067596435547 31.5
      vertex 31.38903045654297 17.93474578857422 32.5
      vertex 30.015682220458984 17.20067596435547 32.5
    endloop
  endfacet
  facet normal 0.47139728677458853 -0.8819209703919377 0.000002121152436385768
    outer loop
      vertex 31.38903045654297 17.93474578857422 31
      vertex 30.015682220458984 17.20067596435547 31.5
      vertex 29.71202850341797 17.038368225097656 31
    endloop
  endfacet
  facet normal 0.47139668612661023 -0.8819212914477403 0
    outer loop
      vertex 30.015682220458984 17.20067596435547 31.5
      vertex 31.38903045654297 17.93474578857422 31
      vertex 31.38903045654297 17.93474578857422 32.5
    endloop
  endfacet
  facet normal 1 0 0
    outer loop
      vertex -10.833333015441895 24.900001525878906 22
      vertex -10.833333015441895 27.099998474121094 18
      vertex -10.833333015441895 27.099998474121094 22
    endloop
  endfacet
  facet normal 1 0 0
    outer loop
      vertex -10.833333015441895 27.099998474121094 18
      vertex -10.833333015441895 24.900001525878906 22
      vertex -10.833333015441895 24.900001525878906 18
    endloop
  endfacet
  facet normal 0 0 1
    outer loop
      vertex -15.166666030883789 27.099998474121094 22
      vertex -10.833333015441895 24.900001525878906 22
      vertex -10.833333015441895 27.099998474121094 22
    endloop
  endfacet
  facet normal 0 0 1
    outer loop
      vertex -10.833333015441895 24.900001525878906 22
      vertex -15.166666030883789 27.099998474121094 22
      vertex -15.166666030883789 24.900001525878906 22
    endloop
  endfacet
  facet normal 0 0 -1
    outer loop
      vertex -15.166666030883789 24.900001525878906 18
      vertex -10.833333015441895 27.099998474121094 18
      vertex -10.833333015441895 24.900001525878906 18
    endloop
  endfacet
  facet normal 0 0 -1
    outer loop
      vertex -10.833333015441895 27.099998474121094 18
      vertex -15.166666030883789 24.900001525878906 18
      vertex -15.166666030883789 27.099998474121094 18
    endloop
  endfacet
  facet normal -1 0 0
    outer loop
      vertex -15.166666030883789 24.900001525878906 18
      vertex -15.166666030883789 27.099998474121094 22
      vertex -15.166666030883789 27.099998474121094 18
    endloop
  endfacet
  facet normal -1 0 0
    outer loop
      vertex -15.166666030883789 27.099998474121094 22
      vertex -15.166666030883789 24.900001525878906 18
      vertex -15.166666030883789 24.900001525878906 22
    endloop
  endfacet
  facet normal 0 1 0
    outer loop
      vertex -10.833333015441895 27.099998474121094 18
      vertex -15.166666030883789 27.099998474121094 22
      vertex -10.833333015441895 27.099998474121094 22
    endloop
  endfacet
  facet normal 0 1 0
    outer loop
      vertex -15.166666030883789 27.099998474121094 22
      vertex -10.833333015441895 27.099998474121094 18
      vertex -15.166666030883789 27.099998474121094 18
    endloop
  endfacet
  facet normal 0 -1 0
    outer loop
      vertex -15.166666030883789 24.900001525878906 18
      vertex -10.833333015441895 24.900001525878906 22
      vertex -15.166666030883789 24.900001525878906 22
    endloop
  endfacet
  facet normal 0 -1 0
    outer loop
      vertex -10.833333015441895 24.900001525878906 22
      vertex -15.166666030883789 24.900001525878906 18
      vertex -10.833333015441895 24.900001525878906 18
    endloop
  endfacet
  facet normal 1 0 0
    outer loop
      vertex -2.166666030883789 24.900001525878906 22
      vertex -2.166666030883789 27.099998474121094 18
      vertex -2.166666030883789 27.099998474121094 22
    endloop
  endfacet
  facet normal 1 0 0
    outer loop
      vertex -2.166666030883789 27.099998474121094 18
      vertex -2.166666030883789 24.900001525878906 22
      vertex -2.166666030883789 24.900001525878906 18
    endloop
  endfacet
  facet normal 0 0 1
    outer loop
      vertex -6.5 27.099998474121094 22
      vertex -2.166666030883789 24.900001525878906 22
      vertex -2.166666030883789 27.099998474121094 22
    endloop
  endfacet
  facet normal 0 0 1
    outer loop
      vertex -2.166666030883789 24.900001525878906 22
      vertex -6.5 27.099998474121094 22
      vertex -6.5 24.900001525878906 22
    endloop
  endfacet
  facet normal 0 0 -1
    outer loop
      vertex -6.5 24.900001525878906 18
      vertex -2.166666030883789 27.099998474121094 18
      vertex -2.166666030883789 24.900001525878906 18
    endloop
  endfacet
  facet normal 0 0 -1
    outer loop
      vertex -2.166666030883789 27.099998474121094 18
      vertex -6.5 24.900001525878906 18
      vertex -6.5 27.099998474121094 18
    endloop
  endfacet
  facet normal -1 0 0
    outer loop
      vertex -6.5 24.900001525878906 18
      vertex -6.5 27.099998474121094 22
      vertex -6.5 27.099998474121094 18
    endloop
  endfacet
  facet normal -1 0 0
    outer loop
      vertex -6.5 27.099998474121094 22
      vertex -6.5 24.900001525878906 18
      vertex -6.5 24.900001525878906 22
    endloop
  endfacet
  facet normal 0 1 0
    outer loop
      vertex -2.166666030883789 27.099998474121094 18
      vertex -6.5 27.099998474121094 22
      vertex -2.166666030883789 27.099998474121094 22
    endloop
  endfacet
  facet normal 0 1 0
    outer loop
      vertex -6.5 27.099998474121094 22
      vertex -2.166666030883789 27.099998474121094 18
      vertex -6.5 27.099998474121094 18
    endloop
  endfacet
  facet normal 0 -1 0
    outer loop
      vertex -6.5 24.900001525878906 18
      vertex -2.166666030883789 24.900001525878906 22
      vertex -6.5 24.900001525878906 22
    endloop
  endfacet
  facet normal 0 -1 0
    outer loop
      vertex -2.166666030883789 24.900001525878906 22
      vertex -6.5 24.900001525878906 18
      vertex -2.166666030883789 24.900001525878906 18
    endloop
  endfacet
  facet normal 1 0 0
    outer loop
      vertex 6.499999046325684 27.099998474121094 22
      vertex 6.499999046325684 26 19
      vertex 6.499999046325684 27.099998474121094 19
    endloop
  endfacet
  facet normal 1 0 0
    outer loop
      vertex 6.499999046325684 24.900001525878906 22
      vertex 6.499999046325684 26 19
      vertex 6.499999046325684 27.099998474121094 22
    endloop
  endfacet
  facet normal 1 0 0
    outer loop
      vertex 6.499999046325684 24.900001525878906 18
      vertex 6.499999046325684 26 19
      vertex 6.499999046325684 24.900001525878906 22
    endloop
  endfacet
  facet normal 1 0 0
    outer loop
      vertex 6.499999046325684 26 19
      vertex 6.499999046325684 24.900001525878906 18
      vertex 6.499999046325684 26 18
    endloop
  endfacet
  facet normal 0 0 1
    outer loop
      vertex 2.166666030883789 27.099998474121094 22
      vertex 6.499999046325684 24.900001525878906 22
      vertex 6.499999046325684 27.099998474121094 22
    endloop
  endfacet
  facet normal 0 0 1
    outer loop
      vertex 6.499999046325684 24.900001525878906 22
      vertex 2.166666030883789 27.099998474121094 22
      vertex 2.166666030883789 24.900001525878906 22
    endloop
  endfacet
  facet normal 0 0 -1
    outer loop
      vertex 2.166666030883789 24.900001525878906 18
      vertex 6.499999046325684 26 18
      vertex 6.499999046325684 24.900001525878906 18
    endloop
  endfacet
  facet normal 0 0 -1
    outer loop
      vertex 6.499999046325684 26 18
      vertex 2.166666030883789 24.900001525878906 18
      vertex 2.166666030883789 26 18
    endloop
  endfacet
  facet normal -1 0 0
    outer loop
      vertex 2.166666030883789 26 18
      vertex 2.166666030883789 24.900001525878906 18
      vertex 2.166666030883789 26 19
    endloop
  endfacet
  facet normal -1 0 0
    outer loop
      vertex 2.166666030883789 26 19
      vertex 2.166666030883789 27.099998474121094 22
      vertex 2.166666030883789 27.099998474121094 19
    endloop
  endfacet
  facet normal -1 0 0
    outer loop
      vertex 2.166666030883789 24.900001525878906 22
      vertex 2.166666030883789 26 19
      vertex 2.166666030883789 24.900001525878906 18
    endloop
  endfacet
  facet normal -1 0 0
    outer loop
      vertex 2.166666030883789 26 19
      vertex 2.166666030883789 24.900001525878906 22
      vertex 2.166666030883789 27.099998474121094 22
    endloop
  endfacet
  facet normal 0 1 0
    outer loop
      vertex 6.499999046325684 27.099998474121094 19
      vertex 2.166666030883789 27.099998474121094 22
      vertex 6.499999046325684 27.099998474121094 22
    endloop
  endfacet
  facet normal 0 1 0
    outer loop
      vertex 2.166666030883789 27.099998474121094 22
      vertex 6.499999046325684 27.099998474121094 19
      vertex 2.166666030883789 27.099998474121094 19
    endloop
  endfacet
  facet normal 0 -1 0
    outer loop
      vertex 2.166666030883789 24.900001525878906 18
      vertex 6.499999046325684 24.900001525878906 22
      vertex 2.166666030883789 24.900001525878906 22
    endloop
  endfacet
  facet normal 0 -1 0
    outer loop
      vertex 6.499999046325684 24.900001525878906 22
      vertex 2.166666030883789 24.900001525878906 18
      vertex 6.499999046325684 24.900001525878906 18
    endloop
  endfacet
  facet normal 1 0 0
    outer loop
      vertex 15.166666030883789 27.099998474121094 22
      vertex 15.166666030883789 26 19
      vertex 15.166666030883789 27.099998474121094 19
    endloop
  endfacet
  facet normal 1 0 0
    outer loop
      vertex 15.166666030883789 24.900001525878906 22
      vertex 15.166666030883789 26 19
      vertex 15.166666030883789 27.099998474121094 22
    endloop
  endfacet
  facet normal 1 0 0
    outer loop
      vertex 15.166666030883789 24.900001525878906 18
      vertex 15.166666030883789 26 19
      vertex 15.166666030883789 24.900001525878906 22
    endloop
  endfacet
  facet normal 1 0 0
    outer loop
      vertex 15.166666030883789 26 19
      vertex 15.166666030883789 24.900001525878906 18
      vertex 15.166666030883789 26 18
    endloop
  endfacet
  facet normal 0 0 1
    outer loop
      vertex 10.833333015441895 27.099998474121094 22
      vertex 15.166666030883789 24.900001525878906 22
      vertex 15.166666030883789 27.099998474121094 22
    endloop
  endfacet
  facet normal 0 0 1
    outer loop
      vertex 15.166666030883789 24.900001525878906 22
      vertex 10.833333015441895 27.099998474121094 22
      vertex 10.833333015441895 24.900001525878906 22
    endloop
  endfacet
  facet normal 0 0 -1
    outer loop
      vertex 10.833333015441895 24.900001525878906 18
      vertex 15.166666030883789 26 18
      vertex 15.166666030883789 24.900001525878906 18
    endloop
  endfacet
  facet normal 0 0 -1
    outer loop
      vertex 15.166666030883789 26 18
      vertex 10.833333015441895 24.900001525878906 18
      vertex 10.833333015441895 26 18
    endloop
  endfacet
  facet normal -1 0 0
    outer loop
      vertex 10.833333015441895 26 18
      vertex 10.833333015441895 24.900001525878906 18
      vertex 10.833333015441895 26 19
    endloop
  endfacet
  facet normal -1 0 0
    outer loop
      vertex 10.833333015441895 26 19
      vertex 10.833333015441895 27.099998474121094 22
      vertex 10.833333015441895 27.099998474121094 19
    endloop
  endfacet
  facet normal -1 0 0
    outer loop
      vertex 10.833333015441895 24.900001525878906 22
      vertex 10.833333015441895 26 19
      vertex 10.833333015441895 24.900001525878906 18
    endloop
  endfacet
  facet normal -1 0 0
    outer loop
      vertex 10.833333015441895 26 19
      vertex 10.833333015441895 24.900001525878906 22
      vertex 10.833333015441895 27.099998474121094 22
    endloop
  endfacet
  facet normal 0 1 0
    outer loop
      vertex 15.166666030883789 27.099998474121094 19
      vertex 10.833333015441895 27.099998474121094 22
      vertex 15.166666030883789 27.099998474121094 22
    endloop
  endfacet
  facet normal 0 1 0
    outer loop
      vertex 10.833333015441895 27.099998474121094 22
      vertex 15.166666030883789 27.099998474121094 19
      vertex 10.833333015441895 27.099998474121094 19
    endloop
  endfacet
  facet normal 0 -1 0
    outer loop
      vertex 10.833333015441895 24.900001525878906 18
      vertex 15.166666030883789 24.900001525878906 22
      vertex 10.833333015441895 24.900001525878906 22
    endloop
  endfacet
  facet normal 0 -1 0
    outer loop
      vertex 15.166666030883789 24.900001525878906 22
      vertex 10.833333015441895 24.900001525878906 18
      vertex 15.166666030883789 24.900001525878906 18
    endloop
  endfacet
  facet normal 1 0 0
    outer loop
      vertex 52 26 19
      vertex 52 31 1
      vertex 52 31 19
    endloop
  endfacet
  facet normal 1 0 0
    outer loop
      vertex 52 31 1
      vertex 52 26 19
      vertex 52 26 1
    endloop
  endfacet
  facet normal 0 0 1
    outer loop
      vertex 17.663326263427734 27.658267974853516 19
      vertex 15.166666030883789 27.099998474121094 19
      vertex 17.5 26 19
    endloop
  endfacet
  facet normal 0 0 1
    outer loop
      vertex 18.147024154663086 29.2528076171875 19
      vertex 15.166666030883789 27.099998474121094 19
      vertex 17.663326263427734 27.658267974853516 19
    endloop
  endfacet
  facet normal 0 0 1
    outer loop
      vertex 18.93250846862793 30.722347259521484 19
      vertex 15.166666030883789 27.099998474121094 19
      vertex 18.147024154663086 29.2528076171875 19
    endloop
  endfacet
  facet normal 0 0 1
    outer loop
      vertex 10.833333015441895 27.099998474121094 19
      vertex 18.93250846862793 30.722347259521484 19
      vertex 19.16037368774414 31 19
    endloop
  endfacet
  facet normal 0 0 1
    outer loop
      vertex 18.93250846862793 30.722347259521484 19
      vertex 10.833333015441895 27.099998474121094 19
      vertex 15.166666030883789 27.099998474121094 19
    endloop
  endfacet
  facet normal 0 0 1
    outer loop
      vertex 10.833333015441895 27.099998474121094 19
      vertex 6.499999046325684 27.099998474121094 19
      vertex 10.833333015441895 26 19
    endloop
  endfacet
  facet normal 0 0 1
    outer loop
      vertex 0 31 19
      vertex 10.833333015441895 27.099998474121094 19
      vertex 19.16037368774414 31 19
    endloop
  endfacet
  facet normal 0 0 1
    outer loop
      vertex 10.833333015441895 27.099998474121094 19
      vertex 0 31 19
      vertex 6.499999046325684 27.099998474121094 19
    endloop
  endfacet
  facet normal 0 0 1
    outer loop
      vertex 6.499999046325684 27.099998474121094 19
      vertex 0 31 19
      vertex 2.166666030883789 27.099998474121094 19
    endloop
  endfacet
  facet normal 0 0 1
    outer loop
      vertex 0 26 19
      vertex 2.166666030883789 27.099998474121094 19
      vertex 0 31 19
    endloop
  endfacet
  facet normal 0 0 1
    outer loop
      vertex 2.166666030883789 27.099998474121094 19
      vertex 0 26 19
      vertex 2.166666030883789 26 19
    endloop
  endfacet
  facet normal 0 0 1
    outer loop
      vertex 17.5 26 19
      vertex 15.166666030883789 27.099998474121094 19
      vertex 15.166666030883789 26 19
    endloop
  endfacet
  facet normal 0 0 1
    outer loop
      vertex 10.833333015441895 26 19
      vertex 6.499999046325684 27.099998474121094 19
      vertex 6.499999046325684 26 19
    endloop
  endfacet
  facet normal 0 0 1
    outer loop
      vertex 34.336673736572266 27.658267974853516 19
      vertex 52 26 19
      vertex 52 31 19
    endloop
  endfacet
  facet normal 0 0 1
    outer loop
      vertex 52 26 19
      vertex 34.336673736572266 27.658267974853516 19
      vertex 34.5 26 19
    endloop
  endfacet
  facet normal 0 0 1
    outer loop
      vertex 52 31 19
      vertex 33.85297393798828 29.2528076171875 19
      vertex 34.336673736572266 27.658267974853516 19
    endloop
  endfacet
  facet normal 0 0 1
    outer loop
      vertex 52 31 19
      vertex 33.06748962402344 30.722347259521484 19
      vertex 33.85297393798828 29.2528076171875 19
    endloop
  endfacet
  facet normal 0 0 1
    outer loop
      vertex 33.06748962402344 30.722347259521484 19
      vertex 52 31 19
      vertex 32.83962631225586 31 19
    endloop
  endfacet
  facet normal 0 0 1
    outer loop
      vertex 26 17.5 19
      vertex 24.900001525878906 15.166666030883789 19
      vertex 26 15.166666030883789 19
    endloop
  endfacet
  facet normal 0 0 1
    outer loop
      vertex 21.277652740478516 18.93250846862793 19
      vertex 24.900001525878906 10.833333015441895 19
      vertex 24.900001525878906 15.166666030883789 19
    endloop
  endfacet
  facet normal 0 0 1
    outer loop
      vertex 21 19.16037368774414 19
      vertex 24.900001525878906 10.833333015441895 19
      vertex 21.277652740478516 18.93250846862793 19
    endloop
  endfacet
  facet normal 0 0 1
    outer loop
      vertex 22.7471923828125 18.147024154663086 19
      vertex 24.900001525878906 15.166666030883789 19
      vertex 24.341732025146484 17.663326263427734 19
    endloop
  endfacet
  facet normal 0 0 1
    outer loop
      vertex 24.341732025146484 17.663326263427734 19
      vertex 24.900001525878906 15.166666030883789 19
      vertex 26 17.5 19
    endloop
  endfacet
  facet normal 0 0 1
    outer loop
      vertex 24.900001525878906 10.833333015441895 19
      vertex 26 6.499999046325684 19
      vertex 26 10.833333015441895 19
    endloop
  endfacet
  facet normal 0 0 1
    outer loop
      vertex 26 6.499999046325684 19
      vertex 24.900001525878906 10.833333015441895 19
      vertex 24.900001525878906 6.499999046325684 19
    endloop
  endfacet
  facet normal 0 0 1
    outer loop
      vertex 24.900001525878906 2.166666030883789 19
      vertex 26 0 19
      vertex 26 2.166666030883789 19
    endloop
  endfacet
  facet normal 0 0 1
    outer loop
      vertex 21.277652740478516 18.93250846862793 19
      vertex 24.900001525878906 15.166666030883789 19
      vertex 22.7471923828125 18.147024154663086 19
    endloop
  endfacet
  facet normal 0 0 1
    outer loop
      vertex 21 0 19
      vertex 24.900001525878906 10.833333015441895 19
      vertex 21 19.16037368774414 19
    endloop
  endfacet
  facet normal 0 0 1
    outer loop
      vertex 24.900001525878906 10.833333015441895 19
      vertex 21 0 19
      vertex 24.900001525878906 6.499999046325684 19
    endloop
  endfacet
  facet normal 0 0 1
    outer loop
      vertex 24.900001525878906 2.166666030883789 19
      vertex 21 0 19
      vertex 26 0 19
    endloop
  endfacet
  facet normal 0 0 1
    outer loop
      vertex 24.900001525878906 6.499999046325684 19
      vertex 21 0 19
      vertex 24.900001525878906 2.166666030883789 19
    endloop
  endfacet
  facet normal 0 0 1
    outer loop
      vertex 26 52 19
      vertex 24.341732025146484 34.336673736572266 19
      vertex 26 34.5 19
    endloop
  endfacet
  facet normal 0 0 1
    outer loop
      vertex 21 52 19
      vertex 24.341732025146484 34.336673736572266 19
      vertex 26 52 19
    endloop
  endfacet
  facet normal 0 0 1
    outer loop
      vertex 24.341732025146484 34.336673736572266 19
      vertex 21 52 19
      vertex 22.7471923828125 33.85297393798828 19
    endloop
  endfacet
  facet normal 0 0 1
    outer loop
      vertex 22.7471923828125 33.85297393798828 19
      vertex 21 52 19
      vertex 21.277652740478516 33.06748962402344 19
    endloop
  endfacet
  facet normal 0 0 1
    outer loop
      vertex 21.277652740478516 33.06748962402344 19
      vertex 21 52 19
      vertex 21 32.83962631225586 19
    endloop
  endfacet
  facet normal -1 0 0
    outer loop
      vertex 0 26 2
      vertex 0 31 19
      vertex 0 31 2
    endloop
  endfacet
  facet normal -1 0 0
    outer loop
      vertex 0 31 19
      vertex 0 26 2
      vertex 0 26 19
    endloop
  endfacet
  facet normal 0 1 0
    outer loop
      vertex 19.16037368774414 31 2
      vertex 0 31 19
      vertex 19.16037368774414 31 19
    endloop
  endfacet
  facet normal 0 1 0
    outer loop
      vertex 0 31 19
      vertex 19.16037368774414 31 2
      vertex 0 31 2
    endloop
  endfacet
  facet normal 0 1 0
    outer loop
      vertex 52 31 19
      vertex 36 31 2
      vertex 32.83962631225586 31 19
    endloop
  endfacet
  facet normal 0 1 0
    outer loop
      vertex 52 31 1
      vertex 36 31 2
      vertex 52 31 19
    endloop
  endfacet
  facet normal 0 1 0
    outer loop
      vertex 36 31 2
      vertex 52 31 1
      vertex 36 31 1
    endloop
  endfacet
  facet normal 0 1 0
    outer loop
      vertex 32.83962631225586 31 19
      vertex 36 31 2
      vertex 32.83962631225586 31 2
    endloop
  endfacet
  facet normal 0 -1 0
    outer loop
      vertex 0 26 19
      vertex 2.166666030883789 26 18
      vertex 2.166666030883789 26 19
    endloop
  endfacet
  facet normal 0 -1 0
    outer loop
      vertex 0 26 2
      vertex 6.499999046325684 26 18
      vertex 2.166666030883789 26 18
    endloop
  endfacet
  facet normal 0 -1 0
    outer loop
      vertex 6.499999046325684 26 18
      vertex 0 26 2
      vertex 10.833333015441895 26 18
    endloop
  endfacet
  facet normal 0 -1 0
    outer loop
      vertex 17.5 26 2
      vertex 10.833333015441895 26 18
      vertex 0 26 2
    endloop
  endfacet
  facet normal 0 -1 0
    outer loop
      vertex 0 26 2
      vertex 2.166666030883789 26 18
      vertex 0 26 19
    endloop
  endfacet
  facet normal 0 -1 0
    outer loop
      vertex 6.499999046325684 26 18
      vertex 10.833333015441895 26 19
      vertex 6.499999046325684 26 19
    endloop
  endfacet
  facet normal 0 -1 0
    outer loop
      vertex 10.833333015441895 26 19
      vertex 6.499999046325684 26 18
      vertex 10.833333015441895 26 18
    endloop
  endfacet
  facet normal 0 -1 0
    outer loop
      vertex 15.166666030883789 26 18
      vertex 17.5 26 19
      vertex 15.166666030883789 26 19
    endloop
  endfacet
  facet normal 0 -1 0
    outer loop
      vertex 10.833333015441895 26 18
      vertex 17.5 26 2
      vertex 15.166666030883789 26 18
    endloop
  endfacet
  facet normal 0 -1 0
    outer loop
      vertex 15.166666030883789 26 18
      vertex 17.5 26 2
      vertex 17.5 26 19
    endloop
  endfacet
  facet normal 0 -1 0
    outer loop
      vertex 36 26 2
      vertex 34.5 26 19
      vertex 34.5 26 2
    endloop
  endfacet
  facet normal 0 -1 0
    outer loop
      vertex 34.5 26 19
      vertex 36 26 2
      vertex 52 26 19
    endloop
  endfacet
  facet normal 0 -1 0
    outer loop
      vertex 52 26 1
      vertex 36 26 2
      vertex 36 26 1
    endloop
  endfacet
  facet normal 0 -1 0
    outer loop
      vertex 36 26 2
      vertex 52 26 1
      vertex 52 26 19
    endloop
  endfacet
  facet normal 1 0 0
    outer loop
      vertex -10.833333015441895 -27.099998474121094 22
      vertex -10.833333015441895 -24.900001525878906 18
      vertex -10.833333015441895 -24.900001525878906 22
    endloop
  endfacet
  facet normal 1 0 0
    outer loop
      vertex -10.833333015441895 -24.900001525878906 18
      vertex -10.833333015441895 -27.099998474121094 22
      vertex -10.833333015441895 -27.099998474121094 18
    endloop
  endfacet
  facet normal 0 0 1
    outer loop
      vertex -15.166666030883789 -24.900001525878906 22
      vertex -10.833333015441895 -27.099998474121094 22
      vertex -10.833333015441895 -24.900001525878906 22
    endloop
  endfacet
  facet normal 0 0 1
    outer loop
      vertex -10.833333015441895 -27.099998474121094 22
      vertex -15.166666030883789 -24.900001525878906 22
      vertex -15.166666030883789 -27.099998474121094 22
    endloop
  endfacet
  facet normal 0 0 -1
    outer loop
      vertex -15.166666030883789 -27.099998474121094 18
      vertex -10.833333015441895 -24.900001525878906 18
      vertex -10.833333015441895 -27.099998474121094 18
    endloop
  endfacet
  facet normal 0 0 -1
    outer loop
      vertex -10.833333015441895 -24.900001525878906 18
      vertex -15.166666030883789 -27.099998474121094 18
      vertex -15.166666030883789 -24.900001525878906 18
    endloop
  endfacet
  facet normal -1 0 0
    outer loop
      vertex -15.166666030883789 -27.099998474121094 18
      vertex -15.166666030883789 -24.900001525878906 22
      vertex -15.166666030883789 -24.900001525878906 18
    endloop
  endfacet
  facet normal -1 0 0
    outer loop
      vertex -15.166666030883789 -24.900001525878906 22
      vertex -15.166666030883789 -27.099998474121094 18
      vertex -15.166666030883789 -27.099998474121094 22
    endloop
  endfacet
  facet normal 0 1 0
    outer loop
      vertex -10.833333015441895 -24.900001525878906 18
      vertex -15.166666030883789 -24.900001525878906 22
      vertex -10.833333015441895 -24.900001525878906 22
    endloop
  endfacet
  facet normal 0 1 0
    outer loop
      vertex -15.166666030883789 -24.900001525878906 22
      vertex -10.833333015441895 -24.900001525878906 18
      vertex -15.166666030883789 -24.900001525878906 18
    endloop
  endfacet
  facet normal 0 -1 0
    outer loop
      vertex -15.166666030883789 -27.099998474121094 18
      vertex -10.833333015441895 -27.099998474121094 22
      vertex -15.166666030883789 -27.099998474121094 22
    endloop
  endfacet
  facet normal 0 -1 0
    outer loop
      vertex -10.833333015441895 -27.099998474121094 22
      vertex -15.166666030883789 -27.099998474121094 18
      vertex -10.833333015441895 -27.099998474121094 18
    endloop
  endfacet
  facet normal 1 0 0
    outer loop
      vertex -2.166666030883789 -27.099998474121094 22
      vertex -2.166666030883789 -24.900001525878906 18
      vertex -2.166666030883789 -24.900001525878906 22
    endloop
  endfacet
  facet normal 1 0 0
    outer loop
      vertex -2.166666030883789 -24.900001525878906 18
      vertex -2.166666030883789 -27.099998474121094 22
      vertex -2.166666030883789 -27.099998474121094 18
    endloop
  endfacet
  facet normal 0 0 1
    outer loop
      vertex -6.5 -24.900001525878906 22
      vertex -2.166666030883789 -27.099998474121094 22
      vertex -2.166666030883789 -24.900001525878906 22
    endloop
  endfacet
  facet normal 0 0 1
    outer loop
      vertex -2.166666030883789 -27.099998474121094 22
      vertex -6.5 -24.900001525878906 22
      vertex -6.5 -27.099998474121094 22
    endloop
  endfacet
  facet normal 0 0 -1
    outer loop
      vertex -6.5 -27.099998474121094 18
      vertex -2.166666030883789 -24.900001525878906 18
      vertex -2.166666030883789 -27.099998474121094 18
    endloop
  endfacet
  facet normal 0 0 -1
    outer loop
      vertex -2.166666030883789 -24.900001525878906 18
      vertex -6.5 -27.099998474121094 18
      vertex -6.5 -24.900001525878906 18
    endloop
  endfacet
  facet normal -1 0 0
    outer loop
      vertex -6.5 -27.099998474121094 18
      vertex -6.5 -24.900001525878906 22
      vertex -6.5 -24.900001525878906 18
    endloop
  endfacet
  facet normal -1 0 0
    outer loop
      vertex -6.5 -24.900001525878906 22
      vertex -6.5 -27.099998474121094 18
      vertex -6.5 -27.099998474121094 22
    endloop
  endfacet
  facet normal 0 1 0
    outer loop
      vertex -2.166666030883789 -24.900001525878906 18
      vertex -6.5 -24.900001525878906 22
      vertex -2.166666030883789 -24.900001525878906 22
    endloop
  endfacet
  facet normal 0 1 0
    outer loop
      vertex -6.5 -24.900001525878906 22
      vertex -2.166666030883789 -24.900001525878906 18
      vertex -6.5 -24.900001525878906 18
    endloop
  endfacet
  facet normal 0 -1 0
    outer loop
      vertex -6.5 -27.099998474121094 18
      vertex -2.166666030883789 -27.099998474121094 22
      vertex -6.5 -27.099998474121094 22
    endloop
  endfacet
  facet normal 0 -1 0
    outer loop
      vertex -2.166666030883789 -27.099998474121094 22
      vertex -6.5 -27.099998474121094 18
      vertex -2.166666030883789 -27.099998474121094 18
    endloop
  endfacet
  facet normal 1 0 0
    outer loop
      vertex 6.499999046325684 -24.900001525878906 22
      vertex 6.499999046325684 -26 19
      vertex 6.499999046325684 -24.900001525878906 19
    endloop
  endfacet
  facet normal 1 0 0
    outer loop
      vertex 6.499999046325684 -27.099998474121094 22
      vertex 6.499999046325684 -26 19
      vertex 6.499999046325684 -24.900001525878906 22
    endloop
  endfacet
  facet normal 1 0 0
    outer loop
      vertex 6.499999046325684 -27.099998474121094 18
      vertex 6.499999046325684 -26 19
      vertex 6.499999046325684 -27.099998474121094 22
    endloop
  endfacet
  facet normal 1 0 0
    outer loop
      vertex 6.499999046325684 -26 19
      vertex 6.499999046325684 -27.099998474121094 18
      vertex 6.499999046325684 -26 18
    endloop
  endfacet
  facet normal 0 0 1
    outer loop
      vertex 2.166666030883789 -24.900001525878906 22
      vertex 6.499999046325684 -27.099998474121094 22
      vertex 6.499999046325684 -24.900001525878906 22
    endloop
  endfacet
  facet normal 0 0 1
    outer loop
      vertex 6.499999046325684 -27.099998474121094 22
      vertex 2.166666030883789 -24.900001525878906 22
      vertex 2.166666030883789 -27.099998474121094 22
    endloop
  endfacet
  facet normal 0 0 -1
    outer loop
      vertex 2.166666030883789 -27.099998474121094 18
      vertex 6.499999046325684 -26 18
      vertex 6.499999046325684 -27.099998474121094 18
    endloop
  endfacet
  facet normal 0 0 -1
    outer loop
      vertex 6.499999046325684 -26 18
      vertex 2.166666030883789 -27.099998474121094 18
      vertex 2.166666030883789 -26 18
    endloop
  endfacet
  facet normal -1 0 0
    outer loop
      vertex 2.166666030883789 -26 18
      vertex 2.166666030883789 -27.099998474121094 18
      vertex 2.166666030883789 -26 19
    endloop
  endfacet
  facet normal -1 0 0
    outer loop
      vertex 2.166666030883789 -26 19
      vertex 2.166666030883789 -24.900001525878906 22
      vertex 2.166666030883789 -24.900001525878906 19
    endloop
  endfacet
  facet normal -1 0 0
    outer loop
      vertex 2.166666030883789 -27.099998474121094 22
      vertex 2.166666030883789 -26 19
      vertex 2.166666030883789 -27.099998474121094 18
    endloop
  endfacet
  facet normal -1 0 0
    outer loop
      vertex 2.166666030883789 -26 19
      vertex 2.166666030883789 -27.099998474121094 22
      vertex 2.166666030883789 -24.900001525878906 22
    endloop
  endfacet
  facet normal 0 1 0
    outer loop
      vertex 6.499999046325684 -24.900001525878906 19
      vertex 2.166666030883789 -24.900001525878906 22
      vertex 6.499999046325684 -24.900001525878906 22
    endloop
  endfacet
  facet normal 0 1 0
    outer loop
      vertex 2.166666030883789 -24.900001525878906 22
      vertex 6.499999046325684 -24.900001525878906 19
      vertex 2.166666030883789 -24.900001525878906 19
    endloop
  endfacet
  facet normal 0 -1 0
    outer loop
      vertex 2.166666030883789 -27.099998474121094 18
      vertex 6.499999046325684 -27.099998474121094 22
      vertex 2.166666030883789 -27.099998474121094 22
    endloop
  endfacet
  facet normal 0 -1 0
    outer loop
      vertex 6.499999046325684 -27.099998474121094 22
      vertex 2.166666030883789 -27.099998474121094 18
      vertex 6.499999046325684 -27.099998474121094 18
    endloop
  endfacet
  facet normal 1 0 0
    outer loop
      vertex 15.166666030883789 -24.900001525878906 22
      vertex 15.166666030883789 -26 19
      vertex 15.166666030883789 -24.900001525878906 19
    endloop
  endfacet
  facet normal 1 0 0
    outer loop
      vertex 15.166666030883789 -27.099998474121094 22
      vertex 15.166666030883789 -26 19
      vertex 15.166666030883789 -24.900001525878906 22
    endloop
  endfacet
  facet normal 1 0 0
    outer loop
      vertex 15.166666030883789 -27.099998474121094 18
      vertex 15.166666030883789 -26 19
      vertex 15.166666030883789 -27.099998474121094 22
    endloop
  endfacet
  facet normal 1 0 0
    outer loop
      vertex 15.166666030883789 -26 19
      vertex 15.166666030883789 -27.099998474121094 18
      vertex 15.166666030883789 -26 18
    endloop
  endfacet
  facet normal 0 0 1
    outer loop
      vertex 10.833333015441895 -24.900001525878906 22
      vertex 15.166666030883789 -27.099998474121094 22
      vertex 15.166666030883789 -24.900001525878906 22
    endloop
  endfacet
  facet normal 0 0 1
    outer loop
      vertex 15.166666030883789 -27.099998474121094 22
      vertex 10.833333015441895 -24.900001525878906 22
      vertex 10.833333015441895 -27.099998474121094 22
    endloop
  endfacet
  facet normal 0 0 -1
    outer loop
      vertex 10.833333015441895 -27.099998474121094 18
      vertex 15.166666030883789 -26 18
      vertex 15.166666030883789 -27.099998474121094 18
    endloop
  endfacet
  facet normal 0 0 -1
    outer loop
      vertex 15.166666030883789 -26 18
      vertex 10.833333015441895 -27.099998474121094 18
      vertex 10.833333015441895 -26 18
    endloop
  endfacet
  facet normal -1 0 0
    outer loop
      vertex 10.833333015441895 -26 18
      vertex 10.833333015441895 -27.099998474121094 18
      vertex 10.833333015441895 -26 19
    endloop
  endfacet
  facet normal -1 0 0
    outer loop
      vertex 10.833333015441895 -26 19
      vertex 10.833333015441895 -24.900001525878906 22
      vertex 10.833333015441895 -24.900001525878906 19
    endloop
  endfacet
  facet normal -1 0 0
    outer loop
      vertex 10.833333015441895 -27.099998474121094 22
      vertex 10.833333015441895 -26 19
      vertex 10.833333015441895 -27.099998474121094 18
    endloop
  endfacet
  facet normal -1 0 0
    outer loop
      vertex 10.833333015441895 -26 19
      vertex 10.833333015441895 -27.099998474121094 22
      vertex 10.833333015441895 -24.900001525878906 22
    endloop
  endfacet
  facet normal 0 1 0
    outer loop
      vertex 15.166666030883789 -24.900001525878906 19
      vertex 10.833333015441895 -24.900001525878906 22
      vertex 15.166666030883789 -24.900001525878906 22
    endloop
  endfacet
  facet normal 0 1 0
    outer loop
      vertex 10.833333015441895 -24.900001525878906 22
      vertex 15.166666030883789 -24.900001525878906 19
      vertex 10.833333015441895 -24.900001525878906 19
    endloop
  endfacet
  facet normal 0 -1 0
    outer loop
      vertex 10.833333015441895 -27.099998474121094 18
      vertex 15.166666030883789 -27.099998474121094 22
      vertex 10.833333015441895 -27.099998474121094 22
    endloop
  endfacet
  facet normal 0 -1 0
    outer loop
      vertex 15.166666030883789 -27.099998474121094 22
      vertex 10.833333015441895 -27.099998474121094 18
      vertex 15.166666030883789 -27.099998474121094 18
    endloop
  endfacet
  facet normal 1 0 0
    outer loop
      vertex 52 -26 19
      vertex 52 -21 1
      vertex 52 -21 19
    endloop
  endfacet
  facet normal 1 0 0
    outer loop
      vertex 52 -21 1
      vertex 52 -26 19
      vertex 52 -26 1
    endloop
  endfacet
  facet normal 0 0 1
    outer loop
      vertex 17.663326263427734 -24.341732025146484 19
      vertex 15.166666030883789 -24.900001525878906 19
      vertex 17.5 -26 19
    endloop
  endfacet
  facet normal 0 0 1
    outer loop
      vertex 18.147024154663086 -22.7471923828125 19
      vertex 15.166666030883789 -24.900001525878906 19
      vertex 17.663326263427734 -24.341732025146484 19
    endloop
  endfacet
  facet normal 0 0 1
    outer loop
      vertex 18.93250846862793 -21.277652740478516 19
      vertex 15.166666030883789 -24.900001525878906 19
      vertex 18.147024154663086 -22.7471923828125 19
    endloop
  endfacet
  facet normal 0 0 1
    outer loop
      vertex 10.833333015441895 -24.900001525878906 19
      vertex 18.93250846862793 -21.277652740478516 19
      vertex 19.16037368774414 -21 19
    endloop
  endfacet
  facet normal 0 0 1
    outer loop
      vertex 18.93250846862793 -21.277652740478516 19
      vertex 10.833333015441895 -24.900001525878906 19
      vertex 15.166666030883789 -24.900001525878906 19
    endloop
  endfacet
  facet normal 0 0 1
    outer loop
      vertex 10.833333015441895 -24.900001525878906 19
      vertex 6.499999046325684 -24.900001525878906 19
      vertex 10.833333015441895 -26 19
    endloop
  endfacet
  facet normal 0 0 1
    outer loop
      vertex 0 -21 19
      vertex 10.833333015441895 -24.900001525878906 19
      vertex 19.16037368774414 -21 19
    endloop
  endfacet
  facet normal 0 0 1
    outer loop
      vertex 10.833333015441895 -24.900001525878906 19
      vertex 0 -21 19
      vertex 6.499999046325684 -24.900001525878906 19
    endloop
  endfacet
  facet normal 0 0 1
    outer loop
      vertex 6.499999046325684 -24.900001525878906 19
      vertex 0 -21 19
      vertex 2.166666030883789 -24.900001525878906 19
    endloop
  endfacet
  facet normal 0 0 1
    outer loop
      vertex 0 -26 19
      vertex 2.166666030883789 -24.900001525878906 19
      vertex 0 -21 19
    endloop
  endfacet
  facet normal 0 0 1
    outer loop
      vertex 2.166666030883789 -24.900001525878906 19
      vertex 0 -26 19
      vertex 2.166666030883789 -26 19
    endloop
  endfacet
  facet normal 0 0 1
    outer loop
      vertex 17.5 -26 19
      vertex 15.166666030883789 -24.900001525878906 19
      vertex 15.166666030883789 -26 19
    endloop
  endfacet
  facet normal 0 0 1
    outer loop
      vertex 10.833333015441895 -26 19
      vertex 6.499999046325684 -24.900001525878906 19
      vertex 6.499999046325684 -26 19
    endloop
  endfacet
  facet normal 0 0 1
    outer loop
      vertex 34.336673736572266 -24.341732025146484 19
      vertex 52 -26 19
      vertex 52 -21 19
    endloop
  endfacet
  facet normal 0 0 1
    outer loop
      vertex 52 -26 19
      vertex 34.336673736572266 -24.341732025146484 19
      vertex 34.5 -26 19
    endloop
  endfacet
  facet normal 0 0 1
    outer loop
      vertex 52 -21 19
      vertex 33.85297393798828 -22.7471923828125 19
      vertex 34.336673736572266 -24.341732025146484 19
    endloop
  endfacet
  facet normal 0 0 1
    outer loop
      vertex 52 -21 19
      vertex 33.06748962402344 -21.277652740478516 19
      vertex 33.85297393798828 -22.7471923828125 19
    endloop
  endfacet
  facet normal 0 0 1
    outer loop
      vertex 33.06748962402344 -21.277652740478516 19
      vertex 52 -21 19
      vertex 32.83962631225586 -21 19
    endloop
  endfacet
  facet normal -1 0 0
    outer loop
      vertex 0 -25 14
      vertex 0 -21 2
      vertex 0 -25 2
    endloop
  endfacet
  facet normal -1 0 0
    outer loop
      vertex 0 -21 2
      vertex 0 -25 14
      vertex 0 -21 19
    endloop
  endfacet
  facet normal -1 0 0
    outer loop
      vertex 0 -26 19
      vertex 0 -25 14
      vertex 0 -26 14
    endloop
  endfacet
  facet normal -1 0 0
    outer loop
      vertex 0 -25 14
      vertex 0 -26 19
      vertex 0 -21 19
    endloop
  endfacet
  facet normal 0 1 0
    outer loop
      vertex 19.16037368774414 -21 2
      vertex 0 -21 19
      vertex 19.16037368774414 -21 19
    endloop
  endfacet
  facet normal 0 1 0
    outer loop
      vertex 0 -21 19
      vertex 19.16037368774414 -21 2
      vertex 0 -21 2
    endloop
  endfacet
  facet normal 0 1 0
    outer loop
      vertex 52 -21 19
      vertex 36 -21 2
      vertex 32.83962631225586 -21 19
    endloop
  endfacet
  facet normal 0 1 0
    outer loop
      vertex 52 -21 1
      vertex 36 -21 2
      vertex 52 -21 19
    endloop
  endfacet
  facet normal 0 1 0
    outer loop
      vertex 36 -21 2
      vertex 52 -21 1
      vertex 36 -21 1
    endloop
  endfacet
  facet normal 0 1 0
    outer loop
      vertex 32.83962631225586 -21 19
      vertex 36 -21 2
      vertex 32.83962631225586 -21 2
    endloop
  endfacet
  facet normal 0 -1 0
    outer loop
      vertex 0 -26 19
      vertex 2.166666030883789 -26 18
      vertex 2.166666030883789 -26 19
    endloop
  endfacet
  facet normal 0 -1 0
    outer loop
      vertex 5 -26 14
      vertex 6.499999046325684 -26 18
      vertex 2.166666030883789 -26 18
    endloop
  endfacet
  facet normal 0 -1 0
    outer loop
      vertex 6.499999046325684 -26 18
      vertex 5 -26 14
      vertex 10.833333015441895 -26 18
    endloop
  endfacet
  facet normal 0 -1 0
    outer loop
      vertex 5 -26 14
      vertex 2.166666030883789 -26 18
      vertex 0 -26 14
    endloop
  endfacet
  facet normal 0 -1 0
    outer loop
      vertex 0 -26 14
      vertex 2.166666030883789 -26 18
      vertex 0 -26 19
    endloop
  endfacet
  facet normal 0 -1 0
    outer loop
      vertex 6.499999046325684 -26 18
      vertex 10.833333015441895 -26 19
      vertex 6.499999046325684 -26 19
    endloop
  endfacet
  facet normal 0 -1 0
    outer loop
      vertex 10.833333015441895 -26 19
      vertex 6.499999046325684 -26 18
      vertex 10.833333015441895 -26 18
    endloop
  endfacet
  facet normal 0 -1 0
    outer loop
      vertex 15.166666030883789 -26 18
      vertex 17.5 -26 19
      vertex 15.166666030883789 -26 19
    endloop
  endfacet
  facet normal 0 -1 0
    outer loop
      vertex 17.5 -26 2
      vertex 10.833333015441895 -26 18
      vertex 5 -26 14
    endloop
  endfacet
  facet normal 0 -1 0
    outer loop
      vertex 17.5 -26 2
      vertex 5 -26 14
      vertex 5 -26 2
    endloop
  endfacet
  facet normal 0 -1 0
    outer loop
      vertex 10.833333015441895 -26 18
      vertex 17.5 -26 2
      vertex 15.166666030883789 -26 18
    endloop
  endfacet
  facet normal 0 -1 0
    outer loop
      vertex 15.166666030883789 -26 18
      vertex 17.5 -26 2
      vertex 17.5 -26 19
    endloop
  endfacet
  facet normal 0 -1 0
    outer loop
      vertex 36 -26 2
      vertex 34.5 -26 19
      vertex 34.5 -26 2
    endloop
  endfacet
  facet normal 0 -1 0
    outer loop
      vertex 34.5 -26 19
      vertex 36 -26 2
      vertex 52 -26 19
    endloop
  endfacet
  facet normal 0 -1 0
    outer loop
      vertex 52 -26 1
      vertex 36 -26 2
      vertex 36 -26 1
    endloop
  endfacet
  facet normal 0 -1 0
    outer loop
      vertex 36 -26 2
      vertex 52 -26 1
      vertex 52 -26 19
    endloop
  endfacet
  facet normal 0 1 0
    outer loop
      vertex -24.900001525878906 -10.833333015441895 18
      vertex -27.099998474121094 -10.833333015441895 22
      vertex -24.900001525878906 -10.833333015441895 22
    endloop
  endfacet
  facet normal 0 1 0
    outer loop
      vertex -27.099998474121094 -10.833333015441895 22
      vertex -24.900001525878906 -10.833333015441895 18
      vertex -27.099998474121094 -10.833333015441895 18
    endloop
  endfacet
  facet normal 0 0 1
    outer loop
      vertex -27.099998474121094 -10.833333015441895 22
      vertex -24.900001525878906 -15.166666030883789 22
      vertex -24.900001525878906 -10.833333015441895 22
    endloop
  endfacet
  facet normal 0 0 1
    outer loop
      vertex -24.900001525878906 -15.166666030883789 22
      vertex -27.099998474121094 -10.833333015441895 22
      vertex -27.099998474121094 -15.166666030883789 22
    endloop
  endfacet
  facet normal 0 0 -1
    outer loop
      vertex -27.099998474121094 -15.166666030883789 18
      vertex -24.900001525878906 -10.833333015441895 18
      vertex -24.900001525878906 -15.166666030883789 18
    endloop
  endfacet
  facet normal 0 0 -1
    outer loop
      vertex -24.900001525878906 -10.833333015441895 18
      vertex -27.099998474121094 -15.166666030883789 18
      vertex -27.099998474121094 -10.833333015441895 18
    endloop
  endfacet
  facet normal 0 -1 0
    outer loop
      vertex -27.099998474121094 -15.166666030883789 18
      vertex -24.900001525878906 -15.166666030883789 22
      vertex -27.099998474121094 -15.166666030883789 22
    endloop
  endfacet
  facet normal 0 -1 0
    outer loop
      vertex -24.900001525878906 -15.166666030883789 22
      vertex -27.099998474121094 -15.166666030883789 18
      vertex -24.900001525878906 -15.166666030883789 18
    endloop
  endfacet
  facet normal -1 0 0
    outer loop
      vertex -27.099998474121094 -15.166666030883789 18
      vertex -27.099998474121094 -10.833333015441895 22
      vertex -27.099998474121094 -10.833333015441895 18
    endloop
  endfacet
  facet normal -1 0 0
    outer loop
      vertex -27.099998474121094 -10.833333015441895 22
      vertex -27.099998474121094 -15.166666030883789 18
      vertex -27.099998474121094 -15.166666030883789 22
    endloop
  endfacet
  facet normal 1 0 0
    outer loop
      vertex -24.900001525878906 -15.166666030883789 22
      vertex -24.900001525878906 -10.833333015441895 18
      vertex -24.900001525878906 -10.833333015441895 22
    endloop
  endfacet
  facet normal 1 0 0
    outer loop
      vertex -24.900001525878906 -10.833333015441895 18
      vertex -24.900001525878906 -15.166666030883789 22
      vertex -24.900001525878906 -15.166666030883789 18
    endloop
  endfacet
  facet normal 0 1 0
    outer loop
      vertex -24.900001525878906 -2.166666030883789 18
      vertex -27.099998474121094 -2.166666030883789 22
      vertex -24.900001525878906 -2.166666030883789 22
    endloop
  endfacet
  facet normal 0 1 0
    outer loop
      vertex -27.099998474121094 -2.166666030883789 22
      vertex -24.900001525878906 -2.166666030883789 18
      vertex -27.099998474121094 -2.166666030883789 18
    endloop
  endfacet
  facet normal 0 0 1
    outer loop
      vertex -27.099998474121094 -2.166666030883789 22
      vertex -24.900001525878906 -6.5 22
      vertex -24.900001525878906 -2.166666030883789 22
    endloop
  endfacet
  facet normal 0 0 1
    outer loop
      vertex -24.900001525878906 -6.5 22
      vertex -27.099998474121094 -2.166666030883789 22
      vertex -27.099998474121094 -6.5 22
    endloop
  endfacet
  facet normal 0 0 -1
    outer loop
      vertex -27.099998474121094 -6.5 18
      vertex -24.900001525878906 -2.166666030883789 18
      vertex -24.900001525878906 -6.5 18
    endloop
  endfacet
  facet normal 0 0 -1
    outer loop
      vertex -24.900001525878906 -2.166666030883789 18
      vertex -27.099998474121094 -6.5 18
      vertex -27.099998474121094 -2.166666030883789 18
    endloop
  endfacet
  facet normal 0 -1 0
    outer loop
      vertex -27.099998474121094 -6.5 18
      vertex -24.900001525878906 -6.5 22
      vertex -27.099998474121094 -6.5 22
    endloop
  endfacet
  facet normal 0 -1 0
    outer loop
      vertex -24.900001525878906 -6.5 22
      vertex -27.099998474121094 -6.5 18
      vertex -24.900001525878906 -6.5 18
    endloop
  endfacet
  facet normal -1 0 0
    outer loop
      vertex -27.099998474121094 -6.5 18
      vertex -27.099998474121094 -2.166666030883789 22
      vertex -27.099998474121094 -2.166666030883789 18
    endloop
  endfacet
  facet normal -1 0 0
    outer loop
      vertex -27.099998474121094 -2.166666030883789 22
      vertex -27.099998474121094 -6.5 18
      vertex -27.099998474121094 -6.5 22
    endloop
  endfacet
  facet normal 1 0 0
    outer loop
      vertex -24.900001525878906 -6.5 22
      vertex -24.900001525878906 -2.166666030883789 18
      vertex -24.900001525878906 -2.166666030883789 22
    endloop
  endfacet
  facet normal 1 0 0
    outer loop
      vertex -24.900001525878906 -2.166666030883789 18
      vertex -24.900001525878906 -6.5 22
      vertex -24.900001525878906 -6.5 18
    endloop
  endfacet
  facet normal 0 1 0
    outer loop
      vertex -24.900001525878906 6.499999046325684 22
      vertex -26 6.499999046325684 19
      vertex -27.099998474121094 6.499999046325684 22
    endloop
  endfacet
  facet normal 0 1 0
    outer loop
      vertex -24.900001525878906 6.499999046325684 18
      vertex -26 6.499999046325684 19
      vertex -24.900001525878906 6.499999046325684 22
    endloop
  endfacet
  facet normal 0 1 0
    outer loop
      vertex -26 6.499999046325684 19
      vertex -24.900001525878906 6.499999046325684 18
      vertex -26 6.499999046325684 18
    endloop
  endfacet
  facet normal 0 1 0
    outer loop
      vertex -27.099998474121094 6.499999046325684 22
      vertex -26 6.499999046325684 19
      vertex -27.099998474121094 6.499999046325684 19
    endloop
  endfacet
  facet normal 0 0 1
    outer loop
      vertex -27.099998474121094 6.499999046325684 22
      vertex -24.900001525878906 2.166666030883789 22
      vertex -24.900001525878906 6.499999046325684 22
    endloop
  endfacet
  facet normal 0 0 1
    outer loop
      vertex -24.900001525878906 2.166666030883789 22
      vertex -27.099998474121094 6.499999046325684 22
      vertex -27.099998474121094 2.166666030883789 22
    endloop
  endfacet
  facet normal 0 0 -1
    outer loop
      vertex -26 2.166666030883789 18
      vertex -24.900001525878906 6.499999046325684 18
      vertex -24.900001525878906 2.166666030883789 18
    endloop
  endfacet
  facet normal 0 0 -1
    outer loop
      vertex -24.900001525878906 6.499999046325684 18
      vertex -26 2.166666030883789 18
      vertex -26 6.499999046325684 18
    endloop
  endfacet
  facet normal 0 -1 0
    outer loop
      vertex -26 2.166666030883789 19
      vertex -27.099998474121094 2.166666030883789 22
      vertex -27.099998474121094 2.166666030883789 19
    endloop
  endfacet
  facet normal 0 -1 0
    outer loop
      vertex -27.099998474121094 2.166666030883789 22
      vertex -26 2.166666030883789 19
      vertex -24.900001525878906 2.166666030883789 22
    endloop
  endfacet
  facet normal 0 -1 0
    outer loop
      vertex -24.900001525878906 2.166666030883789 18
      vertex -26 2.166666030883789 19
      vertex -26 2.166666030883789 18
    endloop
  endfacet
  facet normal 0 -1 0
    outer loop
      vertex -26 2.166666030883789 19
      vertex -24.900001525878906 2.166666030883789 18
      vertex -24.900001525878906 2.166666030883789 22
    endloop
  endfacet
  facet normal -1 0 0
    outer loop
      vertex -27.099998474121094 2.166666030883789 19
      vertex -27.099998474121094 6.499999046325684 22
      vertex -27.099998474121094 6.499999046325684 19
    endloop
  endfacet
  facet normal -1 0 0
    outer loop
      vertex -27.099998474121094 6.499999046325684 22
      vertex -27.099998474121094 2.166666030883789 19
      vertex -27.099998474121094 2.166666030883789 22
    endloop
  endfacet
  facet normal 1 0 0
    outer loop
      vertex -24.900001525878906 2.166666030883789 22
      vertex -24.900001525878906 6.499999046325684 18
      vertex -24.900001525878906 6.499999046325684 22
    endloop
  endfacet
  facet normal 1 0 0
    outer loop
      vertex -24.900001525878906 6.499999046325684 18
      vertex -24.900001525878906 2.166666030883789 22
      vertex -24.900001525878906 2.166666030883789 18
    endloop
  endfacet
  facet normal 0 1 0
    outer loop
      vertex -24.900001525878906 15.166666030883789 22
      vertex -26 15.166666030883789 19
      vertex -27.099998474121094 15.166666030883789 22
    endloop
  endfacet
  facet normal 0 1 0
    outer loop
      vertex -24.900001525878906 15.166666030883789 18
      vertex -26 15.166666030883789 19
      vertex -24.900001525878906 15.166666030883789 22
    endloop
  endfacet
  facet normal 0 1 0
    outer loop
      vertex -26 15.166666030883789 19
      vertex -24.900001525878906 15.166666030883789 18
      vertex -26 15.166666030883789 18
    endloop
  endfacet
  facet normal 0 1 0
    outer loop
      vertex -27.099998474121094 15.166666030883789 22
      vertex -26 15.166666030883789 19
      vertex -27.099998474121094 15.166666030883789 19
    endloop
  endfacet
  facet normal 0 0 1
    outer loop
      vertex -27.099998474121094 15.166666030883789 22
      vertex -24.900001525878906 10.833333015441895 22
      vertex -24.900001525878906 15.166666030883789 22
    endloop
  endfacet
  facet normal 0 0 1
    outer loop
      vertex -24.900001525878906 10.833333015441895 22
      vertex -27.099998474121094 15.166666030883789 22
      vertex -27.099998474121094 10.833333015441895 22
    endloop
  endfacet
  facet normal 0 0 -1
    outer loop
      vertex -26 10.833333015441895 18
      vertex -24.900001525878906 15.166666030883789 18
      vertex -24.900001525878906 10.833333015441895 18
    endloop
  endfacet
  facet normal 0 0 -1
    outer loop
      vertex -24.900001525878906 15.166666030883789 18
      vertex -26 10.833333015441895 18
      vertex -26 15.166666030883789 18
    endloop
  endfacet
  facet normal 0 -1 0
    outer loop
      vertex -26 10.833333015441895 19
      vertex -27.099998474121094 10.833333015441895 22
      vertex -27.099998474121094 10.833333015441895 19
    endloop
  endfacet
  facet normal 0 -1 0
    outer loop
      vertex -27.099998474121094 10.833333015441895 22
      vertex -26 10.833333015441895 19
      vertex -24.900001525878906 10.833333015441895 22
    endloop
  endfacet
  facet normal 0 -1 0
    outer loop
      vertex -24.900001525878906 10.833333015441895 18
      vertex -26 10.833333015441895 19
      vertex -26 10.833333015441895 18
    endloop
  endfacet
  facet normal 0 -1 0
    outer loop
      vertex -26 10.833333015441895 19
      vertex -24.900001525878906 10.833333015441895 18
      vertex -24.900001525878906 10.833333015441895 22
    endloop
  endfacet
  facet normal -1 0 0
    outer loop
      vertex -27.099998474121094 10.833333015441895 19
      vertex -27.099998474121094 15.166666030883789 22
      vertex -27.099998474121094 15.166666030883789 19
    endloop
  endfacet
  facet normal -1 0 0
    outer loop
      vertex -27.099998474121094 15.166666030883789 22
      vertex -27.099998474121094 10.833333015441895 19
      vertex -27.099998474121094 10.833333015441895 22
    endloop
  endfacet
  facet normal 1 0 0
    outer loop
      vertex -24.900001525878906 10.833333015441895 22
      vertex -24.900001525878906 15.166666030883789 18
      vertex -24.900001525878906 15.166666030883789 22
    endloop
  endfacet
  facet normal 1 0 0
    outer loop
      vertex -24.900001525878906 15.166666030883789 18
      vertex -24.900001525878906 10.833333015441895 22
      vertex -24.900001525878906 10.833333015441895 18
    endloop
  endfacet
  facet normal 0 1 0
    outer loop
      vertex -26 52 1
      vertex -31 52 19
      vertex -26 52 19
    endloop
  endfacet
  facet normal 0 1 0
    outer loop
      vertex -31 52 19
      vertex -26 52 1
      vertex -31 52 1
    endloop
  endfacet
  facet normal 0 0 1
    outer loop
      vertex -26 17.5 19
      vertex -27.099998474121094 15.166666030883789 19
      vertex -26 15.166666030883789 19
    endloop
  endfacet
  facet normal 0 0 1
    outer loop
      vertex -30.722347259521484 18.93250846862793 19
      vertex -27.099998474121094 10.833333015441895 19
      vertex -27.099998474121094 15.166666030883789 19
    endloop
  endfacet
  facet normal 0 0 1
    outer loop
      vertex -31 19.16037368774414 19
      vertex -27.099998474121094 10.833333015441895 19
      vertex -30.722347259521484 18.93250846862793 19
    endloop
  endfacet
  facet normal 0 0 1
    outer loop
      vertex -29.2528076171875 18.147024154663086 19
      vertex -27.099998474121094 15.166666030883789 19
      vertex -27.658267974853516 17.663326263427734 19
    endloop
  endfacet
  facet normal 0 0 1
    outer loop
      vertex -27.658267974853516 17.663326263427734 19
      vertex -27.099998474121094 15.166666030883789 19
      vertex -26 17.5 19
    endloop
  endfacet
  facet normal 0 0 1
    outer loop
      vertex -27.099998474121094 10.833333015441895 19
      vertex -26 6.499999046325684 19
      vertex -26 10.833333015441895 19
    endloop
  endfacet
  facet normal 0 0 1
    outer loop
      vertex -26 6.499999046325684 19
      vertex -27.099998474121094 10.833333015441895 19
      vertex -27.099998474121094 6.499999046325684 19
    endloop
  endfacet
  facet normal 0 0 1
    outer loop
      vertex -27.099998474121094 2.166666030883789 19
      vertex -26 0 19
      vertex -26 2.166666030883789 19
    endloop
  endfacet
  facet normal 0 0 1
    outer loop
      vertex -30.722347259521484 18.93250846862793 19
      vertex -27.099998474121094 15.166666030883789 19
      vertex -29.2528076171875 18.147024154663086 19
    endloop
  endfacet
  facet normal 0 0 1
    outer loop
      vertex -31 0 19
      vertex -27.099998474121094 10.833333015441895 19
      vertex -31 19.16037368774414 19
    endloop
  endfacet
  facet normal 0 0 1
    outer loop
      vertex -27.099998474121094 10.833333015441895 19
      vertex -31 0 19
      vertex -27.099998474121094 6.499999046325684 19
    endloop
  endfacet
  facet normal 0 0 1
    outer loop
      vertex -27.099998474121094 2.166666030883789 19
      vertex -31 0 19
      vertex -26 0 19
    endloop
  endfacet
  facet normal 0 0 1
    outer loop
      vertex -27.099998474121094 6.499999046325684 19
      vertex -31 0 19
      vertex -27.099998474121094 2.166666030883789 19
    endloop
  endfacet
  facet normal 0 0 1
    outer loop
      vertex -26 52 19
      vertex -27.658267974853516 34.336673736572266 19
      vertex -26 34.5 19
    endloop
  endfacet
  facet normal 0 0 1
    outer loop
      vertex -31 52 19
      vertex -27.658267974853516 34.336673736572266 19
      vertex -26 52 19
    endloop
  endfacet
  facet normal 0 0 1
    outer loop
      vertex -27.658267974853516 34.336673736572266 19
      vertex -31 52 19
      vertex -29.2528076171875 33.85297393798828 19
    endloop
  endfacet
  facet normal 0 0 1
    outer loop
      vertex -29.2528076171875 33.85297393798828 19
      vertex -31 52 19
      vertex -30.722347259521484 33.06748962402344 19
    endloop
  endfacet
  facet normal 0 0 1
    outer loop
      vertex -30.722347259521484 33.06748962402344 19
      vertex -31 52 19
      vertex -31 32.83962631225586 19
    endloop
  endfacet
  facet normal 0 -1 0
    outer loop
      vertex -31 0 2
      vertex -26 0 19
      vertex -31 0 19
    endloop
  endfacet
  facet normal 0 -1 0
    outer loop
      vertex -26 0 19
      vertex -31 0 2
      vertex -26 0 2
    endloop
  endfacet
  facet normal -1 0 0
    outer loop
      vertex -31 0 2
      vertex -31 19.16037368774414 19
      vertex -31 19.16037368774414 2
    endloop
  endfacet
  facet normal -1 0 0
    outer loop
      vertex -31 19.16037368774414 19
      vertex -31 0 2
      vertex -31 0 19
    endloop
  endfacet
  facet normal -1 0 0
    outer loop
      vertex -31 36 2
      vertex -31 52 1
      vertex -31 36 1
    endloop
  endfacet
  facet normal -1 0 0
    outer loop
      vertex -31 52 1
      vertex -31 36 2
      vertex -31 52 19
    endloop
  endfacet
  facet normal -1 0 0
    outer loop
      vertex -31 32.83962631225586 19
      vertex -31 36 2
      vertex -31 32.83962631225586 2
    endloop
  endfacet
  facet normal -1 0 0
    outer loop
      vertex -31 36 2
      vertex -31 32.83962631225586 19
      vertex -31 52 19
    endloop
  endfacet
  facet normal 1 0 0
    outer loop
      vertex -26 2.166666030883789 19
      vertex -26 0 19
      vertex -26 2.166666030883789 18
    endloop
  endfacet
  facet normal 1 0 0
    outer loop
      vertex -26 10.833333015441895 19
      vertex -26 6.499999046325684 19
      vertex -26 10.833333015441895 18
    endloop
  endfacet
  facet normal 1 0 0
    outer loop
      vertex -26 15.166666030883789 18
      vertex -26 17.5 19
      vertex -26 15.166666030883789 19
    endloop
  endfacet
  facet normal 1 0 0
    outer loop
      vertex -26 17.5 19
      vertex -26 15.166666030883789 18
      vertex -26 17.5 2
    endloop
  endfacet
  facet normal 1 0 0
    outer loop
      vertex -26 10.833333015441895 18
      vertex -26 17.5 2
      vertex -26 15.166666030883789 18
    endloop
  endfacet
  facet normal 1 0 0
    outer loop
      vertex -26 6.499999046325684 18
      vertex -26 10.833333015441895 18
      vertex -26 6.499999046325684 19
    endloop
  endfacet
  facet normal 1 0 0
    outer loop
      vertex -26 10.833333015441895 18
      vertex -26 6.499999046325684 18
      vertex -26 17.5 2
    endloop
  endfacet
  facet normal 1 0 0
    outer loop
      vertex -26 0 2
      vertex -26 6.499999046325684 18
      vertex -26 2.166666030883789 18
    endloop
  endfacet
  facet normal 1 0 0
    outer loop
      vertex -26 0 2
      vertex -26 2.166666030883789 18
      vertex -26 0 19
    endloop
  endfacet
  facet normal 1 0 0
    outer loop
      vertex -26 6.499999046325684 18
      vertex -26 0 2
      vertex -26 17.5 2
    endloop
  endfacet
  facet normal 1 0 0
    outer loop
      vertex -26 52 19
      vertex -26 36 2
      vertex -26 52 1
    endloop
  endfacet
  facet normal 1 0 0
    outer loop
      vertex -26 34.5 19
      vertex -26 36 2
      vertex -26 52 19
    endloop
  endfacet
  facet normal 1 0 0
    outer loop
      vertex -26 36 2
      vertex -26 34.5 19
      vertex -26 34.5 2
    endloop
  endfacet
  facet normal 1 0 0
    outer loop
      vertex -26 52 1
      vertex -26 36 2
      vertex -26 36 1
    endloop
  endfacet
  facet normal 0 1 0
    outer loop
      vertex 27.099998474121094 -10.833333015441895 18
      vertex 24.900001525878906 -10.833333015441895 22
      vertex 27.099998474121094 -10.833333015441895 22
    endloop
  endfacet
  facet normal 0 1 0
    outer loop
      vertex 24.900001525878906 -10.833333015441895 22
      vertex 27.099998474121094 -10.833333015441895 18
      vertex 24.900001525878906 -10.833333015441895 18
    endloop
  endfacet
  facet normal 0 0 1
    outer loop
      vertex 24.900001525878906 -10.833333015441895 22
      vertex 27.099998474121094 -15.166666030883789 22
      vertex 27.099998474121094 -10.833333015441895 22
    endloop
  endfacet
  facet normal 0 0 1
    outer loop
      vertex 27.099998474121094 -15.166666030883789 22
      vertex 24.900001525878906 -10.833333015441895 22
      vertex 24.900001525878906 -15.166666030883789 22
    endloop
  endfacet
  facet normal 0 0 -1
    outer loop
      vertex 24.900001525878906 -15.166666030883789 18
      vertex 27.099998474121094 -10.833333015441895 18
      vertex 27.099998474121094 -15.166666030883789 18
    endloop
  endfacet
  facet normal 0 0 -1
    outer loop
      vertex 27.099998474121094 -10.833333015441895 18
      vertex 24.900001525878906 -15.166666030883789 18
      vertex 24.900001525878906 -10.833333015441895 18
    endloop
  endfacet
  facet normal 0 -1 0
    outer loop
      vertex 24.900001525878906 -15.166666030883789 18
      vertex 27.099998474121094 -15.166666030883789 22
      vertex 24.900001525878906 -15.166666030883789 22
    endloop
  endfacet
  facet normal 0 -1 0
    outer loop
      vertex 27.099998474121094 -15.166666030883789 22
      vertex 24.900001525878906 -15.166666030883789 18
      vertex 27.099998474121094 -15.166666030883789 18
    endloop
  endfacet
  facet normal -1 0 0
    outer loop
      vertex 24.900001525878906 -15.166666030883789 18
      vertex 24.900001525878906 -10.833333015441895 22
      vertex 24.900001525878906 -10.833333015441895 18
    endloop
  endfacet
  facet normal -1 0 0
    outer loop
      vertex 24.900001525878906 -10.833333015441895 22
      vertex 24.900001525878906 -15.166666030883789 18
      vertex 24.900001525878906 -15.166666030883789 22
    endloop
  endfacet
  facet normal 1 0 0
    outer loop
      vertex 27.099998474121094 -15.166666030883789 22
      vertex 27.099998474121094 -10.833333015441895 18
      vertex 27.099998474121094 -10.833333015441895 22
    endloop
  endfacet
  facet normal 1 0 0
    outer loop
      vertex 27.099998474121094 -10.833333015441895 18
      vertex 27.099998474121094 -15.166666030883789 22
      vertex 27.099998474121094 -15.166666030883789 18
    endloop
  endfacet
  facet normal 0 1 0
    outer loop
      vertex 27.099998474121094 -2.166666030883789 18
      vertex 24.900001525878906 -2.166666030883789 22
      vertex 27.099998474121094 -2.166666030883789 22
    endloop
  endfacet
  facet normal 0 1 0
    outer loop
      vertex 24.900001525878906 -2.166666030883789 22
      vertex 27.099998474121094 -2.166666030883789 18
      vertex 24.900001525878906 -2.166666030883789 18
    endloop
  endfacet
  facet normal 0 0 1
    outer loop
      vertex 24.900001525878906 -2.166666030883789 22
      vertex 27.099998474121094 -6.5 22
      vertex 27.099998474121094 -2.166666030883789 22
    endloop
  endfacet
  facet normal 0 0 1
    outer loop
      vertex 27.099998474121094 -6.5 22
      vertex 24.900001525878906 -2.166666030883789 22
      vertex 24.900001525878906 -6.5 22
    endloop
  endfacet
  facet normal 0 0 -1
    outer loop
      vertex 24.900001525878906 -6.5 18
      vertex 27.099998474121094 -2.166666030883789 18
      vertex 27.099998474121094 -6.5 18
    endloop
  endfacet
  facet normal 0 0 -1
    outer loop
      vertex 27.099998474121094 -2.166666030883789 18
      vertex 24.900001525878906 -6.5 18
      vertex 24.900001525878906 -2.166666030883789 18
    endloop
  endfacet
  facet normal 0 -1 0
    outer loop
      vertex 24.900001525878906 -6.5 18
      vertex 27.099998474121094 -6.5 22
      vertex 24.900001525878906 -6.5 22
    endloop
  endfacet
  facet normal 0 -1 0
    outer loop
      vertex 27.099998474121094 -6.5 22
      vertex 24.900001525878906 -6.5 18
      vertex 27.099998474121094 -6.5 18
    endloop
  endfacet
  facet normal -1 0 0
    outer loop
      vertex 24.900001525878906 -6.5 18
      vertex 24.900001525878906 -2.166666030883789 22
      vertex 24.900001525878906 -2.166666030883789 18
    endloop
  endfacet
  facet normal -1 0 0
    outer loop
      vertex 24.900001525878906 -2.166666030883789 22
      vertex 24.900001525878906 -6.5 18
      vertex 24.900001525878906 -6.5 22
    endloop
  endfacet
  facet normal 1 0 0
    outer loop
      vertex 27.099998474121094 -6.5 22
      vertex 27.099998474121094 -2.166666030883789 18
      vertex 27.099998474121094 -2.166666030883789 22
    endloop
  endfacet
  facet normal 1 0 0
    outer loop
      vertex 27.099998474121094 -2.166666030883789 18
      vertex 27.099998474121094 -6.5 22
      vertex 27.099998474121094 -6.5 18
    endloop
  endfacet
  facet normal 0 1 0
    outer loop
      vertex 27.099998474121094 6.499999046325684 22
      vertex 26 6.499999046325684 19
      vertex 24.900001525878906 6.499999046325684 22
    endloop
  endfacet
  facet normal 0 1 0
    outer loop
      vertex 27.099998474121094 6.499999046325684 18
      vertex 26 6.499999046325684 19
      vertex 27.099998474121094 6.499999046325684 22
    endloop
  endfacet
  facet normal 0 1 0
    outer loop
      vertex 26 6.499999046325684 19
      vertex 27.099998474121094 6.499999046325684 18
      vertex 26 6.499999046325684 18
    endloop
  endfacet
  facet normal 0 1 0
    outer loop
      vertex 24.900001525878906 6.499999046325684 22
      vertex 26 6.499999046325684 19
      vertex 24.900001525878906 6.499999046325684 19
    endloop
  endfacet
  facet normal 0 0 1
    outer loop
      vertex 24.900001525878906 6.499999046325684 22
      vertex 27.099998474121094 2.166666030883789 22
      vertex 27.099998474121094 6.499999046325684 22
    endloop
  endfacet
  facet normal 0 0 1
    outer loop
      vertex 27.099998474121094 2.166666030883789 22
      vertex 24.900001525878906 6.499999046325684 22
      vertex 24.900001525878906 2.166666030883789 22
    endloop
  endfacet
  facet normal 0 0 -1
    outer loop
      vertex 26 2.166666030883789 18
      vertex 27.099998474121094 6.499999046325684 18
      vertex 27.099998474121094 2.166666030883789 18
    endloop
  endfacet
  facet normal 0 0 -1
    outer loop
      vertex 27.099998474121094 6.499999046325684 18
      vertex 26 2.166666030883789 18
      vertex 26 6.499999046325684 18
    endloop
  endfacet
  facet normal 0 -1 0
    outer loop
      vertex 26 2.166666030883789 19
      vertex 24.900001525878906 2.166666030883789 22
      vertex 24.900001525878906 2.166666030883789 19
    endloop
  endfacet
  facet normal 0 -1 0
    outer loop
      vertex 24.900001525878906 2.166666030883789 22
      vertex 26 2.166666030883789 19
      vertex 27.099998474121094 2.166666030883789 22
    endloop
  endfacet
  facet normal 0 -1 0
    outer loop
      vertex 27.099998474121094 2.166666030883789 18
      vertex 26 2.166666030883789 19
      vertex 26 2.166666030883789 18
    endloop
  endfacet
  facet normal 0 -1 0
    outer loop
      vertex 26 2.166666030883789 19
      vertex 27.099998474121094 2.166666030883789 18
      vertex 27.099998474121094 2.166666030883789 22
    endloop
  endfacet
  facet normal -1 0 0
    outer loop
      vertex 24.900001525878906 2.166666030883789 19
      vertex 24.900001525878906 6.499999046325684 22
      vertex 24.900001525878906 6.499999046325684 19
    endloop
  endfacet
  facet normal -1 0 0
    outer loop
      vertex 24.900001525878906 6.499999046325684 22
      vertex 24.900001525878906 2.166666030883789 19
      vertex 24.900001525878906 2.166666030883789 22
    endloop
  endfacet
  facet normal 1 0 0
    outer loop
      vertex 27.099998474121094 2.166666030883789 22
      vertex 27.099998474121094 6.499999046325684 18
      vertex 27.099998474121094 6.499999046325684 22
    endloop
  endfacet
  facet normal 1 0 0
    outer loop
      vertex 27.099998474121094 6.499999046325684 18
      vertex 27.099998474121094 2.166666030883789 22
      vertex 27.099998474121094 2.166666030883789 18
    endloop
  endfacet
  facet normal 0 1 0
    outer loop
      vertex 27.099998474121094 15.166666030883789 22
      vertex 26 15.166666030883789 19
      vertex 24.900001525878906 15.166666030883789 22
    endloop
  endfacet
  facet normal 0 1 0
    outer loop
      vertex 27.099998474121094 15.166666030883789 18
      vertex 26 15.166666030883789 19
      vertex 27.099998474121094 15.166666030883789 22
    endloop
  endfacet
  facet normal 0 1 0
    outer loop
      vertex 26 15.166666030883789 19
      vertex 27.099998474121094 15.166666030883789 18
      vertex 26 15.166666030883789 18
    endloop
  endfacet
  facet normal 0 1 0
    outer loop
      vertex 24.900001525878906 15.166666030883789 22
      vertex 26 15.166666030883789 19
      vertex 24.900001525878906 15.166666030883789 19
    endloop
  endfacet
  facet normal 0 0 1
    outer loop
      vertex 24.900001525878906 15.166666030883789 22
      vertex 27.099998474121094 10.833333015441895 22
      vertex 27.099998474121094 15.166666030883789 22
    endloop
  endfacet
  facet normal 0 0 1
    outer loop
      vertex 27.099998474121094 10.833333015441895 22
      vertex 24.900001525878906 15.166666030883789 22
      vertex 24.900001525878906 10.833333015441895 22
    endloop
  endfacet
  facet normal 0 0 -1
    outer loop
      vertex 26 10.833333015441895 18
      vertex 27.099998474121094 15.166666030883789 18
      vertex 27.099998474121094 10.833333015441895 18
    endloop
  endfacet
  facet normal 0 0 -1
    outer loop
      vertex 27.099998474121094 15.166666030883789 18
      vertex 26 10.833333015441895 18
      vertex 26 15.166666030883789 18
    endloop
  endfacet
  facet normal 0 -1 0
    outer loop
      vertex 26 10.833333015441895 19
      vertex 24.900001525878906 10.833333015441895 22
      vertex 24.900001525878906 10.833333015441895 19
    endloop
  endfacet
  facet normal 0 -1 0
    outer loop
      vertex 24.900001525878906 10.833333015441895 22
      vertex 26 10.833333015441895 19
      vertex 27.099998474121094 10.833333015441895 22
    endloop
  endfacet
  facet normal 0 -1 0
    outer loop
      vertex 27.099998474121094 10.833333015441895 18
      vertex 26 10.833333015441895 19
      vertex 26 10.833333015441895 18
    endloop
  endfacet
  facet normal 0 -1 0
    outer loop
      vertex 26 10.833333015441895 19
      vertex 27.099998474121094 10.833333015441895 18
      vertex 27.099998474121094 10.833333015441895 22
    endloop
  endfacet
  facet normal -1 0 0
    outer loop
      vertex 24.900001525878906 10.833333015441895 19
      vertex 24.900001525878906 15.166666030883789 22
      vertex 24.900001525878906 15.166666030883789 19
    endloop
  endfacet
  facet normal -1 0 0
    outer loop
      vertex 24.900001525878906 15.166666030883789 22
      vertex 24.900001525878906 10.833333015441895 19
      vertex 24.900001525878906 10.833333015441895 22
    endloop
  endfacet
  facet normal 1 0 0
    outer loop
      vertex 27.099998474121094 10.833333015441895 22
      vertex 27.099998474121094 15.166666030883789 18
      vertex 27.099998474121094 15.166666030883789 22
    endloop
  endfacet
  facet normal 1 0 0
    outer loop
      vertex 27.099998474121094 15.166666030883789 18
      vertex 27.099998474121094 10.833333015441895 22
      vertex 27.099998474121094 10.833333015441895 18
    endloop
  endfacet
  facet normal 0 1 0
    outer loop
      vertex 26 52 1
      vertex 21 52 19
      vertex 26 52 19
    endloop
  endfacet
  facet normal 0 1 0
    outer loop
      vertex 21 52 19
      vertex 26 52 1
      vertex 21 52 1
    endloop
  endfacet
  facet normal 0 -1 0
    outer loop
      vertex 21 0 2
      vertex 26 0 19
      vertex 21 0 19
    endloop
  endfacet
  facet normal 0 -1 0
    outer loop
      vertex 26 0 19
      vertex 21 0 2
      vertex 26 0 2
    endloop
  endfacet
  facet normal -1 0 0
    outer loop
      vertex 21 0 2
      vertex 21 19.16037368774414 19
      vertex 21 19.16037368774414 2
    endloop
  endfacet
  facet normal -1 0 0
    outer loop
      vertex 21 19.16037368774414 19
      vertex 21 0 2
      vertex 21 0 19
    endloop
  endfacet
  facet normal -1 0 0
    outer loop
      vertex 21 36 2
      vertex 21 52 1
      vertex 21 36 1
    endloop
  endfacet
  facet normal -1 0 0
    outer loop
      vertex 21 52 1
      vertex 21 36 2
      vertex 21 52 19
    endloop
  endfacet
  facet normal -1 0 0
    outer loop
      vertex 21 32.83962631225586 19
      vertex 21 36 2
      vertex 21 32.83962631225586 2
    endloop
  endfacet
  facet normal -1 0 0
    outer loop
      vertex 21 36 2
      vertex 21 32.83962631225586 19
      vertex 21 52 19
    endloop
  endfacet
  facet normal 1 0 0
    outer loop
      vertex 26 2.166666030883789 19
      vertex 26 0 19
      vertex 26 2.166666030883789 18
    endloop
  endfacet
  facet normal 1 0 0
    outer loop
      vertex 26 10.833333015441895 19
      vertex 26 6.499999046325684 19
      vertex 26 10.833333015441895 18
    endloop
  endfacet
  facet normal 1 0 0
    outer loop
      vertex 26 15.166666030883789 18
      vertex 26 17.5 19
      vertex 26 15.166666030883789 19
    endloop
  endfacet
  facet normal 1 0 0
    outer loop
      vertex 26 17.5 19
      vertex 26 15.166666030883789 18
      vertex 26 17.5 2
    endloop
  endfacet
  facet normal 1 0 0
    outer loop
      vertex 26 10.833333015441895 18
      vertex 26 17.5 2
      vertex 26 15.166666030883789 18
    endloop
  endfacet
  facet normal 1 0 0
    outer loop
      vertex 26 6.499999046325684 18
      vertex 26 10.833333015441895 18
      vertex 26 6.499999046325684 19
    endloop
  endfacet
  facet normal 1 0 0
    outer loop
      vertex 26 10.833333015441895 18
      vertex 26 6.499999046325684 18
      vertex 26 17.5 2
    endloop
  endfacet
  facet normal 1 0 0
    outer loop
      vertex 26 0 2
      vertex 26 6.499999046325684 18
      vertex 26 2.166666030883789 18
    endloop
  endfacet
  facet normal 1 0 0
    outer loop
      vertex 26 0 2
      vertex 26 2.166666030883789 18
      vertex 26 0 19
    endloop
  endfacet
  facet normal 1 0 0
    outer loop
      vertex 26 6.499999046325684 18
      vertex 26 0 2
      vertex 26 17.5 2
    endloop
  endfacet
  facet normal 1 0 0
    outer loop
      vertex 26 52 19
      vertex 26 36 2
      vertex 26 52 1
    endloop
  endfacet
  facet normal 1 0 0
    outer loop
      vertex 26 34.5 19
      vertex 26 36 2
      vertex 26 52 19
    endloop
  endfacet
  facet normal 1 0 0
    outer loop
      vertex 26 36 2
      vertex 26 34.5 19
      vertex 26 34.5 2
    endloop
  endfacet
  facet normal 1 0 0
    outer loop
      vertex 26 52 1
      vertex 26 36 2
      vertex 26 36 1
    endloop
  endfacet
  facet normal 1 0 0
    outer loop
      vertex -7.5 10.09999942779541 30
      vertex -7.5 10 27
      vertex -7.5 10.09999942779541 26.75948715209961
    endloop
  endfacet
  facet normal 1 0 0
    outer loop
      vertex -7.5 10.09999942779541 30
      vertex -7.5 9.805213928222656 27
      vertex -7.5 10 27
    endloop
  endfacet
  facet normal 1 0 0
    outer loop
      vertex -7.5 7.899999618530273 28.5544490814209
      vertex -7.5 10.09999942779541 30
      vertex -7.5 7.899999618530273 30
    endloop
  endfacet
  facet normal 1 0 0
    outer loop
      vertex -7.5 10.09999942779541 30
      vertex -7.5 7.899999618530273 28.5544490814209
      vertex -7.5 9.805213928222656 27
    endloop
  endfacet
  facet normal 1 0 0
    outer loop
      vertex -7.5 10.09999942779541 26.75948715209961
      vertex -7.5 10 27
      vertex -7.5 10 26.841075897216797
    endloop
  endfacet
  facet normal 0 0 1
    outer loop
      vertex -7.5 10.09999942779541 30
      vertex -7.899999618530273 7.899999618530273 30
      vertex -7.5 7.899999618530273 30
    endloop
  endfacet
  facet normal 0 0 1
    outer loop
      vertex -9.166666030883789 9.166666030883789 30
      vertex -7.5 10.09999942779541 30
      vertex -9.166666030883789 10.09999942779541 30
    endloop
  endfacet
  facet normal 0 0 1
    outer loop
      vertex -7.5 10.09999942779541 30
      vertex -9.166666030883789 9.166666030883789 30
      vertex -7.899999618530273 7.899999618530273 30
    endloop
  endfacet
  facet normal 0 0 1
    outer loop
      vertex -10.09999942779541 7.5 30
      vertex -7.899999618530273 7.899999618530273 30
      vertex -9.166666030883789 9.166666030883789 30
    endloop
  endfacet
  facet normal 0 0 1
    outer loop
      vertex -10.09999942779541 7.5 30
      vertex -9.166666030883789 9.166666030883789 30
      vertex -10.09999942779541 9.166666030883789 30
    endloop
  endfacet
  facet normal 0 0 1
    outer loop
      vertex -7.899999618530273 7.899999618530273 30
      vertex -10.09999942779541 7.5 30
      vertex -7.899999618530273 7.5 30
    endloop
  endfacet
  facet normal 0 0 -1
    outer loop
      vertex 11.030865669250488 -11.030865669250488 26
      vertex 10 -10 26
      vertex 11.030865669250488 11.030865669250488 26
    endloop
  endfacet
  facet normal 0 0 -1
    outer loop
      vertex 11.030865669250488 -11.030865669250488 26
      vertex -10 -10 26
      vertex 10 -10 26
    endloop
  endfacet
  facet normal 0 0 -1
    outer loop
      vertex -10 -10 26
      vertex -11.030865669250488 -11.030865669250488 26
      vertex -10 10 26
    endloop
  endfacet
  facet normal 0 0 -1
    outer loop
      vertex -11.030865669250488 -11.030865669250488 26
      vertex -10 -10 26
      vertex 11.030865669250488 -11.030865669250488 26
    endloop
  endfacet
  facet normal 0 0 -1
    outer loop
      vertex 10 10 26
      vertex 11.030865669250488 11.030865669250488 26
      vertex 10 -10 26
    endloop
  endfacet
  facet normal 0 0 -1
    outer loop
      vertex -10 10 26
      vertex 11.030865669250488 11.030865669250488 26
      vertex 10 10 26
    endloop
  endfacet
  facet normal 0 0 -1
    outer loop
      vertex -10 10 26
      vertex -11.030865669250488 11.030865669250488 26
      vertex 11.030865669250488 11.030865669250488 26
    endloop
  endfacet
  facet normal 0 0 -1
    outer loop
      vertex -11.030865669250488 11.030865669250488 26
      vertex -10 10 26
      vertex -11.030865669250488 -11.030865669250488 26
    endloop
  endfacet
  facet normal -1 0 0
    outer loop
      vertex -9.166666030883789 10 27
      vertex -9.166666030883789 10.09999942779541 26.75948715209961
      vertex -9.166666030883789 10 26.841075897216797
    endloop
  endfacet
  facet normal -1 0 0
    outer loop
      vertex -9.166666030883789 10.09999942779541 26.75948715209961
      vertex -9.166666030883789 10 27
      vertex -9.166666030883789 10.09999942779541 30
    endloop
  endfacet
  facet normal -1 0 0
    outer loop
      vertex -9.166666030883789 9.166666030883789 27.520986557006836
      vertex -9.166666030883789 10 27
      vertex -9.166666030883789 9.805213928222656 27
    endloop
  endfacet
  facet normal -1 0 0
    outer loop
      vertex -9.166666030883789 10 27
      vertex -9.166666030883789 9.166666030883789 27.520986557006836
      vertex -9.166666030883789 10.09999942779541 30
    endloop
  endfacet
  facet normal -1 0 0
    outer loop
      vertex -9.166666030883789 10.09999942779541 30
      vertex -9.166666030883789 9.166666030883789 27.520986557006836
      vertex -9.166666030883789 9.166666030883789 30
    endloop
  endfacet
  facet normal 0 1 0
    outer loop
      vertex -7.5 10.09999942779541 26.75948715209961
      vertex -9.166666030883789 10.09999942779541 30
      vertex -7.5 10.09999942779541 30
    endloop
  endfacet
  facet normal 0 1 0
    outer loop
      vertex -9.166666030883789 10.09999942779541 30
      vertex -7.5 10.09999942779541 26.75948715209961
      vertex -9.166666030883789 10.09999942779541 26.75948715209961
    endloop
  endfacet
  facet normal 0 -1 0
    outer loop
      vertex -7.899999618530273 7.899999618530273 28.5544490814209
      vertex -7.5 7.899999618530273 30
      vertex -7.899999618530273 7.899999618530273 30
    endloop
  endfacet
  facet normal 0 -1 0
    outer loop
      vertex -7.5 7.899999618530273 30
      vertex -7.899999618530273 7.899999618530273 28.5544490814209
      vertex -7.5 7.899999618530273 28.5544490814209
    endloop
  endfacet
  facet normal 1 0 0
    outer loop
      vertex -7.5 -10.09999942779541 30
      vertex -7.5 -7.899999618530273 28.5544490814209
      vertex -7.5 -7.899999618530273 30
    endloop
  endfacet
  facet normal 1 0 0
    outer loop
      vertex -7.5 -7.899999618530273 28.5544490814209
      vertex -7.5 -10.09999942779541 30
      vertex -7.5 -9.805213928222656 27
    endloop
  endfacet
  facet normal 1 0 0
    outer loop
      vertex -7.5 -9.805213928222656 27
      vertex -7.5 -10.09999942779541 30
      vertex -7.5 -10 27
    endloop
  endfacet
  facet normal 1 0 0
    outer loop
      vertex -7.5 -10.09999942779541 26.75948715209961
      vertex -7.5 -10 27
      vertex -7.5 -10.09999942779541 30
    endloop
  endfacet
  facet normal 1 0 0
    outer loop
      vertex -7.5 -10 27
      vertex -7.5 -10.09999942779541 26.75948715209961
      vertex -7.5 -10 26.841075897216797
    endloop
  endfacet
  facet normal 0 0 1
    outer loop
      vertex -10.09999942779541 -7.5 30
      vertex -7.899999618530273 -7.899999618530273 30
      vertex -7.899999618530273 -7.5 30
    endloop
  endfacet
  facet normal 0 0 1
    outer loop
      vertex -7.899999618530273 -7.899999618530273 30
      vertex -10.09999942779541 -7.5 30
      vertex -9.166666030883789 -9.166666030883789 30
    endloop
  endfacet
  facet normal 0 0 1
    outer loop
      vertex -9.166666030883789 -9.166666030883789 30
      vertex -10.09999942779541 -7.5 30
      vertex -10.09999942779541 -9.166666030883789 30
    endloop
  endfacet
  facet normal 0 0 1
    outer loop
      vertex -7.899999618530273 -7.899999618530273 30
      vertex -7.5 -10.09999942779541 30
      vertex -7.5 -7.899999618530273 30
    endloop
  endfacet
  facet normal 0 0 1
    outer loop
      vertex -9.166666030883789 -9.166666030883789 30
      vertex -7.5 -10.09999942779541 30
      vertex -7.899999618530273 -7.899999618530273 30
    endloop
  endfacet
  facet normal 0 0 1
    outer loop
      vertex -7.5 -10.09999942779541 30
      vertex -9.166666030883789 -9.166666030883789 30
      vertex -9.166666030883789 -10.09999942779541 30
    endloop
  endfacet
  facet normal -1 0 0
    outer loop
      vertex -9.166666030883789 -10 26.841075897216797
      vertex -9.166666030883789 -10.09999942779541 26.75948715209961
      vertex -9.166666030883789 -10 27
    endloop
  endfacet
  facet normal -1 0 0
    outer loop
      vertex -9.166666030883789 -10 27
      vertex -9.166666030883789 -9.166666030883789 27.520986557006836
      vertex -9.166666030883789 -9.805213928222656 27
    endloop
  endfacet
  facet normal -1 0 0
    outer loop
      vertex -9.166666030883789 -9.166666030883789 27.520986557006836
      vertex -9.166666030883789 -10 27
      vertex -9.166666030883789 -10.09999942779541 30
    endloop
  endfacet
  facet normal -1 0 0
    outer loop
      vertex -9.166666030883789 -10.09999942779541 30
      vertex -9.166666030883789 -10 27
      vertex -9.166666030883789 -10.09999942779541 26.75948715209961
    endloop
  endfacet
  facet normal -1 0 0
    outer loop
      vertex -9.166666030883789 -9.166666030883789 27.520986557006836
      vertex -9.166666030883789 -10.09999942779541 30
      vertex -9.166666030883789 -9.166666030883789 30
    endloop
  endfacet
  facet normal 0 1 0
    outer loop
      vertex -7.5 -7.899999618530273 28.5544490814209
      vertex -7.899999618530273 -7.899999618530273 30
      vertex -7.5 -7.899999618530273 30
    endloop
  endfacet
  facet normal 0 1 0
    outer loop
      vertex -7.899999618530273 -7.899999618530273 30
      vertex -7.5 -7.899999618530273 28.5544490814209
      vertex -7.899999618530273 -7.899999618530273 28.5544490814209
    endloop
  endfacet
  facet normal 0 -1 0
    outer loop
      vertex -9.166666030883789 -10.09999942779541 26.75948715209961
      vertex -7.5 -10.09999942779541 30
      vertex -9.166666030883789 -10.09999942779541 30
    endloop
  endfacet
  facet normal 0 -1 0
    outer loop
      vertex -7.5 -10.09999942779541 30
      vertex -9.166666030883789 -10.09999942779541 26.75948715209961
      vertex -7.5 -10.09999942779541 26.75948715209961
    endloop
  endfacet
  facet normal 1 0 0
    outer loop
      vertex 10.09999942779541 -9.166666030883789 30
      vertex 10.09999942779541 -7.5 26.75948715209961
      vertex 10.09999942779541 -7.5 30
    endloop
  endfacet
  facet normal 1 0 0
    outer loop
      vertex 10.09999942779541 -7.5 26.75948715209961
      vertex 10.09999942779541 -9.166666030883789 30
      vertex 10.09999942779541 -9.166666030883789 26.75948715209961
    endloop
  endfacet
  facet normal 0 0 1
    outer loop
      vertex 10.09999942779541 -7.5 30
      vertex 9.166666030883789 -9.166666030883789 30
      vertex 10.09999942779541 -9.166666030883789 30
    endloop
  endfacet
  facet normal 0 0 1
    outer loop
      vertex 7.899999618530273 -7.899999618530273 30
      vertex 10.09999942779541 -7.5 30
      vertex 7.899999618530273 -7.5 30
    endloop
  endfacet
  facet normal 0 0 1
    outer loop
      vertex 10.09999942779541 -7.5 30
      vertex 7.899999618530273 -7.899999618530273 30
      vertex 9.166666030883789 -9.166666030883789 30
    endloop
  endfacet
  facet normal 0 0 1
    outer loop
      vertex 7.5 -10.09999942779541 30
      vertex 9.166666030883789 -9.166666030883789 30
      vertex 7.899999618530273 -7.899999618530273 30
    endloop
  endfacet
  facet normal 0 0 1
    outer loop
      vertex 7.5 -10.09999942779541 30
      vertex 7.899999618530273 -7.899999618530273 30
      vertex 7.5 -7.899999618530273 30
    endloop
  endfacet
  facet normal 0 0 1
    outer loop
      vertex 9.166666030883789 -9.166666030883789 30
      vertex 7.5 -10.09999942779541 30
      vertex 9.166666030883789 -10.09999942779541 30
    endloop
  endfacet
  facet normal -1 0 0
    outer loop
      vertex 7.899999618530273 -7.899999618530273 28.5544490814209
      vertex 7.899999618530273 -7.5 30
      vertex 7.899999618530273 -7.5 28.5544490814209
    endloop
  endfacet
  facet normal -1 0 0
    outer loop
      vertex 7.899999618530273 -7.5 30
      vertex 7.899999618530273 -7.899999618530273 28.5544490814209
      vertex 7.899999618530273 -7.899999618530273 30
    endloop
  endfacet
  facet normal 0 1 0
    outer loop
      vertex 10.09999942779541 -7.5 30
      vertex 7.899999618530273 -7.5 28.5544490814209
      vertex 7.899999618530273 -7.5 30
    endloop
  endfacet
  facet normal 0 1 0
    outer loop
      vertex 9.805213928222656 -7.5 27
      vertex 10.09999942779541 -7.5 30
      vertex 10 -7.5 27
    endloop
  endfacet
  facet normal 0 1 0
    outer loop
      vertex 10.09999942779541 -7.5 26.75948715209961
      vertex 10 -7.5 27
      vertex 10.09999942779541 -7.5 30
    endloop
  endfacet
  facet normal 0 1 0
    outer loop
      vertex 10 -7.5 27
      vertex 10.09999942779541 -7.5 26.75948715209961
      vertex 10 -7.5 26.841075897216797
    endloop
  endfacet
  facet normal 0 1 0
    outer loop
      vertex 10.09999942779541 -7.5 30
      vertex 9.805213928222656 -7.5 27
      vertex 7.899999618530273 -7.5 28.5544490814209
    endloop
  endfacet
  facet normal 0 -1 0
    outer loop
      vertex 9.166666030883789 -9.166666030883789 27.520986557006836
      vertex 10.09999942779541 -9.166666030883789 30
      vertex 9.166666030883789 -9.166666030883789 30
    endloop
  endfacet
  facet normal 0 -1 0
    outer loop
      vertex 10 -9.166666030883789 27
      vertex 9.166666030883789 -9.166666030883789 27.520986557006836
      vertex 9.805213928222656 -9.166666030883789 27
    endloop
  endfacet
  facet normal 0 -1 0
    outer loop
      vertex 9.166666030883789 -9.166666030883789 27.520986557006836
      vertex 10 -9.166666030883789 27
      vertex 10.09999942779541 -9.166666030883789 30
    endloop
  endfacet
  facet normal 0 -1 0
    outer loop
      vertex 10.09999942779541 -9.166666030883789 26.75948715209961
      vertex 10 -9.166666030883789 27
      vertex 10 -9.166666030883789 26.841075897216797
    endloop
  endfacet
  facet normal 0 -1 0
    outer loop
      vertex 10 -9.166666030883789 27
      vertex 10.09999942779541 -9.166666030883789 26.75948715209961
      vertex 10.09999942779541 -9.166666030883789 30
    endloop
  endfacet
  facet normal 1 0 0
    outer loop
      vertex -7.899999618530273 -7.899999618530273 30
      vertex -7.899999618530273 -7.5 28.5544490814209
      vertex -7.899999618530273 -7.5 30
    endloop
  endfacet
  facet normal 1 0 0
    outer loop
      vertex -7.899999618530273 -7.5 28.5544490814209
      vertex -7.899999618530273 -7.899999618530273 30
      vertex -7.899999618530273 -7.899999618530273 28.5544490814209
    endloop
  endfacet
  facet normal -1 0 0
    outer loop
      vertex -10.09999942779541 -9.166666030883789 26.75948715209961
      vertex -10.09999942779541 -7.5 30
      vertex -10.09999942779541 -7.5 26.75948715209961
    endloop
  endfacet
  facet normal -1 0 0
    outer loop
      vertex -10.09999942779541 -7.5 30
      vertex -10.09999942779541 -9.166666030883789 26.75948715209961
      vertex -10.09999942779541 -9.166666030883789 30
    endloop
  endfacet
  facet normal 0 1 0
    outer loop
      vertex -7.899999618530273 -7.5 28.5544490814209
      vertex -10.09999942779541 -7.5 30
      vertex -7.899999618530273 -7.5 30
    endloop
  endfacet
  facet normal 0 1 0
    outer loop
      vertex -9.805213928222656 -7.5 27
      vertex -10.09999942779541 -7.5 30
      vertex -7.899999618530273 -7.5 28.5544490814209
    endloop
  endfacet
  facet normal 0 1 0
    outer loop
      vertex -10 -7.5 27
      vertex -10.09999942779541 -7.5 30
      vertex -9.805213928222656 -7.5 27
    endloop
  endfacet
  facet normal 0 1 0
    outer loop
      vertex -10.09999942779541 -7.5 26.75948715209961
      vertex -10 -7.5 27
      vertex -10 -7.5 26.841075897216797
    endloop
  endfacet
  facet normal 0 1 0
    outer loop
      vertex -10 -7.5 27
      vertex -10.09999942779541 -7.5 26.75948715209961
      vertex -10.09999942779541 -7.5 30
    endloop
  endfacet
  facet normal 0 -1 0
    outer loop
      vertex -10.09999942779541 -9.166666030883789 30
      vertex -9.166666030883789 -9.166666030883789 27.520986557006836
      vertex -9.166666030883789 -9.166666030883789 30
    endloop
  endfacet
  facet normal 0 -1 0
    outer loop
      vertex -10.09999942779541 -9.166666030883789 30
      vertex -10 -9.166666030883789 27
      vertex -9.166666030883789 -9.166666030883789 27.520986557006836
    endloop
  endfacet
  facet normal 0 -1 0
    outer loop
      vertex -10.09999942779541 -9.166666030883789 26.75948715209961
      vertex -10 -9.166666030883789 27
      vertex -10.09999942779541 -9.166666030883789 30
    endloop
  endfacet
  facet normal 0 -1 0
    outer loop
      vertex -10 -9.166666030883789 27
      vertex -10.09999942779541 -9.166666030883789 26.75948715209961
      vertex -10 -9.166666030883789 26.841075897216797
    endloop
  endfacet
  facet normal 0 -1 0
    outer loop
      vertex -9.166666030883789 -9.166666030883789 27.520986557006836
      vertex -10 -9.166666030883789 27
      vertex -9.805213928222656 -9.166666030883789 27
    endloop
  endfacet
  facet normal 1 0 0
    outer loop
      vertex -4.166666030883789 10.09999942779541 30
      vertex -4.166666030883789 10 27
      vertex -4.166666030883789 10.09999942779541 26.75948715209961
    endloop
  endfacet
  facet normal 1 0 0
    outer loop
      vertex -4.166666030883789 10.09999942779541 30
      vertex -4.166666030883789 9.805213928222656 27
      vertex -4.166666030883789 10 27
    endloop
  endfacet
  facet normal 1 0 0
    outer loop
      vertex -4.166666030883789 7.899999618530273 28.5544490814209
      vertex -4.166666030883789 10.09999942779541 30
      vertex -4.166666030883789 7.899999618530273 30
    endloop
  endfacet
  facet normal 1 0 0
    outer loop
      vertex -4.166666030883789 10.09999942779541 30
      vertex -4.166666030883789 7.899999618530273 28.5544490814209
      vertex -4.166666030883789 9.805213928222656 27
    endloop
  endfacet
  facet normal 1 0 0
    outer loop
      vertex -4.166666030883789 10.09999942779541 26.75948715209961
      vertex -4.166666030883789 10 27
      vertex -4.166666030883789 10 26.841075897216797
    endloop
  endfacet
  facet normal 0 0 1
    outer loop
      vertex -5.8333330154418945 10.09999942779541 30
      vertex -4.166666030883789 7.899999618530273 30
      vertex -4.166666030883789 10.09999942779541 30
    endloop
  endfacet
  facet normal 0 0 1
    outer loop
      vertex -4.166666030883789 7.899999618530273 30
      vertex -5.8333330154418945 10.09999942779541 30
      vertex -5.8333330154418945 7.899999618530273 30
    endloop
  endfacet
  facet normal -1 0 0
    outer loop
      vertex -5.8333330154418945 10 27
      vertex -5.8333330154418945 10.09999942779541 26.75948715209961
      vertex -5.8333330154418945 10 26.841075897216797
    endloop
  endfacet
  facet normal -1 0 0
    outer loop
      vertex -5.8333330154418945 10.09999942779541 26.75948715209961
      vertex -5.8333330154418945 10 27
      vertex -5.8333330154418945 10.09999942779541 30
    endloop
  endfacet
  facet normal -1 0 0
    outer loop
      vertex -5.8333330154418945 9.805213928222656 27
      vertex -5.8333330154418945 10.09999942779541 30
      vertex -5.8333330154418945 10 27
    endloop
  endfacet
  facet normal -1 0 0
    outer loop
      vertex -5.8333330154418945 7.899999618530273 28.5544490814209
      vertex -5.8333330154418945 10.09999942779541 30
      vertex -5.8333330154418945 9.805213928222656 27
    endloop
  endfacet
  facet normal -1 0 0
    outer loop
      vertex -5.8333330154418945 10.09999942779541 30
      vertex -5.8333330154418945 7.899999618530273 28.5544490814209
      vertex -5.8333330154418945 7.899999618530273 30
    endloop
  endfacet
  facet normal 0 1 0
    outer loop
      vertex -4.166666030883789 10.09999942779541 26.75948715209961
      vertex -5.8333330154418945 10.09999942779541 30
      vertex -4.166666030883789 10.09999942779541 30
    endloop
  endfacet
  facet normal 0 1 0
    outer loop
      vertex -5.8333330154418945 10.09999942779541 30
      vertex -4.166666030883789 10.09999942779541 26.75948715209961
      vertex -5.8333330154418945 10.09999942779541 26.75948715209961
    endloop
  endfacet
  facet normal 0 -1 0
    outer loop
      vertex -5.8333330154418945 7.899999618530273 28.5544490814209
      vertex -4.166666030883789 7.899999618530273 30
      vertex -5.8333330154418945 7.899999618530273 30
    endloop
  endfacet
  facet normal 0 -1 0
    outer loop
      vertex -4.166666030883789 7.899999618530273 30
      vertex -5.8333330154418945 7.899999618530273 28.5544490814209
      vertex -4.166666030883789 7.899999618530273 28.5544490814209
    endloop
  endfacet
  facet normal 1 0 0
    outer loop
      vertex -4.166666030883789 -10.09999942779541 30
      vertex -4.166666030883789 -7.899999618530273 28.5544490814209
      vertex -4.166666030883789 -7.899999618530273 30
    endloop
  endfacet
  facet normal 1 0 0
    outer loop
      vertex -4.166666030883789 -7.899999618530273 28.5544490814209
      vertex -4.166666030883789 -10.09999942779541 30
      vertex -4.166666030883789 -9.805213928222656 27
    endloop
  endfacet
  facet normal 1 0 0
    outer loop
      vertex -4.166666030883789 -9.805213928222656 27
      vertex -4.166666030883789 -10.09999942779541 30
      vertex -4.166666030883789 -10 27
    endloop
  endfacet
  facet normal 1 0 0
    outer loop
      vertex -4.166666030883789 -10.09999942779541 26.75948715209961
      vertex -4.166666030883789 -10 27
      vertex -4.166666030883789 -10.09999942779541 30
    endloop
  endfacet
  facet normal 1 0 0
    outer loop
      vertex -4.166666030883789 -10 27
      vertex -4.166666030883789 -10.09999942779541 26.75948715209961
      vertex -4.166666030883789 -10 26.841075897216797
    endloop
  endfacet
  facet normal 0 0 1
    outer loop
      vertex -5.8333330154418945 -7.899999618530273 30
      vertex -4.166666030883789 -10.09999942779541 30
      vertex -4.166666030883789 -7.899999618530273 30
    endloop
  endfacet
  facet normal 0 0 1
    outer loop
      vertex -4.166666030883789 -10.09999942779541 30
      vertex -5.8333330154418945 -7.899999618530273 30
      vertex -5.8333330154418945 -10.09999942779541 30
    endloop
  endfacet
  facet normal -1 0 0
    outer loop
      vertex -5.8333330154418945 -10 26.841075897216797
      vertex -5.8333330154418945 -10.09999942779541 26.75948715209961
      vertex -5.8333330154418945 -10 27
    endloop
  endfacet
  facet normal -1 0 0
    outer loop
      vertex -5.8333330154418945 -10.09999942779541 30
      vertex -5.8333330154418945 -7.899999618530273 28.5544490814209
      vertex -5.8333330154418945 -9.805213928222656 27
    endloop
  endfacet
  facet normal -1 0 0
    outer loop
      vertex -5.8333330154418945 -10.09999942779541 30
      vertex -5.8333330154418945 -9.805213928222656 27
      vertex -5.8333330154418945 -10 27
    endloop
  endfacet
  facet normal -1 0 0
    outer loop
      vertex -5.8333330154418945 -7.899999618530273 28.5544490814209
      vertex -5.8333330154418945 -10.09999942779541 30
      vertex -5.8333330154418945 -7.899999618530273 30
    endloop
  endfacet
  facet normal -1 0 0
    outer loop
      vertex -5.8333330154418945 -10.09999942779541 30
      vertex -5.8333330154418945 -10 27
      vertex -5.8333330154418945 -10.09999942779541 26.75948715209961
    endloop
  endfacet
  facet normal 0 1 0
    outer loop
      vertex -4.166666030883789 -7.899999618530273 28.5544490814209
      vertex -5.8333330154418945 -7.899999618530273 30
      vertex -4.166666030883789 -7.899999618530273 30
    endloop
  endfacet
  facet normal 0 1 0
    outer loop
      vertex -5.8333330154418945 -7.899999618530273 30
      vertex -4.166666030883789 -7.899999618530273 28.5544490814209
      vertex -5.8333330154418945 -7.899999618530273 28.5544490814209
    endloop
  endfacet
  facet normal 0 -1 0
    outer loop
      vertex -5.8333330154418945 -10.09999942779541 26.75948715209961
      vertex -4.166666030883789 -10.09999942779541 30
      vertex -5.8333330154418945 -10.09999942779541 30
    endloop
  endfacet
  facet normal 0 -1 0
    outer loop
      vertex -4.166666030883789 -10.09999942779541 30
      vertex -5.8333330154418945 -10.09999942779541 26.75948715209961
      vertex -4.166666030883789 -10.09999942779541 26.75948715209961
    endloop
  endfacet
  facet normal 1 0 0
    outer loop
      vertex 10.09999942779541 -5.8333330154418945 30
      vertex 10.09999942779541 -4.166666030883789 26.75948715209961
      vertex 10.09999942779541 -4.166666030883789 30
    endloop
  endfacet
  facet normal 1 0 0
    outer loop
      vertex 10.09999942779541 -4.166666030883789 26.75948715209961
      vertex 10.09999942779541 -5.8333330154418945 30
      vertex 10.09999942779541 -5.8333330154418945 26.75948715209961
    endloop
  endfacet
  facet normal 0 0 1
    outer loop
      vertex 7.899999618530273 -4.166666030883789 30
      vertex 10.09999942779541 -5.8333330154418945 30
      vertex 10.09999942779541 -4.166666030883789 30
    endloop
  endfacet
  facet normal 0 0 1
    outer loop
      vertex 10.09999942779541 -5.8333330154418945 30
      vertex 7.899999618530273 -4.166666030883789 30
      vertex 7.899999618530273 -5.8333330154418945 30
    endloop
  endfacet
  facet normal -1 0 0
    outer loop
      vertex 7.899999618530273 -5.8333330154418945 28.5544490814209
      vertex 7.899999618530273 -4.166666030883789 30
      vertex 7.899999618530273 -4.166666030883789 28.5544490814209
    endloop
  endfacet
  facet normal -1 0 0
    outer loop
      vertex 7.899999618530273 -4.166666030883789 30
      vertex 7.899999618530273 -5.8333330154418945 28.5544490814209
      vertex 7.899999618530273 -5.8333330154418945 30
    endloop
  endfacet
  facet normal 0 1 0
    outer loop
      vertex 10.09999942779541 -4.166666030883789 30
      vertex 7.899999618530273 -4.166666030883789 28.5544490814209
      vertex 7.899999618530273 -4.166666030883789 30
    endloop
  endfacet
  facet normal 0 1 0
    outer loop
      vertex 9.805213928222656 -4.166666030883789 27
      vertex 10.09999942779541 -4.166666030883789 30
      vertex 10 -4.166666030883789 27
    endloop
  endfacet
  facet normal 0 1 0
    outer loop
      vertex 10.09999942779541 -4.166666030883789 26.75948715209961
      vertex 10 -4.166666030883789 27
      vertex 10.09999942779541 -4.166666030883789 30
    endloop
  endfacet
  facet normal 0 1 0
    outer loop
      vertex 10 -4.166666030883789 27
      vertex 10.09999942779541 -4.166666030883789 26.75948715209961
      vertex 10 -4.166666030883789 26.841075897216797
    endloop
  endfacet
  facet normal 0 1 0
    outer loop
      vertex 10.09999942779541 -4.166666030883789 30
      vertex 9.805213928222656 -4.166666030883789 27
      vertex 7.899999618530273 -4.166666030883789 28.5544490814209
    endloop
  endfacet
  facet normal 0 -1 0
    outer loop
      vertex 7.899999618530273 -5.8333330154418945 28.5544490814209
      vertex 10.09999942779541 -5.8333330154418945 30
      vertex 7.899999618530273 -5.8333330154418945 30
    endloop
  endfacet
  facet normal 0 -1 0
    outer loop
      vertex 9.805213928222656 -5.8333330154418945 27
      vertex 10.09999942779541 -5.8333330154418945 30
      vertex 7.899999618530273 -5.8333330154418945 28.5544490814209
    endloop
  endfacet
  facet normal 0 -1 0
    outer loop
      vertex 10 -5.8333330154418945 27
      vertex 10.09999942779541 -5.8333330154418945 30
      vertex 9.805213928222656 -5.8333330154418945 27
    endloop
  endfacet
  facet normal 0 -1 0
    outer loop
      vertex 10.09999942779541 -5.8333330154418945 26.75948715209961
      vertex 10 -5.8333330154418945 27
      vertex 10 -5.8333330154418945 26.841075897216797
    endloop
  endfacet
  facet normal 0 -1 0
    outer loop
      vertex 10 -5.8333330154418945 27
      vertex 10.09999942779541 -5.8333330154418945 26.75948715209961
      vertex 10.09999942779541 -5.8333330154418945 30
    endloop
  endfacet
  facet normal 1 0 0
    outer loop
      vertex -7.899999618530273 -5.8333330154418945 30
      vertex -7.899999618530273 -4.166666030883789 28.5544490814209
      vertex -7.899999618530273 -4.166666030883789 30
    endloop
  endfacet
  facet normal 1 0 0
    outer loop
      vertex -7.899999618530273 -4.166666030883789 28.5544490814209
      vertex -7.899999618530273 -5.8333330154418945 30
      vertex -7.899999618530273 -5.8333330154418945 28.5544490814209
    endloop
  endfacet
  facet normal 0 0 1
    outer loop
      vertex -10.09999942779541 -4.166666030883789 30
      vertex -7.899999618530273 -5.8333330154418945 30
      vertex -7.899999618530273 -4.166666030883789 30
    endloop
  endfacet
  facet normal 0 0 1
    outer loop
      vertex -7.899999618530273 -5.8333330154418945 30
      vertex -10.09999942779541 -4.166666030883789 30
      vertex -10.09999942779541 -5.8333330154418945 30
    endloop
  endfacet
  facet normal -1 0 0
    outer loop
      vertex -10.09999942779541 -5.8333330154418945 26.75948715209961
      vertex -10.09999942779541 -4.166666030883789 30
      vertex -10.09999942779541 -4.166666030883789 26.75948715209961
    endloop
  endfacet
  facet normal -1 0 0
    outer loop
      vertex -10.09999942779541 -4.166666030883789 30
      vertex -10.09999942779541 -5.8333330154418945 26.75948715209961
      vertex -10.09999942779541 -5.8333330154418945 30
    endloop
  endfacet
  facet normal 0 1 0
    outer loop
      vertex -7.899999618530273 -4.166666030883789 28.5544490814209
      vertex -10.09999942779541 -4.166666030883789 30
      vertex -7.899999618530273 -4.166666030883789 30
    endloop
  endfacet
  facet normal 0 1 0
    outer loop
      vertex -9.805213928222656 -4.166666030883789 27
      vertex -10.09999942779541 -4.166666030883789 30
      vertex -7.899999618530273 -4.166666030883789 28.5544490814209
    endloop
  endfacet
  facet normal 0 1 0
    outer loop
      vertex -10 -4.166666030883789 27
      vertex -10.09999942779541 -4.166666030883789 30
      vertex -9.805213928222656 -4.166666030883789 27
    endloop
  endfacet
  facet normal 0 1 0
    outer loop
      vertex -10.09999942779541 -4.166666030883789 26.75948715209961
      vertex -10 -4.166666030883789 27
      vertex -10 -4.166666030883789 26.841075897216797
    endloop
  endfacet
  facet normal 0 1 0
    outer loop
      vertex -10 -4.166666030883789 27
      vertex -10.09999942779541 -4.166666030883789 26.75948715209961
      vertex -10.09999942779541 -4.166666030883789 30
    endloop
  endfacet
  facet normal 0 -1 0
    outer loop
      vertex -10.09999942779541 -5.8333330154418945 30
      vertex -7.899999618530273 -5.8333330154418945 28.5544490814209
      vertex -7.899999618530273 -5.8333330154418945 30
    endloop
  endfacet
  facet normal 0 -1 0
    outer loop
      vertex -9.805213928222656 -5.8333330154418945 27
      vertex -10.09999942779541 -5.8333330154418945 30
      vertex -10 -5.8333330154418945 27
    endloop
  endfacet
  facet normal 0 -1 0
    outer loop
      vertex -10.09999942779541 -5.8333330154418945 26.75948715209961
      vertex -10 -5.8333330154418945 27
      vertex -10.09999942779541 -5.8333330154418945 30
    endloop
  endfacet
  facet normal 0 -1 0
    outer loop
      vertex -10 -5.8333330154418945 27
      vertex -10.09999942779541 -5.8333330154418945 26.75948715209961
      vertex -10 -5.8333330154418945 26.841075897216797
    endloop
  endfacet
  facet normal 0 -1 0
    outer loop
      vertex -10.09999942779541 -5.8333330154418945 30
      vertex -9.805213928222656 -5.8333330154418945 27
      vertex -7.899999618530273 -5.8333330154418945 28.5544490814209
    endloop
  endfacet
  facet normal 1 0 0
    outer loop
      vertex -0.8333330154418945 10.09999942779541 30
      vertex -0.8333330154418945 10 27
      vertex -0.8333330154418945 10.09999942779541 26.75948715209961
    endloop
  endfacet
  facet normal 1 0 0
    outer loop
      vertex -0.8333330154418945 10.09999942779541 30
      vertex -0.8333330154418945 9.805213928222656 27
      vertex -0.8333330154418945 10 27
    endloop
  endfacet
  facet normal 1 0 0
    outer loop
      vertex -0.8333330154418945 7.899999618530273 28.5544490814209
      vertex -0.8333330154418945 10.09999942779541 30
      vertex -0.8333330154418945 7.899999618530273 30
    endloop
  endfacet
  facet normal 1 0 0
    outer loop
      vertex -0.8333330154418945 10.09999942779541 30
      vertex -0.8333330154418945 7.899999618530273 28.5544490814209
      vertex -0.8333330154418945 9.805213928222656 27
    endloop
  endfacet
  facet normal 1 0 0
    outer loop
      vertex -0.8333330154418945 10.09999942779541 26.75948715209961
      vertex -0.8333330154418945 10 27
      vertex -0.8333330154418945 10 26.841075897216797
    endloop
  endfacet
  facet normal 0 0 1
    outer loop
      vertex -2.4999990463256836 10.09999942779541 30
      vertex -0.8333330154418945 7.899999618530273 30
      vertex -0.8333330154418945 10.09999942779541 30
    endloop
  endfacet
  facet normal 0 0 1
    outer loop
      vertex -0.8333330154418945 7.899999618530273 30
      vertex -2.4999990463256836 10.09999942779541 30
      vertex -2.4999990463256836 7.899999618530273 30
    endloop
  endfacet
  facet normal -1 0 0
    outer loop
      vertex -2.4999990463256836 10 27
      vertex -2.4999990463256836 10.09999942779541 26.75948715209961
      vertex -2.4999990463256836 10 26.841075897216797
    endloop
  endfacet
  facet normal -1 0 0
    outer loop
      vertex -2.4999990463256836 10.09999942779541 26.75948715209961
      vertex -2.4999990463256836 10 27
      vertex -2.4999990463256836 10.09999942779541 30
    endloop
  endfacet
  facet normal -1 0 0
    outer loop
      vertex -2.4999990463256836 9.805213928222656 27
      vertex -2.4999990463256836 10.09999942779541 30
      vertex -2.4999990463256836 10 27
    endloop
  endfacet
  facet normal -1 0 0
    outer loop
      vertex -2.4999990463256836 7.899999618530273 28.5544490814209
      vertex -2.4999990463256836 10.09999942779541 30
      vertex -2.4999990463256836 9.805213928222656 27
    endloop
  endfacet
  facet normal -1 0 0
    outer loop
      vertex -2.4999990463256836 10.09999942779541 30
      vertex -2.4999990463256836 7.899999618530273 28.5544490814209
      vertex -2.4999990463256836 7.899999618530273 30
    endloop
  endfacet
  facet normal 0 1 0
    outer loop
      vertex -0.8333330154418945 10.09999942779541 26.75948715209961
      vertex -2.4999990463256836 10.09999942779541 30
      vertex -0.8333330154418945 10.09999942779541 30
    endloop
  endfacet
  facet normal 0 1 0
    outer loop
      vertex -2.4999990463256836 10.09999942779541 30
      vertex -0.8333330154418945 10.09999942779541 26.75948715209961
      vertex -2.4999990463256836 10.09999942779541 26.75948715209961
    endloop
  endfacet
  facet normal 0 -1 0
    outer loop
      vertex -2.4999990463256836 7.899999618530273 28.5544490814209
      vertex -0.8333330154418945 7.899999618530273 30
      vertex -2.4999990463256836 7.899999618530273 30
    endloop
  endfacet
  facet normal 0 -1 0
    outer loop
      vertex -0.8333330154418945 7.899999618530273 30
      vertex -2.4999990463256836 7.899999618530273 28.5544490814209
      vertex -0.8333330154418945 7.899999618530273 28.5544490814209
    endloop
  endfacet
  facet normal 1 0 0
    outer loop
      vertex -0.8333330154418945 -10.09999942779541 30
      vertex -0.8333330154418945 -7.899999618530273 28.5544490814209
      vertex -0.8333330154418945 -7.899999618530273 30
    endloop
  endfacet
  facet normal 1 0 0
    outer loop
      vertex -0.8333330154418945 -7.899999618530273 28.5544490814209
      vertex -0.8333330154418945 -10.09999942779541 30
      vertex -0.8333330154418945 -9.805213928222656 27
    endloop
  endfacet
  facet normal 1 0 0
    outer loop
      vertex -0.8333330154418945 -9.805213928222656 27
      vertex -0.8333330154418945 -10.09999942779541 30
      vertex -0.8333330154418945 -10 27
    endloop
  endfacet
  facet normal 1 0 0
    outer loop
      vertex -0.8333330154418945 -10.09999942779541 26.75948715209961
      vertex -0.8333330154418945 -10 27
      vertex -0.8333330154418945 -10.09999942779541 30
    endloop
  endfacet
  facet normal 1 0 0
    outer loop
      vertex -0.8333330154418945 -10 27
      vertex -0.8333330154418945 -10.09999942779541 26.75948715209961
      vertex -0.8333330154418945 -10 26.841075897216797
    endloop
  endfacet
  facet normal 0 0 1
    outer loop
      vertex -2.4999990463256836 -7.899999618530273 30
      vertex -0.8333330154418945 -10.09999942779541 30
      vertex -0.8333330154418945 -7.899999618530273 30
    endloop
  endfacet
  facet normal 0 0 1
    outer loop
      vertex -0.8333330154418945 -10.09999942779541 30
      vertex -2.4999990463256836 -7.899999618530273 30
      vertex -2.4999990463256836 -10.09999942779541 30
    endloop
  endfacet
  facet normal -1 0 0
    outer loop
      vertex -2.4999990463256836 -10 26.841075897216797
      vertex -2.4999990463256836 -10.09999942779541 26.75948715209961
      vertex -2.4999990463256836 -10 27
    endloop
  endfacet
  facet normal -1 0 0
    outer loop
      vertex -2.4999990463256836 -10.09999942779541 30
      vertex -2.4999990463256836 -7.899999618530273 28.5544490814209
      vertex -2.4999990463256836 -9.805213928222656 27
    endloop
  endfacet
  facet normal -1 0 0
    outer loop
      vertex -2.4999990463256836 -10.09999942779541 30
      vertex -2.4999990463256836 -9.805213928222656 27
      vertex -2.4999990463256836 -10 27
    endloop
  endfacet
  facet normal -1 0 0
    outer loop
      vertex -2.4999990463256836 -7.899999618530273 28.5544490814209
      vertex -2.4999990463256836 -10.09999942779541 30
      vertex -2.4999990463256836 -7.899999618530273 30
    endloop
  endfacet
  facet normal -1 0 0
    outer loop
      vertex -2.4999990463256836 -10.09999942779541 30
      vertex -2.4999990463256836 -10 27
      vertex -2.4999990463256836 -10.09999942779541 26.75948715209961
    endloop
  endfacet
  facet normal 0 1 0
    outer loop
      vertex -0.8333330154418945 -7.899999618530273 28.5544490814209
      vertex -2.4999990463256836 -7.899999618530273 30
      vertex -0.8333330154418945 -7.899999618530273 30
    endloop
  endfacet
  facet normal 0 1 0
    outer loop
      vertex -2.4999990463256836 -7.899999618530273 30
      vertex -0.8333330154418945 -7.899999618530273 28.5544490814209
      vertex -2.4999990463256836 -7.899999618530273 28.5544490814209
    endloop
  endfacet
  facet normal 0 -1 0
    outer loop
      vertex -2.4999990463256836 -10.09999942779541 26.75948715209961
      vertex -0.8333330154418945 -10.09999942779541 30
      vertex -2.4999990463256836 -10.09999942779541 30
    endloop
  endfacet
  facet normal 0 -1 0
    outer loop
      vertex -0.8333330154418945 -10.09999942779541 30
      vertex -2.4999990463256836 -10.09999942779541 26.75948715209961
      vertex -0.8333330154418945 -10.09999942779541 26.75948715209961
    endloop
  endfacet
  facet normal 1 0 0
    outer loop
      vertex 10.09999942779541 -2.4999990463256836 30
      vertex 10.09999942779541 -0.8333330154418945 26.75948715209961
      vertex 10.09999942779541 -0.8333330154418945 30
    endloop
  endfacet
  facet normal 1 0 0
    outer loop
      vertex 10.09999942779541 -0.8333330154418945 26.75948715209961
      vertex 10.09999942779541 -2.4999990463256836 30
      vertex 10.09999942779541 -2.4999990463256836 26.75948715209961
    endloop
  endfacet
  facet normal 0 0 1
    outer loop
      vertex 7.899999618530273 -0.8333330154418945 30
      vertex 10.09999942779541 -2.4999990463256836 30
      vertex 10.09999942779541 -0.8333330154418945 30
    endloop
  endfacet
  facet normal 0 0 1
    outer loop
      vertex 10.09999942779541 -2.4999990463256836 30
      vertex 7.899999618530273 -0.8333330154418945 30
      vertex 7.899999618530273 -2.4999990463256836 30
    endloop
  endfacet
  facet normal -1 0 0
    outer loop
      vertex 7.899999618530273 -2.4999990463256836 28.5544490814209
      vertex 7.899999618530273 -0.8333330154418945 30
      vertex 7.899999618530273 -0.8333330154418945 28.5544490814209
    endloop
  endfacet
  facet normal -1 0 0
    outer loop
      vertex 7.899999618530273 -0.8333330154418945 30
      vertex 7.899999618530273 -2.4999990463256836 28.5544490814209
      vertex 7.899999618530273 -2.4999990463256836 30
    endloop
  endfacet
  facet normal 0 1 0
    outer loop
      vertex 10.09999942779541 -0.8333330154418945 30
      vertex 7.899999618530273 -0.8333330154418945 28.5544490814209
      vertex 7.899999618530273 -0.8333330154418945 30
    endloop
  endfacet
  facet normal 0 1 0
    outer loop
      vertex 9.805213928222656 -0.8333330154418945 27
      vertex 10.09999942779541 -0.8333330154418945 30
      vertex 10 -0.8333330154418945 27
    endloop
  endfacet
  facet normal 0 1 0
    outer loop
      vertex 10.09999942779541 -0.8333330154418945 26.75948715209961
      vertex 10 -0.8333330154418945 27
      vertex 10.09999942779541 -0.8333330154418945 30
    endloop
  endfacet
  facet normal 0 1 0
    outer loop
      vertex 10 -0.8333330154418945 27
      vertex 10.09999942779541 -0.8333330154418945 26.75948715209961
      vertex 10 -0.8333330154418945 26.841075897216797
    endloop
  endfacet
  facet normal 0 1 0
    outer loop
      vertex 10.09999942779541 -0.8333330154418945 30
      vertex 9.805213928222656 -0.8333330154418945 27
      vertex 7.899999618530273 -0.8333330154418945 28.5544490814209
    endloop
  endfacet
  facet normal 0 -1 0
    outer loop
      vertex 7.899999618530273 -2.4999990463256836 28.5544490814209
      vertex 10.09999942779541 -2.4999990463256836 30
      vertex 7.899999618530273 -2.4999990463256836 30
    endloop
  endfacet
  facet normal 0 -1 0
    outer loop
      vertex 9.805213928222656 -2.4999990463256836 27
      vertex 10.09999942779541 -2.4999990463256836 30
      vertex 7.899999618530273 -2.4999990463256836 28.5544490814209
    endloop
  endfacet
  facet normal 0 -1 0
    outer loop
      vertex 10 -2.4999990463256836 27
      vertex 10.09999942779541 -2.4999990463256836 30
      vertex 9.805213928222656 -2.4999990463256836 27
    endloop
  endfacet
  facet normal 0 -1 0
    outer loop
      vertex 10.09999942779541 -2.4999990463256836 26.75948715209961
      vertex 10 -2.4999990463256836 27
      vertex 10 -2.4999990463256836 26.841075897216797
    endloop
  endfacet
  facet normal 0 -1 0
    outer loop
      vertex 10 -2.4999990463256836 27
      vertex 10.09999942779541 -2.4999990463256836 26.75948715209961
      vertex 10.09999942779541 -2.4999990463256836 30
    endloop
  endfacet
  facet normal 1 0 0
    outer loop
      vertex -7.899999618530273 -2.4999990463256836 30
      vertex -7.899999618530273 -0.8333330154418945 28.5544490814209
      vertex -7.899999618530273 -0.8333330154418945 30
    endloop
  endfacet
  facet normal 1 0 0
    outer loop
      vertex -7.899999618530273 -0.8333330154418945 28.5544490814209
      vertex -7.899999618530273 -2.4999990463256836 30
      vertex -7.899999618530273 -2.4999990463256836 28.5544490814209
    endloop
  endfacet
  facet normal 0 0 1
    outer loop
      vertex -10.09999942779541 -0.8333330154418945 30
      vertex -7.899999618530273 -2.4999990463256836 30
      vertex -7.899999618530273 -0.8333330154418945 30
    endloop
  endfacet
  facet normal 0 0 1
    outer loop
      vertex -7.899999618530273 -2.4999990463256836 30
      vertex -10.09999942779541 -0.8333330154418945 30
      vertex -10.09999942779541 -2.4999990463256836 30
    endloop
  endfacet
  facet normal -1 0 0
    outer loop
      vertex -10.09999942779541 -2.4999990463256836 26.75948715209961
      vertex -10.09999942779541 -0.8333330154418945 30
      vertex -10.09999942779541 -0.8333330154418945 26.75948715209961
    endloop
  endfacet
  facet normal -1 0 0
    outer loop
      vertex -10.09999942779541 -0.8333330154418945 30
      vertex -10.09999942779541 -2.4999990463256836 26.75948715209961
      vertex -10.09999942779541 -2.4999990463256836 30
    endloop
  endfacet
  facet normal 0 1 0
    outer loop
      vertex -7.899999618530273 -0.8333330154418945 28.5544490814209
      vertex -10.09999942779541 -0.8333330154418945 30
      vertex -7.899999618530273 -0.8333330154418945 30
    endloop
  endfacet
  facet normal 0 1 0
    outer loop
      vertex -9.805213928222656 -0.8333330154418945 27
      vertex -10.09999942779541 -0.8333330154418945 30
      vertex -7.899999618530273 -0.8333330154418945 28.5544490814209
    endloop
  endfacet
  facet normal 0 1 0
    outer loop
      vertex -10 -0.8333330154418945 27
      vertex -10.09999942779541 -0.8333330154418945 30
      vertex -9.805213928222656 -0.8333330154418945 27
    endloop
  endfacet
  facet normal 0 1 0
    outer loop
      vertex -10.09999942779541 -0.8333330154418945 26.75948715209961
      vertex -10 -0.8333330154418945 27
      vertex -10 -0.8333330154418945 26.841075897216797
    endloop
  endfacet
  facet normal 0 1 0
    outer loop
      vertex -10 -0.8333330154418945 27
      vertex -10.09999942779541 -0.8333330154418945 26.75948715209961
      vertex -10.09999942779541 -0.8333330154418945 30
    endloop
  endfacet
  facet normal 0 -1 0
    outer loop
      vertex -10.09999942779541 -2.4999990463256836 30
      vertex -7.899999618530273 -2.4999990463256836 28.5544490814209
      vertex -7.899999618530273 -2.4999990463256836 30
    endloop
  endfacet
  facet normal 0 -1 0
    outer loop
      vertex -9.805213928222656 -2.4999990463256836 27
      vertex -10.09999942779541 -2.4999990463256836 30
      vertex -10 -2.4999990463256836 27
    endloop
  endfacet
  facet normal 0 -1 0
    outer loop
      vertex -10.09999942779541 -2.4999990463256836 26.75948715209961
      vertex -10 -2.4999990463256836 27
      vertex -10.09999942779541 -2.4999990463256836 30
    endloop
  endfacet
  facet normal 0 -1 0
    outer loop
      vertex -10 -2.4999990463256836 27
      vertex -10.09999942779541 -2.4999990463256836 26.75948715209961
      vertex -10 -2.4999990463256836 26.841075897216797
    endloop
  endfacet
  facet normal 0 -1 0
    outer loop
      vertex -10.09999942779541 -2.4999990463256836 30
      vertex -9.805213928222656 -2.4999990463256836 27
      vertex -7.899999618530273 -2.4999990463256836 28.5544490814209
    endloop
  endfacet
  facet normal 1 0 0
    outer loop
      vertex 2.5 10.09999942779541 30
      vertex 2.5 10 27
      vertex 2.5 10.09999942779541 26.75948715209961
    endloop
  endfacet
  facet normal 1 0 0
    outer loop
      vertex 2.5 10.09999942779541 30
      vertex 2.5 9.805213928222656 27
      vertex 2.5 10 27
    endloop
  endfacet
  facet normal 1 0 0
    outer loop
      vertex 2.5 7.899999618530273 28.5544490814209
      vertex 2.5 10.09999942779541 30
      vertex 2.5 7.899999618530273 30
    endloop
  endfacet
  facet normal 1 0 0
    outer loop
      vertex 2.5 10.09999942779541 30
      vertex 2.5 7.899999618530273 28.5544490814209
      vertex 2.5 9.805213928222656 27
    endloop
  endfacet
  facet normal 1 0 0
    outer loop
      vertex 2.5 10.09999942779541 26.75948715209961
      vertex 2.5 10 27
      vertex 2.5 10 26.841075897216797
    endloop
  endfacet
  facet normal 0 0 1
    outer loop
      vertex 0.8333330154418945 10.09999942779541 30
      vertex 2.5 7.899999618530273 30
      vertex 2.5 10.09999942779541 30
    endloop
  endfacet
  facet normal 0 0 1
    outer loop
      vertex 2.5 7.899999618530273 30
      vertex 0.8333330154418945 10.09999942779541 30
      vertex 0.8333330154418945 7.899999618530273 30
    endloop
  endfacet
  facet normal -1 0 0
    outer loop
      vertex 0.8333330154418945 10 27
      vertex 0.8333330154418945 10.09999942779541 26.75948715209961
      vertex 0.8333330154418945 10 26.841075897216797
    endloop
  endfacet
  facet normal -1 0 0
    outer loop
      vertex 0.8333330154418945 10.09999942779541 26.75948715209961
      vertex 0.8333330154418945 10 27
      vertex 0.8333330154418945 10.09999942779541 30
    endloop
  endfacet
  facet normal -1 0 0
    outer loop
      vertex 0.8333330154418945 9.805213928222656 27
      vertex 0.8333330154418945 10.09999942779541 30
      vertex 0.8333330154418945 10 27
    endloop
  endfacet
  facet normal -1 0 0
    outer loop
      vertex 0.8333330154418945 7.899999618530273 28.5544490814209
      vertex 0.8333330154418945 10.09999942779541 30
      vertex 0.8333330154418945 9.805213928222656 27
    endloop
  endfacet
  facet normal -1 0 0
    outer loop
      vertex 0.8333330154418945 10.09999942779541 30
      vertex 0.8333330154418945 7.899999618530273 28.5544490814209
      vertex 0.8333330154418945 7.899999618530273 30
    endloop
  endfacet
  facet normal 0 1 0
    outer loop
      vertex 2.5 10.09999942779541 26.75948715209961
      vertex 0.8333330154418945 10.09999942779541 30
      vertex 2.5 10.09999942779541 30
    endloop
  endfacet
  facet normal 0 1 0
    outer loop
      vertex 0.8333330154418945 10.09999942779541 30
      vertex 2.5 10.09999942779541 26.75948715209961
      vertex 0.8333330154418945 10.09999942779541 26.75948715209961
    endloop
  endfacet
  facet normal 0 -1 0
    outer loop
      vertex 0.8333330154418945 7.899999618530273 28.5544490814209
      vertex 2.5 7.899999618530273 30
      vertex 0.8333330154418945 7.899999618530273 30
    endloop
  endfacet
  facet normal 0 -1 0
    outer loop
      vertex 2.5 7.899999618530273 30
      vertex 0.8333330154418945 7.899999618530273 28.5544490814209
      vertex 2.5 7.899999618530273 28.5544490814209
    endloop
  endfacet
  facet normal 1 0 0
    outer loop
      vertex 2.5 -10.09999942779541 30
      vertex 2.5 -7.899999618530273 28.5544490814209
      vertex 2.5 -7.899999618530273 30
    endloop
  endfacet
  facet normal 1 0 0
    outer loop
      vertex 2.5 -7.899999618530273 28.5544490814209
      vertex 2.5 -10.09999942779541 30
      vertex 2.5 -9.805213928222656 27
    endloop
  endfacet
  facet normal 1 0 0
    outer loop
      vertex 2.5 -9.805213928222656 27
      vertex 2.5 -10.09999942779541 30
      vertex 2.5 -10 27
    endloop
  endfacet
  facet normal 1 0 0
    outer loop
      vertex 2.5 -10.09999942779541 26.75948715209961
      vertex 2.5 -10 27
      vertex 2.5 -10.09999942779541 30
    endloop
  endfacet
  facet normal 1 0 0
    outer loop
      vertex 2.5 -10 27
      vertex 2.5 -10.09999942779541 26.75948715209961
      vertex 2.5 -10 26.841075897216797
    endloop
  endfacet
  facet normal 0 0 1
    outer loop
      vertex 0.8333330154418945 -7.899999618530273 30
      vertex 2.5 -10.09999942779541 30
      vertex 2.5 -7.899999618530273 30
    endloop
  endfacet
  facet normal 0 0 1
    outer loop
      vertex 2.5 -10.09999942779541 30
      vertex 0.8333330154418945 -7.899999618530273 30
      vertex 0.8333330154418945 -10.09999942779541 30
    endloop
  endfacet
  facet normal -1 0 0
    outer loop
      vertex 0.8333330154418945 -10 26.841075897216797
      vertex 0.8333330154418945 -10.09999942779541 26.75948715209961
      vertex 0.8333330154418945 -10 27
    endloop
  endfacet
  facet normal -1 0 0
    outer loop
      vertex 0.8333330154418945 -10.09999942779541 30
      vertex 0.8333330154418945 -7.899999618530273 28.5544490814209
      vertex 0.8333330154418945 -9.805213928222656 27
    endloop
  endfacet
  facet normal -1 0 0
    outer loop
      vertex 0.8333330154418945 -10.09999942779541 30
      vertex 0.8333330154418945 -9.805213928222656 27
      vertex 0.8333330154418945 -10 27
    endloop
  endfacet
  facet normal -1 0 0
    outer loop
      vertex 0.8333330154418945 -7.899999618530273 28.5544490814209
      vertex 0.8333330154418945 -10.09999942779541 30
      vertex 0.8333330154418945 -7.899999618530273 30
    endloop
  endfacet
  facet normal -1 0 0
    outer loop
      vertex 0.8333330154418945 -10.09999942779541 30
      vertex 0.8333330154418945 -10 27
      vertex 0.8333330154418945 -10.09999942779541 26.75948715209961
    endloop
  endfacet
  facet normal 0 1 0
    outer loop
      vertex 2.5 -7.899999618530273 28.5544490814209
      vertex 0.8333330154418945 -7.899999618530273 30
      vertex 2.5 -7.899999618530273 30
    endloop
  endfacet
  facet normal 0 1 0
    outer loop
      vertex 0.8333330154418945 -7.899999618530273 30
      vertex 2.5 -7.899999618530273 28.5544490814209
      vertex 0.8333330154418945 -7.899999618530273 28.5544490814209
    endloop
  endfacet
  facet normal 0 -1 0
    outer loop
      vertex 0.8333330154418945 -10.09999942779541 26.75948715209961
      vertex 2.5 -10.09999942779541 30
      vertex 0.8333330154418945 -10.09999942779541 30
    endloop
  endfacet
  facet normal 0 -1 0
    outer loop
      vertex 2.5 -10.09999942779541 30
      vertex 0.8333330154418945 -10.09999942779541 26.75948715209961
      vertex 2.5 -10.09999942779541 26.75948715209961
    endloop
  endfacet
  facet normal 1 0 0
    outer loop
      vertex 10.09999942779541 0.8333330154418945 30
      vertex 10.09999942779541 2.5 26.75948715209961
      vertex 10.09999942779541 2.5 30
    endloop
  endfacet
  facet normal 1 0 0
    outer loop
      vertex 10.09999942779541 2.5 26.75948715209961
      vertex 10.09999942779541 0.8333330154418945 30
      vertex 10.09999942779541 0.8333330154418945 26.75948715209961
    endloop
  endfacet
  facet normal 0 0 1
    outer loop
      vertex 7.899999618530273 2.5 30
      vertex 10.09999942779541 0.8333330154418945 30
      vertex 10.09999942779541 2.5 30
    endloop
  endfacet
  facet normal 0 0 1
    outer loop
      vertex 10.09999942779541 0.8333330154418945 30
      vertex 7.899999618530273 2.5 30
      vertex 7.899999618530273 0.8333330154418945 30
    endloop
  endfacet
  facet normal -1 0 0
    outer loop
      vertex 7.899999618530273 0.8333330154418945 28.5544490814209
      vertex 7.899999618530273 2.5 30
      vertex 7.899999618530273 2.5 28.5544490814209
    endloop
  endfacet
  facet normal -1 0 0
    outer loop
      vertex 7.899999618530273 2.5 30
      vertex 7.899999618530273 0.8333330154418945 28.5544490814209
      vertex 7.899999618530273 0.8333330154418945 30
    endloop
  endfacet
  facet normal 0 1 0
    outer loop
      vertex 10.09999942779541 2.5 30
      vertex 7.899999618530273 2.5 28.5544490814209
      vertex 7.899999618530273 2.5 30
    endloop
  endfacet
  facet normal 0 1 0
    outer loop
      vertex 9.805213928222656 2.5 27
      vertex 10.09999942779541 2.5 30
      vertex 10 2.5 27
    endloop
  endfacet
  facet normal 0 1 0
    outer loop
      vertex 10.09999942779541 2.5 26.75948715209961
      vertex 10 2.5 27
      vertex 10.09999942779541 2.5 30
    endloop
  endfacet
  facet normal 0 1 0
    outer loop
      vertex 10 2.5 27
      vertex 10.09999942779541 2.5 26.75948715209961
      vertex 10 2.5 26.841075897216797
    endloop
  endfacet
  facet normal 0 1 0
    outer loop
      vertex 10.09999942779541 2.5 30
      vertex 9.805213928222656 2.5 27
      vertex 7.899999618530273 2.5 28.5544490814209
    endloop
  endfacet
  facet normal 0 -1 0
    outer loop
      vertex 7.899999618530273 0.8333330154418945 28.5544490814209
      vertex 10.09999942779541 0.8333330154418945 30
      vertex 7.899999618530273 0.8333330154418945 30
    endloop
  endfacet
  facet normal 0 -1 0
    outer loop
      vertex 9.805213928222656 0.8333330154418945 27
      vertex 10.09999942779541 0.8333330154418945 30
      vertex 7.899999618530273 0.8333330154418945 28.5544490814209
    endloop
  endfacet
  facet normal 0 -1 0
    outer loop
      vertex 10 0.8333330154418945 27
      vertex 10.09999942779541 0.8333330154418945 30
      vertex 9.805213928222656 0.8333330154418945 27
    endloop
  endfacet
  facet normal 0 -1 0
    outer loop
      vertex 10.09999942779541 0.8333330154418945 26.75948715209961
      vertex 10 0.8333330154418945 27
      vertex 10 0.8333330154418945 26.841075897216797
    endloop
  endfacet
  facet normal 0 -1 0
    outer loop
      vertex 10 0.8333330154418945 27
      vertex 10.09999942779541 0.8333330154418945 26.75948715209961
      vertex 10.09999942779541 0.8333330154418945 30
    endloop
  endfacet
  facet normal 1 0 0
    outer loop
      vertex -7.899999618530273 0.8333330154418945 30
      vertex -7.899999618530273 2.5 28.5544490814209
      vertex -7.899999618530273 2.5 30
    endloop
  endfacet
  facet normal 1 0 0
    outer loop
      vertex -7.899999618530273 2.5 28.5544490814209
      vertex -7.899999618530273 0.8333330154418945 30
      vertex -7.899999618530273 0.8333330154418945 28.5544490814209
    endloop
  endfacet
  facet normal 0 0 1
    outer loop
      vertex -10.09999942779541 2.5 30
      vertex -7.899999618530273 0.8333330154418945 30
      vertex -7.899999618530273 2.5 30
    endloop
  endfacet
  facet normal 0 0 1
    outer loop
      vertex -7.899999618530273 0.8333330154418945 30
      vertex -10.09999942779541 2.5 30
      vertex -10.09999942779541 0.8333330154418945 30
    endloop
  endfacet
  facet normal -1 0 0
    outer loop
      vertex -10.09999942779541 0.8333330154418945 26.75948715209961
      vertex -10.09999942779541 2.5 30
      vertex -10.09999942779541 2.5 26.75948715209961
    endloop
  endfacet
  facet normal -1 0 0
    outer loop
      vertex -10.09999942779541 2.5 30
      vertex -10.09999942779541 0.8333330154418945 26.75948715209961
      vertex -10.09999942779541 0.8333330154418945 30
    endloop
  endfacet
  facet normal 0 1 0
    outer loop
      vertex -7.899999618530273 2.5 28.5544490814209
      vertex -10.09999942779541 2.5 30
      vertex -7.899999618530273 2.5 30
    endloop
  endfacet
  facet normal 0 1 0
    outer loop
      vertex -9.805213928222656 2.5 27
      vertex -10.09999942779541 2.5 30
      vertex -7.899999618530273 2.5 28.5544490814209
    endloop
  endfacet
  facet normal 0 1 0
    outer loop
      vertex -10 2.5 27
      vertex -10.09999942779541 2.5 30
      vertex -9.805213928222656 2.5 27
    endloop
  endfacet
  facet normal 0 1 0
    outer loop
      vertex -10.09999942779541 2.5 26.75948715209961
      vertex -10 2.5 27
      vertex -10 2.5 26.841075897216797
    endloop
  endfacet
  facet normal 0 1 0
    outer loop
      vertex -10 2.5 27
      vertex -10.09999942779541 2.5 26.75948715209961
      vertex -10.09999942779541 2.5 30
    endloop
  endfacet
  facet normal 0 -1 0
    outer loop
      vertex -10.09999942779541 0.8333330154418945 30
      vertex -7.899999618530273 0.8333330154418945 28.5544490814209
      vertex -7.899999618530273 0.8333330154418945 30
    endloop
  endfacet
  facet normal 0 -1 0
    outer loop
      vertex -9.805213928222656 0.8333330154418945 27
      vertex -10.09999942779541 0.8333330154418945 30
      vertex -10 0.8333330154418945 27
    endloop
  endfacet
  facet normal 0 -1 0
    outer loop
      vertex -10.09999942779541 0.8333330154418945 26.75948715209961
      vertex -10 0.8333330154418945 27
      vertex -10.09999942779541 0.8333330154418945 30
    endloop
  endfacet
  facet normal 0 -1 0
    outer loop
      vertex -10 0.8333330154418945 27
      vertex -10.09999942779541 0.8333330154418945 26.75948715209961
      vertex -10 0.8333330154418945 26.841075897216797
    endloop
  endfacet
  facet normal 0 -1 0
    outer loop
      vertex -10.09999942779541 0.8333330154418945 30
      vertex -9.805213928222656 0.8333330154418945 27
      vertex -7.899999618530273 0.8333330154418945 28.5544490814209
    endloop
  endfacet
  facet normal 1 0 0
    outer loop
      vertex 5.8333330154418945 10.09999942779541 30
      vertex 5.8333330154418945 10 27
      vertex 5.8333330154418945 10.09999942779541 26.75948715209961
    endloop
  endfacet
  facet normal 1 0 0
    outer loop
      vertex 5.8333330154418945 10.09999942779541 30
      vertex 5.8333330154418945 9.805213928222656 27
      vertex 5.8333330154418945 10 27
    endloop
  endfacet
  facet normal 1 0 0
    outer loop
      vertex 5.8333330154418945 7.899999618530273 28.5544490814209
      vertex 5.8333330154418945 10.09999942779541 30
      vertex 5.8333330154418945 7.899999618530273 30
    endloop
  endfacet
  facet normal 1 0 0
    outer loop
      vertex 5.8333330154418945 10.09999942779541 30
      vertex 5.8333330154418945 7.899999618530273 28.5544490814209
      vertex 5.8333330154418945 9.805213928222656 27
    endloop
  endfacet
  facet normal 1 0 0
    outer loop
      vertex 5.8333330154418945 10.09999942779541 26.75948715209961
      vertex 5.8333330154418945 10 27
      vertex 5.8333330154418945 10 26.841075897216797
    endloop
  endfacet
  facet normal 0 0 1
    outer loop
      vertex 4.166666030883789 10.09999942779541 30
      vertex 5.8333330154418945 7.899999618530273 30
      vertex 5.8333330154418945 10.09999942779541 30
    endloop
  endfacet
  facet normal 0 0 1
    outer loop
      vertex 5.8333330154418945 7.899999618530273 30
      vertex 4.166666030883789 10.09999942779541 30
      vertex 4.166666030883789 7.899999618530273 30
    endloop
  endfacet
  facet normal -1 0 0
    outer loop
      vertex 4.166666030883789 10 27
      vertex 4.166666030883789 10.09999942779541 26.75948715209961
      vertex 4.166666030883789 10 26.841075897216797
    endloop
  endfacet
  facet normal -1 0 0
    outer loop
      vertex 4.166666030883789 10.09999942779541 26.75948715209961
      vertex 4.166666030883789 10 27
      vertex 4.166666030883789 10.09999942779541 30
    endloop
  endfacet
  facet normal -1 0 0
    outer loop
      vertex 4.166666030883789 9.805213928222656 27
      vertex 4.166666030883789 10.09999942779541 30
      vertex 4.166666030883789 10 27
    endloop
  endfacet
  facet normal -1 0 0
    outer loop
      vertex 4.166666030883789 7.899999618530273 28.5544490814209
      vertex 4.166666030883789 10.09999942779541 30
      vertex 4.166666030883789 9.805213928222656 27
    endloop
  endfacet
  facet normal -1 0 0
    outer loop
      vertex 4.166666030883789 10.09999942779541 30
      vertex 4.166666030883789 7.899999618530273 28.5544490814209
      vertex 4.166666030883789 7.899999618530273 30
    endloop
  endfacet
  facet normal 0 1 0
    outer loop
      vertex 5.8333330154418945 10.09999942779541 26.75948715209961
      vertex 4.166666030883789 10.09999942779541 30
      vertex 5.8333330154418945 10.09999942779541 30
    endloop
  endfacet
  facet normal 0 1 0
    outer loop
      vertex 4.166666030883789 10.09999942779541 30
      vertex 5.8333330154418945 10.09999942779541 26.75948715209961
      vertex 4.166666030883789 10.09999942779541 26.75948715209961
    endloop
  endfacet
  facet normal 0 -1 0
    outer loop
      vertex 4.166666030883789 7.899999618530273 28.5544490814209
      vertex 5.8333330154418945 7.899999618530273 30
      vertex 4.166666030883789 7.899999618530273 30
    endloop
  endfacet
  facet normal 0 -1 0
    outer loop
      vertex 5.8333330154418945 7.899999618530273 30
      vertex 4.166666030883789 7.899999618530273 28.5544490814209
      vertex 5.8333330154418945 7.899999618530273 28.5544490814209
    endloop
  endfacet
  facet normal 1 0 0
    outer loop
      vertex 5.8333330154418945 -10.09999942779541 30
      vertex 5.8333330154418945 -7.899999618530273 28.5544490814209
      vertex 5.8333330154418945 -7.899999618530273 30
    endloop
  endfacet
  facet normal 1 0 0
    outer loop
      vertex 5.8333330154418945 -7.899999618530273 28.5544490814209
      vertex 5.8333330154418945 -10.09999942779541 30
      vertex 5.8333330154418945 -9.805213928222656 27
    endloop
  endfacet
  facet normal 1 0 0
    outer loop
      vertex 5.8333330154418945 -9.805213928222656 27
      vertex 5.8333330154418945 -10.09999942779541 30
      vertex 5.8333330154418945 -10 27
    endloop
  endfacet
  facet normal 1 0 0
    outer loop
      vertex 5.8333330154418945 -10.09999942779541 26.75948715209961
      vertex 5.8333330154418945 -10 27
      vertex 5.8333330154418945 -10.09999942779541 30
    endloop
  endfacet
  facet normal 1 0 0
    outer loop
      vertex 5.8333330154418945 -10 27
      vertex 5.8333330154418945 -10.09999942779541 26.75948715209961
      vertex 5.8333330154418945 -10 26.841075897216797
    endloop
  endfacet
  facet normal 0 0 1
    outer loop
      vertex 4.166666030883789 -7.899999618530273 30
      vertex 5.8333330154418945 -10.09999942779541 30
      vertex 5.8333330154418945 -7.899999618530273 30
    endloop
  endfacet
  facet normal 0 0 1
    outer loop
      vertex 5.8333330154418945 -10.09999942779541 30
      vertex 4.166666030883789 -7.899999618530273 30
      vertex 4.166666030883789 -10.09999942779541 30
    endloop
  endfacet
  facet normal -1 0 0
    outer loop
      vertex 4.166666030883789 -10 26.841075897216797
      vertex 4.166666030883789 -10.09999942779541 26.75948715209961
      vertex 4.166666030883789 -10 27
    endloop
  endfacet
  facet normal -1 0 0
    outer loop
      vertex 4.166666030883789 -10.09999942779541 30
      vertex 4.166666030883789 -7.899999618530273 28.5544490814209
      vertex 4.166666030883789 -9.805213928222656 27
    endloop
  endfacet
  facet normal -1 0 0
    outer loop
      vertex 4.166666030883789 -10.09999942779541 30
      vertex 4.166666030883789 -9.805213928222656 27
      vertex 4.166666030883789 -10 27
    endloop
  endfacet
  facet normal -1 0 0
    outer loop
      vertex 4.166666030883789 -7.899999618530273 28.5544490814209
      vertex 4.166666030883789 -10.09999942779541 30
      vertex 4.166666030883789 -7.899999618530273 30
    endloop
  endfacet
  facet normal -1 0 0
    outer loop
      vertex 4.166666030883789 -10.09999942779541 30
      vertex 4.166666030883789 -10 27
      vertex 4.166666030883789 -10.09999942779541 26.75948715209961
    endloop
  endfacet
  facet normal 0 1 0
    outer loop
      vertex 5.8333330154418945 -7.899999618530273 28.5544490814209
      vertex 4.166666030883789 -7.899999618530273 30
      vertex 5.8333330154418945 -7.899999618530273 30
    endloop
  endfacet
  facet normal 0 1 0
    outer loop
      vertex 4.166666030883789 -7.899999618530273 30
      vertex 5.8333330154418945 -7.899999618530273 28.5544490814209
      vertex 4.166666030883789 -7.899999618530273 28.5544490814209
    endloop
  endfacet
  facet normal 0 -1 0
    outer loop
      vertex 4.166666030883789 -10.09999942779541 26.75948715209961
      vertex 5.8333330154418945 -10.09999942779541 30
      vertex 4.166666030883789 -10.09999942779541 30
    endloop
  endfacet
  facet normal 0 -1 0
    outer loop
      vertex 5.8333330154418945 -10.09999942779541 30
      vertex 4.166666030883789 -10.09999942779541 26.75948715209961
      vertex 5.8333330154418945 -10.09999942779541 26.75948715209961
    endloop
  endfacet
  facet normal 1 0 0
    outer loop
      vertex 10.09999942779541 4.166666030883789 30
      vertex 10.09999942779541 5.8333330154418945 26.75948715209961
      vertex 10.09999942779541 5.8333330154418945 30
    endloop
  endfacet
  facet normal 1 0 0
    outer loop
      vertex 10.09999942779541 5.8333330154418945 26.75948715209961
      vertex 10.09999942779541 4.166666030883789 30
      vertex 10.09999942779541 4.166666030883789 26.75948715209961
    endloop
  endfacet
  facet normal 0 0 1
    outer loop
      vertex 7.899999618530273 5.8333330154418945 30
      vertex 10.09999942779541 4.166666030883789 30
      vertex 10.09999942779541 5.8333330154418945 30
    endloop
  endfacet
  facet normal 0 0 1
    outer loop
      vertex 10.09999942779541 4.166666030883789 30
      vertex 7.899999618530273 5.8333330154418945 30
      vertex 7.899999618530273 4.166666030883789 30
    endloop
  endfacet
  facet normal -1 0 0
    outer loop
      vertex 7.899999618530273 4.166666030883789 28.5544490814209
      vertex 7.899999618530273 5.8333330154418945 30
      vertex 7.899999618530273 5.8333330154418945 28.5544490814209
    endloop
  endfacet
  facet normal -1 0 0
    outer loop
      vertex 7.899999618530273 5.8333330154418945 30
      vertex 7.899999618530273 4.166666030883789 28.5544490814209
      vertex 7.899999618530273 4.166666030883789 30
    endloop
  endfacet
  facet normal 0 1 0
    outer loop
      vertex 10.09999942779541 5.8333330154418945 30
      vertex 7.899999618530273 5.8333330154418945 28.5544490814209
      vertex 7.899999618530273 5.8333330154418945 30
    endloop
  endfacet
  facet normal 0 1 0
    outer loop
      vertex 9.805213928222656 5.8333330154418945 27
      vertex 10.09999942779541 5.8333330154418945 30
      vertex 10 5.8333330154418945 27
    endloop
  endfacet
  facet normal 0 1 0
    outer loop
      vertex 10.09999942779541 5.8333330154418945 26.75948715209961
      vertex 10 5.8333330154418945 27
      vertex 10.09999942779541 5.8333330154418945 30
    endloop
  endfacet
  facet normal 0 1 0
    outer loop
      vertex 10 5.8333330154418945 27
      vertex 10.09999942779541 5.8333330154418945 26.75948715209961
      vertex 10 5.8333330154418945 26.841075897216797
    endloop
  endfacet
  facet normal 0 1 0
    outer loop
      vertex 10.09999942779541 5.8333330154418945 30
      vertex 9.805213928222656 5.8333330154418945 27
      vertex 7.899999618530273 5.8333330154418945 28.5544490814209
    endloop
  endfacet
  facet normal 0 -1 0
    outer loop
      vertex 7.899999618530273 4.166666030883789 28.5544490814209
      vertex 10.09999942779541 4.166666030883789 30
      vertex 7.899999618530273 4.166666030883789 30
    endloop
  endfacet
  facet normal 0 -1 0
    outer loop
      vertex 9.805213928222656 4.166666030883789 27
      vertex 10.09999942779541 4.166666030883789 30
      vertex 7.899999618530273 4.166666030883789 28.5544490814209
    endloop
  endfacet
  facet normal 0 -1 0
    outer loop
      vertex 10 4.166666030883789 27
      vertex 10.09999942779541 4.166666030883789 30
      vertex 9.805213928222656 4.166666030883789 27
    endloop
  endfacet
  facet normal 0 -1 0
    outer loop
      vertex 10.09999942779541 4.166666030883789 26.75948715209961
      vertex 10 4.166666030883789 27
      vertex 10 4.166666030883789 26.841075897216797
    endloop
  endfacet
  facet normal 0 -1 0
    outer loop
      vertex 10 4.166666030883789 27
      vertex 10.09999942779541 4.166666030883789 26.75948715209961
      vertex 10.09999942779541 4.166666030883789 30
    endloop
  endfacet
  facet normal 1 0 0
    outer loop
      vertex -7.899999618530273 4.166666030883789 30
      vertex -7.899999618530273 5.8333330154418945 28.5544490814209
      vertex -7.899999618530273 5.8333330154418945 30
    endloop
  endfacet
  facet normal 1 0 0
    outer loop
      vertex -7.899999618530273 5.8333330154418945 28.5544490814209
      vertex -7.899999618530273 4.166666030883789 30
      vertex -7.899999618530273 4.166666030883789 28.5544490814209
    endloop
  endfacet
  facet normal 0 0 1
    outer loop
      vertex -10.09999942779541 5.8333330154418945 30
      vertex -7.899999618530273 4.166666030883789 30
      vertex -7.899999618530273 5.8333330154418945 30
    endloop
  endfacet
  facet normal 0 0 1
    outer loop
      vertex -7.899999618530273 4.166666030883789 30
      vertex -10.09999942779541 5.8333330154418945 30
      vertex -10.09999942779541 4.166666030883789 30
    endloop
  endfacet
  facet normal -1 0 0
    outer loop
      vertex -10.09999942779541 4.166666030883789 26.75948715209961
      vertex -10.09999942779541 5.8333330154418945 30
      vertex -10.09999942779541 5.8333330154418945 26.75948715209961
    endloop
  endfacet
  facet normal -1 0 0
    outer loop
      vertex -10.09999942779541 5.8333330154418945 30
      vertex -10.09999942779541 4.166666030883789 26.75948715209961
      vertex -10.09999942779541 4.166666030883789 30
    endloop
  endfacet
  facet normal 0 1 0
    outer loop
      vertex -7.899999618530273 5.8333330154418945 28.5544490814209
      vertex -10.09999942779541 5.8333330154418945 30
      vertex -7.899999618530273 5.8333330154418945 30
    endloop
  endfacet
  facet normal 0 1 0
    outer loop
      vertex -9.805213928222656 5.8333330154418945 27
      vertex -10.09999942779541 5.8333330154418945 30
      vertex -7.899999618530273 5.8333330154418945 28.5544490814209
    endloop
  endfacet
  facet normal 0 1 0
    outer loop
      vertex -10 5.8333330154418945 27
      vertex -10.09999942779541 5.8333330154418945 30
      vertex -9.805213928222656 5.8333330154418945 27
    endloop
  endfacet
  facet normal 0 1 0
    outer loop
      vertex -10.09999942779541 5.8333330154418945 26.75948715209961
      vertex -10 5.8333330154418945 27
      vertex -10 5.8333330154418945 26.841075897216797
    endloop
  endfacet
  facet normal 0 1 0
    outer loop
      vertex -10 5.8333330154418945 27
      vertex -10.09999942779541 5.8333330154418945 26.75948715209961
      vertex -10.09999942779541 5.8333330154418945 30
    endloop
  endfacet
  facet normal 0 -1 0
    outer loop
      vertex -10.09999942779541 4.166666030883789 30
      vertex -7.899999618530273 4.166666030883789 28.5544490814209
      vertex -7.899999618530273 4.166666030883789 30
    endloop
  endfacet
  facet normal 0 -1 0
    outer loop
      vertex -9.805213928222656 4.166666030883789 27
      vertex -10.09999942779541 4.166666030883789 30
      vertex -10 4.166666030883789 27
    endloop
  endfacet
  facet normal 0 -1 0
    outer loop
      vertex -10.09999942779541 4.166666030883789 26.75948715209961
      vertex -10 4.166666030883789 27
      vertex -10.09999942779541 4.166666030883789 30
    endloop
  endfacet
  facet normal 0 -1 0
    outer loop
      vertex -10 4.166666030883789 27
      vertex -10.09999942779541 4.166666030883789 26.75948715209961
      vertex -10 4.166666030883789 26.841075897216797
    endloop
  endfacet
  facet normal 0 -1 0
    outer loop
      vertex -10.09999942779541 4.166666030883789 30
      vertex -9.805213928222656 4.166666030883789 27
      vertex -7.899999618530273 4.166666030883789 28.5544490814209
    endloop
  endfacet
  facet normal 1 0 0
    outer loop
      vertex 9.166666030883789 10.09999942779541 30
      vertex 9.166666030883789 10 27
      vertex 9.166666030883789 10.09999942779541 26.75948715209961
    endloop
  endfacet
  facet normal 1 0 0
    outer loop
      vertex 9.166666030883789 9.166666030883789 27.520986557006836
      vertex 9.166666030883789 10 27
      vertex 9.166666030883789 10.09999942779541 30
    endloop
  endfacet
  facet normal 1 0 0
    outer loop
      vertex 9.166666030883789 9.166666030883789 27.520986557006836
      vertex 9.166666030883789 10.09999942779541 30
      vertex 9.166666030883789 9.166666030883789 30
    endloop
  endfacet
  facet normal 1 0 0
    outer loop
      vertex 9.166666030883789 10 27
      vertex 9.166666030883789 9.166666030883789 27.520986557006836
      vertex 9.166666030883789 9.805213928222656 27
    endloop
  endfacet
  facet normal 1 0 0
    outer loop
      vertex 9.166666030883789 10.09999942779541 26.75948715209961
      vertex 9.166666030883789 10 27
      vertex 9.166666030883789 10 26.841075897216797
    endloop
  endfacet
  facet normal 0 0 1
    outer loop
      vertex 7.5 10.09999942779541 30
      vertex 9.166666030883789 9.166666030883789 30
      vertex 9.166666030883789 10.09999942779541 30
    endloop
  endfacet
  facet normal 0 0 1
    outer loop
      vertex 9.166666030883789 9.166666030883789 30
      vertex 7.5 10.09999942779541 30
      vertex 7.899999618530273 7.899999618530273 30
    endloop
  endfacet
  facet normal 0 0 1
    outer loop
      vertex 7.899999618530273 7.899999618530273 30
      vertex 7.5 10.09999942779541 30
      vertex 7.5 7.899999618530273 30
    endloop
  endfacet
  facet normal 0 0 1
    outer loop
      vertex 9.166666030883789 9.166666030883789 30
      vertex 10.09999942779541 7.5 30
      vertex 10.09999942779541 9.166666030883789 30
    endloop
  endfacet
  facet normal 0 0 1
    outer loop
      vertex 7.899999618530273 7.899999618530273 30
      vertex 10.09999942779541 7.5 30
      vertex 9.166666030883789 9.166666030883789 30
    endloop
  endfacet
  facet normal 0 0 1
    outer loop
      vertex 10.09999942779541 7.5 30
      vertex 7.899999618530273 7.899999618530273 30
      vertex 7.899999618530273 7.5 30
    endloop
  endfacet
  facet normal -1 0 0
    outer loop
      vertex 7.5 10 27
      vertex 7.5 10.09999942779541 26.75948715209961
      vertex 7.5 10 26.841075897216797
    endloop
  endfacet
  facet normal -1 0 0
    outer loop
      vertex 7.5 10.09999942779541 26.75948715209961
      vertex 7.5 10 27
      vertex 7.5 10.09999942779541 30
    endloop
  endfacet
  facet normal -1 0 0
    outer loop
      vertex 7.5 9.805213928222656 27
      vertex 7.5 10.09999942779541 30
      vertex 7.5 10 27
    endloop
  endfacet
  facet normal -1 0 0
    outer loop
      vertex 7.5 7.899999618530273 28.5544490814209
      vertex 7.5 10.09999942779541 30
      vertex 7.5 9.805213928222656 27
    endloop
  endfacet
  facet normal -1 0 0
    outer loop
      vertex 7.5 10.09999942779541 30
      vertex 7.5 7.899999618530273 28.5544490814209
      vertex 7.5 7.899999618530273 30
    endloop
  endfacet
  facet normal 0 1 0
    outer loop
      vertex 9.166666030883789 10.09999942779541 26.75948715209961
      vertex 7.5 10.09999942779541 30
      vertex 9.166666030883789 10.09999942779541 30
    endloop
  endfacet
  facet normal 0 1 0
    outer loop
      vertex 7.5 10.09999942779541 30
      vertex 9.166666030883789 10.09999942779541 26.75948715209961
      vertex 7.5 10.09999942779541 26.75948715209961
    endloop
  endfacet
  facet normal 0 -1 0
    outer loop
      vertex 7.5 7.899999618530273 28.5544490814209
      vertex 7.899999618530273 7.899999618530273 30
      vertex 7.5 7.899999618530273 30
    endloop
  endfacet
  facet normal 0 -1 0
    outer loop
      vertex 7.899999618530273 7.899999618530273 30
      vertex 7.5 7.899999618530273 28.5544490814209
      vertex 7.899999618530273 7.899999618530273 28.5544490814209
    endloop
  endfacet
  facet normal 1 0 0
    outer loop
      vertex 9.166666030883789 -10.09999942779541 30
      vertex 9.166666030883789 -9.166666030883789 27.520986557006836
      vertex 9.166666030883789 -9.166666030883789 30
    endloop
  endfacet
  facet normal 1 0 0
    outer loop
      vertex 9.166666030883789 -10 27
      vertex 9.166666030883789 -9.166666030883789 27.520986557006836
      vertex 9.166666030883789 -10.09999942779541 30
    endloop
  endfacet
  facet normal 1 0 0
    outer loop
      vertex 9.166666030883789 -9.166666030883789 27.520986557006836
      vertex 9.166666030883789 -10 27
      vertex 9.166666030883789 -9.805213928222656 27
    endloop
  endfacet
  facet normal 1 0 0
    outer loop
      vertex 9.166666030883789 -10.09999942779541 26.75948715209961
      vertex 9.166666030883789 -10 27
      vertex 9.166666030883789 -10.09999942779541 30
    endloop
  endfacet
  facet normal 1 0 0
    outer loop
      vertex 9.166666030883789 -10 27
      vertex 9.166666030883789 -10.09999942779541 26.75948715209961
      vertex 9.166666030883789 -10 26.841075897216797
    endloop
  endfacet
  facet normal -1 0 0
    outer loop
      vertex 7.5 -10 26.841075897216797
      vertex 7.5 -10.09999942779541 26.75948715209961
      vertex 7.5 -10 27
    endloop
  endfacet
  facet normal -1 0 0
    outer loop
      vertex 7.5 -10.09999942779541 30
      vertex 7.5 -7.899999618530273 28.5544490814209
      vertex 7.5 -9.805213928222656 27
    endloop
  endfacet
  facet normal -1 0 0
    outer loop
      vertex 7.5 -10.09999942779541 30
      vertex 7.5 -9.805213928222656 27
      vertex 7.5 -10 27
    endloop
  endfacet
  facet normal -1 0 0
    outer loop
      vertex 7.5 -7.899999618530273 28.5544490814209
      vertex 7.5 -10.09999942779541 30
      vertex 7.5 -7.899999618530273 30
    endloop
  endfacet
  facet normal -1 0 0
    outer loop
      vertex 7.5 -10.09999942779541 30
      vertex 7.5 -10 27
      vertex 7.5 -10.09999942779541 26.75948715209961
    endloop
  endfacet
  facet normal 0 1 0
    outer loop
      vertex 7.899999618530273 -7.899999618530273 28.5544490814209
      vertex 7.5 -7.899999618530273 30
      vertex 7.899999618530273 -7.899999618530273 30
    endloop
  endfacet
  facet normal 0 1 0
    outer loop
      vertex 7.5 -7.899999618530273 30
      vertex 7.899999618530273 -7.899999618530273 28.5544490814209
      vertex 7.5 -7.899999618530273 28.5544490814209
    endloop
  endfacet
  facet normal 0 -1 0
    outer loop
      vertex 7.5 -10.09999942779541 26.75948715209961
      vertex 9.166666030883789 -10.09999942779541 30
      vertex 7.5 -10.09999942779541 30
    endloop
  endfacet
  facet normal 0 -1 0
    outer loop
      vertex 9.166666030883789 -10.09999942779541 30
      vertex 7.5 -10.09999942779541 26.75948715209961
      vertex 9.166666030883789 -10.09999942779541 26.75948715209961
    endloop
  endfacet
  facet normal 1 0 0
    outer loop
      vertex 10.09999942779541 7.5 30
      vertex 10.09999942779541 9.166666030883789 26.75948715209961
      vertex 10.09999942779541 9.166666030883789 30
    endloop
  endfacet
  facet normal 1 0 0
    outer loop
      vertex 10.09999942779541 9.166666030883789 26.75948715209961
      vertex 10.09999942779541 7.5 30
      vertex 10.09999942779541 7.5 26.75948715209961
    endloop
  endfacet
  facet normal -1 0 0
    outer loop
      vertex 7.899999618530273 7.5 28.5544490814209
      vertex 7.899999618530273 7.899999618530273 30
      vertex 7.899999618530273 7.899999618530273 28.5544490814209
    endloop
  endfacet
  facet normal -1 0 0
    outer loop
      vertex 7.899999618530273 7.899999618530273 30
      vertex 7.899999618530273 7.5 28.5544490814209
      vertex 7.899999618530273 7.5 30
    endloop
  endfacet
  facet normal 0 1 0
    outer loop
      vertex 10.09999942779541 9.166666030883789 30
      vertex 9.166666030883789 9.166666030883789 27.520986557006836
      vertex 9.166666030883789 9.166666030883789 30
    endloop
  endfacet
  facet normal 0 1 0
    outer loop
      vertex 10.09999942779541 9.166666030883789 30
      vertex 10 9.166666030883789 27
      vertex 9.166666030883789 9.166666030883789 27.520986557006836
    endloop
  endfacet
  facet normal 0 1 0
    outer loop
      vertex 10.09999942779541 9.166666030883789 26.75948715209961
      vertex 10 9.166666030883789 27
      vertex 10.09999942779541 9.166666030883789 30
    endloop
  endfacet
  facet normal 0 1 0
    outer loop
      vertex 10 9.166666030883789 27
      vertex 10.09999942779541 9.166666030883789 26.75948715209961
      vertex 10 9.166666030883789 26.841075897216797
    endloop
  endfacet
  facet normal 0 1 0
    outer loop
      vertex 9.166666030883789 9.166666030883789 27.520986557006836
      vertex 10 9.166666030883789 27
      vertex 9.805213928222656 9.166666030883789 27
    endloop
  endfacet
  facet normal 0 -1 0
    outer loop
      vertex 7.899999618530273 7.5 28.5544490814209
      vertex 10.09999942779541 7.5 30
      vertex 7.899999618530273 7.5 30
    endloop
  endfacet
  facet normal 0 -1 0
    outer loop
      vertex 9.805213928222656 7.5 27
      vertex 10.09999942779541 7.5 30
      vertex 7.899999618530273 7.5 28.5544490814209
    endloop
  endfacet
  facet normal 0 -1 0
    outer loop
      vertex 10 7.5 27
      vertex 10.09999942779541 7.5 30
      vertex 9.805213928222656 7.5 27
    endloop
  endfacet
  facet normal 0 -1 0
    outer loop
      vertex 10.09999942779541 7.5 26.75948715209961
      vertex 10 7.5 27
      vertex 10 7.5 26.841075897216797
    endloop
  endfacet
  facet normal 0 -1 0
    outer loop
      vertex 10 7.5 27
      vertex 10.09999942779541 7.5 26.75948715209961
      vertex 10.09999942779541 7.5 30
    endloop
  endfacet
  facet normal 1 0 0
    outer loop
      vertex -7.899999618530273 7.5 30
      vertex -7.899999618530273 7.899999618530273 28.5544490814209
      vertex -7.899999618530273 7.899999618530273 30
    endloop
  endfacet
  facet normal 1 0 0
    outer loop
      vertex -7.899999618530273 7.899999618530273 28.5544490814209
      vertex -7.899999618530273 7.5 30
      vertex -7.899999618530273 7.5 28.5544490814209
    endloop
  endfacet
  facet normal -1 0 0
    outer loop
      vertex -10.09999942779541 7.5 26.75948715209961
      vertex -10.09999942779541 9.166666030883789 30
      vertex -10.09999942779541 9.166666030883789 26.75948715209961
    endloop
  endfacet
  facet normal -1 0 0
    outer loop
      vertex -10.09999942779541 9.166666030883789 30
      vertex -10.09999942779541 7.5 26.75948715209961
      vertex -10.09999942779541 7.5 30
    endloop
  endfacet
  facet normal 0 1 0
    outer loop
      vertex -9.166666030883789 9.166666030883789 27.520986557006836
      vertex -10.09999942779541 9.166666030883789 30
      vertex -9.166666030883789 9.166666030883789 30
    endloop
  endfacet
  facet normal 0 1 0
    outer loop
      vertex -10 9.166666030883789 27
      vertex -9.166666030883789 9.166666030883789 27.520986557006836
      vertex -9.805213928222656 9.166666030883789 27
    endloop
  endfacet
  facet normal 0 1 0
    outer loop
      vertex -9.166666030883789 9.166666030883789 27.520986557006836
      vertex -10 9.166666030883789 27
      vertex -10.09999942779541 9.166666030883789 30
    endloop
  endfacet
  facet normal 0 1 0
    outer loop
      vertex -10.09999942779541 9.166666030883789 26.75948715209961
      vertex -10 9.166666030883789 27
      vertex -10 9.166666030883789 26.841075897216797
    endloop
  endfacet
  facet normal 0 1 0
    outer loop
      vertex -10 9.166666030883789 27
      vertex -10.09999942779541 9.166666030883789 26.75948715209961
      vertex -10.09999942779541 9.166666030883789 30
    endloop
  endfacet
  facet normal 0 -1 0
    outer loop
      vertex -10.09999942779541 7.5 30
      vertex -7.899999618530273 7.5 28.5544490814209
      vertex -7.899999618530273 7.5 30
    endloop
  endfacet
  facet normal 0 -1 0
    outer loop
      vertex -9.805213928222656 7.5 27
      vertex -10.09999942779541 7.5 30
      vertex -10 7.5 27
    endloop
  endfacet
  facet normal 0 -1 0
    outer loop
      vertex -10.09999942779541 7.5 26.75948715209961
      vertex -10 7.5 27
      vertex -10.09999942779541 7.5 30
    endloop
  endfacet
  facet normal 0 -1 0
    outer loop
      vertex -10 7.5 27
      vertex -10.09999942779541 7.5 26.75948715209961
      vertex -10 7.5 26.841075897216797
    endloop
  endfacet
  facet normal 0 -1 0
    outer loop
      vertex -10.09999942779541 7.5 30
      vertex -9.805213928222656 7.5 27
      vertex -7.899999618530273 7.5 28.5544490814209
    endloop
  endfacet
  facet normal 1 0 0
    outer loop
      vertex 10 9.166666030883789 27
      vertex 10 10 26.841075897216797
      vertex 10 10 27
    endloop
  endfacet
  facet normal 1 0 0
    outer loop
      vertex 10 10 26.841075897216797
      vertex 10 9.166666030883789 27
      vertex 10 9.166666030883789 26.841075897216797
    endloop
  endfacet
  facet normal 1 0 0
    outer loop
      vertex 10 -10 26
      vertex 10 10 2
      vertex 10 10 26
    endloop
  endfacet
  facet normal 1 0 0
    outer loop
      vertex 10 10 2
      vertex 10 -10 26
      vertex 10 -10 2
    endloop
  endfacet
  facet normal 1 0 0
    outer loop
      vertex 10 -10 27
      vertex 10 -9.166666030883789 26.841075897216797
      vertex 10 -9.166666030883789 27
    endloop
  endfacet
  facet normal 1 0 0
    outer loop
      vertex 10 -9.166666030883789 26.841075897216797
      vertex 10 -10 27
      vertex 10 -10 26.841075897216797
    endloop
  endfacet
  facet normal 1 0 0
    outer loop
      vertex 10 -7.5 27
      vertex 10 -5.8333330154418945 26.841075897216797
      vertex 10 -5.8333330154418945 27
    endloop
  endfacet
  facet normal 1 0 0
    outer loop
      vertex 10 -5.8333330154418945 26.841075897216797
      vertex 10 -7.5 27
      vertex 10 -7.5 26.841075897216797
    endloop
  endfacet
  facet normal 1 0 0
    outer loop
      vertex 10 -4.166666030883789 27
      vertex 10 -2.4999990463256836 26.841075897216797
      vertex 10 -2.4999990463256836 27
    endloop
  endfacet
  facet normal 1 0 0
    outer loop
      vertex 10 -2.4999990463256836 26.841075897216797
      vertex 10 -4.166666030883789 27
      vertex 10 -4.166666030883789 26.841075897216797
    endloop
  endfacet
  facet normal 1 0 0
    outer loop
      vertex 10 -0.8333330154418945 27
      vertex 10 0.8333330154418945 26.841075897216797
      vertex 10 0.8333330154418945 27
    endloop
  endfacet
  facet normal 1 0 0
    outer loop
      vertex 10 0.8333330154418945 26.841075897216797
      vertex 10 -0.8333330154418945 27
      vertex 10 -0.8333330154418945 26.841075897216797
    endloop
  endfacet
  facet normal 1 0 0
    outer loop
      vertex 10 2.5 27
      vertex 10 4.166666030883789 26.841075897216797
      vertex 10 4.166666030883789 27
    endloop
  endfacet
  facet normal 1 0 0
    outer loop
      vertex 10 4.166666030883789 26.841075897216797
      vertex 10 2.5 27
      vertex 10 2.5 26.841075897216797
    endloop
  endfacet
  facet normal 1 0 0
    outer loop
      vertex 10 5.8333330154418945 27
      vertex 10 7.5 26.841075897216797
      vertex 10 7.5 27
    endloop
  endfacet
  facet normal 1 0 0
    outer loop
      vertex 10 7.5 26.841075897216797
      vertex 10 5.8333330154418945 27
      vertex 10 5.8333330154418945 26.841075897216797
    endloop
  endfacet
  facet normal 0 0 1
    outer loop
      vertex -9.166666030883789 10 27
      vertex -9.805213928222656 9.805213928222656 27
      vertex -9.166666030883789 9.805213928222656 27
    endloop
  endfacet
  facet normal 0 0 1
    outer loop
      vertex -10 10 27
      vertex -9.805213928222656 9.805213928222656 27
      vertex -9.166666030883789 10 27
    endloop
  endfacet
  facet normal 0 0 1
    outer loop
      vertex -10 9.166666030883789 27
      vertex -9.805213928222656 9.805213928222656 27
      vertex -10 10 27
    endloop
  endfacet
  facet normal 0 0 1
    outer loop
      vertex -9.805213928222656 9.805213928222656 27
      vertex -10 9.166666030883789 27
      vertex -9.805213928222656 9.166666030883789 27
    endloop
  endfacet
  facet normal 0 0 1
    outer loop
      vertex 10 10 27
      vertex 9.805213928222656 9.805213928222656 27
      vertex 10 9.166666030883789 27
    endloop
  endfacet
  facet normal 0 0 1
    outer loop
      vertex 9.166666030883789 10 27
      vertex 9.805213928222656 9.805213928222656 27
      vertex 10 10 27
    endloop
  endfacet
  facet normal 0 0 1
    outer loop
      vertex 9.805213928222656 9.805213928222656 27
      vertex 9.166666030883789 10 27
      vertex 9.166666030883789 9.805213928222656 27
    endloop
  endfacet
  facet normal 0 0 1
    outer loop
      vertex 10 9.166666030883789 27
      vertex 9.805213928222656 9.805213928222656 27
      vertex 9.805213928222656 9.166666030883789 27
    endloop
  endfacet
  facet normal 0 0 1
    outer loop
      vertex -9.805213928222656 -9.166666030883789 27
      vertex -10 -9.166666030883789 27
      vertex -9.805213928222656 -9.805213928222656 27
    endloop
  endfacet
  facet normal 0 0 1
    outer loop
      vertex -9.805213928222656 -9.805213928222656 27
      vertex -9.166666030883789 -10 27
      vertex -9.166666030883789 -9.805213928222656 27
    endloop
  endfacet
  facet normal 0 0 1
    outer loop
      vertex -9.805213928222656 -9.805213928222656 27
      vertex -10 -10 27
      vertex -9.166666030883789 -10 27
    endloop
  endfacet
  facet normal 0 0 1
    outer loop
      vertex -10 -10 27
      vertex -9.805213928222656 -9.805213928222656 27
      vertex -10 -9.166666030883789 27
    endloop
  endfacet
  facet normal 0 0 1
    outer loop
      vertex 9.805213928222656 -9.805213928222656 27
      vertex 10 -9.166666030883789 27
      vertex 9.805213928222656 -9.166666030883789 27
    endloop
  endfacet
  facet normal 0 0 1
    outer loop
      vertex 10 -9.166666030883789 27
      vertex 9.805213928222656 -9.805213928222656 27
      vertex 10 -10 27
    endloop
  endfacet
  facet normal 0 0 1
    outer loop
      vertex 9.166666030883789 -10 27
      vertex 9.805213928222656 -9.805213928222656 27
      vertex 9.166666030883789 -9.805213928222656 27
    endloop
  endfacet
  facet normal 0 0 1
    outer loop
      vertex 9.805213928222656 -9.805213928222656 27
      vertex 9.166666030883789 -10 27
      vertex 10 -10 27
    endloop
  endfacet
  facet normal 0 0 1
    outer loop
      vertex -10 -5.8333330154418945 27
      vertex -9.805213928222656 -7.5 27
      vertex -9.805213928222656 -5.8333330154418945 27
    endloop
  endfacet
  facet normal 0 0 1
    outer loop
      vertex -9.805213928222656 -7.5 27
      vertex -10 -5.8333330154418945 27
      vertex -10 -7.5 27
    endloop
  endfacet
  facet normal 0 0 1
    outer loop
      vertex -10 -2.4999990463256836 27
      vertex -9.805213928222656 -4.166666030883789 27
      vertex -9.805213928222656 -2.4999990463256836 27
    endloop
  endfacet
  facet normal 0 0 1
    outer loop
      vertex -9.805213928222656 -4.166666030883789 27
      vertex -10 -2.4999990463256836 27
      vertex -10 -4.166666030883789 27
    endloop
  endfacet
  facet normal 0 0 1
    outer loop
      vertex -10 0.8333330154418945 27
      vertex -9.805213928222656 -0.8333330154418945 27
      vertex -9.805213928222656 0.8333330154418945 27
    endloop
  endfacet
  facet normal 0 0 1
    outer loop
      vertex -9.805213928222656 -0.8333330154418945 27
      vertex -10 0.8333330154418945 27
      vertex -10 -0.8333330154418945 27
    endloop
  endfacet
  facet normal 0 0 1
    outer loop
      vertex -10 4.166666030883789 27
      vertex -9.805213928222656 2.5 27
      vertex -9.805213928222656 4.166666030883789 27
    endloop
  endfacet
  facet normal 0 0 1
    outer loop
      vertex -9.805213928222656 2.5 27
      vertex -10 4.166666030883789 27
      vertex -10 2.5 27
    endloop
  endfacet
  facet normal 0 0 1
    outer loop
      vertex -10 7.5 27
      vertex -9.805213928222656 5.8333330154418945 27
      vertex -9.805213928222656 7.5 27
    endloop
  endfacet
  facet normal 0 0 1
    outer loop
      vertex -9.805213928222656 5.8333330154418945 27
      vertex -10 7.5 27
      vertex -10 5.8333330154418945 27
    endloop
  endfacet
  facet normal 0 0 1
    outer loop
      vertex -7.5 10 27
      vertex -5.8333330154418945 9.805213928222656 27
      vertex -5.8333330154418945 10 27
    endloop
  endfacet
  facet normal 0 0 1
    outer loop
      vertex -5.8333330154418945 9.805213928222656 27
      vertex -7.5 10 27
      vertex -7.5 9.805213928222656 27
    endloop
  endfacet
  facet normal 0 0 1
    outer loop
      vertex -4.166666030883789 10 27
      vertex -2.4999990463256836 9.805213928222656 27
      vertex -2.4999990463256836 10 27
    endloop
  endfacet
  facet normal 0 0 1
    outer loop
      vertex -2.4999990463256836 9.805213928222656 27
      vertex -4.166666030883789 10 27
      vertex -4.166666030883789 9.805213928222656 27
    endloop
  endfacet
  facet normal 0 0 1
    outer loop
      vertex -0.8333330154418945 10 27
      vertex 0.8333330154418945 9.805213928222656 27
      vertex 0.8333330154418945 10 27
    endloop
  endfacet
  facet normal 0 0 1
    outer loop
      vertex 0.8333330154418945 9.805213928222656 27
      vertex -0.8333330154418945 10 27
      vertex -0.8333330154418945 9.805213928222656 27
    endloop
  endfacet
  facet normal 0 0 1
    outer loop
      vertex 2.5 10 27
      vertex 4.166666030883789 9.805213928222656 27
      vertex 4.166666030883789 10 27
    endloop
  endfacet
  facet normal 0 0 1
    outer loop
      vertex 4.166666030883789 9.805213928222656 27
      vertex 2.5 10 27
      vertex 2.5 9.805213928222656 27
    endloop
  endfacet
  facet normal 0 0 1
    outer loop
      vertex 5.8333330154418945 10 27
      vertex 7.5 9.805213928222656 27
      vertex 7.5 10 27
    endloop
  endfacet
  facet normal 0 0 1
    outer loop
      vertex 7.5 9.805213928222656 27
      vertex 5.8333330154418945 10 27
      vertex 5.8333330154418945 9.805213928222656 27
    endloop
  endfacet
  facet normal 0 0 1
    outer loop
      vertex -7.5 -9.805213928222656 27
      vertex -5.8333330154418945 -10 27
      vertex -5.8333330154418945 -9.805213928222656 27
    endloop
  endfacet
  facet normal 0 0 1
    outer loop
      vertex -5.8333330154418945 -10 27
      vertex -7.5 -9.805213928222656 27
      vertex -7.5 -10 27
    endloop
  endfacet
  facet normal 0 0 1
    outer loop
      vertex -4.166666030883789 -9.805213928222656 27
      vertex -2.4999990463256836 -10 27
      vertex -2.4999990463256836 -9.805213928222656 27
    endloop
  endfacet
  facet normal 0 0 1
    outer loop
      vertex -2.4999990463256836 -10 27
      vertex -4.166666030883789 -9.805213928222656 27
      vertex -4.166666030883789 -10 27
    endloop
  endfacet
  facet normal 0 0 1
    outer loop
      vertex -0.8333330154418945 -9.805213928222656 27
      vertex 0.8333330154418945 -10 27
      vertex 0.8333330154418945 -9.805213928222656 27
    endloop
  endfacet
  facet normal 0 0 1
    outer loop
      vertex 0.8333330154418945 -10 27
      vertex -0.8333330154418945 -9.805213928222656 27
      vertex -0.8333330154418945 -10 27
    endloop
  endfacet
  facet normal 0 0 1
    outer loop
      vertex 2.5 -9.805213928222656 27
      vertex 4.166666030883789 -10 27
      vertex 4.166666030883789 -9.805213928222656 27
    endloop
  endfacet
  facet normal 0 0 1
    outer loop
      vertex 4.166666030883789 -10 27
      vertex 2.5 -9.805213928222656 27
      vertex 2.5 -10 27
    endloop
  endfacet
  facet normal 0 0 1
    outer loop
      vertex 5.8333330154418945 -9.805213928222656 27
      vertex 7.5 -10 27
      vertex 7.5 -9.805213928222656 27
    endloop
  endfacet
  facet normal 0 0 1
    outer loop
      vertex 7.5 -10 27
      vertex 5.8333330154418945 -9.805213928222656 27
      vertex 5.8333330154418945 -10 27
    endloop
  endfacet
  facet normal 0 0 1
    outer loop
      vertex 9.805213928222656 -5.8333330154418945 27
      vertex 10 -7.5 27
      vertex 10 -5.8333330154418945 27
    endloop
  endfacet
  facet normal 0 0 1
    outer loop
      vertex 10 -7.5 27
      vertex 9.805213928222656 -5.8333330154418945 27
      vertex 9.805213928222656 -7.5 27
    endloop
  endfacet
  facet normal 0 0 1
    outer loop
      vertex 9.805213928222656 -2.4999990463256836 27
      vertex 10 -4.166666030883789 27
      vertex 10 -2.4999990463256836 27
    endloop
  endfacet
  facet normal 0 0 1
    outer loop
      vertex 10 -4.166666030883789 27
      vertex 9.805213928222656 -2.4999990463256836 27
      vertex 9.805213928222656 -4.166666030883789 27
    endloop
  endfacet
  facet normal 0 0 1
    outer loop
      vertex 9.805213928222656 0.8333330154418945 27
      vertex 10 -0.8333330154418945 27
      vertex 10 0.8333330154418945 27
    endloop
  endfacet
  facet normal 0 0 1
    outer loop
      vertex 10 -0.8333330154418945 27
      vertex 9.805213928222656 0.8333330154418945 27
      vertex 9.805213928222656 -0.8333330154418945 27
    endloop
  endfacet
  facet normal 0 0 1
    outer loop
      vertex 9.805213928222656 4.166666030883789 27
      vertex 10 2.5 27
      vertex 10 4.166666030883789 27
    endloop
  endfacet
  facet normal 0 0 1
    outer loop
      vertex 10 2.5 27
      vertex 9.805213928222656 4.166666030883789 27
      vertex 9.805213928222656 2.5 27
    endloop
  endfacet
  facet normal 0 0 1
    outer loop
      vertex 9.805213928222656 7.5 27
      vertex 10 5.8333330154418945 27
      vertex 10 7.5 27
    endloop
  endfacet
  facet normal 0 0 1
    outer loop
      vertex 10 5.8333330154418945 27
      vertex 9.805213928222656 7.5 27
      vertex 9.805213928222656 5.8333330154418945 27
    endloop
  endfacet
  facet normal -1 0 0
    outer loop
      vertex -10 9.166666030883789 26.841075897216797
      vertex -10 10 27
      vertex -10 10 26.841075897216797
    endloop
  endfacet
  facet normal -1 0 0
    outer loop
      vertex -10 10 27
      vertex -10 9.166666030883789 26.841075897216797
      vertex -10 9.166666030883789 27
    endloop
  endfacet
  facet normal -1 0 0
    outer loop
      vertex -10 -10 26.841075897216797
      vertex -10 -9.166666030883789 27
      vertex -10 -9.166666030883789 26.841075897216797
    endloop
  endfacet
  facet normal -1 0 0
    outer loop
      vertex -10 -9.166666030883789 27
      vertex -10 -10 26.841075897216797
      vertex -10 -10 27
    endloop
  endfacet
  facet normal -1 0 0
    outer loop
      vertex -10 -10 2
      vertex -10 10 26
      vertex -10 10 2
    endloop
  endfacet
  facet normal -1 0 0
    outer loop
      vertex -10 10 26
      vertex -10 -10 2
      vertex -10 -10 26
    endloop
  endfacet
  facet normal -1 0 0
    outer loop
      vertex -10 -7.5 26.841075897216797
      vertex -10 -5.8333330154418945 27
      vertex -10 -5.8333330154418945 26.841075897216797
    endloop
  endfacet
  facet normal -1 0 0
    outer loop
      vertex -10 -5.8333330154418945 27
      vertex -10 -7.5 26.841075897216797
      vertex -10 -7.5 27
    endloop
  endfacet
  facet normal -1 0 0
    outer loop
      vertex -10 -4.166666030883789 26.841075897216797
      vertex -10 -2.4999990463256836 27
      vertex -10 -2.4999990463256836 26.841075897216797
    endloop
  endfacet
  facet normal -1 0 0
    outer loop
      vertex -10 -2.4999990463256836 27
      vertex -10 -4.166666030883789 26.841075897216797
      vertex -10 -4.166666030883789 27
    endloop
  endfacet
  facet normal -1 0 0
    outer loop
      vertex -10 -0.8333330154418945 26.841075897216797
      vertex -10 0.8333330154418945 27
      vertex -10 0.8333330154418945 26.841075897216797
    endloop
  endfacet
  facet normal -1 0 0
    outer loop
      vertex -10 0.8333330154418945 27
      vertex -10 -0.8333330154418945 26.841075897216797
      vertex -10 -0.8333330154418945 27
    endloop
  endfacet
  facet normal -1 0 0
    outer loop
      vertex -10 2.5 26.841075897216797
      vertex -10 4.166666030883789 27
      vertex -10 4.166666030883789 26.841075897216797
    endloop
  endfacet
  facet normal -1 0 0
    outer loop
      vertex -10 4.166666030883789 27
      vertex -10 2.5 26.841075897216797
      vertex -10 2.5 27
    endloop
  endfacet
  facet normal -1 0 0
    outer loop
      vertex -10 5.8333330154418945 26.841075897216797
      vertex -10 7.5 27
      vertex -10 7.5 26.841075897216797
    endloop
  endfacet
  facet normal -1 0 0
    outer loop
      vertex -10 7.5 27
      vertex -10 5.8333330154418945 26.841075897216797
      vertex -10 5.8333330154418945 27
    endloop
  endfacet
  facet normal 0 1 0
    outer loop
      vertex -9.166666030883789 10 26.841075897216797
      vertex -10 10 27
      vertex -9.166666030883789 10 27
    endloop
  endfacet
  facet normal 0 1 0
    outer loop
      vertex -10 10 27
      vertex -9.166666030883789 10 26.841075897216797
      vertex -10 10 26.841075897216797
    endloop
  endfacet
  facet normal 0 1 0
    outer loop
      vertex 10 10 26.841075897216797
      vertex 9.166666030883789 10 27
      vertex 10 10 27
    endloop
  endfacet
  facet normal 0 1 0
    outer loop
      vertex 9.166666030883789 10 27
      vertex 10 10 26.841075897216797
      vertex 9.166666030883789 10 26.841075897216797
    endloop
  endfacet
  facet normal 0 1 0
    outer loop
      vertex 10 10 2
      vertex -10 10 26
      vertex 10 10 26
    endloop
  endfacet
  facet normal 0 1 0
    outer loop
      vertex -10 10 26
      vertex 10 10 2
      vertex -10 10 2
    endloop
  endfacet
  facet normal 0 1 0
    outer loop
      vertex -5.8333330154418945 10 26.841075897216797
      vertex -7.5 10 27
      vertex -5.8333330154418945 10 27
    endloop
  endfacet
  facet normal 0 1 0
    outer loop
      vertex -7.5 10 27
      vertex -5.8333330154418945 10 26.841075897216797
      vertex -7.5 10 26.841075897216797
    endloop
  endfacet
  facet normal 0 1 0
    outer loop
      vertex -2.4999990463256836 10 26.841075897216797
      vertex -4.166666030883789 10 27
      vertex -2.4999990463256836 10 27
    endloop
  endfacet
  facet normal 0 1 0
    outer loop
      vertex -4.166666030883789 10 27
      vertex -2.4999990463256836 10 26.841075897216797
      vertex -4.166666030883789 10 26.841075897216797
    endloop
  endfacet
  facet normal 0 1 0
    outer loop
      vertex 0.8333330154418945 10 26.841075897216797
      vertex -0.8333330154418945 10 27
      vertex 0.8333330154418945 10 27
    endloop
  endfacet
  facet normal 0 1 0
    outer loop
      vertex -0.8333330154418945 10 27
      vertex 0.8333330154418945 10 26.841075897216797
      vertex -0.8333330154418945 10 26.841075897216797
    endloop
  endfacet
  facet normal 0 1 0
    outer loop
      vertex 4.166666030883789 10 26.841075897216797
      vertex 2.5 10 27
      vertex 4.166666030883789 10 27
    endloop
  endfacet
  facet normal 0 1 0
    outer loop
      vertex 2.5 10 27
      vertex 4.166666030883789 10 26.841075897216797
      vertex 2.5 10 26.841075897216797
    endloop
  endfacet
  facet normal 0 1 0
    outer loop
      vertex 7.5 10 26.841075897216797
      vertex 5.8333330154418945 10 27
      vertex 7.5 10 27
    endloop
  endfacet
  facet normal 0 1 0
    outer loop
      vertex 5.8333330154418945 10 27
      vertex 7.5 10 26.841075897216797
      vertex 5.8333330154418945 10 26.841075897216797
    endloop
  endfacet
  facet normal 0 -1 0
    outer loop
      vertex -10 -10 26.841075897216797
      vertex -9.166666030883789 -10 27
      vertex -10 -10 27
    endloop
  endfacet
  facet normal 0 -1 0
    outer loop
      vertex -9.166666030883789 -10 27
      vertex -10 -10 26.841075897216797
      vertex -9.166666030883789 -10 26.841075897216797
    endloop
  endfacet
  facet normal 0 -1 0
    outer loop
      vertex 9.166666030883789 -10 26.841075897216797
      vertex 10 -10 27
      vertex 9.166666030883789 -10 27
    endloop
  endfacet
  facet normal 0 -1 0
    outer loop
      vertex 10 -10 27
      vertex 9.166666030883789 -10 26.841075897216797
      vertex 10 -10 26.841075897216797
    endloop
  endfacet
  facet normal 0 -1 0
    outer loop
      vertex -10 -10 2
      vertex 10 -10 26
      vertex -10 -10 26
    endloop
  endfacet
  facet normal 0 -1 0
    outer loop
      vertex 10 -10 26
      vertex -10 -10 2
      vertex 10 -10 2
    endloop
  endfacet
  facet normal 0 -1 0
    outer loop
      vertex -7.5 -10 26.841075897216797
      vertex -5.8333330154418945 -10 27
      vertex -7.5 -10 27
    endloop
  endfacet
  facet normal 0 -1 0
    outer loop
      vertex -5.8333330154418945 -10 27
      vertex -7.5 -10 26.841075897216797
      vertex -5.8333330154418945 -10 26.841075897216797
    endloop
  endfacet
  facet normal 0 -1 0
    outer loop
      vertex -4.166666030883789 -10 26.841075897216797
      vertex -2.4999990463256836 -10 27
      vertex -4.166666030883789 -10 27
    endloop
  endfacet
  facet normal 0 -1 0
    outer loop
      vertex -2.4999990463256836 -10 27
      vertex -4.166666030883789 -10 26.841075897216797
      vertex -2.4999990463256836 -10 26.841075897216797
    endloop
  endfacet
  facet normal 0 -1 0
    outer loop
      vertex -0.8333330154418945 -10 26.841075897216797
      vertex 0.8333330154418945 -10 27
      vertex -0.8333330154418945 -10 27
    endloop
  endfacet
  facet normal 0 -1 0
    outer loop
      vertex 0.8333330154418945 -10 27
      vertex -0.8333330154418945 -10 26.841075897216797
      vertex 0.8333330154418945 -10 26.841075897216797
    endloop
  endfacet
  facet normal 0 -1 0
    outer loop
      vertex 2.5 -10 26.841075897216797
      vertex 4.166666030883789 -10 27
      vertex 2.5 -10 27
    endloop
  endfacet
  facet normal 0 -1 0
    outer loop
      vertex 4.166666030883789 -10 27
      vertex 2.5 -10 26.841075897216797
      vertex 4.166666030883789 -10 26.841075897216797
    endloop
  endfacet
  facet normal 0 -1 0
    outer loop
      vertex 5.8333330154418945 -10 26.841075897216797
      vertex 7.5 -10 27
      vertex 5.8333330154418945 -10 27
    endloop
  endfacet
  facet normal 0 -1 0
    outer loop
      vertex 7.5 -10 27
      vertex 5.8333330154418945 -10 26.841075897216797
      vertex 7.5 -10 26.841075897216797
    endloop
  endfacet
  facet normal 5.8075739806813344e-8 0.6321747695992077 0.774825826029428
    outer loop
      vertex 11.030865669250488 11.030865669250488 26
      vertex 9.166666030883789 10.09999942779541 26.75948715209961
      vertex 10 10 26.841075897216797
    endloop
  endfacet
  facet normal 0 0.6321748394237382 0.7748257690600971
    outer loop
      vertex 11.030865669250488 11.030865669250488 26
      vertex 7.5 10.09999942779541 26.75948715209961
      vertex 9.166666030883789 10.09999942779541 26.75948715209961
    endloop
  endfacet
  facet normal 0 0.6321744790466554 0.7748260630890585
    outer loop
      vertex 7.5 10.09999942779541 26.75948715209961
      vertex 5.8333330154418945 10.09999942779541 26.75948715209961
      vertex 7.5 10 26.841075897216797
    endloop
  endfacet
  facet normal 0 0.6321748394237382 0.7748257690600971
    outer loop
      vertex 11.030865669250488 11.030865669250488 26
      vertex 5.8333330154418945 10.09999942779541 26.75948715209961
      vertex 7.5 10.09999942779541 26.75948715209961
    endloop
  endfacet
  facet normal 0 0.6321748394237382 0.7748257690600971
    outer loop
      vertex 11.030865669250488 11.030865669250488 26
      vertex 4.166666030883789 10.09999942779541 26.75948715209961
      vertex 5.8333330154418945 10.09999942779541 26.75948715209961
    endloop
  endfacet
  facet normal 0 0.6321744790466554 0.7748260630890587
    outer loop
      vertex 4.166666030883789 10.09999942779541 26.75948715209961
      vertex 2.5 10.09999942779541 26.75948715209961
      vertex 4.166666030883789 10 26.841075897216797
    endloop
  endfacet
  facet normal 0 0.6321748394237382 0.7748257690600971
    outer loop
      vertex 11.030865669250488 11.030865669250488 26
      vertex 2.5 10.09999942779541 26.75948715209961
      vertex 4.166666030883789 10.09999942779541 26.75948715209961
    endloop
  endfacet
  facet normal 0 0.6321748394237382 0.7748257690600971
    outer loop
      vertex 11.030865669250488 11.030865669250488 26
      vertex 0.8333330154418945 10.09999942779541 26.75948715209961
      vertex 2.5 10.09999942779541 26.75948715209961
    endloop
  endfacet
  facet normal 0 0.6321744790466554 0.7748260630890587
    outer loop
      vertex 0.8333330154418945 10.09999942779541 26.75948715209961
      vertex -0.8333330154418945 10.09999942779541 26.75948715209961
      vertex 0.8333330154418945 10 26.841075897216797
    endloop
  endfacet
  facet normal 0 0.6321748394237382 0.7748257690600971
    outer loop
      vertex 11.030865669250488 11.030865669250488 26
      vertex -0.8333330154418945 10.09999942779541 26.75948715209961
      vertex 0.8333330154418945 10.09999942779541 26.75948715209961
    endloop
  endfacet
  facet normal 0 0.6321748394237382 0.774825769060097
    outer loop
      vertex -11.030865669250488 11.030865669250488 26
      vertex -0.8333330154418945 10.09999942779541 26.75948715209961
      vertex 11.030865669250488 11.030865669250488 26
    endloop
  endfacet
  facet normal 0 0.6321744790466554 0.7748260630890585
    outer loop
      vertex -2.4999990463256836 10.09999942779541 26.75948715209961
      vertex -4.166666030883789 10.09999942779541 26.75948715209961
      vertex -2.4999990463256836 10 26.841075897216797
    endloop
  endfacet
  facet normal 0 0.6321748394237382 0.7748257690600971
    outer loop
      vertex -0.8333330154418945 10.09999942779541 26.75948715209961
      vertex -11.030865669250488 11.030865669250488 26
      vertex -2.4999990463256836 10.09999942779541 26.75948715209961
    endloop
  endfacet
  facet normal 0 0.6321748394237382 0.7748257690600971
    outer loop
      vertex -2.4999990463256836 10.09999942779541 26.75948715209961
      vertex -11.030865669250488 11.030865669250488 26
      vertex -4.166666030883789 10.09999942779541 26.75948715209961
    endloop
  endfacet
  facet normal 0 0.6321744790466554 0.7748260630890585
    outer loop
      vertex -5.8333330154418945 10.09999942779541 26.75948715209961
      vertex -7.5 10.09999942779541 26.75948715209961
      vertex -5.8333330154418945 10 26.841075897216797
    endloop
  endfacet
  facet normal 0 0.6321748394237382 0.7748257690600971
    outer loop
      vertex -4.166666030883789 10.09999942779541 26.75948715209961
      vertex -11.030865669250488 11.030865669250488 26
      vertex -5.8333330154418945 10.09999942779541 26.75948715209961
    endloop
  endfacet
  facet normal 0 0.6321748394237382 0.7748257690600971
    outer loop
      vertex -5.8333330154418945 10.09999942779541 26.75948715209961
      vertex -11.030865669250488 11.030865669250488 26
      vertex -7.5 10.09999942779541 26.75948715209961
    endloop
  endfacet
  facet normal 0 0.6321744790466554 0.7748260630890587
    outer loop
      vertex -9.166666030883789 10.09999942779541 26.75948715209961
      vertex -10 10 26.841075897216797
      vertex -9.166666030883789 10 26.841075897216797
    endloop
  endfacet
  facet normal -5.8075739806813344e-8 0.6321747695992077 0.774825826029428
    outer loop
      vertex -9.166666030883789 10.09999942779541 26.75948715209961
      vertex -11.030865669250488 11.030865669250488 26
      vertex -10 10 26.841075897216797
    endloop
  endfacet
  facet normal 0 0.6321748394237382 0.7748257690600971
    outer loop
      vertex -7.5 10.09999942779541 26.75948715209961
      vertex -11.030865669250488 11.030865669250488 26
      vertex -9.166666030883789 10.09999942779541 26.75948715209961
    endloop
  endfacet
  facet normal 0 0.6321744790466554 0.7748260630890587
    outer loop
      vertex 10 10 26.841075897216797
      vertex 9.166666030883789 10.09999942779541 26.75948715209961
      vertex 9.166666030883789 10 26.841075897216797
    endloop
  endfacet
  facet normal 0 0.6321744790466554 0.7748260630890585
    outer loop
      vertex 7.5 10 26.841075897216797
      vertex 5.8333330154418945 10.09999942779541 26.75948715209961
      vertex 5.8333330154418945 10 26.841075897216797
    endloop
  endfacet
  facet normal 0 0.6321744790466554 0.7748260630890587
    outer loop
      vertex 4.166666030883789 10 26.841075897216797
      vertex 2.5 10.09999942779541 26.75948715209961
      vertex 2.5 10 26.841075897216797
    endloop
  endfacet
  facet normal 0 0.6321744790466554 0.7748260630890587
    outer loop
      vertex 0.8333330154418945 10 26.841075897216797
      vertex -0.8333330154418945 10.09999942779541 26.75948715209961
      vertex -0.8333330154418945 10 26.841075897216797
    endloop
  endfacet
  facet normal 0 0.6321744790466554 0.7748260630890585
    outer loop
      vertex -2.4999990463256836 10 26.841075897216797
      vertex -4.166666030883789 10.09999942779541 26.75948715209961
      vertex -4.166666030883789 10 26.841075897216797
    endloop
  endfacet
  facet normal 0 0.6321744790466554 0.7748260630890585
    outer loop
      vertex -5.8333330154418945 10 26.841075897216797
      vertex -7.5 10.09999942779541 26.75948715209961
      vertex -7.5 10 26.841075897216797
    endloop
  endfacet
  facet normal 0 0.6321744154973499 0.7748261149384319
    outer loop
      vertex -5.8333330154418945 9.805213928222656 27
      vertex -7.5 9.805213928222656 27
      vertex -5.8333330154418945 7.899999618530273 28.5544490814209
    endloop
  endfacet
  facet normal 0 0.6321744154973499 0.7748261149384319
    outer loop
      vertex -2.4999990463256836 9.805213928222656 27
      vertex -4.166666030883789 9.805213928222656 27
      vertex -2.4999990463256836 7.899999618530273 28.5544490814209
    endloop
  endfacet
  facet normal 0 0.6321744154973498 0.7748261149384318
    outer loop
      vertex 4.166666030883789 9.805213928222656 27
      vertex 2.5 9.805213928222656 27
      vertex 4.166666030883789 7.899999618530273 28.5544490814209
    endloop
  endfacet
  facet normal 0 0.6321744154973499 0.7748261149384319
    outer loop
      vertex 7.5 9.805213928222656 27
      vertex 5.8333330154418945 9.805213928222656 27
      vertex 7.5 7.899999618530273 28.5544490814209
    endloop
  endfacet
  facet normal 0 0.6321744154973499 0.7748261149384319
    outer loop
      vertex 5.8333330154418945 7.899999618530273 28.5544490814209
      vertex 7.5 7.899999618530273 28.5544490814209
      vertex 5.8333330154418945 9.805213928222656 27
    endloop
  endfacet
  facet normal 0 0.6321747916433024 0.7748258080438124
    outer loop
      vertex 0.39999961853027344 0.39999961853027344 34.67364501953125
      vertex 7.5 7.899999618530273 28.5544490814209
      vertex 5.8333330154418945 7.899999618530273 28.5544490814209
    endloop
  endfacet
  facet normal 0 0.6321747916433024 0.7748258080438124
    outer loop
      vertex 0.39999961853027344 0.39999961853027344 34.67364501953125
      vertex 5.8333330154418945 7.899999618530273 28.5544490814209
      vertex 4.166666030883789 7.899999618530273 28.5544490814209
    endloop
  endfacet
  facet normal 0 0.6321744154973498 0.7748261149384318
    outer loop
      vertex 2.5 7.899999618530273 28.5544490814209
      vertex 4.166666030883789 7.899999618530273 28.5544490814209
      vertex 2.5 9.805213928222656 27
    endloop
  endfacet
  facet normal 0 0.6321747916433025 0.7748258080438125
    outer loop
      vertex 0.39999961853027344 0.39999961853027344 34.67364501953125
      vertex 4.166666030883789 7.899999618530273 28.5544490814209
      vertex 2.5 7.899999618530273 28.5544490814209
    endloop
  endfacet
  facet normal 0 0.6321747916433024 0.7748258080438124
    outer loop
      vertex 0.39999961853027344 0.39999961853027344 34.67364501953125
      vertex 2.5 7.899999618530273 28.5544490814209
      vertex 0.8333330154418945 7.899999618530273 28.5544490814209
    endloop
  endfacet
  facet normal 0 0.6321747916433025 0.7748258080438125
    outer loop
      vertex 7.5 7.899999618530273 28.5544490814209
      vertex 0.39999961853027344 0.39999961853027344 34.67364501953125
      vertex 7.899999618530273 7.899999618530273 28.5544490814209
    endloop
  endfacet
  facet normal 0 0.6321744154973498 0.7748261149384318
    outer loop
      vertex -0.8333330154418945 7.899999618530273 28.5544490814209
      vertex 0.8333330154418945 7.899999618530273 28.5544490814209
      vertex 0.8333330154418945 9.805213928222656 27
    endloop
  endfacet
  facet normal 0 0.632174579847052 0.7748259808467984
    outer loop
      vertex 0 0.4499998092651367 34.63284683227539
      vertex 0.8333330154418945 7.899999618530273 28.5544490814209
      vertex -0.8333330154418945 7.899999618530273 28.5544490814209
    endloop
  endfacet
  facet normal -0.000002951898218868165 0.6321748940335816 0.7748257244986876
    outer loop
      vertex 0.8333330154418945 7.899999618530273 28.5544490814209
      vertex 0.08779048919677734 0.44135284423828125 34.6399040222168
      vertex 0.39999961853027344 0.39999961853027344 34.67364501953125
    endloop
  endfacet
  facet normal 0 0.632197163763992 0.7748075542538058
    outer loop
      vertex 0.39999961853027344 0.39999961853027344 34.67364501953125
      vertex 0.17220687866210938 0.41574573516845703 34.660797119140625
      vertex 0.20166535675525665 0.39999961853027344 34.67364501953125
    endloop
  endfacet
  facet normal -0.000002141058176117666 0.6321785691631208 0.7748227259743259
    outer loop
      vertex 0.39999961853027344 0.39999961853027344 34.67364501953125
      vertex 0.08779048919677734 0.44135284423828125 34.6399040222168
      vertex 0.17220687866210938 0.41574573516845703 34.660797119140625
    endloop
  endfacet
  facet normal -0.000019182933412069456 0.6321758679369834 0.7748249296648482
    outer loop
      vertex 0.8333330154418945 7.899999618530273 28.5544490814209
      vertex 0 0.4499998092651367 34.63284683227539
      vertex 0.08779048919677734 0.44135284423828125 34.6399040222168
    endloop
  endfacet
  facet normal 0.000019182933412069456 0.6321758679369834 0.7748249296648482
    outer loop
      vertex 0 0.4499998092651367 34.63284683227539
      vertex -0.8333330154418945 7.899999618530273 28.5544490814209
      vertex -0.08779048919677734 0.44135284423828125 34.6399040222168
    endloop
  endfacet
  facet normal 0.000003967232308939237 0.6321749549611224 0.7748256747837953
    outer loop
      vertex -0.08779048919677734 0.44135284423828125 34.6399040222168
      vertex -0.8333330154418945 7.899999618530273 28.5544490814209
      vertex -0.17220687866210938 0.41574573516845703 34.660797119140625
    endloop
  endfacet
  facet normal 0 0.6321747445729461 0.7748258464481745
    outer loop
      vertex -2.4999990463256836 7.899999618530273 28.5544490814209
      vertex -0.17220687866210938 0.41574573516845703 34.660797119140625
      vertex -0.8333330154418945 7.899999618530273 28.5544490814209
    endloop
  endfacet
  facet normal 0 0.6321744154973498 0.7748261149384318
    outer loop
      vertex -0.8333330154418945 7.899999618530273 28.5544490814209
      vertex 0.8333330154418945 9.805213928222656 27
      vertex -0.8333330154418945 9.805213928222656 27
    endloop
  endfacet
  facet normal -0.000008150336429868405 0.6321732226741773 0.7748270881089
    outer loop
      vertex -0.17220687866210938 0.41574573516845703 34.660797119140625
      vertex -2.4999990463256836 7.899999618530273 28.5544490814209
      vertex -0.25000572204589844 0.3741607666015625 34.694725036621094
    endloop
  endfacet
  facet normal 0.000015597514308952258 0.6321774850611597 0.7748236103388078
    outer loop
      vertex -0.25000572204589844 0.3741607666015625 34.694725036621094
      vertex -2.4999990463256836 7.899999618530273 28.5544490814209
      vertex -0.31819725036621094 0.31819725036621094 34.740386962890625
    endloop
  endfacet
  facet normal 0 0.6321744154973499 0.7748261149384319
    outer loop
      vertex -4.166666030883789 7.899999618530273 28.5544490814209
      vertex -2.4999990463256836 7.899999618530273 28.5544490814209
      vertex -4.166666030883789 9.805213928222656 27
    endloop
  endfacet
  facet normal 0 0.6321747904669337 0.7748258090036034
    outer loop
      vertex -2.4999990463256836 7.899999618530273 28.5544490814209
      vertex -4.166666030883789 7.899999618530273 28.5544490814209
      vertex -0.31819725036621094 0.31819725036621094 34.740386962890625
    endloop
  endfacet
  facet normal 0 0.6321747904669337 0.7748258090036034
    outer loop
      vertex -5.8333330154418945 7.899999618530273 28.5544490814209
      vertex -0.31819725036621094 0.31819725036621094 34.740386962890625
      vertex -4.166666030883789 7.899999618530273 28.5544490814209
    endloop
  endfacet
  facet normal 0 0.6321744154973499 0.7748261149384319
    outer loop
      vertex -7.5 7.899999618530273 28.5544490814209
      vertex -5.8333330154418945 7.899999618530273 28.5544490814209
      vertex -7.5 9.805213928222656 27
    endloop
  endfacet
  facet normal 0 0.6321747904669337 0.7748258090036034
    outer loop
      vertex -5.8333330154418945 7.899999618530273 28.5544490814209
      vertex -7.5 7.899999618530273 28.5544490814209
      vertex -0.31819725036621094 0.31819725036621094 34.740386962890625
    endloop
  endfacet
  facet normal 0 0.6321747904669336 0.7748258090036034
    outer loop
      vertex -0.31819725036621094 0.31819725036621094 34.740386962890625
      vertex -7.5 7.899999618530273 28.5544490814209
      vertex -7.899999618530273 7.899999618530273 28.5544490814209
    endloop
  endfacet
  facet normal 0 0.6321747409279798 0.7748258494220762
    outer loop
      vertex -9.166666030883789 9.805213928222656 27
      vertex -9.805213928222656 9.805213928222656 27
      vertex -9.166666030883789 9.166666030883789 27.520986557006836
    endloop
  endfacet
  facet normal 0 0.6321747409279798 0.7748258494220762
    outer loop
      vertex 9.166666030883789 9.805213928222656 27
      vertex 9.166666030883789 9.166666030883789 27.520986557006836
      vertex 9.805213928222656 9.805213928222656 27
    endloop
  endfacet
  facet normal 0 -0.6321744790466554 0.7748260630890587
    outer loop
      vertex -9.166666030883789 -10 26.841075897216797
      vertex -10 -10 26.841075897216797
      vertex -9.166666030883789 -10.09999942779541 26.75948715209961
    endloop
  endfacet
  facet normal 0 -0.6321744790466554 0.7748260630890585
    outer loop
      vertex -5.8333330154418945 -10 26.841075897216797
      vertex -7.5 -10 26.841075897216797
      vertex -5.8333330154418945 -10.09999942779541 26.75948715209961
    endloop
  endfacet
  facet normal 0 -0.6321744790466554 0.7748260630890585
    outer loop
      vertex -2.4999990463256836 -10 26.841075897216797
      vertex -4.166666030883789 -10 26.841075897216797
      vertex -2.4999990463256836 -10.09999942779541 26.75948715209961
    endloop
  endfacet
  facet normal 0 -0.6321744790466554 0.7748260630890587
    outer loop
      vertex 0.8333330154418945 -10 26.841075897216797
      vertex -0.8333330154418945 -10 26.841075897216797
      vertex 0.8333330154418945 -10.09999942779541 26.75948715209961
    endloop
  endfacet
  facet normal 0 -0.6321744790466554 0.7748260630890587
    outer loop
      vertex 4.166666030883789 -10 26.841075897216797
      vertex 2.5 -10 26.841075897216797
      vertex 4.166666030883789 -10.09999942779541 26.75948715209961
    endloop
  endfacet
  facet normal 0 -0.6321744790466554 0.7748260630890585
    outer loop
      vertex 7.5 -10 26.841075897216797
      vertex 5.8333330154418945 -10 26.841075897216797
      vertex 7.5 -10.09999942779541 26.75948715209961
    endloop
  endfacet
  facet normal 0 -0.6321744790466554 0.7748260630890587
    outer loop
      vertex 9.166666030883789 -10.09999942779541 26.75948715209961
      vertex 10 -10 26.841075897216797
      vertex 9.166666030883789 -10 26.841075897216797
    endloop
  endfacet
  facet normal 5.8075739806813344e-8 -0.6321747695992077 0.774825826029428
    outer loop
      vertex 10 -10 26.841075897216797
      vertex 9.166666030883789 -10.09999942779541 26.75948715209961
      vertex 11.030865669250488 -11.030865669250488 26
    endloop
  endfacet
  facet normal 0 -0.6321748394237382 0.7748257690600971
    outer loop
      vertex 7.5 -10.09999942779541 26.75948715209961
      vertex 11.030865669250488 -11.030865669250488 26
      vertex 9.166666030883789 -10.09999942779541 26.75948715209961
    endloop
  endfacet
  facet normal 0 -0.6321744790466554 0.7748260630890585
    outer loop
      vertex 5.8333330154418945 -10.09999942779541 26.75948715209961
      vertex 7.5 -10.09999942779541 26.75948715209961
      vertex 5.8333330154418945 -10 26.841075897216797
    endloop
  endfacet
  facet normal 0 -0.6321748394237382 0.7748257690600971
    outer loop
      vertex 7.5 -10.09999942779541 26.75948715209961
      vertex 5.8333330154418945 -10.09999942779541 26.75948715209961
      vertex 11.030865669250488 -11.030865669250488 26
    endloop
  endfacet
  facet normal 0 -0.6321748394237382 0.7748257690600971
    outer loop
      vertex 4.166666030883789 -10.09999942779541 26.75948715209961
      vertex 11.030865669250488 -11.030865669250488 26
      vertex 5.8333330154418945 -10.09999942779541 26.75948715209961
    endloop
  endfacet
  facet normal 0 -0.6321744790466554 0.7748260630890587
    outer loop
      vertex 2.5 -10.09999942779541 26.75948715209961
      vertex 4.166666030883789 -10.09999942779541 26.75948715209961
      vertex 2.5 -10 26.841075897216797
    endloop
  endfacet
  facet normal 0 -0.6321748394237382 0.7748257690600971
    outer loop
      vertex 4.166666030883789 -10.09999942779541 26.75948715209961
      vertex 2.5 -10.09999942779541 26.75948715209961
      vertex 11.030865669250488 -11.030865669250488 26
    endloop
  endfacet
  facet normal 0 -0.6321748394237382 0.7748257690600971
    outer loop
      vertex 0.8333330154418945 -10.09999942779541 26.75948715209961
      vertex 11.030865669250488 -11.030865669250488 26
      vertex 2.5 -10.09999942779541 26.75948715209961
    endloop
  endfacet
  facet normal 0 -0.6321744790466554 0.7748260630890587
    outer loop
      vertex -0.8333330154418945 -10.09999942779541 26.75948715209961
      vertex 0.8333330154418945 -10.09999942779541 26.75948715209961
      vertex -0.8333330154418945 -10 26.841075897216797
    endloop
  endfacet
  facet normal 0 -0.6321748394237382 0.7748257690600971
    outer loop
      vertex 0.8333330154418945 -10.09999942779541 26.75948715209961
      vertex -0.8333330154418945 -10.09999942779541 26.75948715209961
      vertex 11.030865669250488 -11.030865669250488 26
    endloop
  endfacet
  facet normal 0 -0.6321748394237382 0.7748257690600971
    outer loop
      vertex -11.030865669250488 -11.030865669250488 26
      vertex -0.8333330154418945 -10.09999942779541 26.75948715209961
      vertex -2.4999990463256836 -10.09999942779541 26.75948715209961
    endloop
  endfacet
  facet normal 0 -0.6321744790466554 0.7748260630890585
    outer loop
      vertex -4.166666030883789 -10.09999942779541 26.75948715209961
      vertex -2.4999990463256836 -10.09999942779541 26.75948715209961
      vertex -4.166666030883789 -10 26.841075897216797
    endloop
  endfacet
  facet normal 0 -0.6321748394237382 0.7748257690600971
    outer loop
      vertex -11.030865669250488 -11.030865669250488 26
      vertex -2.4999990463256836 -10.09999942779541 26.75948715209961
      vertex -4.166666030883789 -10.09999942779541 26.75948715209961
    endloop
  endfacet
  facet normal 0 -0.6321748394237382 0.7748257690600971
    outer loop
      vertex -11.030865669250488 -11.030865669250488 26
      vertex -4.166666030883789 -10.09999942779541 26.75948715209961
      vertex -5.8333330154418945 -10.09999942779541 26.75948715209961
    endloop
  endfacet
  facet normal 0 -0.6321744790466554 0.7748260630890585
    outer loop
      vertex -7.5 -10.09999942779541 26.75948715209961
      vertex -5.8333330154418945 -10.09999942779541 26.75948715209961
      vertex -7.5 -10 26.841075897216797
    endloop
  endfacet
  facet normal 0 -0.6321748394237382 0.7748257690600971
    outer loop
      vertex -11.030865669250488 -11.030865669250488 26
      vertex -5.8333330154418945 -10.09999942779541 26.75948715209961
      vertex -7.5 -10.09999942779541 26.75948715209961
    endloop
  endfacet
  facet normal 0 -0.6321748394237382 0.7748257690600971
    outer loop
      vertex -11.030865669250488 -11.030865669250488 26
      vertex -7.5 -10.09999942779541 26.75948715209961
      vertex -9.166666030883789 -10.09999942779541 26.75948715209961
    endloop
  endfacet
  facet normal 0 -0.6321748394237382 0.774825769060097
    outer loop
      vertex -0.8333330154418945 -10.09999942779541 26.75948715209961
      vertex -11.030865669250488 -11.030865669250488 26
      vertex 11.030865669250488 -11.030865669250488 26
    endloop
  endfacet
  facet normal -5.8075739806813344e-8 -0.6321747695992077 0.774825826029428
    outer loop
      vertex -11.030865669250488 -11.030865669250488 26
      vertex -9.166666030883789 -10.09999942779541 26.75948715209961
      vertex -10 -10 26.841075897216797
    endloop
  endfacet
  facet normal 0 -0.6321747409279798 0.7748258494220762
    outer loop
      vertex -9.166666030883789 -9.166666030883789 27.520986557006836
      vertex -9.805213928222656 -9.805213928222656 27
      vertex -9.166666030883789 -9.805213928222656 27
    endloop
  endfacet
  facet normal 0 -0.6321747409279798 0.7748258494220762
    outer loop
      vertex 9.166666030883789 -9.166666030883789 27.520986557006836
      vertex 9.166666030883789 -9.805213928222656 27
      vertex 9.805213928222656 -9.805213928222656 27
    endloop
  endfacet
  facet normal 0 -0.6321747445729461 0.7748258464481745
    outer loop
      vertex -0.17220687866210938 -0.41574573516845703 34.660797119140625
      vertex -2.4999990463256836 -7.899999618530273 28.5544490814209
      vertex -0.8333330154418945 -7.899999618530273 28.5544490814209
    endloop
  endfacet
  facet normal 0 -0.6321744154973499 0.7748261149384319
    outer loop
      vertex -2.4999990463256836 -7.899999618530273 28.5544490814209
      vertex -4.166666030883789 -7.899999618530273 28.5544490814209
      vertex -2.4999990463256836 -9.805213928222656 27
    endloop
  endfacet
  facet normal 0 -0.6321747904669337 0.7748258090036034
    outer loop
      vertex -0.31819725036621094 -0.31819725036621094 34.740386962890625
      vertex -4.166666030883789 -7.899999618530273 28.5544490814209
      vertex -2.4999990463256836 -7.899999618530273 28.5544490814209
    endloop
  endfacet
  facet normal 0 -0.6321747904669337 0.7748258090036034
    outer loop
      vertex -0.31819725036621094 -0.31819725036621094 34.740386962890625
      vertex -5.8333330154418945 -7.899999618530273 28.5544490814209
      vertex -4.166666030883789 -7.899999618530273 28.5544490814209
    endloop
  endfacet
  facet normal 0 -0.6321744154973499 0.7748261149384319
    outer loop
      vertex -5.8333330154418945 -7.899999618530273 28.5544490814209
      vertex -7.5 -7.899999618530273 28.5544490814209
      vertex -5.8333330154418945 -9.805213928222656 27
    endloop
  endfacet
  facet normal 0 -0.6321747904669337 0.7748258090036034
    outer loop
      vertex -0.31819725036621094 -0.31819725036621094 34.740386962890625
      vertex -7.5 -7.899999618530273 28.5544490814209
      vertex -5.8333330154418945 -7.899999618530273 28.5544490814209
    endloop
  endfacet
  facet normal 0 -0.6321747904669336 0.7748258090036034
    outer loop
      vertex -7.5 -7.899999618530273 28.5544490814209
      vertex -0.31819725036621094 -0.31819725036621094 34.740386962890625
      vertex -7.899999618530273 -7.899999618530273 28.5544490814209
    endloop
  endfacet
  facet normal 0 -0.6321744154973499 0.7748261149384319
    outer loop
      vertex 7.5 -7.899999618530273 28.5544490814209
      vertex 5.8333330154418945 -7.899999618530273 28.5544490814209
      vertex 7.5 -9.805213928222656 27
    endloop
  endfacet
  facet normal 0 -0.6321747904669336 0.7748258090036034
    outer loop
      vertex 0.31819725036621094 -0.31819725036621094 34.740386962890625
      vertex 7.5 -7.899999618530273 28.5544490814209
      vertex 7.899999618530273 -7.899999618530273 28.5544490814209
    endloop
  endfacet
  facet normal 0 -0.6321747904669337 0.7748258090036034
    outer loop
      vertex 7.5 -7.899999618530273 28.5544490814209
      vertex 0.31819725036621094 -0.31819725036621094 34.740386962890625
      vertex 5.8333330154418945 -7.899999618530273 28.5544490814209
    endloop
  endfacet
  facet normal 0 -0.6321744154973498 0.7748261149384318
    outer loop
      vertex 4.166666030883789 -7.899999618530273 28.5544490814209
      vertex 2.5 -7.899999618530273 28.5544490814209
      vertex 4.166666030883789 -9.805213928222656 27
    endloop
  endfacet
  facet normal 0 -0.6321747904669337 0.7748258090036034
    outer loop
      vertex 5.8333330154418945 -7.899999618530273 28.5544490814209
      vertex 0.31819725036621094 -0.31819725036621094 34.740386962890625
      vertex 4.166666030883789 -7.899999618530273 28.5544490814209
    endloop
  endfacet
  facet normal 0 -0.6321747904669337 0.7748258090036034
    outer loop
      vertex 4.166666030883789 -7.899999618530273 28.5544490814209
      vertex 0.31819725036621094 -0.31819725036621094 34.740386962890625
      vertex 2.5 -7.899999618530273 28.5544490814209
    endloop
  endfacet
  facet normal -0.00001559751300642755 -0.6321774850621125 0.7748236103380305
    outer loop
      vertex 0.25000572204589844 -0.3741607666015625 34.694725036621094
      vertex 2.5 -7.899999618530273 28.5544490814209
      vertex 0.31819725036621094 -0.31819725036621094 34.740386962890625
    endloop
  endfacet
  facet normal 0.000008150335953881649 -0.6321732226736426 0.7748270881093361
    outer loop
      vertex 0.17220687866210938 -0.41574573516845703 34.660797119140625
      vertex 2.5 -7.899999618530273 28.5544490814209
      vertex 0.25000572204589844 -0.3741607666015625 34.694725036621094
    endloop
  endfacet
  facet normal 0 -0.6321747445729463 0.7748258464481746
    outer loop
      vertex 2.5 -7.899999618530273 28.5544490814209
      vertex 0.17220687866210938 -0.41574573516845703 34.660797119140625
      vertex 0.8333330154418945 -7.899999618530273 28.5544490814209
    endloop
  endfacet
  facet normal -0.000003967232308939237 -0.6321749549611224 0.7748256747837953
    outer loop
      vertex 0.08779048919677734 -0.44135284423828125 34.6399040222168
      vertex 0.8333330154418945 -7.899999618530273 28.5544490814209
      vertex 0.17220687866210938 -0.41574573516845703 34.660797119140625
    endloop
  endfacet
  facet normal -0.000019182933412069456 -0.6321758679369834 0.7748249296648482
    outer loop
      vertex 0 -0.4499998092651367 34.63284683227539
      vertex 0.8333330154418945 -7.899999618530273 28.5544490814209
      vertex 0.08779048919677734 -0.44135284423828125 34.6399040222168
    endloop
  endfacet
  facet normal 0 -0.632174579847052 0.7748259808467984
    outer loop
      vertex 0.8333330154418945 -7.899999618530273 28.5544490814209
      vertex 0 -0.4499998092651367 34.63284683227539
      vertex -0.8333330154418945 -7.899999618530273 28.5544490814209
    endloop
  endfacet
  facet normal 0.000019182933412069456 -0.6321758679369834 0.7748249296648482
    outer loop
      vertex -0.8333330154418945 -7.899999618530273 28.5544490814209
      vertex 0 -0.4499998092651367 34.63284683227539
      vertex -0.08779048919677734 -0.44135284423828125 34.6399040222168
    endloop
  endfacet
  facet normal 0.000003967232308939237 -0.6321749549611224 0.7748256747837953
    outer loop
      vertex -0.8333330154418945 -7.899999618530273 28.5544490814209
      vertex -0.08779048919677734 -0.44135284423828125 34.6399040222168
      vertex -0.17220687866210938 -0.41574573516845703 34.660797119140625
    endloop
  endfacet
  facet normal -0.000008150336429868405 -0.6321732226741773 0.7748270881089
    outer loop
      vertex -2.4999990463256836 -7.899999618530273 28.5544490814209
      vertex -0.17220687866210938 -0.41574573516845703 34.660797119140625
      vertex -0.25000572204589844 -0.3741607666015625 34.694725036621094
    endloop
  endfacet
  facet normal 0.000015597514308952258 -0.6321774850611597 0.7748236103388078
    outer loop
      vertex -2.4999990463256836 -7.899999618530273 28.5544490814209
      vertex -0.25000572204589844 -0.3741607666015625 34.694725036621094
      vertex -0.31819725036621094 -0.31819725036621094 34.740386962890625
    endloop
  endfacet
  facet normal 0 -0.6321744154973498 0.7748261149384318
    outer loop
      vertex 0.8333330154418945 -7.899999618530273 28.5544490814209
      vertex -0.8333330154418945 -7.899999618530273 28.5544490814209
      vertex 0.8333330154418945 -9.805213928222656 27
    endloop
  endfacet
  facet normal 0 -0.6321744154973498 0.7748261149384318
    outer loop
      vertex 0.8333330154418945 -9.805213928222656 27
      vertex -0.8333330154418945 -7.899999618530273 28.5544490814209
      vertex -0.8333330154418945 -9.805213928222656 27
    endloop
  endfacet
  facet normal 0 -0.6321744154973499 0.7748261149384319
    outer loop
      vertex 7.5 -9.805213928222656 27
      vertex 5.8333330154418945 -7.899999618530273 28.5544490814209
      vertex 5.8333330154418945 -9.805213928222656 27
    endloop
  endfacet
  facet normal 0 -0.6321744154973498 0.7748261149384318
    outer loop
      vertex 4.166666030883789 -9.805213928222656 27
      vertex 2.5 -7.899999618530273 28.5544490814209
      vertex 2.5 -9.805213928222656 27
    endloop
  endfacet
  facet normal 0 -0.6321744154973499 0.7748261149384319
    outer loop
      vertex -2.4999990463256836 -9.805213928222656 27
      vertex -4.166666030883789 -7.899999618530273 28.5544490814209
      vertex -4.166666030883789 -9.805213928222656 27
    endloop
  endfacet
  facet normal 0 -0.6321744154973499 0.7748261149384319
    outer loop
      vertex -5.8333330154418945 -9.805213928222656 27
      vertex -7.5 -7.899999618530273 28.5544490814209
      vertex -7.5 -9.805213928222656 27
    endloop
  endfacet
  facet normal -0.6321744790466554 0 0.7748260630890587
    outer loop
      vertex -10 10 26.841075897216797
      vertex -10.09999942779541 9.166666030883789 26.75948715209961
      vertex -10 9.166666030883789 26.841075897216797
    endloop
  endfacet
  facet normal -0.6321748394237382 0 0.7748257690600971
    outer loop
      vertex -11.030865669250488 11.030865669250488 26
      vertex -10.09999942779541 7.5 26.75948715209961
      vertex -10.09999942779541 9.166666030883789 26.75948715209961
    endloop
  endfacet
  facet normal -0.6321748394237382 0 0.7748257690600971
    outer loop
      vertex -10.09999942779541 7.5 26.75948715209961
      vertex -11.030865669250488 11.030865669250488 26
      vertex -10.09999942779541 5.8333330154418945 26.75948715209961
    endloop
  endfacet
  facet normal -0.6321748394237382 0 0.7748257690600971
    outer loop
      vertex -10.09999942779541 5.8333330154418945 26.75948715209961
      vertex -11.030865669250488 11.030865669250488 26
      vertex -10.09999942779541 4.166666030883789 26.75948715209961
    endloop
  endfacet
  facet normal -0.6321748394237382 0 0.7748257690600971
    outer loop
      vertex -10.09999942779541 4.166666030883789 26.75948715209961
      vertex -11.030865669250488 11.030865669250488 26
      vertex -10.09999942779541 2.5 26.75948715209961
    endloop
  endfacet
  facet normal -0.6321748394237382 0 0.7748257690600971
    outer loop
      vertex -10.09999942779541 2.5 26.75948715209961
      vertex -11.030865669250488 11.030865669250488 26
      vertex -10.09999942779541 0.8333330154418945 26.75948715209961
    endloop
  endfacet
  facet normal -0.6321748394237382 0 0.7748257690600971
    outer loop
      vertex -10.09999942779541 0.8333330154418945 26.75948715209961
      vertex -11.030865669250488 11.030865669250488 26
      vertex -10.09999942779541 -0.8333330154418945 26.75948715209961
    endloop
  endfacet
  facet normal -0.6321748394237382 0 0.774825769060097
    outer loop
      vertex -11.030865669250488 -11.030865669250488 26
      vertex -10.09999942779541 -0.8333330154418945 26.75948715209961
      vertex -11.030865669250488 11.030865669250488 26
    endloop
  endfacet
  facet normal -0.6321748394237382 0 0.7748257690600971
    outer loop
      vertex -10.09999942779541 -0.8333330154418945 26.75948715209961
      vertex -11.030865669250488 -11.030865669250488 26
      vertex -10.09999942779541 -2.4999990463256836 26.75948715209961
    endloop
  endfacet
  facet normal -0.6321748394237382 0 0.7748257690600971
    outer loop
      vertex -10.09999942779541 -2.4999990463256836 26.75948715209961
      vertex -11.030865669250488 -11.030865669250488 26
      vertex -10.09999942779541 -4.166666030883789 26.75948715209961
    endloop
  endfacet
  facet normal -0.6321748394237382 0 0.7748257690600971
    outer loop
      vertex -10.09999942779541 -4.166666030883789 26.75948715209961
      vertex -11.030865669250488 -11.030865669250488 26
      vertex -10.09999942779541 -5.8333330154418945 26.75948715209961
    endloop
  endfacet
  facet normal -0.6321748394237382 0 0.7748257690600971
    outer loop
      vertex -10.09999942779541 -5.8333330154418945 26.75948715209961
      vertex -11.030865669250488 -11.030865669250488 26
      vertex -10.09999942779541 -7.5 26.75948715209961
    endloop
  endfacet
  facet normal -0.6321747695992077 5.8075739806813344e-8 0.774825826029428
    outer loop
      vertex -11.030865669250488 11.030865669250488 26
      vertex -10.09999942779541 9.166666030883789 26.75948715209961
      vertex -10 10 26.841075897216797
    endloop
  endfacet
  facet normal -0.6321744790466554 0 0.7748260630890585
    outer loop
      vertex -10.09999942779541 7.5 26.75948715209961
      vertex -10 5.8333330154418945 26.841075897216797
      vertex -10 7.5 26.841075897216797
    endloop
  endfacet
  facet normal -0.6321744790466554 0 0.7748260630890585
    outer loop
      vertex -10 5.8333330154418945 26.841075897216797
      vertex -10.09999942779541 7.5 26.75948715209961
      vertex -10.09999942779541 5.8333330154418945 26.75948715209961
    endloop
  endfacet
  facet normal -0.6321744790466554 0 0.7748260630890587
    outer loop
      vertex -10.09999942779541 4.166666030883789 26.75948715209961
      vertex -10 2.5 26.841075897216797
      vertex -10 4.166666030883789 26.841075897216797
    endloop
  endfacet
  facet normal -0.6321744790466554 0 0.7748260630890587
    outer loop
      vertex -10 2.5 26.841075897216797
      vertex -10.09999942779541 4.166666030883789 26.75948715209961
      vertex -10.09999942779541 2.5 26.75948715209961
    endloop
  endfacet
  facet normal -0.6321744790466554 0 0.7748260630890587
    outer loop
      vertex -10.09999942779541 0.8333330154418945 26.75948715209961
      vertex -10 -0.8333330154418945 26.841075897216797
      vertex -10 0.8333330154418945 26.841075897216797
    endloop
  endfacet
  facet normal -0.6321744790466554 0 0.7748260630890587
    outer loop
      vertex -10 -0.8333330154418945 26.841075897216797
      vertex -10.09999942779541 0.8333330154418945 26.75948715209961
      vertex -10.09999942779541 -0.8333330154418945 26.75948715209961
    endloop
  endfacet
  facet normal -0.6321744790466554 0 0.7748260630890585
    outer loop
      vertex -10.09999942779541 -2.4999990463256836 26.75948715209961
      vertex -10 -4.166666030883789 26.841075897216797
      vertex -10 -2.4999990463256836 26.841075897216797
    endloop
  endfacet
  facet normal -0.6321744790466554 0 0.7748260630890585
    outer loop
      vertex -10 -4.166666030883789 26.841075897216797
      vertex -10.09999942779541 -2.4999990463256836 26.75948715209961
      vertex -10.09999942779541 -4.166666030883789 26.75948715209961
    endloop
  endfacet
  facet normal -0.6321744790466554 0 0.7748260630890585
    outer loop
      vertex -10.09999942779541 -5.8333330154418945 26.75948715209961
      vertex -10 -7.5 26.841075897216797
      vertex -10 -5.8333330154418945 26.841075897216797
    endloop
  endfacet
  facet normal -0.6321744790466554 0 0.7748260630890585
    outer loop
      vertex -10 -7.5 26.841075897216797
      vertex -10.09999942779541 -5.8333330154418945 26.75948715209961
      vertex -10.09999942779541 -7.5 26.75948715209961
    endloop
  endfacet
  facet normal -0.6321744790466554 0 0.7748260630890587
    outer loop
      vertex -10.09999942779541 -9.166666030883789 26.75948715209961
      vertex -10 -10 26.841075897216797
      vertex -10 -9.166666030883789 26.841075897216797
    endloop
  endfacet
  facet normal -0.6321747695992077 -5.8075739806813344e-8 0.774825826029428
    outer loop
      vertex -10.09999942779541 -9.166666030883789 26.75948715209961
      vertex -11.030865669250488 -11.030865669250488 26
      vertex -10 -10 26.841075897216797
    endloop
  endfacet
  facet normal -0.6321748394237382 0 0.7748257690600971
    outer loop
      vertex -10.09999942779541 -7.5 26.75948715209961
      vertex -11.030865669250488 -11.030865669250488 26
      vertex -10.09999942779541 -9.166666030883789 26.75948715209961
    endloop
  endfacet
  facet normal -0.6321747409279798 0 0.7748258494220762
    outer loop
      vertex -9.805213928222656 9.805213928222656 27
      vertex -9.805213928222656 9.166666030883789 27
      vertex -9.166666030883789 9.166666030883789 27.520986557006836
    endloop
  endfacet
  facet normal -0.6321747409279798 0 0.7748258494220762
    outer loop
      vertex -9.805213928222656 -9.166666030883789 27
      vertex -9.805213928222656 -9.805213928222656 27
      vertex -9.166666030883789 -9.166666030883789 27.520986557006836
    endloop
  endfacet
  facet normal -0.6321747904669337 0 0.7748258090036034
    outer loop
      vertex -7.899999618530273 2.5 28.5544490814209
      vertex -0.31819725036621094 0.31819725036621094 34.740386962890625
      vertex -7.899999618530273 4.166666030883789 28.5544490814209
    endloop
  endfacet
  facet normal -0.6321747904669337 0 0.7748258090036034
    outer loop
      vertex -7.899999618530273 4.166666030883789 28.5544490814209
      vertex -0.31819725036621094 0.31819725036621094 34.740386962890625
      vertex -7.899999618530273 5.8333330154418945 28.5544490814209
    endloop
  endfacet
  facet normal -0.6321747904669337 0 0.7748258090036034
    outer loop
      vertex -7.899999618530273 5.8333330154418945 28.5544490814209
      vertex -0.31819725036621094 0.31819725036621094 34.740386962890625
      vertex -7.899999618530273 7.5 28.5544490814209
    endloop
  endfacet
  facet normal -0.6321747904669336 0 0.7748258090036034
    outer loop
      vertex -7.899999618530273 7.5 28.5544490814209
      vertex -0.31819725036621094 0.31819725036621094 34.740386962890625
      vertex -7.899999618530273 7.899999618530273 28.5544490814209
    endloop
  endfacet
  facet normal -0.6321774850621125 -0.00001559751300642755 0.7748236103380305
    outer loop
      vertex -0.31819725036621094 0.31819725036621094 34.740386962890625
      vertex -7.899999618530273 2.5 28.5544490814209
      vertex -0.3741607666015625 0.25000572204589844 34.694725036621094
    endloop
  endfacet
  facet normal -0.6321732226736426 0.000008150335953881649 0.7748270881093361
    outer loop
      vertex -0.3741607666015625 0.25000572204589844 34.694725036621094
      vertex -7.899999618530273 2.5 28.5544490814209
      vertex -0.41574573516845703 0.17220687866210938 34.660797119140625
    endloop
  endfacet
  facet normal -0.6321747445729463 0 0.7748258464481746
    outer loop
      vertex -7.899999618530273 0.8333330154418945 28.5544490814209
      vertex -0.41574573516845703 0.17220687866210938 34.660797119140625
      vertex -7.899999618530273 2.5 28.5544490814209
    endloop
  endfacet
  facet normal -0.6321749549611224 -0.000003967232308939237 0.7748256747837954
    outer loop
      vertex -0.41574573516845703 0.17220687866210938 34.660797119140625
      vertex -7.899999618530273 0.8333330154418945 28.5544490814209
      vertex -0.44135284423828125 0.08779048919677734 34.6399040222168
    endloop
  endfacet
  facet normal -0.6321758679369833 -0.000019182933412069456 0.7748249296648481
    outer loop
      vertex -0.44135284423828125 0.08779048919677734 34.6399040222168
      vertex -7.899999618530273 0.8333330154418945 28.5544490814209
      vertex -0.4499998092651367 0 34.63284683227539
    endloop
  endfacet
  facet normal -0.632174579847052 0 0.7748259808467984
    outer loop
      vertex -7.899999618530273 -0.8333330154418945 28.5544490814209
      vertex -0.4499998092651367 0 34.63284683227539
      vertex -7.899999618530273 0.8333330154418945 28.5544490814209
    endloop
  endfacet
  facet normal -0.6321758679369833 0.000019182933412069456 0.7748249296648481
    outer loop
      vertex -0.4499998092651367 0 34.63284683227539
      vertex -7.899999618530273 -0.8333330154418945 28.5544490814209
      vertex -0.44135284423828125 -0.08779048919677734 34.6399040222168
    endloop
  endfacet
  facet normal -0.6321749549611224 0.000003967232308939237 0.7748256747837954
    outer loop
      vertex -0.44135284423828125 -0.08779048919677734 34.6399040222168
      vertex -7.899999618530273 -0.8333330154418945 28.5544490814209
      vertex -0.41574573516845703 -0.17220687866210938 34.660797119140625
    endloop
  endfacet
  facet normal -0.6321747445729461 0 0.7748258464481745
    outer loop
      vertex -7.899999618530273 -2.4999990463256836 28.5544490814209
      vertex -0.41574573516845703 -0.17220687866210938 34.660797119140625
      vertex -7.899999618530273 -0.8333330154418945 28.5544490814209
    endloop
  endfacet
  facet normal -0.6321732226741773 -0.000008150336429868405 0.7748270881089
    outer loop
      vertex -0.41574573516845703 -0.17220687866210938 34.660797119140625
      vertex -7.899999618530273 -2.4999990463256836 28.5544490814209
      vertex -0.3741607666015625 -0.25000572204589844 34.694725036621094
    endloop
  endfacet
  facet normal -0.6321774850611598 0.00001559751430895226 0.7748236103388079
    outer loop
      vertex -0.3741607666015625 -0.25000572204589844 34.694725036621094
      vertex -7.899999618530273 -2.4999990463256836 28.5544490814209
      vertex -0.31819725036621094 -0.31819725036621094 34.740386962890625
    endloop
  endfacet
  facet normal -0.6321747904669337 0 0.7748258090036034
    outer loop
      vertex -7.899999618530273 -4.166666030883789 28.5544490814209
      vertex -0.31819725036621094 -0.31819725036621094 34.740386962890625
      vertex -7.899999618530273 -2.4999990463256836 28.5544490814209
    endloop
  endfacet
  facet normal -0.6321747904669337 0 0.7748258090036034
    outer loop
      vertex -7.899999618530273 -5.8333330154418945 28.5544490814209
      vertex -0.31819725036621094 -0.31819725036621094 34.740386962890625
      vertex -7.899999618530273 -4.166666030883789 28.5544490814209
    endloop
  endfacet
  facet normal -0.6321747904669337 0 0.7748258090036034
    outer loop
      vertex -7.899999618530273 -7.5 28.5544490814209
      vertex -0.31819725036621094 -0.31819725036621094 34.740386962890625
      vertex -7.899999618530273 -5.8333330154418945 28.5544490814209
    endloop
  endfacet
  facet normal -0.6321747904669336 0 0.7748258090036034
    outer loop
      vertex -0.31819725036621094 -0.31819725036621094 34.740386962890625
      vertex -7.899999618530273 -7.5 28.5544490814209
      vertex -7.899999618530273 -7.899999618530273 28.5544490814209
    endloop
  endfacet
  facet normal -0.6321744154973499 0 0.7748261149384319
    outer loop
      vertex -9.805213928222656 -5.8333330154418945 27
      vertex -7.899999618530273 -7.5 28.5544490814209
      vertex -7.899999618530273 -5.8333330154418945 28.5544490814209
    endloop
  endfacet
  facet normal -0.6321744154973499 0 0.7748261149384319
    outer loop
      vertex -7.899999618530273 -7.5 28.5544490814209
      vertex -9.805213928222656 -5.8333330154418945 27
      vertex -9.805213928222656 -7.5 27
    endloop
  endfacet
  facet normal -0.6321744154973499 0 0.7748261149384319
    outer loop
      vertex -9.805213928222656 -2.4999990463256836 27
      vertex -7.899999618530273 -4.166666030883789 28.5544490814209
      vertex -7.899999618530273 -2.4999990463256836 28.5544490814209
    endloop
  endfacet
  facet normal -0.6321744154973499 0 0.7748261149384319
    outer loop
      vertex -7.899999618530273 -4.166666030883789 28.5544490814209
      vertex -9.805213928222656 -2.4999990463256836 27
      vertex -9.805213928222656 -4.166666030883789 27
    endloop
  endfacet
  facet normal -0.6321744154973498 0 0.7748261149384318
    outer loop
      vertex -9.805213928222656 0.8333330154418945 27
      vertex -7.899999618530273 -0.8333330154418945 28.5544490814209
      vertex -7.899999618530273 0.8333330154418945 28.5544490814209
    endloop
  endfacet
  facet normal -0.6321744154973498 0 0.7748261149384318
    outer loop
      vertex -7.899999618530273 -0.8333330154418945 28.5544490814209
      vertex -9.805213928222656 0.8333330154418945 27
      vertex -9.805213928222656 -0.8333330154418945 27
    endloop
  endfacet
  facet normal -0.6321744154973498 0 0.7748261149384318
    outer loop
      vertex -9.805213928222656 4.166666030883789 27
      vertex -7.899999618530273 2.5 28.5544490814209
      vertex -7.899999618530273 4.166666030883789 28.5544490814209
    endloop
  endfacet
  facet normal -0.6321744154973498 0 0.7748261149384318
    outer loop
      vertex -7.899999618530273 2.5 28.5544490814209
      vertex -9.805213928222656 4.166666030883789 27
      vertex -9.805213928222656 2.5 27
    endloop
  endfacet
  facet normal -0.6321744154973499 0 0.7748261149384319
    outer loop
      vertex -9.805213928222656 7.5 27
      vertex -7.899999618530273 5.8333330154418945 28.5544490814209
      vertex -7.899999618530273 7.5 28.5544490814209
    endloop
  endfacet
  facet normal -0.6321744154973499 0 0.7748261149384319
    outer loop
      vertex -7.899999618530273 5.8333330154418945 28.5544490814209
      vertex -9.805213928222656 7.5 27
      vertex -9.805213928222656 5.8333330154418945 27
    endloop
  endfacet
  facet normal 0.6321744790466554 0 0.7748260630890585
    outer loop
      vertex 10 -5.8333330154418945 26.841075897216797
      vertex 10.09999942779541 -7.5 26.75948715209961
      vertex 10.09999942779541 -5.8333330154418945 26.75948715209961
    endloop
  endfacet
  facet normal 0.6321744790466554 0 0.7748260630890585
    outer loop
      vertex 10.09999942779541 -7.5 26.75948715209961
      vertex 10 -5.8333330154418945 26.841075897216797
      vertex 10 -7.5 26.841075897216797
    endloop
  endfacet
  facet normal 0.6321744790466554 0 0.7748260630890585
    outer loop
      vertex 10 -2.4999990463256836 26.841075897216797
      vertex 10.09999942779541 -4.166666030883789 26.75948715209961
      vertex 10.09999942779541 -2.4999990463256836 26.75948715209961
    endloop
  endfacet
  facet normal 0.6321744790466554 0 0.7748260630890585
    outer loop
      vertex 10.09999942779541 -4.166666030883789 26.75948715209961
      vertex 10 -2.4999990463256836 26.841075897216797
      vertex 10 -4.166666030883789 26.841075897216797
    endloop
  endfacet
  facet normal 0.6321744790466554 0 0.7748260630890587
    outer loop
      vertex 10 0.8333330154418945 26.841075897216797
      vertex 10.09999942779541 -0.8333330154418945 26.75948715209961
      vertex 10.09999942779541 0.8333330154418945 26.75948715209961
    endloop
  endfacet
  facet normal 0.6321744790466554 0 0.7748260630890587
    outer loop
      vertex 10.09999942779541 -0.8333330154418945 26.75948715209961
      vertex 10 0.8333330154418945 26.841075897216797
      vertex 10 -0.8333330154418945 26.841075897216797
    endloop
  endfacet
  facet normal 0.6321744790466554 0 0.7748260630890587
    outer loop
      vertex 10 4.166666030883789 26.841075897216797
      vertex 10.09999942779541 2.5 26.75948715209961
      vertex 10.09999942779541 4.166666030883789 26.75948715209961
    endloop
  endfacet
  facet normal 0.6321744790466554 0 0.7748260630890587
    outer loop
      vertex 10.09999942779541 2.5 26.75948715209961
      vertex 10 4.166666030883789 26.841075897216797
      vertex 10 2.5 26.841075897216797
    endloop
  endfacet
  facet normal 0.6321744790466554 0 0.7748260630890585
    outer loop
      vertex 10 7.5 26.841075897216797
      vertex 10.09999942779541 5.8333330154418945 26.75948715209961
      vertex 10.09999942779541 7.5 26.75948715209961
    endloop
  endfacet
  facet normal 0.6321744790466554 0 0.7748260630890585
    outer loop
      vertex 10.09999942779541 5.8333330154418945 26.75948715209961
      vertex 10 7.5 26.841075897216797
      vertex 10 5.8333330154418945 26.841075897216797
    endloop
  endfacet
  facet normal 0.6321748394237382 0 0.7748257690600971
    outer loop
      vertex 10.09999942779541 7.5 26.75948715209961
      vertex 11.030865669250488 11.030865669250488 26
      vertex 10.09999942779541 9.166666030883789 26.75948715209961
    endloop
  endfacet
  facet normal 0.6321747695992077 5.8075739806813344e-8 0.774825826029428
    outer loop
      vertex 10 10 26.841075897216797
      vertex 10.09999942779541 9.166666030883789 26.75948715209961
      vertex 11.030865669250488 11.030865669250488 26
    endloop
  endfacet
  facet normal 0.6321744790466554 0 0.7748260630890587
    outer loop
      vertex 10.09999942779541 9.166666030883789 26.75948715209961
      vertex 10 10 26.841075897216797
      vertex 10 9.166666030883789 26.841075897216797
    endloop
  endfacet
  facet normal 0.6321748394237382 0 0.7748257690600971
    outer loop
      vertex 10.09999942779541 5.8333330154418945 26.75948715209961
      vertex 11.030865669250488 11.030865669250488 26
      vertex 10.09999942779541 7.5 26.75948715209961
    endloop
  endfacet
  facet normal 0.6321748394237382 0 0.7748257690600971
    outer loop
      vertex 10.09999942779541 4.166666030883789 26.75948715209961
      vertex 11.030865669250488 11.030865669250488 26
      vertex 10.09999942779541 5.8333330154418945 26.75948715209961
    endloop
  endfacet
  facet normal 0.6321748394237382 0 0.7748257690600971
    outer loop
      vertex 10.09999942779541 2.5 26.75948715209961
      vertex 11.030865669250488 11.030865669250488 26
      vertex 10.09999942779541 4.166666030883789 26.75948715209961
    endloop
  endfacet
  facet normal 0.6321748394237382 0 0.7748257690600971
    outer loop
      vertex 10.09999942779541 0.8333330154418945 26.75948715209961
      vertex 11.030865669250488 11.030865669250488 26
      vertex 10.09999942779541 2.5 26.75948715209961
    endloop
  endfacet
  facet normal 0.6321748394237382 0 0.774825769060097
    outer loop
      vertex 11.030865669250488 11.030865669250488 26
      vertex 10.09999942779541 0.8333330154418945 26.75948715209961
      vertex 11.030865669250488 -11.030865669250488 26
    endloop
  endfacet
  facet normal 0.6321748394237382 0 0.7748257690600971
    outer loop
      vertex 10.09999942779541 -0.8333330154418945 26.75948715209961
      vertex 11.030865669250488 -11.030865669250488 26
      vertex 10.09999942779541 0.8333330154418945 26.75948715209961
    endloop
  endfacet
  facet normal 0.6321748394237382 0 0.7748257690600971
    outer loop
      vertex 10.09999942779541 -2.4999990463256836 26.75948715209961
      vertex 11.030865669250488 -11.030865669250488 26
      vertex 10.09999942779541 -0.8333330154418945 26.75948715209961
    endloop
  endfacet
  facet normal 0.6321748394237382 0 0.7748257690600971
    outer loop
      vertex 10.09999942779541 -4.166666030883789 26.75948715209961
      vertex 11.030865669250488 -11.030865669250488 26
      vertex 10.09999942779541 -2.4999990463256836 26.75948715209961
    endloop
  endfacet
  facet normal 0.6321748394237382 0 0.7748257690600971
    outer loop
      vertex 10.09999942779541 -5.8333330154418945 26.75948715209961
      vertex 11.030865669250488 -11.030865669250488 26
      vertex 10.09999942779541 -4.166666030883789 26.75948715209961
    endloop
  endfacet
  facet normal 0.6321748394237382 0 0.7748257690600971
    outer loop
      vertex 10.09999942779541 -7.5 26.75948715209961
      vertex 11.030865669250488 -11.030865669250488 26
      vertex 10.09999942779541 -5.8333330154418945 26.75948715209961
    endloop
  endfacet
  facet normal 0.6321748394237382 0 0.7748257690600971
    outer loop
      vertex 10.09999942779541 -9.166666030883789 26.75948715209961
      vertex 11.030865669250488 -11.030865669250488 26
      vertex 10.09999942779541 -7.5 26.75948715209961
    endloop
  endfacet
  facet normal 0.6321744790466554 0 0.7748260630890587
    outer loop
      vertex 10 -10 26.841075897216797
      vertex 10.09999942779541 -9.166666030883789 26.75948715209961
      vertex 10 -9.166666030883789 26.841075897216797
    endloop
  endfacet
  facet normal 0.6321747695992077 -5.8075739806813344e-8 0.774825826029428
    outer loop
      vertex 10.09999942779541 -9.166666030883789 26.75948715209961
      vertex 10 -10 26.841075897216797
      vertex 11.030865669250488 -11.030865669250488 26
    endloop
  endfacet
  facet normal 0.6321747916433025 0 0.7748258080438125
    outer loop
      vertex 0.39999961853027344 0.39999961853027344 34.67364501953125
      vertex 7.899999618530273 7.5 28.5544490814209
      vertex 7.899999618530273 7.899999618530273 28.5544490814209
    endloop
  endfacet
  facet normal 0.6321747076709268 0 0.7748258765562612
    outer loop
      vertex 7.899999618530273 7.5 28.5544490814209
      vertex 2.451303482055664 0.39999961853027344 33
      vertex 7.899999618530273 5.8333330154418945 28.5544490814209
    endloop
  endfacet
  facet normal 0.6321747076709268 0 0.7748258765562612
    outer loop
      vertex 7.899999618530273 5.8333330154418945 28.5544490814209
      vertex 2.451303482055664 0.39999961853027344 33
      vertex 7.899999618530273 4.166666030883789 28.5544490814209
    endloop
  endfacet
  facet normal 0.6321747076709268 0 0.7748258765562611
    outer loop
      vertex 7.899999618530273 4.166666030883789 28.5544490814209
      vertex 2.451303482055664 0.39999961853027344 33
      vertex 7.899999618530273 2.5 28.5544490814209
    endloop
  endfacet
  facet normal 0.6321747076709268 0 0.7748258765562612
    outer loop
      vertex 7.899999618530273 2.5 28.5544490814209
      vertex 2.451303482055664 0.39999961853027344 33
      vertex 7.899999618530273 0.8333330154418945 28.5544490814209
    endloop
  endfacet
  facet normal 0.6321747076709268 0 0.7748258765562611
    outer loop
      vertex 2.451303482055664 0 33
      vertex 7.899999618530273 0.8333330154418945 28.5544490814209
      vertex 2.451303482055664 0.39999961853027344 33
    endloop
  endfacet
  facet normal 0.6321747076709268 0 0.7748258765562611
    outer loop
      vertex 7.899999618530273 0.8333330154418945 28.5544490814209
      vertex 2.451303482055664 0 33
      vertex 7.899999618530273 -0.8333330154418945 28.5544490814209
    endloop
  endfacet
  facet normal 0.6321747076709268 0 0.7748258765562611
    outer loop
      vertex 7.899999618530273 -0.8333330154418945 28.5544490814209
      vertex 2.451303482055664 0 33
      vertex 7.899999618530273 -2.4999990463256836 28.5544490814209
    endloop
  endfacet
  facet normal 0.6321747076709268 0 0.7748258765562612
    outer loop
      vertex 7.899999618530273 -2.4999990463256836 28.5544490814209
      vertex 2.451303482055664 0 33
      vertex 7.899999618530273 -4.166666030883789 28.5544490814209
    endloop
  endfacet
  facet normal 0.6321749659669853 4.0186992888055993e-7 0.7748256658142395
    outer loop
      vertex 0.31819725036621094 -0.31819725036621094 34.740386962890625
      vertex 7.899999618530273 -5.8333330154418945 28.5544490814209
      vertex 2.451303482055664 0 33
    endloop
  endfacet
  facet normal 0.6321747076709268 0 0.7748258765562612
    outer loop
      vertex 7.899999618530273 -4.166666030883789 28.5544490814209
      vertex 2.451303482055664 0 33
      vertex 7.899999618530273 -5.8333330154418945 28.5544490814209
    endloop
  endfacet
  facet normal 0.6321750146915042 -3.924583805482997e-7 0.7748256260602397
    outer loop
      vertex 7.899999618530273 7.5 28.5544490814209
      vertex 0.39999961853027344 0.39999961853027344 34.67364501953125
      vertex 2.451303482055664 0.39999961853027344 33
    endloop
  endfacet
  facet normal 0.6321744154973499 0 0.7748261149384319
    outer loop
      vertex 7.899999618530273 7.5 28.5544490814209
      vertex 9.805213928222656 5.8333330154418945 27
      vertex 9.805213928222656 7.5 27
    endloop
  endfacet
  facet normal 0.6321744154973499 0 0.7748261149384319
    outer loop
      vertex 9.805213928222656 5.8333330154418945 27
      vertex 7.899999618530273 7.5 28.5544490814209
      vertex 7.899999618530273 5.8333330154418945 28.5544490814209
    endloop
  endfacet
  facet normal 0.6321744154973498 0 0.7748261149384318
    outer loop
      vertex 7.899999618530273 4.166666030883789 28.5544490814209
      vertex 9.805213928222656 2.5 27
      vertex 9.805213928222656 4.166666030883789 27
    endloop
  endfacet
  facet normal 0.6321744154973498 0 0.7748261149384318
    outer loop
      vertex 9.805213928222656 2.5 27
      vertex 7.899999618530273 4.166666030883789 28.5544490814209
      vertex 7.899999618530273 2.5 28.5544490814209
    endloop
  endfacet
  facet normal 0.6321744154973498 0 0.7748261149384318
    outer loop
      vertex 7.899999618530273 0.8333330154418945 28.5544490814209
      vertex 9.805213928222656 -0.8333330154418945 27
      vertex 9.805213928222656 0.8333330154418945 27
    endloop
  endfacet
  facet normal 0.6321744154973498 0 0.7748261149384318
    outer loop
      vertex 9.805213928222656 -0.8333330154418945 27
      vertex 7.899999618530273 0.8333330154418945 28.5544490814209
      vertex 7.899999618530273 -0.8333330154418945 28.5544490814209
    endloop
  endfacet
  facet normal 0.6321744154973499 0 0.7748261149384319
    outer loop
      vertex 7.899999618530273 -2.4999990463256836 28.5544490814209
      vertex 9.805213928222656 -4.166666030883789 27
      vertex 9.805213928222656 -2.4999990463256836 27
    endloop
  endfacet
  facet normal 0.6321744154973499 0 0.7748261149384319
    outer loop
      vertex 9.805213928222656 -4.166666030883789 27
      vertex 7.899999618530273 -2.4999990463256836 28.5544490814209
      vertex 7.899999618530273 -4.166666030883789 28.5544490814209
    endloop
  endfacet
  facet normal 0.6321744154973499 0 0.7748261149384319
    outer loop
      vertex 7.899999618530273 -5.8333330154418945 28.5544490814209
      vertex 9.805213928222656 -7.5 27
      vertex 9.805213928222656 -5.8333330154418945 27
    endloop
  endfacet
  facet normal 0.6321744154973499 0 0.7748261149384319
    outer loop
      vertex 9.805213928222656 -7.5 27
      vertex 7.899999618530273 -5.8333330154418945 28.5544490814209
      vertex 7.899999618530273 -7.5 28.5544490814209
    endloop
  endfacet
  facet normal 0.6321747904669337 0 0.7748258090036034
    outer loop
      vertex 7.899999618530273 -5.8333330154418945 28.5544490814209
      vertex 0.31819725036621094 -0.31819725036621094 34.740386962890625
      vertex 7.899999618530273 -7.5 28.5544490814209
    endloop
  endfacet
  facet normal 0.632174231717316 0.000019451407820587376 0.7748262646388957
    outer loop
      vertex 0.44135284423828125 -0.08779048919677734 34.6399040222168
      vertex 2.451303482055664 0 33
      vertex 0.4499998092651367 0 34.63284683227539
    endloop
  endfacet
  facet normal 0.6321746336040598 0.000004129606341510094 0.77482593697586
    outer loop
      vertex 0.41574573516845703 -0.17220687866210938 34.660797119140625
      vertex 2.451303482055664 0 33
      vertex 0.44135284423828125 -0.08779048919677734 34.6399040222168
    endloop
  endfacet
  facet normal 0.6321753536325847 -0.000010047597714029637 0.7748253494553221
    outer loop
      vertex 0.3741607666015625 -0.25000572204589844 34.694725036621094
      vertex 2.451303482055664 0 33
      vertex 0.41574573516845703 -0.17220687866210938 34.660797119140625
    endloop
  endfacet
  facet normal 0.6321730636938248 0.000021641489801482208 0.7748272175598953
    outer loop
      vertex 0.31819725036621094 -0.31819725036621094 34.740386962890625
      vertex 2.451303482055664 0 33
      vertex 0.3741607666015625 -0.25000572204589844 34.694725036621094
    endloop
  endfacet
  facet normal 0.6321747904669336 0 0.7748258090036034
    outer loop
      vertex 7.899999618530273 -7.5 28.5544490814209
      vertex 0.31819725036621094 -0.31819725036621094 34.740386962890625
      vertex 7.899999618530273 -7.899999618530273 28.5544490814209
    endloop
  endfacet
  facet normal 0.6321747409279798 0 0.7748258494220762
    outer loop
      vertex 9.805213928222656 -9.166666030883789 27
      vertex 9.166666030883789 -9.166666030883789 27.520986557006836
      vertex 9.805213928222656 -9.805213928222656 27
    endloop
  endfacet
  facet normal 0.6321747409279798 0 0.7748258494220762
    outer loop
      vertex 9.805213928222656 9.805213928222656 27
      vertex 9.166666030883789 9.166666030883789 27.520986557006836
      vertex 9.805213928222656 9.166666030883789 27
    endloop
  endfacet
  facet normal 0.9951843324107212 0.09802114325096964 0
    outer loop
      vertex 0.4499998092651367 0 36
      vertex 0.44135284423828125 0.08779048919677734 35
      vertex 0.44135284423828125 0.08779048919677734 36
    endloop
  endfacet
  facet normal 0.9951843324107212 0.09802114325096964 0
    outer loop
      vertex 0.44135284423828125 0.08779048919677734 35
      vertex 0.4499998092651367 0 36
      vertex 0.4499998092651367 0 35
    endloop
  endfacet
  facet normal 0.9951843324107212 -0.09802114325096964 0
    outer loop
      vertex 0.44135284423828125 -0.08779048919677734 36
      vertex 0.4499998092651367 0 35
      vertex 0.4499998092651367 0 36
    endloop
  endfacet
  facet normal 0.9951843324107212 -0.09802114325096963 0
    outer loop
      vertex 0.4499998092651367 0 35
      vertex 0.44135284423828125 -0.08779048919677734 36
      vertex 0.44135284423828125 -0.08779048919677734 34.6399040222168
    endloop
  endfacet
  facet normal 0.9951843324107212 -0.09802114325096963 0
    outer loop
      vertex 0.4499998092651367 0 35
      vertex 0.44135284423828125 -0.08779048919677734 34.6399040222168
      vertex 0.4499998092651367 0 34.63284683227539
    endloop
  endfacet
  facet normal 0.2902813272160025 0.9569413519488621 0
    outer loop
      vertex 0.17220687866210938 0.41574573516845703 34.660797119140625
      vertex 0.08779048919677734 0.44135284423828125 36
      vertex 0.17220687866210938 0.41574573516845703 36
    endloop
  endfacet
  facet normal 0.2902813272160025 0.9569413519488621 0
    outer loop
      vertex 0.08779048919677734 0.44135284423828125 36
      vertex 0.17220687866210938 0.41574573516845703 34.660797119140625
      vertex 0.08779048919677734 0.44135284423828125 34.6399040222168
    endloop
  endfacet
  facet normal -0.09802114325096963 -0.9951843324107212 0
    outer loop
      vertex -0.08779048919677734 -0.44135284423828125 34.6399040222168
      vertex 0 -0.4499998092651367 36
      vertex -0.08779048919677734 -0.44135284423828125 36
    endloop
  endfacet
  facet normal -0.09802114325096963 -0.9951843324107212 0
    outer loop
      vertex 0 -0.4499998092651367 36
      vertex -0.08779048919677734 -0.44135284423828125 34.6399040222168
      vertex 0 -0.4499998092651367 34.63284683227539
    endloop
  endfacet
  facet normal 0.6343944711071361 -0.7730094792618633 0
    outer loop
      vertex 0.25000572204589844 -0.3741607666015625 36
      vertex 0.31819725036621094 -0.31819725036621094 34.740386962890625
      vertex 0.31819725036621094 -0.31819725036621094 36
    endloop
  endfacet
  facet normal 0.6343944711071361 -0.7730094792618633 0
    outer loop
      vertex 0.31819725036621094 -0.31819725036621094 34.740386962890625
      vertex 0.25000572204589844 -0.3741607666015625 36
      vertex 0.25000572204589844 -0.3741607666015625 34.694725036621094
    endloop
  endfacet
  facet normal -0.9951843324107212 -0.09802114325096963 0
    outer loop
      vertex -0.44135284423828125 -0.08779048919677734 34.6399040222168
      vertex -0.4499998092651367 0 36
      vertex -0.4499998092651367 0 34.63284683227539
    endloop
  endfacet
  facet normal -0.9951843324107212 -0.09802114325096963 0
    outer loop
      vertex -0.4499998092651367 0 36
      vertex -0.44135284423828125 -0.08779048919677734 34.6399040222168
      vertex -0.44135284423828125 -0.08779048919677734 36
    endloop
  endfacet
  facet normal 0.47140224766024297 0.8819183187239457 0
    outer loop
      vertex 0.20166535675525665 0.39999961853027344 35
      vertex 0.25000572204589844 0.3741607666015625 36
      vertex 0.25000572204589844 0.3741607666015625 35
    endloop
  endfacet
  facet normal 0.47140220693334345 0.8819183404932529 2.5312471047847297e-9
    outer loop
      vertex 0.25000572204589844 0.3741607666015625 36
      vertex 0.20166535675525665 0.39999961853027344 35
      vertex 0.17220687866210938 0.41574573516845703 36
    endloop
  endfacet
  facet normal 0.47140214010187365 0.8819183762159475 0
    outer loop
      vertex 0.17220687866210938 0.41574573516845703 34.660797119140625
      vertex 0.20166535675525665 0.39999961853027344 35
      vertex 0.20166535675525665 0.39999961853027344 34.67364501953125
    endloop
  endfacet
  facet normal 0.47140214010187365 0.8819183762159475 0
    outer loop
      vertex 0.20166535675525665 0.39999961853027344 35
      vertex 0.17220687866210938 0.41574573516845703 34.660797119140625
      vertex 0.17220687866210938 0.41574573516845703 36
    endloop
  endfacet
  facet normal 0.09802114325096963 0.9951843324107212 0
    outer loop
      vertex 0.08779048919677734 0.44135284423828125 34.6399040222168
      vertex 0 0.4499998092651367 36
      vertex 0.08779048919677734 0.44135284423828125 36
    endloop
  endfacet
  facet normal 0.09802114325096963 0.9951843324107212 0
    outer loop
      vertex 0 0.4499998092651367 36
      vertex 0.08779048919677734 0.44135284423828125 34.6399040222168
      vertex 0 0.4499998092651367 34.63284683227539
    endloop
  endfacet
  facet normal 0.9569413519488622 0.2902813272160025 0
    outer loop
      vertex 0.44135284423828125 0.08779048919677734 36
      vertex 0.41574573516845703 0.17220687866210938 35
      vertex 0.41574573516845703 0.17220687866210938 36
    endloop
  endfacet
  facet normal 0.9569413519488622 0.2902813272160025 0
    outer loop
      vertex 0.41574573516845703 0.17220687866210938 35
      vertex 0.44135284423828125 0.08779048919677734 36
      vertex 0.44135284423828125 0.08779048919677734 35
    endloop
  endfacet
  facet normal 0.8819183404932529 0.47140220693334345 0
    outer loop
      vertex 0.41574573516845703 0.17220687866210938 36
      vertex 0.3741607666015625 0.25000572204589844 35
      vertex 0.3741607666015625 0.25000572204589844 36
    endloop
  endfacet
  facet normal 0.8819183404932529 0.47140220693334345 0
    outer loop
      vertex 0.3741607666015625 0.25000572204589844 35
      vertex 0.41574573516845703 0.17220687866210938 36
      vertex 0.41574573516845703 0.17220687866210938 35
    endloop
  endfacet
  facet normal -0.8819183404932529 0.47140220693334345 0
    outer loop
      vertex -0.41574573516845703 0.17220687866210938 36
      vertex -0.3741607666015625 0.25000572204589844 34.694725036621094
      vertex -0.41574573516845703 0.17220687866210938 34.660797119140625
    endloop
  endfacet
  facet normal -0.8819183404932529 0.4714022069333435 0
    outer loop
      vertex -0.3741607666015625 0.25000572204589844 34.694725036621094
      vertex -0.41574573516845703 0.17220687866210938 36
      vertex -0.3741607666015625 0.25000572204589844 36
    endloop
  endfacet
  facet normal -0.7730094792618633 0.6343944711071361 0
    outer loop
      vertex -0.3741607666015625 0.25000572204589844 36
      vertex -0.31819725036621094 0.31819725036621094 34.740386962890625
      vertex -0.3741607666015625 0.25000572204589844 34.694725036621094
    endloop
  endfacet
  facet normal -0.7730094792618633 0.6343944711071361 0
    outer loop
      vertex -0.31819725036621094 0.31819725036621094 34.740386962890625
      vertex -0.3741607666015625 0.25000572204589844 36
      vertex -0.31819725036621094 0.31819725036621094 36
    endloop
  endfacet
  facet normal 0.6343944711071361 0.7730094792618633 0
    outer loop
      vertex 0.31819725036621094 0.31819725036621094 35
      vertex 0.25000572204589844 0.3741607666015625 36
      vertex 0.31819725036621094 0.31819725036621094 36
    endloop
  endfacet
  facet normal 0.6343944711071361 0.7730094792618633 0
    outer loop
      vertex 0.25000572204589844 0.3741607666015625 36
      vertex 0.31819725036621094 0.31819725036621094 35
      vertex 0.25000572204589844 0.3741607666015625 35
    endloop
  endfacet
  facet normal 0.7730094792618633 -0.6343944711071361 0
    outer loop
      vertex 0.31819725036621094 -0.31819725036621094 34.740386962890625
      vertex 0.3741607666015625 -0.25000572204589844 36
      vertex 0.31819725036621094 -0.31819725036621094 36
    endloop
  endfacet
  facet normal 0.7730094792618633 -0.6343944711071361 0
    outer loop
      vertex 0.3741607666015625 -0.25000572204589844 36
      vertex 0.31819725036621094 -0.31819725036621094 34.740386962890625
      vertex 0.3741607666015625 -0.25000572204589844 34.694725036621094
    endloop
  endfacet
  facet normal -0.9951843324107212 0.09802114325096963 0
    outer loop
      vertex -0.4499998092651367 0 36
      vertex -0.44135284423828125 0.08779048919677734 34.6399040222168
      vertex -0.4499998092651367 0 34.63284683227539
    endloop
  endfacet
  facet normal -0.9951843324107212 0.09802114325096963 0
    outer loop
      vertex -0.44135284423828125 0.08779048919677734 34.6399040222168
      vertex -0.4499998092651367 0 36
      vertex -0.44135284423828125 0.08779048919677734 36
    endloop
  endfacet
  facet normal -0.4714022069333435 0.8819183404932529 0
    outer loop
      vertex -0.17220687866210938 0.41574573516845703 36
      vertex -0.25000572204589844 0.3741607666015625 34.694725036621094
      vertex -0.25000572204589844 0.3741607666015625 36
    endloop
  endfacet
  facet normal -0.47140220693334345 0.8819183404932529 0
    outer loop
      vertex -0.25000572204589844 0.3741607666015625 34.694725036621094
      vertex -0.17220687866210938 0.41574573516845703 36
      vertex -0.17220687866210938 0.41574573516845703 34.660797119140625
    endloop
  endfacet
  facet normal 0 0 1
    outer loop
      vertex 0.44135284423828125 0.08779048919677734 36
      vertex 0.44135284423828125 -0.08779048919677734 36
      vertex 0.4499998092651367 0 36
    endloop
  endfacet
  facet normal 0 0 1
    outer loop
      vertex 0.41574573516845703 0.17220687866210938 36
      vertex 0.44135284423828125 -0.08779048919677734 36
      vertex 0.44135284423828125 0.08779048919677734 36
    endloop
  endfacet
  facet normal 0 0 1
    outer loop
      vertex 0.41574573516845703 0.17220687866210938 36
      vertex 0.41574573516845703 -0.17220687866210938 36
      vertex 0.44135284423828125 -0.08779048919677734 36
    endloop
  endfacet
  facet normal 0 0 1
    outer loop
      vertex 0.3741607666015625 0.25000572204589844 36
      vertex 0.41574573516845703 -0.17220687866210938 36
      vertex 0.41574573516845703 0.17220687866210938 36
    endloop
  endfacet
  facet normal 0 0 1
    outer loop
      vertex 0.3741607666015625 0.25000572204589844 36
      vertex 0.3741607666015625 -0.25000572204589844 36
      vertex 0.41574573516845703 -0.17220687866210938 36
    endloop
  endfacet
  facet normal 0 0 1
    outer loop
      vertex 0.31819725036621094 0.31819725036621094 36
      vertex 0.3741607666015625 -0.25000572204589844 36
      vertex 0.3741607666015625 0.25000572204589844 36
    endloop
  endfacet
  facet normal 0 0 1
    outer loop
      vertex 0.31819725036621094 0.31819725036621094 36
      vertex 0.31819725036621094 -0.31819725036621094 36
      vertex 0.3741607666015625 -0.25000572204589844 36
    endloop
  endfacet
  facet normal 0 0 1
    outer loop
      vertex 0.25000572204589844 0.3741607666015625 36
      vertex 0.31819725036621094 -0.31819725036621094 36
      vertex 0.31819725036621094 0.31819725036621094 36
    endloop
  endfacet
  facet normal 0 0 1
    outer loop
      vertex 0.25000572204589844 0.3741607666015625 36
      vertex 0.25000572204589844 -0.3741607666015625 36
      vertex 0.31819725036621094 -0.31819725036621094 36
    endloop
  endfacet
  facet normal 0 0 1
    outer loop
      vertex 0.17220687866210938 0.41574573516845703 36
      vertex 0.25000572204589844 -0.3741607666015625 36
      vertex 0.25000572204589844 0.3741607666015625 36
    endloop
  endfacet
  facet normal 0 0 1
    outer loop
      vertex 0.17220687866210938 0.41574573516845703 36
      vertex 0.17220687866210938 -0.41574573516845703 36
      vertex 0.25000572204589844 -0.3741607666015625 36
    endloop
  endfacet
  facet normal 0 0 1
    outer loop
      vertex 0.08779048919677734 0.44135284423828125 36
      vertex 0.17220687866210938 -0.41574573516845703 36
      vertex 0.17220687866210938 0.41574573516845703 36
    endloop
  endfacet
  facet normal 0 0 1
    outer loop
      vertex 0.08779048919677734 0.44135284423828125 36
      vertex 0.08779048919677734 -0.44135284423828125 36
      vertex 0.17220687866210938 -0.41574573516845703 36
    endloop
  endfacet
  facet normal 0 0 1
    outer loop
      vertex 0 0.4499998092651367 36
      vertex 0.08779048919677734 -0.44135284423828125 36
      vertex 0.08779048919677734 0.44135284423828125 36
    endloop
  endfacet
  facet normal 0 0 1
    outer loop
      vertex 0 0.4499998092651367 36
      vertex 0 -0.4499998092651367 36
      vertex 0.08779048919677734 -0.44135284423828125 36
    endloop
  endfacet
  facet normal 0 0 1
    outer loop
      vertex -0.08779048919677734 0.44135284423828125 36
      vertex 0 -0.4499998092651367 36
      vertex 0 0.4499998092651367 36
    endloop
  endfacet
  facet normal 0 0 1
    outer loop
      vertex -0.08779048919677734 0.44135284423828125 36
      vertex -0.08779048919677734 -0.44135284423828125 36
      vertex 0 -0.4499998092651367 36
    endloop
  endfacet
  facet normal 0 0 1
    outer loop
      vertex -0.17220687866210938 0.41574573516845703 36
      vertex -0.08779048919677734 -0.44135284423828125 36
      vertex -0.08779048919677734 0.44135284423828125 36
    endloop
  endfacet
  facet normal 0 0 1
    outer loop
      vertex -0.17220687866210938 0.41574573516845703 36
      vertex -0.17220687866210938 -0.41574573516845703 36
      vertex -0.08779048919677734 -0.44135284423828125 36
    endloop
  endfacet
  facet normal 0 0 1
    outer loop
      vertex -0.25000572204589844 0.3741607666015625 36
      vertex -0.17220687866210938 -0.41574573516845703 36
      vertex -0.17220687866210938 0.41574573516845703 36
    endloop
  endfacet
  facet normal 0 0 1
    outer loop
      vertex -0.25000572204589844 0.3741607666015625 36
      vertex -0.25000572204589844 -0.3741607666015625 36
      vertex -0.17220687866210938 -0.41574573516845703 36
    endloop
  endfacet
  facet normal 0 0 1
    outer loop
      vertex -0.31819725036621094 0.31819725036621094 36
      vertex -0.25000572204589844 -0.3741607666015625 36
      vertex -0.25000572204589844 0.3741607666015625 36
    endloop
  endfacet
  facet normal 0 0 1
    outer loop
      vertex -0.31819725036621094 0.31819725036621094 36
      vertex -0.31819725036621094 -0.31819725036621094 36
      vertex -0.25000572204589844 -0.3741607666015625 36
    endloop
  endfacet
  facet normal 0 0 1
    outer loop
      vertex -0.3741607666015625 0.25000572204589844 36
      vertex -0.31819725036621094 -0.31819725036621094 36
      vertex -0.31819725036621094 0.31819725036621094 36
    endloop
  endfacet
  facet normal 0 0 1
    outer loop
      vertex -0.3741607666015625 0.25000572204589844 36
      vertex -0.3741607666015625 -0.25000572204589844 36
      vertex -0.31819725036621094 -0.31819725036621094 36
    endloop
  endfacet
  facet normal 0 0 1
    outer loop
      vertex -0.41574573516845703 0.17220687866210938 36
      vertex -0.3741607666015625 -0.25000572204589844 36
      vertex -0.3741607666015625 0.25000572204589844 36
    endloop
  endfacet
  facet normal 0 0 1
    outer loop
      vertex -0.41574573516845703 0.17220687866210938 36
      vertex -0.41574573516845703 -0.17220687866210938 36
      vertex -0.3741607666015625 -0.25000572204589844 36
    endloop
  endfacet
  facet normal 0 0 1
    outer loop
      vertex -0.44135284423828125 0.08779048919677734 36
      vertex -0.41574573516845703 -0.17220687866210938 36
      vertex -0.41574573516845703 0.17220687866210938 36
    endloop
  endfacet
  facet normal 0 0 1
    outer loop
      vertex -0.44135284423828125 0.08779048919677734 36
      vertex -0.44135284423828125 -0.08779048919677734 36
      vertex -0.41574573516845703 -0.17220687866210938 36
    endloop
  endfacet
  facet normal 0 0 1
    outer loop
      vertex -0.44135284423828125 -0.08779048919677734 36
      vertex -0.44135284423828125 0.08779048919677734 36
      vertex -0.4499998092651367 0 36
    endloop
  endfacet
  facet normal 0.7730094792618633 0.6343944711071361 0
    outer loop
      vertex 0.3741607666015625 0.25000572204589844 36
      vertex 0.31819725036621094 0.31819725036621094 35
      vertex 0.31819725036621094 0.31819725036621094 36
    endloop
  endfacet
  facet normal 0.7730094792618633 0.6343944711071361 0
    outer loop
      vertex 0.31819725036621094 0.31819725036621094 35
      vertex 0.3741607666015625 0.25000572204589844 36
      vertex 0.3741607666015625 0.25000572204589844 35
    endloop
  endfacet
  facet normal -0.09802114325096963 0.9951843324107212 0
    outer loop
      vertex 0 0.4499998092651367 36
      vertex -0.08779048919677734 0.44135284423828125 34.6399040222168
      vertex -0.08779048919677734 0.44135284423828125 36
    endloop
  endfacet
  facet normal -0.09802114325096963 0.9951843324107212 0
    outer loop
      vertex -0.08779048919677734 0.44135284423828125 34.6399040222168
      vertex 0 0.4499998092651367 36
      vertex 0 0.4499998092651367 34.63284683227539
    endloop
  endfacet
  facet normal 0.8819183404932529 -0.4714022069333435 0
    outer loop
      vertex 0.3741607666015625 -0.25000572204589844 34.694725036621094
      vertex 0.41574573516845703 -0.17220687866210938 36
      vertex 0.3741607666015625 -0.25000572204589844 36
    endloop
  endfacet
  facet normal 0.8819183404932529 -0.47140220693334345 0
    outer loop
      vertex 0.41574573516845703 -0.17220687866210938 36
      vertex 0.3741607666015625 -0.25000572204589844 34.694725036621094
      vertex 0.41574573516845703 -0.17220687866210938 34.660797119140625
    endloop
  endfacet
  facet normal 0.9569413519488621 -0.2902813272160025 0
    outer loop
      vertex 0.41574573516845703 -0.17220687866210938 34.660797119140625
      vertex 0.44135284423828125 -0.08779048919677734 36
      vertex 0.41574573516845703 -0.17220687866210938 36
    endloop
  endfacet
  facet normal 0.9569413519488621 -0.2902813272160025 0
    outer loop
      vertex 0.44135284423828125 -0.08779048919677734 36
      vertex 0.41574573516845703 -0.17220687866210938 34.660797119140625
      vertex 0.44135284423828125 -0.08779048919677734 34.6399040222168
    endloop
  endfacet
  facet normal -0.9569413519488621 0.2902813272160025 0
    outer loop
      vertex -0.44135284423828125 0.08779048919677734 36
      vertex -0.41574573516845703 0.17220687866210938 34.660797119140625
      vertex -0.44135284423828125 0.08779048919677734 34.6399040222168
    endloop
  endfacet
  facet normal -0.9569413519488621 0.2902813272160025 0
    outer loop
      vertex -0.41574573516845703 0.17220687866210938 34.660797119140625
      vertex -0.44135284423828125 0.08779048919677734 36
      vertex -0.41574573516845703 0.17220687866210938 36
    endloop
  endfacet
  facet normal -0.2902813272160025 0.9569413519488621 0
    outer loop
      vertex -0.08779048919677734 0.44135284423828125 36
      vertex -0.17220687866210938 0.41574573516845703 34.660797119140625
      vertex -0.17220687866210938 0.41574573516845703 36
    endloop
  endfacet
  facet normal -0.2902813272160025 0.9569413519488621 0
    outer loop
      vertex -0.17220687866210938 0.41574573516845703 34.660797119140625
      vertex -0.08779048919677734 0.44135284423828125 36
      vertex -0.08779048919677734 0.44135284423828125 34.6399040222168
    endloop
  endfacet
  facet normal -0.4714022069333435 -0.8819183404932529 0
    outer loop
      vertex -0.25000572204589844 -0.3741607666015625 34.694725036621094
      vertex -0.17220687866210938 -0.41574573516845703 36
      vertex -0.25000572204589844 -0.3741607666015625 36
    endloop
  endfacet
  facet normal -0.47140220693334345 -0.8819183404932529 0
    outer loop
      vertex -0.17220687866210938 -0.41574573516845703 36
      vertex -0.25000572204589844 -0.3741607666015625 34.694725036621094
      vertex -0.17220687866210938 -0.41574573516845703 34.660797119140625
    endloop
  endfacet
  facet normal 0.2902813272160025 -0.9569413519488621 0
    outer loop
      vertex 0.08779048919677734 -0.44135284423828125 36
      vertex 0.17220687866210938 -0.41574573516845703 34.660797119140625
      vertex 0.17220687866210938 -0.41574573516845703 36
    endloop
  endfacet
  facet normal 0.2902813272160025 -0.9569413519488621 0
    outer loop
      vertex 0.17220687866210938 -0.41574573516845703 34.660797119140625
      vertex 0.08779048919677734 -0.44135284423828125 36
      vertex 0.08779048919677734 -0.44135284423828125 34.6399040222168
    endloop
  endfacet
  facet normal 0.09802114325096963 -0.9951843324107212 0
    outer loop
      vertex 0 -0.4499998092651367 36
      vertex 0.08779048919677734 -0.44135284423828125 34.6399040222168
      vertex 0.08779048919677734 -0.44135284423828125 36
    endloop
  endfacet
  facet normal 0.09802114325096963 -0.9951843324107212 0
    outer loop
      vertex 0.08779048919677734 -0.44135284423828125 34.6399040222168
      vertex 0 -0.4499998092651367 36
      vertex 0 -0.4499998092651367 34.63284683227539
    endloop
  endfacet
  facet normal -0.6343944711071361 -0.7730094792618633 0
    outer loop
      vertex -0.31819725036621094 -0.31819725036621094 34.740386962890625
      vertex -0.25000572204589844 -0.3741607666015625 36
      vertex -0.31819725036621094 -0.31819725036621094 36
    endloop
  endfacet
  facet normal -0.6343944711071361 -0.7730094792618633 0
    outer loop
      vertex -0.25000572204589844 -0.3741607666015625 36
      vertex -0.31819725036621094 -0.31819725036621094 34.740386962890625
      vertex -0.25000572204589844 -0.3741607666015625 34.694725036621094
    endloop
  endfacet
  facet normal -0.9569413519488621 -0.2902813272160025 0
    outer loop
      vertex -0.41574573516845703 -0.17220687866210938 34.660797119140625
      vertex -0.44135284423828125 -0.08779048919677734 36
      vertex -0.44135284423828125 -0.08779048919677734 34.6399040222168
    endloop
  endfacet
  facet normal -0.9569413519488621 -0.2902813272160025 0
    outer loop
      vertex -0.44135284423828125 -0.08779048919677734 36
      vertex -0.41574573516845703 -0.17220687866210938 34.660797119140625
      vertex -0.41574573516845703 -0.17220687866210938 36
    endloop
  endfacet
  facet normal -0.6343944711071361 0.7730094792618633 0
    outer loop
      vertex -0.25000572204589844 0.3741607666015625 36
      vertex -0.31819725036621094 0.31819725036621094 34.740386962890625
      vertex -0.31819725036621094 0.31819725036621094 36
    endloop
  endfacet
  facet normal -0.6343944711071361 0.7730094792618633 0
    outer loop
      vertex -0.31819725036621094 0.31819725036621094 34.740386962890625
      vertex -0.25000572204589844 0.3741607666015625 36
      vertex -0.25000572204589844 0.3741607666015625 34.694725036621094
    endloop
  endfacet
  facet normal -0.2902813272160025 -0.9569413519488621 0
    outer loop
      vertex -0.17220687866210938 -0.41574573516845703 34.660797119140625
      vertex -0.08779048919677734 -0.44135284423828125 36
      vertex -0.17220687866210938 -0.41574573516845703 36
    endloop
  endfacet
  facet normal -0.2902813272160025 -0.9569413519488621 0
    outer loop
      vertex -0.08779048919677734 -0.44135284423828125 36
      vertex -0.17220687866210938 -0.41574573516845703 34.660797119140625
      vertex -0.08779048919677734 -0.44135284423828125 34.6399040222168
    endloop
  endfacet
  facet normal -0.8819183404932529 -0.47140220693334345 0
    outer loop
      vertex -0.3741607666015625 -0.25000572204589844 34.694725036621094
      vertex -0.41574573516845703 -0.17220687866210938 36
      vertex -0.41574573516845703 -0.17220687866210938 34.660797119140625
    endloop
  endfacet
  facet normal -0.8819183404932529 -0.4714022069333435 0
    outer loop
      vertex -0.41574573516845703 -0.17220687866210938 36
      vertex -0.3741607666015625 -0.25000572204589844 34.694725036621094
      vertex -0.3741607666015625 -0.25000572204589844 36
    endloop
  endfacet
  facet normal -0.7730094792618633 -0.6343944711071361 0
    outer loop
      vertex -0.31819725036621094 -0.31819725036621094 34.740386962890625
      vertex -0.3741607666015625 -0.25000572204589844 36
      vertex -0.3741607666015625 -0.25000572204589844 34.694725036621094
    endloop
  endfacet
  facet normal -0.7730094792618633 -0.6343944711071361 0
    outer loop
      vertex -0.3741607666015625 -0.25000572204589844 36
      vertex -0.31819725036621094 -0.31819725036621094 34.740386962890625
      vertex -0.31819725036621094 -0.31819725036621094 36
    endloop
  endfacet
  facet normal 0.4714022069333435 -0.8819183404932529 0
    outer loop
      vertex 0.17220687866210938 -0.41574573516845703 36
      vertex 0.25000572204589844 -0.3741607666015625 34.694725036621094
      vertex 0.25000572204589844 -0.3741607666015625 36
    endloop
  endfacet
  facet normal 0.47140220693334345 -0.8819183404932529 0
    outer loop
      vertex 0.25000572204589844 -0.3741607666015625 34.694725036621094
      vertex 0.17220687866210938 -0.41574573516845703 36
      vertex 0.17220687866210938 -0.41574573516845703 34.660797119140625
    endloop
  endfacet
  facet normal 1 0 0
    outer loop
      vertex 4.199999809265137 0 35
      vertex 4.199999809265137 0.39999961853027344 33
      vertex 4.199999809265137 0.39999961853027344 35
    endloop
  endfacet
  facet normal 1 0 0
    outer loop
      vertex 4.199999809265137 0.39999961853027344 33
      vertex 4.199999809265137 0 35
      vertex 4.199999809265137 0 33
    endloop
  endfacet
  facet normal 0 0 1
    outer loop
      vertex 4.199999809265137 0.39999961853027344 35
      vertex 0.4499998092651367 0 35
      vertex 4.199999809265137 0 35
    endloop
  endfacet
  facet normal 0 0 1
    outer loop
      vertex 4.199999809265137 0.39999961853027344 35
      vertex 0.44135284423828125 0.08779048919677734 35
      vertex 0.4499998092651367 0 35
    endloop
  endfacet
  facet normal 0 0 1
    outer loop
      vertex 4.199999809265137 0.39999961853027344 35
      vertex 0.41574573516845703 0.17220687866210938 35
      vertex 0.44135284423828125 0.08779048919677734 35
    endloop
  endfacet
  facet normal 0 0 1
    outer loop
      vertex 4.199999809265137 0.39999961853027344 35
      vertex 0.3741607666015625 0.25000572204589844 35
      vertex 0.41574573516845703 0.17220687866210938 35
    endloop
  endfacet
  facet normal 0 0 1
    outer loop
      vertex 4.199999809265137 0.39999961853027344 35
      vertex 0.31819725036621094 0.31819725036621094 35
      vertex 0.3741607666015625 0.25000572204589844 35
    endloop
  endfacet
  facet normal 0 0 1
    outer loop
      vertex 4.199999809265137 0.39999961853027344 35
      vertex 0.25000572204589844 0.3741607666015625 35
      vertex 0.31819725036621094 0.31819725036621094 35
    endloop
  endfacet
  facet normal 0 0 1
    outer loop
      vertex 0.25000572204589844 0.3741607666015625 35
      vertex 4.199999809265137 0.39999961853027344 35
      vertex 0.20166535675525665 0.39999961853027344 35
    endloop
  endfacet
  facet normal 0 0 -1
    outer loop
      vertex 2.451303482055664 0 33
      vertex 4.199999809265137 0.39999961853027344 33
      vertex 4.199999809265137 0 33
    endloop
  endfacet
  facet normal 0 0 -1
    outer loop
      vertex 4.199999809265137 0.39999961853027344 33
      vertex 2.451303482055664 0 33
      vertex 2.451303482055664 0.39999961853027344 33
    endloop
  endfacet
  facet normal 0 1 0
    outer loop
      vertex 4.199999809265137 0.39999961853027344 35
      vertex 0.39999961853027344 0.39999961853027344 34.67364501953125
      vertex 0.20166535675525665 0.39999961853027344 35
    endloop
  endfacet
  facet normal 0 1 0
    outer loop
      vertex 2.451303482055664 0.39999961853027344 33
      vertex 4.199999809265137 0.39999961853027344 35
      vertex 4.199999809265137 0.39999961853027344 33
    endloop
  endfacet
  facet normal 0 1 0
    outer loop
      vertex 4.199999809265137 0.39999961853027344 35
      vertex 2.451303482055664 0.39999961853027344 33
      vertex 0.39999961853027344 0.39999961853027344 34.67364501953125
    endloop
  endfacet
  facet normal 0 1 0
    outer loop
      vertex 0.20166535675525665 0.39999961853027344 35
      vertex 0.39999961853027344 0.39999961853027344 34.67364501953125
      vertex 0.20166535675525665 0.39999961853027344 34.67364501953125
    endloop
  endfacet
  facet normal 0 -1 0
    outer loop
      vertex 2.451303482055664 0 33
      vertex 0.4499998092651367 0 35
      vertex 0.4499998092651367 0 34.63284683227539
    endloop
  endfacet
  facet normal 0 -1 0
    outer loop
      vertex 0.4499998092651367 0 35
      vertex 2.451303482055664 0 33
      vertex 4.199999809265137 0 35
    endloop
  endfacet
  facet normal 0 -1 0
    outer loop
      vertex 4.199999809265137 0 35
      vertex 2.451303482055664 0 33
      vertex 4.199999809265137 0 33
    endloop
  endfacet
  facet normal 0.7280721863141867 0.07170572914807676 0.6817398183493633
    outer loop
      vertex -26 -26 41
      vertex -18.200000762939453 -24.900001525878906 32.55419921875
      vertex -18.19384002685547 -24.44725799560547 32.5
    endloop
  endfacet
  facet normal 0.7280718042938719 0.07170896071966498 0.6817398864264665
    outer loop
      vertex -18.200000762939453 -24.900001525878906 32.55419921875
      vertex -26 -26 41
      vertex -18.200000762939453 -26 32.66990280151367
    endloop
  endfacet
  facet normal 0.7280681879905866 0.0717062877002963 0.6817440296330773
    outer loop
      vertex -18.19384002685547 -24.44725799560547 32.5
      vertex -18.200000762939453 -24.900001525878906 32.55419921875
      vertex -18.149250030517578 -24.900001525878906 32.5
    endloop
  endfacet
  facet normal 0.7280716097743045 0.07170822627126645 0.6817401714184675
    outer loop
      vertex -15.699999809265137 -26 30
      vertex -16.816282272338867 -24.17324447631836 31
      vertex -16.636363983154297 -26 31
    endloop
  endfacet
  facet normal 0.728071998995898 0.07170872009626003 0.681739703802172
    outer loop
      vertex -16.816282272338867 -24.17324447631836 31
      vertex -15.699999809265137 -26 30
      vertex -15.897911071777344 -23.990570068359375 30
    endloop
  endfacet
  facet normal 0.07170872009626003 0.728071998995898 0.681739703802172
    outer loop
      vertex -26 -15.699999809265137 30
      vertex -24.17324447631836 -16.816282272338867 31
      vertex -23.990570068359375 -15.897911071777344 30
    endloop
  endfacet
  facet normal 0.07170822627126645 0.7280716097743045 0.6817401714184675
    outer loop
      vertex -24.17324447631836 -16.816282272338867 31
      vertex -26 -15.699999809265137 30
      vertex -26 -16.636363983154297 31
    endloop
  endfacet
  facet normal 0.0717197593119471 0.7280702326527397 0.6817404289384793
    outer loop
      vertex -24.63582992553711 -18.241840362548828 32.57109832763672
      vertex -26 -26 41
      vertex -24.467674255371094 -18.296478271484375 32.611759185791016
    endloop
  endfacet
  facet normal 0.0717080838589809 0.7280718006480625 0.681739982552264
    outer loop
      vertex -24.63582992553711 -18.241840362548828 32.57109832763672
      vertex -26 -18.040908813476562 32.5
      vertex -26 -26 41
    endloop
  endfacet
  facet normal 0.07170920993468359 0.7280773186862882 0.6817339710071142
    outer loop
      vertex -26 -18.040908813476562 32.5
      vertex -24.63582992553711 -18.241840362548828 32.57109832763672
      vertex -24.614870071411133 -18.177331924438477 32.5
    endloop
  endfacet
  facet normal -0.2123703354198802 0.7000925237128195 0.6817399055908806
    outer loop
      vertex -27.532325744628906 -18.296478271484375 32.611759185791016
      vertex -28.994159698486328 -18.77145767211914 32.64414596557617
      vertex -26 -26 41
    endloop
  endfacet
  facet normal -0.2123706582767199 0.7000924744539827 0.681739855601836
    outer loop
      vertex -28.009429931640625 -15.897911071777344 30
      vertex -29.58330726623535 -17.3491268157959 31
      vertex -27.826753616333008 -16.816282272338867 31
    endloop
  endfacet
  facet normal -0.212370331319797 0.7000923079017873 0.6817401284887582
    outer loop
      vertex -29.58330726623535 -17.3491268157959 31
      vertex -28.009429931640625 -15.897911071777344 30
      vertex -29.941638946533203 -16.484039306640625 30
    endloop
  endfacet
  facet normal 0.5655303148631232 -0.46411907397794055 0.6817396483560829
    outer loop
      vertex -18.214420318603516 -31.202157974243164 31
      vertex -18.716800689697266 -33.283199310302734 30
      vertex -17.435863494873047 -31.722373962402344 30
    endloop
  endfacet
  facet normal 0.5655304752334305 -0.46411905498083905 0.6817395282554349
    outer loop
      vertex -18.716800689697266 -33.283199310302734 30
      vertex -18.214420318603516 -31.202157974243164 31
      vertex -19.378908157348633 -32.621089935302734 31
    endloop
  endfacet
  facet normal 0.5655223376610816 -0.464127540252884 0.6817405019398166
    outer loop
      vertex -20.336231231689453 -31.47464370727539 32.574623107910156
      vertex -26 -26 41
      vertex -20.372072219848633 -31.627925872802734 32.5
    endloop
  endfacet
  facet normal 0.5655313081517477 -0.46411741562442926 0.6817399533651183
    outer loop
      vertex -26 -26 41
      vertex -20.336231231689453 -31.47464370727539 32.574623107910156
      vertex -19.509532928466797 -30.336790084838867 32.663475036621094
    endloop
  endfacet
  facet normal 0.5655318372425915 -0.4641263271553388 0.6817334475484641
    outer loop
      vertex -20.279876708984375 -31.515586853027344 32.5
      vertex -20.336231231689453 -31.47464370727539 32.574623107910156
      vertex -20.372072219848633 -31.627925872802734 32.5
    endloop
  endfacet
  facet normal -0.46411898060101964 0.565530384601395 0.6817396540751232
    outer loop
      vertex -31.722373962402344 -17.435863494873047 30
      vertex -32.621089935302734 -19.378908157348633 31
      vertex -31.202157974243164 -18.214420318603516 31
    endloop
  endfacet
  facet normal -0.46411914159595435 0.5655303972558512 0.6817395339745772
    outer loop
      vertex -32.621089935302734 -19.378908157348633 31
      vertex -31.722373962402344 -17.435863494873047 30
      vertex -33.283199310302734 -18.716800689697266 30
    endloop
  endfacet
  facet normal -0.46411869772073555 0.5655302984436397 0.6817399181273285
    outer loop
      vertex -30.421833038330078 -19.38225746154785 32.5
      vertex -31.627925872802734 -20.372072219848633 32.5
      vertex -26 -26 41
    endloop
  endfacet
  facet normal -0.7000922400446787 0.21237112377635817 0.6817399513122218
    outer loop
      vertex -33.353240966796875 -22.954187393188477 32.5
      vertex -33.80615997314453 -24.44725799560547 32.5
      vertex -26 -26 41
    endloop
  endfacet
  facet normal -0.7000918639084481 0.21237019663611104 0.6817406263894902
    outer loop
      vertex -36.102088928222656 -23.990570068359375 30
      vertex -34.65087127685547 -22.416690826416016 31
      vertex -35.515960693359375 -22.058361053466797 30
    endloop
  endfacet
  facet normal -0.7000920304608615 0.21237052359292477 0.6817403535027503
    outer loop
      vertex -34.65087127685547 -22.416690826416016 31
      vertex -36.102088928222656 -23.990570068359375 30
      vertex -35.1837158203125 -24.17324447631836 31
    endloop
  endfacet
  facet normal -0.3448711213845297 0.6452086571935364 0.6817401985488979
    outer loop
      vertex -29.941638946533203 -16.484039306640625 30
      vertex -31.202157974243164 -18.214420318603516 31
      vertex -29.58330726623535 -17.3491268157959 31
    endloop
  endfacet
  facet normal -0.34487186494879407 0.6452088668211594 0.681739624007653
    outer loop
      vertex -31.202157974243164 -18.214420318603516 31
      vertex -29.941638946533203 -16.484039306640625 30
      vertex -31.722373962402344 -17.435863494873047 30
    endloop
  endfacet
  facet normal -0.34487129810081674 0.6452088560964556 0.6817399209089642
    outer loop
      vertex -29.456493377685547 -18.92167854309082 32.55243682861328
      vertex -26 -26 41
      vertex -28.994159698486328 -18.77145767211914 32.64414596557617
    endloop
  endfacet
  facet normal -0.34487124374959577 0.6452088839688717 0.6817399220247043
    outer loop
      vertex -29.456493377685547 -18.92167854309082 32.55243682861328
      vertex -30.421833038330078 -19.38225746154785 32.5
      vertex -26 -26 41
    endloop
  endfacet
  facet normal -0.3448713788221441 0.645209209977465 0.6817395451560433
    outer loop
      vertex -30.421833038330078 -19.38225746154785 32.5
      vertex -29.456493377685547 -18.92167854309082 32.55243682861328
      vertex -29.471832275390625 -18.87447166442871 32.5
    endloop
  endfacet
  facet normal 0 0 -1
    outer loop
      vertex -17.5 -26 30
      vertex -15.699999809265137 -26 30
      vertex -15.897911071777344 -28.009429931640625 30
    endloop
  endfacet
  facet normal 0 0 -1
    outer loop
      vertex -17.663326263427734 -27.658267974853516 30
      vertex -15.897911071777344 -28.009429931640625 30
      vertex -16.484039306640625 -29.941638946533203 30
    endloop
  endfacet
  facet normal 0 0 -1
    outer loop
      vertex -15.699999809265137 -26 30
      vertex -17.5 -26 30
      vertex -15.897911071777344 -23.990570068359375 30
    endloop
  endfacet
  facet normal 0 0 -1
    outer loop
      vertex -18.147024154663086 -29.2528076171875 30
      vertex -16.484039306640625 -29.941638946533203 30
      vertex -17.435863494873047 -31.722373962402344 30
    endloop
  endfacet
  facet normal 0 0 -1
    outer loop
      vertex -17.663326263427734 -24.341732025146484 30
      vertex -15.897911071777344 -23.990570068359375 30
      vertex -17.5 -26 30
    endloop
  endfacet
  facet normal 0 0 -1
    outer loop
      vertex -15.897911071777344 -23.990570068359375 30
      vertex -17.663326263427734 -24.341732025146484 30
      vertex -16.484039306640625 -22.058361053466797 30
    endloop
  endfacet
  facet normal 0 0 -1
    outer loop
      vertex -15.897911071777344 -28.009429931640625 30
      vertex -17.663326263427734 -27.658267974853516 30
      vertex -17.5 -26 30
    endloop
  endfacet
  facet normal 0 0 -1
    outer loop
      vertex -16.484039306640625 -29.941638946533203 30
      vertex -18.147024154663086 -29.2528076171875 30
      vertex -17.663326263427734 -27.658267974853516 30
    endloop
  endfacet
  facet normal 0 0 -1
    outer loop
      vertex -18.93250846862793 -30.722347259521484 30
      vertex -17.435863494873047 -31.722373962402344 30
      vertex -18.716800689697266 -33.283199310302734 30
    endloop
  endfacet
  facet normal 0 0 -1
    outer loop
      vertex -17.435863494873047 -31.722373962402344 30
      vertex -18.93250846862793 -30.722347259521484 30
      vertex -18.147024154663086 -29.2528076171875 30
    endloop
  endfacet
  facet normal 0 0 -1
    outer loop
      vertex -18.716800689697266 -33.283199310302734 30
      vertex -19.989593505859375 -32.010406494140625 30
      vertex -18.93250846862793 -30.722347259521484 30
    endloop
  endfacet
  facet normal 0 0 -1
    outer loop
      vertex -20.277626037597656 -34.56413650512695 30
      vertex -19.989593505859375 -32.010406494140625 30
      vertex -18.716800689697266 -33.283199310302734 30
    endloop
  endfacet
  facet normal 0 0 -1
    outer loop
      vertex -20.277626037597656 -34.56413650512695 30
      vertex -21.277652740478516 -33.06748962402344 30
      vertex -19.989593505859375 -32.010406494140625 30
    endloop
  endfacet
  facet normal 0 0 -1
    outer loop
      vertex -22.058361053466797 -35.515960693359375 30
      vertex -21.277652740478516 -33.06748962402344 30
      vertex -20.277626037597656 -34.56413650512695 30
    endloop
  endfacet
  facet normal 0 0 -1
    outer loop
      vertex -22.058361053466797 -35.515960693359375 30
      vertex -22.7471923828125 -33.85297393798828 30
      vertex -21.277652740478516 -33.06748962402344 30
    endloop
  endfacet
  facet normal 0 0 -1
    outer loop
      vertex -23.990570068359375 -36.102088928222656 30
      vertex -22.7471923828125 -33.85297393798828 30
      vertex -22.058361053466797 -35.515960693359375 30
    endloop
  endfacet
  facet normal 0 0 -1
    outer loop
      vertex -23.990570068359375 -36.102088928222656 30
      vertex -24.341732025146484 -34.336673736572266 30
      vertex -22.7471923828125 -33.85297393798828 30
    endloop
  endfacet
  facet normal 0 0 -1
    outer loop
      vertex -26 -36.29999923706055 30
      vertex -24.341732025146484 -34.336673736572266 30
      vertex -23.990570068359375 -36.102088928222656 30
    endloop
  endfacet
  facet normal 0 0 -1
    outer loop
      vertex -26 -36.29999923706055 30
      vertex -26 -34.5 30
      vertex -24.341732025146484 -34.336673736572266 30
    endloop
  endfacet
  facet normal 0 0 -1
    outer loop
      vertex -26 -36.29999923706055 30
      vertex -27.658267974853516 -34.336673736572266 30
      vertex -26 -34.5 30
    endloop
  endfacet
  facet normal 0 0 -1
    outer loop
      vertex -28.009429931640625 -36.102088928222656 30
      vertex -27.658267974853516 -34.336673736572266 30
      vertex -26 -36.29999923706055 30
    endloop
  endfacet
  facet normal 0 0 -1
    outer loop
      vertex -28.009429931640625 -36.102088928222656 30
      vertex -29.2528076171875 -33.85297393798828 30
      vertex -27.658267974853516 -34.336673736572266 30
    endloop
  endfacet
  facet normal 0 0 -1
    outer loop
      vertex -29.941638946533203 -35.515960693359375 30
      vertex -29.2528076171875 -33.85297393798828 30
      vertex -28.009429931640625 -36.102088928222656 30
    endloop
  endfacet
  facet normal 0 0 -1
    outer loop
      vertex -29.941638946533203 -35.515960693359375 30
      vertex -30.722347259521484 -33.06748962402344 30
      vertex -29.2528076171875 -33.85297393798828 30
    endloop
  endfacet
  facet normal 0 0 -1
    outer loop
      vertex -31.722373962402344 -34.56413650512695 30
      vertex -30.722347259521484 -33.06748962402344 30
      vertex -29.941638946533203 -35.515960693359375 30
    endloop
  endfacet
  facet normal 0 0 -1
    outer loop
      vertex -31.722373962402344 -34.56413650512695 30
      vertex -32.010406494140625 -32.010406494140625 30
      vertex -30.722347259521484 -33.06748962402344 30
    endloop
  endfacet
  facet normal 0 0 -1
    outer loop
      vertex -33.283199310302734 -33.283199310302734 30
      vertex -32.010406494140625 -32.010406494140625 30
      vertex -31.722373962402344 -34.56413650512695 30
    endloop
  endfacet
  facet normal 0 0 -1
    outer loop
      vertex -32.010406494140625 -32.010406494140625 30
      vertex -33.283199310302734 -33.283199310302734 30
      vertex -33.06748962402344 -30.722347259521484 30
    endloop
  endfacet
  facet normal 0 0 -1
    outer loop
      vertex -34.56413650512695 -31.722373962402344 30
      vertex -33.06748962402344 -30.722347259521484 30
      vertex -33.283199310302734 -33.283199310302734 30
    endloop
  endfacet
  facet normal 0 0 -1
    outer loop
      vertex -33.06748962402344 -30.722347259521484 30
      vertex -34.56413650512695 -31.722373962402344 30
      vertex -33.85297393798828 -29.2528076171875 30
    endloop
  endfacet
  facet normal 0 0 -1
    outer loop
      vertex -33.85297393798828 -29.2528076171875 30
      vertex -35.515960693359375 -29.941638946533203 30
      vertex -34.336673736572266 -27.658267974853516 30
    endloop
  endfacet
  facet normal 0 0 -1
    outer loop
      vertex -35.515960693359375 -29.941638946533203 30
      vertex -33.85297393798828 -29.2528076171875 30
      vertex -34.56413650512695 -31.722373962402344 30
    endloop
  endfacet
  facet normal 0 0 -1
    outer loop
      vertex -18.147024154663086 -22.7471923828125 30
      vertex -16.484039306640625 -22.058361053466797 30
      vertex -17.663326263427734 -24.341732025146484 30
    endloop
  endfacet
  facet normal 0 0 -1
    outer loop
      vertex -16.484039306640625 -22.058361053466797 30
      vertex -18.147024154663086 -22.7471923828125 30
      vertex -17.435863494873047 -20.277626037597656 30
    endloop
  endfacet
  facet normal 0 0 -1
    outer loop
      vertex -18.93250846862793 -21.277652740478516 30
      vertex -17.435863494873047 -20.277626037597656 30
      vertex -18.147024154663086 -22.7471923828125 30
    endloop
  endfacet
  facet normal 0 0 -1
    outer loop
      vertex -17.435863494873047 -20.277626037597656 30
      vertex -18.93250846862793 -21.277652740478516 30
      vertex -18.716800689697266 -18.716800689697266 30
    endloop
  endfacet
  facet normal 0 0 -1
    outer loop
      vertex -19.989593505859375 -19.989593505859375 30
      vertex -18.716800689697266 -18.716800689697266 30
      vertex -18.93250846862793 -21.277652740478516 30
    endloop
  endfacet
  facet normal 0 0 -1
    outer loop
      vertex -19.989593505859375 -19.989593505859375 30
      vertex -20.277626037597656 -17.435863494873047 30
      vertex -18.716800689697266 -18.716800689697266 30
    endloop
  endfacet
  facet normal 0 0 -1
    outer loop
      vertex -21.277652740478516 -18.93250846862793 30
      vertex -20.277626037597656 -17.435863494873047 30
      vertex -19.989593505859375 -19.989593505859375 30
    endloop
  endfacet
  facet normal 0 0 -1
    outer loop
      vertex -21.277652740478516 -18.93250846862793 30
      vertex -22.058361053466797 -16.484039306640625 30
      vertex -20.277626037597656 -17.435863494873047 30
    endloop
  endfacet
  facet normal 0 0 -1
    outer loop
      vertex -22.7471923828125 -18.147024154663086 30
      vertex -22.058361053466797 -16.484039306640625 30
      vertex -21.277652740478516 -18.93250846862793 30
    endloop
  endfacet
  facet normal 0 0 -1
    outer loop
      vertex -22.7471923828125 -18.147024154663086 30
      vertex -23.990570068359375 -15.897911071777344 30
      vertex -22.058361053466797 -16.484039306640625 30
    endloop
  endfacet
  facet normal 0 0 -1
    outer loop
      vertex -24.341732025146484 -17.663326263427734 30
      vertex -23.990570068359375 -15.897911071777344 30
      vertex -22.7471923828125 -18.147024154663086 30
    endloop
  endfacet
  facet normal 0 0 -1
    outer loop
      vertex -26 -17.5 30
      vertex -23.990570068359375 -15.897911071777344 30
      vertex -24.341732025146484 -17.663326263427734 30
    endloop
  endfacet
  facet normal 0 0 -1
    outer loop
      vertex -26 -17.5 30
      vertex -26 -15.699999809265137 30
      vertex -23.990570068359375 -15.897911071777344 30
    endloop
  endfacet
  facet normal 0 0 -1
    outer loop
      vertex -27.658267974853516 -17.663326263427734 30
      vertex -26 -15.699999809265137 30
      vertex -26 -17.5 30
    endloop
  endfacet
  facet normal 0 0 -1
    outer loop
      vertex -27.658267974853516 -17.663326263427734 30
      vertex -28.009429931640625 -15.897911071777344 30
      vertex -26 -15.699999809265137 30
    endloop
  endfacet
  facet normal 0 0 -1
    outer loop
      vertex -29.2528076171875 -18.147024154663086 30
      vertex -28.009429931640625 -15.897911071777344 30
      vertex -27.658267974853516 -17.663326263427734 30
    endloop
  endfacet
  facet normal 0 0 -1
    outer loop
      vertex -29.2528076171875 -18.147024154663086 30
      vertex -29.941638946533203 -16.484039306640625 30
      vertex -28.009429931640625 -15.897911071777344 30
    endloop
  endfacet
  facet normal 0 0 -1
    outer loop
      vertex -30.722347259521484 -18.93250846862793 30
      vertex -29.941638946533203 -16.484039306640625 30
      vertex -29.2528076171875 -18.147024154663086 30
    endloop
  endfacet
  facet normal 0 0 -1
    outer loop
      vertex -30.722347259521484 -18.93250846862793 30
      vertex -31.722373962402344 -17.435863494873047 30
      vertex -29.941638946533203 -16.484039306640625 30
    endloop
  endfacet
  facet normal 0 0 -1
    outer loop
      vertex -32.010406494140625 -19.989593505859375 30
      vertex -31.722373962402344 -17.435863494873047 30
      vertex -30.722347259521484 -18.93250846862793 30
    endloop
  endfacet
  facet normal 0 0 -1
    outer loop
      vertex -33.283199310302734 -18.716800689697266 30
      vertex -32.010406494140625 -19.989593505859375 30
      vertex -33.06748962402344 -21.277652740478516 30
    endloop
  endfacet
  facet normal 0 0 -1
    outer loop
      vertex -32.010406494140625 -19.989593505859375 30
      vertex -33.283199310302734 -18.716800689697266 30
      vertex -31.722373962402344 -17.435863494873047 30
    endloop
  endfacet
  facet normal 0 0 -1
    outer loop
      vertex -34.56413650512695 -20.277626037597656 30
      vertex -33.06748962402344 -21.277652740478516 30
      vertex -33.85297393798828 -22.7471923828125 30
    endloop
  endfacet
  facet normal 0 0 -1
    outer loop
      vertex -35.515960693359375 -22.058361053466797 30
      vertex -33.85297393798828 -22.7471923828125 30
      vertex -34.336673736572266 -24.341732025146484 30
    endloop
  endfacet
  facet normal 0 0 -1
    outer loop
      vertex -33.06748962402344 -21.277652740478516 30
      vertex -34.56413650512695 -20.277626037597656 30
      vertex -33.283199310302734 -18.716800689697266 30
    endloop
  endfacet
  facet normal 0 0 -1
    outer loop
      vertex -36.102088928222656 -23.990570068359375 30
      vertex -34.336673736572266 -24.341732025146484 30
      vertex -34.5 -26 30
    endloop
  endfacet
  facet normal 0 0 -1
    outer loop
      vertex -36.102088928222656 -28.009429931640625 30
      vertex -34.336673736572266 -27.658267974853516 30
      vertex -35.515960693359375 -29.941638946533203 30
    endloop
  endfacet
  facet normal 0 0 -1
    outer loop
      vertex -34.336673736572266 -27.658267974853516 30
      vertex -36.102088928222656 -28.009429931640625 30
      vertex -34.5 -26 30
    endloop
  endfacet
  facet normal 0 0 -1
    outer loop
      vertex -33.85297393798828 -22.7471923828125 30
      vertex -35.515960693359375 -22.058361053466797 30
      vertex -34.56413650512695 -20.277626037597656 30
    endloop
  endfacet
  facet normal 0 0 -1
    outer loop
      vertex -36.29999923706055 -26 30
      vertex -34.5 -26 30
      vertex -36.102088928222656 -28.009429931640625 30
    endloop
  endfacet
  facet normal 0 0 -1
    outer loop
      vertex -34.336673736572266 -24.341732025146484 30
      vertex -36.102088928222656 -23.990570068359375 30
      vertex -35.515960693359375 -22.058361053466797 30
    endloop
  endfacet
  facet normal 0 0 -1
    outer loop
      vertex -34.5 -26 30
      vertex -36.29999923706055 -26 30
      vertex -36.102088928222656 -23.990570068359375 30
    endloop
  endfacet
  facet normal -0.07170830484202055 -0.7280712911968302 0.681740503382089
    outer loop
      vertex -26 -36.29999923706055 30
      vertex -27.826753616333008 -35.1837158203125 31
      vertex -28.009429931640625 -36.102088928222656 30
    endloop
  endfacet
  facet normal -0.0717090909870769 -0.7280719108175339 0.6817397589610805
    outer loop
      vertex -27.826753616333008 -35.1837158203125 31
      vertex -26 -36.29999923706055 30
      vertex -26 -35.3636360168457 31
    endloop
  endfacet
  facet normal -0.0717197593119471 -0.7280702326527397 0.6817404289384793
    outer loop
      vertex -27.36417007446289 -33.75815963745117 32.57109832763672
      vertex -26 -26 41
      vertex -27.532325744628906 -33.703521728515625 32.611759185791016
    endloop
  endfacet
  facet normal -0.0717080838589809 -0.7280718006480625 0.681739982552264
    outer loop
      vertex -27.36417007446289 -33.75815963745117 32.57109832763672
      vertex -26 -33.95909118652344 32.5
      vertex -26 -26 41
    endloop
  endfacet
  facet normal -0.07171114778024523 -0.7280868145296613 0.6817236256666558
    outer loop
      vertex -26 -33.95909118652344 32.5
      vertex -27.36417007446289 -33.75815963745117 32.57109832763672
      vertex -27.385129928588867 -33.82266616821289 32.5
    endloop
  endfacet
  facet normal 0.6452084171346181 -0.3448716245859532 0.6817401711899379
    outer loop
      vertex -17.3491268157959 -29.58330726623535 31
      vertex -17.435863494873047 -31.722373962402344 30
      vertex -16.484039306640625 -29.941638946533203 30
    endloop
  endfacet
  facet normal 0.6452091518489225 -0.34487138578327237 0.6817395966483975
    outer loop
      vertex -17.435863494873047 -31.722373962402344 30
      vertex -17.3491268157959 -29.58330726623535 31
      vertex -18.214420318603516 -31.202157974243164 31
    endloop
  endfacet
  facet normal 0.6452207708908804 -0.34487865056860484 0.6817249248728964
    outer loop
      vertex -18.646759033203125 -29.045812606811523 32.5
      vertex -19.04310417175293 -29.694805145263672 32.54680252075195
      vertex -19.00748634338379 -29.720684051513672 32.5
    endloop
  endfacet
  facet normal 0.6452092183388798 -0.3448705098473409 0.6817399768299987
    outer loop
      vertex -26 -26 41
      vertex -19.04310417175293 -29.694805145263672 32.54680252075195
      vertex -18.646759033203125 -29.045812606811523 32.5
    endloop
  endfacet
  facet normal 0.645207936371825 -0.3448729153780207 0.681739973216677
    outer loop
      vertex -19.04310417175293 -29.694805145263672 32.54680252075195
      vertex -26 -26 41
      vertex -19.509532928466797 -30.336790084838867 32.663475036621094
    endloop
  endfacet
  facet normal 0.34487186494879407 0.6452088668211594 0.681739624007653
    outer loop
      vertex -22.058361053466797 -16.484039306640625 30
      vertex -20.797842025756836 -18.214420318603516 31
      vertex -20.277626037597656 -17.435863494873047 30
    endloop
  endfacet
  facet normal 0.34487159981067206 0.6452087920727704 0.6817398288761076
    outer loop
      vertex -20.797842025756836 -18.214420318603516 31
      vertex -22.058361053466797 -16.484039306640625 30
      vertex -22.416690826416016 -17.3491268157959 31
    endloop
  endfacet
  facet normal 0.3448708163865238 0.6452094531402561 0.681739599541749
    outer loop
      vertex -22.543506622314453 -18.92167854309082 32.55243682861328
      vertex -21.57816505432129 -19.38225746154785 32.5
      vertex -22.528167724609375 -18.87447166442871 32.5
    endloop
  endfacet
  facet normal 0.3448725134148487 0.6452082328578002 0.6817398959599179
    outer loop
      vertex -26 -26 41
      vertex -22.543506622314453 -18.92167854309082 32.55243682861328
      vertex -23.00583839416504 -18.77145767211914 32.64414596557617
    endloop
  endfacet
  facet normal 0.34487069678213983 0.6452091644647822 0.681739933252893
    outer loop
      vertex -22.543506622314453 -18.92167854309082 32.55243682861328
      vertex -26 -26 41
      vertex -21.57816505432129 -19.38225746154785 32.5
    endloop
  endfacet
  facet normal 0.46411942169242315 0.5655307385541366 0.6817390601676742
    outer loop
      vertex -20.277626037597656 -17.435863494873047 30
      vertex -19.378908157348633 -19.378908157348633 31
      vertex -18.716800689697266 -18.716800689697266 30
    endloop
  endfacet
  facet normal 0.46411859380298215 0.5655306734802106 0.6817396777651729
    outer loop
      vertex -19.378908157348633 -19.378908157348633 31
      vertex -20.277626037597656 -17.435863494873047 30
      vertex -20.797842025756836 -18.214420318603516 31
    endloop
  endfacet
  facet normal 0.46411866476826363 0.5655302582909344 0.6817399738691527
    outer loop
      vertex -21.57816505432129 -19.38225746154785 32.5
      vertex -26 -26 41
      vertex -20.372072219848633 -20.372072219848633 32.5
    endloop
  endfacet
  facet normal -0.7280713590847592 0.0717083115283552 0.6817404301772223
    outer loop
      vertex -36.29999923706055 -26 30
      vertex -35.1837158203125 -24.17324447631836 31
      vertex -36.102088928222656 -23.990570068359375 30
    endloop
  endfacet
  facet normal -0.728071914726592 0.07170901649932176 0.6817397626213788
    outer loop
      vertex -35.1837158203125 -24.17324447631836 31
      vertex -36.29999923706055 -26 30
      vertex -35.3636360168457 -26 31
    endloop
  endfacet
  facet normal -0.7280681879905866 0.0717062877002963 0.6817440296330773
    outer loop
      vertex -33.79999923706055 -24.900001525878906 32.55419921875
      vertex -33.80615997314453 -24.44725799560547 32.5
      vertex -33.85074996948242 -24.900001525878906 32.5
    endloop
  endfacet
  facet normal -0.7280721863141867 0.07170572914807676 0.6817398183493633
    outer loop
      vertex -33.79999923706055 -24.900001525878906 32.55419921875
      vertex -26 -26 41
      vertex -33.80615997314453 -24.44725799560547 32.5
    endloop
  endfacet
  facet normal -0.7280718042938719 0.07170896071966498 0.6817398864264665
    outer loop
      vertex -26 -26 41
      vertex -33.79999923706055 -24.900001525878906 32.55419921875
      vertex -33.79999923706055 -26 32.66990280151367
    endloop
  endfacet
  facet normal 0.21237007918975773 -0.7000925888062549 0.6817399185638845
    outer loop
      vertex -23.00583839416504 -33.22854232788086 32.64414596557617
      vertex -26 -26 41
      vertex -24.467674255371094 -33.703521728515625 32.611759185791016
    endloop
  endfacet
  facet normal 0.21237052359292477 -0.7000920304608615 0.6817403535027503
    outer loop
      vertex -23.990570068359375 -36.102088928222656 30
      vertex -22.416690826416016 -34.65087127685547 31
      vertex -24.17324447631836 -35.1837158203125 31
    endloop
  endfacet
  facet normal 0.21237019663611104 -0.7000918639084481 0.6817406263894902
    outer loop
      vertex -22.416690826416016 -34.65087127685547 31
      vertex -23.990570068359375 -36.102088928222656 30
      vertex -22.058361053466797 -35.515960693359375 30
    endloop
  endfacet
  facet normal -0.7280719108175339 -0.0717090909870769 0.6817397589610805
    outer loop
      vertex -36.29999923706055 -26 30
      vertex -35.1837158203125 -27.826753616333008 31
      vertex -35.3636360168457 -26 31
    endloop
  endfacet
  facet normal -0.7280712911968302 -0.07170830484202055 0.681740503382089
    outer loop
      vertex -35.1837158203125 -27.826753616333008 31
      vertex -36.29999923706055 -26 30
      vertex -36.102088928222656 -28.009429931640625 30
    endloop
  endfacet
  facet normal -0.7280718042938719 -0.07170896071966498 0.6817398864264665
    outer loop
      vertex -33.79999923706055 -27.099998474121094 32.55419921875
      vertex -26 -26 41
      vertex -33.79999923706055 -26 32.66990280151367
    endloop
  endfacet
  facet normal -0.7280721863141867 -0.07170572914807676 0.6817398183493633
    outer loop
      vertex -26 -26 41
      vertex -33.79999923706055 -27.099998474121094 32.55419921875
      vertex -33.80615997314453 -27.55274200439453 32.5
    endloop
  endfacet
  facet normal -0.7280681879905866 -0.0717062877002963 0.6817440296330773
    outer loop
      vertex -33.85074996948242 -27.099998474121094 32.5
      vertex -33.80615997314453 -27.55274200439453 32.5
      vertex -33.79999923706055 -27.099998474121094 32.55419921875
    endloop
  endfacet
  facet normal -0.2123703354198802 -0.7000925237128195 0.6817399055908806
    outer loop
      vertex -26 -26 41
      vertex -28.994159698486328 -33.22854232788086 32.64414596557617
      vertex -27.532325744628906 -33.703521728515625 32.611759185791016
    endloop
  endfacet
  facet normal -0.212370137990388 -0.7000916705790912 0.6817408431916933
    outer loop
      vertex -28.009429931640625 -36.102088928222656 30
      vertex -29.58330726623535 -34.65087127685547 31
      vertex -29.941638946533203 -35.515960693359375 30
    endloop
  endfacet
  facet normal -0.21237046494704465 -0.7000918371312383 0.6817405703054379
    outer loop
      vertex -29.58330726623535 -34.65087127685547 31
      vertex -28.009429931640625 -36.102088928222656 30
      vertex -27.826753616333008 -35.1837158203125 31
    endloop
  endfacet
  facet normal 0.07170901649932176 -0.728071914726592 0.6817397626213788
    outer loop
      vertex -26 -36.29999923706055 30
      vertex -24.17324447631836 -35.1837158203125 31
      vertex -26 -35.3636360168457 31
    endloop
  endfacet
  facet normal 0.0717083115283552 -0.7280713590847592 0.6817404301772223
    outer loop
      vertex -24.17324447631836 -35.1837158203125 31
      vertex -26 -36.29999923706055 30
      vertex -23.990570068359375 -36.102088928222656 30
    endloop
  endfacet
  facet normal 0.0717197593119471 -0.7280702326527397 0.6817404289384793
    outer loop
      vertex -26 -26 41
      vertex -24.63582992553711 -33.75815963745117 32.57109832763672
      vertex -24.467674255371094 -33.703521728515625 32.611759185791016
    endloop
  endfacet
  facet normal 0.0717080838589809 -0.7280718006480625 0.681739982552264
    outer loop
      vertex -26 -33.95909118652344 32.5
      vertex -24.63582992553711 -33.75815963745117 32.57109832763672
      vertex -26 -26 41
    endloop
  endfacet
  facet normal 0.07171114778024523 -0.7280868145296613 0.6817236256666558
    outer loop
      vertex -24.63582992553711 -33.75815963745117 32.57109832763672
      vertex -26 -33.95909118652344 32.5
      vertex -24.614870071411133 -33.82266616821289 32.5
    endloop
  endfacet
  facet normal 0.46411870492096907 -0.56553030721715 0.6817399059475382
    outer loop
      vertex -20.372072219848633 -31.627925872802734 32.5
      vertex -26 -26 41
      vertex -21.57816505432129 -32.617740631103516 32.5
    endloop
  endfacet
  facet normal 0.4641190803941568 -0.5655303226812995 0.68173963750252
    outer loop
      vertex -19.378908157348633 -32.621089935302734 31
      vertex -20.277626037597656 -34.56413650512695 30
      vertex -18.716800689697266 -33.283199310302734 30
    endloop
  endfacet
  facet normal 0.4641190651174962 -0.56553032148052 0.6817396488987575
    outer loop
      vertex -20.277626037597656 -34.56413650512695 30
      vertex -19.378908157348633 -32.621089935302734 31
      vertex -20.797842025756836 -33.785579681396484 31
    endloop
  endfacet
  facet normal 0.5655355724882876 0.4641215125446333 0.6817336267514069
    outer loop
      vertex -20.279876708984375 -20.484413146972656 32.5
      vertex -20.372072219848633 -20.372072219848633 32.5
      vertex -20.336231231689453 -20.52535629272461 32.574623107910156
    endloop
  endfacet
  facet normal 0.5655308877176889 0.46411789015578736 0.6817399790789617
    outer loop
      vertex -20.336231231689453 -20.52535629272461 32.574623107910156
      vertex -26 -26 41
      vertex -19.509532928466797 -21.6632080078125 32.663475036621094
    endloop
  endfacet
  facet normal 0.5655266711369926 0.4641226492598659 0.6817402369500536
    outer loop
      vertex -26 -26 41
      vertex -20.336231231689453 -20.52535629272461 32.574623107910156
      vertex -20.372072219848633 -20.372072219848633 32.5
    endloop
  endfacet
  facet normal 0.5655303148631232 0.46411907397794055 0.6817396483560829
    outer loop
      vertex -18.716800689697266 -18.716800689697266 30
      vertex -18.214420318603516 -20.797842025756836 31
      vertex -17.435863494873047 -20.277626037597656 30
    endloop
  endfacet
  facet normal 0.5655311395403817 0.464118976288321 0.6817390307582792
    outer loop
      vertex -18.214420318603516 -20.797842025756836 31
      vertex -18.716800689697266 -18.716800689697266 30
      vertex -19.378908157348633 -19.378908157348633 31
    endloop
  endfacet
  facet normal -0.5655303300805037 0.46411907217532533 0.6817396369598527
    outer loop
      vertex -33.283199310302734 -18.716800689697266 30
      vertex -33.785579681396484 -20.797842025756836 31
      vertex -32.621089935302734 -19.378908157348633 31
    endloop
  endfacet
  facet normal -0.5655303148631232 0.46411907397794055 0.6817396483560829
    outer loop
      vertex -33.785579681396484 -20.797842025756836 31
      vertex -33.283199310302734 -18.716800689697266 30
      vertex -34.56413650512695 -20.277626037597656 30
    endloop
  endfacet
  facet normal -0.5655310211442082 0.46412737907381674 0.6817334083919161
    outer loop
      vertex -31.627925872802734 -20.372072219848633 32.5
      vertex -31.720123291015625 -20.484413146972656 32.5
      vertex -31.663768768310547 -20.52535629272461 32.574623107910156
    endloop
  endfacet
  facet normal -0.5655213909615958 0.4641286087423544 0.6817405598259125
    outer loop
      vertex -31.663768768310547 -20.52535629272461 32.574623107910156
      vertex -26 -26 41
      vertex -31.627925872802734 -20.372072219848633 32.5
    endloop
  endfacet
  facet normal -0.5655308877176889 0.46411789015578736 0.6817399790789617
    outer loop
      vertex -26 -26 41
      vertex -31.663768768310547 -20.52535629272461 32.574623107910156
      vertex -32.4904670715332 -21.6632080078125 32.663475036621094
    endloop
  endfacet
  facet normal 0.21237038996556537 0.7000925012312936 0.6817399116859632
    outer loop
      vertex -23.990570068359375 -15.897911071777344 30
      vertex -22.416690826416016 -17.3491268157959 31
      vertex -22.058361053466797 -16.484039306640625 30
    endloop
  endfacet
  facet normal 0.21237071692264534 0.7000926677837552 0.6817396387985564
    outer loop
      vertex -22.416690826416016 -17.3491268157959 31
      vertex -23.990570068359375 -15.897911071777344 30
      vertex -24.17324447631836 -16.816282272338867 31
    endloop
  endfacet
  facet normal 0.21237007918975773 0.7000925888062549 0.6817399185638845
    outer loop
      vertex -24.467674255371094 -18.296478271484375 32.611759185791016
      vertex -26 -26 41
      vertex -23.00583839416504 -18.77145767211914 32.64414596557617
    endloop
  endfacet
  facet normal -0.6452091205334625 0.3448708477627508 0.6817398984538292
    outer loop
      vertex -32.95689392089844 -22.305194854736328 32.54680252075195
      vertex -26 -26 41
      vertex -32.4904670715332 -21.6632080078125 32.663475036621094
    endloop
  endfacet
  facet normal -0.6452085156810003 0.34487198273102226 0.6817398967494082
    outer loop
      vertex -32.95689392089844 -22.305194854736328 32.54680252075195
      vertex -33.353240966796875 -22.954187393188477 32.5
      vertex -26 -26 41
    endloop
  endfacet
  facet normal -0.6451984882988747 0.34486491675603154 0.6817529610406561
    outer loop
      vertex -33.353240966796875 -22.954187393188477 32.5
      vertex -32.95689392089844 -22.305194854736328 32.54680252075195
      vertex -32.992515563964844 -22.279315948486328 32.5
    endloop
  endfacet
  facet normal -0.645209311560507 0.3448711172889352 0.6817395813178946
    outer loop
      vertex -34.56413650512695 -20.277626037597656 30
      vertex -34.65087127685547 -22.416690826416016 31
      vertex -33.785579681396484 -20.797842025756836 31
    endloop
  endfacet
  facet normal -0.6452081651596154 0.3448714899022972 0.6817404777948366
    outer loop
      vertex -34.65087127685547 -22.416690826416016 31
      vertex -34.56413650512695 -20.277626037597656 30
      vertex -35.515960693359375 -22.058361053466797 30
    endloop
  endfacet
  facet normal -0.07170830075820923 0.728071605865334 0.6817401677582478
    outer loop
      vertex -26 -15.699999809265137 30
      vertex -27.826753616333008 -16.816282272338867 31
      vertex -26 -16.636363983154297 31
    endloop
  endfacet
  facet normal -0.07170871340985632 0.728071931107595 0.6817397770075914
    outer loop
      vertex -27.826753616333008 -16.816282272338867 31
      vertex -26 -15.699999809265137 30
      vertex -28.009429931640625 -15.897911071777344 30
    endloop
  endfacet
  facet normal -0.0717197593119471 0.7280702326527397 0.6817404289384793
    outer loop
      vertex -26 -26 41
      vertex -27.36417007446289 -18.241840362548828 32.57109832763672
      vertex -27.532325744628906 -18.296478271484375 32.611759185791016
    endloop
  endfacet
  facet normal -0.0717080838589809 0.7280718006480625 0.681739982552264
    outer loop
      vertex -26 -18.040908813476562 32.5
      vertex -27.36417007446289 -18.241840362548828 32.57109832763672
      vertex -26 -26 41
    endloop
  endfacet
  facet normal -0.07170920993468359 0.7280773186862882 0.6817339710071142
    outer loop
      vertex -27.36417007446289 -18.241840362548828 32.57109832763672
      vertex -26 -18.040908813476562 32.5
      vertex -27.385129928588867 -18.177331924438477 32.5
    endloop
  endfacet
  facet normal 0.6452100541568687 0.3448710988205073 0.6817388878545997
    outer loop
      vertex -19.04310417175293 -22.305194854736328 32.54680252075195
      vertex -18.646759033203125 -22.954187393188477 32.5
      vertex -19.007484436035156 -22.279315948486328 32.5
    endloop
  endfacet
  facet normal 0.6452083300839649 0.3448721766031422 0.6817399743269221
    outer loop
      vertex -26 -26 41
      vertex -19.04310417175293 -22.305194854736328 32.54680252075195
      vertex -19.509532928466797 -21.6632080078125 32.663475036621094
    endloop
  endfacet
  facet normal 0.6452092183388798 0.3448705098473409 0.6817399768299987
    outer loop
      vertex -19.04310417175293 -22.305194854736328 32.54680252075195
      vertex -26 -26 41
      vertex -18.646759033203125 -22.954187393188477 32.5
    endloop
  endfacet
  facet normal 0.645208706473326 0.3448717792409571 0.6817398191203108
    outer loop
      vertex -17.435863494873047 -20.277626037597656 30
      vertex -17.3491268157959 -22.416690826416016 31
      vertex -16.484039306640625 -22.058361053466797 30
    endloop
  endfacet
  facet normal 0.6452089684555705 0.34487169408932916 0.6817396142519919
    outer loop
      vertex -17.3491268157959 -22.416690826416016 31
      vertex -17.435863494873047 -20.277626037597656 30
      vertex -18.214420318603516 -20.797842025756836 31
    endloop
  endfacet
  facet normal 0.7000922400446787 0.21237112377635817 0.6817399513122218
    outer loop
      vertex -18.646759033203125 -22.954187393188477 32.5
      vertex -26 -26 41
      vertex -18.19384002685547 -24.44725799560547 32.5
    endloop
  endfacet
  facet normal 0.7000925012312936 0.21237038996556537 0.6817399116859632
    outer loop
      vertex -17.3491268157959 -22.416690826416016 31
      vertex -15.897911071777344 -23.990570068359375 30
      vertex -16.484039306640625 -22.058361053466797 30
    endloop
  endfacet
  facet normal 0.7000926677837552 0.21237071692264534 0.6817396387985564
    outer loop
      vertex -15.897911071777344 -23.990570068359375 30
      vertex -17.3491268157959 -22.416690826416016 31
      vertex -16.816282272338867 -24.17324447631836 31
    endloop
  endfacet
  facet normal -0.7000922400446787 -0.21237112377635817 0.6817399513122218
    outer loop
      vertex -26 -26 41
      vertex -33.80615997314453 -27.55274200439453 32.5
      vertex -33.353240966796875 -29.045812606811523 32.5
    endloop
  endfacet
  facet normal -0.7000918371312383 -0.21237046494704465 0.6817405703054379
    outer loop
      vertex -36.102088928222656 -28.009429931640625 30
      vertex -34.65087127685547 -29.58330726623535 31
      vertex -35.1837158203125 -27.826753616333008 31
    endloop
  endfacet
  facet normal -0.7000916705790912 -0.212370137990388 0.6817408431916933
    outer loop
      vertex -34.65087127685547 -29.58330726623535 31
      vertex -36.102088928222656 -28.009429931640625 30
      vertex -35.515960693359375 -29.941638946533203 30
    endloop
  endfacet
  facet normal -0.5655300197960397 -0.46411910173289234 0.6817398742307392
    outer loop
      vertex -26 -26 41
      vertex -31.663768768310547 -31.47464370727539 32.57461929321289
      vertex -31.627925872802734 -31.627925872802734 32.5
    endloop
  endfacet
  facet normal -0.5655302050356398 -0.46411889265899736 0.6817398629017768
    outer loop
      vertex -31.663768768310547 -31.47464370727539 32.57461929321289
      vertex -26 -26 41
      vertex -32.4904670715332 -30.336790084838867 32.663475036621094
    endloop
  endfacet
  facet normal -0.5655138493278087 -0.46412116623327815 0.6817518824856343
    outer loop
      vertex -31.627925872802734 -31.627925872802734 32.5
      vertex -31.663768768310547 -31.47464370727539 32.57461929321289
      vertex -31.720123291015625 -31.515586853027344 32.5
    endloop
  endfacet
  facet normal -0.5655296657738871 -0.46411915086735395 0.6817401344558217
    outer loop
      vertex -33.785579681396484 -31.202157974243164 31
      vertex -33.283199310302734 -33.283199310302734 30
      vertex -32.621089935302734 -32.621089935302734 31
    endloop
  endfacet
  facet normal -0.5655303148631232 -0.46411907397794055 0.6817396483560829
    outer loop
      vertex -33.283199310302734 -33.283199310302734 30
      vertex -33.785579681396484 -31.202157974243164 31
      vertex -34.56413650512695 -31.722373962402344 30
    endloop
  endfacet
  facet normal 0.344872920870538 -0.645208543288434 0.681739396043562
    outer loop
      vertex -21.57816505432129 -32.617740631103516 32.5
      vertex -22.543506622314453 -33.07832336425781 32.55243682861328
      vertex -22.528167724609375 -33.12553024291992 32.5
    endloop
  endfacet
  facet normal 0.3448727154885847 -0.6452080475860215 0.6817399690804141
    outer loop
      vertex -26 -26 41
      vertex -22.543506622314453 -33.07832336425781 32.55243682861328
      vertex -21.57816505432129 -32.617740631103516 32.5
    endloop
  endfacet
  facet normal 0.3448702301525372 -0.6452093221175431 0.681740020100886
    outer loop
      vertex -22.543506622314453 -33.07832336425781 32.55243682861328
      vertex -26 -26 41
      vertex -23.00583839416504 -33.22854232788086 32.64414596557617
    endloop
  endfacet
  facet normal 0.34487186494879407 -0.6452088668211594 0.681739624007653
    outer loop
      vertex -20.797842025756836 -33.785579681396484 31
      vertex -22.058361053466797 -35.515960693359375 30
      vertex -20.277626037597656 -34.56413650512695 30
    endloop
  endfacet
  facet normal 0.3448707047381342 -0.6452085397312498 0.681740520485097
    outer loop
      vertex -22.058361053466797 -35.515960693359375 30
      vertex -20.797842025756836 -33.785579681396484 31
      vertex -22.416690826416016 -34.65087127685547 31
    endloop
  endfacet
  facet normal 0.7280718042938719 -0.07170896071966498 0.6817398864264665
    outer loop
      vertex -26 -26 41
      vertex -18.200000762939453 -27.099998474121094 32.55419921875
      vertex -18.200000762939453 -26 32.66990280151367
    endloop
  endfacet
  facet normal 0.7280681879905866 -0.0717062877002963 0.6817440296330773
    outer loop
      vertex -18.200000762939453 -27.099998474121094 32.55419921875
      vertex -18.19384002685547 -27.55274200439453 32.5
      vertex -18.149250030517578 -27.099998474121094 32.5
    endloop
  endfacet
  facet normal 0.7280721863141867 -0.07170572914807676 0.6817398183493633
    outer loop
      vertex -18.19384002685547 -27.55274200439453 32.5
      vertex -18.200000762939453 -27.099998474121094 32.55419921875
      vertex -26 -26 41
    endloop
  endfacet
  facet normal 0.728071605865334 -0.07170830075820923 0.6817401677582478
    outer loop
      vertex -16.816282272338867 -27.826753616333008 31
      vertex -15.699999809265137 -26 30
      vertex -16.636363983154297 -26 31
    endloop
  endfacet
  facet normal 0.728071931107595 -0.07170871340985632 0.6817397770075914
    outer loop
      vertex -15.699999809265137 -26 30
      vertex -16.816282272338867 -27.826753616333008 31
      vertex -15.897911071777344 -28.009429931640625 30
    endloop
  endfacet
  facet normal 0.7000922400446787 -0.21237112377635817 0.6817399513122218
    outer loop
      vertex -18.19384002685547 -27.55274200439453 32.5
      vertex -26 -26 41
      vertex -18.646759033203125 -29.045812606811523 32.5
    endloop
  endfacet
  facet normal 0.7000924744539827 -0.2123706582767199 0.681739855601836
    outer loop
      vertex -17.3491268157959 -29.58330726623535 31
      vertex -15.897911071777344 -28.009429931640625 30
      vertex -16.816282272338867 -27.826753616333008 31
    endloop
  endfacet
  facet normal 0.7000923079017873 -0.212370331319797 0.6817401284887582
    outer loop
      vertex -15.897911071777344 -28.009429931640625 30
      vertex -17.3491268157959 -29.58330726623535 31
      vertex -16.484039306640625 -29.941638946533203 30
    endloop
  endfacet
  facet normal -0.34486901484315363 -0.6452099453508942 0.6817400450475303
    outer loop
      vertex -26 -26 41
      vertex -29.456493377685547 -33.07832336425781 32.55243682861328
      vertex -28.994159698486328 -33.22854232788086 32.64414596557617
    endloop
  endfacet
  facet normal -0.34488241467123637 -0.6452298566066477 0.6817144212893714
    outer loop
      vertex -29.456493377685547 -33.07832336425781 32.55243682861328
      vertex -30.421833038330078 -32.617740631103516 32.5
      vertex -29.471832275390625 -33.125526428222656 32.5
    endloop
  endfacet
  facet normal -0.34487326245787603 -0.6452077670880403 0.6817399578511781
    outer loop
      vertex -30.421833038330078 -32.617740631103516 32.5
      vertex -29.456493377685547 -33.07832336425781 32.55243682861328
      vertex -26 -26 41
    endloop
  endfacet
  facet normal -0.3448702263131731 -0.6452084048519554 0.6817408901562938
    outer loop
      vertex -31.202157974243164 -33.785579681396484 31
      vertex -29.941638946533203 -35.515960693359375 30
      vertex -29.58330726623535 -34.65087127685547 31
    endloop
  endfacet
  facet normal -0.34487186494879407 -0.6452088668211594 0.681739624007653
    outer loop
      vertex -29.941638946533203 -35.515960693359375 30
      vertex -31.202157974243164 -33.785579681396484 31
      vertex -31.722373962402344 -34.56413650512695 30
    endloop
  endfacet
  facet normal -0.4641187378734433 -0.5655303473698582 0.6817398502056994
    outer loop
      vertex -26 -26 41
      vertex -31.627925872802734 -31.627925872802734 32.5
      vertex -30.421833038330078 -32.617740631103516 32.5
    endloop
  endfacet
  facet normal -0.4641194519155535 -0.5655300326014299 0.6817396252085042
    outer loop
      vertex -32.621089935302734 -32.621089935302734 31
      vertex -31.722373962402344 -34.56413650512695 30
      vertex -31.202157974243164 -33.785579681396484 31
    endloop
  endfacet
  facet normal -0.46411880029786273 -0.5655299813832271 0.6817401113083779
    outer loop
      vertex -31.722373962402344 -34.56413650512695 30
      vertex -32.621089935302734 -32.621089935302734 31
      vertex -33.283199310302734 -33.283199310302734 30
    endloop
  endfacet
  facet normal -0.6452103972318627 -0.3448687783707682 0.6817397370030267
    outer loop
      vertex -26 -26 41
      vertex -32.95689392089844 -29.694805145263672 32.54679870605469
      vertex -32.4904670715332 -30.336790084838867 32.663475036621094
    endloop
  endfacet
  facet normal -0.6451740446149803 -0.3448518513673731 0.68178270201263
    outer loop
      vertex -32.95689392089844 -29.694805145263672 32.54679870605469
      vertex -33.353240966796875 -29.045812606811523 32.5
      vertex -32.992515563964844 -29.720684051513672 32.5
    endloop
  endfacet
  facet normal -0.6452070307932916 -0.34487509527905813 0.6817397275142217
    outer loop
      vertex -33.353240966796875 -29.045812606811523 32.5
      vertex -32.95689392089844 -29.694805145263672 32.54679870605469
      vertex -26 -26 41
    endloop
  endfacet
  facet normal -0.6452094949534939 -0.34487080898314676 0.6817395637141554
    outer loop
      vertex -34.65087127685547 -29.58330726623535 31
      vertex -34.56413650512695 -31.722373962402344 30
      vertex -33.785579681396484 -31.202157974243164 31
    endloop
  endfacet
  facet normal -0.6452078758211136 -0.34487133524740343 0.6817408298635778
    outer loop
      vertex -34.56413650512695 -31.722373962402344 30
      vertex -34.65087127685547 -29.58330726623535 31
      vertex -35.515960693359375 -29.941638946533203 30
    endloop
  endfacet
  facet normal 0.728071605865334 0.07170830075820923 0.6817401677582478
    outer loop
      vertex -15.699999809265137 26 30
      vertex -16.816282272338867 27.826753616333008 31
      vertex -16.636363983154297 26 31
    endloop
  endfacet
  facet normal 0.728071931107595 0.07170871340985632 0.6817397770075914
    outer loop
      vertex -16.816282272338867 27.826753616333008 31
      vertex -15.699999809265137 26 30
      vertex -15.897911071777344 28.009429931640625 30
    endloop
  endfacet
  facet normal 0.7280721863141867 0.07170572914807676 0.6817398183493633
    outer loop
      vertex -26 26 41
      vertex -18.200000762939453 27.099998474121094 32.55419921875
      vertex -18.19384002685547 27.55274200439453 32.5
    endloop
  endfacet
  facet normal 0.7280718042938719 0.07170896071966498 0.6817398864264665
    outer loop
      vertex -18.200000762939453 27.099998474121094 32.55419921875
      vertex -26 26 41
      vertex -18.200000762939453 26 32.66990280151367
    endloop
  endfacet
  facet normal 0.7280681879905866 0.0717062877002963 0.6817440296330773
    outer loop
      vertex -18.19384002685547 27.55274200439453 32.5
      vertex -18.200000762939453 27.099998474121094 32.55419921875
      vertex -18.149250030517578 27.099998474121094 32.5
    endloop
  endfacet
  facet normal 0.21237019663611104 0.7000918639084481 0.6817406263894902
    outer loop
      vertex -23.990570068359375 36.102088928222656 30
      vertex -22.416690826416016 34.65087127685547 31
      vertex -22.058361053466797 35.515960693359375 30
    endloop
  endfacet
  facet normal 0.21237052359292477 0.7000920304608615 0.6817403535027503
    outer loop
      vertex -22.416690826416016 34.65087127685547 31
      vertex -23.990570068359375 36.102088928222656 30
      vertex -24.17324447631836 35.1837158203125 31
    endloop
  endfacet
  facet normal 0.21237007918975773 0.7000925888062549 0.6817399185638845
    outer loop
      vertex -24.467674255371094 33.703521728515625 32.611759185791016
      vertex -26 26 41
      vertex -23.00583839416504 33.22854232788086 32.64414596557617
    endloop
  endfacet
  facet normal 0.7280716097743045 -0.07170822627126645 0.6817401714184675
    outer loop
      vertex -16.816282272338867 24.17324447631836 31
      vertex -15.699999809265137 26 30
      vertex -16.636363983154297 26 31
    endloop
  endfacet
  facet normal 0.728071998995898 -0.07170872009626003 0.681739703802172
    outer loop
      vertex -15.699999809265137 26 30
      vertex -16.816282272338867 24.17324447631836 31
      vertex -15.897911071777344 23.990570068359375 30
    endloop
  endfacet
  facet normal 0.7280718042938719 -0.07170896071966498 0.6817398864264665
    outer loop
      vertex -26 26 41
      vertex -18.200000762939453 24.900001525878906 32.55419921875
      vertex -18.200000762939453 26 32.66990280151367
    endloop
  endfacet
  facet normal 0.7280681879905866 -0.0717062877002963 0.6817440296330773
    outer loop
      vertex -18.200000762939453 24.900001525878906 32.55419921875
      vertex -18.19384002685547 24.44725799560547 32.5
      vertex -18.149250030517578 24.900001525878906 32.5
    endloop
  endfacet
  facet normal 0.7280721863141867 -0.07170572914807676 0.6817398183493633
    outer loop
      vertex -18.19384002685547 24.44725799560547 32.5
      vertex -18.200000762939453 24.900001525878906 32.55419921875
      vertex -26 26 41
    endloop
  endfacet
  facet normal -0.0717090909870769 0.7280719108175339 0.6817397589610805
    outer loop
      vertex -26 36.29999923706055 30
      vertex -27.826753616333008 35.1837158203125 31
      vertex -26 35.3636360168457 31
    endloop
  endfacet
  facet normal -0.07170830484202055 0.7280712911968302 0.681740503382089
    outer loop
      vertex -27.826753616333008 35.1837158203125 31
      vertex -26 36.29999923706055 30
      vertex -28.009429931640625 36.102088928222656 30
    endloop
  endfacet
  facet normal -0.0717197593119471 0.7280702326527397 0.6817404289384793
    outer loop
      vertex -26 26 41
      vertex -27.36417007446289 33.75815963745117 32.57109832763672
      vertex -27.532325744628906 33.703521728515625 32.611759185791016
    endloop
  endfacet
  facet normal -0.0717080838589809 0.7280718006480625 0.681739982552264
    outer loop
      vertex -26 33.95909118652344 32.5
      vertex -27.36417007446289 33.75815963745117 32.57109832763672
      vertex -26 26 41
    endloop
  endfacet
  facet normal -0.07171114778024523 0.7280868145296613 0.6817236256666558
    outer loop
      vertex -27.36417007446289 33.75815963745117 32.57109832763672
      vertex -26 33.95909118652344 32.5
      vertex -27.385129928588867 33.82266616821289 32.5
    endloop
  endfacet
  facet normal -0.7000920304608615 -0.21237052359292477 0.6817403535027503
    outer loop
      vertex -36.102088928222656 23.990570068359375 30
      vertex -34.65087127685547 22.416690826416016 31
      vertex -35.1837158203125 24.17324447631836 31
    endloop
  endfacet
  facet normal -0.7000918639084481 -0.21237019663611104 0.6817406263894902
    outer loop
      vertex -34.65087127685547 22.416690826416016 31
      vertex -36.102088928222656 23.990570068359375 30
      vertex -35.515960693359375 22.058361053466797 30
    endloop
  endfacet
  facet normal -0.7000922400446787 -0.21237112377635817 0.6817399513122218
    outer loop
      vertex -26 26 41
      vertex -33.80615997314453 24.44725799560547 32.5
      vertex -33.353240966796875 22.954187393188477 32.5
    endloop
  endfacet
  facet normal 0.46411942169242315 -0.5655307385541366 0.6817390601676742
    outer loop
      vertex -19.378908157348633 19.378908157348633 31
      vertex -20.277626037597656 17.435863494873047 30
      vertex -18.716800689697266 18.716800689697266 30
    endloop
  endfacet
  facet normal 0.46411859380298215 -0.5655306734802106 0.6817396777651729
    outer loop
      vertex -20.277626037597656 17.435863494873047 30
      vertex -19.378908157348633 19.378908157348633 31
      vertex -20.797842025756836 18.214420318603516 31
    endloop
  endfacet
  facet normal 0.46411866476826363 -0.5655302582909344 0.6817399738691527
    outer loop
      vertex -20.372072219848633 20.372072219848633 32.5
      vertex -26 26 41
      vertex -21.57816505432129 19.38225746154785 32.5
    endloop
  endfacet
  facet normal -0.07170871340985632 -0.728071931107595 0.6817397770075914
    outer loop
      vertex -26 15.699999809265137 30
      vertex -27.826753616333008 16.816282272338867 31
      vertex -28.009429931640625 15.897911071777344 30
    endloop
  endfacet
  facet normal -0.07170830075820923 -0.728071605865334 0.6817401677582478
    outer loop
      vertex -27.826753616333008 16.816282272338867 31
      vertex -26 15.699999809265137 30
      vertex -26 16.636363983154297 31
    endloop
  endfacet
  facet normal -0.0717197593119471 -0.7280702326527397 0.6817404289384793
    outer loop
      vertex -27.36417007446289 18.241840362548828 32.57109832763672
      vertex -26 26 41
      vertex -27.532325744628906 18.296478271484375 32.611759185791016
    endloop
  endfacet
  facet normal -0.0717080838589809 -0.7280718006480625 0.681739982552264
    outer loop
      vertex -27.36417007446289 18.241840362548828 32.57109832763672
      vertex -26 18.040908813476562 32.5
      vertex -26 26 41
    endloop
  endfacet
  facet normal -0.07170920993468359 -0.7280773186862882 0.6817339710071142
    outer loop
      vertex -26 18.040908813476562 32.5
      vertex -27.36417007446289 18.241840362548828 32.57109832763672
      vertex -27.385129928588867 18.177331924438477 32.5
    endloop
  endfacet
  facet normal 0.0717083115283552 0.7280713590847592 0.6817404301772223
    outer loop
      vertex -26 36.29999923706055 30
      vertex -24.17324447631836 35.1837158203125 31
      vertex -23.990570068359375 36.102088928222656 30
    endloop
  endfacet
  facet normal 0.07170901649932176 0.728071914726592 0.6817397626213788
    outer loop
      vertex -24.17324447631836 35.1837158203125 31
      vertex -26 36.29999923706055 30
      vertex -26 35.3636360168457 31
    endloop
  endfacet
  facet normal 0.0717197593119471 0.7280702326527397 0.6817404289384793
    outer loop
      vertex -24.63582992553711 33.75815963745117 32.57109832763672
      vertex -26 26 41
      vertex -24.467674255371094 33.703521728515625 32.611759185791016
    endloop
  endfacet
  facet normal 0.0717080838589809 0.7280718006480625 0.681739982552264
    outer loop
      vertex -24.63582992553711 33.75815963745117 32.57109832763672
      vertex -26 33.95909118652344 32.5
      vertex -26 26 41
    endloop
  endfacet
  facet normal 0.07171114778024523 0.7280868145296613 0.6817236256666558
    outer loop
      vertex -26 33.95909118652344 32.5
      vertex -24.63582992553711 33.75815963745117 32.57109832763672
      vertex -24.614870071411133 33.82266616821289 32.5
    endloop
  endfacet
  facet normal 0.6452207708908804 0.34487865056860484 0.6817249248728964
    outer loop
      vertex -19.04310417175293 29.694805145263672 32.54680252075195
      vertex -18.646759033203125 29.045812606811523 32.5
      vertex -19.00748634338379 29.720684051513672 32.5
    endloop
  endfacet
  facet normal 0.645207936371825 0.3448729153780207 0.681739973216677
    outer loop
      vertex -26 26 41
      vertex -19.04310417175293 29.694805145263672 32.54680252075195
      vertex -19.509532928466797 30.336790084838867 32.663475036621094
    endloop
  endfacet
  facet normal 0.6452092183388798 0.3448705098473409 0.6817399768299987
    outer loop
      vertex -19.04310417175293 29.694805145263672 32.54680252075195
      vertex -26 26 41
      vertex -18.646759033203125 29.045812606811523 32.5
    endloop
  endfacet
  facet normal 0.6452084171346181 0.3448716245859532 0.6817401711899379
    outer loop
      vertex -17.435863494873047 31.722373962402344 30
      vertex -17.3491268157959 29.58330726623535 31
      vertex -16.484039306640625 29.941638946533203 30
    endloop
  endfacet
  facet normal 0.6452091518489225 0.34487138578327237 0.6817395966483975
    outer loop
      vertex -17.3491268157959 29.58330726623535 31
      vertex -17.435863494873047 31.722373962402344 30
      vertex -18.214420318603516 31.202157974243164 31
    endloop
  endfacet
  facet normal -0.21237046494704465 0.7000918371312383 0.6817405703054379
    outer loop
      vertex -28.009429931640625 36.102088928222656 30
      vertex -29.58330726623535 34.65087127685547 31
      vertex -27.826753616333008 35.1837158203125 31
    endloop
  endfacet
  facet normal -0.212370137990388 0.7000916705790912 0.6817408431916933
    outer loop
      vertex -29.58330726623535 34.65087127685547 31
      vertex -28.009429931640625 36.102088928222656 30
      vertex -29.941638946533203 35.515960693359375 30
    endloop
  endfacet
  facet normal -0.2123703354198802 0.7000925237128195 0.6817399055908806
    outer loop
      vertex -27.532325744628906 33.703521728515625 32.611759185791016
      vertex -28.994159698486328 33.22854232788086 32.64414596557617
      vertex -26 26 41
    endloop
  endfacet
  facet normal -0.46411869772073555 -0.5655302984436397 0.6817399181273285
    outer loop
      vertex -26 26 41
      vertex -31.627925872802734 20.372072219848633 32.5
      vertex -30.421833038330078 19.38225746154785 32.5
    endloop
  endfacet
  facet normal -0.46411898060101964 -0.565530384601395 0.6817396540751232
    outer loop
      vertex -32.621089935302734 19.378908157348633 31
      vertex -31.722373962402344 17.435863494873047 30
      vertex -31.202157974243164 18.214420318603516 31
    endloop
  endfacet
  facet normal -0.46411914159595435 -0.5655303972558512 0.6817395339745772
    outer loop
      vertex -31.722373962402344 17.435863494873047 30
      vertex -32.621089935302734 19.378908157348633 31
      vertex -33.283199310302734 18.716800689697266 30
    endloop
  endfacet
  facet normal -0.7000922400446787 0.21237112377635817 0.6817399513122218
    outer loop
      vertex -33.353240966796875 29.045812606811523 32.5
      vertex -33.80615997314453 27.55274200439453 32.5
      vertex -26 26 41
    endloop
  endfacet
  facet normal -0.7000916705790912 0.212370137990388 0.6817408431916933
    outer loop
      vertex -36.102088928222656 28.009429931640625 30
      vertex -34.65087127685547 29.58330726623535 31
      vertex -35.515960693359375 29.941638946533203 30
    endloop
  endfacet
  facet normal -0.7000918371312383 0.21237046494704465 0.6817405703054379
    outer loop
      vertex -34.65087127685547 29.58330726623535 31
      vertex -36.102088928222656 28.009429931640625 30
      vertex -35.1837158203125 27.826753616333008 31
    endloop
  endfacet
  facet normal -0.34487129810081674 -0.6452088560964556 0.6817399209089642
    outer loop
      vertex -26 26 41
      vertex -29.456493377685547 18.92167854309082 32.55243682861328
      vertex -28.994159698486328 18.77145767211914 32.64414596557617
    endloop
  endfacet
  facet normal -0.3448713788221441 -0.645209209977465 0.6817395451560433
    outer loop
      vertex -29.456493377685547 18.92167854309082 32.55243682861328
      vertex -30.421833038330078 19.38225746154785 32.5
      vertex -29.471832275390625 18.87447166442871 32.5
    endloop
  endfacet
  facet normal -0.34487124374959577 -0.6452088839688717 0.6817399220247043
    outer loop
      vertex -30.421833038330078 19.38225746154785 32.5
      vertex -29.456493377685547 18.92167854309082 32.55243682861328
      vertex -26 26 41
    endloop
  endfacet
  facet normal -0.3448711213845297 -0.6452086571935364 0.6817401985488979
    outer loop
      vertex -31.202157974243164 18.214420318603516 31
      vertex -29.941638946533203 16.484039306640625 30
      vertex -29.58330726623535 17.3491268157959 31
    endloop
  endfacet
  facet normal -0.34487186494879407 -0.6452088668211594 0.681739624007653
    outer loop
      vertex -29.941638946533203 16.484039306640625 30
      vertex -31.202157974243164 18.214420318603516 31
      vertex -31.722373962402344 17.435863494873047 30
    endloop
  endfacet
  facet normal -0.2123703354198802 -0.7000925237128195 0.6817399055908806
    outer loop
      vertex -26 26 41
      vertex -28.994159698486328 18.77145767211914 32.64414596557617
      vertex -27.532325744628906 18.296478271484375 32.611759185791016
    endloop
  endfacet
  facet normal -0.212370331319797 -0.7000923079017873 0.6817401284887582
    outer loop
      vertex -28.009429931640625 15.897911071777344 30
      vertex -29.58330726623535 17.3491268157959 31
      vertex -29.941638946533203 16.484039306640625 30
    endloop
  endfacet
  facet normal -0.2123706582767199 -0.7000924744539827 0.681739855601836
    outer loop
      vertex -29.58330726623535 17.3491268157959 31
      vertex -28.009429931640625 15.897911071777344 30
      vertex -27.826753616333008 16.816282272338867 31
    endloop
  endfacet
  facet normal -0.5655138493278087 0.46412116623327815 0.6817518824856343
    outer loop
      vertex -31.627925872802734 31.627925872802734 32.5
      vertex -31.720123291015625 31.515586853027344 32.5
      vertex -31.663768768310547 31.47464370727539 32.57461929321289
    endloop
  endfacet
  facet normal -0.5655300197960397 0.46411910173289234 0.6817398742307392
    outer loop
      vertex -31.663768768310547 31.47464370727539 32.57461929321289
      vertex -26 26 41
      vertex -31.627925872802734 31.627925872802734 32.5
    endloop
  endfacet
  facet normal -0.5655302050356398 0.46411889265899736 0.6817398629017768
    outer loop
      vertex -26 26 41
      vertex -31.663768768310547 31.47464370727539 32.57461929321289
      vertex -32.4904670715332 30.336790084838867 32.663475036621094
    endloop
  endfacet
  facet normal -0.5655296657738871 0.46411915086735395 0.6817401344558217
    outer loop
      vertex -33.283199310302734 33.283199310302734 30
      vertex -33.785579681396484 31.202157974243164 31
      vertex -32.621089935302734 32.621089935302734 31
    endloop
  endfacet
  facet normal -0.5655303148631232 0.46411907397794055 0.6817396483560829
    outer loop
      vertex -33.785579681396484 31.202157974243164 31
      vertex -33.283199310302734 33.283199310302734 30
      vertex -34.56413650512695 31.722373962402344 30
    endloop
  endfacet
  facet normal -0.4641187378734433 0.5655303473698582 0.6817398502056994
    outer loop
      vertex -30.421833038330078 32.617740631103516 32.5
      vertex -31.627925872802734 31.627925872802734 32.5
      vertex -26 26 41
    endloop
  endfacet
  facet normal -0.4641194519155535 0.5655300326014299 0.6817396252085042
    outer loop
      vertex -31.722373962402344 34.56413650512695 30
      vertex -32.621089935302734 32.621089935302734 31
      vertex -31.202157974243164 33.785579681396484 31
    endloop
  endfacet
  facet normal -0.46411880029786273 0.5655299813832271 0.6817401113083779
    outer loop
      vertex -32.621089935302734 32.621089935302734 31
      vertex -31.722373962402344 34.56413650512695 30
      vertex -33.283199310302734 33.283199310302734 30
    endloop
  endfacet
  facet normal -0.6452103972318627 0.3448687783707682 0.6817397370030267
    outer loop
      vertex -32.95689392089844 29.694805145263672 32.54679870605469
      vertex -26 26 41
      vertex -32.4904670715332 30.336790084838867 32.663475036621094
    endloop
  endfacet
  facet normal -0.6452070307932916 0.34487509527905813 0.6817397275142217
    outer loop
      vertex -32.95689392089844 29.694805145263672 32.54679870605469
      vertex -33.353240966796875 29.045812606811523 32.5
      vertex -26 26 41
    endloop
  endfacet
  facet normal -0.6451740446149803 0.3448518513673731 0.68178270201263
    outer loop
      vertex -33.353240966796875 29.045812606811523 32.5
      vertex -32.95689392089844 29.694805145263672 32.54679870605469
      vertex -32.992515563964844 29.720684051513672 32.5
    endloop
  endfacet
  facet normal -0.6452094949534939 0.34487080898314676 0.6817395637141554
    outer loop
      vertex -34.56413650512695 31.722373962402344 30
      vertex -34.65087127685547 29.58330726623535 31
      vertex -33.785579681396484 31.202157974243164 31
    endloop
  endfacet
  facet normal -0.6452078758211136 0.34487133524740343 0.6817408298635778
    outer loop
      vertex -34.65087127685547 29.58330726623535 31
      vertex -34.56413650512695 31.722373962402344 30
      vertex -35.515960693359375 29.941638946533203 30
    endloop
  endfacet
  facet normal 0.34487186494879407 0.6452088668211594 0.681739624007653
    outer loop
      vertex -22.058361053466797 35.515960693359375 30
      vertex -20.797842025756836 33.785579681396484 31
      vertex -20.277626037597656 34.56413650512695 30
    endloop
  endfacet
  facet normal 0.3448707047381342 0.6452085397312498 0.681740520485097
    outer loop
      vertex -20.797842025756836 33.785579681396484 31
      vertex -22.058361053466797 35.515960693359375 30
      vertex -22.416690826416016 34.65087127685547 31
    endloop
  endfacet
  facet normal 0.344872920870538 0.645208543288434 0.681739396043562
    outer loop
      vertex -22.543506622314453 33.07832336425781 32.55243682861328
      vertex -21.57816505432129 32.617740631103516 32.5
      vertex -22.528167724609375 33.12553024291992 32.5
    endloop
  endfacet
  facet normal 0.3448702301525372 0.6452093221175431 0.681740020100886
    outer loop
      vertex -26 26 41
      vertex -22.543506622314453 33.07832336425781 32.55243682861328
      vertex -23.00583839416504 33.22854232788086 32.64414596557617
    endloop
  endfacet
  facet normal 0.3448727154885847 0.6452080475860215 0.6817399690804141
    outer loop
      vertex -22.543506622314453 33.07832336425781 32.55243682861328
      vertex -26 26 41
      vertex -21.57816505432129 32.617740631103516 32.5
    endloop
  endfacet
  facet normal -0.7280718042938719 -0.07170896071966498 0.6817398864264665
    outer loop
      vertex -33.79999923706055 24.900001525878906 32.55419921875
      vertex -26 26 41
      vertex -33.79999923706055 26 32.66990280151367
    endloop
  endfacet
  facet normal -0.7280721863141867 -0.07170572914807676 0.6817398183493633
    outer loop
      vertex -26 26 41
      vertex -33.79999923706055 24.900001525878906 32.55419921875
      vertex -33.80615997314453 24.44725799560547 32.5
    endloop
  endfacet
  facet normal -0.7280681879905866 -0.0717062877002963 0.6817440296330773
    outer loop
      vertex -33.85074996948242 24.900001525878906 32.5
      vertex -33.80615997314453 24.44725799560547 32.5
      vertex -33.79999923706055 24.900001525878906 32.55419921875
    endloop
  endfacet
  facet normal -0.728071914726592 -0.07170901649932176 0.6817397626213788
    outer loop
      vertex -36.29999923706055 26 30
      vertex -35.1837158203125 24.17324447631836 31
      vertex -35.3636360168457 26 31
    endloop
  endfacet
  facet normal -0.7280713590847592 -0.0717083115283552 0.6817404301772223
    outer loop
      vertex -35.1837158203125 24.17324447631836 31
      vertex -36.29999923706055 26 30
      vertex -36.102088928222656 23.990570068359375 30
    endloop
  endfacet
  facet normal -0.7280681879905866 0.0717062877002963 0.6817440296330773
    outer loop
      vertex -33.79999923706055 27.099998474121094 32.55419921875
      vertex -33.80615997314453 27.55274200439453 32.5
      vertex -33.85074996948242 27.099998474121094 32.5
    endloop
  endfacet
  facet normal -0.7280721863141867 0.07170572914807676 0.6817398183493633
    outer loop
      vertex -33.79999923706055 27.099998474121094 32.55419921875
      vertex -26 26 41
      vertex -33.80615997314453 27.55274200439453 32.5
    endloop
  endfacet
  facet normal -0.7280718042938719 0.07170896071966498 0.6817398864264665
    outer loop
      vertex -26 26 41
      vertex -33.79999923706055 27.099998474121094 32.55419921875
      vertex -33.79999923706055 26 32.66990280151367
    endloop
  endfacet
  facet normal -0.7280712911968302 0.07170830484202055 0.681740503382089
    outer loop
      vertex -36.29999923706055 26 30
      vertex -35.1837158203125 27.826753616333008 31
      vertex -36.102088928222656 28.009429931640625 30
    endloop
  endfacet
  facet normal -0.7280719108175339 0.0717090909870769 0.6817397589610805
    outer loop
      vertex -35.1837158203125 27.826753616333008 31
      vertex -36.29999923706055 26 30
      vertex -35.3636360168457 26 31
    endloop
  endfacet
  facet normal 0.3448708163865238 -0.6452094531402561 0.681739599541749
    outer loop
      vertex -21.57816505432129 19.38225746154785 32.5
      vertex -22.543506622314453 18.92167854309082 32.55243682861328
      vertex -22.528167724609375 18.87447166442871 32.5
    endloop
  endfacet
  facet normal 0.34487069678213983 -0.6452091644647822 0.681739933252893
    outer loop
      vertex -26 26 41
      vertex -22.543506622314453 18.92167854309082 32.55243682861328
      vertex -21.57816505432129 19.38225746154785 32.5
    endloop
  endfacet
  facet normal 0.3448725134148487 -0.6452082328578002 0.6817398959599179
    outer loop
      vertex -22.543506622314453 18.92167854309082 32.55243682861328
      vertex -26 26 41
      vertex -23.00583839416504 18.77145767211914 32.64414596557617
    endloop
  endfacet
  facet normal 0.34487186494879407 -0.6452088668211594 0.681739624007653
    outer loop
      vertex -20.797842025756836 18.214420318603516 31
      vertex -22.058361053466797 16.484039306640625 30
      vertex -20.277626037597656 17.435863494873047 30
    endloop
  endfacet
  facet normal 0.34487159981067206 -0.6452087920727704 0.6817398288761076
    outer loop
      vertex -22.058361053466797 16.484039306640625 30
      vertex -20.797842025756836 18.214420318603516 31
      vertex -22.416690826416016 17.3491268157959 31
    endloop
  endfacet
  facet normal -0.34486901484315363 0.6452099453508942 0.6817400450475303
    outer loop
      vertex -29.456493377685547 33.07832336425781 32.55243682861328
      vertex -26 26 41
      vertex -28.994159698486328 33.22854232788086 32.64414596557617
    endloop
  endfacet
  facet normal -0.34487326245787603 0.6452077670880403 0.6817399578511781
    outer loop
      vertex -29.456493377685547 33.07832336425781 32.55243682861328
      vertex -30.421833038330078 32.617740631103516 32.5
      vertex -26 26 41
    endloop
  endfacet
  facet normal -0.34488241467123637 0.6452298566066477 0.6817144212893714
    outer loop
      vertex -30.421833038330078 32.617740631103516 32.5
      vertex -29.456493377685547 33.07832336425781 32.55243682861328
      vertex -29.471832275390625 33.125526428222656 32.5
    endloop
  endfacet
  facet normal -0.3448702263131731 0.6452084048519554 0.6817408901562938
    outer loop
      vertex -29.941638946533203 35.515960693359375 30
      vertex -31.202157974243164 33.785579681396484 31
      vertex -29.58330726623535 34.65087127685547 31
    endloop
  endfacet
  facet normal -0.34487186494879407 0.6452088668211594 0.681739624007653
    outer loop
      vertex -31.202157974243164 33.785579681396484 31
      vertex -29.941638946533203 35.515960693359375 30
      vertex -31.722373962402344 34.56413650512695 30
    endloop
  endfacet
  facet normal 0.46411870492096907 0.56553030721715 0.6817399059475382
    outer loop
      vertex -21.57816505432129 32.617740631103516 32.5
      vertex -26 26 41
      vertex -20.372072219848633 31.627925872802734 32.5
    endloop
  endfacet
  facet normal 0.4641190803941568 0.5655303226812995 0.68173963750252
    outer loop
      vertex -20.277626037597656 34.56413650512695 30
      vertex -19.378908157348633 32.621089935302734 31
      vertex -18.716800689697266 33.283199310302734 30
    endloop
  endfacet
  facet normal 0.4641190651174962 0.56553032148052 0.6817396488987575
    outer loop
      vertex -19.378908157348633 32.621089935302734 31
      vertex -20.277626037597656 34.56413650512695 30
      vertex -20.797842025756836 33.785579681396484 31
    endloop
  endfacet
  facet normal 0.5655318372425915 0.4641263271553388 0.6817334475484641
    outer loop
      vertex -20.279876708984375 31.515586853027344 32.5
      vertex -20.372072219848633 31.627925872802734 32.5
      vertex -20.336231231689453 31.47464370727539 32.574623107910156
    endloop
  endfacet
  facet normal 0.5655313081517477 0.46411741562442926 0.6817399533651183
    outer loop
      vertex -20.336231231689453 31.47464370727539 32.574623107910156
      vertex -26 26 41
      vertex -19.509532928466797 30.336790084838867 32.663475036621094
    endloop
  endfacet
  facet normal 0.5655223376610816 0.464127540252884 0.6817405019398166
    outer loop
      vertex -26 26 41
      vertex -20.336231231689453 31.47464370727539 32.574623107910156
      vertex -20.372072219848633 31.627925872802734 32.5
    endloop
  endfacet
  facet normal 0.5655303148631232 0.46411907397794055 0.6817396483560829
    outer loop
      vertex -18.716800689697266 33.283199310302734 30
      vertex -18.214420318603516 31.202157974243164 31
      vertex -17.435863494873047 31.722373962402344 30
    endloop
  endfacet
  facet normal 0.5655304752334305 0.46411905498083905 0.6817395282554349
    outer loop
      vertex -18.214420318603516 31.202157974243164 31
      vertex -18.716800689697266 33.283199310302734 30
      vertex -19.378908157348633 32.621089935302734 31
    endloop
  endfacet
  facet normal 0.07170822627126645 -0.7280716097743045 0.6817401714184675
    outer loop
      vertex -26 15.699999809265137 30
      vertex -24.17324447631836 16.816282272338867 31
      vertex -26 16.636363983154297 31
    endloop
  endfacet
  facet normal 0.07170872009626003 -0.728071998995898 0.681739703802172
    outer loop
      vertex -24.17324447631836 16.816282272338867 31
      vertex -26 15.699999809265137 30
      vertex -23.990570068359375 15.897911071777344 30
    endloop
  endfacet
  facet normal 0.0717197593119471 -0.7280702326527397 0.6817404289384793
    outer loop
      vertex -26 26 41
      vertex -24.63582992553711 18.241840362548828 32.57109832763672
      vertex -24.467674255371094 18.296478271484375 32.611759185791016
    endloop
  endfacet
  facet normal 0.0717080838589809 -0.7280718006480625 0.681739982552264
    outer loop
      vertex -26 18.040908813476562 32.5
      vertex -24.63582992553711 18.241840362548828 32.57109832763672
      vertex -26 26 41
    endloop
  endfacet
  facet normal 0.07170920993468359 -0.7280773186862882 0.6817339710071142
    outer loop
      vertex -24.63582992553711 18.241840362548828 32.57109832763672
      vertex -26 18.040908813476562 32.5
      vertex -24.614870071411133 18.177331924438477 32.5
    endloop
  endfacet
  facet normal 0.21237007918975773 -0.7000925888062549 0.6817399185638845
    outer loop
      vertex -23.00583839416504 18.77145767211914 32.64414596557617
      vertex -26 26 41
      vertex -24.467674255371094 18.296478271484375 32.611759185791016
    endloop
  endfacet
  facet normal 0.21237071692264534 -0.7000926677837552 0.6817396387985564
    outer loop
      vertex -23.990570068359375 15.897911071777344 30
      vertex -22.416690826416016 17.3491268157959 31
      vertex -24.17324447631836 16.816282272338867 31
    endloop
  endfacet
  facet normal 0.21237038996556537 -0.7000925012312936 0.6817399116859632
    outer loop
      vertex -22.416690826416016 17.3491268157959 31
      vertex -23.990570068359375 15.897911071777344 30
      vertex -22.058361053466797 16.484039306640625 30
    endloop
  endfacet
  facet normal -0.5655213909615958 -0.4641286087423544 0.6817405598259125
    outer loop
      vertex -26 26 41
      vertex -31.663768768310547 20.52535629272461 32.574623107910156
      vertex -31.627925872802734 20.372072219848633 32.5
    endloop
  endfacet
  facet normal -0.5655308877176889 -0.46411789015578736 0.6817399790789617
    outer loop
      vertex -31.663768768310547 20.52535629272461 32.574623107910156
      vertex -26 26 41
      vertex -32.4904670715332 21.6632080078125 32.663475036621094
    endloop
  endfacet
  facet normal -0.5655310211442082 -0.46412737907381674 0.6817334083919161
    outer loop
      vertex -31.627925872802734 20.372072219848633 32.5
      vertex -31.663768768310547 20.52535629272461 32.574623107910156
      vertex -31.720123291015625 20.484413146972656 32.5
    endloop
  endfacet
  facet normal -0.5655303300805037 -0.46411907217532533 0.6817396369598527
    outer loop
      vertex -33.785579681396484 20.797842025756836 31
      vertex -33.283199310302734 18.716800689697266 30
      vertex -32.621089935302734 19.378908157348633 31
    endloop
  endfacet
  facet normal -0.5655303148631232 -0.46411907397794055 0.6817396483560829
    outer loop
      vertex -33.283199310302734 18.716800689697266 30
      vertex -33.785579681396484 20.797842025756836 31
      vertex -34.56413650512695 20.277626037597656 30
    endloop
  endfacet
  facet normal 0.7000926677837552 -0.21237071692264534 0.6817396387985564
    outer loop
      vertex -17.3491268157959 22.416690826416016 31
      vertex -15.897911071777344 23.990570068359375 30
      vertex -16.816282272338867 24.17324447631836 31
    endloop
  endfacet
  facet normal 0.7000925012312936 -0.21237038996556537 0.6817399116859632
    outer loop
      vertex -15.897911071777344 23.990570068359375 30
      vertex -17.3491268157959 22.416690826416016 31
      vertex -16.484039306640625 22.058361053466797 30
    endloop
  endfacet
  facet normal 0.7000922400446787 -0.21237112377635817 0.6817399513122218
    outer loop
      vertex -18.19384002685547 24.44725799560547 32.5
      vertex -26 26 41
      vertex -18.646759033203125 22.954187393188477 32.5
    endloop
  endfacet
  facet normal 0.645208706473326 -0.3448717792409571 0.6817398191203108
    outer loop
      vertex -17.3491268157959 22.416690826416016 31
      vertex -17.435863494873047 20.277626037597656 30
      vertex -16.484039306640625 22.058361053466797 30
    endloop
  endfacet
  facet normal 0.6452089684555705 -0.34487169408932916 0.6817396142519919
    outer loop
      vertex -17.435863494873047 20.277626037597656 30
      vertex -17.3491268157959 22.416690826416016 31
      vertex -18.214420318603516 20.797842025756836 31
    endloop
  endfacet
  facet normal 0.6452100541568687 -0.3448710988205073 0.6817388878545997
    outer loop
      vertex -18.646759033203125 22.954187393188477 32.5
      vertex -19.04310417175293 22.305194854736328 32.54680252075195
      vertex -19.007484436035156 22.279315948486328 32.5
    endloop
  endfacet
  facet normal 0.6452092183388798 -0.3448705098473409 0.6817399768299987
    outer loop
      vertex -26 26 41
      vertex -19.04310417175293 22.305194854736328 32.54680252075195
      vertex -18.646759033203125 22.954187393188477 32.5
    endloop
  endfacet
  facet normal 0.6452083300839649 -0.3448721766031422 0.6817399743269221
    outer loop
      vertex -19.04310417175293 22.305194854736328 32.54680252075195
      vertex -26 26 41
      vertex -19.509532928466797 21.6632080078125 32.663475036621094
    endloop
  endfacet
  facet normal 0.7000923079017873 0.212370331319797 0.6817401284887582
    outer loop
      vertex -17.3491268157959 29.58330726623535 31
      vertex -15.897911071777344 28.009429931640625 30
      vertex -16.484039306640625 29.941638946533203 30
    endloop
  endfacet
  facet normal 0.7000924744539827 0.2123706582767199 0.681739855601836
    outer loop
      vertex -15.897911071777344 28.009429931640625 30
      vertex -17.3491268157959 29.58330726623535 31
      vertex -16.816282272338867 27.826753616333008 31
    endloop
  endfacet
  facet normal 0.7000922400446787 0.21237112377635817 0.6817399513122218
    outer loop
      vertex -18.646759033203125 29.045812606811523 32.5
      vertex -26 26 41
      vertex -18.19384002685547 27.55274200439453 32.5
    endloop
  endfacet
  facet normal 0.5655303148631232 -0.46411907397794055 0.6817396483560829
    outer loop
      vertex -18.214420318603516 20.797842025756836 31
      vertex -18.716800689697266 18.716800689697266 30
      vertex -17.435863494873047 20.277626037597656 30
    endloop
  endfacet
  facet normal 0.5655311395403817 -0.464118976288321 0.6817390307582792
    outer loop
      vertex -18.716800689697266 18.716800689697266 30
      vertex -18.214420318603516 20.797842025756836 31
      vertex -19.378908157348633 19.378908157348633 31
    endloop
  endfacet
  facet normal 0.5655266711369926 -0.4641226492598659 0.6817402369500536
    outer loop
      vertex -20.336231231689453 20.52535629272461 32.574623107910156
      vertex -26 26 41
      vertex -20.372072219848633 20.372072219848633 32.5
    endloop
  endfacet
  facet normal 0.5655308877176889 -0.46411789015578736 0.6817399790789617
    outer loop
      vertex -26 26 41
      vertex -20.336231231689453 20.52535629272461 32.574623107910156
      vertex -19.509532928466797 21.6632080078125 32.663475036621094
    endloop
  endfacet
  facet normal 0.5655355724882876 -0.4641215125446333 0.6817336267514069
    outer loop
      vertex -20.279876708984375 20.484413146972656 32.5
      vertex -20.336231231689453 20.52535629272461 32.574623107910156
      vertex -20.372072219848633 20.372072219848633 32.5
    endloop
  endfacet
  facet normal -0.645209311560507 -0.3448711172889352 0.6817395813178946
    outer loop
      vertex -34.65087127685547 22.416690826416016 31
      vertex -34.56413650512695 20.277626037597656 30
      vertex -33.785579681396484 20.797842025756836 31
    endloop
  endfacet
  facet normal -0.6452081651596154 -0.3448714899022972 0.6817404777948366
    outer loop
      vertex -34.56413650512695 20.277626037597656 30
      vertex -34.65087127685547 22.416690826416016 31
      vertex -35.515960693359375 22.058361053466797 30
    endloop
  endfacet
  facet normal -0.6452091205334625 -0.3448708477627508 0.6817398984538292
    outer loop
      vertex -26 26 41
      vertex -32.95689392089844 22.305194854736328 32.54680252075195
      vertex -32.4904670715332 21.6632080078125 32.663475036621094
    endloop
  endfacet
  facet normal -0.6451984882988747 -0.34486491675603154 0.6817529610406561
    outer loop
      vertex -32.95689392089844 22.305194854736328 32.54680252075195
      vertex -33.353240966796875 22.954187393188477 32.5
      vertex -32.992515563964844 22.279315948486328 32.5
    endloop
  endfacet
  facet normal -0.6452085156810003 -0.34487198273102226 0.6817398967494082
    outer loop
      vertex -33.353240966796875 22.954187393188477 32.5
      vertex -32.95689392089844 22.305194854736328 32.54680252075195
      vertex -26 26 41
    endloop
  endfacet
  facet normal 0 0 -1
    outer loop
      vertex -17.5 26 30
      vertex -15.699999809265137 26 30
      vertex -15.897911071777344 23.990570068359375 30
    endloop
  endfacet
  facet normal 0 0 -1
    outer loop
      vertex -17.663326263427734 24.341732025146484 30
      vertex -15.897911071777344 23.990570068359375 30
      vertex -16.484039306640625 22.058361053466797 30
    endloop
  endfacet
  facet normal 0 0 -1
    outer loop
      vertex -15.699999809265137 26 30
      vertex -17.5 26 30
      vertex -15.897911071777344 28.009429931640625 30
    endloop
  endfacet
  facet normal 0 0 -1
    outer loop
      vertex -18.147024154663086 22.7471923828125 30
      vertex -16.484039306640625 22.058361053466797 30
      vertex -17.435863494873047 20.277626037597656 30
    endloop
  endfacet
  facet normal 0 0 -1
    outer loop
      vertex -17.663326263427734 27.658267974853516 30
      vertex -15.897911071777344 28.009429931640625 30
      vertex -17.5 26 30
    endloop
  endfacet
  facet normal 0 0 -1
    outer loop
      vertex -15.897911071777344 28.009429931640625 30
      vertex -17.663326263427734 27.658267974853516 30
      vertex -16.484039306640625 29.941638946533203 30
    endloop
  endfacet
  facet normal 0 0 -1
    outer loop
      vertex -15.897911071777344 23.990570068359375 30
      vertex -17.663326263427734 24.341732025146484 30
      vertex -17.5 26 30
    endloop
  endfacet
  facet normal 0 0 -1
    outer loop
      vertex -16.484039306640625 22.058361053466797 30
      vertex -18.147024154663086 22.7471923828125 30
      vertex -17.663326263427734 24.341732025146484 30
    endloop
  endfacet
  facet normal 0 0 -1
    outer loop
      vertex -18.93250846862793 21.277652740478516 30
      vertex -17.435863494873047 20.277626037597656 30
      vertex -18.716800689697266 18.716800689697266 30
    endloop
  endfacet
  facet normal 0 0 -1
    outer loop
      vertex -17.435863494873047 20.277626037597656 30
      vertex -18.93250846862793 21.277652740478516 30
      vertex -18.147024154663086 22.7471923828125 30
    endloop
  endfacet
  facet normal 0 0 -1
    outer loop
      vertex -18.716800689697266 18.716800689697266 30
      vertex -19.989593505859375 19.989593505859375 30
      vertex -18.93250846862793 21.277652740478516 30
    endloop
  endfacet
  facet normal 0 0 -1
    outer loop
      vertex -20.277626037597656 17.435863494873047 30
      vertex -19.989593505859375 19.989593505859375 30
      vertex -18.716800689697266 18.716800689697266 30
    endloop
  endfacet
  facet normal 0 0 -1
    outer loop
      vertex -20.277626037597656 17.435863494873047 30
      vertex -21.277652740478516 18.93250846862793 30
      vertex -19.989593505859375 19.989593505859375 30
    endloop
  endfacet
  facet normal 0 0 -1
    outer loop
      vertex -22.058361053466797 16.484039306640625 30
      vertex -21.277652740478516 18.93250846862793 30
      vertex -20.277626037597656 17.435863494873047 30
    endloop
  endfacet
  facet normal 0 0 -1
    outer loop
      vertex -22.058361053466797 16.484039306640625 30
      vertex -22.7471923828125 18.147024154663086 30
      vertex -21.277652740478516 18.93250846862793 30
    endloop
  endfacet
  facet normal 0 0 -1
    outer loop
      vertex -23.990570068359375 15.897911071777344 30
      vertex -22.7471923828125 18.147024154663086 30
      vertex -22.058361053466797 16.484039306640625 30
    endloop
  endfacet
  facet normal 0 0 -1
    outer loop
      vertex -23.990570068359375 15.897911071777344 30
      vertex -24.341732025146484 17.663326263427734 30
      vertex -22.7471923828125 18.147024154663086 30
    endloop
  endfacet
  facet normal 0 0 -1
    outer loop
      vertex -26 15.699999809265137 30
      vertex -24.341732025146484 17.663326263427734 30
      vertex -23.990570068359375 15.897911071777344 30
    endloop
  endfacet
  facet normal 0 0 -1
    outer loop
      vertex -26 15.699999809265137 30
      vertex -26 17.5 30
      vertex -24.341732025146484 17.663326263427734 30
    endloop
  endfacet
  facet normal 0 0 -1
    outer loop
      vertex -26 15.699999809265137 30
      vertex -27.658267974853516 17.663326263427734 30
      vertex -26 17.5 30
    endloop
  endfacet
  facet normal 0 0 -1
    outer loop
      vertex -28.009429931640625 15.897911071777344 30
      vertex -27.658267974853516 17.663326263427734 30
      vertex -26 15.699999809265137 30
    endloop
  endfacet
  facet normal 0 0 -1
    outer loop
      vertex -28.009429931640625 15.897911071777344 30
      vertex -29.2528076171875 18.147024154663086 30
      vertex -27.658267974853516 17.663326263427734 30
    endloop
  endfacet
  facet normal 0 0 -1
    outer loop
      vertex -29.941638946533203 16.484039306640625 30
      vertex -29.2528076171875 18.147024154663086 30
      vertex -28.009429931640625 15.897911071777344 30
    endloop
  endfacet
  facet normal 0 0 -1
    outer loop
      vertex -29.941638946533203 16.484039306640625 30
      vertex -30.722347259521484 18.93250846862793 30
      vertex -29.2528076171875 18.147024154663086 30
    endloop
  endfacet
  facet normal 0 0 -1
    outer loop
      vertex -31.722373962402344 17.435863494873047 30
      vertex -30.722347259521484 18.93250846862793 30
      vertex -29.941638946533203 16.484039306640625 30
    endloop
  endfacet
  facet normal 0 0 -1
    outer loop
      vertex -31.722373962402344 17.435863494873047 30
      vertex -32.010406494140625 19.989593505859375 30
      vertex -30.722347259521484 18.93250846862793 30
    endloop
  endfacet
  facet normal 0 0 -1
    outer loop
      vertex -33.283199310302734 18.716800689697266 30
      vertex -32.010406494140625 19.989593505859375 30
      vertex -31.722373962402344 17.435863494873047 30
    endloop
  endfacet
  facet normal 0 0 -1
    outer loop
      vertex -32.010406494140625 19.989593505859375 30
      vertex -33.283199310302734 18.716800689697266 30
      vertex -33.06748962402344 21.277652740478516 30
    endloop
  endfacet
  facet normal 0 0 -1
    outer loop
      vertex -34.56413650512695 20.277626037597656 30
      vertex -33.06748962402344 21.277652740478516 30
      vertex -33.283199310302734 18.716800689697266 30
    endloop
  endfacet
  facet normal 0 0 -1
    outer loop
      vertex -33.06748962402344 21.277652740478516 30
      vertex -34.56413650512695 20.277626037597656 30
      vertex -33.85297393798828 22.7471923828125 30
    endloop
  endfacet
  facet normal 0 0 -1
    outer loop
      vertex -33.85297393798828 22.7471923828125 30
      vertex -35.515960693359375 22.058361053466797 30
      vertex -34.336673736572266 24.341732025146484 30
    endloop
  endfacet
  facet normal 0 0 -1
    outer loop
      vertex -35.515960693359375 22.058361053466797 30
      vertex -33.85297393798828 22.7471923828125 30
      vertex -34.56413650512695 20.277626037597656 30
    endloop
  endfacet
  facet normal 0 0 -1
    outer loop
      vertex -18.147024154663086 29.2528076171875 30
      vertex -16.484039306640625 29.941638946533203 30
      vertex -17.663326263427734 27.658267974853516 30
    endloop
  endfacet
  facet normal 0 0 -1
    outer loop
      vertex -16.484039306640625 29.941638946533203 30
      vertex -18.147024154663086 29.2528076171875 30
      vertex -17.435863494873047 31.722373962402344 30
    endloop
  endfacet
  facet normal 0 0 -1
    outer loop
      vertex -18.93250846862793 30.722347259521484 30
      vertex -17.435863494873047 31.722373962402344 30
      vertex -18.147024154663086 29.2528076171875 30
    endloop
  endfacet
  facet normal 0 0 -1
    outer loop
      vertex -17.435863494873047 31.722373962402344 30
      vertex -18.93250846862793 30.722347259521484 30
      vertex -18.716800689697266 33.283199310302734 30
    endloop
  endfacet
  facet normal 0 0 -1
    outer loop
      vertex -19.989593505859375 32.010406494140625 30
      vertex -18.716800689697266 33.283199310302734 30
      vertex -18.93250846862793 30.722347259521484 30
    endloop
  endfacet
  facet normal 0 0 -1
    outer loop
      vertex -19.989593505859375 32.010406494140625 30
      vertex -20.277626037597656 34.56413650512695 30
      vertex -18.716800689697266 33.283199310302734 30
    endloop
  endfacet
  facet normal 0 0 -1
    outer loop
      vertex -21.277652740478516 33.06748962402344 30
      vertex -20.277626037597656 34.56413650512695 30
      vertex -19.989593505859375 32.010406494140625 30
    endloop
  endfacet
  facet normal 0 0 -1
    outer loop
      vertex -21.277652740478516 33.06748962402344 30
      vertex -22.058361053466797 35.515960693359375 30
      vertex -20.277626037597656 34.56413650512695 30
    endloop
  endfacet
  facet normal 0 0 -1
    outer loop
      vertex -22.7471923828125 33.85297393798828 30
      vertex -22.058361053466797 35.515960693359375 30
      vertex -21.277652740478516 33.06748962402344 30
    endloop
  endfacet
  facet normal 0 0 -1
    outer loop
      vertex -22.7471923828125 33.85297393798828 30
      vertex -23.990570068359375 36.102088928222656 30
      vertex -22.058361053466797 35.515960693359375 30
    endloop
  endfacet
  facet normal 0 0 -1
    outer loop
      vertex -24.341732025146484 34.336673736572266 30
      vertex -23.990570068359375 36.102088928222656 30
      vertex -22.7471923828125 33.85297393798828 30
    endloop
  endfacet
  facet normal 0 0 -1
    outer loop
      vertex -26 34.5 30
      vertex -23.990570068359375 36.102088928222656 30
      vertex -24.341732025146484 34.336673736572266 30
    endloop
  endfacet
  facet normal 0 0 -1
    outer loop
      vertex -26 34.5 30
      vertex -26 36.29999923706055 30
      vertex -23.990570068359375 36.102088928222656 30
    endloop
  endfacet
  facet normal 0 0 -1
    outer loop
      vertex -27.658267974853516 34.336673736572266 30
      vertex -26 36.29999923706055 30
      vertex -26 34.5 30
    endloop
  endfacet
  facet normal 0 0 -1
    outer loop
      vertex -27.658267974853516 34.336673736572266 30
      vertex -28.009429931640625 36.102088928222656 30
      vertex -26 36.29999923706055 30
    endloop
  endfacet
  facet normal 0 0 -1
    outer loop
      vertex -29.2528076171875 33.85297393798828 30
      vertex -28.009429931640625 36.102088928222656 30
      vertex -27.658267974853516 34.336673736572266 30
    endloop
  endfacet
  facet normal 0 0 -1
    outer loop
      vertex -29.2528076171875 33.85297393798828 30
      vertex -29.941638946533203 35.515960693359375 30
      vertex -28.009429931640625 36.102088928222656 30
    endloop
  endfacet
  facet normal 0 0 -1
    outer loop
      vertex -30.722347259521484 33.06748962402344 30
      vertex -29.941638946533203 35.515960693359375 30
      vertex -29.2528076171875 33.85297393798828 30
    endloop
  endfacet
  facet normal 0 0 -1
    outer loop
      vertex -30.722347259521484 33.06748962402344 30
      vertex -31.722373962402344 34.56413650512695 30
      vertex -29.941638946533203 35.515960693359375 30
    endloop
  endfacet
  facet normal 0 0 -1
    outer loop
      vertex -32.010406494140625 32.010406494140625 30
      vertex -31.722373962402344 34.56413650512695 30
      vertex -30.722347259521484 33.06748962402344 30
    endloop
  endfacet
  facet normal 0 0 -1
    outer loop
      vertex -33.283199310302734 33.283199310302734 30
      vertex -32.010406494140625 32.010406494140625 30
      vertex -33.06748962402344 30.722347259521484 30
    endloop
  endfacet
  facet normal 0 0 -1
    outer loop
      vertex -32.010406494140625 32.010406494140625 30
      vertex -33.283199310302734 33.283199310302734 30
      vertex -31.722373962402344 34.56413650512695 30
    endloop
  endfacet
  facet normal 0 0 -1
    outer loop
      vertex -34.56413650512695 31.722373962402344 30
      vertex -33.06748962402344 30.722347259521484 30
      vertex -33.85297393798828 29.2528076171875 30
    endloop
  endfacet
  facet normal 0 0 -1
    outer loop
      vertex -35.515960693359375 29.941638946533203 30
      vertex -33.85297393798828 29.2528076171875 30
      vertex -34.336673736572266 27.658267974853516 30
    endloop
  endfacet
  facet normal 0 0 -1
    outer loop
      vertex -33.06748962402344 30.722347259521484 30
      vertex -34.56413650512695 31.722373962402344 30
      vertex -33.283199310302734 33.283199310302734 30
    endloop
  endfacet
  facet normal 0 0 -1
    outer loop
      vertex -36.102088928222656 28.009429931640625 30
      vertex -34.336673736572266 27.658267974853516 30
      vertex -34.5 26 30
    endloop
  endfacet
  facet normal 0 0 -1
    outer loop
      vertex -36.102088928222656 23.990570068359375 30
      vertex -34.336673736572266 24.341732025146484 30
      vertex -35.515960693359375 22.058361053466797 30
    endloop
  endfacet
  facet normal 0 0 -1
    outer loop
      vertex -34.336673736572266 24.341732025146484 30
      vertex -36.102088928222656 23.990570068359375 30
      vertex -34.5 26 30
    endloop
  endfacet
  facet normal 0 0 -1
    outer loop
      vertex -33.85297393798828 29.2528076171875 30
      vertex -35.515960693359375 29.941638946533203 30
      vertex -34.56413650512695 31.722373962402344 30
    endloop
  endfacet
  facet normal 0 0 -1
    outer loop
      vertex -36.29999923706055 26 30
      vertex -34.5 26 30
      vertex -36.102088928222656 23.990570068359375 30
    endloop
  endfacet
  facet normal 0 0 -1
    outer loop
      vertex -34.336673736572266 27.658267974853516 30
      vertex -36.102088928222656 28.009429931640625 30
      vertex -35.515960693359375 29.941638946533203 30
    endloop
  endfacet
  facet normal 0 0 -1
    outer loop
      vertex -34.5 26 30
      vertex -36.29999923706055 26 30
      vertex -36.102088928222656 28.009429931640625 30
    endloop
  endfacet
  facet normal 0.728071914726592 0.07170901649932176 0.6817397626213788
    outer loop
      vertex 36.29999923706055 -26 30
      vertex 35.1837158203125 -24.17324447631836 31
      vertex 35.3636360168457 -26 31
    endloop
  endfacet
  facet normal 0.7280713590847592 0.0717083115283552 0.6817404301772223
    outer loop
      vertex 35.1837158203125 -24.17324447631836 31
      vertex 36.29999923706055 -26 30
      vertex 36.102088928222656 -23.990570068359375 30
    endloop
  endfacet
  facet normal 0.7280721863141867 0.07170572914807676 0.6817398183493633
    outer loop
      vertex 26 -26 41
      vertex 33.79999923706055 -24.900001525878906 32.55419921875
      vertex 33.80615997314453 -24.44725799560547 32.5
    endloop
  endfacet
  facet normal 0.7280718042938719 0.07170896071966498 0.6817398864264665
    outer loop
      vertex 33.79999923706055 -24.900001525878906 32.55419921875
      vertex 26 -26 41
      vertex 33.79999923706055 -26 32.66990280151367
    endloop
  endfacet
  facet normal 0.7280681879905866 0.0717062877002963 0.6817440296330773
    outer loop
      vertex 33.80615997314453 -24.44725799560547 32.5
      vertex 33.79999923706055 -24.900001525878906 32.55419921875
      vertex 33.85074996948242 -24.900001525878906 32.5
    endloop
  endfacet
  facet normal 0.34487186494879407 0.6452088668211594 0.681739624007653
    outer loop
      vertex 29.941638946533203 -16.484039306640625 30
      vertex 31.202157974243164 -18.214420318603516 31
      vertex 31.722373962402344 -17.435863494873047 30
    endloop
  endfacet
  facet normal 0.3448711213845297 0.6452086571935364 0.6817401985488979
    outer loop
      vertex 31.202157974243164 -18.214420318603516 31
      vertex 29.941638946533203 -16.484039306640625 30
      vertex 29.58330726623535 -17.3491268157959 31
    endloop
  endfacet
  facet normal 0.3448713788221441 0.645209209977465 0.6817395451560433
    outer loop
      vertex 29.456493377685547 -18.92167854309082 32.55243682861328
      vertex 30.421833038330078 -19.38225746154785 32.5
      vertex 29.471832275390625 -18.87447166442871 32.5
    endloop
  endfacet
  facet normal 0.34487129810081674 0.6452088560964556 0.6817399209089642
    outer loop
      vertex 26 -26 41
      vertex 29.456493377685547 -18.92167854309082 32.55243682861328
      vertex 28.994159698486328 -18.77145767211914 32.64414596557617
    endloop
  endfacet
  facet normal 0.34487124374959577 0.6452088839688717 0.6817399220247043
    outer loop
      vertex 29.456493377685547 -18.92167854309082 32.55243682861328
      vertex 26 -26 41
      vertex 30.421833038330078 -19.38225746154785 32.5
    endloop
  endfacet
  facet normal -0.7000924744539827 -0.2123706582767199 0.681739855601836
    outer loop
      vertex 15.897911071777344 -28.009429931640625 30
      vertex 17.3491268157959 -29.58330726623535 31
      vertex 16.816282272338867 -27.826753616333008 31
    endloop
  endfacet
  facet normal -0.7000923079017873 -0.212370331319797 0.6817401284887582
    outer loop
      vertex 17.3491268157959 -29.58330726623535 31
      vertex 15.897911071777344 -28.009429931640625 30
      vertex 16.484039306640625 -29.941638946533203 30
    endloop
  endfacet
  facet normal -0.7000922400446787 -0.21237112377635817 0.6817399513122218
    outer loop
      vertex 26 -26 41
      vertex 18.19384002685547 -27.55274200439453 32.5
      vertex 18.646759033203125 -29.045812606811523 32.5
    endloop
  endfacet
  facet normal 0.7280719108175339 -0.0717090909870769 0.6817397589610805
    outer loop
      vertex 35.1837158203125 -27.826753616333008 31
      vertex 36.29999923706055 -26 30
      vertex 35.3636360168457 -26 31
    endloop
  endfacet
  facet normal 0.7280712911968302 -0.07170830484202055 0.681740503382089
    outer loop
      vertex 36.29999923706055 -26 30
      vertex 35.1837158203125 -27.826753616333008 31
      vertex 36.102088928222656 -28.009429931640625 30
    endloop
  endfacet
  facet normal 0.7280718042938719 -0.07170896071966498 0.6817398864264665
    outer loop
      vertex 26 -26 41
      vertex 33.79999923706055 -27.099998474121094 32.55419921875
      vertex 33.79999923706055 -26 32.66990280151367
    endloop
  endfacet
  facet normal 0.7280681879905866 -0.0717062877002963 0.6817440296330773
    outer loop
      vertex 33.79999923706055 -27.099998474121094 32.55419921875
      vertex 33.80615997314453 -27.55274200439453 32.5
      vertex 33.85074996948242 -27.099998474121094 32.5
    endloop
  endfacet
  facet normal 0.7280721863141867 -0.07170572914807676 0.6817398183493633
    outer loop
      vertex 33.80615997314453 -27.55274200439453 32.5
      vertex 33.79999923706055 -27.099998474121094 32.55419921875
      vertex 26 -26 41
    endloop
  endfacet
  facet normal 0.34487186494879407 -0.6452088668211594 0.681739624007653
    outer loop
      vertex 31.202157974243164 -33.785579681396484 31
      vertex 29.941638946533203 -35.515960693359375 30
      vertex 31.722373962402344 -34.56413650512695 30
    endloop
  endfacet
  facet normal 0.3448702263131731 -0.6452084048519554 0.6817408901562938
    outer loop
      vertex 29.941638946533203 -35.515960693359375 30
      vertex 31.202157974243164 -33.785579681396484 31
      vertex 29.58330726623535 -34.65087127685547 31
    endloop
  endfacet
  facet normal 0.34488241467123637 -0.6452298566066477 0.6817144212893714
    outer loop
      vertex 30.421833038330078 -32.617740631103516 32.5
      vertex 29.456493377685547 -33.07832336425781 32.55243682861328
      vertex 29.471832275390625 -33.125526428222656 32.5
    endloop
  endfacet
  facet normal 0.34487326245787603 -0.6452077670880403 0.6817399578511781
    outer loop
      vertex 26 -26 41
      vertex 29.456493377685547 -33.07832336425781 32.55243682861328
      vertex 30.421833038330078 -32.617740631103516 32.5
    endloop
  endfacet
  facet normal 0.34486901484315363 -0.6452099453508942 0.6817400450475303
    outer loop
      vertex 29.456493377685547 -33.07832336425781 32.55243682861328
      vertex 26 -26 41
      vertex 28.994159698486328 -33.22854232788086 32.64414596557617
    endloop
  endfacet
  facet normal -0.07170822627126645 0.7280716097743045 0.6817401714184675
    outer loop
      vertex 26 -15.699999809265137 30
      vertex 24.17324447631836 -16.816282272338867 31
      vertex 26 -16.636363983154297 31
    endloop
  endfacet
  facet normal -0.07170872009626003 0.728071998995898 0.681739703802172
    outer loop
      vertex 24.17324447631836 -16.816282272338867 31
      vertex 26 -15.699999809265137 30
      vertex 23.990570068359375 -15.897911071777344 30
    endloop
  endfacet
  facet normal -0.0717197593119471 0.7280702326527397 0.6817404289384793
    outer loop
      vertex 26 -26 41
      vertex 24.63582992553711 -18.241840362548828 32.57109832763672
      vertex 24.467674255371094 -18.296478271484375 32.611759185791016
    endloop
  endfacet
  facet normal -0.0717080838589809 0.7280718006480625 0.681739982552264
    outer loop
      vertex 26 -18.040908813476562 32.5
      vertex 24.63582992553711 -18.241840362548828 32.57109832763672
      vertex 26 -26 41
    endloop
  endfacet
  facet normal -0.07170920993468359 0.7280773186862882 0.6817339710071142
    outer loop
      vertex 24.63582992553711 -18.241840362548828 32.57109832763672
      vertex 26 -18.040908813476562 32.5
      vertex 24.614870071411133 -18.177331924438477 32.5
    endloop
  endfacet
  facet normal -0.6452089684555705 0.34487169408932916 0.6817396142519919
    outer loop
      vertex 17.435863494873047 -20.277626037597656 30
      vertex 17.3491268157959 -22.416690826416016 31
      vertex 18.214420318603516 -20.797842025756836 31
    endloop
  endfacet
  facet normal -0.645208706473326 0.3448717792409571 0.6817398191203108
    outer loop
      vertex 17.3491268157959 -22.416690826416016 31
      vertex 17.435863494873047 -20.277626037597656 30
      vertex 16.484039306640625 -22.058361053466797 30
    endloop
  endfacet
  facet normal -0.6452083300839649 0.3448721766031422 0.6817399743269221
    outer loop
      vertex 19.04310417175293 -22.305194854736328 32.54680252075195
      vertex 26 -26 41
      vertex 19.509532928466797 -21.6632080078125 32.663475036621094
    endloop
  endfacet
  facet normal -0.6452092183388798 0.3448705098473409 0.6817399768299987
    outer loop
      vertex 19.04310417175293 -22.305194854736328 32.54680252075195
      vertex 18.646759033203125 -22.954187393188477 32.5
      vertex 26 -26 41
    endloop
  endfacet
  facet normal -0.6452100541568687 0.3448710988205073 0.6817388878545997
    outer loop
      vertex 18.646759033203125 -22.954187393188477 32.5
      vertex 19.04310417175293 -22.305194854736328 32.54680252075195
      vertex 19.007484436035156 -22.279315948486328 32.5
    endloop
  endfacet
  facet normal -0.46411859380298215 0.5655306734802106 0.6817396777651729
    outer loop
      vertex 20.277626037597656 -17.435863494873047 30
      vertex 19.378908157348633 -19.378908157348633 31
      vertex 20.797842025756836 -18.214420318603516 31
    endloop
  endfacet
  facet normal -0.46411942169242315 0.5655307385541366 0.6817390601676742
    outer loop
      vertex 19.378908157348633 -19.378908157348633 31
      vertex 20.277626037597656 -17.435863494873047 30
      vertex 18.716800689697266 -18.716800689697266 30
    endloop
  endfacet
  facet normal -0.46411866476826363 0.5655302582909344 0.6817399738691527
    outer loop
      vertex 21.57816505432129 -19.38225746154785 32.5
      vertex 20.372072219848633 -20.372072219848633 32.5
      vertex 26 -26 41
    endloop
  endfacet
  facet normal -0.6452091518489225 -0.34487138578327237 0.6817395966483975
    outer loop
      vertex 17.3491268157959 -29.58330726623535 31
      vertex 17.435863494873047 -31.722373962402344 30
      vertex 18.214420318603516 -31.202157974243164 31
    endloop
  endfacet
  facet normal -0.6452084171346181 -0.3448716245859532 0.6817401711899379
    outer loop
      vertex 17.435863494873047 -31.722373962402344 30
      vertex 17.3491268157959 -29.58330726623535 31
      vertex 16.484039306640625 -29.941638946533203 30
    endloop
  endfacet
  facet normal -0.645207936371825 -0.3448729153780207 0.681739973216677
    outer loop
      vertex 26 -26 41
      vertex 19.04310417175293 -29.694805145263672 32.54680252075195
      vertex 19.509532928466797 -30.336790084838867 32.663475036621094
    endloop
  endfacet
  facet normal -0.6452207708908804 -0.34487865056860484 0.6817249248728964
    outer loop
      vertex 19.04310417175293 -29.694805145263672 32.54680252075195
      vertex 18.646759033203125 -29.045812606811523 32.5
      vertex 19.00748634338379 -29.720684051513672 32.5
    endloop
  endfacet
  facet normal -0.6452092183388798 -0.3448705098473409 0.6817399768299987
    outer loop
      vertex 18.646759033203125 -29.045812606811523 32.5
      vertex 19.04310417175293 -29.694805145263672 32.54680252075195
      vertex 26 -26 41
    endloop
  endfacet
  facet normal -0.7280681879905866 0.0717062877002963 0.6817440296330773
    outer loop
      vertex 18.200000762939453 -24.900001525878906 32.55419921875
      vertex 18.19384002685547 -24.44725799560547 32.5
      vertex 18.149250030517578 -24.900001525878906 32.5
    endloop
  endfacet
  facet normal -0.7280721863141867 0.07170572914807676 0.6817398183493633
    outer loop
      vertex 18.200000762939453 -24.900001525878906 32.55419921875
      vertex 26 -26 41
      vertex 18.19384002685547 -24.44725799560547 32.5
    endloop
  endfacet
  facet normal -0.7280718042938719 0.07170896071966498 0.6817398864264665
    outer loop
      vertex 26 -26 41
      vertex 18.200000762939453 -24.900001525878906 32.55419921875
      vertex 18.200000762939453 -26 32.66990280151367
    endloop
  endfacet
  facet normal -0.728071998995898 0.07170872009626003 0.681739703802172
    outer loop
      vertex 15.699999809265137 -26 30
      vertex 16.816282272338867 -24.17324447631836 31
      vertex 15.897911071777344 -23.990570068359375 30
    endloop
  endfacet
  facet normal -0.7280716097743045 0.07170822627126645 0.6817401714184675
    outer loop
      vertex 16.816282272338867 -24.17324447631836 31
      vertex 15.699999809265137 -26 30
      vertex 16.636363983154297 -26 31
    endloop
  endfacet
  facet normal 0.21237046494704465 -0.7000918371312383 0.6817405703054379
    outer loop
      vertex 28.009429931640625 -36.102088928222656 30
      vertex 29.58330726623535 -34.65087127685547 31
      vertex 27.826753616333008 -35.1837158203125 31
    endloop
  endfacet
  facet normal 0.212370137990388 -0.7000916705790912 0.6817408431916933
    outer loop
      vertex 29.58330726623535 -34.65087127685547 31
      vertex 28.009429931640625 -36.102088928222656 30
      vertex 29.941638946533203 -35.515960693359375 30
    endloop
  endfacet
  facet normal 0.2123703354198802 -0.7000925237128195 0.6817399055908806
    outer loop
      vertex 28.994159698486328 -33.22854232788086 32.64414596557617
      vertex 26 -26 41
      vertex 27.532325744628906 -33.703521728515625 32.611759185791016
    endloop
  endfacet
  facet normal 0.6451984882988747 0.34486491675603154 0.6817529610406561
    outer loop
      vertex 32.95689392089844 -22.305194854736328 32.54680252075195
      vertex 33.353240966796875 -22.954187393188477 32.5
      vertex 32.992515563964844 -22.279315948486328 32.5
    endloop
  endfacet
  facet normal 0.6452091205334625 0.3448708477627508 0.6817398984538292
    outer loop
      vertex 26 -26 41
      vertex 32.95689392089844 -22.305194854736328 32.54680252075195
      vertex 32.4904670715332 -21.6632080078125 32.663475036621094
    endloop
  endfacet
  facet normal 0.6452085156810003 0.34487198273102226 0.6817398967494082
    outer loop
      vertex 32.95689392089844 -22.305194854736328 32.54680252075195
      vertex 26 -26 41
      vertex 33.353240966796875 -22.954187393188477 32.5
    endloop
  endfacet
  facet normal 0.6452081651596154 0.3448714899022972 0.6817404777948366
    outer loop
      vertex 34.56413650512695 -20.277626037597656 30
      vertex 34.65087127685547 -22.416690826416016 31
      vertex 35.515960693359375 -22.058361053466797 30
    endloop
  endfacet
  facet normal 0.645209311560507 0.3448711172889352 0.6817395813178946
    outer loop
      vertex 34.65087127685547 -22.416690826416016 31
      vertex 34.56413650512695 -20.277626037597656 30
      vertex 33.785579681396484 -20.797842025756836 31
    endloop
  endfacet
  facet normal -0.5655311395403817 0.464118976288321 0.6817390307582792
    outer loop
      vertex 18.716800689697266 -18.716800689697266 30
      vertex 18.214420318603516 -20.797842025756836 31
      vertex 19.378908157348633 -19.378908157348633 31
    endloop
  endfacet
  facet normal -0.5655303148631232 0.46411907397794055 0.6817396483560829
    outer loop
      vertex 18.214420318603516 -20.797842025756836 31
      vertex 18.716800689697266 -18.716800689697266 30
      vertex 17.435863494873047 -20.277626037597656 30
    endloop
  endfacet
  facet normal -0.5655355724882876 0.4641215125446333 0.6817336267514069
    outer loop
      vertex 20.372072219848633 -20.372072219848633 32.5
      vertex 20.279876708984375 -20.484413146972656 32.5
      vertex 20.336231231689453 -20.52535629272461 32.574623107910156
    endloop
  endfacet
  facet normal -0.5655266711369926 0.4641226492598659 0.6817402369500536
    outer loop
      vertex 20.336231231689453 -20.52535629272461 32.574623107910156
      vertex 26 -26 41
      vertex 20.372072219848633 -20.372072219848633 32.5
    endloop
  endfacet
  facet normal -0.5655308877176889 0.46411789015578736 0.6817399790789617
    outer loop
      vertex 26 -26 41
      vertex 20.336231231689453 -20.52535629272461 32.574623107910156
      vertex 19.509532928466797 -21.6632080078125 32.663475036621094
    endloop
  endfacet
  facet normal 0.7000918371312383 -0.21237046494704465 0.6817405703054379
    outer loop
      vertex 34.65087127685547 -29.58330726623535 31
      vertex 36.102088928222656 -28.009429931640625 30
      vertex 35.1837158203125 -27.826753616333008 31
    endloop
  endfacet
  facet normal 0.7000916705790912 -0.212370137990388 0.6817408431916933
    outer loop
      vertex 36.102088928222656 -28.009429931640625 30
      vertex 34.65087127685547 -29.58330726623535 31
      vertex 35.515960693359375 -29.941638946533203 30
    endloop
  endfacet
  facet normal 0.7000922400446787 -0.21237112377635817 0.6817399513122218
    outer loop
      vertex 33.80615997314453 -27.55274200439453 32.5
      vertex 26 -26 41
      vertex 33.353240966796875 -29.045812606811523 32.5
    endloop
  endfacet
  facet normal 0.0717197593119471 0.7280702326527397 0.6817404289384793
    outer loop
      vertex 27.36417007446289 -18.241840362548828 32.57109832763672
      vertex 26 -26 41
      vertex 27.532325744628906 -18.296478271484375 32.611759185791016
    endloop
  endfacet
  facet normal 0.0717080838589809 0.7280718006480625 0.681739982552264
    outer loop
      vertex 27.36417007446289 -18.241840362548828 32.57109832763672
      vertex 26 -18.040908813476562 32.5
      vertex 26 -26 41
    endloop
  endfacet
  facet normal 0.07170920993468359 0.7280773186862882 0.6817339710071142
    outer loop
      vertex 26 -18.040908813476562 32.5
      vertex 27.36417007446289 -18.241840362548828 32.57109832763672
      vertex 27.385129928588867 -18.177331924438477 32.5
    endloop
  endfacet
  facet normal 0.07170871340985632 0.728071931107595 0.6817397770075914
    outer loop
      vertex 26 -15.699999809265137 30
      vertex 27.826753616333008 -16.816282272338867 31
      vertex 28.009429931640625 -15.897911071777344 30
    endloop
  endfacet
  facet normal 0.07170830075820923 0.728071605865334 0.6817401677582478
    outer loop
      vertex 27.826753616333008 -16.816282272338867 31
      vertex 26 -15.699999809265137 30
      vertex 26 -16.636363983154297 31
    endloop
  endfacet
  facet normal 0.0717090909870769 -0.7280719108175339 0.6817397589610805
    outer loop
      vertex 26 -36.29999923706055 30
      vertex 27.826753616333008 -35.1837158203125 31
      vertex 26 -35.3636360168457 31
    endloop
  endfacet
  facet normal 0.07170830484202055 -0.7280712911968302 0.681740503382089
    outer loop
      vertex 27.826753616333008 -35.1837158203125 31
      vertex 26 -36.29999923706055 30
      vertex 28.009429931640625 -36.102088928222656 30
    endloop
  endfacet
  facet normal 0.0717197593119471 -0.7280702326527397 0.6817404289384793
    outer loop
      vertex 26 -26 41
      vertex 27.36417007446289 -33.75815963745117 32.57109832763672
      vertex 27.532325744628906 -33.703521728515625 32.611759185791016
    endloop
  endfacet
  facet normal 0.0717080838589809 -0.7280718006480625 0.681739982552264
    outer loop
      vertex 26 -33.95909118652344 32.5
      vertex 27.36417007446289 -33.75815963745117 32.57109832763672
      vertex 26 -26 41
    endloop
  endfacet
  facet normal 0.07171114778024523 -0.7280868145296613 0.6817236256666558
    outer loop
      vertex 27.36417007446289 -33.75815963745117 32.57109832763672
      vertex 26 -33.95909118652344 32.5
      vertex 27.385129928588867 -33.82266616821289 32.5
    endloop
  endfacet
  facet normal 0.46411869772073555 0.5655302984436397 0.6817399181273285
    outer loop
      vertex 30.421833038330078 -19.38225746154785 32.5
      vertex 26 -26 41
      vertex 31.627925872802734 -20.372072219848633 32.5
    endloop
  endfacet
  facet normal 0.46411914159595435 0.5655303972558512 0.6817395339745772
    outer loop
      vertex 31.722373962402344 -17.435863494873047 30
      vertex 32.621089935302734 -19.378908157348633 31
      vertex 33.283199310302734 -18.716800689697266 30
    endloop
  endfacet
  facet normal 0.46411898060101964 0.565530384601395 0.6817396540751232
    outer loop
      vertex 32.621089935302734 -19.378908157348633 31
      vertex 31.722373962402344 -17.435863494873047 30
      vertex 31.202157974243164 -18.214420318603516 31
    endloop
  endfacet
  facet normal -0.7000925012312936 0.21237038996556537 0.6817399116859632
    outer loop
      vertex 15.897911071777344 -23.990570068359375 30
      vertex 17.3491268157959 -22.416690826416016 31
      vertex 16.484039306640625 -22.058361053466797 30
    endloop
  endfacet
  facet normal -0.7000926677837552 0.21237071692264534 0.6817396387985564
    outer loop
      vertex 17.3491268157959 -22.416690826416016 31
      vertex 15.897911071777344 -23.990570068359375 30
      vertex 16.816282272338867 -24.17324447631836 31
    endloop
  endfacet
  facet normal -0.7000922400446787 0.21237112377635817 0.6817399513122218
    outer loop
      vertex 18.646759033203125 -22.954187393188477 32.5
      vertex 18.19384002685547 -24.44725799560547 32.5
      vertex 26 -26 41
    endloop
  endfacet
  facet normal -0.3448725134148487 0.6452082328578002 0.6817398959599179
    outer loop
      vertex 22.543506622314453 -18.92167854309082 32.55243682861328
      vertex 26 -26 41
      vertex 23.00583839416504 -18.77145767211914 32.64414596557617
    endloop
  endfacet
  facet normal -0.34487069678213983 0.6452091644647822 0.681739933252893
    outer loop
      vertex 22.543506622314453 -18.92167854309082 32.55243682861328
      vertex 21.57816505432129 -19.38225746154785 32.5
      vertex 26 -26 41
    endloop
  endfacet
  facet normal -0.3448708163865238 0.6452094531402561 0.681739599541749
    outer loop
      vertex 21.57816505432129 -19.38225746154785 32.5
      vertex 22.543506622314453 -18.92167854309082 32.55243682861328
      vertex 22.528167724609375 -18.87447166442871 32.5
    endloop
  endfacet
  facet normal -0.34487159981067206 0.6452087920727704 0.6817398288761076
    outer loop
      vertex 22.058361053466797 -16.484039306640625 30
      vertex 20.797842025756836 -18.214420318603516 31
      vertex 22.416690826416016 -17.3491268157959 31
    endloop
  endfacet
  facet normal -0.34487186494879407 0.6452088668211594 0.681739624007653
    outer loop
      vertex 20.797842025756836 -18.214420318603516 31
      vertex 22.058361053466797 -16.484039306640625 30
      vertex 20.277626037597656 -17.435863494873047 30
    endloop
  endfacet
  facet normal -0.21237071692264534 0.7000926677837552 0.6817396387985564
    outer loop
      vertex 23.990570068359375 -15.897911071777344 30
      vertex 22.416690826416016 -17.3491268157959 31
      vertex 24.17324447631836 -16.816282272338867 31
    endloop
  endfacet
  facet normal -0.21237038996556537 0.7000925012312936 0.6817399116859632
    outer loop
      vertex 22.416690826416016 -17.3491268157959 31
      vertex 23.990570068359375 -15.897911071777344 30
      vertex 22.058361053466797 -16.484039306640625 30
    endloop
  endfacet
  facet normal -0.21237007918975773 0.7000925888062549 0.6817399185638845
    outer loop
      vertex 24.467674255371094 -18.296478271484375 32.611759185791016
      vertex 23.00583839416504 -18.77145767211914 32.64414596557617
      vertex 26 -26 41
    endloop
  endfacet
  facet normal 0.5655310211442082 0.46412737907381674 0.6817334083919161
    outer loop
      vertex 31.720123291015625 -20.484413146972656 32.5
      vertex 31.627925872802734 -20.372072219848633 32.5
      vertex 31.663768768310547 -20.52535629272461 32.574623107910156
    endloop
  endfacet
  facet normal 0.5655308877176889 0.46411789015578736 0.6817399790789617
    outer loop
      vertex 31.663768768310547 -20.52535629272461 32.574623107910156
      vertex 26 -26 41
      vertex 32.4904670715332 -21.6632080078125 32.663475036621094
    endloop
  endfacet
  facet normal 0.5655213909615958 0.4641286087423544 0.6817405598259125
    outer loop
      vertex 26 -26 41
      vertex 31.663768768310547 -20.52535629272461 32.574623107910156
      vertex 31.627925872802734 -20.372072219848633 32.5
    endloop
  endfacet
  facet normal 0.5655303148631232 0.46411907397794055 0.6817396483560829
    outer loop
      vertex 33.283199310302734 -18.716800689697266 30
      vertex 33.785579681396484 -20.797842025756836 31
      vertex 34.56413650512695 -20.277626037597656 30
    endloop
  endfacet
  facet normal 0.5655303300805037 0.46411907217532533 0.6817396369598527
    outer loop
      vertex 33.785579681396484 -20.797842025756836 31
      vertex 33.283199310302734 -18.716800689697266 30
      vertex 32.621089935302734 -19.378908157348633 31
    endloop
  endfacet
  facet normal 0.212370331319797 0.7000923079017873 0.6817401284887582
    outer loop
      vertex 28.009429931640625 -15.897911071777344 30
      vertex 29.58330726623535 -17.3491268157959 31
      vertex 29.941638946533203 -16.484039306640625 30
    endloop
  endfacet
  facet normal 0.2123706582767199 0.7000924744539827 0.681739855601836
    outer loop
      vertex 29.58330726623535 -17.3491268157959 31
      vertex 28.009429931640625 -15.897911071777344 30
      vertex 27.826753616333008 -16.816282272338867 31
    endloop
  endfacet
  facet normal 0.2123703354198802 0.7000925237128195 0.6817399055908806
    outer loop
      vertex 27.532325744628906 -18.296478271484375 32.611759185791016
      vertex 26 -26 41
      vertex 28.994159698486328 -18.77145767211914 32.64414596557617
    endloop
  endfacet
  facet normal -0.5655304752334305 -0.46411905498083905 0.6817395282554349
    outer loop
      vertex 18.214420318603516 -31.202157974243164 31
      vertex 18.716800689697266 -33.283199310302734 30
      vertex 19.378908157348633 -32.621089935302734 31
    endloop
  endfacet
  facet normal -0.5655303148631232 -0.46411907397794055 0.6817396483560829
    outer loop
      vertex 18.716800689697266 -33.283199310302734 30
      vertex 18.214420318603516 -31.202157974243164 31
      vertex 17.435863494873047 -31.722373962402344 30
    endloop
  endfacet
  facet normal -0.5655223376610816 -0.464127540252884 0.6817405019398166
    outer loop
      vertex 26 -26 41
      vertex 20.336231231689453 -31.47464370727539 32.574623107910156
      vertex 20.372072219848633 -31.627925872802734 32.5
    endloop
  endfacet
  facet normal -0.5655313081517477 -0.46411741562442926 0.6817399533651183
    outer loop
      vertex 20.336231231689453 -31.47464370727539 32.574623107910156
      vertex 26 -26 41
      vertex 19.509532928466797 -30.336790084838867 32.663475036621094
    endloop
  endfacet
  facet normal -0.5655318372425915 -0.4641263271553388 0.6817334475484641
    outer loop
      vertex 20.372072219848633 -31.627925872802734 32.5
      vertex 20.336231231689453 -31.47464370727539 32.574623107910156
      vertex 20.279876708984375 -31.515586853027344 32.5
    endloop
  endfacet
  facet normal -0.728071605865334 -0.07170830075820923 0.6817401677582478
    outer loop
      vertex 15.699999809265137 -26 30
      vertex 16.816282272338867 -27.826753616333008 31
      vertex 16.636363983154297 -26 31
    endloop
  endfacet
  facet normal -0.728071931107595 -0.07170871340985632 0.6817397770075914
    outer loop
      vertex 16.816282272338867 -27.826753616333008 31
      vertex 15.699999809265137 -26 30
      vertex 15.897911071777344 -28.009429931640625 30
    endloop
  endfacet
  facet normal -0.7280718042938719 -0.07170896071966498 0.6817398864264665
    outer loop
      vertex 18.200000762939453 -27.099998474121094 32.55419921875
      vertex 26 -26 41
      vertex 18.200000762939453 -26 32.66990280151367
    endloop
  endfacet
  facet normal -0.7280721863141867 -0.07170572914807676 0.6817398183493633
    outer loop
      vertex 26 -26 41
      vertex 18.200000762939453 -27.099998474121094 32.55419921875
      vertex 18.19384002685547 -27.55274200439453 32.5
    endloop
  endfacet
  facet normal -0.7280681879905866 -0.0717062877002963 0.6817440296330773
    outer loop
      vertex 18.149250030517578 -27.099998474121094 32.5
      vertex 18.19384002685547 -27.55274200439453 32.5
      vertex 18.200000762939453 -27.099998474121094 32.55419921875
    endloop
  endfacet
  facet normal 0.46411880029786273 -0.5655299813832271 0.6817401113083779
    outer loop
      vertex 32.621089935302734 -32.621089935302734 31
      vertex 31.722373962402344 -34.56413650512695 30
      vertex 33.283199310302734 -33.283199310302734 30
    endloop
  endfacet
  facet normal 0.4641194519155535 -0.5655300326014299 0.6817396252085042
    outer loop
      vertex 31.722373962402344 -34.56413650512695 30
      vertex 32.621089935302734 -32.621089935302734 31
      vertex 31.202157974243164 -33.785579681396484 31
    endloop
  endfacet
  facet normal 0.4641187378734433 -0.5655303473698582 0.6817398502056994
    outer loop
      vertex 31.627925872802734 -31.627925872802734 32.5
      vertex 26 -26 41
      vertex 30.421833038330078 -32.617740631103516 32.5
    endloop
  endfacet
  facet normal 0.5655300197960397 -0.46411910173289234 0.6817398742307392
    outer loop
      vertex 31.663768768310547 -31.47464370727539 32.57461929321289
      vertex 26 -26 41
      vertex 31.627925872802734 -31.627925872802734 32.5
    endloop
  endfacet
  facet normal 0.5655302050356398 -0.46411889265899736 0.6817398629017768
    outer loop
      vertex 26 -26 41
      vertex 31.663768768310547 -31.47464370727539 32.57461929321289
      vertex 32.4904670715332 -30.336790084838867 32.663475036621094
    endloop
  endfacet
  facet normal 0.5655138493278087 -0.46412116623327815 0.6817518824856343
    outer loop
      vertex 31.720123291015625 -31.515586853027344 32.5
      vertex 31.663768768310547 -31.47464370727539 32.57461929321289
      vertex 31.627925872802734 -31.627925872802734 32.5
    endloop
  endfacet
  facet normal 0.5655303148631232 -0.46411907397794055 0.6817396483560829
    outer loop
      vertex 33.785579681396484 -31.202157974243164 31
      vertex 33.283199310302734 -33.283199310302734 30
      vertex 34.56413650512695 -31.722373962402344 30
    endloop
  endfacet
  facet normal 0.5655296657738871 -0.46411915086735395 0.6817401344558217
    outer loop
      vertex 33.283199310302734 -33.283199310302734 30
      vertex 33.785579681396484 -31.202157974243164 31
      vertex 32.621089935302734 -32.621089935302734 31
    endloop
  endfacet
  facet normal 0.7000918639084481 0.21237019663611104 0.6817406263894902
    outer loop
      vertex 34.65087127685547 -22.416690826416016 31
      vertex 36.102088928222656 -23.990570068359375 30
      vertex 35.515960693359375 -22.058361053466797 30
    endloop
  endfacet
  facet normal 0.7000920304608615 0.21237052359292477 0.6817403535027503
    outer loop
      vertex 36.102088928222656 -23.990570068359375 30
      vertex 34.65087127685547 -22.416690826416016 31
      vertex 35.1837158203125 -24.17324447631836 31
    endloop
  endfacet
  facet normal 0.7000922400446787 0.21237112377635817 0.6817399513122218
    outer loop
      vertex 33.353240966796875 -22.954187393188477 32.5
      vertex 26 -26 41
      vertex 33.80615997314453 -24.44725799560547 32.5
    endloop
  endfacet
  facet normal 0.6452078758211136 -0.34487133524740343 0.6817408298635778
    outer loop
      vertex 34.65087127685547 -29.58330726623535 31
      vertex 34.56413650512695 -31.722373962402344 30
      vertex 35.515960693359375 -29.941638946533203 30
    endloop
  endfacet
  facet normal 0.6452094949534939 -0.34487080898314676 0.6817395637141554
    outer loop
      vertex 34.56413650512695 -31.722373962402344 30
      vertex 34.65087127685547 -29.58330726623535 31
      vertex 33.785579681396484 -31.202157974243164 31
    endloop
  endfacet
  facet normal 0.6451740446149803 -0.3448518513673731 0.68178270201263
    outer loop
      vertex 33.353240966796875 -29.045812606811523 32.5
      vertex 32.95689392089844 -29.694805145263672 32.54679870605469
      vertex 32.992515563964844 -29.720684051513672 32.5
    endloop
  endfacet
  facet normal 0.6452070307932916 -0.34487509527905813 0.6817397275142217
    outer loop
      vertex 26 -26 41
      vertex 32.95689392089844 -29.694805145263672 32.54679870605469
      vertex 33.353240966796875 -29.045812606811523 32.5
    endloop
  endfacet
  facet normal 0.6452103972318627 -0.3448687783707682 0.6817397370030267
    outer loop
      vertex 32.95689392089844 -29.694805145263672 32.54679870605469
      vertex 26 -26 41
      vertex 32.4904670715332 -30.336790084838867 32.663475036621094
    endloop
  endfacet
  facet normal -0.0717083115283552 -0.7280713590847592 0.6817404301772223
    outer loop
      vertex 26 -36.29999923706055 30
      vertex 24.17324447631836 -35.1837158203125 31
      vertex 23.990570068359375 -36.102088928222656 30
    endloop
  endfacet
  facet normal -0.07170901649932176 -0.728071914726592 0.6817397626213788
    outer loop
      vertex 24.17324447631836 -35.1837158203125 31
      vertex 26 -36.29999923706055 30
      vertex 26 -35.3636360168457 31
    endloop
  endfacet
  facet normal -0.0717197593119471 -0.7280702326527397 0.6817404289384793
    outer loop
      vertex 24.63582992553711 -33.75815963745117 32.57109832763672
      vertex 26 -26 41
      vertex 24.467674255371094 -33.703521728515625 32.611759185791016
    endloop
  endfacet
  facet normal -0.0717080838589809 -0.7280718006480625 0.681739982552264
    outer loop
      vertex 24.63582992553711 -33.75815963745117 32.57109832763672
      vertex 26 -33.95909118652344 32.5
      vertex 26 -26 41
    endloop
  endfacet
  facet normal -0.07171114778024523 -0.7280868145296613 0.6817236256666558
    outer loop
      vertex 26 -33.95909118652344 32.5
      vertex 24.63582992553711 -33.75815963745117 32.57109832763672
      vertex 24.614870071411133 -33.82266616821289 32.5
    endloop
  endfacet
  facet normal -0.21237007918975773 -0.7000925888062549 0.6817399185638845
    outer loop
      vertex 26 -26 41
      vertex 23.00583839416504 -33.22854232788086 32.64414596557617
      vertex 24.467674255371094 -33.703521728515625 32.611759185791016
    endloop
  endfacet
  facet normal -0.21237019663611104 -0.7000918639084481 0.6817406263894902
    outer loop
      vertex 23.990570068359375 -36.102088928222656 30
      vertex 22.416690826416016 -34.65087127685547 31
      vertex 22.058361053466797 -35.515960693359375 30
    endloop
  endfacet
  facet normal -0.21237052359292477 -0.7000920304608615 0.6817403535027503
    outer loop
      vertex 22.416690826416016 -34.65087127685547 31
      vertex 23.990570068359375 -36.102088928222656 30
      vertex 24.17324447631836 -35.1837158203125 31
    endloop
  endfacet
  facet normal -0.3448702301525372 -0.6452093221175431 0.681740020100886
    outer loop
      vertex 26 -26 41
      vertex 22.543506622314453 -33.07832336425781 32.55243682861328
      vertex 23.00583839416504 -33.22854232788086 32.64414596557617
    endloop
  endfacet
  facet normal -0.344872920870538 -0.645208543288434 0.681739396043562
    outer loop
      vertex 22.543506622314453 -33.07832336425781 32.55243682861328
      vertex 21.57816505432129 -32.617740631103516 32.5
      vertex 22.528167724609375 -33.12553024291992 32.5
    endloop
  endfacet
  facet normal -0.3448727154885847 -0.6452080475860215 0.6817399690804141
    outer loop
      vertex 21.57816505432129 -32.617740631103516 32.5
      vertex 22.543506622314453 -33.07832336425781 32.55243682861328
      vertex 26 -26 41
    endloop
  endfacet
  facet normal -0.3448707047381342 -0.6452085397312498 0.681740520485097
    outer loop
      vertex 20.797842025756836 -33.785579681396484 31
      vertex 22.058361053466797 -35.515960693359375 30
      vertex 22.416690826416016 -34.65087127685547 31
    endloop
  endfacet
  facet normal -0.34487186494879407 -0.6452088668211594 0.681739624007653
    outer loop
      vertex 22.058361053466797 -35.515960693359375 30
      vertex 20.797842025756836 -33.785579681396484 31
      vertex 20.277626037597656 -34.56413650512695 30
    endloop
  endfacet
  facet normal -0.46411870492096907 -0.56553030721715 0.6817399059475382
    outer loop
      vertex 26 -26 41
      vertex 20.372072219848633 -31.627925872802734 32.5
      vertex 21.57816505432129 -32.617740631103516 32.5
    endloop
  endfacet
  facet normal -0.4641190651174962 -0.56553032148052 0.6817396488987575
    outer loop
      vertex 19.378908157348633 -32.621089935302734 31
      vertex 20.277626037597656 -34.56413650512695 30
      vertex 20.797842025756836 -33.785579681396484 31
    endloop
  endfacet
  facet normal -0.4641190803941568 -0.5655303226812995 0.68173963750252
    outer loop
      vertex 20.277626037597656 -34.56413650512695 30
      vertex 19.378908157348633 -32.621089935302734 31
      vertex 18.716800689697266 -33.283199310302734 30
    endloop
  endfacet
  facet normal 0 0 -1
    outer loop
      vertex 34.5 -26 30
      vertex 36.29999923706055 -26 30
      vertex 36.102088928222656 -28.009429931640625 30
    endloop
  endfacet
  facet normal 0 0 -1
    outer loop
      vertex 34.336673736572266 -27.658267974853516 30
      vertex 36.102088928222656 -28.009429931640625 30
      vertex 35.515960693359375 -29.941638946533203 30
    endloop
  endfacet
  facet normal 0 0 -1
    outer loop
      vertex 36.29999923706055 -26 30
      vertex 34.5 -26 30
      vertex 36.102088928222656 -23.990570068359375 30
    endloop
  endfacet
  facet normal 0 0 -1
    outer loop
      vertex 33.85297393798828 -29.2528076171875 30
      vertex 35.515960693359375 -29.941638946533203 30
      vertex 34.56413650512695 -31.722373962402344 30
    endloop
  endfacet
  facet normal 0 0 -1
    outer loop
      vertex 34.336673736572266 -24.341732025146484 30
      vertex 36.102088928222656 -23.990570068359375 30
      vertex 34.5 -26 30
    endloop
  endfacet
  facet normal 0 0 -1
    outer loop
      vertex 36.102088928222656 -23.990570068359375 30
      vertex 34.336673736572266 -24.341732025146484 30
      vertex 35.515960693359375 -22.058361053466797 30
    endloop
  endfacet
  facet normal 0 0 -1
    outer loop
      vertex 36.102088928222656 -28.009429931640625 30
      vertex 34.336673736572266 -27.658267974853516 30
      vertex 34.5 -26 30
    endloop
  endfacet
  facet normal 0 0 -1
    outer loop
      vertex 35.515960693359375 -29.941638946533203 30
      vertex 33.85297393798828 -29.2528076171875 30
      vertex 34.336673736572266 -27.658267974853516 30
    endloop
  endfacet
  facet normal 0 0 -1
    outer loop
      vertex 33.06748962402344 -30.722347259521484 30
      vertex 34.56413650512695 -31.722373962402344 30
      vertex 33.283199310302734 -33.283199310302734 30
    endloop
  endfacet
  facet normal 0 0 -1
    outer loop
      vertex 34.56413650512695 -31.722373962402344 30
      vertex 33.06748962402344 -30.722347259521484 30
      vertex 33.85297393798828 -29.2528076171875 30
    endloop
  endfacet
  facet normal 0 0 -1
    outer loop
      vertex 33.283199310302734 -33.283199310302734 30
      vertex 32.010406494140625 -32.010406494140625 30
      vertex 33.06748962402344 -30.722347259521484 30
    endloop
  endfacet
  facet normal 0 0 -1
    outer loop
      vertex 31.722373962402344 -34.56413650512695 30
      vertex 32.010406494140625 -32.010406494140625 30
      vertex 33.283199310302734 -33.283199310302734 30
    endloop
  endfacet
  facet normal 0 0 -1
    outer loop
      vertex 31.722373962402344 -34.56413650512695 30
      vertex 30.722347259521484 -33.06748962402344 30
      vertex 32.010406494140625 -32.010406494140625 30
    endloop
  endfacet
  facet normal 0 0 -1
    outer loop
      vertex 29.941638946533203 -35.515960693359375 30
      vertex 30.722347259521484 -33.06748962402344 30
      vertex 31.722373962402344 -34.56413650512695 30
    endloop
  endfacet
  facet normal 0 0 -1
    outer loop
      vertex 29.941638946533203 -35.515960693359375 30
      vertex 29.2528076171875 -33.85297393798828 30
      vertex 30.722347259521484 -33.06748962402344 30
    endloop
  endfacet
  facet normal 0 0 -1
    outer loop
      vertex 28.009429931640625 -36.102088928222656 30
      vertex 29.2528076171875 -33.85297393798828 30
      vertex 29.941638946533203 -35.515960693359375 30
    endloop
  endfacet
  facet normal 0 0 -1
    outer loop
      vertex 28.009429931640625 -36.102088928222656 30
      vertex 27.658267974853516 -34.336673736572266 30
      vertex 29.2528076171875 -33.85297393798828 30
    endloop
  endfacet
  facet normal 0 0 -1
    outer loop
      vertex 26 -36.29999923706055 30
      vertex 27.658267974853516 -34.336673736572266 30
      vertex 28.009429931640625 -36.102088928222656 30
    endloop
  endfacet
  facet normal 0 0 -1
    outer loop
      vertex 26 -36.29999923706055 30
      vertex 26 -34.5 30
      vertex 27.658267974853516 -34.336673736572266 30
    endloop
  endfacet
  facet normal 0 0 -1
    outer loop
      vertex 26 -36.29999923706055 30
      vertex 24.341732025146484 -34.336673736572266 30
      vertex 26 -34.5 30
    endloop
  endfacet
  facet normal 0 0 -1
    outer loop
      vertex 23.990570068359375 -36.102088928222656 30
      vertex 24.341732025146484 -34.336673736572266 30
      vertex 26 -36.29999923706055 30
    endloop
  endfacet
  facet normal 0 0 -1
    outer loop
      vertex 23.990570068359375 -36.102088928222656 30
      vertex 22.7471923828125 -33.85297393798828 30
      vertex 24.341732025146484 -34.336673736572266 30
    endloop
  endfacet
  facet normal 0 0 -1
    outer loop
      vertex 22.058361053466797 -35.515960693359375 30
      vertex 22.7471923828125 -33.85297393798828 30
      vertex 23.990570068359375 -36.102088928222656 30
    endloop
  endfacet
  facet normal 0 0 -1
    outer loop
      vertex 22.058361053466797 -35.515960693359375 30
      vertex 21.277652740478516 -33.06748962402344 30
      vertex 22.7471923828125 -33.85297393798828 30
    endloop
  endfacet
  facet normal 0 0 -1
    outer loop
      vertex 20.277626037597656 -34.56413650512695 30
      vertex 21.277652740478516 -33.06748962402344 30
      vertex 22.058361053466797 -35.515960693359375 30
    endloop
  endfacet
  facet normal 0 0 -1
    outer loop
      vertex 20.277626037597656 -34.56413650512695 30
      vertex 19.989593505859375 -32.010406494140625 30
      vertex 21.277652740478516 -33.06748962402344 30
    endloop
  endfacet
  facet normal 0 0 -1
    outer loop
      vertex 18.716800689697266 -33.283199310302734 30
      vertex 19.989593505859375 -32.010406494140625 30
      vertex 20.277626037597656 -34.56413650512695 30
    endloop
  endfacet
  facet normal 0 0 -1
    outer loop
      vertex 19.989593505859375 -32.010406494140625 30
      vertex 18.716800689697266 -33.283199310302734 30
      vertex 18.93250846862793 -30.722347259521484 30
    endloop
  endfacet
  facet normal 0 0 -1
    outer loop
      vertex 17.435863494873047 -31.722373962402344 30
      vertex 18.93250846862793 -30.722347259521484 30
      vertex 18.716800689697266 -33.283199310302734 30
    endloop
  endfacet
  facet normal 0 0 -1
    outer loop
      vertex 18.93250846862793 -30.722347259521484 30
      vertex 17.435863494873047 -31.722373962402344 30
      vertex 18.147024154663086 -29.2528076171875 30
    endloop
  endfacet
  facet normal 0 0 -1
    outer loop
      vertex 18.147024154663086 -29.2528076171875 30
      vertex 16.484039306640625 -29.941638946533203 30
      vertex 17.663326263427734 -27.658267974853516 30
    endloop
  endfacet
  facet normal 0 0 -1
    outer loop
      vertex 16.484039306640625 -29.941638946533203 30
      vertex 18.147024154663086 -29.2528076171875 30
      vertex 17.435863494873047 -31.722373962402344 30
    endloop
  endfacet
  facet normal 0 0 -1
    outer loop
      vertex 33.85297393798828 -22.7471923828125 30
      vertex 35.515960693359375 -22.058361053466797 30
      vertex 34.336673736572266 -24.341732025146484 30
    endloop
  endfacet
  facet normal 0 0 -1
    outer loop
      vertex 35.515960693359375 -22.058361053466797 30
      vertex 33.85297393798828 -22.7471923828125 30
      vertex 34.56413650512695 -20.277626037597656 30
    endloop
  endfacet
  facet normal 0 0 -1
    outer loop
      vertex 33.06748962402344 -21.277652740478516 30
      vertex 34.56413650512695 -20.277626037597656 30
      vertex 33.85297393798828 -22.7471923828125 30
    endloop
  endfacet
  facet normal 0 0 -1
    outer loop
      vertex 34.56413650512695 -20.277626037597656 30
      vertex 33.06748962402344 -21.277652740478516 30
      vertex 33.283199310302734 -18.716800689697266 30
    endloop
  endfacet
  facet normal 0 0 -1
    outer loop
      vertex 32.010406494140625 -19.989593505859375 30
      vertex 33.283199310302734 -18.716800689697266 30
      vertex 33.06748962402344 -21.277652740478516 30
    endloop
  endfacet
  facet normal 0 0 -1
    outer loop
      vertex 32.010406494140625 -19.989593505859375 30
      vertex 31.722373962402344 -17.435863494873047 30
      vertex 33.283199310302734 -18.716800689697266 30
    endloop
  endfacet
  facet normal 0 0 -1
    outer loop
      vertex 30.722347259521484 -18.93250846862793 30
      vertex 31.722373962402344 -17.435863494873047 30
      vertex 32.010406494140625 -19.989593505859375 30
    endloop
  endfacet
  facet normal 0 0 -1
    outer loop
      vertex 30.722347259521484 -18.93250846862793 30
      vertex 29.941638946533203 -16.484039306640625 30
      vertex 31.722373962402344 -17.435863494873047 30
    endloop
  endfacet
  facet normal 0 0 -1
    outer loop
      vertex 29.2528076171875 -18.147024154663086 30
      vertex 29.941638946533203 -16.484039306640625 30
      vertex 30.722347259521484 -18.93250846862793 30
    endloop
  endfacet
  facet normal 0 0 -1
    outer loop
      vertex 29.2528076171875 -18.147024154663086 30
      vertex 28.009429931640625 -15.897911071777344 30
      vertex 29.941638946533203 -16.484039306640625 30
    endloop
  endfacet
  facet normal 0 0 -1
    outer loop
      vertex 27.658267974853516 -17.663326263427734 30
      vertex 28.009429931640625 -15.897911071777344 30
      vertex 29.2528076171875 -18.147024154663086 30
    endloop
  endfacet
  facet normal 0 0 -1
    outer loop
      vertex 26 -17.5 30
      vertex 28.009429931640625 -15.897911071777344 30
      vertex 27.658267974853516 -17.663326263427734 30
    endloop
  endfacet
  facet normal 0 0 -1
    outer loop
      vertex 26 -17.5 30
      vertex 26 -15.699999809265137 30
      vertex 28.009429931640625 -15.897911071777344 30
    endloop
  endfacet
  facet normal 0 0 -1
    outer loop
      vertex 24.341732025146484 -17.663326263427734 30
      vertex 26 -15.699999809265137 30
      vertex 26 -17.5 30
    endloop
  endfacet
  facet normal 0 0 -1
    outer loop
      vertex 24.341732025146484 -17.663326263427734 30
      vertex 23.990570068359375 -15.897911071777344 30
      vertex 26 -15.699999809265137 30
    endloop
  endfacet
  facet normal 0 0 -1
    outer loop
      vertex 22.7471923828125 -18.147024154663086 30
      vertex 23.990570068359375 -15.897911071777344 30
      vertex 24.341732025146484 -17.663326263427734 30
    endloop
  endfacet
  facet normal 0 0 -1
    outer loop
      vertex 22.7471923828125 -18.147024154663086 30
      vertex 22.058361053466797 -16.484039306640625 30
      vertex 23.990570068359375 -15.897911071777344 30
    endloop
  endfacet
  facet normal 0 0 -1
    outer loop
      vertex 21.277652740478516 -18.93250846862793 30
      vertex 22.058361053466797 -16.484039306640625 30
      vertex 22.7471923828125 -18.147024154663086 30
    endloop
  endfacet
  facet normal 0 0 -1
    outer loop
      vertex 21.277652740478516 -18.93250846862793 30
      vertex 20.277626037597656 -17.435863494873047 30
      vertex 22.058361053466797 -16.484039306640625 30
    endloop
  endfacet
  facet normal 0 0 -1
    outer loop
      vertex 19.989593505859375 -19.989593505859375 30
      vertex 20.277626037597656 -17.435863494873047 30
      vertex 21.277652740478516 -18.93250846862793 30
    endloop
  endfacet
  facet normal 0 0 -1
    outer loop
      vertex 18.716800689697266 -18.716800689697266 30
      vertex 19.989593505859375 -19.989593505859375 30
      vertex 18.93250846862793 -21.277652740478516 30
    endloop
  endfacet
  facet normal 0 0 -1
    outer loop
      vertex 19.989593505859375 -19.989593505859375 30
      vertex 18.716800689697266 -18.716800689697266 30
      vertex 20.277626037597656 -17.435863494873047 30
    endloop
  endfacet
  facet normal 0 0 -1
    outer loop
      vertex 17.435863494873047 -20.277626037597656 30
      vertex 18.93250846862793 -21.277652740478516 30
      vertex 18.147024154663086 -22.7471923828125 30
    endloop
  endfacet
  facet normal 0 0 -1
    outer loop
      vertex 16.484039306640625 -22.058361053466797 30
      vertex 18.147024154663086 -22.7471923828125 30
      vertex 17.663326263427734 -24.341732025146484 30
    endloop
  endfacet
  facet normal 0 0 -1
    outer loop
      vertex 18.93250846862793 -21.277652740478516 30
      vertex 17.435863494873047 -20.277626037597656 30
      vertex 18.716800689697266 -18.716800689697266 30
    endloop
  endfacet
  facet normal 0 0 -1
    outer loop
      vertex 15.897911071777344 -23.990570068359375 30
      vertex 17.663326263427734 -24.341732025146484 30
      vertex 17.5 -26 30
    endloop
  endfacet
  facet normal 0 0 -1
    outer loop
      vertex 15.897911071777344 -28.009429931640625 30
      vertex 17.663326263427734 -27.658267974853516 30
      vertex 16.484039306640625 -29.941638946533203 30
    endloop
  endfacet
  facet normal 0 0 -1
    outer loop
      vertex 17.663326263427734 -27.658267974853516 30
      vertex 15.897911071777344 -28.009429931640625 30
      vertex 17.5 -26 30
    endloop
  endfacet
  facet normal 0 0 -1
    outer loop
      vertex 18.147024154663086 -22.7471923828125 30
      vertex 16.484039306640625 -22.058361053466797 30
      vertex 17.435863494873047 -20.277626037597656 30
    endloop
  endfacet
  facet normal 0 0 -1
    outer loop
      vertex 15.699999809265137 -26 30
      vertex 17.5 -26 30
      vertex 15.897911071777344 -28.009429931640625 30
    endloop
  endfacet
  facet normal 0 0 -1
    outer loop
      vertex 17.663326263427734 -24.341732025146484 30
      vertex 15.897911071777344 -23.990570068359375 30
      vertex 16.484039306640625 -22.058361053466797 30
    endloop
  endfacet
  facet normal 0 0 -1
    outer loop
      vertex 17.5 -26 30
      vertex 15.699999809265137 -26 30
      vertex 15.897911071777344 -23.990570068359375 30
    endloop
  endfacet
  facet normal 0.7280719108175339 0.0717090909870769 0.6817397589610805
    outer loop
      vertex 36.29999923706055 26 30
      vertex 35.1837158203125 27.826753616333008 31
      vertex 35.3636360168457 26 31
    endloop
  endfacet
  facet normal 0.7280712911968302 0.07170830484202055 0.681740503382089
    outer loop
      vertex 35.1837158203125 27.826753616333008 31
      vertex 36.29999923706055 26 30
      vertex 36.102088928222656 28.009429931640625 30
    endloop
  endfacet
  facet normal 0.7280721863141867 0.07170572914807676 0.6817398183493633
    outer loop
      vertex 26 26 41
      vertex 33.79999923706055 27.099998474121094 32.55419921875
      vertex 33.80615997314453 27.55274200439453 32.5
    endloop
  endfacet
  facet normal 0.7280718042938719 0.07170896071966498 0.6817398864264665
    outer loop
      vertex 33.79999923706055 27.099998474121094 32.55419921875
      vertex 26 26 41
      vertex 33.79999923706055 26 32.66990280151367
    endloop
  endfacet
  facet normal 0.7280681879905866 0.0717062877002963 0.6817440296330773
    outer loop
      vertex 33.80615997314453 27.55274200439453 32.5
      vertex 33.79999923706055 27.099998474121094 32.55419921875
      vertex 33.85074996948242 27.099998474121094 32.5
    endloop
  endfacet
  facet normal 0.212370137990388 0.7000916705790912 0.6817408431916933
    outer loop
      vertex 28.009429931640625 36.102088928222656 30
      vertex 29.58330726623535 34.65087127685547 31
      vertex 29.941638946533203 35.515960693359375 30
    endloop
  endfacet
  facet normal 0.21237046494704465 0.7000918371312383 0.6817405703054379
    outer loop
      vertex 29.58330726623535 34.65087127685547 31
      vertex 28.009429931640625 36.102088928222656 30
      vertex 27.826753616333008 35.1837158203125 31
    endloop
  endfacet
  facet normal 0.2123703354198802 0.7000925237128195 0.6817399055908806
    outer loop
      vertex 27.532325744628906 33.703521728515625 32.611759185791016
      vertex 26 26 41
      vertex 28.994159698486328 33.22854232788086 32.64414596557617
    endloop
  endfacet
  facet normal 0.728071914726592 -0.07170901649932176 0.6817397626213788
    outer loop
      vertex 35.1837158203125 24.17324447631836 31
      vertex 36.29999923706055 26 30
      vertex 35.3636360168457 26 31
    endloop
  endfacet
  facet normal 0.7280713590847592 -0.0717083115283552 0.6817404301772223
    outer loop
      vertex 36.29999923706055 26 30
      vertex 35.1837158203125 24.17324447631836 31
      vertex 36.102088928222656 23.990570068359375 30
    endloop
  endfacet
  facet normal 0.7280718042938719 -0.07170896071966498 0.6817398864264665
    outer loop
      vertex 26 26 41
      vertex 33.79999923706055 24.900001525878906 32.55419921875
      vertex 33.79999923706055 26 32.66990280151367
    endloop
  endfacet
  facet normal 0.7280681879905866 -0.0717062877002963 0.6817440296330773
    outer loop
      vertex 33.79999923706055 24.900001525878906 32.55419921875
      vertex 33.80615997314453 24.44725799560547 32.5
      vertex 33.85074996948242 24.900001525878906 32.5
    endloop
  endfacet
  facet normal 0.7280721863141867 -0.07170572914807676 0.6817398183493633
    outer loop
      vertex 33.80615997314453 24.44725799560547 32.5
      vertex 33.79999923706055 24.900001525878906 32.55419921875
      vertex 26 26 41
    endloop
  endfacet
  facet normal -0.07170901649932176 0.728071914726592 0.6817397626213788
    outer loop
      vertex 26 36.29999923706055 30
      vertex 24.17324447631836 35.1837158203125 31
      vertex 26 35.3636360168457 31
    endloop
  endfacet
  facet normal -0.0717083115283552 0.7280713590847592 0.6817404301772223
    outer loop
      vertex 24.17324447631836 35.1837158203125 31
      vertex 26 36.29999923706055 30
      vertex 23.990570068359375 36.102088928222656 30
    endloop
  endfacet
  facet normal -0.0717197593119471 0.7280702326527397 0.6817404289384793
    outer loop
      vertex 26 26 41
      vertex 24.63582992553711 33.75815963745117 32.57109832763672
      vertex 24.467674255371094 33.703521728515625 32.611759185791016
    endloop
  endfacet
  facet normal -0.0717080838589809 0.7280718006480625 0.681739982552264
    outer loop
      vertex 26 33.95909118652344 32.5
      vertex 24.63582992553711 33.75815963745117 32.57109832763672
      vertex 26 26 41
    endloop
  endfacet
  facet normal -0.07171114778024523 0.7280868145296613 0.6817236256666558
    outer loop
      vertex 24.63582992553711 33.75815963745117 32.57109832763672
      vertex 26 33.95909118652344 32.5
      vertex 24.614870071411133 33.82266616821289 32.5
    endloop
  endfacet
  facet normal -0.7000926677837552 -0.21237071692264534 0.6817396387985564
    outer loop
      vertex 15.897911071777344 23.990570068359375 30
      vertex 17.3491268157959 22.416690826416016 31
      vertex 16.816282272338867 24.17324447631836 31
    endloop
  endfacet
  facet normal -0.7000925012312936 -0.21237038996556537 0.6817399116859632
    outer loop
      vertex 17.3491268157959 22.416690826416016 31
      vertex 15.897911071777344 23.990570068359375 30
      vertex 16.484039306640625 22.058361053466797 30
    endloop
  endfacet
  facet normal -0.7000922400446787 -0.21237112377635817 0.6817399513122218
    outer loop
      vertex 26 26 41
      vertex 18.19384002685547 24.44725799560547 32.5
      vertex 18.646759033203125 22.954187393188477 32.5
    endloop
  endfacet
  facet normal 0.46411914159595435 -0.5655303972558512 0.6817395339745772
    outer loop
      vertex 32.621089935302734 19.378908157348633 31
      vertex 31.722373962402344 17.435863494873047 30
      vertex 33.283199310302734 18.716800689697266 30
    endloop
  endfacet
  facet normal 0.46411898060101964 -0.565530384601395 0.6817396540751232
    outer loop
      vertex 31.722373962402344 17.435863494873047 30
      vertex 32.621089935302734 19.378908157348633 31
      vertex 31.202157974243164 18.214420318603516 31
    endloop
  endfacet
  facet normal 0.46411869772073555 -0.5655302984436397 0.6817399181273285
    outer loop
      vertex 31.627925872802734 20.372072219848633 32.5
      vertex 26 26 41
      vertex 30.421833038330078 19.38225746154785 32.5
    endloop
  endfacet
  facet normal -0.07170872009626003 -0.728071998995898 0.681739703802172
    outer loop
      vertex 26 15.699999809265137 30
      vertex 24.17324447631836 16.816282272338867 31
      vertex 23.990570068359375 15.897911071777344 30
    endloop
  endfacet
  facet normal -0.07170822627126645 -0.7280716097743045 0.6817401714184675
    outer loop
      vertex 24.17324447631836 16.816282272338867 31
      vertex 26 15.699999809265137 30
      vertex 26 16.636363983154297 31
    endloop
  endfacet
  facet normal -0.0717197593119471 -0.7280702326527397 0.6817404289384793
    outer loop
      vertex 24.63582992553711 18.241840362548828 32.57109832763672
      vertex 26 26 41
      vertex 24.467674255371094 18.296478271484375 32.611759185791016
    endloop
  endfacet
  facet normal -0.0717080838589809 -0.7280718006480625 0.681739982552264
    outer loop
      vertex 24.63582992553711 18.241840362548828 32.57109832763672
      vertex 26 18.040908813476562 32.5
      vertex 26 26 41
    endloop
  endfacet
  facet normal -0.07170920993468359 -0.7280773186862882 0.6817339710071142
    outer loop
      vertex 26 18.040908813476562 32.5
      vertex 24.63582992553711 18.241840362548828 32.57109832763672
      vertex 24.614870071411133 18.177331924438477 32.5
    endloop
  endfacet
  facet normal 0.07170830484202055 0.7280712911968302 0.681740503382089
    outer loop
      vertex 26 36.29999923706055 30
      vertex 27.826753616333008 35.1837158203125 31
      vertex 28.009429931640625 36.102088928222656 30
    endloop
  endfacet
  facet normal 0.0717090909870769 0.7280719108175339 0.6817397589610805
    outer loop
      vertex 27.826753616333008 35.1837158203125 31
      vertex 26 36.29999923706055 30
      vertex 26 35.3636360168457 31
    endloop
  endfacet
  facet normal 0.0717197593119471 0.7280702326527397 0.6817404289384793
    outer loop
      vertex 27.36417007446289 33.75815963745117 32.57109832763672
      vertex 26 26 41
      vertex 27.532325744628906 33.703521728515625 32.611759185791016
    endloop
  endfacet
  facet normal 0.0717080838589809 0.7280718006480625 0.681739982552264
    outer loop
      vertex 27.36417007446289 33.75815963745117 32.57109832763672
      vertex 26 33.95909118652344 32.5
      vertex 26 26 41
    endloop
  endfacet
  facet normal 0.07171114778024523 0.7280868145296613 0.6817236256666558
    outer loop
      vertex 26 33.95909118652344 32.5
      vertex 27.36417007446289 33.75815963745117 32.57109832763672
      vertex 27.385129928588867 33.82266616821289 32.5
    endloop
  endfacet
  facet normal 0.6451740446149803 0.3448518513673731 0.68178270201263
    outer loop
      vertex 32.95689392089844 29.694805145263672 32.54679870605469
      vertex 33.353240966796875 29.045812606811523 32.5
      vertex 32.992515563964844 29.720684051513672 32.5
    endloop
  endfacet
  facet normal 0.6452103972318627 0.3448687783707682 0.6817397370030267
    outer loop
      vertex 26 26 41
      vertex 32.95689392089844 29.694805145263672 32.54679870605469
      vertex 32.4904670715332 30.336790084838867 32.663475036621094
    endloop
  endfacet
  facet normal 0.6452070307932916 0.34487509527905813 0.6817397275142217
    outer loop
      vertex 32.95689392089844 29.694805145263672 32.54679870605469
      vertex 26 26 41
      vertex 33.353240966796875 29.045812606811523 32.5
    endloop
  endfacet
  facet normal 0.6452078758211136 0.34487133524740343 0.6817408298635778
    outer loop
      vertex 34.56413650512695 31.722373962402344 30
      vertex 34.65087127685547 29.58330726623535 31
      vertex 35.515960693359375 29.941638946533203 30
    endloop
  endfacet
  facet normal 0.6452094949534939 0.34487080898314676 0.6817395637141554
    outer loop
      vertex 34.65087127685547 29.58330726623535 31
      vertex 34.56413650512695 31.722373962402344 30
      vertex 33.785579681396484 31.202157974243164 31
    endloop
  endfacet
  facet normal -0.21237052359292477 0.7000920304608615 0.6817403535027503
    outer loop
      vertex 23.990570068359375 36.102088928222656 30
      vertex 22.416690826416016 34.65087127685547 31
      vertex 24.17324447631836 35.1837158203125 31
    endloop
  endfacet
  facet normal -0.21237019663611104 0.7000918639084481 0.6817406263894902
    outer loop
      vertex 22.416690826416016 34.65087127685547 31
      vertex 23.990570068359375 36.102088928222656 30
      vertex 22.058361053466797 35.515960693359375 30
    endloop
  endfacet
  facet normal -0.21237007918975773 0.7000925888062549 0.6817399185638845
    outer loop
      vertex 24.467674255371094 33.703521728515625 32.611759185791016
      vertex 23.00583839416504 33.22854232788086 32.64414596557617
      vertex 26 26 41
    endloop
  endfacet
  facet normal -0.46411866476826363 -0.5655302582909344 0.6817399738691527
    outer loop
      vertex 26 26 41
      vertex 20.372072219848633 20.372072219848633 32.5
      vertex 21.57816505432129 19.38225746154785 32.5
    endloop
  endfacet
  facet normal -0.46411859380298215 -0.5655306734802106 0.6817396777651729
    outer loop
      vertex 19.378908157348633 19.378908157348633 31
      vertex 20.277626037597656 17.435863494873047 30
      vertex 20.797842025756836 18.214420318603516 31
    endloop
  endfacet
  facet normal -0.46411942169242315 -0.5655307385541366 0.6817390601676742
    outer loop
      vertex 20.277626037597656 17.435863494873047 30
      vertex 19.378908157348633 19.378908157348633 31
      vertex 18.716800689697266 18.716800689697266 30
    endloop
  endfacet
  facet normal -0.7000922400446787 0.21237112377635817 0.6817399513122218
    outer loop
      vertex 18.646759033203125 29.045812606811523 32.5
      vertex 18.19384002685547 27.55274200439453 32.5
      vertex 26 26 41
    endloop
  endfacet
  facet normal -0.7000923079017873 0.212370331319797 0.6817401284887582
    outer loop
      vertex 15.897911071777344 28.009429931640625 30
      vertex 17.3491268157959 29.58330726623535 31
      vertex 16.484039306640625 29.941638946533203 30
    endloop
  endfacet
  facet normal -0.7000924744539827 0.2123706582767199 0.681739855601836
    outer loop
      vertex 17.3491268157959 29.58330726623535 31
      vertex 15.897911071777344 28.009429931640625 30
      vertex 16.816282272338867 27.826753616333008 31
    endloop
  endfacet
  facet normal -0.3448725134148487 -0.6452082328578002 0.6817398959599179
    outer loop
      vertex 26 26 41
      vertex 22.543506622314453 18.92167854309082 32.55243682861328
      vertex 23.00583839416504 18.77145767211914 32.64414596557617
    endloop
  endfacet
  facet normal -0.3448708163865238 -0.6452094531402561 0.681739599541749
    outer loop
      vertex 22.543506622314453 18.92167854309082 32.55243682861328
      vertex 21.57816505432129 19.38225746154785 32.5
      vertex 22.528167724609375 18.87447166442871 32.5
    endloop
  endfacet
  facet normal -0.34487069678213983 -0.6452091644647822 0.681739933252893
    outer loop
      vertex 21.57816505432129 19.38225746154785 32.5
      vertex 22.543506622314453 18.92167854309082 32.55243682861328
      vertex 26 26 41
    endloop
  endfacet
  facet normal -0.34487159981067206 -0.6452087920727704 0.6817398288761076
    outer loop
      vertex 20.797842025756836 18.214420318603516 31
      vertex 22.058361053466797 16.484039306640625 30
      vertex 22.416690826416016 17.3491268157959 31
    endloop
  endfacet
  facet normal -0.34487186494879407 -0.6452088668211594 0.681739624007653
    outer loop
      vertex 22.058361053466797 16.484039306640625 30
      vertex 20.797842025756836 18.214420318603516 31
      vertex 20.277626037597656 17.435863494873047 30
    endloop
  endfacet
  facet normal -0.21237007918975773 -0.7000925888062549 0.6817399185638845
    outer loop
      vertex 26 26 41
      vertex 23.00583839416504 18.77145767211914 32.64414596557617
      vertex 24.467674255371094 18.296478271484375 32.611759185791016
    endloop
  endfacet
  facet normal -0.21237038996556537 -0.7000925012312936 0.6817399116859632
    outer loop
      vertex 23.990570068359375 15.897911071777344 30
      vertex 22.416690826416016 17.3491268157959 31
      vertex 22.058361053466797 16.484039306640625 30
    endloop
  endfacet
  facet normal -0.21237071692264534 -0.7000926677837552 0.6817396387985564
    outer loop
      vertex 22.416690826416016 17.3491268157959 31
      vertex 23.990570068359375 15.897911071777344 30
      vertex 24.17324447631836 16.816282272338867 31
    endloop
  endfacet
  facet normal -0.5655318372425915 0.4641263271553388 0.6817334475484641
    outer loop
      vertex 20.372072219848633 31.627925872802734 32.5
      vertex 20.279876708984375 31.515586853027344 32.5
      vertex 20.336231231689453 31.47464370727539 32.574623107910156
    endloop
  endfacet
  facet normal -0.5655223376610816 0.464127540252884 0.6817405019398166
    outer loop
      vertex 20.336231231689453 31.47464370727539 32.574623107910156
      vertex 26 26 41
      vertex 20.372072219848633 31.627925872802734 32.5
    endloop
  endfacet
  facet normal -0.5655313081517477 0.46411741562442926 0.6817399533651183
    outer loop
      vertex 26 26 41
      vertex 20.336231231689453 31.47464370727539 32.574623107910156
      vertex 19.509532928466797 30.336790084838867 32.663475036621094
    endloop
  endfacet
  facet normal -0.5655304752334305 0.46411905498083905 0.6817395282554349
    outer loop
      vertex 18.716800689697266 33.283199310302734 30
      vertex 18.214420318603516 31.202157974243164 31
      vertex 19.378908157348633 32.621089935302734 31
    endloop
  endfacet
  facet normal -0.5655303148631232 0.46411907397794055 0.6817396483560829
    outer loop
      vertex 18.214420318603516 31.202157974243164 31
      vertex 18.716800689697266 33.283199310302734 30
      vertex 17.435863494873047 31.722373962402344 30
    endloop
  endfacet
  facet normal -0.46411870492096907 0.56553030721715 0.6817399059475382
    outer loop
      vertex 21.57816505432129 32.617740631103516 32.5
      vertex 20.372072219848633 31.627925872802734 32.5
      vertex 26 26 41
    endloop
  endfacet
  facet normal -0.4641190651174962 0.56553032148052 0.6817396488987575
    outer loop
      vertex 20.277626037597656 34.56413650512695 30
      vertex 19.378908157348633 32.621089935302734 31
      vertex 20.797842025756836 33.785579681396484 31
    endloop
  endfacet
  facet normal -0.4641190803941568 0.5655303226812995 0.68173963750252
    outer loop
      vertex 19.378908157348633 32.621089935302734 31
      vertex 20.277626037597656 34.56413650512695 30
      vertex 18.716800689697266 33.283199310302734 30
    endloop
  endfacet
  facet normal -0.645207936371825 0.3448729153780207 0.681739973216677
    outer loop
      vertex 19.04310417175293 29.694805145263672 32.54680252075195
      vertex 26 26 41
      vertex 19.509532928466797 30.336790084838867 32.663475036621094
    endloop
  endfacet
  facet normal -0.6452092183388798 0.3448705098473409 0.6817399768299987
    outer loop
      vertex 19.04310417175293 29.694805145263672 32.54680252075195
      vertex 18.646759033203125 29.045812606811523 32.5
      vertex 26 26 41
    endloop
  endfacet
  facet normal -0.6452207708908804 0.34487865056860484 0.6817249248728964
    outer loop
      vertex 18.646759033203125 29.045812606811523 32.5
      vertex 19.04310417175293 29.694805145263672 32.54680252075195
      vertex 19.00748634338379 29.720684051513672 32.5
    endloop
  endfacet
  facet normal -0.6452091518489225 0.34487138578327237 0.6817395966483975
    outer loop
      vertex 17.435863494873047 31.722373962402344 30
      vertex 17.3491268157959 29.58330726623535 31
      vertex 18.214420318603516 31.202157974243164 31
    endloop
  endfacet
  facet normal -0.6452084171346181 0.3448716245859532 0.6817401711899379
    outer loop
      vertex 17.3491268157959 29.58330726623535 31
      vertex 17.435863494873047 31.722373962402344 30
      vertex 16.484039306640625 29.941638946533203 30
    endloop
  endfacet
  facet normal 0.34487186494879407 0.6452088668211594 0.681739624007653
    outer loop
      vertex 29.941638946533203 35.515960693359375 30
      vertex 31.202157974243164 33.785579681396484 31
      vertex 31.722373962402344 34.56413650512695 30
    endloop
  endfacet
  facet normal 0.3448702263131731 0.6452084048519554 0.6817408901562938
    outer loop
      vertex 31.202157974243164 33.785579681396484 31
      vertex 29.941638946533203 35.515960693359375 30
      vertex 29.58330726623535 34.65087127685547 31
    endloop
  endfacet
  facet normal 0.34488241467123637 0.6452298566066477 0.6817144212893714
    outer loop
      vertex 29.456493377685547 33.07832336425781 32.55243682861328
      vertex 30.421833038330078 32.617740631103516 32.5
      vertex 29.471832275390625 33.125526428222656 32.5
    endloop
  endfacet
  facet normal 0.34486901484315363 0.6452099453508942 0.6817400450475303
    outer loop
      vertex 26 26 41
      vertex 29.456493377685547 33.07832336425781 32.55243682861328
      vertex 28.994159698486328 33.22854232788086 32.64414596557617
    endloop
  endfacet
  facet normal 0.34487326245787603 0.6452077670880403 0.6817399578511781
    outer loop
      vertex 29.456493377685547 33.07832336425781 32.55243682861328
      vertex 26 26 41
      vertex 30.421833038330078 32.617740631103516 32.5
    endloop
  endfacet
  facet normal -0.7280718042938719 -0.07170896071966498 0.6817398864264665
    outer loop
      vertex 18.200000762939453 24.900001525878906 32.55419921875
      vertex 26 26 41
      vertex 18.200000762939453 26 32.66990280151367
    endloop
  endfacet
  facet normal -0.7280721863141867 -0.07170572914807676 0.6817398183493633
    outer loop
      vertex 26 26 41
      vertex 18.200000762939453 24.900001525878906 32.55419921875
      vertex 18.19384002685547 24.44725799560547 32.5
    endloop
  endfacet
  facet normal -0.7280681879905866 -0.0717062877002963 0.6817440296330773
    outer loop
      vertex 18.149250030517578 24.900001525878906 32.5
      vertex 18.19384002685547 24.44725799560547 32.5
      vertex 18.200000762939453 24.900001525878906 32.55419921875
    endloop
  endfacet
  facet normal -0.7280716097743045 -0.07170822627126645 0.6817401714184675
    outer loop
      vertex 15.699999809265137 26 30
      vertex 16.816282272338867 24.17324447631836 31
      vertex 16.636363983154297 26 31
    endloop
  endfacet
  facet normal -0.728071998995898 -0.07170872009626003 0.681739703802172
    outer loop
      vertex 16.816282272338867 24.17324447631836 31
      vertex 15.699999809265137 26 30
      vertex 15.897911071777344 23.990570068359375 30
    endloop
  endfacet
  facet normal -0.7280681879905866 0.0717062877002963 0.6817440296330773
    outer loop
      vertex 18.200000762939453 27.099998474121094 32.55419921875
      vertex 18.19384002685547 27.55274200439453 32.5
      vertex 18.149250030517578 27.099998474121094 32.5
    endloop
  endfacet
  facet normal -0.7280721863141867 0.07170572914807676 0.6817398183493633
    outer loop
      vertex 18.200000762939453 27.099998474121094 32.55419921875
      vertex 26 26 41
      vertex 18.19384002685547 27.55274200439453 32.5
    endloop
  endfacet
  facet normal -0.7280718042938719 0.07170896071966498 0.6817398864264665
    outer loop
      vertex 26 26 41
      vertex 18.200000762939453 27.099998474121094 32.55419921875
      vertex 18.200000762939453 26 32.66990280151367
    endloop
  endfacet
  facet normal -0.728071931107595 0.07170871340985632 0.6817397770075914
    outer loop
      vertex 15.699999809265137 26 30
      vertex 16.816282272338867 27.826753616333008 31
      vertex 15.897911071777344 28.009429931640625 30
    endloop
  endfacet
  facet normal -0.728071605865334 0.07170830075820923 0.6817401677582478
    outer loop
      vertex 16.816282272338867 27.826753616333008 31
      vertex 15.699999809265137 26 30
      vertex 16.636363983154297 26 31
    endloop
  endfacet
  facet normal 0.3448713788221441 -0.645209209977465 0.6817395451560433
    outer loop
      vertex 30.421833038330078 19.38225746154785 32.5
      vertex 29.456493377685547 18.92167854309082 32.55243682861328
      vertex 29.471832275390625 18.87447166442871 32.5
    endloop
  endfacet
  facet normal 0.34487124374959577 -0.6452088839688717 0.6817399220247043
    outer loop
      vertex 26 26 41
      vertex 29.456493377685547 18.92167854309082 32.55243682861328
      vertex 30.421833038330078 19.38225746154785 32.5
    endloop
  endfacet
  facet normal 0.34487129810081674 -0.6452088560964556 0.6817399209089642
    outer loop
      vertex 29.456493377685547 18.92167854309082 32.55243682861328
      vertex 26 26 41
      vertex 28.994159698486328 18.77145767211914 32.64414596557617
    endloop
  endfacet
  facet normal 0.34487186494879407 -0.6452088668211594 0.681739624007653
    outer loop
      vertex 31.202157974243164 18.214420318603516 31
      vertex 29.941638946533203 16.484039306640625 30
      vertex 31.722373962402344 17.435863494873047 30
    endloop
  endfacet
  facet normal 0.3448711213845297 -0.6452086571935364 0.6817401985488979
    outer loop
      vertex 29.941638946533203 16.484039306640625 30
      vertex 31.202157974243164 18.214420318603516 31
      vertex 29.58330726623535 17.3491268157959 31
    endloop
  endfacet
  facet normal -0.3448702301525372 0.6452093221175431 0.681740020100886
    outer loop
      vertex 22.543506622314453 33.07832336425781 32.55243682861328
      vertex 26 26 41
      vertex 23.00583839416504 33.22854232788086 32.64414596557617
    endloop
  endfacet
  facet normal -0.3448727154885847 0.6452080475860215 0.6817399690804141
    outer loop
      vertex 22.543506622314453 33.07832336425781 32.55243682861328
      vertex 21.57816505432129 32.617740631103516 32.5
      vertex 26 26 41
    endloop
  endfacet
  facet normal -0.344872920870538 0.645208543288434 0.681739396043562
    outer loop
      vertex 21.57816505432129 32.617740631103516 32.5
      vertex 22.543506622314453 33.07832336425781 32.55243682861328
      vertex 22.528167724609375 33.12553024291992 32.5
    endloop
  endfacet
  facet normal -0.3448707047381342 0.6452085397312498 0.681740520485097
    outer loop
      vertex 22.058361053466797 35.515960693359375 30
      vertex 20.797842025756836 33.785579681396484 31
      vertex 22.416690826416016 34.65087127685547 31
    endloop
  endfacet
  facet normal -0.34487186494879407 0.6452088668211594 0.681739624007653
    outer loop
      vertex 20.797842025756836 33.785579681396484 31
      vertex 22.058361053466797 35.515960693359375 30
      vertex 20.277626037597656 34.56413650512695 30
    endloop
  endfacet
  facet normal 0.4641187378734433 0.5655303473698582 0.6817398502056994
    outer loop
      vertex 30.421833038330078 32.617740631103516 32.5
      vertex 26 26 41
      vertex 31.627925872802734 31.627925872802734 32.5
    endloop
  endfacet
  facet normal 0.46411880029786273 0.5655299813832271 0.6817401113083779
    outer loop
      vertex 31.722373962402344 34.56413650512695 30
      vertex 32.621089935302734 32.621089935302734 31
      vertex 33.283199310302734 33.283199310302734 30
    endloop
  endfacet
  facet normal 0.4641194519155535 0.5655300326014299 0.6817396252085042
    outer loop
      vertex 32.621089935302734 32.621089935302734 31
      vertex 31.722373962402344 34.56413650512695 30
      vertex 31.202157974243164 33.785579681396484 31
    endloop
  endfacet
  facet normal 0.5655138493278087 0.46412116623327815 0.6817518824856343
    outer loop
      vertex 31.720123291015625 31.515586853027344 32.5
      vertex 31.627925872802734 31.627925872802734 32.5
      vertex 31.663768768310547 31.47464370727539 32.57461929321289
    endloop
  endfacet
  facet normal 0.5655302050356398 0.46411889265899736 0.6817398629017768
    outer loop
      vertex 31.663768768310547 31.47464370727539 32.57461929321289
      vertex 26 26 41
      vertex 32.4904670715332 30.336790084838867 32.663475036621094
    endloop
  endfacet
  facet normal 0.5655300197960397 0.46411910173289234 0.6817398742307392
    outer loop
      vertex 26 26 41
      vertex 31.663768768310547 31.47464370727539 32.57461929321289
      vertex 31.627925872802734 31.627925872802734 32.5
    endloop
  endfacet
  facet normal 0.5655303148631232 0.46411907397794055 0.6817396483560829
    outer loop
      vertex 33.283199310302734 33.283199310302734 30
      vertex 33.785579681396484 31.202157974243164 31
      vertex 34.56413650512695 31.722373962402344 30
    endloop
  endfacet
  facet normal 0.5655296657738871 0.46411915086735395 0.6817401344558217
    outer loop
      vertex 33.785579681396484 31.202157974243164 31
      vertex 33.283199310302734 33.283199310302734 30
      vertex 32.621089935302734 32.621089935302734 31
    endloop
  endfacet
  facet normal 0.07170830075820923 -0.728071605865334 0.6817401677582478
    outer loop
      vertex 26 15.699999809265137 30
      vertex 27.826753616333008 16.816282272338867 31
      vertex 26 16.636363983154297 31
    endloop
  endfacet
  facet normal 0.07170871340985632 -0.728071931107595 0.6817397770075914
    outer loop
      vertex 27.826753616333008 16.816282272338867 31
      vertex 26 15.699999809265137 30
      vertex 28.009429931640625 15.897911071777344 30
    endloop
  endfacet
  facet normal 0.0717197593119471 -0.7280702326527397 0.6817404289384793
    outer loop
      vertex 26 26 41
      vertex 27.36417007446289 18.241840362548828 32.57109832763672
      vertex 27.532325744628906 18.296478271484375 32.611759185791016
    endloop
  endfacet
  facet normal 0.0717080838589809 -0.7280718006480625 0.681739982552264
    outer loop
      vertex 26 18.040908813476562 32.5
      vertex 27.36417007446289 18.241840362548828 32.57109832763672
      vertex 26 26 41
    endloop
  endfacet
  facet normal 0.07170920993468359 -0.7280773186862882 0.6817339710071142
    outer loop
      vertex 27.36417007446289 18.241840362548828 32.57109832763672
      vertex 26 18.040908813476562 32.5
      vertex 27.385129928588867 18.177331924438477 32.5
    endloop
  endfacet
  facet normal 0.2123703354198802 -0.7000925237128195 0.6817399055908806
    outer loop
      vertex 28.994159698486328 18.77145767211914 32.64414596557617
      vertex 26 26 41
      vertex 27.532325744628906 18.296478271484375 32.611759185791016
    endloop
  endfacet
  facet normal 0.2123706582767199 -0.7000924744539827 0.681739855601836
    outer loop
      vertex 28.009429931640625 15.897911071777344 30
      vertex 29.58330726623535 17.3491268157959 31
      vertex 27.826753616333008 16.816282272338867 31
    endloop
  endfacet
  facet normal 0.212370331319797 -0.7000923079017873 0.6817401284887582
    outer loop
      vertex 29.58330726623535 17.3491268157959 31
      vertex 28.009429931640625 15.897911071777344 30
      vertex 29.941638946533203 16.484039306640625 30
    endloop
  endfacet
  facet normal -0.5655266711369926 -0.4641226492598659 0.6817402369500536
    outer loop
      vertex 26 26 41
      vertex 20.336231231689453 20.52535629272461 32.574623107910156
      vertex 20.372072219848633 20.372072219848633 32.5
    endloop
  endfacet
  facet normal -0.5655308877176889 -0.46411789015578736 0.6817399790789617
    outer loop
      vertex 20.336231231689453 20.52535629272461 32.574623107910156
      vertex 26 26 41
      vertex 19.509532928466797 21.6632080078125 32.663475036621094
    endloop
  endfacet
  facet normal -0.5655355724882876 -0.4641215125446333 0.6817336267514069
    outer loop
      vertex 20.372072219848633 20.372072219848633 32.5
      vertex 20.336231231689453 20.52535629272461 32.574623107910156
      vertex 20.279876708984375 20.484413146972656 32.5
    endloop
  endfacet
  facet normal -0.5655311395403817 -0.464118976288321 0.6817390307582792
    outer loop
      vertex 18.214420318603516 20.797842025756836 31
      vertex 18.716800689697266 18.716800689697266 30
      vertex 19.378908157348633 19.378908157348633 31
    endloop
  endfacet
  facet normal -0.5655303148631232 -0.46411907397794055 0.6817396483560829
    outer loop
      vertex 18.716800689697266 18.716800689697266 30
      vertex 18.214420318603516 20.797842025756836 31
      vertex 17.435863494873047 20.277626037597656 30
    endloop
  endfacet
  facet normal 0.7000920304608615 -0.21237052359292477 0.6817403535027503
    outer loop
      vertex 34.65087127685547 22.416690826416016 31
      vertex 36.102088928222656 23.990570068359375 30
      vertex 35.1837158203125 24.17324447631836 31
    endloop
  endfacet
  facet normal 0.7000918639084481 -0.21237019663611104 0.6817406263894902
    outer loop
      vertex 36.102088928222656 23.990570068359375 30
      vertex 34.65087127685547 22.416690826416016 31
      vertex 35.515960693359375 22.058361053466797 30
    endloop
  endfacet
  facet normal 0.7000922400446787 -0.21237112377635817 0.6817399513122218
    outer loop
      vertex 33.80615997314453 24.44725799560547 32.5
      vertex 26 26 41
      vertex 33.353240966796875 22.954187393188477 32.5
    endloop
  endfacet
  facet normal 0.6452081651596154 -0.3448714899022972 0.6817404777948366
    outer loop
      vertex 34.65087127685547 22.416690826416016 31
      vertex 34.56413650512695 20.277626037597656 30
      vertex 35.515960693359375 22.058361053466797 30
    endloop
  endfacet
  facet normal 0.645209311560507 -0.3448711172889352 0.6817395813178946
    outer loop
      vertex 34.56413650512695 20.277626037597656 30
      vertex 34.65087127685547 22.416690826416016 31
      vertex 33.785579681396484 20.797842025756836 31
    endloop
  endfacet
  facet normal 0.6451984882988747 -0.34486491675603154 0.6817529610406561
    outer loop
      vertex 33.353240966796875 22.954187393188477 32.5
      vertex 32.95689392089844 22.305194854736328 32.54680252075195
      vertex 32.992515563964844 22.279315948486328 32.5
    endloop
  endfacet
  facet normal 0.6452085156810003 -0.34487198273102226 0.6817398967494082
    outer loop
      vertex 26 26 41
      vertex 32.95689392089844 22.305194854736328 32.54680252075195
      vertex 33.353240966796875 22.954187393188477 32.5
    endloop
  endfacet
  facet normal 0.6452091205334625 -0.3448708477627508 0.6817398984538292
    outer loop
      vertex 32.95689392089844 22.305194854736328 32.54680252075195
      vertex 26 26 41
      vertex 32.4904670715332 21.6632080078125 32.663475036621094
    endloop
  endfacet
  facet normal 0.7000916705790912 0.212370137990388 0.6817408431916933
    outer loop
      vertex 34.65087127685547 29.58330726623535 31
      vertex 36.102088928222656 28.009429931640625 30
      vertex 35.515960693359375 29.941638946533203 30
    endloop
  endfacet
  facet normal 0.7000918371312383 0.21237046494704465 0.6817405703054379
    outer loop
      vertex 36.102088928222656 28.009429931640625 30
      vertex 34.65087127685547 29.58330726623535 31
      vertex 35.1837158203125 27.826753616333008 31
    endloop
  endfacet
  facet normal 0.7000922400446787 0.21237112377635817 0.6817399513122218
    outer loop
      vertex 33.353240966796875 29.045812606811523 32.5
      vertex 26 26 41
      vertex 33.80615997314453 27.55274200439453 32.5
    endloop
  endfacet
  facet normal 0.5655303148631232 -0.46411907397794055 0.6817396483560829
    outer loop
      vertex 33.785579681396484 20.797842025756836 31
      vertex 33.283199310302734 18.716800689697266 30
      vertex 34.56413650512695 20.277626037597656 30
    endloop
  endfacet
  facet normal 0.5655303300805037 -0.46411907217532533 0.6817396369598527
    outer loop
      vertex 33.283199310302734 18.716800689697266 30
      vertex 33.785579681396484 20.797842025756836 31
      vertex 32.621089935302734 19.378908157348633 31
    endloop
  endfacet
  facet normal 0.5655213909615958 -0.4641286087423544 0.6817405598259125
    outer loop
      vertex 31.663768768310547 20.52535629272461 32.574623107910156
      vertex 26 26 41
      vertex 31.627925872802734 20.372072219848633 32.5
    endloop
  endfacet
  facet normal 0.5655308877176889 -0.46411789015578736 0.6817399790789617
    outer loop
      vertex 26 26 41
      vertex 31.663768768310547 20.52535629272461 32.574623107910156
      vertex 32.4904670715332 21.6632080078125 32.663475036621094
    endloop
  endfacet
  facet normal 0.5655310211442082 -0.46412737907381674 0.6817334083919161
    outer loop
      vertex 31.720123291015625 20.484413146972656 32.5
      vertex 31.663768768310547 20.52535629272461 32.574623107910156
      vertex 31.627925872802734 20.372072219848633 32.5
    endloop
  endfacet
  facet normal -0.6452089684555705 -0.34487169408932916 0.6817396142519919
    outer loop
      vertex 17.3491268157959 22.416690826416016 31
      vertex 17.435863494873047 20.277626037597656 30
      vertex 18.214420318603516 20.797842025756836 31
    endloop
  endfacet
  facet normal -0.645208706473326 -0.3448717792409571 0.6817398191203108
    outer loop
      vertex 17.435863494873047 20.277626037597656 30
      vertex 17.3491268157959 22.416690826416016 31
      vertex 16.484039306640625 22.058361053466797 30
    endloop
  endfacet
  facet normal -0.6452083300839649 -0.3448721766031422 0.6817399743269221
    outer loop
      vertex 26 26 41
      vertex 19.04310417175293 22.305194854736328 32.54680252075195
      vertex 19.509532928466797 21.6632080078125 32.663475036621094
    endloop
  endfacet
  facet normal -0.6452100541568687 -0.3448710988205073 0.6817388878545997
    outer loop
      vertex 19.04310417175293 22.305194854736328 32.54680252075195
      vertex 18.646759033203125 22.954187393188477 32.5
      vertex 19.007484436035156 22.279315948486328 32.5
    endloop
  endfacet
  facet normal -0.6452092183388798 -0.3448705098473409 0.6817399768299987
    outer loop
      vertex 18.646759033203125 22.954187393188477 32.5
      vertex 19.04310417175293 22.305194854736328 32.54680252075195
      vertex 26 26 41
    endloop
  endfacet
  facet normal 0 0 -1
    outer loop
      vertex 34.5 26 30
      vertex 36.29999923706055 26 30
      vertex 36.102088928222656 23.990570068359375 30
    endloop
  endfacet
  facet normal 0 0 -1
    outer loop
      vertex 34.336673736572266 24.341732025146484 30
      vertex 36.102088928222656 23.990570068359375 30
      vertex 35.515960693359375 22.058361053466797 30
    endloop
  endfacet
  facet normal 0 0 -1
    outer loop
      vertex 36.29999923706055 26 30
      vertex 34.5 26 30
      vertex 36.102088928222656 28.009429931640625 30
    endloop
  endfacet
  facet normal 0 0 -1
    outer loop
      vertex 33.85297393798828 22.7471923828125 30
      vertex 35.515960693359375 22.058361053466797 30
      vertex 34.56413650512695 20.277626037597656 30
    endloop
  endfacet
  facet normal 0 0 -1
    outer loop
      vertex 34.336673736572266 27.658267974853516 30
      vertex 36.102088928222656 28.009429931640625 30
      vertex 34.5 26 30
    endloop
  endfacet
  facet normal 0 0 -1
    outer loop
      vertex 36.102088928222656 28.009429931640625 30
      vertex 34.336673736572266 27.658267974853516 30
      vertex 35.515960693359375 29.941638946533203 30
    endloop
  endfacet
  facet normal 0 0 -1
    outer loop
      vertex 36.102088928222656 23.990570068359375 30
      vertex 34.336673736572266 24.341732025146484 30
      vertex 34.5 26 30
    endloop
  endfacet
  facet normal 0 0 -1
    outer loop
      vertex 35.515960693359375 22.058361053466797 30
      vertex 33.85297393798828 22.7471923828125 30
      vertex 34.336673736572266 24.341732025146484 30
    endloop
  endfacet
  facet normal 0 0 -1
    outer loop
      vertex 33.06748962402344 21.277652740478516 30
      vertex 34.56413650512695 20.277626037597656 30
      vertex 33.283199310302734 18.716800689697266 30
    endloop
  endfacet
  facet normal 0 0 -1
    outer loop
      vertex 34.56413650512695 20.277626037597656 30
      vertex 33.06748962402344 21.277652740478516 30
      vertex 33.85297393798828 22.7471923828125 30
    endloop
  endfacet
  facet normal 0 0 -1
    outer loop
      vertex 33.283199310302734 18.716800689697266 30
      vertex 32.010406494140625 19.989593505859375 30
      vertex 33.06748962402344 21.277652740478516 30
    endloop
  endfacet
  facet normal 0 0 -1
    outer loop
      vertex 31.722373962402344 17.435863494873047 30
      vertex 32.010406494140625 19.989593505859375 30
      vertex 33.283199310302734 18.716800689697266 30
    endloop
  endfacet
  facet normal 0 0 -1
    outer loop
      vertex 31.722373962402344 17.435863494873047 30
      vertex 30.722347259521484 18.93250846862793 30
      vertex 32.010406494140625 19.989593505859375 30
    endloop
  endfacet
  facet normal 0 0 -1
    outer loop
      vertex 29.941638946533203 16.484039306640625 30
      vertex 30.722347259521484 18.93250846862793 30
      vertex 31.722373962402344 17.435863494873047 30
    endloop
  endfacet
  facet normal 0 0 -1
    outer loop
      vertex 29.941638946533203 16.484039306640625 30
      vertex 29.2528076171875 18.147024154663086 30
      vertex 30.722347259521484 18.93250846862793 30
    endloop
  endfacet
  facet normal 0 0 -1
    outer loop
      vertex 28.009429931640625 15.897911071777344 30
      vertex 29.2528076171875 18.147024154663086 30
      vertex 29.941638946533203 16.484039306640625 30
    endloop
  endfacet
  facet normal 0 0 -1
    outer loop
      vertex 28.009429931640625 15.897911071777344 30
      vertex 27.658267974853516 17.663326263427734 30
      vertex 29.2528076171875 18.147024154663086 30
    endloop
  endfacet
  facet normal 0 0 -1
    outer loop
      vertex 26 15.699999809265137 30
      vertex 27.658267974853516 17.663326263427734 30
      vertex 28.009429931640625 15.897911071777344 30
    endloop
  endfacet
  facet normal 0 0 -1
    outer loop
      vertex 26 15.699999809265137 30
      vertex 26 17.5 30
      vertex 27.658267974853516 17.663326263427734 30
    endloop
  endfacet
  facet normal 0 0 -1
    outer loop
      vertex 26 15.699999809265137 30
      vertex 24.341732025146484 17.663326263427734 30
      vertex 26 17.5 30
    endloop
  endfacet
  facet normal 0 0 -1
    outer loop
      vertex 23.990570068359375 15.897911071777344 30
      vertex 24.341732025146484 17.663326263427734 30
      vertex 26 15.699999809265137 30
    endloop
  endfacet
  facet normal 0 0 -1
    outer loop
      vertex 23.990570068359375 15.897911071777344 30
      vertex 22.7471923828125 18.147024154663086 30
      vertex 24.341732025146484 17.663326263427734 30
    endloop
  endfacet
  facet normal 0 0 -1
    outer loop
      vertex 22.058361053466797 16.484039306640625 30
      vertex 22.7471923828125 18.147024154663086 30
      vertex 23.990570068359375 15.897911071777344 30
    endloop
  endfacet
  facet normal 0 0 -1
    outer loop
      vertex 22.058361053466797 16.484039306640625 30
      vertex 21.277652740478516 18.93250846862793 30
      vertex 22.7471923828125 18.147024154663086 30
    endloop
  endfacet
  facet normal 0 0 -1
    outer loop
      vertex 20.277626037597656 17.435863494873047 30
      vertex 21.277652740478516 18.93250846862793 30
      vertex 22.058361053466797 16.484039306640625 30
    endloop
  endfacet
  facet normal 0 0 -1
    outer loop
      vertex 20.277626037597656 17.435863494873047 30
      vertex 19.989593505859375 19.989593505859375 30
      vertex 21.277652740478516 18.93250846862793 30
    endloop
  endfacet
  facet normal 0 0 -1
    outer loop
      vertex 18.716800689697266 18.716800689697266 30
      vertex 19.989593505859375 19.989593505859375 30
      vertex 20.277626037597656 17.435863494873047 30
    endloop
  endfacet
  facet normal 0 0 -1
    outer loop
      vertex 19.989593505859375 19.989593505859375 30
      vertex 18.716800689697266 18.716800689697266 30
      vertex 18.93250846862793 21.277652740478516 30
    endloop
  endfacet
  facet normal 0 0 -1
    outer loop
      vertex 17.435863494873047 20.277626037597656 30
      vertex 18.93250846862793 21.277652740478516 30
      vertex 18.716800689697266 18.716800689697266 30
    endloop
  endfacet
  facet normal 0 0 -1
    outer loop
      vertex 18.93250846862793 21.277652740478516 30
      vertex 17.435863494873047 20.277626037597656 30
      vertex 18.147024154663086 22.7471923828125 30
    endloop
  endfacet
  facet normal 0 0 -1
    outer loop
      vertex 18.147024154663086 22.7471923828125 30
      vertex 16.484039306640625 22.058361053466797 30
      vertex 17.663326263427734 24.341732025146484 30
    endloop
  endfacet
  facet normal 0 0 -1
    outer loop
      vertex 16.484039306640625 22.058361053466797 30
      vertex 18.147024154663086 22.7471923828125 30
      vertex 17.435863494873047 20.277626037597656 30
    endloop
  endfacet
  facet normal 0 0 -1
    outer loop
      vertex 33.85297393798828 29.2528076171875 30
      vertex 35.515960693359375 29.941638946533203 30
      vertex 34.336673736572266 27.658267974853516 30
    endloop
  endfacet
  facet normal 0 0 -1
    outer loop
      vertex 35.515960693359375 29.941638946533203 30
      vertex 33.85297393798828 29.2528076171875 30
      vertex 34.56413650512695 31.722373962402344 30
    endloop
  endfacet
  facet normal 0 0 -1
    outer loop
      vertex 33.06748962402344 30.722347259521484 30
      vertex 34.56413650512695 31.722373962402344 30
      vertex 33.85297393798828 29.2528076171875 30
    endloop
  endfacet
  facet normal 0 0 -1
    outer loop
      vertex 34.56413650512695 31.722373962402344 30
      vertex 33.06748962402344 30.722347259521484 30
      vertex 33.283199310302734 33.283199310302734 30
    endloop
  endfacet
  facet normal 0 0 -1
    outer loop
      vertex 32.010406494140625 32.010406494140625 30
      vertex 33.283199310302734 33.283199310302734 30
      vertex 33.06748962402344 30.722347259521484 30
    endloop
  endfacet
  facet normal 0 0 -1
    outer loop
      vertex 32.010406494140625 32.010406494140625 30
      vertex 31.722373962402344 34.56413650512695 30
      vertex 33.283199310302734 33.283199310302734 30
    endloop
  endfacet
  facet normal 0 0 -1
    outer loop
      vertex 30.722347259521484 33.06748962402344 30
      vertex 31.722373962402344 34.56413650512695 30
      vertex 32.010406494140625 32.010406494140625 30
    endloop
  endfacet
  facet normal 0 0 -1
    outer loop
      vertex 30.722347259521484 33.06748962402344 30
      vertex 29.941638946533203 35.515960693359375 30
      vertex 31.722373962402344 34.56413650512695 30
    endloop
  endfacet
  facet normal 0 0 -1
    outer loop
      vertex 29.2528076171875 33.85297393798828 30
      vertex 29.941638946533203 35.515960693359375 30
      vertex 30.722347259521484 33.06748962402344 30
    endloop
  endfacet
  facet normal 0 0 -1
    outer loop
      vertex 29.2528076171875 33.85297393798828 30
      vertex 28.009429931640625 36.102088928222656 30
      vertex 29.941638946533203 35.515960693359375 30
    endloop
  endfacet
  facet normal 0 0 -1
    outer loop
      vertex 27.658267974853516 34.336673736572266 30
      vertex 28.009429931640625 36.102088928222656 30
      vertex 29.2528076171875 33.85297393798828 30
    endloop
  endfacet
  facet normal 0 0 -1
    outer loop
      vertex 26 34.5 30
      vertex 28.009429931640625 36.102088928222656 30
      vertex 27.658267974853516 34.336673736572266 30
    endloop
  endfacet
  facet normal 0 0 -1
    outer loop
      vertex 26 34.5 30
      vertex 26 36.29999923706055 30
      vertex 28.009429931640625 36.102088928222656 30
    endloop
  endfacet
  facet normal 0 0 -1
    outer loop
      vertex 24.341732025146484 34.336673736572266 30
      vertex 26 36.29999923706055 30
      vertex 26 34.5 30
    endloop
  endfacet
  facet normal 0 0 -1
    outer loop
      vertex 24.341732025146484 34.336673736572266 30
      vertex 23.990570068359375 36.102088928222656 30
      vertex 26 36.29999923706055 30
    endloop
  endfacet
  facet normal 0 0 -1
    outer loop
      vertex 22.7471923828125 33.85297393798828 30
      vertex 23.990570068359375 36.102088928222656 30
      vertex 24.341732025146484 34.336673736572266 30
    endloop
  endfacet
  facet normal 0 0 -1
    outer loop
      vertex 22.7471923828125 33.85297393798828 30
      vertex 22.058361053466797 35.515960693359375 30
      vertex 23.990570068359375 36.102088928222656 30
    endloop
  endfacet
  facet normal 0 0 -1
    outer loop
      vertex 21.277652740478516 33.06748962402344 30
      vertex 22.058361053466797 35.515960693359375 30
      vertex 22.7471923828125 33.85297393798828 30
    endloop
  endfacet
  facet normal 0 0 -1
    outer loop
      vertex 21.277652740478516 33.06748962402344 30
      vertex 20.277626037597656 34.56413650512695 30
      vertex 22.058361053466797 35.515960693359375 30
    endloop
  endfacet
  facet normal 0 0 -1
    outer loop
      vertex 19.989593505859375 32.010406494140625 30
      vertex 20.277626037597656 34.56413650512695 30
      vertex 21.277652740478516 33.06748962402344 30
    endloop
  endfacet
  facet normal 0 0 -1
    outer loop
      vertex 18.716800689697266 33.283199310302734 30
      vertex 19.989593505859375 32.010406494140625 30
      vertex 18.93250846862793 30.722347259521484 30
    endloop
  endfacet
  facet normal 0 0 -1
    outer loop
      vertex 19.989593505859375 32.010406494140625 30
      vertex 18.716800689697266 33.283199310302734 30
      vertex 20.277626037597656 34.56413650512695 30
    endloop
  endfacet
  facet normal 0 0 -1
    outer loop
      vertex 17.435863494873047 31.722373962402344 30
      vertex 18.93250846862793 30.722347259521484 30
      vertex 18.147024154663086 29.2528076171875 30
    endloop
  endfacet
  facet normal 0 0 -1
    outer loop
      vertex 16.484039306640625 29.941638946533203 30
      vertex 18.147024154663086 29.2528076171875 30
      vertex 17.663326263427734 27.658267974853516 30
    endloop
  endfacet
  facet normal 0 0 -1
    outer loop
      vertex 18.93250846862793 30.722347259521484 30
      vertex 17.435863494873047 31.722373962402344 30
      vertex 18.716800689697266 33.283199310302734 30
    endloop
  endfacet
  facet normal 0 0 -1
    outer loop
      vertex 15.897911071777344 28.009429931640625 30
      vertex 17.663326263427734 27.658267974853516 30
      vertex 17.5 26 30
    endloop
  endfacet
  facet normal 0 0 -1
    outer loop
      vertex 15.897911071777344 23.990570068359375 30
      vertex 17.663326263427734 24.341732025146484 30
      vertex 16.484039306640625 22.058361053466797 30
    endloop
  endfacet
  facet normal 0 0 -1
    outer loop
      vertex 17.663326263427734 24.341732025146484 30
      vertex 15.897911071777344 23.990570068359375 30
      vertex 17.5 26 30
    endloop
  endfacet
  facet normal 0 0 -1
    outer loop
      vertex 18.147024154663086 29.2528076171875 30
      vertex 16.484039306640625 29.941638946533203 30
      vertex 17.435863494873047 31.722373962402344 30
    endloop
  endfacet
  facet normal 0 0 -1
    outer loop
      vertex 15.699999809265137 26 30
      vertex 17.5 26 30
      vertex 15.897911071777344 23.990570068359375 30
    endloop
  endfacet
  facet normal 0 0 -1
    outer loop
      vertex 17.663326263427734 27.658267974853516 30
      vertex 15.897911071777344 28.009429931640625 30
      vertex 16.484039306640625 29.941638946533203 30
    endloop
  endfacet
  facet normal 0 0 -1
    outer loop
      vertex 17.5 26 30
      vertex 15.699999809265137 26 30
      vertex 15.897911071777344 28.009429931640625 30
    endloop
  endfacet
  facet normal 1 0 0
    outer loop
      vertex 36 -26 2
      vertex 36 -36 2
      vertex 36 -26 1
    endloop
  endfacet
  facet normal 1 0 0
    outer loop
      vertex 36 26 2
      vertex 36 -21 2
      vertex 36 26 1
    endloop
  endfacet
  facet normal 1 0 0
    outer loop
      vertex 36 31 1
      vertex 36 36 2
      vertex 36 31 2
    endloop
  endfacet
  facet normal 1 0 0
    outer loop
      vertex 36 36 2
      vertex 36 31 1
      vertex 36 36 0
    endloop
  endfacet
  facet normal 1 0 0
    outer loop
      vertex 36 26 1
      vertex 36 36 0
      vertex 36 31 1
    endloop
  endfacet
  facet normal 1 0 0
    outer loop
      vertex 36 -21 1
      vertex 36 26 1
      vertex 36 -21 2
    endloop
  endfacet
  facet normal 1 0 0
    outer loop
      vertex 36 26 1
      vertex 36 -21 1
      vertex 36 36 0
    endloop
  endfacet
  facet normal 1 0 0
    outer loop
      vertex 36 -36 0
      vertex 36 -21 1
      vertex 36 -26 1
    endloop
  endfacet
  facet normal 1 0 0
    outer loop
      vertex 36 -21 1
      vertex 36 -36 0
      vertex 36 36 0
    endloop
  endfacet
  facet normal 1 0 0
    outer loop
      vertex 36 -36 0
      vertex 36 -26 1
      vertex 36 -36 2
    endloop
  endfacet
  facet normal 0 0 1
    outer loop
      vertex -31 19.16037368774414 2
      vertex -32.010406494140625 19.989593505859375 2
      vertex -31 0 2
    endloop
  endfacet
  facet normal 0 0 1
    outer loop
      vertex 21 36 2
      vertex 19.989593505859375 32.010406494140625 2
      vertex 21 32.83962631225586 2
    endloop
  endfacet
  facet normal 0 0 1
    outer loop
      vertex 21 36 2
      vertex 19.16037368774414 31 2
      vertex 19.989593505859375 32.010406494140625 2
    endloop
  endfacet
  facet normal 0 0 1
    outer loop
      vertex 21 36 2
      vertex 0 31 2
      vertex 19.16037368774414 31 2
    endloop
  endfacet
  facet normal 0 0 1
    outer loop
      vertex -17.663326263427734 27.658267974853516 2
      vertex 0 26 2
      vertex 0 31 2
    endloop
  endfacet
  facet normal 0 0 1
    outer loop
      vertex -18.147024154663086 22.7471923828125 2
      vertex 0 26 2
      vertex -17.663326263427734 24.341732025146484 2
    endloop
  endfacet
  facet normal 0 0 1
    outer loop
      vertex 0 26 2
      vertex -17.5 26 2
      vertex -17.663326263427734 24.341732025146484 2
    endloop
  endfacet
  facet normal 0 0 1
    outer loop
      vertex 0 26 2
      vertex -17.663326263427734 27.658267974853516 2
      vertex -17.5 26 2
    endloop
  endfacet
  facet normal 0 0 1
    outer loop
      vertex -26 36 2
      vertex 0 31 2
      vertex 21 36 2
    endloop
  endfacet
  facet normal 0 0 1
    outer loop
      vertex 0 31 2
      vertex -18.147024154663086 29.2528076171875 2
      vertex -17.663326263427734 27.658267974853516 2
    endloop
  endfacet
  facet normal 0 0 1
    outer loop
      vertex 0 31 2
      vertex -18.93250846862793 30.722347259521484 2
      vertex -18.147024154663086 29.2528076171875 2
    endloop
  endfacet
  facet normal 0 0 1
    outer loop
      vertex 0 31 2
      vertex -19.989593505859375 32.010406494140625 2
      vertex -18.93250846862793 30.722347259521484 2
    endloop
  endfacet
  facet normal 0 0 1
    outer loop
      vertex 0 31 2
      vertex -21.277652740478516 33.06748962402344 2
      vertex -19.989593505859375 32.010406494140625 2
    endloop
  endfacet
  facet normal 0 0 1
    outer loop
      vertex 0 31 2
      vertex -26 36 2
      vertex -21.277652740478516 33.06748962402344 2
    endloop
  endfacet
  facet normal 0 0 1
    outer loop
      vertex -21.277652740478516 33.06748962402344 2
      vertex -26 36 2
      vertex -22.7471923828125 33.85297393798828 2
    endloop
  endfacet
  facet normal 0 0 1
    outer loop
      vertex -22.7471923828125 33.85297393798828 2
      vertex -26 36 2
      vertex -24.341732025146484 34.336673736572266 2
    endloop
  endfacet
  facet normal 0 0 1
    outer loop
      vertex -24.341732025146484 34.336673736572266 2
      vertex -26 36 2
      vertex -26 34.5 2
    endloop
  endfacet
  facet normal 0 0 1
    outer loop
      vertex 18.147024154663086 22.7471923828125 2
      vertex 0 26 2
      vertex 10 10 2
    endloop
  endfacet
  facet normal 0 0 1
    outer loop
      vertex 10 10 2
      vertex 0 26 2
      vertex -10 10 2
    endloop
  endfacet
  facet normal 0 0 1
    outer loop
      vertex 10 10 2
      vertex 21 19.16037368774414 2
      vertex 19.989593505859375 19.989593505859375 2
    endloop
  endfacet
  facet normal 0 0 1
    outer loop
      vertex 34.336673736572266 24.341732025146484 2
      vertex 36 26 2
      vertex 34.5 26 2
    endloop
  endfacet
  facet normal 0 0 1
    outer loop
      vertex 33.85297393798828 22.7471923828125 2
      vertex 36 26 2
      vertex 34.336673736572266 24.341732025146484 2
    endloop
  endfacet
  facet normal 0 0 1
    outer loop
      vertex 33.06748962402344 21.277652740478516 2
      vertex 36 26 2
      vertex 33.85297393798828 22.7471923828125 2
    endloop
  endfacet
  facet normal 0 0 1
    outer loop
      vertex 36 26 2
      vertex 33.06748962402344 21.277652740478516 2
      vertex 36 -21 2
    endloop
  endfacet
  facet normal 0 0 1
    outer loop
      vertex 26 0 2
      vertex 36 -21 2
      vertex 33.06748962402344 21.277652740478516 2
    endloop
  endfacet
  facet normal 0 0 1
    outer loop
      vertex 26 0 2
      vertex 33.06748962402344 21.277652740478516 2
      vertex 32.010406494140625 19.989593505859375 2
    endloop
  endfacet
  facet normal 0 0 1
    outer loop
      vertex 30.722347259521484 -18.93250846862793 2
      vertex 36 -21 2
      vertex 26 0 2
    endloop
  endfacet
  facet normal 0 0 1
    outer loop
      vertex 26 0 2
      vertex 32.010406494140625 19.989593505859375 2
      vertex 30.722347259521484 18.93250846862793 2
    endloop
  endfacet
  facet normal 0 0 1
    outer loop
      vertex 36 -21 2
      vertex 32.010406494140625 -19.989593505859375 2
      vertex 32.83962631225586 -21 2
    endloop
  endfacet
  facet normal 0 0 1
    outer loop
      vertex 26 0 2
      vertex 30.722347259521484 18.93250846862793 2
      vertex 29.2528076171875 18.147024154663086 2
    endloop
  endfacet
  facet normal 0 0 1
    outer loop
      vertex 36 -21 2
      vertex 30.722347259521484 -18.93250846862793 2
      vertex 32.010406494140625 -19.989593505859375 2
    endloop
  endfacet
  facet normal 0 0 1
    outer loop
      vertex 26 0 2
      vertex 29.2528076171875 18.147024154663086 2
      vertex 27.658267974853516 17.663326263427734 2
    endloop
  endfacet
  facet normal 0 0 1
    outer loop
      vertex 30.722347259521484 -18.93250846862793 2
      vertex 26 0 2
      vertex 29.2528076171875 -18.147024154663086 2
    endloop
  endfacet
  facet normal 0 0 1
    outer loop
      vertex 26 0 2
      vertex 27.658267974853516 17.663326263427734 2
      vertex 26 17.5 2
    endloop
  endfacet
  facet normal 0 0 1
    outer loop
      vertex 29.2528076171875 -18.147024154663086 2
      vertex 26 0 2
      vertex 27.658267974853516 -17.663326263427734 2
    endloop
  endfacet
  facet normal 0 0 1
    outer loop
      vertex 26 0 2
      vertex 26 -17.5 2
      vertex 27.658267974853516 -17.663326263427734 2
    endloop
  endfacet
  facet normal 0 0 1
    outer loop
      vertex 26 0 2
      vertex 24.341732025146484 -17.663326263427734 2
      vertex 26 -17.5 2
    endloop
  endfacet
  facet normal 0 0 1
    outer loop
      vertex 21 0 2
      vertex 24.341732025146484 -17.663326263427734 2
      vertex 26 0 2
    endloop
  endfacet
  facet normal 0 0 1
    outer loop
      vertex 24.341732025146484 -17.663326263427734 2
      vertex 21 0 2
      vertex 22.7471923828125 -18.147024154663086 2
    endloop
  endfacet
  facet normal 0 0 1
    outer loop
      vertex 10 -10 2
      vertex 22.7471923828125 -18.147024154663086 2
      vertex 21 0 2
    endloop
  endfacet
  facet normal 0 0 1
    outer loop
      vertex 21 19.16037368774414 2
      vertex 10 10 2
      vertex 21 0 2
    endloop
  endfacet
  facet normal 0 0 1
    outer loop
      vertex 10 -10 2
      vertex 21 0 2
      vertex 10 10 2
    endloop
  endfacet
  facet normal 0 0 1
    outer loop
      vertex 21.277652740478516 -18.93250846862793 2
      vertex 10 -10 2
      vertex 19.989593505859375 -19.989593505859375 2
    endloop
  endfacet
  facet normal 0 0 1
    outer loop
      vertex 10 10 2
      vertex 19.989593505859375 19.989593505859375 2
      vertex 18.93250846862793 21.277652740478516 2
    endloop
  endfacet
  facet normal 0 0 1
    outer loop
      vertex 10 10 2
      vertex 18.93250846862793 21.277652740478516 2
      vertex 18.147024154663086 22.7471923828125 2
    endloop
  endfacet
  facet normal 0 0 1
    outer loop
      vertex 0 26 2
      vertex 18.147024154663086 22.7471923828125 2
      vertex 17.663326263427734 24.341732025146484 2
    endloop
  endfacet
  facet normal 0 0 1
    outer loop
      vertex 0 26 2
      vertex 17.663326263427734 24.341732025146484 2
      vertex 17.5 26 2
    endloop
  endfacet
  facet normal 0 0 1
    outer loop
      vertex 22.7471923828125 -18.147024154663086 2
      vertex 10 -10 2
      vertex 21.277652740478516 -18.93250846862793 2
    endloop
  endfacet
  facet normal 0 0 1
    outer loop
      vertex 19.989593505859375 -19.989593505859375 2
      vertex 10 -10 2
      vertex 19.16037368774414 -21 2
    endloop
  endfacet
  facet normal 0 0 1
    outer loop
      vertex 10 -10 2
      vertex 0 -21 2
      vertex 19.16037368774414 -21 2
    endloop
  endfacet
  facet normal 0 0 1
    outer loop
      vertex 0 -21 2
      vertex -5 -25 2
      vertex 0 -25 2
    endloop
  endfacet
  facet normal 0 0 1
    outer loop
      vertex -10 -10 2
      vertex 0 -21 2
      vertex 10 -10 2
    endloop
  endfacet
  facet normal 0 0 1
    outer loop
      vertex -18.147024154663086 -22.7471923828125 2
      vertex -5 -25 2
      vertex -10 -10 2
    endloop
  endfacet
  facet normal 0 0 1
    outer loop
      vertex 0 -21 2
      vertex -10 -10 2
      vertex -5 -25 2
    endloop
  endfacet
  facet normal 0 0 1
    outer loop
      vertex 34.336673736572266 -27.658267974853516 2
      vertex 36 -26 2
      vertex 34.5 -26 2
    endloop
  endfacet
  facet normal 0 0 1
    outer loop
      vertex 33.85297393798828 -29.2528076171875 2
      vertex 36 -26 2
      vertex 34.336673736572266 -27.658267974853516 2
    endloop
  endfacet
  facet normal 0 0 1
    outer loop
      vertex 36 -26 2
      vertex 33.85297393798828 -29.2528076171875 2
      vertex 36 -36 2
    endloop
  endfacet
  facet normal 0 0 1
    outer loop
      vertex 33.06748962402344 -30.722347259521484 2
      vertex 36 -36 2
      vertex 33.85297393798828 -29.2528076171875 2
    endloop
  endfacet
  facet normal 0 0 1
    outer loop
      vertex 32.010406494140625 -32.010406494140625 2
      vertex 36 -36 2
      vertex 33.06748962402344 -30.722347259521484 2
    endloop
  endfacet
  facet normal 0 0 1
    outer loop
      vertex 30.722347259521484 -33.06748962402344 2
      vertex 36 -36 2
      vertex 32.010406494140625 -32.010406494140625 2
    endloop
  endfacet
  facet normal 0 0 1
    outer loop
      vertex 29.2528076171875 -33.85297393798828 2
      vertex 36 -36 2
      vertex 30.722347259521484 -33.06748962402344 2
    endloop
  endfacet
  facet normal 0 0 1
    outer loop
      vertex 27.658267974853516 -34.336673736572266 2
      vertex 36 -36 2
      vertex 29.2528076171875 -33.85297393798828 2
    endloop
  endfacet
  facet normal 0 0 1
    outer loop
      vertex 26 -34.5 2
      vertex 36 -36 2
      vertex 27.658267974853516 -34.336673736572266 2
    endloop
  endfacet
  facet normal 0 0 1
    outer loop
      vertex 24.341732025146484 -34.336673736572266 2
      vertex 36 -36 2
      vertex 26 -34.5 2
    endloop
  endfacet
  facet normal 0 0 1
    outer loop
      vertex 5 -26 2
      vertex 17.663326263427734 -27.658267974853516 2
      vertex 17.5 -26 2
    endloop
  endfacet
  facet normal 0 0 1
    outer loop
      vertex 5 -29 2
      vertex 17.663326263427734 -27.658267974853516 2
      vertex 5 -26 2
    endloop
  endfacet
  facet normal 0 0 1
    outer loop
      vertex 17.663326263427734 -27.658267974853516 2
      vertex 5 -29 2
      vertex 18.147024154663086 -29.2528076171875 2
    endloop
  endfacet
  facet normal 0 0 1
    outer loop
      vertex 18.147024154663086 -29.2528076171875 2
      vertex 5 -29 2
      vertex 18.93250846862793 -30.722347259521484 2
    endloop
  endfacet
  facet normal 0 0 1
    outer loop
      vertex 18.93250846862793 -30.722347259521484 2
      vertex 5 -29 2
      vertex 19.989593505859375 -32.010406494140625 2
    endloop
  endfacet
  facet normal 0 0 1
    outer loop
      vertex 19.989593505859375 -32.010406494140625 2
      vertex 5 -29 2
      vertex 21.277652740478516 -33.06748962402344 2
    endloop
  endfacet
  facet normal 0 0 1
    outer loop
      vertex 21.277652740478516 -33.06748962402344 2
      vertex 5 -29 2
      vertex 22.7471923828125 -33.85297393798828 2
    endloop
  endfacet
  facet normal 0 0 1
    outer loop
      vertex -5 -29 2
      vertex 22.7471923828125 -33.85297393798828 2
      vertex 5 -29 2
    endloop
  endfacet
  facet normal 0 0 1
    outer loop
      vertex -22.7471923828125 -33.85297393798828 2
      vertex 22.7471923828125 -33.85297393798828 2
      vertex -5 -29 2
    endloop
  endfacet
  facet normal 0 0 1
    outer loop
      vertex 0 26 2
      vertex -18.147024154663086 22.7471923828125 2
      vertex -10 10 2
    endloop
  endfacet
  facet normal 0 0 1
    outer loop
      vertex -17.5 -26 2
      vertex -5 -25 2
      vertex -17.663326263427734 -24.341732025146484 2
    endloop
  endfacet
  facet normal 0 0 1
    outer loop
      vertex -17.663326263427734 -27.658267974853516 2
      vertex -5 -29 2
      vertex -17.5 -26 2
    endloop
  endfacet
  facet normal 0 0 1
    outer loop
      vertex -18.147024154663086 -29.2528076171875 2
      vertex -5 -29 2
      vertex -17.663326263427734 -27.658267974853516 2
    endloop
  endfacet
  facet normal 0 0 1
    outer loop
      vertex -18.93250846862793 -30.722347259521484 2
      vertex -5 -29 2
      vertex -18.147024154663086 -29.2528076171875 2
    endloop
  endfacet
  facet normal 0 0 1
    outer loop
      vertex -19.989593505859375 -32.010406494140625 2
      vertex -5 -29 2
      vertex -18.93250846862793 -30.722347259521484 2
    endloop
  endfacet
  facet normal 0 0 1
    outer loop
      vertex -21.277652740478516 -33.06748962402344 2
      vertex -5 -29 2
      vertex -19.989593505859375 -32.010406494140625 2
    endloop
  endfacet
  facet normal 0 0 1
    outer loop
      vertex -22.7471923828125 -33.85297393798828 2
      vertex -5 -29 2
      vertex -21.277652740478516 -33.06748962402344 2
    endloop
  endfacet
  facet normal 0 0 1
    outer loop
      vertex 22.7471923828125 -33.85297393798828 2
      vertex -22.7471923828125 -33.85297393798828 2
      vertex 24.341732025146484 -34.336673736572266 2
    endloop
  endfacet
  facet normal 0 0 1
    outer loop
      vertex -24.341732025146484 -34.336673736572266 2
      vertex 24.341732025146484 -34.336673736572266 2
      vertex -22.7471923828125 -33.85297393798828 2
    endloop
  endfacet
  facet normal 0 0 1
    outer loop
      vertex 24.341732025146484 -34.336673736572266 2
      vertex -24.341732025146484 -34.336673736572266 2
      vertex 36 -36 2
    endloop
  endfacet
  facet normal 0 0 1
    outer loop
      vertex -36 -36 2
      vertex -24.341732025146484 -34.336673736572266 2
      vertex -26 -34.5 2
    endloop
  endfacet
  facet normal 0 0 1
    outer loop
      vertex -24.341732025146484 -34.336673736572266 2
      vertex -36 -36 2
      vertex 36 -36 2
    endloop
  endfacet
  facet normal 0 0 1
    outer loop
      vertex -27.658267974853516 -34.336673736572266 2
      vertex -36 -36 2
      vertex -26 -34.5 2
    endloop
  endfacet
  facet normal 0 0 1
    outer loop
      vertex -29.2528076171875 -33.85297393798828 2
      vertex -36 -36 2
      vertex -27.658267974853516 -34.336673736572266 2
    endloop
  endfacet
  facet normal 0 0 1
    outer loop
      vertex -30.722347259521484 -33.06748962402344 2
      vertex -36 -36 2
      vertex -29.2528076171875 -33.85297393798828 2
    endloop
  endfacet
  facet normal 0 0 1
    outer loop
      vertex -32.010406494140625 -32.010406494140625 2
      vertex -36 -36 2
      vertex -30.722347259521484 -33.06748962402344 2
    endloop
  endfacet
  facet normal 0 0 1
    outer loop
      vertex -33.06748962402344 -30.722347259521484 2
      vertex -36 -36 2
      vertex -32.010406494140625 -32.010406494140625 2
    endloop
  endfacet
  facet normal 0 0 1
    outer loop
      vertex -33.85297393798828 -29.2528076171875 2
      vertex -36 -36 2
      vertex -33.06748962402344 -30.722347259521484 2
    endloop
  endfacet
  facet normal 0 0 1
    outer loop
      vertex -34.336673736572266 -27.658267974853516 2
      vertex -36 -36 2
      vertex -33.85297393798828 -29.2528076171875 2
    endloop
  endfacet
  facet normal 0 0 1
    outer loop
      vertex -34.5 -26 2
      vertex -36 -36 2
      vertex -34.336673736572266 -27.658267974853516 2
    endloop
  endfacet
  facet normal 0 0 1
    outer loop
      vertex -34.336673736572266 -24.341732025146484 2
      vertex -36 -36 2
      vertex -34.5 -26 2
    endloop
  endfacet
  facet normal 0 0 1
    outer loop
      vertex -18.93250846862793 21.277652740478516 2
      vertex -10 10 2
      vertex -18.147024154663086 22.7471923828125 2
    endloop
  endfacet
  facet normal 0 0 1
    outer loop
      vertex -5 -25 2
      vertex -17.5 -26 2
      vertex -5 -29 2
    endloop
  endfacet
  facet normal 0 0 1
    outer loop
      vertex -19.989593505859375 19.989593505859375 2
      vertex -10 10 2
      vertex -18.93250846862793 21.277652740478516 2
    endloop
  endfacet
  facet normal 0 0 1
    outer loop
      vertex -5 -25 2
      vertex -18.147024154663086 -22.7471923828125 2
      vertex -17.663326263427734 -24.341732025146484 2
    endloop
  endfacet
  facet normal 0 0 1
    outer loop
      vertex -21.277652740478516 18.93250846862793 2
      vertex -10 10 2
      vertex -19.989593505859375 19.989593505859375 2
    endloop
  endfacet
  facet normal 0 0 1
    outer loop
      vertex -10 -10 2
      vertex -18.93250846862793 -21.277652740478516 2
      vertex -18.147024154663086 -22.7471923828125 2
    endloop
  endfacet
  facet normal 0 0 1
    outer loop
      vertex -22.7471923828125 18.147024154663086 2
      vertex -10 10 2
      vertex -21.277652740478516 18.93250846862793 2
    endloop
  endfacet
  facet normal 0 0 1
    outer loop
      vertex -22.7471923828125 -18.147024154663086 2
      vertex -10 -10 2
      vertex -26 0 2
    endloop
  endfacet
  facet normal 0 0 1
    outer loop
      vertex -10 10 2
      vertex -26 0 2
      vertex -10 -10 2
    endloop
  endfacet
  facet normal 0 0 1
    outer loop
      vertex -10 -10 2
      vertex -19.989593505859375 -19.989593505859375 2
      vertex -18.93250846862793 -21.277652740478516 2
    endloop
  endfacet
  facet normal 0 0 1
    outer loop
      vertex -10 10 2
      vertex -22.7471923828125 18.147024154663086 2
      vertex -26 0 2
    endloop
  endfacet
  facet normal 0 0 1
    outer loop
      vertex -10 -10 2
      vertex -21.277652740478516 -18.93250846862793 2
      vertex -19.989593505859375 -19.989593505859375 2
    endloop
  endfacet
  facet normal 0 0 1
    outer loop
      vertex -26 0 2
      vertex -22.7471923828125 18.147024154663086 2
      vertex -24.341732025146484 17.663326263427734 2
    endloop
  endfacet
  facet normal 0 0 1
    outer loop
      vertex -10 -10 2
      vertex -22.7471923828125 -18.147024154663086 2
      vertex -21.277652740478516 -18.93250846862793 2
    endloop
  endfacet
  facet normal 0 0 1
    outer loop
      vertex -26 0 2
      vertex -24.341732025146484 17.663326263427734 2
      vertex -26 17.5 2
    endloop
  endfacet
  facet normal 0 0 1
    outer loop
      vertex -22.7471923828125 -18.147024154663086 2
      vertex -26 0 2
      vertex -24.341732025146484 -17.663326263427734 2
    endloop
  endfacet
  facet normal 0 0 1
    outer loop
      vertex -26 0 2
      vertex -26 -17.5 2
      vertex -24.341732025146484 -17.663326263427734 2
    endloop
  endfacet
  facet normal 0 0 1
    outer loop
      vertex -26 0 2
      vertex -27.658267974853516 -17.663326263427734 2
      vertex -26 -17.5 2
    endloop
  endfacet
  facet normal 0 0 1
    outer loop
      vertex -31 0 2
      vertex -27.658267974853516 -17.663326263427734 2
      vertex -26 0 2
    endloop
  endfacet
  facet normal 0 0 1
    outer loop
      vertex -27.658267974853516 -17.663326263427734 2
      vertex -31 0 2
      vertex -29.2528076171875 -18.147024154663086 2
    endloop
  endfacet
  facet normal 0 0 1
    outer loop
      vertex -29.2528076171875 -18.147024154663086 2
      vertex -31 0 2
      vertex -30.722347259521484 -18.93250846862793 2
    endloop
  endfacet
  facet normal 0 0 1
    outer loop
      vertex -33.06748962402344 21.277652740478516 2
      vertex -31 0 2
      vertex -32.010406494140625 19.989593505859375 2
    endloop
  endfacet
  facet normal 0 0 1
    outer loop
      vertex -31 0 2
      vertex -32.010406494140625 -19.989593505859375 2
      vertex -30.722347259521484 -18.93250846862793 2
    endloop
  endfacet
  facet normal 0 0 1
    outer loop
      vertex -33.85297393798828 22.7471923828125 2
      vertex -31 0 2
      vertex -33.06748962402344 21.277652740478516 2
    endloop
  endfacet
  facet normal 0 0 1
    outer loop
      vertex -31 0 2
      vertex -33.06748962402344 -21.277652740478516 2
      vertex -32.010406494140625 -19.989593505859375 2
    endloop
  endfacet
  facet normal 0 0 1
    outer loop
      vertex -34.336673736572266 24.341732025146484 2
      vertex -31 0 2
      vertex -33.85297393798828 22.7471923828125 2
    endloop
  endfacet
  facet normal 0 0 1
    outer loop
      vertex -31 0 2
      vertex -33.85297393798828 -22.7471923828125 2
      vertex -33.06748962402344 -21.277652740478516 2
    endloop
  endfacet
  facet normal 0 0 1
    outer loop
      vertex -34.336673736572266 -24.341732025146484 2
      vertex -31 0 2
      vertex -34.336673736572266 24.341732025146484 2
    endloop
  endfacet
  facet normal 0 0 1
    outer loop
      vertex -31 0 2
      vertex -34.336673736572266 -24.341732025146484 2
      vertex -33.85297393798828 -22.7471923828125 2
    endloop
  endfacet
  facet normal 0 0 1
    outer loop
      vertex -36 36 2
      vertex -34.336673736572266 24.341732025146484 2
      vertex -34.5 26 2
    endloop
  endfacet
  facet normal 0 0 1
    outer loop
      vertex -34.336673736572266 24.341732025146484 2
      vertex -36 36 2
      vertex -34.336673736572266 -24.341732025146484 2
    endloop
  endfacet
  facet normal 0 0 1
    outer loop
      vertex -31 36 2
      vertex -32.010406494140625 32.010406494140625 2
      vertex -31 32.83962631225586 2
    endloop
  endfacet
  facet normal 0 0 1
    outer loop
      vertex -36 36 2
      vertex -32.010406494140625 32.010406494140625 2
      vertex -31 36 2
    endloop
  endfacet
  facet normal 0 0 1
    outer loop
      vertex -32.010406494140625 32.010406494140625 2
      vertex -36 36 2
      vertex -33.06748962402344 30.722347259521484 2
    endloop
  endfacet
  facet normal 0 0 1
    outer loop
      vertex -36 -36 2
      vertex -34.336673736572266 -24.341732025146484 2
      vertex -36 36 2
    endloop
  endfacet
  facet normal 0 0 1
    outer loop
      vertex -34.336673736572266 27.658267974853516 2
      vertex -36 36 2
      vertex -34.5 26 2
    endloop
  endfacet
  facet normal 0 0 1
    outer loop
      vertex -33.85297393798828 29.2528076171875 2
      vertex -36 36 2
      vertex -34.336673736572266 27.658267974853516 2
    endloop
  endfacet
  facet normal 0 0 1
    outer loop
      vertex -33.06748962402344 30.722347259521484 2
      vertex -36 36 2
      vertex -33.85297393798828 29.2528076171875 2
    endloop
  endfacet
  facet normal 0 0 1
    outer loop
      vertex 32.010406494140625 32.010406494140625 2
      vertex 36 31 2
      vertex 36 36 2
    endloop
  endfacet
  facet normal 0 0 1
    outer loop
      vertex 36 31 2
      vertex 32.010406494140625 32.010406494140625 2
      vertex 32.83962631225586 31 2
    endloop
  endfacet
  facet normal 0 0 1
    outer loop
      vertex 36 36 2
      vertex 30.722347259521484 33.06748962402344 2
      vertex 32.010406494140625 32.010406494140625 2
    endloop
  endfacet
  facet normal 0 0 1
    outer loop
      vertex 36 36 2
      vertex 29.2528076171875 33.85297393798828 2
      vertex 30.722347259521484 33.06748962402344 2
    endloop
  endfacet
  facet normal 0 0 1
    outer loop
      vertex 26 36 2
      vertex 29.2528076171875 33.85297393798828 2
      vertex 36 36 2
    endloop
  endfacet
  facet normal 0 0 1
    outer loop
      vertex 29.2528076171875 33.85297393798828 2
      vertex 26 36 2
      vertex 27.658267974853516 34.336673736572266 2
    endloop
  endfacet
  facet normal 0 0 1
    outer loop
      vertex 27.658267974853516 34.336673736572266 2
      vertex 26 36 2
      vertex 26 34.5 2
    endloop
  endfacet
  facet normal 0 0 -1
    outer loop
      vertex -36 -36 0
      vertex 36 36 0
      vertex 36 -36 0
    endloop
  endfacet
  facet normal 0 0 -1
    outer loop
      vertex 36 36 0
      vertex -36 -36 0
      vertex -36 36 0
    endloop
  endfacet
  facet normal -1 0 0
    outer loop
      vertex -36 -36 0
      vertex -36 36 2
      vertex -36 36 0
    endloop
  endfacet
  facet normal -1 0 0
    outer loop
      vertex -36 36 2
      vertex -36 -36 0
      vertex -36 -36 2
    endloop
  endfacet
  facet normal 0 1 0
    outer loop
      vertex 36 36 2
      vertex 26 36 1
      vertex 26 36 2
    endloop
  endfacet
  facet normal 0 1 0
    outer loop
      vertex 36 36 0
      vertex 21 36 1
      vertex 26 36 1
    endloop
  endfacet
  facet normal 0 1 0
    outer loop
      vertex 21 36 1
      vertex -36 36 0
      vertex -26 36 1
    endloop
  endfacet
  facet normal 0 1 0
    outer loop
      vertex 21 36 1
      vertex 36 36 0
      vertex -36 36 0
    endloop
  endfacet
  facet normal 0 1 0
    outer loop
      vertex 36 36 0
      vertex 26 36 1
      vertex 36 36 2
    endloop
  endfacet
  facet normal 0 1 0
    outer loop
      vertex 21 36 1
      vertex -26 36 2
      vertex 21 36 2
    endloop
  endfacet
  facet normal 0 1 0
    outer loop
      vertex -26 36 2
      vertex 21 36 1
      vertex -26 36 1
    endloop
  endfacet
  facet normal 0 1 0
    outer loop
      vertex -31 36 1
      vertex -36 36 2
      vertex -31 36 2
    endloop
  endfacet
  facet normal 0 1 0
    outer loop
      vertex -31 36 1
      vertex -36 36 0
      vertex -36 36 2
    endloop
  endfacet
  facet normal 0 1 0
    outer loop
      vertex -26 36 1
      vertex -36 36 0
      vertex -31 36 1
    endloop
  endfacet
  facet normal 0 -1 0
    outer loop
      vertex -36 -36 0
      vertex 36 -36 2
      vertex -36 -36 2
    endloop
  endfacet
  facet normal 0 -1 0
    outer loop
      vertex 36 -36 2
      vertex -36 -36 0
      vertex 36 -36 0
    endloop
  endfacet
  facet normal 1 0 0
    outer loop
      vertex 5 -29 14
      vertex 5 -26 2
      vertex 5 -26 14
    endloop
  endfacet
  facet normal 1 0 0
    outer loop
      vertex 5 -26 2
      vertex 5 -29 14
      vertex 5 -29 2
    endloop
  endfacet
  facet normal 0 0 1
    outer loop
      vertex 0 -25 14
      vertex -5 -25 14
      vertex 0 -26 14
    endloop
  endfacet
  facet normal 0 0 1
    outer loop
      vertex 0 -26 14
      vertex 5 -29 14
      vertex 5 -26 14
    endloop
  endfacet
  facet normal 0 0 1
    outer loop
      vertex -5 -29 14
      vertex 0 -26 14
      vertex -5 -25 14
    endloop
  endfacet
  facet normal 0 0 1
    outer loop
      vertex 0 -26 14
      vertex -5 -29 14
      vertex 5 -29 14
    endloop
  endfacet
  facet normal -1 0 0
    outer loop
      vertex -5 -29 2
      vertex -5 -25 14
      vertex -5 -25 2
    endloop
  endfacet
  facet normal -1 0 0
    outer loop
      vertex -5 -25 14
      vertex -5 -29 2
      vertex -5 -29 14
    endloop
  endfacet
  facet normal 0 1 0
    outer loop
      vertex 0 -25 2
      vertex -5 -25 14
      vertex 0 -25 14
    endloop
  endfacet
  facet normal 0 1 0
    outer loop
      vertex -5 -25 14
      vertex 0 -25 2
      vertex -5 -25 2
    endloop
  endfacet
  facet normal 0 -1 0
    outer loop
      vertex -5 -29 2
      vertex 5 -29 14
      vertex -5 -29 14
    endloop
  endfacet
  facet normal 0 -1 0
    outer loop
      vertex 5 -29 14
      vertex -5 -29 2
      vertex 5 -29 2
    endloop
  endfacet
endsolid OpenSCAD_Model
