solid OpenSCAD_Model
  facet normal 0.9951847210912537 0.09801719699381176 0
    outer loop
      vertex 38 0 6
      vertex 37.269840240478516 7.4134321212768555 0
      vertex 37.269840240478516 7.4134321212768555 6
    endloop
  endfacet
  facet normal 0.9951847210912537 0.09801719699381176 0
    outer loop
      vertex 37.269840240478516 7.4134321212768555 0
      vertex 38 0 6
      vertex 38 0 0
    endloop
  endfacet
  facet normal -0.4713968617770492 -0.8819211975606152 0
    outer loop
      vertex -21.11166763305664 -31.595844268798828 0
      vertex -14.541970252990723 -35.107421875 6
      vertex -21.11166763305664 -31.595844268798828 6
    endloop
  endfacet
  facet normal -0.4713968617770492 -0.8819211975606152 0
    outer loop
      vertex -14.541970252990723 -35.107421875 6
      vertex -21.11166763305664 -31.595844268798828 0
      vertex -14.541970252990723 -35.107421875 0
    endloop
  endfacet
  facet normal 0.9569403370651565 0.29028467286032267 0
    outer loop
      vertex 37.269840240478516 7.4134321212768555 6
      vertex 35.107421875 14.541970252990723 0
      vertex 35.107421875 14.541970252990723 6
    endloop
  endfacet
  facet normal 0.9569403370651565 0.29028467286032267 0
    outer loop
      vertex 35.107421875 14.541970252990723 0
      vertex 37.269840240478516 7.4134321212768555 6
      vertex 37.269840240478516 7.4134321212768555 0
    endloop
  endfacet
  facet normal -0.7730104014009427 0.6343933474792698 0
    outer loop
      vertex -31.595844268798828 21.11166763305664 0
      vertex -26.87005615234375 26.87005615234375 6
      vertex -26.87005615234375 26.87005615234375 0
    endloop
  endfacet
  facet normal -0.7730104014009427 0.6343933474792698 0
    outer loop
      vertex -26.87005615234375 26.87005615234375 6
      vertex -31.595844268798828 21.11166763305664 0
      vertex -31.595844268798828 21.11166763305664 6
    endloop
  endfacet
  facet normal -0.29028467286032267 0.9569403370651565 0
    outer loop
      vertex -7.4134321212768555 37.269840240478516 0
      vertex -14.541970252990723 35.107421875 6
      vertex -7.4134321212768555 37.269840240478516 6
    endloop
  endfacet
  facet normal -0.29028467286032267 0.9569403370651565 0
    outer loop
      vertex -14.541970252990723 35.107421875 6
      vertex -7.4134321212768555 37.269840240478516 0
      vertex -14.541970252990723 35.107421875 0
    endloop
  endfacet
  facet normal 0.29028467286032267 0.9569403370651565 0
    outer loop
      vertex 14.541970252990723 35.107421875 0
      vertex 7.4134321212768555 37.269840240478516 6
      vertex 14.541970252990723 35.107421875 6
    endloop
  endfacet
  facet normal 0.29028467286032267 0.9569403370651565 0
    outer loop
      vertex 7.4134321212768555 37.269840240478516 6
      vertex 14.541970252990723 35.107421875 0
      vertex 7.4134321212768555 37.269840240478516 0
    endloop
  endfacet
  facet normal 0.09801719699381176 0.9951847210912537 0
    outer loop
      vertex 7.4134321212768555 37.269840240478516 0
      vertex 0 38 6
      vertex 7.4134321212768555 37.269840240478516 6
    endloop
  endfacet
  facet normal 0.09801719699381176 0.9951847210912537 0
    outer loop
      vertex 0 38 6
      vertex 7.4134321212768555 37.269840240478516 0
      vertex 0 38 0
    endloop
  endfacet
  facet normal -0.9569403370651565 0.29028467286032267 0
    outer loop
      vertex -37.269840240478516 7.4134321212768555 0
      vertex -35.107421875 14.541970252990723 6
      vertex -35.107421875 14.541970252990723 0
    endloop
  endfacet
  facet normal -0.9569403370651565 0.29028467286032267 0
    outer loop
      vertex -35.107421875 14.541970252990723 6
      vertex -37.269840240478516 7.4134321212768555 0
      vertex -37.269840240478516 7.4134321212768555 6
    endloop
  endfacet
  facet normal -0.6343933474792698 -0.7730104014009427 0
    outer loop
      vertex -26.87005615234375 -26.87005615234375 0
      vertex -21.11166763305664 -31.595844268798828 6
      vertex -26.87005615234375 -26.87005615234375 6
    endloop
  endfacet
  facet normal -0.6343933474792698 -0.7730104014009427 0
    outer loop
      vertex -21.11166763305664 -31.595844268798828 6
      vertex -26.87005615234375 -26.87005615234375 0
      vertex -21.11166763305664 -31.595844268798828 0
    endloop
  endfacet
  facet normal 0.4713968617770492 -0.8819211975606152 0
    outer loop
      vertex 14.541970252990723 -35.107421875 0
      vertex 21.11166763305664 -31.595844268798828 6
      vertex 14.541970252990723 -35.107421875 6
    endloop
  endfacet
  facet normal 0.4713968617770492 -0.8819211975606152 0
    outer loop
      vertex 21.11166763305664 -31.595844268798828 6
      vertex 14.541970252990723 -35.107421875 0
      vertex 21.11166763305664 -31.595844268798828 0
    endloop
  endfacet
  facet normal 0.8819211975606152 -0.4713968617770492 0
    outer loop
      vertex 31.595844268798828 -21.11166763305664 6
      vertex 35.107421875 -14.541970252990723 0
      vertex 35.107421875 -14.541970252990723 6
    endloop
  endfacet
  facet normal 0.8819211975606152 -0.4713968617770492 0
    outer loop
      vertex 35.107421875 -14.541970252990723 0
      vertex 31.595844268798828 -21.11166763305664 6
      vertex 31.595844268798828 -21.11166763305664 0
    endloop
  endfacet
  facet normal -0.4713968617770492 0.8819211975606152 0
    outer loop
      vertex -14.541970252990723 35.107421875 0
      vertex -21.11166763305664 31.595844268798828 6
      vertex -14.541970252990723 35.107421875 6
    endloop
  endfacet
  facet normal -0.4713968617770492 0.8819211975606152 0
    outer loop
      vertex -21.11166763305664 31.595844268798828 6
      vertex -14.541970252990723 35.107421875 0
      vertex -21.11166763305664 31.595844268798828 0
    endloop
  endfacet
  facet normal 0.09801719699381176 -0.9951847210912537 0
    outer loop
      vertex 0 -38 0
      vertex 7.4134321212768555 -37.269840240478516 6
      vertex 0 -38 6
    endloop
  endfacet
  facet normal 0.09801719699381176 -0.9951847210912537 0
    outer loop
      vertex 7.4134321212768555 -37.269840240478516 6
      vertex 0 -38 0
      vertex 7.4134321212768555 -37.269840240478516 0
    endloop
  endfacet
  facet normal -0.29028467286032267 -0.9569403370651565 0
    outer loop
      vertex -14.541970252990723 -35.107421875 0
      vertex -7.4134321212768555 -37.269840240478516 6
      vertex -14.541970252990723 -35.107421875 6
    endloop
  endfacet
  facet normal -0.29028467286032267 -0.9569403370651565 0
    outer loop
      vertex -7.4134321212768555 -37.269840240478516 6
      vertex -14.541970252990723 -35.107421875 0
      vertex -7.4134321212768555 -37.269840240478516 0
    endloop
  endfacet
  facet normal 0.6343933474792698 0.7730104014009427 0
    outer loop
      vertex 26.87005615234375 26.87005615234375 0
      vertex 21.11166763305664 31.595844268798828 6
      vertex 26.87005615234375 26.87005615234375 6
    endloop
  endfacet
  facet normal 0.6343933474792698 0.7730104014009427 0
    outer loop
      vertex 21.11166763305664 31.595844268798828 6
      vertex 26.87005615234375 26.87005615234375 0
      vertex 21.11166763305664 31.595844268798828 0
    endloop
  endfacet
  facet normal 0.8819211975606152 0.4713968617770492 0
    outer loop
      vertex 35.107421875 14.541970252990723 6
      vertex 31.595844268798828 21.11166763305664 0
      vertex 31.595844268798828 21.11166763305664 6
    endloop
  endfacet
  facet normal 0.8819211975606152 0.4713968617770492 0
    outer loop
      vertex 31.595844268798828 21.11166763305664 0
      vertex 35.107421875 14.541970252990723 6
      vertex 35.107421875 14.541970252990723 0
    endloop
  endfacet
  facet normal 0.6343933474792698 -0.7730104014009427 0
    outer loop
      vertex 21.11166763305664 -31.595844268798828 0
      vertex 26.87005615234375 -26.87005615234375 6
      vertex 21.11166763305664 -31.595844268798828 6
    endloop
  endfacet
  facet normal 0.6343933474792698 -0.7730104014009427 0
    outer loop
      vertex 26.87005615234375 -26.87005615234375 6
      vertex 21.11166763305664 -31.595844268798828 0
      vertex 26.87005615234375 -26.87005615234375 0
    endloop
  endfacet
  facet normal -0.8819211975606152 0.4713968617770492 0
    outer loop
      vertex -35.107421875 14.541970252990723 0
      vertex -31.595844268798828 21.11166763305664 6
      vertex -31.595844268798828 21.11166763305664 0
    endloop
  endfacet
  facet normal -0.8819211975606152 0.4713968617770492 0
    outer loop
      vertex -31.595844268798828 21.11166763305664 6
      vertex -35.107421875 14.541970252990723 0
      vertex -35.107421875 14.541970252990723 6
    endloop
  endfacet
  facet normal -0.6343933474792698 0.7730104014009427 0
    outer loop
      vertex -21.11166763305664 31.595844268798828 0
      vertex -26.87005615234375 26.87005615234375 6
      vertex -21.11166763305664 31.595844268798828 6
    endloop
  endfacet
  facet normal -0.6343933474792698 0.7730104014009427 0
    outer loop
      vertex -26.87005615234375 26.87005615234375 6
      vertex -21.11166763305664 31.595844268798828 0
      vertex -26.87005615234375 26.87005615234375 0
    endloop
  endfacet
  facet normal 0.7730104014009427 0.6343933474792698 0
    outer loop
      vertex 31.595844268798828 21.11166763305664 6
      vertex 26.87005615234375 26.87005615234375 0
      vertex 26.87005615234375 26.87005615234375 6
    endloop
  endfacet
  facet normal 0.7730104014009427 0.6343933474792698 0
    outer loop
      vertex 26.87005615234375 26.87005615234375 0
      vertex 31.595844268798828 21.11166763305664 6
      vertex 31.595844268798828 21.11166763305664 0
    endloop
  endfacet
  facet normal -0.09801719699381176 0.9951847210912537 0
    outer loop
      vertex 0 38 0
      vertex -7.4134321212768555 37.269840240478516 6
      vertex 0 38 6
    endloop
  endfacet
  facet normal -0.09801719699381176 0.9951847210912537 0
    outer loop
      vertex -7.4134321212768555 37.269840240478516 6
      vertex 0 38 0
      vertex -7.4134321212768555 37.269840240478516 0
    endloop
  endfacet
  facet normal 0.9951847210912537 -0.09801719699381176 0
    outer loop
      vertex 37.269840240478516 -7.4134321212768555 6
      vertex 38 0 0
      vertex 38 0 6
    endloop
  endfacet
  facet normal 0.9951847210912537 -0.09801719699381176 0
    outer loop
      vertex 38 0 0
      vertex 37.269840240478516 -7.4134321212768555 6
      vertex 37.269840240478516 -7.4134321212768555 0
    endloop
  endfacet
  facet normal 0.9569403370651565 -0.29028467286032267 0
    outer loop
      vertex 35.107421875 -14.541970252990723 6
      vertex 37.269840240478516 -7.4134321212768555 0
      vertex 37.269840240478516 -7.4134321212768555 6
    endloop
  endfacet
  facet normal 0.9569403370651565 -0.29028467286032267 0
    outer loop
      vertex 37.269840240478516 -7.4134321212768555 0
      vertex 35.107421875 -14.541970252990723 6
      vertex 35.107421875 -14.541970252990723 0
    endloop
  endfacet
  facet normal -0.9951847210912537 0.09801719699381176 0
    outer loop
      vertex -38 0 0
      vertex -37.269840240478516 7.4134321212768555 6
      vertex -37.269840240478516 7.4134321212768555 0
    endloop
  endfacet
  facet normal -0.9951847210912537 0.09801719699381176 0
    outer loop
      vertex -37.269840240478516 7.4134321212768555 6
      vertex -38 0 0
      vertex -38 0 6
    endloop
  endfacet
  facet normal 0.4713968617770492 0.8819211975606152 0
    outer loop
      vertex 21.11166763305664 31.595844268798828 0
      vertex 14.541970252990723 35.107421875 6
      vertex 21.11166763305664 31.595844268798828 6
    endloop
  endfacet
  facet normal 0.4713968617770492 0.8819211975606152 0
    outer loop
      vertex 14.541970252990723 35.107421875 6
      vertex 21.11166763305664 31.595844268798828 0
      vertex 14.541970252990723 35.107421875 0
    endloop
  endfacet
  facet normal -0.9569403370651565 -0.29028467286032267 0
    outer loop
      vertex -35.107421875 -14.541970252990723 0
      vertex -37.269840240478516 -7.4134321212768555 6
      vertex -37.269840240478516 -7.4134321212768555 0
    endloop
  endfacet
  facet normal -0.9569403370651565 -0.29028467286032267 0
    outer loop
      vertex -37.269840240478516 -7.4134321212768555 6
      vertex -35.107421875 -14.541970252990723 0
      vertex -35.107421875 -14.541970252990723 6
    endloop
  endfacet
  facet normal 0.7730104014009427 -0.6343933474792698 0
    outer loop
      vertex 26.87005615234375 -26.87005615234375 6
      vertex 31.595844268798828 -21.11166763305664 0
      vertex 31.595844268798828 -21.11166763305664 6
    endloop
  endfacet
  facet normal 0.7730104014009427 -0.6343933474792698 0
    outer loop
      vertex 31.595844268798828 -21.11166763305664 0
      vertex 26.87005615234375 -26.87005615234375 6
      vertex 26.87005615234375 -26.87005615234375 0
    endloop
  endfacet
  facet normal -0.7730104014009427 -0.6343933474792698 0
    outer loop
      vertex -26.87005615234375 -26.87005615234375 0
      vertex -31.595844268798828 -21.11166763305664 6
      vertex -31.595844268798828 -21.11166763305664 0
    endloop
  endfacet
  facet normal -0.7730104014009427 -0.6343933474792698 0
    outer loop
      vertex -31.595844268798828 -21.11166763305664 6
      vertex -26.87005615234375 -26.87005615234375 0
      vertex -26.87005615234375 -26.87005615234375 6
    endloop
  endfacet
  facet normal 0 0 -1
    outer loop
      vertex 37.269840240478516 -7.4134321212768555 0
      vertex 37.269840240478516 7.4134321212768555 0
      vertex 38 0 0
    endloop
  endfacet
  facet normal 0 0 -1
    outer loop
      vertex 35.107421875 -14.541970252990723 0
      vertex 37.269840240478516 7.4134321212768555 0
      vertex 37.269840240478516 -7.4134321212768555 0
    endloop
  endfacet
  facet normal 0 0 -1
    outer loop
      vertex 35.107421875 -14.541970252990723 0
      vertex 35.107421875 14.541970252990723 0
      vertex 37.269840240478516 7.4134321212768555 0
    endloop
  endfacet
  facet normal 0 0 -1
    outer loop
      vertex 31.595844268798828 -21.11166763305664 0
      vertex 35.107421875 14.541970252990723 0
      vertex 35.107421875 -14.541970252990723 0
    endloop
  endfacet
  facet normal 0 0 -1
    outer loop
      vertex 31.595844268798828 -21.11166763305664 0
      vertex 31.595844268798828 21.11166763305664 0
      vertex 35.107421875 14.541970252990723 0
    endloop
  endfacet
  facet normal 0 0 -1
    outer loop
      vertex 26.87005615234375 -26.87005615234375 0
      vertex 31.595844268798828 21.11166763305664 0
      vertex 31.595844268798828 -21.11166763305664 0
    endloop
  endfacet
  facet normal 0 0 -1
    outer loop
      vertex 26.87005615234375 -26.87005615234375 0
      vertex 26.87005615234375 26.87005615234375 0
      vertex 31.595844268798828 21.11166763305664 0
    endloop
  endfacet
  facet normal 0 0 -1
    outer loop
      vertex 21.11166763305664 -31.595844268798828 0
      vertex 26.87005615234375 26.87005615234375 0
      vertex 26.87005615234375 -26.87005615234375 0
    endloop
  endfacet
  facet normal 0 0 -1
    outer loop
      vertex 21.11166763305664 -31.595844268798828 0
      vertex 21.11166763305664 31.595844268798828 0
      vertex 26.87005615234375 26.87005615234375 0
    endloop
  endfacet
  facet normal 0 0 -1
    outer loop
      vertex 14.541970252990723 -35.107421875 0
      vertex 21.11166763305664 31.595844268798828 0
      vertex 21.11166763305664 -31.595844268798828 0
    endloop
  endfacet
  facet normal 0 0 -1
    outer loop
      vertex 14.541970252990723 -35.107421875 0
      vertex 14.541970252990723 35.107421875 0
      vertex 21.11166763305664 31.595844268798828 0
    endloop
  endfacet
  facet normal 0 0 -1
    outer loop
      vertex 7.4134321212768555 -37.269840240478516 0
      vertex 14.541970252990723 35.107421875 0
      vertex 14.541970252990723 -35.107421875 0
    endloop
  endfacet
  facet normal 0 0 -1
    outer loop
      vertex 7.4134321212768555 -37.269840240478516 0
      vertex 7.4134321212768555 37.269840240478516 0
      vertex 14.541970252990723 35.107421875 0
    endloop
  endfacet
  facet normal 0 0 -1
    outer loop
      vertex 0 -38 0
      vertex 7.4134321212768555 37.269840240478516 0
      vertex 7.4134321212768555 -37.269840240478516 0
    endloop
  endfacet
  facet normal 0 0 -1
    outer loop
      vertex 0 -38 0
      vertex 0 38 0
      vertex 7.4134321212768555 37.269840240478516 0
    endloop
  endfacet
  facet normal 0 0 -1
    outer loop
      vertex -7.4134321212768555 -37.269840240478516 0
      vertex 0 38 0
      vertex 0 -38 0
    endloop
  endfacet
  facet normal 0 0 -1
    outer loop
      vertex -7.4134321212768555 -37.269840240478516 0
      vertex -7.4134321212768555 37.269840240478516 0
      vertex 0 38 0
    endloop
  endfacet
  facet normal 0 0 -1
    outer loop
      vertex -14.541970252990723 -35.107421875 0
      vertex -7.4134321212768555 37.269840240478516 0
      vertex -7.4134321212768555 -37.269840240478516 0
    endloop
  endfacet
  facet normal 0 0 -1
    outer loop
      vertex -14.541970252990723 -35.107421875 0
      vertex -14.541970252990723 35.107421875 0
      vertex -7.4134321212768555 37.269840240478516 0
    endloop
  endfacet
  facet normal 0 0 -1
    outer loop
      vertex -21.11166763305664 -31.595844268798828 0
      vertex -14.541970252990723 35.107421875 0
      vertex -14.541970252990723 -35.107421875 0
    endloop
  endfacet
  facet normal 0 0 -1
    outer loop
      vertex -21.11166763305664 -31.595844268798828 0
      vertex -21.11166763305664 31.595844268798828 0
      vertex -14.541970252990723 35.107421875 0
    endloop
  endfacet
  facet normal 0 0 -1
    outer loop
      vertex -26.87005615234375 -26.87005615234375 0
      vertex -21.11166763305664 31.595844268798828 0
      vertex -21.11166763305664 -31.595844268798828 0
    endloop
  endfacet
  facet normal 0 0 -1
    outer loop
      vertex -26.87005615234375 -26.87005615234375 0
      vertex -26.87005615234375 26.87005615234375 0
      vertex -21.11166763305664 31.595844268798828 0
    endloop
  endfacet
  facet normal 0 0 -1
    outer loop
      vertex -31.595844268798828 -21.11166763305664 0
      vertex -26.87005615234375 26.87005615234375 0
      vertex -26.87005615234375 -26.87005615234375 0
    endloop
  endfacet
  facet normal 0 0 -1
    outer loop
      vertex -31.595844268798828 -21.11166763305664 0
      vertex -31.595844268798828 21.11166763305664 0
      vertex -26.87005615234375 26.87005615234375 0
    endloop
  endfacet
  facet normal 0 0 -1
    outer loop
      vertex -35.107421875 -14.541970252990723 0
      vertex -31.595844268798828 21.11166763305664 0
      vertex -31.595844268798828 -21.11166763305664 0
    endloop
  endfacet
  facet normal 0 0 -1
    outer loop
      vertex -35.107421875 -14.541970252990723 0
      vertex -35.107421875 14.541970252990723 0
      vertex -31.595844268798828 21.11166763305664 0
    endloop
  endfacet
  facet normal 0 0 -1
    outer loop
      vertex -37.269840240478516 -7.4134321212768555 0
      vertex -35.107421875 14.541970252990723 0
      vertex -35.107421875 -14.541970252990723 0
    endloop
  endfacet
  facet normal 0 0 -1
    outer loop
      vertex -37.269840240478516 -7.4134321212768555 0
      vertex -37.269840240478516 7.4134321212768555 0
      vertex -35.107421875 14.541970252990723 0
    endloop
  endfacet
  facet normal 0 0 -1
    outer loop
      vertex -37.269840240478516 7.4134321212768555 0
      vertex -37.269840240478516 -7.4134321212768555 0
      vertex -38 0 0
    endloop
  endfacet
  facet normal -0.8819211975606152 -0.4713968617770492 0
    outer loop
      vertex -31.595844268798828 -21.11166763305664 0
      vertex -35.107421875 -14.541970252990723 6
      vertex -35.107421875 -14.541970252990723 0
    endloop
  endfacet
  facet normal -0.8819211975606152 -0.4713968617770492 0
    outer loop
      vertex -35.107421875 -14.541970252990723 6
      vertex -31.595844268798828 -21.11166763305664 0
      vertex -31.595844268798828 -21.11166763305664 6
    endloop
  endfacet
  facet normal 0.29028467286032267 -0.9569403370651565 0
    outer loop
      vertex 7.4134321212768555 -37.269840240478516 0
      vertex 14.541970252990723 -35.107421875 6
      vertex 7.4134321212768555 -37.269840240478516 6
    endloop
  endfacet
  facet normal 0.29028467286032267 -0.9569403370651565 0
    outer loop
      vertex 14.541970252990723 -35.107421875 6
      vertex 7.4134321212768555 -37.269840240478516 0
      vertex 14.541970252990723 -35.107421875 0
    endloop
  endfacet
  facet normal 0 0 1
    outer loop
      vertex 5.971107482910156 0 6
      vertex 38 0 6
      vertex 37.269840240478516 7.4134321212768555 6
    endloop
  endfacet
  facet normal 0 0 1
    outer loop
      vertex 5.856374740600586 1.1649045944213867 6
      vertex 37.269840240478516 7.4134321212768555 6
      vertex 35.107421875 14.541970252990723 6
    endloop
  endfacet
  facet normal 0 0 1
    outer loop
      vertex 38 0 6
      vertex 5.971107482910156 0 6
      vertex 37.269840240478516 -7.4134321212768555 6
    endloop
  endfacet
  facet normal 0 0 1
    outer loop
      vertex 5.516584396362305 2.285043716430664 6
      vertex 35.107421875 14.541970252990723 6
      vertex 31.595844268798828 21.11166763305664 6
    endloop
  endfacet
  facet normal 0 0 1
    outer loop
      vertex 5.856374740600586 -1.1649045944213867 6
      vertex 37.269840240478516 -7.4134321212768555 6
      vertex 5.971107482910156 0 6
    endloop
  endfacet
  facet normal 0 0 1
    outer loop
      vertex 4.964795112609863 3.3173694610595703 6
      vertex 31.595844268798828 21.11166763305664 6
      vertex 26.87005615234375 26.87005615234375 6
    endloop
  endfacet
  facet normal 0 0 1
    outer loop
      vertex 37.269840240478516 -7.4134321212768555 6
      vertex 5.856374740600586 -1.1649045944213867 6
      vertex 35.107421875 -14.541970252990723 6
    endloop
  endfacet
  facet normal 0 0 1
    outer loop
      vertex 4.222210884094238 4.222210884094238 6
      vertex 26.87005615234375 26.87005615234375 6
      vertex 21.11166763305664 31.595844268798828 6
    endloop
  endfacet
  facet normal 0 0 1
    outer loop
      vertex 5.516584396362305 -2.285043716430664 6
      vertex 35.107421875 -14.541970252990723 6
      vertex 5.856374740600586 -1.1649045944213867 6
    endloop
  endfacet
  facet normal 0 0 1
    outer loop
      vertex 3.3173694610595703 4.964795112609863 6
      vertex 21.11166763305664 31.595844268798828 6
      vertex 14.541970252990723 35.107421875 6
    endloop
  endfacet
  facet normal 0 0 1
    outer loop
      vertex 35.107421875 -14.541970252990723 6
      vertex 5.516584396362305 -2.285043716430664 6
      vertex 31.595844268798828 -21.11166763305664 6
    endloop
  endfacet
  facet normal 0 0 1
    outer loop
      vertex 2.285043716430664 5.516584396362305 6
      vertex 14.541970252990723 35.107421875 6
      vertex 7.4134321212768555 37.269840240478516 6
    endloop
  endfacet
  facet normal 0 0 1
    outer loop
      vertex 4.964795112609863 -3.3173694610595703 6
      vertex 31.595844268798828 -21.11166763305664 6
      vertex 5.516584396362305 -2.285043716430664 6
    endloop
  endfacet
  facet normal 0 0 1
    outer loop
      vertex 31.595844268798828 -21.11166763305664 6
      vertex 4.964795112609863 -3.3173694610595703 6
      vertex 26.87005615234375 -26.87005615234375 6
    endloop
  endfacet
  facet normal 0 0 1
    outer loop
      vertex 37.269840240478516 7.4134321212768555 6
      vertex 5.856374740600586 1.1649045944213867 6
      vertex 5.971107482910156 0 6
    endloop
  endfacet
  facet normal 0 0 1
    outer loop
      vertex 35.107421875 14.541970252990723 6
      vertex 5.516584396362305 2.285043716430664 6
      vertex 5.856374740600586 1.1649045944213867 6
    endloop
  endfacet
  facet normal 0 0 1
    outer loop
      vertex 31.595844268798828 21.11166763305664 6
      vertex 4.964795112609863 3.3173694610595703 6
      vertex 5.516584396362305 2.285043716430664 6
    endloop
  endfacet
  facet normal 0 0 1
    outer loop
      vertex 26.87005615234375 26.87005615234375 6
      vertex 4.222210884094238 4.222210884094238 6
      vertex 4.964795112609863 3.3173694610595703 6
    endloop
  endfacet
  facet normal 0 0 1
    outer loop
      vertex 21.11166763305664 31.595844268798828 6
      vertex 3.3173694610595703 4.964795112609863 6
      vertex 4.222210884094238 4.222210884094238 6
    endloop
  endfacet
  facet normal 0 0 1
    outer loop
      vertex 14.541970252990723 35.107421875 6
      vertex 2.285043716430664 5.516584396362305 6
      vertex 3.3173694610595703 4.964795112609863 6
    endloop
  endfacet
  facet normal 0 0 1
    outer loop
      vertex 7.4134321212768555 37.269840240478516 6
      vertex 1.1649045944213867 5.856374740600586 6
      vertex 2.285043716430664 5.516584396362305 6
    endloop
  endfacet
  facet normal 0 0 1
    outer loop
      vertex 0 38 6
      vertex 1.1649045944213867 5.856374740600586 6
      vertex 7.4134321212768555 37.269840240478516 6
    endloop
  endfacet
  facet normal 0 0 1
    outer loop
      vertex 0 38 6
      vertex 0 5.971107482910156 6
      vertex 1.1649045944213867 5.856374740600586 6
    endloop
  endfacet
  facet normal 0 0 1
    outer loop
      vertex 0 38 6
      vertex -1.1649045944213867 5.856374740600586 6
      vertex 0 5.971107482910156 6
    endloop
  endfacet
  facet normal 0 0 1
    outer loop
      vertex -7.4134321212768555 37.269840240478516 6
      vertex -1.1649045944213867 5.856374740600586 6
      vertex 0 38 6
    endloop
  endfacet
  facet normal 0 0 1
    outer loop
      vertex -1.1649045944213867 5.856374740600586 6
      vertex -7.4134321212768555 37.269840240478516 6
      vertex -2.285043716430664 5.516584396362305 6
    endloop
  endfacet
  facet normal 0 0 1
    outer loop
      vertex -14.541970252990723 35.107421875 6
      vertex -2.285043716430664 5.516584396362305 6
      vertex -7.4134321212768555 37.269840240478516 6
    endloop
  endfacet
  facet normal 0 0 1
    outer loop
      vertex -2.285043716430664 5.516584396362305 6
      vertex -14.541970252990723 35.107421875 6
      vertex -3.3173694610595703 4.964795112609863 6
    endloop
  endfacet
  facet normal 0 0 1
    outer loop
      vertex -21.11166763305664 31.595844268798828 6
      vertex -3.3173694610595703 4.964795112609863 6
      vertex -14.541970252990723 35.107421875 6
    endloop
  endfacet
  facet normal 0 0 1
    outer loop
      vertex -3.3173694610595703 4.964795112609863 6
      vertex -21.11166763305664 31.595844268798828 6
      vertex -4.222210884094238 4.222210884094238 6
    endloop
  endfacet
  facet normal 0 0 1
    outer loop
      vertex -4.222210884094238 4.222210884094238 6
      vertex -26.87005615234375 26.87005615234375 6
      vertex -4.964795112609863 3.3173694610595703 6
    endloop
  endfacet
  facet normal 0 0 1
    outer loop
      vertex -26.87005615234375 26.87005615234375 6
      vertex -4.222210884094238 4.222210884094238 6
      vertex -21.11166763305664 31.595844268798828 6
    endloop
  endfacet
  facet normal 0 0 1
    outer loop
      vertex 4.222210884094238 -4.222210884094238 6
      vertex 26.87005615234375 -26.87005615234375 6
      vertex 4.964795112609863 -3.3173694610595703 6
    endloop
  endfacet
  facet normal 0 0 1
    outer loop
      vertex 26.87005615234375 -26.87005615234375 6
      vertex 4.222210884094238 -4.222210884094238 6
      vertex 21.11166763305664 -31.595844268798828 6
    endloop
  endfacet
  facet normal 0 0 1
    outer loop
      vertex 3.3173694610595703 -4.964795112609863 6
      vertex 21.11166763305664 -31.595844268798828 6
      vertex 4.222210884094238 -4.222210884094238 6
    endloop
  endfacet
  facet normal 0 0 1
    outer loop
      vertex 21.11166763305664 -31.595844268798828 6
      vertex 3.3173694610595703 -4.964795112609863 6
      vertex 14.541970252990723 -35.107421875 6
    endloop
  endfacet
  facet normal 0 0 1
    outer loop
      vertex 2.285043716430664 -5.516584396362305 6
      vertex 14.541970252990723 -35.107421875 6
      vertex 3.3173694610595703 -4.964795112609863 6
    endloop
  endfacet
  facet normal 0 0 1
    outer loop
      vertex 14.541970252990723 -35.107421875 6
      vertex 2.285043716430664 -5.516584396362305 6
      vertex 7.4134321212768555 -37.269840240478516 6
    endloop
  endfacet
  facet normal 0 0 1
    outer loop
      vertex 1.1649045944213867 -5.856374740600586 6
      vertex 7.4134321212768555 -37.269840240478516 6
      vertex 2.285043716430664 -5.516584396362305 6
    endloop
  endfacet
  facet normal 0 0 1
    outer loop
      vertex 0 -5.971107482910156 6
      vertex 7.4134321212768555 -37.269840240478516 6
      vertex 1.1649045944213867 -5.856374740600586 6
    endloop
  endfacet
  facet normal 0 0 1
    outer loop
      vertex 0 -5.971107482910156 6
      vertex 0 -38 6
      vertex 7.4134321212768555 -37.269840240478516 6
    endloop
  endfacet
  facet normal 0 0 1
    outer loop
      vertex -1.1649045944213867 -5.856374740600586 6
      vertex 0 -38 6
      vertex 0 -5.971107482910156 6
    endloop
  endfacet
  facet normal 0 0 1
    outer loop
      vertex -7.4134321212768555 -37.269840240478516 6
      vertex -1.1649045944213867 -5.856374740600586 6
      vertex -2.285043716430664 -5.516584396362305 6
    endloop
  endfacet
  facet normal 0 0 1
    outer loop
      vertex -14.541970252990723 -35.107421875 6
      vertex -2.285043716430664 -5.516584396362305 6
      vertex -3.3173694610595703 -4.964795112609863 6
    endloop
  endfacet
  facet normal 0 0 1
    outer loop
      vertex -21.11166763305664 -31.595844268798828 6
      vertex -3.3173694610595703 -4.964795112609863 6
      vertex -4.222210884094238 -4.222210884094238 6
    endloop
  endfacet
  facet normal 0 0 1
    outer loop
      vertex -26.87005615234375 -26.87005615234375 6
      vertex -4.222210884094238 -4.222210884094238 6
      vertex -4.964795112609863 -3.3173694610595703 6
    endloop
  endfacet
  facet normal 0 0 1
    outer loop
      vertex -31.595844268798828 -21.11166763305664 6
      vertex -4.964795112609863 -3.3173694610595703 6
      vertex -5.516584396362305 -2.285043716430664 6
    endloop
  endfacet
  facet normal 0 0 1
    outer loop
      vertex -35.107421875 -14.541970252990723 6
      vertex -5.516584396362305 -2.285043716430664 6
      vertex -5.856374740600586 -1.1649045944213867 6
    endloop
  endfacet
  facet normal 0 0 1
    outer loop
      vertex -1.1649045944213867 -5.856374740600586 6
      vertex -7.4134321212768555 -37.269840240478516 6
      vertex 0 -38 6
    endloop
  endfacet
  facet normal 0 0 1
    outer loop
      vertex -37.269840240478516 -7.4134321212768555 6
      vertex -5.856374740600586 -1.1649045944213867 6
      vertex -5.971107482910156 0 6
    endloop
  endfacet
  facet normal 0 0 1
    outer loop
      vertex -31.595844268798828 21.11166763305664 6
      vertex -4.964795112609863 3.3173694610595703 6
      vertex -26.87005615234375 26.87005615234375 6
    endloop
  endfacet
  facet normal 0 0 1
    outer loop
      vertex -4.964795112609863 3.3173694610595703 6
      vertex -31.595844268798828 21.11166763305664 6
      vertex -5.516584396362305 2.285043716430664 6
    endloop
  endfacet
  facet normal 0 0 1
    outer loop
      vertex -2.285043716430664 -5.516584396362305 6
      vertex -14.541970252990723 -35.107421875 6
      vertex -7.4134321212768555 -37.269840240478516 6
    endloop
  endfacet
  facet normal 0 0 1
    outer loop
      vertex -35.107421875 14.541970252990723 6
      vertex -5.516584396362305 2.285043716430664 6
      vertex -31.595844268798828 21.11166763305664 6
    endloop
  endfacet
  facet normal 0 0 1
    outer loop
      vertex -3.3173694610595703 -4.964795112609863 6
      vertex -21.11166763305664 -31.595844268798828 6
      vertex -14.541970252990723 -35.107421875 6
    endloop
  endfacet
  facet normal 0 0 1
    outer loop
      vertex -5.516584396362305 2.285043716430664 6
      vertex -35.107421875 14.541970252990723 6
      vertex -5.856374740600586 1.1649045944213867 6
    endloop
  endfacet
  facet normal 0 0 1
    outer loop
      vertex -4.222210884094238 -4.222210884094238 6
      vertex -26.87005615234375 -26.87005615234375 6
      vertex -21.11166763305664 -31.595844268798828 6
    endloop
  endfacet
  facet normal 0 0 1
    outer loop
      vertex -37.269840240478516 7.4134321212768555 6
      vertex -5.856374740600586 1.1649045944213867 6
      vertex -35.107421875 14.541970252990723 6
    endloop
  endfacet
  facet normal 0 0 1
    outer loop
      vertex -4.964795112609863 -3.3173694610595703 6
      vertex -31.595844268798828 -21.11166763305664 6
      vertex -26.87005615234375 -26.87005615234375 6
    endloop
  endfacet
  facet normal 0 0 1
    outer loop
      vertex -5.856374740600586 1.1649045944213867 6
      vertex -37.269840240478516 7.4134321212768555 6
      vertex -5.971107482910156 0 6
    endloop
  endfacet
  facet normal 0 0 1
    outer loop
      vertex -5.516584396362305 -2.285043716430664 6
      vertex -35.107421875 -14.541970252990723 6
      vertex -31.595844268798828 -21.11166763305664 6
    endloop
  endfacet
  facet normal 0 0 1
    outer loop
      vertex -38 0 6
      vertex -5.971107482910156 0 6
      vertex -37.269840240478516 7.4134321212768555 6
    endloop
  endfacet
  facet normal 0 0 1
    outer loop
      vertex -5.856374740600586 -1.1649045944213867 6
      vertex -37.269840240478516 -7.4134321212768555 6
      vertex -35.107421875 -14.541970252990723 6
    endloop
  endfacet
  facet normal 0 0 1
    outer loop
      vertex -5.971107482910156 0 6
      vertex -38 0 6
      vertex -37.269840240478516 -7.4134321212768555 6
    endloop
  endfacet
  facet normal -0.09801719699381176 -0.9951847210912537 0
    outer loop
      vertex -7.4134321212768555 -37.269840240478516 0
      vertex 0 -38 6
      vertex -7.4134321212768555 -37.269840240478516 6
    endloop
  endfacet
  facet normal -0.09801719699381176 -0.9951847210912537 0
    outer loop
      vertex 0 -38 6
      vertex -7.4134321212768555 -37.269840240478516 0
      vertex 0 -38 0
    endloop
  endfacet
  facet normal -0.9951847210912537 -0.09801719699381176 0
    outer loop
      vertex -37.269840240478516 -7.4134321212768555 0
      vertex -38 0 6
      vertex -38 0 0
    endloop
  endfacet
  facet normal -0.9951847210912537 -0.09801719699381176 0
    outer loop
      vertex -38 0 6
      vertex -37.269840240478516 -7.4134321212768555 0
      vertex -37.269840240478516 -7.4134321212768555 6
    endloop
  endfacet
  facet normal -0.36771643306798646 0.111545987311918 0.9232237635407607
    outer loop
      vertex -2.774033546447754 0.5517892837524414 11.291526794433594
      vertex -2.067997694015503 0.6350345611572266 11.5626802444458
      vertex -2.613081932067871 1.0823736190795898 11.291526794433594
    endloop
  endfacet
  facet normal -0.36771644443716267 0.11154617063599427 0.923223736862813
    outer loop
      vertex -2.067997694015503 0.6350345611572266 11.5626802444458
      vertex -2.774033546447754 0.5517892837524414 11.291526794433594
      vertex -2.081264019012451 0.41398903727531433 11.58410358428955
    endloop
  endfacet
  facet normal 0.0694754426412103 -0.7053978675926172 0.7053984769373947
    outer loop
      vertex 0 -4.638062477111816 9.80635929107666
      vertex 0.5047295093536377 -4.220580577850342 10.174129486083984
      vertex 0.3126744329929352 -4.15745735168457 10.256168365478516
    endloop
  endfacet
  facet normal 0.06947559583199608 -0.7053979589913416 0.7053983704507962
    outer loop
      vertex 0.5047295093536377 -4.220580577850342 10.174129486083984
      vertex 0 -4.638062477111816 9.80635929107666
      vertex 0.9048404693603516 -4.548943519592285 9.80635929107666
    endloop
  endfacet
  facet normal 0.0694759828850488 -0.705398023422576 0.7053982678981282
    outer loop
      vertex 0 -4.638062477111816 9.80635929107666
      vertex 0.3126744329929352 -4.15745735168457 10.256168365478516
      vertex 0 -3.9501407146453857 10.494280815124512
    endloop
  endfacet
  facet normal -0.2847584693895329 0.9387247548580735 0.19418663375109088
    outer loop
      vertex -1.1649045944213867 5.856374740600586 6.588102340698242
      vertex -2.197230339050293 5.3045854568481445 7.741707801818848
      vertex -1.120138168334961 5.631317138671875 7.741707801818848
    endloop
  endfacet
  facet normal 0.4624236703835518 0.8651334398954795 0.19418671489990963
    outer loop
      vertex 3.3173694610595703 4.964795112609863 6.588102340698242
      vertex 2.197230339050293 5.3045854568481445 7.741707801818848
      vertex 3.189885139465332 4.77400016784668 7.741707801818848
    endloop
  endfacet
  facet normal 0.8651337225765646 0.46242333838357225 0.19418624611184027
    outer loop
      vertex 5.289424419403076 2.2472100257873535 7.690234661102295
      vertex 5.516584396362305 2.285043716430664 6.588102340698242
      vertex 4.964795112609863 3.3173694610595703 6.588102340698242
    endloop
  endfacet
  facet normal 0.8651355478690372 0.4624198162721514 0.19418650141596022
    outer loop
      vertex 5.516584396362305 2.285043716430664 6.588102340698242
      vertex 5.289424419403076 2.2472100257873535 7.690234661102295
      vertex 5.3148322105407715 2.201474666595459 7.685948848724365
    endloop
  endfacet
  facet normal -0.49160419536424266 -0.2627671082914765 0.8302281384658141
    outer loop
      vertex -2.613081932067871 -1.0823736190795898 11.291526794433594
      vertex -3.516617774963379 -1.4566307067871094 10.638062477111816
      vertex -2.351712226867676 -1.5713634490966797 11.291526794433594
    endloop
  endfacet
  facet normal -0.33888650689032696 0.18114353469258637 0.9232242172336838
    outer loop
      vertex -1.9320108890533447 1.2909283638000488 11.500609397888184
      vertex -2.351712226867676 1.5713634490966797 11.291526794433594
      vertex -1.982412576675415 1.121370553970337 11.515377044677734
    endloop
  endfacet
  facet normal -0.6251164329450618 -0.3341310681318817 0.7053976712260183
    outer loop
      vertex -3.516617774963379 -1.4566307067871094 10.638062477111816
      vertex -4.28501033782959 -1.7749090194702148 9.80635929107666
      vertex -3.85640811920166 -2.5767688751220703 9.80635929107666
    endloop
  endfacet
  facet normal 0.09062051796225651 -0.9200782249279794 0.381108884359353
    outer loop
      vertex 1.0323257446289062 -5.189851760864258 8.82837963104248
      vertex 0 -5.741641998291016 7.741707801818848
      vertex 1.120138168334961 -5.631317138671875 7.741707801818848
    endloop
  endfacet
  facet normal -0.625115487613057 -0.3341317404585261 0.7053981905026736
    outer loop
      vertex -3.516617774963379 -1.4566307067871094 10.638062477111816
      vertex -3.85640811920166 -2.5767688751220703 9.80635929107666
      vertex -3.164872169494629 -2.114699363708496 10.638062477111816
    endloop
  endfacet
  facet normal 0.7146692824104856 -0.5865186111187404 0.3811085614234155
    outer loop
      vertex 4.655009746551514 -3.1819801330566406 7.977008819580078
      vertex 4.77400016784668 -3.189885139465332 7.741707801818848
      vertex 4.69455099105835 -3.136798620223999 7.972393035888672
    endloop
  endfacet
  facet normal 0.7146716239042918 -0.5865150660023289 0.38110962640464213
    outer loop
      vertex 4.201233386993408 -3.5942163467407227 8.193530082702637
      vertex 4.77400016784668 -3.189885139465332 7.741707801818848
      vertex 4.655009746551514 -3.1819801330566406 7.977008819580078
    endloop
  endfacet
  facet normal 0.7146715345698648 -0.5865155019291903 0.38110912305047834
    outer loop
      vertex 4.77400016784668 -3.189885139465332 7.741707801818848
      vertex 4.201233386993408 -3.5942163467407227 8.193530082702637
      vertex 4.059953689575195 -4.059953689575195 7.741707801818848
    endloop
  endfacet
  facet normal -0.8286957948739897 0.08161926911245329 0.5537161497262975
    outer loop
      vertex -5.189851760864258 1.0323257446289062 8.82837963104248
      vertex -5.291526794433594 0 8.82837963104248
      vertex -4.638062477111816 0 9.80635929107666
    endloop
  endfacet
  facet normal -0.0961521031817328 0.9762409044647856 0.19418668724582253
    outer loop
      vertex 0 5.741641998291016 7.741707801818848
      vertex -1.1649045944213867 5.856374740600586 6.588102340698242
      vertex -1.120138168334961 5.631317138671875 7.741707801818848
    endloop
  endfacet
  facet normal -0.9200780049590147 0.09061961549185604 0.38110963000001385
    outer loop
      vertex -5.189851760864258 1.0323257446289062 8.82837963104248
      vertex -5.741641998291016 0 7.741707801818848
      vertex -5.291526794433594 0 8.82837963104248
    endloop
  endfacet
  facet normal -0.8153627154244852 -0.4358206516743152 0.38110891077195397
    outer loop
      vertex -4.888733863830566 -2.024979591369629 8.82837963104248
      vertex -5.3045854568481445 -2.197230339050293 7.741707801818848
      vertex -4.77400016784668 -3.189885139465332 7.741707801818848
    endloop
  endfacet
  facet normal -0.5547401036372245 -0.05463725692128398 0.8302277925802526
    outer loop
      vertex -2.774033546447754 -0.5517892837524414 11.291526794433594
      vertex -3.80635929107666 0 10.638062477111816
      vertex -3.7332210540771484 -0.7425832748413086 10.638062477111816
    endloop
  endfacet
  facet normal -0.7730104267313153 -0.6343933166141253 0
    outer loop
      vertex -4.222210884094238 -4.222210884094238 6
      vertex -4.964795112609863 -3.3173694610595703 6.588102340698242
      vertex -4.964795112609863 -3.3173694610595703 6
    endloop
  endfacet
  facet normal -0.7730104267313153 -0.6343933166141253 0
    outer loop
      vertex -4.964795112609863 -3.3173694610595703 6.588102340698242
      vertex -4.222210884094238 -4.222210884094238 6
      vertex -4.222210884094238 -4.222210884094238 6.588102340698242
    endloop
  endfacet
  facet normal 0.6223174219854961 -0.758295907811317 0.19418636020569705
    outer loop
      vertex 4.059953689575195 -4.059953689575195 7.741707801818848
      vertex 3.3173694610595703 -4.964795112609863 6.588102340698242
      vertex 4.222210884094238 -4.222210884094238 6.588102340698242
    endloop
  endfacet
  facet normal 0.5865155174084046 0.7146715534313506 0.3811090638585911
    outer loop
      vertex 3.189885139465332 4.77400016784668 7.741707801818848
      vertex 2.939814567565918 4.399744033813477 8.82837963104248
      vertex 4.059953689575195 4.059953689575195 7.741707801818848
    endloop
  endfacet
  facet normal -0.8286957414534072 0.08161936062763676 0.5537162161863453
    outer loop
      vertex -4.548943519592285 0.9048404693603516 9.80635929107666
      vertex -5.189851760864258 1.0323257446289062 8.82837963104248
      vertex -4.638062477111816 0 9.80635929107666
    endloop
  endfacet
  facet normal 0.24172135092862654 0.7968494440296198 0.5537163100857024
    outer loop
      vertex 1.0323257446289062 5.189851760864258 8.82837963104248
      vertex 0.9048404693603516 4.548943519592285 9.80635929107666
      vertex 2.024979591369629 4.888733863830566 8.82837963104248
    endloop
  endfacet
  facet normal -0.6223174219854961 0.758295907811317 0.19418636020569705
    outer loop
      vertex -3.3173694610595703 4.964795112609863 6.588102340698242
      vertex -4.222210884094238 4.222210884094238 6.588102340698242
      vertex -4.059953689575195 4.059953689575195 7.741707801818848
    endloop
  endfacet
  facet normal -0.7730104267313153 0.6343933166141253 0
    outer loop
      vertex -4.964795112609863 3.3173694610595703 6
      vertex -4.222210884094238 4.222210884094238 6.588102340698242
      vertex -4.222210884094238 4.222210884094238 6
    endloop
  endfacet
  facet normal -0.7730104267313153 0.6343933166141253 0
    outer loop
      vertex -4.222210884094238 4.222210884094238 6.588102340698242
      vertex -4.964795112609863 3.3173694610595703 6
      vertex -4.964795112609863 3.3173694610595703 6.588102340698242
    endloop
  endfacet
  facet normal -0.705398046363415 0.06947580324233024 0.7053982626506182
    outer loop
      vertex -3.7332210540771484 0.7425832748413086 10.638062477111816
      vertex -4.548943519592285 0.9048404693603516 9.80635929107666
      vertex -3.80635929107666 0 10.638062477111816
    endloop
  endfacet
  facet normal -0.2970419979308735 -0.2437711504269645 0.9232235253094178
    outer loop
      vertex -1.8263397216796875 -1.7220745086669922 11.42076587677002
      vertex -1.9999666213989258 -1.9999666213989258 11.291526794433594
      vertex -1.7888710498809814 -1.7888710498809814 11.415184020996094
    endloop
  endfacet
  facet normal -0.2970386309261321 -0.24377303817672186 0.9232241101680673
    outer loop
      vertex -2.351712226867676 -1.5713634490966797 11.291526794433594
      vertex -1.8263397216796875 -1.7220745086669922 11.42076587677002
      vertex -1.8970792293548584 -1.4334521293640137 11.474215507507324
    endloop
  endfacet
  facet normal -0.2970387091919515 -0.2437734187807163 0.9232239844899723
    outer loop
      vertex -1.8263397216796875 -1.7220745086669922 11.42076587677002
      vertex -2.351712226867676 -1.5713634490966797 11.291526794433594
      vertex -1.9999666213989258 -1.9999666213989258 11.291526794433594
    endloop
  endfacet
  facet normal -0.38241234024738785 0.03766403952577657 0.9232238201829049
    outer loop
      vertex -2.8283796310424805 0 11.291526794433594
      vertex -2.1065011024475098 0.1949860006570816 11.582584381103516
      vertex -2.774033546447754 0.5517892837524414 11.291526794433594
    endloop
  endfacet
  facet normal -0.382412542285946 0.03766496904043265 0.923223698574502
    outer loop
      vertex -2.1065011024475098 0.1949860006570816 11.582584381103516
      vertex -2.8283796310424805 0 11.291526794433594
      vertex -2.1289706230163574 0 11.581232070922852
    endloop
  endfacet
  facet normal -0.6782901665852582 0.20575646336634926 0.705398275938292
    outer loop
      vertex -3.516617774963379 1.4566307067871094 10.638062477111816
      vertex -4.548943519592285 0.9048404693603516 9.80635929107666
      vertex -3.7332210540771484 0.7425832748413086 10.638062477111816
    endloop
  endfacet
  facet normal -0.3824126064237467 0.037663470541286485 0.9232237331410963
    outer loop
      vertex -2.081264019012451 0.41398903727531433 11.58410358428955
      vertex -2.774033546447754 0.5517892837524414 11.291526794433594
      vertex -2.1065011024475098 0.1949860006570816 11.582584381103516
    endloop
  endfacet
  facet normal 0.09061961549185604 -0.9200780049590147 0.38110963000001385
    outer loop
      vertex 0 -5.291526794433594 8.82837963104248
      vertex 0 -5.741641998291016 7.741707801818848
      vertex 1.0323257446289062 -5.189851760864258 8.82837963104248
    endloop
  endfacet
  facet normal -0.6343933166141253 -0.7730104267313153 0
    outer loop
      vertex -4.222210884094238 -4.222210884094238 6
      vertex -3.3173694610595703 -4.964795112609863 6.588102340698242
      vertex -4.222210884094238 -4.222210884094238 6.588102340698242
    endloop
  endfacet
  facet normal -0.6343933166141253 -0.7730104267313153 0
    outer loop
      vertex -3.3173694610595703 -4.964795112609863 6.588102340698242
      vertex -4.222210884094238 -4.222210884094238 6
      vertex -3.3173694610595703 -4.964795112609863 6
    endloop
  endfacet
  facet normal -0.3341317404585261 -0.625115487613057 0.7053981905026736
    outer loop
      vertex -2.114699363708496 -3.164872169494629 10.638062477111816
      vertex -2.5767688751220703 -3.85640811920166 9.80635929107666
      vertex -1.4566307067871094 -3.516617774963379 10.638062477111816
    endloop
  endfacet
  facet normal 0.24172135092862654 -0.7968494440296198 0.5537163100857024
    outer loop
      vertex 2.024979591369629 -4.888733863830566 8.82837963104248
      vertex 0.9048404693603516 -4.548943519592285 9.80635929107666
      vertex 1.0323257446289062 -5.189851760864258 8.82837963104248
    endloop
  endfacet
  facet normal -0.26837663688455576 -0.8847202494542691 0.38110898832238455
    outer loop
      vertex -2.024979591369629 -4.888733863830566 8.82837963104248
      vertex -2.197230339050293 -5.3045854568481445 7.741707801818848
      vertex -1.0323257446289062 -5.189851760864258 8.82837963104248
    endloop
  endfacet
  facet normal -0.9387247548580735 -0.2847584693895329 0.19418663375109088
    outer loop
      vertex -5.631317138671875 -1.120138168334961 7.741707801818848
      vertex -5.856374740600586 -1.1649045944213867 6.588102340698242
      vertex -5.3045854568481445 -2.197230339050293 7.741707801818848
    endloop
  endfacet
  facet normal -0.7968494440296198 -0.24172135092862654 0.5537163100857024
    outer loop
      vertex -4.548943519592285 -0.9048404693603516 9.80635929107666
      vertex -5.189851760864258 -1.0323257446289062 8.82837963104248
      vertex -4.888733863830566 -2.024979591369629 8.82837963104248
    endloop
  endfacet
  facet normal -0.43582072083969414 -0.8153626400804628 0.3811089928718385
    outer loop
      vertex -2.939814567565918 -4.399744033813477 8.82837963104248
      vertex -3.189885139465332 -4.77400016784668 7.741707801818848
      vertex -2.024979591369629 -4.888733863830566 8.82837963104248
    endloop
  endfacet
  facet normal 0.9569403698108689 -0.29028456491215227 0
    outer loop
      vertex 5.516584396362305 -2.285043716430664 6.588102340698242
      vertex 5.856374740600586 -1.1649045944213867 6
      vertex 5.856374740600586 -1.1649045944213867 6.588102340698242
    endloop
  endfacet
  facet normal 0.9569403698108689 -0.29028456491215227 0
    outer loop
      vertex 5.856374740600586 -1.1649045944213867 6
      vertex 5.516584396362305 -2.285043716430664 6.588102340698242
      vertex 5.516584396362305 -2.285043716430664 6
    endloop
  endfacet
  facet normal 0.29028456491215227 -0.9569403698108689 0
    outer loop
      vertex 1.1649045944213867 -5.856374740600586 6
      vertex 2.285043716430664 -5.516584396362305 6.588102340698242
      vertex 1.1649045944213867 -5.856374740600586 6.588102340698242
    endloop
  endfacet
  facet normal 0.29028456491215227 -0.9569403698108689 0
    outer loop
      vertex 2.285043716430664 -5.516584396362305 6.588102340698242
      vertex 1.1649045944213867 -5.856374740600586 6
      vertex 2.285043716430664 -5.516584396362305 6
    endloop
  endfacet
  facet normal 0.9762412119293832 -0.0961511442168001 0.19418561634799053
    outer loop
      vertex 5.7792158126831055 -0.38149404525756836 7.3639140129089355
      vertex 5.971107482910156 0 6.588102340698242
      vertex 5.818145751953125 0 7.357096195220947
    endloop
  endfacet
  facet normal 0.9762412119728755 -0.09615107704240863 0.19418564939077276
    outer loop
      vertex 5.971107482910156 0 6.588102340698242
      vertex 5.7792158126831055 -0.38149404525756836 7.3639140129089355
      vertex 5.856374740600586 -1.1649045944213867 6.588102340698242
    endloop
  endfacet
  facet normal -0.8286957948739897 -0.08161926911245329 0.5537161497262975
    outer loop
      vertex -4.638062477111816 0 9.80635929107666
      vertex -5.291526794433594 0 8.82837963104248
      vertex -5.189851760864258 -1.0323257446289062 8.82837963104248
    endloop
  endfacet
  facet normal -0.49160419536424266 0.2627671082914765 0.8302281384658141
    outer loop
      vertex -2.351712226867676 1.5713634490966797 11.291526794433594
      vertex -3.516617774963379 1.4566307067871094 10.638062477111816
      vertex -2.613081932067871 1.0823736190795898 11.291526794433594
    endloop
  endfacet
  facet normal -0.05463586159925785 0.5547262865397973 0.8302371165209811
    outer loop
      vertex -0.7425832748413086 3.7332210540771484 10.638062477111816
      vertex -0.31187188625335693 3.7651073932647705 10.645101547241211
      vertex -0.2883920967578888 3.7779550552368164 10.638062477111816
    endloop
  endfacet
  facet normal -0.054638263568503154 0.5547400153506957 0.8302277853233585
    outer loop
      vertex -0.3883207440376282 3.7100563049316406 10.676855087280273
      vertex -0.7425832748413086 3.7332210540771484 10.638062477111816
      vertex -0.6828132271766663 3.4327361583709717 10.8427734375
    endloop
  endfacet
  facet normal -0.05463797179308673 0.5547421363568347 0.8302263873116735
    outer loop
      vertex -0.354810506105423 3.741612434387207 10.657975196838379
      vertex -0.7425832748413086 3.7332210540771484 10.638062477111816
      vertex -0.3883207440376282 3.7100563049316406 10.676855087280273
    endloop
  endfacet
  facet normal -0.054637786371836375 0.554756817167786 0.8302165898765534
    outer loop
      vertex -0.31187188625335693 3.7651073932647705 10.645101547241211
      vertex -0.7425832748413086 3.7332210540771484 10.638062477111816
      vertex -0.354810506105423 3.741612434387207 10.657975196838379
    endloop
  endfacet
  facet normal -0.26837645504125474 0.8847203825346207 0.38110880743861547
    outer loop
      vertex -1.120138168334961 5.631317138671875 7.741707801818848
      vertex -2.197230339050293 5.3045854568481445 7.741707801818848
      vertex -1.0323257446289062 5.189851760864258 8.82837963104248
    endloop
  endfacet
  facet normal -0.26837663688455576 0.8847202494542691 0.38110898832238455
    outer loop
      vertex -1.0323257446289062 5.189851760864258 8.82837963104248
      vertex -2.197230339050293 5.3045854568481445 7.741707801818848
      vertex -2.024979591369629 4.888733863830566 8.82837963104248
    endloop
  endfacet
  facet normal -0.9762412058594546 0.09615107644029104 0.19418568042327786
    outer loop
      vertex -5.856374740600586 1.1649045944213867 6.588102340698242
      vertex -5.971107482910156 0 6.588102340698242
      vertex -5.741641998291016 0 7.741707801818848
    endloop
  endfacet
  facet normal -0.6343933166141253 0.7730104267313153 0
    outer loop
      vertex -3.3173694610595703 4.964795112609863 6
      vertex -4.222210884094238 4.222210884094238 6.588102340698242
      vertex -3.3173694610595703 4.964795112609863 6.588102340698242
    endloop
  endfacet
  facet normal -0.6343933166141253 0.7730104267313153 0
    outer loop
      vertex -4.222210884094238 4.222210884094238 6.588102340698242
      vertex -3.3173694610595703 4.964795112609863 6
      vertex -4.222210884094238 4.222210884094238 6
    endloop
  endfacet
  facet normal -0.29028456491215227 0.9569403698108689 0
    outer loop
      vertex -1.1649045944213867 5.856374740600586 6
      vertex -2.285043716430664 5.516584396362305 6.588102340698242
      vertex -1.1649045944213867 5.856374740600586 6.588102340698242
    endloop
  endfacet
  facet normal -0.29028456491215227 0.9569403698108689 0
    outer loop
      vertex -2.285043716430664 5.516584396362305 6.588102340698242
      vertex -1.1649045944213867 5.856374740600586 6
      vertex -2.285043716430664 5.516584396362305 6
    endloop
  endfacet
  facet normal -0.08161926911245329 0.8286957948739897 0.5537161497262975
    outer loop
      vertex 0 5.291526794433594 8.82837963104248
      vertex -1.0323257446289062 5.189851760864258 8.82837963104248
      vertex 0 4.638062477111816 9.80635929107666
    endloop
  endfacet
  facet normal -0.5865155174084046 0.7146715534313506 0.3811090638585911
    outer loop
      vertex -3.189885139465332 4.77400016784668 7.741707801818848
      vertex -4.059953689575195 4.059953689575195 7.741707801818848
      vertex -2.939814567565918 4.399744033813477 8.82837963104248
    endloop
  endfacet
  facet normal -0.5479185843043048 0.44966561235438585 0.7053978041076693
    outer loop
      vertex -3.279604911804199 3.279604911804199 9.80635929107666
      vertex -3.85640811920166 2.5767688751220703 9.80635929107666
      vertex -2.691502571105957 2.691502571105957 10.638062477111816
    endloop
  endfacet
  facet normal 0.06947476131596288 -0.7053984820619653 0.7053979295722133
    outer loop
      vertex 0.8629440665245056 -4.338315963745117 10.021113395690918
      vertex 0.5047295093536377 -4.220580577850342 10.174129486083984
      vertex 0.9048404693603516 -4.548943519592285 9.80635929107666
    endloop
  endfacet
  facet normal -0.8651334398954795 -0.4624236703835518 0.19418671489990963
    outer loop
      vertex -4.77400016784668 -3.189885139465332 7.741707801818848
      vertex -5.3045854568481445 -2.197230339050293 7.741707801818848
      vertex -4.964795112609863 -3.3173694610595703 6.588102340698242
    endloop
  endfacet
  facet normal -0.5865157205503665 -0.7146712193446054 0.3811093777221696
    outer loop
      vertex -3.7416744232177734 -3.7416744232177734 8.82837963104248
      vertex -4.059953689575195 -4.059953689575195 7.741707801818848
      vertex -2.939814567565918 -4.399744033813477 8.82837963104248
    endloop
  endfacet
  facet normal -0.8847203825346207 0.26837645504125474 0.38110880743861547
    outer loop
      vertex -5.3045854568481445 2.197230339050293 7.741707801818848
      vertex -5.631317138671875 1.120138168334961 7.741707801818848
      vertex -5.189851760864258 1.0323257446289062 8.82837963104248
    endloop
  endfacet
  facet normal -0.9762412058594546 -0.09615107644029104 0.19418568042327786
    outer loop
      vertex -5.741641998291016 0 7.741707801818848
      vertex -5.971107482910156 0 6.588102340698242
      vertex -5.856374740600586 -1.1649045944213867 6.588102340698242
    endloop
  endfacet
  facet normal -0.5282627900024551 -0.6436898433194128 0.5537163626860341
    outer loop
      vertex -2.5767688751220703 -3.85640811920166 9.80635929107666
      vertex -3.7416744232177734 -3.7416744232177734 8.82837963104248
      vertex -2.939814567565918 -4.399744033813477 8.82837963104248
    endloop
  endfacet
  facet normal -0.7582960354976565 -0.6223171881870231 0.19418661085547084
    outer loop
      vertex -4.77400016784668 -3.189885139465332 7.741707801818848
      vertex -4.964795112609863 -3.3173694610595703 6.588102340698242
      vertex -4.059953689575195 -4.059953689575195 7.741707801818848
    endloop
  endfacet
  facet normal -0.758295907811317 -0.6223174219854961 0.19418636020569705
    outer loop
      vertex -4.059953689575195 -4.059953689575195 7.741707801818848
      vertex -4.964795112609863 -3.3173694610595703 6.588102340698242
      vertex -4.222210884094238 -4.222210884094238 6.588102340698242
    endloop
  endfacet
  facet normal 0.26837645504125474 0.8847203825346207 0.38110880743861547
    outer loop
      vertex 1.120138168334961 5.631317138671875 7.741707801818848
      vertex 1.0323257446289062 5.189851760864258 8.82837963104248
      vertex 2.197230339050293 5.3045854568481445 7.741707801818848
    endloop
  endfacet
  facet normal 0.46242333271232916 -0.8651337119664088 0.19418630688708596
    outer loop
      vertex 3.3173694610595703 -4.964795112609863 6.588102340698242
      vertex 2.197230339050293 -5.3045854568481445 7.741707801818848
      vertex 2.285043716430664 -5.516584396362305 6.588102340698242
    endloop
  endfacet
  facet normal 0.8153635397606421 -0.4358194778134217 0.38110848952421966
    outer loop
      vertex 4.792663097381592 -3.0003957748413086 7.918471336364746
      vertex 4.69455099105835 -3.136798620223999 7.972393035888672
      vertex 4.77400016784668 -3.189885139465332 7.741707801818848
    endloop
  endfacet
  facet normal 0.4713965224158388 -0.881921378952939 0
    outer loop
      vertex 2.285043716430664 -5.516584396362305 6
      vertex 3.3173694610595703 -4.964795112609863 6.588102340698242
      vertex 2.285043716430664 -5.516584396362305 6.588102340698242
    endloop
  endfacet
  facet normal 0.4713965224158388 -0.881921378952939 0
    outer loop
      vertex 3.3173694610595703 -4.964795112609863 6.588102340698242
      vertex 2.285043716430664 -5.516584396362305 6
      vertex 3.3173694610595703 -4.964795112609863 6
    endloop
  endfacet
  facet normal 0.9762408282743126 0.09615257384045806 0.19418683723192853
    outer loop
      vertex 5.728558540344238 0.8779058456420898 7.3727850914001465
      vertex 5.856374740600586 1.1649045944213867 6.588102340698242
      vertex 5.686717987060547 1.1311579942703247 7.457732200622559
    endloop
  endfacet
  facet normal 0.9762409006107287 0.09615213773929836 0.194186689510163
    outer loop
      vertex 5.856374740600586 1.1649045944213867 6.588102340698242
      vertex 5.728558540344238 0.8779058456420898 7.3727850914001465
      vertex 5.7792158126831055 0.38149404525756836 7.3639140129089355
    endloop
  endfacet
  facet normal 0.9387246213772772 -0.2847591113864779 0.1941863375793234
    outer loop
      vertex 5.516584396362305 -2.285043716430664 6.588102340698242
      vertex 5.347957611083984 -2.116086483001709 7.651031017303467
      vertex 5.3148322105407715 -2.201474666595459 7.685948848724365
    endloop
  endfacet
  facet normal 0.9387246898239647 -0.28475890113372626 0.19418631501734077
    outer loop
      vertex 5.347957611083984 -2.116086483001709 7.651031017303467
      vertex 5.516584396362305 -2.285043716430664 6.588102340698242
      vertex 5.856374740600586 -1.1649045944213867 6.588102340698242
    endloop
  endfacet
  facet normal -0.7053981637280701 0.06947561599679244 0.7053981637280701
    outer loop
      vertex -4.548943519592285 0.9048404693603516 9.80635929107666
      vertex -4.638062477111816 0 9.80635929107666
      vertex -3.80635929107666 0 10.638062477111816
    endloop
  endfacet
  facet normal -0.5547399085059281 -0.05463669354126099 0.8302279600385142
    outer loop
      vertex -2.8283796310424805 0 11.291526794433594
      vertex -3.80635929107666 0 10.638062477111816
      vertex -2.774033546447754 -0.5517892837524414 11.291526794433594
    endloop
  endfacet
  facet normal -0.6782901665852582 -0.20575646336634926 0.705398275938292
    outer loop
      vertex -3.7332210540771484 -0.7425832748413086 10.638062477111816
      vertex -4.548943519592285 -0.9048404693603516 9.80635929107666
      vertex -3.516617774963379 -1.4566307067871094 10.638062477111816
    endloop
  endfacet
  facet normal -0.796848751064706 -0.2417221335325606 0.5537169656847125
    outer loop
      vertex -4.548943519592285 -0.9048404693603516 9.80635929107666
      vertex -4.888733863830566 -2.024979591369629 8.82837963104248
      vertex -4.28501033782959 -1.7749090194702148 9.80635929107666
    endloop
  endfacet
  facet normal -0.6251164329450618 0.3341310681318817 0.7053976712260183
    outer loop
      vertex -3.85640811920166 2.5767688751220703 9.80635929107666
      vertex -4.28501033782959 1.7749090194702148 9.80635929107666
      vertex -3.516617774963379 1.4566307067871094 10.638062477111816
    endloop
  endfacet
  facet normal -0.3341310681318817 0.6251164329450618 0.7053976712260183
    outer loop
      vertex -1.7749090194702148 4.28501033782959 9.80635929107666
      vertex -2.5767688751220703 3.85640811920166 9.80635929107666
      vertex -1.4566307067871094 3.516617774963379 10.638062477111816
    endloop
  endfacet
  facet normal -0.09801684760310726 0.9951847555031926 0
    outer loop
      vertex 0 5.971107482910156 6
      vertex -1.1649045944213867 5.856374740600586 6.588102340698242
      vertex 0 5.971107482910156 6.588102340698242
    endloop
  endfacet
  facet normal -0.09801684760310726 0.9951847555031926 0
    outer loop
      vertex -1.1649045944213867 5.856374740600586 6.588102340698242
      vertex 0 5.971107482910156 6
      vertex -1.1649045944213867 5.856374740600586 6
    endloop
  endfacet
  facet normal -0.758295907811317 0.6223174219854961 0.19418636020569705
    outer loop
      vertex -4.222210884094238 4.222210884094238 6.588102340698242
      vertex -4.964795112609863 3.3173694610595703 6.588102340698242
      vertex -4.059953689575195 4.059953689575195 7.741707801818848
    endloop
  endfacet
  facet normal -0.9387247548580735 0.2847584693895329 0.19418663375109088
    outer loop
      vertex -5.3045854568481445 2.197230339050293 7.741707801818848
      vertex -5.856374740600586 1.1649045944213867 6.588102340698242
      vertex -5.631317138671875 1.120138168334961 7.741707801818848
    endloop
  endfacet
  facet normal 0.881921378952939 0.4713965224158388 0
    outer loop
      vertex 5.516584396362305 2.285043716430664 6.588102340698242
      vertex 4.964795112609863 3.3173694610595703 6
      vertex 4.964795112609863 3.3173694610595703 6.588102340698242
    endloop
  endfacet
  facet normal 0.881921378952939 0.4713965224158388 0
    outer loop
      vertex 4.964795112609863 3.3173694610595703 6
      vertex 5.516584396362305 2.285043716430664 6.588102340698242
      vertex 5.516584396362305 2.285043716430664 6
    endloop
  endfacet
  facet normal 0.8153635397606421 0.4358194778134217 0.38110848952421966
    outer loop
      vertex 4.77400016784668 3.189885139465332 7.741707801818848
      vertex 4.69455099105835 3.136798620223999 7.972393035888672
      vertex 4.792663097381592 3.0003957748413086 7.918471336364746
    endloop
  endfacet
  facet normal 0.09801684760310726 0.9951847555031926 0
    outer loop
      vertex 1.1649045944213867 5.856374740600586 6
      vertex 0 5.971107482910156 6.588102340698242
      vertex 1.1649045944213867 5.856374740600586 6.588102340698242
    endloop
  endfacet
  facet normal 0.09801684760310726 0.9951847555031926 0
    outer loop
      vertex 0 5.971107482910156 6.588102340698242
      vertex 1.1649045944213867 5.856374740600586 6
      vertex 0 5.971107482910156 6
    endloop
  endfacet
  facet normal 0.09061961549185604 0.9200780049590147 0.38110963000001385
    outer loop
      vertex 0 5.741641998291016 7.741707801818848
      vertex 0 5.291526794433594 8.82837963104248
      vertex 1.0323257446289062 5.189851760864258 8.82837963104248
    endloop
  endfacet
  facet normal -0.24172135092862654 0.7968494440296198 0.5537163100857024
    outer loop
      vertex -1.0323257446289062 5.189851760864258 8.82837963104248
      vertex -2.024979591369629 4.888733863830566 8.82837963104248
      vertex -0.9048404693603516 4.548943519592285 9.80635929107666
    endloop
  endfacet
  facet normal 0.08161926911245329 0.8286957948739897 0.5537161497262975
    outer loop
      vertex 0 5.291526794433594 8.82837963104248
      vertex 0 4.638062477111816 9.80635929107666
      vertex 1.0323257446289062 5.189851760864258 8.82837963104248
    endloop
  endfacet
  facet normal -0.382412542285946 -0.03766496904043265 0.923223698574502
    outer loop
      vertex -2.8283796310424805 0 11.291526794433594
      vertex -2.1065011024475098 -0.1949860006570816 11.582584381103516
      vertex -2.1289706230163574 0 11.581232070922852
    endloop
  endfacet
  facet normal -0.38241234024738785 -0.03766403952577657 0.9232238201829049
    outer loop
      vertex -2.1065011024475098 -0.1949860006570816 11.582584381103516
      vertex -2.8283796310424805 0 11.291526794433594
      vertex -2.774033546447754 -0.5517892837524414 11.291526794433594
    endloop
  endfacet
  facet normal -0.3824126064237467 -0.037663470541286485 0.9232237331410963
    outer loop
      vertex -2.1065011024475098 -0.1949860006570816 11.582584381103516
      vertex -2.774033546447754 -0.5517892837524414 11.291526794433594
      vertex -2.081264019012451 -0.41398903727531433 11.58410358428955
    endloop
  endfacet
  facet normal -0.8847202494542691 0.26837663688455576 0.38110898832238455
    outer loop
      vertex -4.888733863830566 2.024979591369629 8.82837963104248
      vertex -5.3045854568481445 2.197230339050293 7.741707801818848
      vertex -5.189851760864258 1.0323257446289062 8.82837963104248
    endloop
  endfacet
  facet normal -0.8153626400804628 0.43582072083969414 0.3811089928718385
    outer loop
      vertex -4.77400016784668 3.189885139465332 7.741707801818848
      vertex -4.888733863830566 2.024979591369629 8.82837963104248
      vertex -4.399744033813477 2.939814567565918 8.82837963104248
    endloop
  endfacet
  facet normal 0.7582960354976565 -0.6223171881870231 0.19418661085547084
    outer loop
      vertex 4.77400016784668 -3.189885139465332 7.741707801818848
      vertex 4.059953689575195 -4.059953689575195 7.741707801818848
      vertex 4.964795112609863 -3.3173694610595703 6.588102340698242
    endloop
  endfacet
  facet normal -0.33888650689032696 -0.18114353469258637 0.9232242172336838
    outer loop
      vertex -1.982412576675415 -1.121370553970337 11.515377044677734
      vertex -2.351712226867676 -1.5713634490966797 11.291526794433594
      vertex -1.9320108890533447 -1.2909283638000488 11.500609397888184
    endloop
  endfacet
  facet normal 0.26837663688455576 -0.8847202494542691 0.38110898832238455
    outer loop
      vertex 2.024979591369629 -4.888733863830566 8.82837963104248
      vertex 1.0323257446289062 -5.189851760864258 8.82837963104248
      vertex 2.197230339050293 -5.3045854568481445 7.741707801818848
    endloop
  endfacet
  facet normal 0.4358206516743152 -0.8153627154244852 0.38110891077195397
    outer loop
      vertex 3.189885139465332 -4.77400016784668 7.741707801818848
      vertex 2.024979591369629 -4.888733863830566 8.82837963104248
      vertex 2.197230339050293 -5.3045854568481445 7.741707801818848
    endloop
  endfacet
  facet normal 0.08161926911245329 -0.8286957948739897 0.5537161497262975
    outer loop
      vertex 0 -4.638062477111816 9.80635929107666
      vertex 0 -5.291526794433594 8.82837963104248
      vertex 1.0323257446289062 -5.189851760864258 8.82837963104248
    endloop
  endfacet
  facet normal -0.09062051796225651 -0.9200782249279794 0.381108884359353
    outer loop
      vertex -1.0323257446289062 -5.189851760864258 8.82837963104248
      vertex -1.120138168334961 -5.631317138671875 7.741707801818848
      vertex 0 -5.741641998291016 7.741707801818848
    endloop
  endfacet
  facet normal -0.24172135092862654 -0.7968494440296198 0.5537163100857024
    outer loop
      vertex -0.9048404693603516 -4.548943519592285 9.80635929107666
      vertex -2.024979591369629 -4.888733863830566 8.82837963104248
      vertex -1.0323257446289062 -5.189851760864258 8.82837963104248
    endloop
  endfacet
  facet normal -0.4358206516743152 -0.8153627154244852 0.38110891077195397
    outer loop
      vertex -2.024979591369629 -4.888733863830566 8.82837963104248
      vertex -3.189885139465332 -4.77400016784668 7.741707801818848
      vertex -2.197230339050293 -5.3045854568481445 7.741707801818848
    endloop
  endfacet
  facet normal -0.9569403698108689 -0.29028456491215227 0
    outer loop
      vertex -5.516584396362305 -2.285043716430664 6
      vertex -5.856374740600586 -1.1649045944213867 6.588102340698242
      vertex -5.856374740600586 -1.1649045944213867 6
    endloop
  endfacet
  facet normal -0.9569403698108689 -0.29028456491215227 0
    outer loop
      vertex -5.856374740600586 -1.1649045944213867 6.588102340698242
      vertex -5.516584396362305 -2.285043716430664 6
      vertex -5.516584396362305 -2.285043716430664 6.588102340698242
    endloop
  endfacet
  facet normal -0.09061961549185604 -0.9200780049590147 0.38110963000001385
    outer loop
      vertex 0 -5.291526794433594 8.82837963104248
      vertex -1.0323257446289062 -5.189851760864258 8.82837963104248
      vertex 0 -5.741641998291016 7.741707801818848
    endloop
  endfacet
  facet normal -0.9200782249279794 -0.09062051796225651 0.381108884359353
    outer loop
      vertex -5.189851760864258 -1.0323257446289062 8.82837963104248
      vertex -5.741641998291016 0 7.741707801818848
      vertex -5.631317138671875 -1.120138168334961 7.741707801818848
    endloop
  endfacet
  facet normal -0.9762409044647855 -0.09615210318173278 0.19418668724582247
    outer loop
      vertex -5.741641998291016 0 7.741707801818848
      vertex -5.856374740600586 -1.1649045944213867 6.588102340698242
      vertex -5.631317138671875 -1.120138168334961 7.741707801818848
    endloop
  endfacet
  facet normal -0.3925348006169737 -0.7343804368407698 0.5537163572535608
    outer loop
      vertex -2.5767688751220703 -3.85640811920166 9.80635929107666
      vertex -2.939814567565918 -4.399744033813477 8.82837963104248
      vertex -2.024979591369629 -4.888733863830566 8.82837963104248
    endloop
  endfacet
  facet normal -0.39253381738581955 -0.7343804965711254 0.5537169750553648
    outer loop
      vertex -1.7749090194702148 -4.28501033782959 9.80635929107666
      vertex -2.5767688751220703 -3.85640811920166 9.80635929107666
      vertex -2.024979591369629 -4.888733863830566 8.82837963104248
    endloop
  endfacet
  facet normal -0.5865155174084046 -0.7146715534313506 0.3811090638585911
    outer loop
      vertex -2.939814567565918 -4.399744033813477 8.82837963104248
      vertex -4.059953689575195 -4.059953689575195 7.741707801818848
      vertex -3.189885139465332 -4.77400016784668 7.741707801818848
    endloop
  endfacet
  facet normal -0.6223174219854961 -0.758295907811317 0.19418636020569705
    outer loop
      vertex -4.059953689575195 -4.059953689575195 7.741707801818848
      vertex -4.222210884094238 -4.222210884094238 6.588102340698242
      vertex -3.3173694610595703 -4.964795112609863 6.588102340698242
    endloop
  endfacet
  facet normal -0.6436895816427187 -0.5282629174971708 0.5537165452485588
    outer loop
      vertex -3.279604911804199 -3.279604911804199 9.80635929107666
      vertex -3.85640811920166 -2.5767688751220703 9.80635929107666
      vertex -3.7416744232177734 -3.7416744232177734 8.82837963104248
    endloop
  endfacet
  facet normal -0.7146712193446054 -0.5865157205503665 0.3811093777221696
    outer loop
      vertex -3.7416744232177734 -3.7416744232177734 8.82837963104248
      vertex -4.399744033813477 -2.939814567565918 8.82837963104248
      vertex -4.059953689575195 -4.059953689575195 7.741707801818848
    endloop
  endfacet
  facet normal 0.8651355478690372 -0.4624198162721514 0.19418650141596022
    outer loop
      vertex 5.289424419403076 -2.2472100257873535 7.690234661102295
      vertex 5.516584396362305 -2.285043716430664 6.588102340698242
      vertex 5.3148322105407715 -2.201474666595459 7.685948848724365
    endloop
  endfacet
  facet normal 0.8651337225765646 -0.46242333838357225 0.19418624611184027
    outer loop
      vertex 5.516584396362305 -2.285043716430664 6.588102340698242
      vertex 5.289424419403076 -2.2472100257873535 7.690234661102295
      vertex 4.964795112609863 -3.3173694610595703 6.588102340698242
    endloop
  endfacet
  facet normal 0.881921378952939 -0.4713965224158388 0
    outer loop
      vertex 4.964795112609863 -3.3173694610595703 6.588102340698242
      vertex 5.516584396362305 -2.285043716430664 6
      vertex 5.516584396362305 -2.285043716430664 6.588102340698242
    endloop
  endfacet
  facet normal 0.881921378952939 -0.4713965224158388 0
    outer loop
      vertex 5.516584396362305 -2.285043716430664 6
      vertex 4.964795112609863 -3.3173694610595703 6.588102340698242
      vertex 4.964795112609863 -3.3173694610595703 6
    endloop
  endfacet
  facet normal 0.7146715345698648 0.5865155019291903 0.38110912305047834
    outer loop
      vertex 4.201233386993408 3.5942163467407227 8.193530082702637
      vertex 4.77400016784668 3.189885139465332 7.741707801818848
      vertex 4.059953689575195 4.059953689575195 7.741707801818848
    endloop
  endfacet
  facet normal 0.7146716239042918 0.5865150660023289 0.38110962640464213
    outer loop
      vertex 4.655009746551514 3.1819801330566406 7.977008819580078
      vertex 4.77400016784668 3.189885139465332 7.741707801818848
      vertex 4.201233386993408 3.5942163467407227 8.193530082702637
    endloop
  endfacet
  facet normal 0.7146692824104856 0.5865186111187404 0.3811085614234155
    outer loop
      vertex 4.77400016784668 3.189885139465332 7.741707801818848
      vertex 4.655009746551514 3.1819801330566406 7.977008819580078
      vertex 4.69455099105835 3.136798620223999 7.972393035888672
    endloop
  endfacet
  facet normal 0.9569403698108689 0.29028456491215227 0
    outer loop
      vertex 5.856374740600586 1.1649045944213867 6.588102340698242
      vertex 5.516584396362305 2.285043716430664 6
      vertex 5.516584396362305 2.285043716430664 6.588102340698242
    endloop
  endfacet
  facet normal 0.9569403698108689 0.29028456491215227 0
    outer loop
      vertex 5.516584396362305 2.285043716430664 6
      vertex 5.856374740600586 1.1649045944213867 6.588102340698242
      vertex 5.856374740600586 1.1649045944213867 6
    endloop
  endfacet
  facet normal -0.2847584693895329 -0.9387247548580735 0.19418663375109088
    outer loop
      vertex -1.120138168334961 -5.631317138671875 7.741707801818848
      vertex -2.197230339050293 -5.3045854568481445 7.741707801818848
      vertex -1.1649045944213867 -5.856374740600586 6.588102340698242
    endloop
  endfacet
  facet normal -0.29028456491215227 -0.9569403698108689 0
    outer loop
      vertex -2.285043716430664 -5.516584396362305 6
      vertex -1.1649045944213867 -5.856374740600586 6.588102340698242
      vertex -2.285043716430664 -5.516584396362305 6.588102340698242
    endloop
  endfacet
  facet normal -0.29028456491215227 -0.9569403698108689 0
    outer loop
      vertex -1.1649045944213867 -5.856374740600586 6.588102340698242
      vertex -2.285043716430664 -5.516584396362305 6
      vertex -1.1649045944213867 -5.856374740600586 6
    endloop
  endfacet
  facet normal 0.4624236703835518 -0.8651334398954795 0.19418671489990963
    outer loop
      vertex 3.189885139465332 -4.77400016784668 7.741707801818848
      vertex 2.197230339050293 -5.3045854568481445 7.741707801818848
      vertex 3.3173694610595703 -4.964795112609863 6.588102340698242
    endloop
  endfacet
  facet normal 0.6223171881870231 -0.7582960354976565 0.19418661085547084
    outer loop
      vertex 4.059953689575195 -4.059953689575195 7.741707801818848
      vertex 3.189885139465332 -4.77400016784668 7.741707801818848
      vertex 3.3173694610595703 -4.964795112609863 6.588102340698242
    endloop
  endfacet
  facet normal 0.8651334515899634 0.4624236486988205 0.19418671443769367
    outer loop
      vertex 5.114290237426758 2.5532474517822266 7.741707801818848
      vertex 4.964795112609863 3.3173694610595703 6.588102340698242
      vertex 4.77400016784668 3.189885139465332 7.741707801818848
    endloop
  endfacet
  facet normal 0.8651331313777862 0.46242410376816123 0.19418705736139827
    outer loop
      vertex 5.148951530456543 2.500065803527832 7.713929653167725
      vertex 4.964795112609863 3.3173694610595703 6.588102340698242
      vertex 5.114290237426758 2.5532474517822266 7.741707801818848
    endloop
  endfacet
  facet normal 0.8651333573433699 0.4624237916797334 0.19418679383605766
    outer loop
      vertex 4.964795112609863 3.3173694610595703 6.588102340698242
      vertex 5.148951530456543 2.500065803527832 7.713929653167725
      vertex 5.289424419403076 2.2472100257873535 7.690234661102295
    endloop
  endfacet
  facet normal 0.9951847555031926 -0.09801684760310726 0
    outer loop
      vertex 5.856374740600586 -1.1649045944213867 6.588102340698242
      vertex 5.971107482910156 0 6
      vertex 5.971107482910156 0 6.588102340698242
    endloop
  endfacet
  facet normal 0.9951847555031926 -0.09801684760310726 0
    outer loop
      vertex 5.971107482910156 0 6
      vertex 5.856374740600586 -1.1649045944213867 6.588102340698242
      vertex 5.856374740600586 -1.1649045944213867 6
    endloop
  endfacet
  facet normal 0.8153624463757939 -0.4358204815362906 0.3811096809496662
    outer loop
      vertex 4.792663097381592 -3.0003957748413086 7.918471336364746
      vertex 4.77400016784668 -3.189885139465332 7.741707801818848
      vertex 5.114290237426758 -2.5532474517822266 7.741707801818848
    endloop
  endfacet
  facet normal -0.7053981637280701 -0.06947561599679244 0.7053981637280701
    outer loop
      vertex -3.80635929107666 0 10.638062477111816
      vertex -4.638062477111816 0 9.80635929107666
      vertex -4.548943519592285 -0.9048404693603516 9.80635929107666
    endloop
  endfacet
  facet normal -0.705398046363415 -0.06947580324233024 0.7053982626506182
    outer loop
      vertex -3.80635929107666 0 10.638062477111816
      vertex -4.548943519592285 -0.9048404693603516 9.80635929107666
      vertex -3.7332210540771484 -0.7425832748413086 10.638062477111816
    endloop
  endfacet
  facet normal -0.5547401036372245 0.05463725692128398 0.8302277925802526
    outer loop
      vertex -3.7332210540771484 0.7425832748413086 10.638062477111816
      vertex -3.80635929107666 0 10.638062477111816
      vertex -2.774033546447754 0.5517892837524414 11.291526794433594
    endloop
  endfacet
  facet normal -0.5547399085059281 0.05463669354126099 0.8302279600385142
    outer loop
      vertex -2.774033546447754 0.5517892837524414 11.291526794433594
      vertex -3.80635929107666 0 10.638062477111816
      vertex -2.8283796310424805 0 11.291526794433594
    endloop
  endfacet
  facet normal -0.4308946179728885 0.3536261467174053 0.8302279063966704
    outer loop
      vertex -1.9999666213989258 1.9999666213989258 11.291526794433594
      vertex -2.691502571105957 2.691502571105957 10.638062477111816
      vertex -2.351712226867676 1.5713634490966797 11.291526794433594
    endloop
  endfacet
  facet normal -0.8153627154244852 0.4358206516743152 0.38110891077195397
    outer loop
      vertex -4.77400016784668 3.189885139465332 7.741707801818848
      vertex -5.3045854568481445 2.197230339050293 7.741707801818848
      vertex -4.888733863830566 2.024979591369629 8.82837963104248
    endloop
  endfacet
  facet normal -0.7146712193446054 0.5865157205503665 0.3811093777221696
    outer loop
      vertex -4.059953689575195 4.059953689575195 7.741707801818848
      vertex -4.399744033813477 2.939814567565918 8.82837963104248
      vertex -3.7416744232177734 3.7416744232177734 8.82837963104248
    endloop
  endfacet
  facet normal -0.7968494440296198 0.24172135092862654 0.5537163100857024
    outer loop
      vertex -4.888733863830566 2.024979591369629 8.82837963104248
      vertex -5.189851760864258 1.0323257446289062 8.82837963104248
      vertex -4.548943519592285 0.9048404693603516 9.80635929107666
    endloop
  endfacet
  facet normal -0.9200780049590147 -0.09061961549185604 0.38110963000001385
    outer loop
      vertex -5.291526794433594 0 8.82837963104248
      vertex -5.741641998291016 0 7.741707801818848
      vertex -5.189851760864258 -1.0323257446289062 8.82837963104248
    endloop
  endfacet
  facet normal -0.8286957414534072 -0.08161936062763676 0.5537162161863453
    outer loop
      vertex -4.638062477111816 0 9.80635929107666
      vertex -5.189851760864258 -1.0323257446289062 8.82837963104248
      vertex -4.548943519592285 -0.9048404693603516 9.80635929107666
    endloop
  endfacet
  facet normal -0.7343804965711254 -0.39253381738581955 0.5537169750553648
    outer loop
      vertex -4.28501033782959 -1.7749090194702148 9.80635929107666
      vertex -4.888733863830566 -2.024979591369629 8.82837963104248
      vertex -3.85640811920166 -2.5767688751220703 9.80635929107666
    endloop
  endfacet
  facet normal -0.6782903820737035 -0.20575774021155185 0.7053976962886574
    outer loop
      vertex -3.516617774963379 -1.4566307067871094 10.638062477111816
      vertex -4.548943519592285 -0.9048404693603516 9.80635929107666
      vertex -4.28501033782959 -1.7749090194702148 9.80635929107666
    endloop
  endfacet
  facet normal -0.547918774172378 0.4496647847189722 0.7053981842144754
    outer loop
      vertex -2.691502571105957 2.691502571105957 10.638062477111816
      vertex -3.85640811920166 2.5767688751220703 9.80635929107666
      vertex -3.164872169494629 2.114699363708496 10.638062477111816
    endloop
  endfacet
  facet normal -0.2627683120953756 0.4916041239283265 0.8302277997605295
    outer loop
      vertex -1.4566307067871094 3.516617774963379 10.638062477111816
      vertex -2.114699363708496 3.164872169494629 10.638062477111816
      vertex -1.5713634490966797 2.351712226867676 11.291526794433594
    endloop
  endfacet
  facet normal -0.4358206516743152 0.8153627154244852 0.38110891077195397
    outer loop
      vertex -2.197230339050293 5.3045854568481445 7.741707801818848
      vertex -3.189885139465332 4.77400016784668 7.741707801818848
      vertex -2.024979591369629 4.888733863830566 8.82837963104248
    endloop
  endfacet
  facet normal -0.4713965224158388 0.881921378952939 0
    outer loop
      vertex -2.285043716430664 5.516584396362305 6
      vertex -3.3173694610595703 4.964795112609863 6.588102340698242
      vertex -2.285043716430664 5.516584396362305 6.588102340698242
    endloop
  endfacet
  facet normal -0.4713965224158388 0.881921378952939 0
    outer loop
      vertex -3.3173694610595703 4.964795112609863 6.588102340698242
      vertex -2.285043716430664 5.516584396362305 6
      vertex -3.3173694610595703 4.964795112609863 6
    endloop
  endfacet
  facet normal 0.2847584693895329 0.9387247548580735 0.19418663375109088
    outer loop
      vertex 1.1649045944213867 5.856374740600586 6.588102340698242
      vertex 1.120138168334961 5.631317138671875 7.741707801818848
      vertex 2.197230339050293 5.3045854568481445 7.741707801818848
    endloop
  endfacet
  facet normal -0.9569403698108689 0.29028456491215227 0
    outer loop
      vertex -5.856374740600586 1.1649045944213867 6
      vertex -5.516584396362305 2.285043716430664 6.588102340698242
      vertex -5.516584396362305 2.285043716430664 6
    endloop
  endfacet
  facet normal -0.9569403698108689 0.29028456491215227 0
    outer loop
      vertex -5.516584396362305 2.285043716430664 6.588102340698242
      vertex -5.856374740600586 1.1649045944213867 6
      vertex -5.856374740600586 1.1649045944213867 6.588102340698242
    endloop
  endfacet
  facet normal 0.4713965224158388 0.881921378952939 0
    outer loop
      vertex 3.3173694610595703 4.964795112609863 6
      vertex 2.285043716430664 5.516584396362305 6.588102340698242
      vertex 3.3173694610595703 4.964795112609863 6.588102340698242
    endloop
  endfacet
  facet normal 0.4713965224158388 0.881921378952939 0
    outer loop
      vertex 2.285043716430664 5.516584396362305 6.588102340698242
      vertex 3.3173694610595703 4.964795112609863 6
      vertex 2.285043716430664 5.516584396362305 6
    endloop
  endfacet
  facet normal -0.09062051796225651 0.9200782249279794 0.381108884359353
    outer loop
      vertex 0 5.741641998291016 7.741707801818848
      vertex -1.120138168334961 5.631317138671875 7.741707801818848
      vertex -1.0323257446289062 5.189851760864258 8.82837963104248
    endloop
  endfacet
  facet normal 0.4358206516743152 0.8153627154244852 0.38110891077195397
    outer loop
      vertex 2.197230339050293 5.3045854568481445 7.741707801818848
      vertex 2.024979591369629 4.888733863830566 8.82837963104248
      vertex 3.189885139465332 4.77400016784668 7.741707801818848
    endloop
  endfacet
  facet normal -0.08161936062763676 0.8286957414534072 0.5537162161863453
    outer loop
      vertex 0 4.638062477111816 9.80635929107666
      vertex -1.0323257446289062 5.189851760864258 8.82837963104248
      vertex -0.9048404693603516 4.548943519592285 9.80635929107666
    endloop
  endfacet
  facet normal -0.06947323813682389 0.705398158587563 0.705398403063162
    outer loop
      vertex 0 4.638062477111816 9.80635929107666
      vertex -0.10141634196043015 3.889589548110962 10.544843673706055
      vertex 0 3.9501407146453857 10.494280815124512
    endloop
  endfacet
  facet normal -0.06947562001580344 0.7053982045337964 0.7053981225265034
    outer loop
      vertex -0.10141634196043015 3.889589548110962 10.544843673706055
      vertex 0 4.638062477111816 9.80635929107666
      vertex -0.9048404693603516 4.548943519592285 9.80635929107666
    endloop
  endfacet
  facet normal 0.09062051796225651 0.9200782249279794 0.381108884359353
    outer loop
      vertex 1.120138168334961 5.631317138671875 7.741707801818848
      vertex 0 5.741641998291016 7.741707801818848
      vertex 1.0323257446289062 5.189851760864258 8.82837963104248
    endloop
  endfacet
  facet normal -0.09061961549185604 0.9200780049590147 0.38110963000001385
    outer loop
      vertex 0 5.741641998291016 7.741707801818848
      vertex -1.0323257446289062 5.189851760864258 8.82837963104248
      vertex 0 5.291526794433594 8.82837963104248
    endloop
  endfacet
  facet normal 0.20575812323106904 0.6782900371490463 0.7053979162350663
    outer loop
      vertex 0.9048404693603516 4.548943519592285 9.80635929107666
      vertex 0.8629440665245056 4.338315963745117 10.021113395690918
      vertex 0.9925838112831116 4.384787559509277 9.938612937927246
    endloop
  endfacet
  facet normal 0.08161936062763676 0.8286957414534072 0.5537162161863453
    outer loop
      vertex 1.0323257446289062 5.189851760864258 8.82837963104248
      vertex 0 4.638062477111816 9.80635929107666
      vertex 0.9048404693603516 4.548943519592285 9.80635929107666
    endloop
  endfacet
  facet normal -0.4916041239283265 0.2627683120953756 0.8302277997605295
    outer loop
      vertex -3.164872169494629 2.114699363708496 10.638062477111816
      vertex -3.516617774963379 1.4566307067871094 10.638062477111816
      vertex -2.351712226867676 1.5713634490966797 11.291526794433594
    endloop
  endfacet
  facet normal -0.3388902901652053 0.18114007653818218 0.9232235070141382
    outer loop
      vertex -2.613081932067871 1.0823736190795898 11.291526794433594
      vertex -1.982412576675415 1.121370553970337 11.515377044677734
      vertex -2.351712226867676 1.5713634490966797 11.291526794433594
    endloop
  endfacet
  facet normal -0.33889029681172667 0.18113911418496617 0.9232236933913393
    outer loop
      vertex -1.982412576675415 1.121370553970337 11.515377044677734
      vertex -2.613081932067871 1.0823736190795898 11.291526794433594
      vertex -2.054783582687378 0.8779058456420898 11.536580085754395
    endloop
  endfacet
  facet normal -0.3388962102432601 0.18112393519791248 0.9232245007478833
    outer loop
      vertex -2.054783582687378 0.8779058456420898 11.536580085754395
      vertex -2.613081932067871 1.0823736190795898 11.291526794433594
      vertex -2.055022954940796 0.8512179255485535 11.541728019714355
    endloop
  endfacet
  facet normal -0.367715672772537 0.11154702154603008 0.9232239414040614
    outer loop
      vertex -2.055022954940796 0.8512179255485535 11.541728019714355
      vertex -2.613081932067871 1.0823736190795898 11.291526794433594
      vertex -2.067997694015503 0.6350345611572266 11.5626802444458
    endloop
  endfacet
  facet normal -0.2970384554512256 -0.243773522146973 0.9232240388352168
    outer loop
      vertex -1.9320108890533447 -1.2909283638000488 11.500609397888184
      vertex -2.351712226867676 -1.5713634490966797 11.291526794433594
      vertex -1.8970792293548584 -1.4334521293640137 11.474215507507324
    endloop
  endfacet
  facet normal -0.9762409044647855 0.09615210318173278 0.19418668724582247
    outer loop
      vertex -5.631317138671875 1.120138168334961 7.741707801818848
      vertex -5.856374740600586 1.1649045944213867 6.588102340698242
      vertex -5.741641998291016 0 7.741707801818848
    endloop
  endfacet
  facet normal -0.9200782249279794 0.09062051796225651 0.381108884359353
    outer loop
      vertex -5.631317138671875 1.120138168334961 7.741707801818848
      vertex -5.741641998291016 0 7.741707801818848
      vertex -5.189851760864258 1.0323257446289062 8.82837963104248
    endloop
  endfacet
  facet normal -0.33889029681172667 -0.18113911418496617 0.9232236933913393
    outer loop
      vertex -2.613081932067871 -1.0823736190795898 11.291526794433594
      vertex -1.982412576675415 -1.121370553970337 11.515377044677734
      vertex -2.054783582687378 -0.8779058456420898 11.536580085754395
    endloop
  endfacet
  facet normal -0.3388962102432601 -0.18112393519791248 0.9232245007478833
    outer loop
      vertex -2.613081932067871 -1.0823736190795898 11.291526794433594
      vertex -2.054783582687378 -0.8779058456420898 11.536580085754395
      vertex -2.055022954940796 -0.8512179255485535 11.541728019714355
    endloop
  endfacet
  facet normal -0.3388902901652053 -0.18114007653818218 0.9232235070141382
    outer loop
      vertex -1.982412576675415 -1.121370553970337 11.515377044677734
      vertex -2.613081932067871 -1.0823736190795898 11.291526794433594
      vertex -2.351712226867676 -1.5713634490966797 11.291526794433594
    endloop
  endfacet
  facet normal -0.16181063059829223 -0.533422134753596 0.8302277675314766
    outer loop
      vertex -0.9733065962791443 -3.1819801330566406 10.947267532348633
      vertex -0.7425832748413086 -3.7332210540771484 10.638062477111816
      vertex -0.6828132271766663 -3.4327361583709717 10.8427734375
    endloop
  endfacet
  facet normal -0.1618164067943633 -0.5334172189993661 0.830229800095819
    outer loop
      vertex -1.4566307067871094 -3.516617774963379 10.638062477111816
      vertex -0.9733065962791443 -3.1819801330566406 10.947267532348633
      vertex -0.999747097492218 -3.141663074493408 10.968017578125
    endloop
  endfacet
  facet normal -0.16181141021628848 -0.5334223119668566 0.8302275017245271
    outer loop
      vertex -0.9733065962791443 -3.1819801330566406 10.947267532348633
      vertex -1.4566307067871094 -3.516617774963379 10.638062477111816
      vertex -0.7425832748413086 -3.7332210540771484 10.638062477111816
    endloop
  endfacet
  facet normal 0.39253362012366083 -0.7343805692682474 0.5537170184795281
    outer loop
      vertex 1.8886457681655884 -4.495145320892334 9.447033882141113
      vertex 2.024979591369629 -4.888733863830566 8.82837963104248
      vertex 2.2576074600219727 -4.453517436981201 9.240684509277344
    endloop
  endfacet
  facet normal 0.3925351523814763 -0.7343798437068574 0.5537168945426377
    outer loop
      vertex 2.024979591369629 -4.888733863830566 8.82837963104248
      vertex 1.8886457681655884 -4.495145320892334 9.447033882141113
      vertex 1.863141655921936 -4.498022556304932 9.461297988891602
    endloop
  endfacet
  facet normal 0.24172185296321974 -0.7968493219223388 0.5537162666492076
    outer loop
      vertex 0.9048404693603516 -4.548943519592285 9.80635929107666
      vertex 1.8011764287948608 -4.49514627456665 9.492487907409668
      vertex 1.2795641422271729 -4.435272216796875 9.80635929107666
    endloop
  endfacet
  facet normal 0.24172204133823844 -0.7968488326992217 0.5537168884521789
    outer loop
      vertex 2.024979591369629 -4.888733863830566 8.82837963104248
      vertex 1.8011764287948608 -4.49514627456665 9.492487907409668
      vertex 0.9048404693603516 -4.548943519592285 9.80635929107666
    endloop
  endfacet
  facet normal 0.2417145237417106 -0.7968513159084264 0.5537165965973274
    outer loop
      vertex 1.8434600830078125 -4.5 9.46704387664795
      vertex 2.024979591369629 -4.888733863830566 8.82837963104248
      vertex 1.863141655921936 -4.498022556304932 9.461297988891602
    endloop
  endfacet
  facet normal 0.2417277028365449 -0.7968466771926532 0.5537175188924353
    outer loop
      vertex 1.8011764287948608 -4.49514627456665 9.492487907409668
      vertex 2.024979591369629 -4.888733863830566 8.82837963104248
      vertex 1.8434600830078125 -4.5 9.46704387664795
    endloop
  endfacet
  facet normal -0.08161926911245329 -0.8286957948739897 0.5537161497262975
    outer loop
      vertex 0 -4.638062477111816 9.80635929107666
      vertex -1.0323257446289062 -5.189851760864258 8.82837963104248
      vertex 0 -5.291526794433594 8.82837963104248
    endloop
  endfacet
  facet normal -0.08161936062763676 -0.8286957414534072 0.5537162161863453
    outer loop
      vertex -0.9048404693603516 -4.548943519592285 9.80635929107666
      vertex -1.0323257446289062 -5.189851760864258 8.82837963104248
      vertex 0 -4.638062477111816 9.80635929107666
    endloop
  endfacet
  facet normal -0.8651337119664088 -0.46242333271232916 0.19418630688708596
    outer loop
      vertex -5.3045854568481445 -2.197230339050293 7.741707801818848
      vertex -5.516584396362305 -2.285043716430664 6.588102340698242
      vertex -4.964795112609863 -3.3173694610595703 6.588102340698242
    endloop
  endfacet
  facet normal -0.938724707820779 -0.2847589065929979 0.1941862200125263
    outer loop
      vertex -5.3045854568481445 -2.197230339050293 7.741707801818848
      vertex -5.856374740600586 -1.1649045944213867 6.588102340698242
      vertex -5.516584396362305 -2.285043716430664 6.588102340698242
    endloop
  endfacet
  facet normal -0.8847203825346207 -0.26837645504125474 0.38110880743861547
    outer loop
      vertex -5.189851760864258 -1.0323257446289062 8.82837963104248
      vertex -5.631317138671875 -1.120138168334961 7.741707801818848
      vertex -5.3045854568481445 -2.197230339050293 7.741707801818848
    endloop
  endfacet
  facet normal -0.8847202494542691 -0.26837663688455576 0.38110898832238455
    outer loop
      vertex -5.189851760864258 -1.0323257446289062 8.82837963104248
      vertex -5.3045854568481445 -2.197230339050293 7.741707801818848
      vertex -4.888733863830566 -2.024979591369629 8.82837963104248
    endloop
  endfacet
  facet normal -0.9951847555031926 0.09801684760310726 0
    outer loop
      vertex -5.971107482910156 0 6
      vertex -5.856374740600586 1.1649045944213867 6.588102340698242
      vertex -5.856374740600586 1.1649045944213867 6
    endloop
  endfacet
  facet normal -0.9951847555031926 0.09801684760310726 0
    outer loop
      vertex -5.856374740600586 1.1649045944213867 6.588102340698242
      vertex -5.971107482910156 0 6
      vertex -5.971107482910156 0 6.588102340698242
    endloop
  endfacet
  facet normal -0.5479185843043048 -0.44966561235438585 0.7053978041076693
    outer loop
      vertex -2.691502571105957 -2.691502571105957 10.638062477111816
      vertex -3.85640811920166 -2.5767688751220703 9.80635929107666
      vertex -3.279604911804199 -3.279604911804199 9.80635929107666
    endloop
  endfacet
  facet normal -0.26837645504125474 -0.8847203825346207 0.38110880743861547
    outer loop
      vertex -1.0323257446289062 -5.189851760864258 8.82837963104248
      vertex -2.197230339050293 -5.3045854568481445 7.741707801818848
      vertex -1.120138168334961 -5.631317138671875 7.741707801818848
    endloop
  endfacet
  facet normal -0.8153626400804628 -0.43582072083969414 0.3811089928718385
    outer loop
      vertex -4.399744033813477 -2.939814567565918 8.82837963104248
      vertex -4.888733863830566 -2.024979591369629 8.82837963104248
      vertex -4.77400016784668 -3.189885139465332 7.741707801818848
    endloop
  endfacet
  facet normal -0.7146715534313506 -0.5865155174084046 0.3811090638585911
    outer loop
      vertex -4.399744033813477 -2.939814567565918 8.82837963104248
      vertex -4.77400016784668 -3.189885139465332 7.741707801818848
      vertex -4.059953689575195 -4.059953689575195 7.741707801818848
    endloop
  endfacet
  facet normal 0.6343933166141253 -0.7730104267313153 0
    outer loop
      vertex 3.3173694610595703 -4.964795112609863 6
      vertex 4.222210884094238 -4.222210884094238 6.588102340698242
      vertex 3.3173694610595703 -4.964795112609863 6.588102340698242
    endloop
  endfacet
  facet normal 0.6343933166141253 -0.7730104267313153 0
    outer loop
      vertex 4.222210884094238 -4.222210884094238 6.588102340698242
      vertex 3.3173694610595703 -4.964795112609863 6
      vertex 4.222210884094238 -4.222210884094238 6
    endloop
  endfacet
  facet normal 0.2847589065929979 -0.938724707820779 0.1941862200125263
    outer loop
      vertex 2.197230339050293 -5.3045854568481445 7.741707801818848
      vertex 1.1649045944213867 -5.856374740600586 6.588102340698242
      vertex 2.285043716430664 -5.516584396362305 6.588102340698242
    endloop
  endfacet
  facet normal 0.2847584693895329 -0.9387247548580735 0.19418663375109088
    outer loop
      vertex 2.197230339050293 -5.3045854568481445 7.741707801818848
      vertex 1.120138168334961 -5.631317138671875 7.741707801818848
      vertex 1.1649045944213867 -5.856374740600586 6.588102340698242
    endloop
  endfacet
  facet normal 0.26837645504125474 -0.8847203825346207 0.38110880743861547
    outer loop
      vertex 2.197230339050293 -5.3045854568481445 7.741707801818848
      vertex 1.0323257446289062 -5.189851760864258 8.82837963104248
      vertex 1.120138168334961 -5.631317138671875 7.741707801818848
    endloop
  endfacet
  facet normal 0.9387247599413303 -0.2847583534930323 0.19418677913037563
    outer loop
      vertex 5.500810146331787 -1.7220745086669922 7.4899067878723145
      vertex 5.856374740600586 -1.1649045944213867 6.588102340698242
      vertex 5.686717987060547 -1.1311579942703247 7.457732200622559
    endloop
  endfacet
  facet normal 0.9387247267227946 -0.2847585581655151 0.1941866395782973
    outer loop
      vertex 5.856374740600586 -1.1649045944213867 6.588102340698242
      vertex 5.500810146331787 -1.7220745086669922 7.4899067878723145
      vertex 5.347957611083984 -2.116086483001709 7.651031017303467
    endloop
  endfacet
  facet normal 0.9762409006107287 -0.09615213773929836 0.194186689510163
    outer loop
      vertex 5.728558540344238 -0.8779058456420898 7.3727850914001465
      vertex 5.856374740600586 -1.1649045944213867 6.588102340698242
      vertex 5.7792158126831055 -0.38149404525756836 7.3639140129089355
    endloop
  endfacet
  facet normal 0.9762408282743126 -0.09615257384045806 0.19418683723192853
    outer loop
      vertex 5.856374740600586 -1.1649045944213867 6.588102340698242
      vertex 5.728558540344238 -0.8779058456420898 7.3727850914001465
      vertex 5.686717987060547 -1.1311579942703247 7.457732200622559
    endloop
  endfacet
  facet normal 0.8651334515899634 -0.4624236486988205 0.19418671443769367
    outer loop
      vertex 4.964795112609863 -3.3173694610595703 6.588102340698242
      vertex 5.114290237426758 -2.5532474517822266 7.741707801818848
      vertex 4.77400016784668 -3.189885139465332 7.741707801818848
    endloop
  endfacet
  facet normal 0.8651331313777862 -0.46242410376816123 0.19418705736139827
    outer loop
      vertex 5.114290237426758 -2.5532474517822266 7.741707801818848
      vertex 4.964795112609863 -3.3173694610595703 6.588102340698242
      vertex 5.148951530456543 -2.500065803527832 7.713929653167725
    endloop
  endfacet
  facet normal 0.8651333573433699 -0.4624237916797334 0.19418679383605766
    outer loop
      vertex 5.148951530456543 -2.500065803527832 7.713929653167725
      vertex 4.964795112609863 -3.3173694610595703 6.588102340698242
      vertex 5.289424419403076 -2.2472100257873535 7.690234661102295
    endloop
  endfacet
  facet normal 0.758295907811317 -0.6223174219854961 0.19418636020569705
    outer loop
      vertex 4.964795112609863 -3.3173694610595703 6.588102340698242
      vertex 4.059953689575195 -4.059953689575195 7.741707801818848
      vertex 4.222210884094238 -4.222210884094238 6.588102340698242
    endloop
  endfacet
  facet normal 0.7730104267313153 -0.6343933166141253 0
    outer loop
      vertex 4.222210884094238 -4.222210884094238 6.588102340698242
      vertex 4.964795112609863 -3.3173694610595703 6
      vertex 4.964795112609863 -3.3173694610595703 6.588102340698242
    endloop
  endfacet
  facet normal 0.7730104267313153 -0.6343933166141253 0
    outer loop
      vertex 4.964795112609863 -3.3173694610595703 6
      vertex 4.222210884094238 -4.222210884094238 6.588102340698242
      vertex 4.222210884094238 -4.222210884094238 6
    endloop
  endfacet
  facet normal -0.2437736041903766 0.29703893511422985 0.9232238628448887
    outer loop
      vertex -1.9999666213989258 1.9999666213989258 11.291526794433594
      vertex -1.5462812185287476 2.2690272331237793 11.324752807617188
      vertex -1.5713634490966797 2.351712226867676 11.291526794433594
    endloop
  endfacet
  facet normal -0.24377385001463542 0.2970393751163715 0.9232236563690933
    outer loop
      vertex -1.5462812185287476 2.2690272331237793 11.324752807617188
      vertex -1.9999666213989258 1.9999666213989258 11.291526794433594
      vertex -1.7888710498809814 1.7888710498809814 11.415184020996094
    endloop
  endfacet
  facet normal -0.4624236703835518 0.8651334398954795 0.19418671489990963
    outer loop
      vertex -2.197230339050293 5.3045854568481445 7.741707801818848
      vertex -3.3173694610595703 4.964795112609863 6.588102340698242
      vertex -3.189885139465332 4.77400016784668 7.741707801818848
    endloop
  endfacet
  facet normal -0.3341317404585261 0.625115487613057 0.7053981905026736
    outer loop
      vertex -1.4566307067871094 3.516617774963379 10.638062477111816
      vertex -2.5767688751220703 3.85640811920166 9.80635929107666
      vertex -2.114699363708496 3.164872169494629 10.638062477111816
    endloop
  endfacet
  facet normal -0.5334218951377308 0.1618112837729299 0.8302277941814691
    outer loop
      vertex -3.516617774963379 1.4566307067871094 10.638062477111816
      vertex -3.7332210540771484 0.7425832748413086 10.638062477111816
      vertex -2.774033546447754 0.5517892837524414 11.291526794433594
    endloop
  endfacet
  facet normal -0.533421126865739 0.1618121489780515 0.8302281191674913
    outer loop
      vertex -2.613081932067871 1.0823736190795898 11.291526794433594
      vertex -3.516617774963379 1.4566307067871094 10.638062477111816
      vertex -2.774033546447754 0.5517892837524414 11.291526794433594
    endloop
  endfacet
  facet normal -0.367715672772537 -0.11154702154603008 0.9232239414040614
    outer loop
      vertex -2.067997694015503 -0.6350345611572266 11.5626802444458
      vertex -2.613081932067871 -1.0823736190795898 11.291526794433594
      vertex -2.055022954940796 -0.8512179255485535 11.541728019714355
    endloop
  endfacet
  facet normal -0.5334218951377308 -0.1618112837729299 0.8302277941814691
    outer loop
      vertex -2.774033546447754 -0.5517892837524414 11.291526794433594
      vertex -3.7332210540771484 -0.7425832748413086 10.638062477111816
      vertex -3.516617774963379 -1.4566307067871094 10.638062477111816
    endloop
  endfacet
  facet normal -0.6223171881870231 0.7582960354976565 0.19418661085547084
    outer loop
      vertex -3.3173694610595703 4.964795112609863 6.588102340698242
      vertex -4.059953689575195 4.059953689575195 7.741707801818848
      vertex -3.189885139465332 4.77400016784668 7.741707801818848
    endloop
  endfacet
  facet normal -0.39253381738581955 0.7343804965711254 0.5537169750553648
    outer loop
      vertex -2.024979591369629 4.888733863830566 8.82837963104248
      vertex -2.5767688751220703 3.85640811920166 9.80635929107666
      vertex -1.7749090194702148 4.28501033782959 9.80635929107666
    endloop
  endfacet
  facet normal 0.0961521031817328 0.9762409044647856 0.19418668724582253
    outer loop
      vertex 1.1649045944213867 5.856374740600586 6.588102340698242
      vertex 0 5.741641998291016 7.741707801818848
      vertex 1.120138168334961 5.631317138671875 7.741707801818848
    endloop
  endfacet
  facet normal -0.881921378952939 0.4713965224158388 0
    outer loop
      vertex -5.516584396362305 2.285043716430664 6
      vertex -4.964795112609863 3.3173694610595703 6.588102340698242
      vertex -4.964795112609863 3.3173694610595703 6
    endloop
  endfacet
  facet normal -0.881921378952939 0.4713965224158388 0
    outer loop
      vertex -4.964795112609863 3.3173694610595703 6.588102340698242
      vertex -5.516584396362305 2.285043716430664 6
      vertex -5.516584396362305 2.285043716430664 6.588102340698242
    endloop
  endfacet
  facet normal -0.8651334398954795 0.4624236703835518 0.19418671489990963
    outer loop
      vertex -4.964795112609863 3.3173694610595703 6.588102340698242
      vertex -5.3045854568481445 2.197230339050293 7.741707801818848
      vertex -4.77400016784668 3.189885139465332 7.741707801818848
    endloop
  endfacet
  facet normal 0.6223174219854961 0.758295907811317 0.19418636020569705
    outer loop
      vertex 4.222210884094238 4.222210884094238 6.588102340698242
      vertex 3.3173694610595703 4.964795112609863 6.588102340698242
      vertex 4.059953689575195 4.059953689575195 7.741707801818848
    endloop
  endfacet
  facet normal 0.09615107644029104 0.9762412058594546 0.19418568042327786
    outer loop
      vertex 0 5.971107482910156 6.588102340698242
      vertex 0 5.741641998291016 7.741707801818848
      vertex 1.1649045944213867 5.856374740600586 6.588102340698242
    endloop
  endfacet
  facet normal -0.09615107644029104 0.9762412058594546 0.19418568042327786
    outer loop
      vertex 0 5.971107482910156 6.588102340698242
      vertex -1.1649045944213867 5.856374740600586 6.588102340698242
      vertex 0 5.741641998291016 7.741707801818848
    endloop
  endfacet
  facet normal 0.20575980326568652 0.6782903206808503 0.7053971535459549
    outer loop
      vertex 1.0727742910385132 4.4135332107543945 9.887580871582031
      vertex 0.9048404693603516 4.548943519592285 9.80635929107666
      vertex 0.9925838112831116 4.384787559509277 9.938612937927246
    endloop
  endfacet
  facet normal 0.2057566992410319 0.678288223680556 0.7054000753712121
    outer loop
      vertex 0.9048404693603516 4.548943519592285 9.80635929107666
      vertex 1.0727742910385132 4.4135332107543945 9.887580871582031
      vertex 1.2795641422271729 4.435272216796875 9.80635929107666
    endloop
  endfacet
  facet normal 0.24172185296321974 0.7968493219223388 0.5537162666492076
    outer loop
      vertex 1.8011764287948608 4.49514627456665 9.492487907409668
      vertex 0.9048404693603516 4.548943519592285 9.80635929107666
      vertex 1.2795641422271729 4.435272216796875 9.80635929107666
    endloop
  endfacet
  facet normal 0.2417277028365449 0.7968466771926532 0.5537175188924353
    outer loop
      vertex 2.024979591369629 4.888733863830566 8.82837963104248
      vertex 1.8011764287948608 4.49514627456665 9.492487907409668
      vertex 1.8434600830078125 4.5 9.46704387664795
    endloop
  endfacet
  facet normal 0.24172204133823844 0.7968488326992217 0.5537168884521789
    outer loop
      vertex 1.8011764287948608 4.49514627456665 9.492487907409668
      vertex 2.024979591369629 4.888733863830566 8.82837963104248
      vertex 0.9048404693603516 4.548943519592285 9.80635929107666
    endloop
  endfacet
  facet normal 0.2417145237417106 0.7968513159084264 0.5537165965973274
    outer loop
      vertex 2.024979591369629 4.888733863830566 8.82837963104248
      vertex 1.8434600830078125 4.5 9.46704387664795
      vertex 1.863141655921936 4.498022556304932 9.461297988891602
    endloop
  endfacet
  facet normal 0.3925351523814763 0.7343798437068574 0.5537168945426377
    outer loop
      vertex 1.8886457681655884 4.495145320892334 9.447033882141113
      vertex 2.024979591369629 4.888733863830566 8.82837963104248
      vertex 1.863141655921936 4.498022556304932 9.461297988891602
    endloop
  endfacet
  facet normal 0.39253362012366083 0.7343805692682474 0.5537170184795281
    outer loop
      vertex 2.024979591369629 4.888733863830566 8.82837963104248
      vertex 1.8886457681655884 4.495145320892334 9.447033882141113
      vertex 2.2576074600219727 4.453517436981201 9.240684509277344
    endloop
  endfacet
  facet normal 0.26837663688455576 0.8847202494542691 0.38110898832238455
    outer loop
      vertex 2.197230339050293 5.3045854568481445 7.741707801818848
      vertex 1.0323257446289062 5.189851760864258 8.82837963104248
      vertex 2.024979591369629 4.888733863830566 8.82837963104248
    endloop
  endfacet
  facet normal -0.2627652612026028 0.4916046717657972 0.8302284409746338
    outer loop
      vertex -1.4566307067871094 3.516617774963379 10.638062477111816
      vertex -1.4504423141479492 2.500065803527832 11.24195384979248
      vertex -1.1845791339874268 2.859827756881714 11.113072395324707
    endloop
  endfacet
  facet normal -0.262769614614528 0.4916040466335711 0.8302274332788758
    outer loop
      vertex -1.5713634490966797 2.351712226867676 11.291526794433594
      vertex -1.4504423141479492 2.500065803527832 11.24195384979248
      vertex -1.4566307067871094 3.516617774963379 10.638062477111816
    endloop
  endfacet
  facet normal -0.26276475151047557 0.4916011668910016 0.8302306776282384
    outer loop
      vertex -1.4504423141479492 2.500065803527832 11.24195384979248
      vertex -1.5713634490966797 2.351712226867676 11.291526794433594
      vertex -1.4864007234573364 2.397125482559204 11.291526794433594
    endloop
  endfacet
  facet normal -0.4713965224158388 -0.881921378952939 0
    outer loop
      vertex -3.3173694610595703 -4.964795112609863 6
      vertex -2.285043716430664 -5.516584396362305 6.588102340698242
      vertex -3.3173694610595703 -4.964795112609863 6.588102340698242
    endloop
  endfacet
  facet normal -0.4713965224158388 -0.881921378952939 0
    outer loop
      vertex -2.285043716430664 -5.516584396362305 6.588102340698242
      vertex -3.3173694610595703 -4.964795112609863 6
      vertex -2.285043716430664 -5.516584396362305 6
    endloop
  endfacet
  facet normal -0.054637786371836375 -0.554756817167786 0.8302165898765534
    outer loop
      vertex -0.7425832748413086 -3.7332210540771484 10.638062477111816
      vertex -0.31187188625335693 -3.7651073932647705 10.645101547241211
      vertex -0.354810506105423 -3.741612434387207 10.657975196838379
    endloop
  endfacet
  facet normal -0.05463586159925785 -0.5547262865397973 0.8302371165209811
    outer loop
      vertex -0.31187188625335693 -3.7651073932647705 10.645101547241211
      vertex -0.7425832748413086 -3.7332210540771484 10.638062477111816
      vertex -0.2883920967578888 -3.7779550552368164 10.638062477111816
    endloop
  endfacet
  facet normal -0.05463797179308673 -0.5547421363568347 0.8302263873116735
    outer loop
      vertex -0.3883207440376282 -3.7100563049316406 10.676855087280273
      vertex -0.7425832748413086 -3.7332210540771484 10.638062477111816
      vertex -0.354810506105423 -3.741612434387207 10.657975196838379
    endloop
  endfacet
  facet normal -0.054638263568503154 -0.5547400153506957 0.8302277853233585
    outer loop
      vertex -0.7425832748413086 -3.7332210540771484 10.638062477111816
      vertex -0.3883207440376282 -3.7100563049316406 10.676855087280273
      vertex -0.6828132271766663 -3.4327361583709717 10.8427734375
    endloop
  endfacet
  facet normal -0.4496647847189722 -0.547918774172378 0.7053981842144754
    outer loop
      vertex -2.114699363708496 -3.164872169494629 10.638062477111816
      vertex -2.691502571105957 -2.691502571105957 10.638062477111816
      vertex -2.5767688751220703 -3.85640811920166 9.80635929107666
    endloop
  endfacet
  facet normal 0.08161936062763676 -0.8286957414534072 0.5537162161863453
    outer loop
      vertex 0.9048404693603516 -4.548943519592285 9.80635929107666
      vertex 0 -4.638062477111816 9.80635929107666
      vertex 1.0323257446289062 -5.189851760864258 8.82837963104248
    endloop
  endfacet
  facet normal -0.06947562001580344 -0.7053982045337964 0.7053981225265034
    outer loop
      vertex 0 -4.638062477111816 9.80635929107666
      vertex -0.10141634196043015 -3.889589548110962 10.544843673706055
      vertex -0.9048404693603516 -4.548943519592285 9.80635929107666
    endloop
  endfacet
  facet normal -0.06947323813682389 -0.705398158587563 0.705398403063162
    outer loop
      vertex -0.10141634196043015 -3.889589548110962 10.544843673706055
      vertex 0 -4.638062477111816 9.80635929107666
      vertex 0 -3.9501407146453857 10.494280815124512
    endloop
  endfacet
  facet normal 0.43582072083969414 -0.8153626400804628 0.3811089928718385
    outer loop
      vertex 2.939814567565918 -4.399744033813477 8.82837963104248
      vertex 2.024979591369629 -4.888733863830566 8.82837963104248
      vertex 3.189885139465332 -4.77400016784668 7.741707801818848
    endloop
  endfacet
  facet normal 0.3925354586228758 -0.7343804575804714 0.5537158632797384
    outer loop
      vertex 2.024979591369629 -4.888733863830566 8.82837963104248
      vertex 2.612004518508911 -4.4135332107543945 9.042478561401367
      vertex 2.2576074600219727 -4.453517436981201 9.240684509277344
    endloop
  endfacet
  facet normal 0.39253452585234405 -0.7343799227926691 0.553717233805224
    outer loop
      vertex 2.939814567565918 -4.399744033813477 8.82837963104248
      vertex 2.612004518508911 -4.4135332107543945 9.042478561401367
      vertex 2.024979591369629 -4.888733863830566 8.82837963104248
    endloop
  endfacet
  facet normal 0.39253467175345896 -0.7343796637939075 0.5537174738775648
    outer loop
      vertex 2.612004518508911 -4.4135332107543945 9.042478561401367
      vertex 2.939814567565918 -4.399744033813477 8.82837963104248
      vertex 2.8911657333374023 -4.326935768127441 8.959430694580078
    endloop
  endfacet
  facet normal -0.9951847555031926 -0.09801684760310726 0
    outer loop
      vertex -5.856374740600586 -1.1649045944213867 6
      vertex -5.971107482910156 0 6.588102340698242
      vertex -5.971107482910156 0 6
    endloop
  endfacet
  facet normal -0.9951847555031926 -0.09801684760310726 0
    outer loop
      vertex -5.971107482910156 0 6.588102340698242
      vertex -5.856374740600586 -1.1649045944213867 6
      vertex -5.856374740600586 -1.1649045944213867 6.588102340698242
    endloop
  endfacet
  facet normal -0.16181257378248198 -0.5334206225949492 0.830228360366174
    outer loop
      vertex -1.1845791339874268 -2.859827756881714 11.113072395324707
      vertex -1.4566307067871094 -3.516617774963379 10.638062477111816
      vertex -0.999747097492218 -3.141663074493408 10.968017578125
    endloop
  endfacet
  facet normal -0.09801684760310726 -0.9951847555031926 0
    outer loop
      vertex -1.1649045944213867 -5.856374740600586 6
      vertex 0 -5.971107482910156 6.588102340698242
      vertex -1.1649045944213867 -5.856374740600586 6.588102340698242
    endloop
  endfacet
  facet normal -0.09801684760310726 -0.9951847555031926 0
    outer loop
      vertex 0 -5.971107482910156 6.588102340698242
      vertex -1.1649045944213867 -5.856374740600586 6
      vertex 0 -5.971107482910156 6
    endloop
  endfacet
  facet normal -0.0961521031817328 -0.9762409044647856 0.19418668724582253
    outer loop
      vertex -1.120138168334961 -5.631317138671875 7.741707801818848
      vertex -1.1649045944213867 -5.856374740600586 6.588102340698242
      vertex 0 -5.741641998291016 7.741707801818848
    endloop
  endfacet
  facet normal -0.46242333271232916 -0.8651337119664088 0.19418630688708596
    outer loop
      vertex -2.197230339050293 -5.3045854568481445 7.741707801818848
      vertex -3.3173694610595703 -4.964795112609863 6.588102340698242
      vertex -2.285043716430664 -5.516584396362305 6.588102340698242
    endloop
  endfacet
  facet normal -0.2847589065929979 -0.938724707820779 0.1941862200125263
    outer loop
      vertex -2.197230339050293 -5.3045854568481445 7.741707801818848
      vertex -2.285043716430664 -5.516584396362305 6.588102340698242
      vertex -1.1649045944213867 -5.856374740600586 6.588102340698242
    endloop
  endfacet
  facet normal -0.6436898433194129 -0.5282627900024552 0.5537163626860342
    outer loop
      vertex -3.85640811920166 -2.5767688751220703 9.80635929107666
      vertex -4.399744033813477 -2.939814567565918 8.82837963104248
      vertex -3.7416744232177734 -3.7416744232177734 8.82837963104248
    endloop
  endfacet
  facet normal -0.7343804368407697 -0.3925348006169736 0.5537163572535607
    outer loop
      vertex -3.85640811920166 -2.5767688751220703 9.80635929107666
      vertex -4.888733863830566 -2.024979591369629 8.82837963104248
      vertex -4.399744033813477 -2.939814567565918 8.82837963104248
    endloop
  endfacet
  facet normal 0.9387246213772772 0.2847591113864779 0.1941863375793234
    outer loop
      vertex 5.347957611083984 2.116086483001709 7.651031017303467
      vertex 5.516584396362305 2.285043716430664 6.588102340698242
      vertex 5.3148322105407715 2.201474666595459 7.685948848724365
    endloop
  endfacet
  facet normal 0.9387246898239647 0.28475890113372626 0.19418631501734077
    outer loop
      vertex 5.516584396362305 2.285043716430664 6.588102340698242
      vertex 5.347957611083984 2.116086483001709 7.651031017303467
      vertex 5.856374740600586 1.1649045944213867 6.588102340698242
    endloop
  endfacet
  facet normal 0.9762412119293832 0.0961511442168001 0.19418561634799053
    outer loop
      vertex 5.971107482910156 0 6.588102340698242
      vertex 5.7792158126831055 0.38149404525756836 7.3639140129089355
      vertex 5.818145751953125 0 7.357096195220947
    endloop
  endfacet
  facet normal 0.9762412119728755 0.09615107704240863 0.19418564939077276
    outer loop
      vertex 5.7792158126831055 0.38149404525756836 7.3639140129089355
      vertex 5.971107482910156 0 6.588102340698242
      vertex 5.856374740600586 1.1649045944213867 6.588102340698242
    endloop
  endfacet
  facet normal 0.0961521031817328 -0.9762409044647856 0.19418668724582253
    outer loop
      vertex 1.120138168334961 -5.631317138671875 7.741707801818848
      vertex 0 -5.741641998291016 7.741707801818848
      vertex 1.1649045944213867 -5.856374740600586 6.588102340698242
    endloop
  endfacet
  facet normal -0.7343804368407697 0.3925348006169736 0.5537163572535607
    outer loop
      vertex -4.399744033813477 2.939814567565918 8.82837963104248
      vertex -4.888733863830566 2.024979591369629 8.82837963104248
      vertex -3.85640811920166 2.5767688751220703 9.80635929107666
    endloop
  endfacet
  facet normal -0.7343804965711254 0.39253381738581955 0.5537169750553648
    outer loop
      vertex -3.85640811920166 2.5767688751220703 9.80635929107666
      vertex -4.888733863830566 2.024979591369629 8.82837963104248
      vertex -4.28501033782959 1.7749090194702148 9.80635929107666
    endloop
  endfacet
  facet normal -0.2417221335325606 0.796848751064706 0.5537169656847125
    outer loop
      vertex -0.9048404693603516 4.548943519592285 9.80635929107666
      vertex -2.024979591369629 4.888733863830566 8.82837963104248
      vertex -1.7749090194702148 4.28501033782959 9.80635929107666
    endloop
  endfacet
  facet normal -0.43582072083969414 0.8153626400804628 0.3811089928718385
    outer loop
      vertex -2.024979591369629 4.888733863830566 8.82837963104248
      vertex -3.189885139465332 4.77400016784668 7.741707801818848
      vertex -2.939814567565918 4.399744033813477 8.82837963104248
    endloop
  endfacet
  facet normal -0.16181257378248198 0.5334206225949492 0.830228360366174
    outer loop
      vertex -0.999747097492218 3.141663074493408 10.968017578125
      vertex -1.4566307067871094 3.516617774963379 10.638062477111816
      vertex -1.1845791339874268 2.859827756881714 11.113072395324707
    endloop
  endfacet
  facet normal -0.44966561235438585 0.5479185843043048 0.7053978041076693
    outer loop
      vertex -2.5767688751220703 3.85640811920166 9.80635929107666
      vertex -3.279604911804199 3.279604911804199 9.80635929107666
      vertex -2.691502571105957 2.691502571105957 10.638062477111816
    endloop
  endfacet
  facet normal -0.2970384554512256 0.243773522146973 0.9232240388352168
    outer loop
      vertex -1.8970792293548584 1.4334521293640137 11.474215507507324
      vertex -2.351712226867676 1.5713634490966797 11.291526794433594
      vertex -1.9320108890533447 1.2909283638000488 11.500609397888184
    endloop
  endfacet
  facet normal -0.2970419979308735 0.2437711504269645 0.9232235253094178
    outer loop
      vertex -1.9999666213989258 1.9999666213989258 11.291526794433594
      vertex -1.8263397216796875 1.7220745086669922 11.42076587677002
      vertex -1.7888710498809814 1.7888710498809814 11.415184020996094
    endloop
  endfacet
  facet normal -0.2970387091919515 0.2437734187807163 0.9232239844899723
    outer loop
      vertex -2.351712226867676 1.5713634490966797 11.291526794433594
      vertex -1.8263397216796875 1.7220745086669922 11.42076587677002
      vertex -1.9999666213989258 1.9999666213989258 11.291526794433594
    endloop
  endfacet
  facet normal -0.2970386309261321 0.24377303817672186 0.9232241101680673
    outer loop
      vertex -1.8263397216796875 1.7220745086669922 11.42076587677002
      vertex -2.351712226867676 1.5713634490966797 11.291526794433594
      vertex -1.8970792293548584 1.4334521293640137 11.474215507507324
    endloop
  endfacet
  facet normal -0.5282629174971708 0.6436895816427187 0.5537165452485588
    outer loop
      vertex -2.5767688751220703 3.85640811920166 9.80635929107666
      vertex -3.7416744232177734 3.7416744232177734 8.82837963104248
      vertex -3.279604911804199 3.279604911804199 9.80635929107666
    endloop
  endfacet
  facet normal -0.5282627900024551 0.6436898433194128 0.5537163626860341
    outer loop
      vertex -2.939814567565918 4.399744033813477 8.82837963104248
      vertex -3.7416744232177734 3.7416744232177734 8.82837963104248
      vertex -2.5767688751220703 3.85640811920166 9.80635929107666
    endloop
  endfacet
  facet normal -0.46242333271232916 0.8651337119664088 0.19418630688708596
    outer loop
      vertex -2.285043716430664 5.516584396362305 6.588102340698242
      vertex -3.3173694610595703 4.964795112609863 6.588102340698242
      vertex -2.197230339050293 5.3045854568481445 7.741707801818848
    endloop
  endfacet
  facet normal -0.2847589065929979 0.938724707820779 0.1941862200125263
    outer loop
      vertex -1.1649045944213867 5.856374740600586 6.588102340698242
      vertex -2.285043716430664 5.516584396362305 6.588102340698242
      vertex -2.197230339050293 5.3045854568481445 7.741707801818848
    endloop
  endfacet
  facet normal -0.938724707820779 0.2847589065929979 0.1941862200125263
    outer loop
      vertex -5.516584396362305 2.285043716430664 6.588102340698242
      vertex -5.856374740600586 1.1649045944213867 6.588102340698242
      vertex -5.3045854568481445 2.197230339050293 7.741707801818848
    endloop
  endfacet
  facet normal -0.8651337119664088 0.46242333271232916 0.19418630688708596
    outer loop
      vertex -4.964795112609863 3.3173694610595703 6.588102340698242
      vertex -5.516584396362305 2.285043716430664 6.588102340698242
      vertex -5.3045854568481445 2.197230339050293 7.741707801818848
    endloop
  endfacet
  facet normal -0.7146715534313506 0.5865155174084046 0.3811090638585911
    outer loop
      vertex -4.059953689575195 4.059953689575195 7.741707801818848
      vertex -4.77400016784668 3.189885139465332 7.741707801818848
      vertex -4.399744033813477 2.939814567565918 8.82837963104248
    endloop
  endfacet
  facet normal -0.7582960354976565 0.6223171881870231 0.19418661085547084
    outer loop
      vertex -4.059953689575195 4.059953689575195 7.741707801818848
      vertex -4.964795112609863 3.3173694610595703 6.588102340698242
      vertex -4.77400016784668 3.189885139465332 7.741707801818848
    endloop
  endfacet
  facet normal 0.6223171881870231 0.7582960354976565 0.19418661085547084
    outer loop
      vertex 3.3173694610595703 4.964795112609863 6.588102340698242
      vertex 3.189885139465332 4.77400016784668 7.741707801818848
      vertex 4.059953689575195 4.059953689575195 7.741707801818848
    endloop
  endfacet
  facet normal 0.758295907811317 0.6223174219854961 0.19418636020569705
    outer loop
      vertex 4.222210884094238 4.222210884094238 6.588102340698242
      vertex 4.059953689575195 4.059953689575195 7.741707801818848
      vertex 4.964795112609863 3.3173694610595703 6.588102340698242
    endloop
  endfacet
  facet normal 0.9387247267227946 0.2847585581655151 0.1941866395782973
    outer loop
      vertex 5.500810146331787 1.7220745086669922 7.4899067878723145
      vertex 5.856374740600586 1.1649045944213867 6.588102340698242
      vertex 5.347957611083984 2.116086483001709 7.651031017303467
    endloop
  endfacet
  facet normal 0.9387247599413303 0.2847583534930323 0.19418677913037563
    outer loop
      vertex 5.856374740600586 1.1649045944213867 6.588102340698242
      vertex 5.500810146331787 1.7220745086669922 7.4899067878723145
      vertex 5.686717987060547 1.1311579942703247 7.457732200622559
    endloop
  endfacet
  facet normal 0.06947559583199608 0.7053979589913416 0.7053983704507962
    outer loop
      vertex 0 4.638062477111816 9.80635929107666
      vertex 0.5047295093536377 4.220580577850342 10.174129486083984
      vertex 0.9048404693603516 4.548943519592285 9.80635929107666
    endloop
  endfacet
  facet normal 0.0694754426412103 0.7053978675926172 0.7053984769373947
    outer loop
      vertex 0.5047295093536377 4.220580577850342 10.174129486083984
      vertex 0 4.638062477111816 9.80635929107666
      vertex 0.3126744329929352 4.15745735168457 10.256168365478516
    endloop
  endfacet
  facet normal 0.0694759828850488 0.705398023422576 0.7053982678981282
    outer loop
      vertex 0.3126744329929352 4.15745735168457 10.256168365478516
      vertex 0 4.638062477111816 9.80635929107666
      vertex 0 3.9501407146453857 10.494280815124512
    endloop
  endfacet
  facet normal 0.06947476131596288 0.7053984820619653 0.7053979295722133
    outer loop
      vertex 0.9048404693603516 4.548943519592285 9.80635929107666
      vertex 0.5047295093536377 4.220580577850342 10.174129486083984
      vertex 0.8629440665245056 4.338315963745117 10.021113395690918
    endloop
  endfacet
  facet normal 0.7146714711579953 0.5865153404441705 0.3811094904834117
    outer loop
      vertex 4.038984298706055 3.741612434387207 8.270947456359863
      vertex 4.059953689575195 4.059953689575195 7.741707801818848
      vertex 3.8619701862335205 3.8619701862335205 8.417664527893066
    endloop
  endfacet
  facet normal 0.7146707730365319 0.5865159649804549 0.3811098384854581
    outer loop
      vertex 4.059953689575195 4.059953689575195 7.741707801818848
      vertex 4.038984298706055 3.741612434387207 8.270947456359863
      vertex 4.201233386993408 3.5942163467407227 8.193530082702637
    endloop
  endfacet
  facet normal -0.881921378952939 -0.4713965224158388 0
    outer loop
      vertex -4.964795112609863 -3.3173694610595703 6
      vertex -5.516584396362305 -2.285043716430664 6.588102340698242
      vertex -5.516584396362305 -2.285043716430664 6
    endloop
  endfacet
  facet normal -0.881921378952939 -0.4713965224158388 0
    outer loop
      vertex -5.516584396362305 -2.285043716430664 6.588102340698242
      vertex -4.964795112609863 -3.3173694610595703 6
      vertex -4.964795112609863 -3.3173694610595703 6.588102340698242
    endloop
  endfacet
  facet normal -0.2627652612026028 -0.4916046717657972 0.8302284409746338
    outer loop
      vertex -1.4504423141479492 -2.500065803527832 11.24195384979248
      vertex -1.4566307067871094 -3.516617774963379 10.638062477111816
      vertex -1.1845791339874268 -2.859827756881714 11.113072395324707
    endloop
  endfacet
  facet normal -0.26276475151047557 -0.4916011668910016 0.8302306776282384
    outer loop
      vertex -1.5713634490966797 -2.351712226867676 11.291526794433594
      vertex -1.4504423141479492 -2.500065803527832 11.24195384979248
      vertex -1.4864007234573364 -2.397125482559204 11.291526794433594
    endloop
  endfacet
  facet normal -0.262769614614528 -0.4916040466335711 0.8302274332788758
    outer loop
      vertex -1.4504423141479492 -2.500065803527832 11.24195384979248
      vertex -1.5713634490966797 -2.351712226867676 11.291526794433594
      vertex -1.4566307067871094 -3.516617774963379 10.638062477111816
    endloop
  endfacet
  facet normal -0.547918774172378 -0.4496647847189722 0.7053981842144754
    outer loop
      vertex -3.164872169494629 -2.114699363708496 10.638062477111816
      vertex -3.85640811920166 -2.5767688751220703 9.80635929107666
      vertex -2.691502571105957 -2.691502571105957 10.638062477111816
    endloop
  endfacet
  facet normal -0.2417221335325606 -0.796848751064706 0.5537169656847125
    outer loop
      vertex -1.7749090194702148 -4.28501033782959 9.80635929107666
      vertex -2.024979591369629 -4.888733863830566 8.82837963104248
      vertex -0.9048404693603516 -4.548943519592285 9.80635929107666
    endloop
  endfacet
  facet normal -0.20575774021155183 -0.6782903820737034 0.7053976962886573
    outer loop
      vertex -1.4566307067871094 -3.516617774963379 10.638062477111816
      vertex -1.7749090194702148 -4.28501033782959 9.80635929107666
      vertex -0.9048404693603516 -4.548943519592285 9.80635929107666
    endloop
  endfacet
  facet normal -0.4308946179728885 -0.3536261467174053 0.8302279063966704
    outer loop
      vertex -2.351712226867676 -1.5713634490966797 11.291526794433594
      vertex -2.691502571105957 -2.691502571105957 10.638062477111816
      vertex -1.9999666213989258 -1.9999666213989258 11.291526794433594
    endloop
  endfacet
  facet normal -0.18112628367994804 -0.33889863313109175 0.9232231506099533
    outer loop
      vertex -1.5332927703857422 -2.2947354316711426 11.319911003112793
      vertex -1.5713634490966797 -2.351712226867676 11.291526794433594
      vertex -1.5247271060943604 -2.313438653945923 11.314725875854492
    endloop
  endfacet
  facet normal -0.36771644443716267 -0.11154617063599427 0.923223736862813
    outer loop
      vertex -2.774033546447754 -0.5517892837524414 11.291526794433594
      vertex -2.067997694015503 -0.6350345611572266 11.5626802444458
      vertex -2.081264019012451 -0.41398903727531433 11.58410358428955
    endloop
  endfacet
  facet normal -0.36771643306798646 -0.111545987311918 0.9232237635407607
    outer loop
      vertex -2.067997694015503 -0.6350345611572266 11.5626802444458
      vertex -2.774033546447754 -0.5517892837524414 11.291526794433594
      vertex -2.613081932067871 -1.0823736190795898 11.291526794433594
    endloop
  endfacet
  facet normal -0.533421126865739 -0.1618121489780515 0.8302281191674913
    outer loop
      vertex -2.774033546447754 -0.5517892837524414 11.291526794433594
      vertex -3.516617774963379 -1.4566307067871094 10.638062477111816
      vertex -2.613081932067871 -1.0823736190795898 11.291526794433594
    endloop
  endfacet
  facet normal 0.5865155174084046 -0.7146715534313506 0.3811090638585911
    outer loop
      vertex 4.059953689575195 -4.059953689575195 7.741707801818848
      vertex 2.939814567565918 -4.399744033813477 8.82837963104248
      vertex 3.189885139465332 -4.77400016784668 7.741707801818848
    endloop
  endfacet
  facet normal 0.7146707730365319 -0.5865159649804549 0.3811098384854581
    outer loop
      vertex 4.038984298706055 -3.741612434387207 8.270947456359863
      vertex 4.059953689575195 -4.059953689575195 7.741707801818848
      vertex 4.201233386993408 -3.5942163467407227 8.193530082702637
    endloop
  endfacet
  facet normal 0.7146714711579953 -0.5865153404441705 0.3811094904834117
    outer loop
      vertex 4.059953689575195 -4.059953689575195 7.741707801818848
      vertex 4.038984298706055 -3.741612434387207 8.270947456359863
      vertex 3.8619701862335205 -3.8619701862335205 8.417664527893066
    endloop
  endfacet
  facet normal -0.3341310681318817 -0.6251164329450618 0.7053976712260183
    outer loop
      vertex -1.4566307067871094 -3.516617774963379 10.638062477111816
      vertex -2.5767688751220703 -3.85640811920166 9.80635929107666
      vertex -1.7749090194702148 -4.28501033782959 9.80635929107666
    endloop
  endfacet
  facet normal 0.2057566992410319 -0.678288223680556 0.7054000753712121
    outer loop
      vertex 1.0727742910385132 -4.4135332107543945 9.887580871582031
      vertex 0.9048404693603516 -4.548943519592285 9.80635929107666
      vertex 1.2795641422271729 -4.435272216796875 9.80635929107666
    endloop
  endfacet
  facet normal 0.20575980326568652 -0.6782903206808503 0.7053971535459549
    outer loop
      vertex 0.9048404693603516 -4.548943519592285 9.80635929107666
      vertex 1.0727742910385132 -4.4135332107543945 9.887580871582031
      vertex 0.9925838112831116 -4.384787559509277 9.938612937927246
    endloop
  endfacet
  facet normal 0.20575812323106904 -0.6782900371490463 0.7053979162350663
    outer loop
      vertex 0.9925838112831116 -4.384787559509277 9.938612937927246
      vertex 0.8629440665245056 -4.338315963745117 10.021113395690918
      vertex 0.9048404693603516 -4.548943519592285 9.80635929107666
    endloop
  endfacet
  facet normal -0.24377385001463542 -0.2970393751163715 0.9232236563690933
    outer loop
      vertex -1.9999666213989258 -1.9999666213989258 11.291526794433594
      vertex -1.5462812185287476 -2.2690272331237793 11.324752807617188
      vertex -1.7888710498809814 -1.7888710498809814 11.415184020996094
    endloop
  endfacet
  facet normal -0.2437736041903766 -0.29703893511422985 0.9232238628448887
    outer loop
      vertex -1.5462812185287476 -2.2690272331237793 11.324752807617188
      vertex -1.9999666213989258 -1.9999666213989258 11.291526794433594
      vertex -1.5713634490966797 -2.351712226867676 11.291526794433594
    endloop
  endfacet
  facet normal -0.2437747917220574 -0.2970385045455338 0.9232236878125584
    outer loop
      vertex -1.5462812185287476 -2.2690272331237793 11.324752807617188
      vertex -1.5713634490966797 -2.351712226867676 11.291526794433594
      vertex -1.5332927703857422 -2.2947354316711426 11.319911003112793
    endloop
  endfacet
  facet normal -0.6223171881870231 -0.7582960354976565 0.19418661085547084
    outer loop
      vertex -3.189885139465332 -4.77400016784668 7.741707801818848
      vertex -4.059953689575195 -4.059953689575195 7.741707801818848
      vertex -3.3173694610595703 -4.964795112609863 6.588102340698242
    endloop
  endfacet
  facet normal -0.4624236703835518 -0.8651334398954795 0.19418671489990963
    outer loop
      vertex -3.189885139465332 -4.77400016784668 7.741707801818848
      vertex -3.3173694610595703 -4.964795112609863 6.588102340698242
      vertex -2.197230339050293 -5.3045854568481445 7.741707801818848
    endloop
  endfacet
  facet normal 0.8153624463757939 0.4358204815362906 0.3811096809496662
    outer loop
      vertex 5.114290237426758 2.5532474517822266 7.741707801818848
      vertex 4.77400016784668 3.189885139465332 7.741707801818848
      vertex 4.792663097381592 3.0003957748413086 7.918471336364746
    endloop
  endfacet
  facet normal 0.9951847555031926 0.09801684760310726 0
    outer loop
      vertex 5.971107482910156 0 6.588102340698242
      vertex 5.856374740600586 1.1649045944213867 6
      vertex 5.856374740600586 1.1649045944213867 6.588102340698242
    endloop
  endfacet
  facet normal 0.9951847555031926 0.09801684760310726 0
    outer loop
      vertex 5.856374740600586 1.1649045944213867 6
      vertex 5.971107482910156 0 6.588102340698242
      vertex 5.971107482910156 0 6
    endloop
  endfacet
  facet normal 0.09615107644029104 -0.9762412058594546 0.19418568042327786
    outer loop
      vertex 0 -5.741641998291016 7.741707801818848
      vertex 0 -5.971107482910156 6.588102340698242
      vertex 1.1649045944213867 -5.856374740600586 6.588102340698242
    endloop
  endfacet
  facet normal -0.09615107644029104 -0.9762412058594546 0.19418568042327786
    outer loop
      vertex 0 -5.741641998291016 7.741707801818848
      vertex -1.1649045944213867 -5.856374740600586 6.588102340698242
      vertex 0 -5.971107482910156 6.588102340698242
    endloop
  endfacet
  facet normal -0.625115487613057 0.3341317404585261 0.7053981905026736
    outer loop
      vertex -3.164872169494629 2.114699363708496 10.638062477111816
      vertex -3.85640811920166 2.5767688751220703 9.80635929107666
      vertex -3.516617774963379 1.4566307067871094 10.638062477111816
    endloop
  endfacet
  facet normal -0.4308949941186031 0.35362596410296965 0.8302277889566058
    outer loop
      vertex -2.691502571105957 2.691502571105957 10.638062477111816
      vertex -3.164872169494629 2.114699363708496 10.638062477111816
      vertex -2.351712226867676 1.5713634490966797 11.291526794433594
    endloop
  endfacet
  facet normal -0.4496647847189722 0.547918774172378 0.7053981842144754
    outer loop
      vertex -2.5767688751220703 3.85640811920166 9.80635929107666
      vertex -2.691502571105957 2.691502571105957 10.638062477111816
      vertex -2.114699363708496 3.164872169494629 10.638062477111816
    endloop
  endfacet
  facet normal -0.35362596410296965 0.4308949941186031 0.8302277889566058
    outer loop
      vertex -2.114699363708496 3.164872169494629 10.638062477111816
      vertex -2.691502571105957 2.691502571105957 10.638062477111816
      vertex -1.5713634490966797 2.351712226867676 11.291526794433594
    endloop
  endfacet
  facet normal -0.3536261467174053 0.4308946179728885 0.8302279063966704
    outer loop
      vertex -1.5713634490966797 2.351712226867676 11.291526794433594
      vertex -2.691502571105957 2.691502571105957 10.638062477111816
      vertex -1.9999666213989258 1.9999666213989258 11.291526794433594
    endloop
  endfacet
  facet normal -0.3925348006169737 0.7343804368407698 0.5537163572535608
    outer loop
      vertex -2.024979591369629 4.888733863830566 8.82837963104248
      vertex -2.939814567565918 4.399744033813477 8.82837963104248
      vertex -2.5767688751220703 3.85640811920166 9.80635929107666
    endloop
  endfacet
  facet normal -0.5865157205503665 0.7146712193446054 0.3811093777221696
    outer loop
      vertex -2.939814567565918 4.399744033813477 8.82837963104248
      vertex -4.059953689575195 4.059953689575195 7.741707801818848
      vertex -3.7416744232177734 3.7416744232177734 8.82837963104248
    endloop
  endfacet
  facet normal -0.6436898433194129 0.5282627900024552 0.5537163626860342
    outer loop
      vertex -3.7416744232177734 3.7416744232177734 8.82837963104248
      vertex -4.399744033813477 2.939814567565918 8.82837963104248
      vertex -3.85640811920166 2.5767688751220703 9.80635929107666
    endloop
  endfacet
  facet normal -0.6436895816427187 0.5282629174971708 0.5537165452485588
    outer loop
      vertex -3.7416744232177734 3.7416744232177734 8.82837963104248
      vertex -3.85640811920166 2.5767688751220703 9.80635929107666
      vertex -3.279604911804199 3.279604911804199 9.80635929107666
    endloop
  endfacet
  facet normal 0.29028456491215227 0.9569403698108689 0
    outer loop
      vertex 2.285043716430664 5.516584396362305 6
      vertex 1.1649045944213867 5.856374740600586 6.588102340698242
      vertex 2.285043716430664 5.516584396362305 6.588102340698242
    endloop
  endfacet
  facet normal 0.29028456491215227 0.9569403698108689 0
    outer loop
      vertex 1.1649045944213867 5.856374740600586 6.588102340698242
      vertex 2.285043716430664 5.516584396362305 6
      vertex 1.1649045944213867 5.856374740600586 6
    endloop
  endfacet
  facet normal 0.5865157523723324 0.7146711713693558 0.3811094187141926
    outer loop
      vertex 3.355597972869873 4.15745735168457 8.642847061157227
      vertex 2.939814567565918 4.399744033813477 8.82837963104248
      vertex 3.1288414001464844 4.2446136474609375 8.82837963104248
    endloop
  endfacet
  facet normal 0.5865157532450874 0.7146711655749123 0.3811094282370142
    outer loop
      vertex 3.355597972869873 4.15745735168457 8.642847061157227
      vertex 4.059953689575195 4.059953689575195 7.741707801818848
      vertex 2.939814567565918 4.399744033813477 8.82837963104248
    endloop
  endfacet
  facet normal 0.5865158454673964 0.714671044462147 0.38110951342501137
    outer loop
      vertex 4.059953689575195 4.059953689575195 7.741707801818848
      vertex 3.355597972869873 4.15745735168457 8.642847061157227
      vertex 3.8619701862335205 3.8619701862335205 8.417664527893066
    endloop
  endfacet
  facet normal 0.43582072083969414 0.8153626400804628 0.3811089928718385
    outer loop
      vertex 3.189885139465332 4.77400016784668 7.741707801818848
      vertex 2.024979591369629 4.888733863830566 8.82837963104248
      vertex 2.939814567565918 4.399744033813477 8.82837963104248
    endloop
  endfacet
  facet normal 0.7582960354976565 0.6223171881870231 0.19418661085547084
    outer loop
      vertex 4.964795112609863 3.3173694610595703 6.588102340698242
      vertex 4.059953689575195 4.059953689575195 7.741707801818848
      vertex 4.77400016784668 3.189885139465332 7.741707801818848
    endloop
  endfacet
  facet normal 0.7730104267313153 0.6343933166141253 0
    outer loop
      vertex 4.964795112609863 3.3173694610595703 6.588102340698242
      vertex 4.222210884094238 4.222210884094238 6
      vertex 4.222210884094238 4.222210884094238 6.588102340698242
    endloop
  endfacet
  facet normal 0.7730104267313153 0.6343933166141253 0
    outer loop
      vertex 4.222210884094238 4.222210884094238 6
      vertex 4.964795112609863 3.3173694610595703 6.588102340698242
      vertex 4.964795112609863 3.3173694610595703 6
    endloop
  endfacet
  facet normal -0.06947609500107284 0.7053979068151569 0.7053983734629653
    outer loop
      vertex -0.9048404693603516 4.548943519592285 9.80635929107666
      vertex -0.2883920967578888 3.7779550552368164 10.638062477111816
      vertex -0.10141634196043015 3.889589548110962 10.544843673706055
    endloop
  endfacet
  facet normal -0.0694757600610102 0.7053980527635288 0.7053982605035022
    outer loop
      vertex -0.2883920967578888 3.7779550552368164 10.638062477111816
      vertex -0.9048404693603516 4.548943519592285 9.80635929107666
      vertex -0.7425832748413086 3.7332210540771484 10.638062477111816
    endloop
  endfacet
  facet normal -0.20575774021155183 0.6782903820737034 0.7053976962886573
    outer loop
      vertex -0.9048404693603516 4.548943519592285 9.80635929107666
      vertex -1.7749090194702148 4.28501033782959 9.80635929107666
      vertex -1.4566307067871094 3.516617774963379 10.638062477111816
    endloop
  endfacet
  facet normal -0.4308949941186031 -0.35362596410296965 0.8302277889566058
    outer loop
      vertex -2.351712226867676 -1.5713634490966797 11.291526794433594
      vertex -3.164872169494629 -2.114699363708496 10.638062477111816
      vertex -2.691502571105957 -2.691502571105957 10.638062477111816
    endloop
  endfacet
  facet normal -0.4916041239283265 -0.2627683120953756 0.8302277997605295
    outer loop
      vertex -2.351712226867676 -1.5713634490966797 11.291526794433594
      vertex -3.516617774963379 -1.4566307067871094 10.638062477111816
      vertex -3.164872169494629 -2.114699363708496 10.638062477111816
    endloop
  endfacet
  facet normal -0.5282629174971708 -0.6436895816427187 0.5537165452485588
    outer loop
      vertex -3.279604911804199 -3.279604911804199 9.80635929107666
      vertex -3.7416744232177734 -3.7416744232177734 8.82837963104248
      vertex -2.5767688751220703 -3.85640811920166 9.80635929107666
    endloop
  endfacet
  facet normal -0.44966561235438585 -0.5479185843043048 0.7053978041076693
    outer loop
      vertex -2.691502571105957 -2.691502571105957 10.638062477111816
      vertex -3.279604911804199 -3.279604911804199 9.80635929107666
      vertex -2.5767688751220703 -3.85640811920166 9.80635929107666
    endloop
  endfacet
  facet normal -0.3536261467174053 -0.4308946179728885 0.8302279063966704
    outer loop
      vertex -1.9999666213989258 -1.9999666213989258 11.291526794433594
      vertex -2.691502571105957 -2.691502571105957 10.638062477111816
      vertex -1.5713634490966797 -2.351712226867676 11.291526794433594
    endloop
  endfacet
  facet normal -0.35362596410296965 -0.4308949941186031 0.8302277889566058
    outer loop
      vertex -1.5713634490966797 -2.351712226867676 11.291526794433594
      vertex -2.691502571105957 -2.691502571105957 10.638062477111816
      vertex -2.114699363708496 -3.164872169494629 10.638062477111816
    endloop
  endfacet
  facet normal 0.5865157523723324 -0.7146711713693558 0.3811094187141926
    outer loop
      vertex 2.939814567565918 -4.399744033813477 8.82837963104248
      vertex 3.355597972869873 -4.15745735168457 8.642847061157227
      vertex 3.1288414001464844 -4.2446136474609375 8.82837963104248
    endloop
  endfacet
  facet normal 0.5865158454673964 -0.714671044462147 0.38110951342501137
    outer loop
      vertex 3.355597972869873 -4.15745735168457 8.642847061157227
      vertex 4.059953689575195 -4.059953689575195 7.741707801818848
      vertex 3.8619701862335205 -3.8619701862335205 8.417664527893066
    endloop
  endfacet
  facet normal 0.5865157532450874 -0.7146711655749123 0.3811094282370142
    outer loop
      vertex 4.059953689575195 -4.059953689575195 7.741707801818848
      vertex 3.355597972869873 -4.15745735168457 8.642847061157227
      vertex 2.939814567565918 -4.399744033813477 8.82837963104248
    endloop
  endfacet
  facet normal 0.5282624011603552 -0.6436892913798387 0.5537173752766092
    outer loop
      vertex 3.1288414001464844 -4.2446136474609375 8.82837963104248
      vertex 2.8911657333374023 -4.326935768127441 8.959430694580078
      vertex 2.939814567565918 -4.399744033813477 8.82837963104248
    endloop
  endfacet
  facet normal -0.18113748002663826 -0.33888638425401907 0.9232254501999154
    outer loop
      vertex -1.5247271060943604 -2.313438653945923 11.314725875854492
      vertex -1.5713634490966797 -2.351712226867676 11.291526794433594
      vertex -1.4864007234573364 -2.397125482559204 11.291526794433594
    endloop
  endfacet
  facet normal -0.2627683120953756 -0.4916041239283265 0.8302277997605295
    outer loop
      vertex -1.5713634490966797 -2.351712226867676 11.291526794433594
      vertex -2.114699363708496 -3.164872169494629 10.638062477111816
      vertex -1.4566307067871094 -3.516617774963379 10.638062477111816
    endloop
  endfacet
  facet normal 0.09801684760310726 -0.9951847555031926 0
    outer loop
      vertex 0 -5.971107482910156 6
      vertex 1.1649045944213867 -5.856374740600586 6.588102340698242
      vertex 0 -5.971107482910156 6.588102340698242
    endloop
  endfacet
  facet normal 0.09801684760310726 -0.9951847555031926 0
    outer loop
      vertex 1.1649045944213867 -5.856374740600586 6.588102340698242
      vertex 0 -5.971107482910156 6
      vertex 1.1649045944213867 -5.856374740600586 6
    endloop
  endfacet
  facet normal -0.796848751064706 0.2417221335325606 0.5537169656847125
    outer loop
      vertex -4.28501033782959 1.7749090194702148 9.80635929107666
      vertex -4.888733863830566 2.024979591369629 8.82837963104248
      vertex -4.548943519592285 0.9048404693603516 9.80635929107666
    endloop
  endfacet
  facet normal -0.6782903820737035 0.20575774021155185 0.7053976962886574
    outer loop
      vertex -4.28501033782959 1.7749090194702148 9.80635929107666
      vertex -4.548943519592285 0.9048404693603516 9.80635929107666
      vertex -3.516617774963379 1.4566307067871094 10.638062477111816
    endloop
  endfacet
  facet normal 0.2847589065929979 0.938724707820779 0.1941862200125263
    outer loop
      vertex 2.285043716430664 5.516584396362305 6.588102340698242
      vertex 1.1649045944213867 5.856374740600586 6.588102340698242
      vertex 2.197230339050293 5.3045854568481445 7.741707801818848
    endloop
  endfacet
  facet normal 0.46242333271232916 0.8651337119664088 0.19418630688708596
    outer loop
      vertex 2.285043716430664 5.516584396362305 6.588102340698242
      vertex 2.197230339050293 5.3045854568481445 7.741707801818848
      vertex 3.3173694610595703 4.964795112609863 6.588102340698242
    endloop
  endfacet
  facet normal 0.5282624011603552 0.6436892913798387 0.5537173752766092
    outer loop
      vertex 2.939814567565918 4.399744033813477 8.82837963104248
      vertex 2.8911657333374023 4.326935768127441 8.959430694580078
      vertex 3.1288414001464844 4.2446136474609375 8.82837963104248
    endloop
  endfacet
  facet normal 0.39253467175345896 0.7343796637939075 0.5537174738775648
    outer loop
      vertex 2.939814567565918 4.399744033813477 8.82837963104248
      vertex 2.612004518508911 4.4135332107543945 9.042478561401367
      vertex 2.8911657333374023 4.326935768127441 8.959430694580078
    endloop
  endfacet
  facet normal 0.39253452585234405 0.7343799227926691 0.553717233805224
    outer loop
      vertex 2.024979591369629 4.888733863830566 8.82837963104248
      vertex 2.612004518508911 4.4135332107543945 9.042478561401367
      vertex 2.939814567565918 4.399744033813477 8.82837963104248
    endloop
  endfacet
  facet normal 0.3925354586228758 0.7343804575804714 0.5537158632797384
    outer loop
      vertex 2.612004518508911 4.4135332107543945 9.042478561401367
      vertex 2.024979591369629 4.888733863830566 8.82837963104248
      vertex 2.2576074600219727 4.453517436981201 9.240684509277344
    endloop
  endfacet
  facet normal 0.6343933166141253 0.7730104267313153 0
    outer loop
      vertex 4.222210884094238 4.222210884094238 6
      vertex 3.3173694610595703 4.964795112609863 6.588102340698242
      vertex 4.222210884094238 4.222210884094238 6.588102340698242
    endloop
  endfacet
  facet normal 0.6343933166141253 0.7730104267313153 0
    outer loop
      vertex 3.3173694610595703 4.964795112609863 6.588102340698242
      vertex 4.222210884094238 4.222210884094238 6
      vertex 3.3173694610595703 4.964795112609863 6
    endloop
  endfacet
  facet normal -0.20575646336634926 0.6782901665852582 0.705398275938292
    outer loop
      vertex -0.9048404693603516 4.548943519592285 9.80635929107666
      vertex -1.4566307067871094 3.516617774963379 10.638062477111816
      vertex -0.7425832748413086 3.7332210540771484 10.638062477111816
    endloop
  endfacet
  facet normal -0.16181063059829223 0.533422134753596 0.8302277675314766
    outer loop
      vertex -0.7425832748413086 3.7332210540771484 10.638062477111816
      vertex -0.9733065962791443 3.1819801330566406 10.947267532348633
      vertex -0.6828132271766663 3.4327361583709717 10.8427734375
    endloop
  endfacet
  facet normal -0.16181141021628848 0.5334223119668566 0.8302275017245271
    outer loop
      vertex -1.4566307067871094 3.516617774963379 10.638062477111816
      vertex -0.9733065962791443 3.1819801330566406 10.947267532348633
      vertex -0.7425832748413086 3.7332210540771484 10.638062477111816
    endloop
  endfacet
  facet normal -0.1618164067943633 0.5334172189993661 0.830229800095819
    outer loop
      vertex -0.9733065962791443 3.1819801330566406 10.947267532348633
      vertex -1.4566307067871094 3.516617774963379 10.638062477111816
      vertex -0.999747097492218 3.141663074493408 10.968017578125
    endloop
  endfacet
  facet normal -0.18113748002663826 0.33888638425401907 0.9232254501999154
    outer loop
      vertex -1.4864007234573364 2.397125482559204 11.291526794433594
      vertex -1.5713634490966797 2.351712226867676 11.291526794433594
      vertex -1.5247271060943604 2.313438653945923 11.314725875854492
    endloop
  endfacet
  facet normal -0.20575646336634926 -0.6782901665852582 0.705398275938292
    outer loop
      vertex -0.7425832748413086 -3.7332210540771484 10.638062477111816
      vertex -1.4566307067871094 -3.516617774963379 10.638062477111816
      vertex -0.9048404693603516 -4.548943519592285 9.80635929107666
    endloop
  endfacet
  facet normal -0.0694757600610102 -0.7053980527635288 0.7053982605035022
    outer loop
      vertex -0.9048404693603516 -4.548943519592285 9.80635929107666
      vertex -0.2883920967578888 -3.7779550552368164 10.638062477111816
      vertex -0.7425832748413086 -3.7332210540771484 10.638062477111816
    endloop
  endfacet
  facet normal -0.06947609500107284 -0.7053979068151569 0.7053983734629653
    outer loop
      vertex -0.2883920967578888 -3.7779550552368164 10.638062477111816
      vertex -0.9048404693603516 -4.548943519592285 9.80635929107666
      vertex -0.10141634196043015 -3.889589548110962 10.544843673706055
    endloop
  endfacet
  facet normal -0.18112628367994804 0.33889863313109175 0.9232231506099533
    outer loop
      vertex -1.5247271060943604 2.313438653945923 11.314725875854492
      vertex -1.5713634490966797 2.351712226867676 11.291526794433594
      vertex -1.5332927703857422 2.2947354316711426 11.319911003112793
    endloop
  endfacet
  facet normal -0.2437747917220574 0.2970385045455338 0.9232236878125584
    outer loop
      vertex -1.5332927703857422 2.2947354316711426 11.319911003112793
      vertex -1.5713634490966797 2.351712226867676 11.291526794433594
      vertex -1.5462812185287476 2.2690272331237793 11.324752807617188
    endloop
  endfacet
  facet normal 0.8787001128107996 0.09796919575156675 -0.4672131723636214
    outer loop
      vertex 34.56263732910156 0.8036225438117981 61.586219787597656
      vertex 5.728558540344238 0.8779058456420898 7.3727850914001465
      vertex 34.561973571777344 0.8779058456420898 61.600547790527344
    endloop
  endfacet
  facet normal 0.8786949598384123 0.0980288552276295 -0.4672103499467143
    outer loop
      vertex 34.56893539428711 0.7107523679733276 61.57857894897461
      vertex 5.728558540344238 0.8779058456420898 7.3727850914001465
      vertex 34.56263732910156 0.8036225438117981 61.586219787597656
    endloop
  endfacet
  facet normal 0.8786497477794223 0.098555075753958 -0.46718467201984415
    outer loop
      vertex 34.569210052490234 0.7067304849624634 61.5782470703125
      vertex 5.728558540344238 0.8779058456420898 7.3727850914001465
      vertex 34.56893539428711 0.7107523679733276 61.57857894897461
    endloop
  endfacet
  facet normal 0.8787188785174712 0.09774899985451363 -0.46722399934553877
    outer loop
      vertex 34.5695915222168 0.7024807333946228 61.57807540893555
      vertex 5.728558540344238 0.8779058456420898 7.3727850914001465
      vertex 34.569210052490234 0.7067304849624634 61.5782470703125
    endloop
  endfacet
  facet normal 0.8786959103537749 0.09801766923783202 -0.4672109091670844
    outer loop
      vertex 34.60163116455078 0.3458327651023865 61.56351089477539
      vertex 5.728558540344238 0.8779058456420898 7.3727850914001465
      vertex 34.5695915222168 0.7024807333946228 61.57807540893555
    endloop
  endfacet
  facet normal 0.8786959310185307 0.09801741983074984 -0.4672109226261732
    outer loop
      vertex 5.728558540344238 0.8779058456420898 7.3727850914001465
      vertex 34.60163116455078 0.3458327651023865 61.56351089477539
      vertex 5.7792158126831055 0.38149404525756836 7.3639140129089355
    endloop
  endfacet
  facet normal 0.8786964162895153 0.09801182174180799 -0.46721118436828407
    outer loop
      vertex 34.63951110839844 0.010868148878216743 61.564483642578125
      vertex 5.7792158126831055 0.38149404525756836 7.3639140129089355
      vertex 34.60163116455078 0.3458327651023865 61.56351089477539
    endloop
  endfacet
  facet normal 0.8786974422743388 0.09799962091716818 -0.4672118141064358
    outer loop
      vertex 34.64073944091797 0 61.56451416015625
      vertex 5.7792158126831055 0.38149404525756836 7.3639140129089355
      vertex 34.63951110839844 0.010868148878216743 61.564483642578125
    endloop
  endfacet
  facet normal 0.8786959739197858 0.09801709926292838 -0.4672109091933109
    outer loop
      vertex 5.7792158126831055 0.38149404525756836 7.3639140129089355
      vertex 34.64073944091797 0 61.56451416015625
      vertex 5.818145751953125 0 7.357096195220947
    endloop
  endfacet
  facet normal -0.41622154171931863 -0.8819194838755001 0.22130895185139932
    outer loop
      vertex -0.2883920967578888 -3.7779550552368164 10.638062477111816
      vertex 29.11648178100586 -4.129866123199463 64.5382080078125
      vertex -0.31187188625335693 -3.7651073932647705 10.645101547241211
    endloop
  endfacet
  facet normal -0.4162187395190614 -0.8819211927828126 0.22130741197191062
    outer loop
      vertex -0.10141634196043015 -3.889589548110962 10.544843673706055
      vertex 29.11648178100586 -4.129866123199463 64.5382080078125
      vertex -0.2883920967578888 -3.7779550552368164 10.638062477111816
    endloop
  endfacet
  facet normal -0.4162189785610753 -0.881921047345509 0.22130754197400387
    outer loop
      vertex 0 -3.9501407146453857 10.494280815124512
      vertex 29.11648178100586 -4.129866123199463 64.5382080078125
      vertex -0.10141634196043015 -3.889589548110962 10.544843673706055
    endloop
  endfacet
  facet normal -0.41621861128640586 -0.8819212705188335 0.22130734336045566
    outer loop
      vertex 0.3126744329929352 -4.15745735168457 10.256168365478516
      vertex 29.11648178100586 -4.129866123199463 64.5382080078125
      vertex 0 -3.9501407146453857 10.494280815124512
    endloop
  endfacet
  facet normal -0.4162177075285809 -0.8819218173130995 0.2213068640752312
    outer loop
      vertex 29.11648178100586 -4.129866123199463 64.5382080078125
      vertex 0.3126744329929352 -4.15745735168457 10.256168365478516
      vertex 29.166584014892578 -4.15745735168457 64.5224838256836
    endloop
  endfacet
  facet normal -0.8449260797749628 -0.2902925442549205 0.4492551151251573
    outer loop
      vertex -2.054783582687378 -0.8779058456420898 11.536580085754395
      vertex 26.8182430267334 -1.029438853263855 65.74093627929688
      vertex 26.78705596923828 -0.8779058456420898 65.78019714355469
    endloop
  endfacet
  facet normal -0.8449283444179044 -0.2902840245506198 0.4492563609899301
    outer loop
      vertex 27.021623611450195 -1.7220745086669922 65.67589569091797
      vertex -2.054783582687378 -0.8779058456420898 11.536580085754395
      vertex -1.982412576675415 -1.121370553970337 11.515377044677734
    endloop
  endfacet
  facet normal -0.8449257453875423 -0.2902937986021028 0.44925493350042117
    outer loop
      vertex -2.054783582687378 -0.8779058456420898 11.536580085754395
      vertex 26.852436065673828 -1.1955766677856445 65.69789123535156
      vertex 26.8182430267334 -1.029438853263855 65.74093627929688
    endloop
  endfacet
  facet normal -0.8449278468723924 -0.29028591760475847 0.4492560735482007
    outer loop
      vertex 27.021623611450195 -1.7220745086669922 65.67589569091797
      vertex -1.982412576675415 -1.121370553970337 11.515377044677734
      vertex -1.9320108890533447 -1.2909283638000488 11.500609397888184
    endloop
  endfacet
  facet normal -0.8449316689676534 -0.29027146101231677 0.4492582260763966
    outer loop
      vertex -2.054783582687378 -0.8779058456420898 11.536580085754395
      vertex 26.919824600219727 -1.4052891731262207 65.68913269042969
      vertex 26.852436065673828 -1.1955766677856445 65.69789123535156
    endloop
  endfacet
  facet normal -0.8449283466873799 -0.29028402609398674 0.4492563557244307
    outer loop
      vertex 27.021623611450195 -1.7220745086669922 65.67589569091797
      vertex -1.9320108890533447 -1.2909283638000488 11.500609397888184
      vertex -1.8970792293548584 -1.4334521293640137 11.474215507507324
    endloop
  endfacet
  facet normal -0.8449284011617654 -0.29028382086319093 0.44925638588148037
    outer loop
      vertex 27.021623611450195 -1.7220745086669922 65.67589569091797
      vertex -1.8970792293548584 -1.4334521293640137 11.474215507507324
      vertex -1.8263397216796875 -1.7220745086669922 11.42076587677002
    endloop
  endfacet
  facet normal -0.8449268689008667 -0.2902896822317864 0.4492554803217719
    outer loop
      vertex -2.054783582687378 -0.8779058456420898 11.536580085754395
      vertex 27.021623611450195 -1.7220745086669922 65.67589569091797
      vertex 26.919824600219727 -1.4052891731262207 65.68913269042969
    endloop
  endfacet
  facet normal -0.08654370072509937 0.9951847593351412 0.04601611295906522
    outer loop
      vertex 30.21628761291504 4.448637008666992 63.93937683105469
      vertex 1.8011764287948608 4.49514627456665 9.492487907409668
      vertex 29.95606231689453 4.419277667999268 64.08491516113281
    endloop
  endfacet
  facet normal -0.0865449677741635 0.9951846185783121 0.0460167740949767
    outer loop
      vertex 30.67153549194336 4.5 63.68476867675781
      vertex 1.8011764287948608 4.49514627456665 9.492487907409668
      vertex 30.21628761291504 4.448637008666992 63.93937683105469
    endloop
  endfacet
  facet normal -0.0865460885000196 0.9951844935070007 0.0460173711609145
    outer loop
      vertex 1.8011764287948608 4.49514627456665 9.492487907409668
      vertex 30.67153549194336 4.5 63.68476867675781
      vertex 1.8434600830078125 4.5 9.46704387664795
    endloop
  endfacet
  facet normal 0.27392356488179687 0.9150302712231123 0.2961173472591661
    outer loop
      vertex 31.015220642089844 4.460953712463379 63.48670959472656
      vertex 30.67380714416504 4.4997100830078125 63.68277359008789
      vertex 30.889568328857422 4.475217342376709 63.558868408203125
    endloop
  endfacet
  facet normal 0.08293689351310253 0.9950271266582523 -0.05515876094165478
    outer loop
      vertex 31.41187286376953 4.41925573348999 63.33091354370117
      vertex 31.015220642089844 4.460953712463379 63.48670959472656
      vertex 31.34368133544922 4.426424503326416 63.35770034790039
    endloop
  endfacet
  facet normal 0.08657867196673895 0.9951808580934929 -0.046034696097346874
    outer loop
      vertex 30.67380714416504 4.4997100830078125 63.68277359008789
      vertex 1.8434600830078125 4.5 9.46704387664795
      vertex 30.67153549194336 4.5 63.68476867675781
    endloop
  endfacet
  facet normal 0.08654472468476068 0.9951846455858517 -0.04601664719861312
    outer loop
      vertex 1.863141655921936 4.498022556304932 9.461297988891602
      vertex 30.67380714416504 4.4997100830078125 63.68277359008789
      vertex 31.015220642089844 4.460953712463379 63.48670959472656
    endloop
  endfacet
  facet normal 0.0865443536294312 0.9951846873186224 -0.046016442511341314
    outer loop
      vertex 1.8886457681655884 4.495145320892334 9.447033882141113
      vertex 31.015220642089844 4.460953712463379 63.48670959472656
      vertex 31.41187286376953 4.41925573348999 63.33091354370117
    endloop
  endfacet
  facet normal 0.08655251393985479 0.9951837767901107 -0.046020786004396526
    outer loop
      vertex 30.67380714416504 4.4997100830078125 63.68277359008789
      vertex 1.863141655921936 4.498022556304932 9.461297988891602
      vertex 1.8434600830078125 4.5 9.46704387664795
    endloop
  endfacet
  facet normal 0.08653720066574316 0.9951854876199462 -0.046012586664812366
    outer loop
      vertex 31.015220642089844 4.460953712463379 63.48670959472656
      vertex 1.8886457681655884 4.495145320892334 9.447033882141113
      vertex 1.863141655921936 4.498022556304932 9.461297988891602
    endloop
  endfacet
  facet normal -0.8786959199874047 -0.09801761112358891 0.46721090324083125
    outer loop
      vertex -2.1065011024475098 -0.1949860006570816 11.582584381103516
      vertex 26.695571899414062 0 65.79231262207031
      vertex -2.1289706230163574 0 11.581232070922852
    endloop
  endfacet
  facet normal -0.8786960081975511 -0.09801661404288434 0.4672109465212234
    outer loop
      vertex -2.081264019012451 -0.41398903727531433 11.58410358428955
      vertex 26.695571899414062 0 65.79231262207031
      vertex -2.1065011024475098 -0.1949860006570816 11.582584381103516
    endloop
  endfacet
  facet normal -0.8786959683640118 -0.09801729232880049 0.4672108791384915
    outer loop
      vertex 26.78705596923828 -0.8779058456420898 65.78019714355469
      vertex -2.081264019012451 -0.41398903727531433 11.58410358428955
      vertex -2.067997694015503 -0.6350345611572266 11.5626802444458
    endloop
  endfacet
  facet normal -0.8786958708436275 -0.09801843842864486 0.4672108221032225
    outer loop
      vertex 26.78705596923828 -0.8779058456420898 65.78019714355469
      vertex -2.067997694015503 -0.6350345611572266 11.5626802444458
      vertex -2.055022954940796 -0.8512179255485535 11.541728019714355
    endloop
  endfacet
  facet normal -0.8786971661696177 -0.09800350693863911 0.46721151825828483
    outer loop
      vertex 26.78705596923828 -0.8779058456420898 65.78019714355469
      vertex -2.055022954940796 -0.8512179255485535 11.541728019714355
      vertex -2.054783582687378 -0.8779058456420898 11.536580085754395
    endloop
  endfacet
  facet normal -0.8786962306130783 -0.09801414710916274 0.4672110457521648
    outer loop
      vertex -2.081264019012451 -0.41398903727531433 11.58410358428955
      vertex 26.78705596923828 -0.8779058456420898 65.78019714355469
      vertex 26.695571899414062 0 65.79231262207031
    endloop
  endfacet
  facet normal 0.8449252736515992 0.2902954888476204 -0.44925472852212844
    outer loop
      vertex 34.391357421875 1.5283470153808594 61.69994354248047
      vertex 5.500810146331787 1.7220745086669922 7.4899067878723145
      vertex 34.352481842041016 1.7220745086669922 61.752010345458984
    endloop
  endfacet
  facet normal 0.8449291229977302 0.29028102990592514 -0.4492568316531671
    outer loop
      vertex 34.484764099121094 1.1472382545471191 61.62936782836914
      vertex 5.500810146331787 1.7220745086669922 7.4899067878723145
      vertex 34.391357421875 1.5283470153808594 61.69994354248047
    endloop
  endfacet
  facet normal 0.8449291125152587 0.29028106975768536 -0.449256825618166
    outer loop
      vertex 34.49816131591797 1.0925737619400024 61.61924362182617
      vertex 5.500810146331787 1.7220745086669922 7.4899067878723145
      vertex 34.484764099121094 1.1472382545471191 61.62936782836914
    endloop
  endfacet
  facet normal 0.8449289460326013 0.2902817037832628 -0.44925672905914715
    outer loop
      vertex 34.50906753540039 1.055881381034851 61.61604690551758
      vertex 5.500810146331787 1.7220745086669922 7.4899067878723145
      vertex 34.49816131591797 1.0925737619400024 61.61924362182617
    endloop
  endfacet
  facet normal 0.8449264050710805 0.2902913917778044 -0.4492552480198375
    outer loop
      vertex 34.561973571777344 0.8779058456420898 61.600547790527344
      vertex 5.500810146331787 1.7220745086669922 7.4899067878723145
      vertex 34.50906753540039 1.055881381034851 61.61604690551758
    endloop
  endfacet
  facet normal 0.8449284009461513 0.29028373876193847 -0.4492564393361218
    outer loop
      vertex 5.500810146331787 1.7220745086669922 7.4899067878723145
      vertex 34.561973571777344 0.8779058456420898 61.600547790527344
      vertex 5.686717987060547 1.1311579942703247 7.457732200622559
    endloop
  endfacet
  facet normal 0.8449280869919816 0.2902849202713302 -0.44925626637269944
    outer loop
      vertex 5.686717987060547 1.1311579942703247 7.457732200622559
      vertex 34.561973571777344 0.8779058456420898 61.600547790527344
      vertex 5.728558540344238 0.8779058456420898 7.3727850914001465
    endloop
  endfacet
  facet normal 0.5601359384531083 -0.7730105310675409 -0.29782956420062484
    outer loop
      vertex 4.201233386993408 -3.5942163467407227 8.193530082702637
      vertex 32.88808059692383 -3.741612434387207 62.52820587158203
      vertex 4.038984298706055 -3.741612434387207 8.270947456359863
    endloop
  endfacet
  facet normal 0.56013599533354 -0.7730104783356992 -0.29782959408849596
    outer loop
      vertex 4.655009746551514 -3.1819801330566406 7.977008819580078
      vertex 32.88808059692383 -3.741612434387207 62.52820587158203
      vertex 4.201233386993408 -3.5942163467407227 8.193530082702637
    endloop
  endfacet
  facet normal 0.5601367854927878 -0.7730097510852946 -0.29782999557609646
    outer loop
      vertex 32.88808059692383 -3.741612434387207 62.52820587158203
      vertex 4.655009746551514 -3.1819801330566406 7.977008819580078
      vertex 33.248653411865234 -3.402064800262451 62.32505798339844
    endloop
  endfacet
  facet normal 0.5601332571112613 -0.773013017927957 -0.2978281524501031
    outer loop
      vertex 33.248653411865234 -3.402064800262451 62.32505798339844
      vertex 4.655009746551514 -3.1819801330566406 7.977008819580078
      vertex 33.48236846923828 -3.1819801330566406 62.193382263183594
    endloop
  endfacet
  facet normal 0.7786998896175794 -0.4713759966372701 -0.41404245157204594
    outer loop
      vertex 5.148951530456543 -2.500065803527832 7.713929653167725
      vertex 34.352481842041016 -1.7220745086669922 61.752010345458984
      vertex 34.31962203979492 -1.7871171236038208 61.764259338378906
    endloop
  endfacet
  facet normal 0.778685633088457 -0.47140666034088896 -0.41403435293207086
    outer loop
      vertex 5.148951530456543 -2.500065803527832 7.713929653167725
      vertex 34.31962203979492 -1.7871171236038208 61.764259338378906
      vertex 34.20659637451172 -2.010822296142578 61.806392669677734
    endloop
  endfacet
  facet normal 0.778690069005698 -0.4713971430158873 -0.4140368461723671
    outer loop
      vertex 34.352481842041016 -1.7220745086669922 61.752010345458984
      vertex 5.347957611083984 -2.116086483001709 7.651031017303467
      vertex 5.500810146331787 -1.7220745086669922 7.4899067878723145
    endloop
  endfacet
  facet normal 0.7786939773570369 -0.4713887977771048 -0.41403899690504287
    outer loop
      vertex 5.148951530456543 -2.500065803527832 7.713929653167725
      vertex 34.20659637451172 -2.010822296142578 61.806392669677734
      vertex 34.12588882446289 -2.1870553493499756 61.855247497558594
    endloop
  endfacet
  facet normal 0.7786903098847981 -0.4713966283952365 -0.4140369790599873
    outer loop
      vertex 34.352481842041016 -1.7220745086669922 61.752010345458984
      vertex 5.3148322105407715 -2.201474666595459 7.685948848724365
      vertex 5.347957611083984 -2.116086483001709 7.651031017303467
    endloop
  endfacet
  facet normal 0.7786919693472514 -0.47139307667481406 -0.41403790181232475
    outer loop
      vertex 34.352481842041016 -1.7220745086669922 61.752010345458984
      vertex 5.289424419403076 -2.2472100257873535 7.690234661102295
      vertex 5.3148322105407715 -2.201474666595459 7.685948848724365
    endloop
  endfacet
  facet normal 0.7786894271555126 -0.471398502499986 -0.41403650548833315
    outer loop
      vertex 5.148951530456543 -2.500065803527832 7.713929653167725
      vertex 34.12588882446289 -2.1870553493499756 61.855247497558594
      vertex 33.98253631591797 -2.500065803527832 61.9420166015625
    endloop
  endfacet
  facet normal 0.7786901397618488 -0.4713969962724988 -0.4140368801724531
    outer loop
      vertex 34.352481842041016 -1.7220745086669922 61.752010345458984
      vertex 5.148951530456543 -2.500065803527832 7.713929653167725
      vertex 5.289424419403076 -2.2472100257873535 7.690234661102295
    endloop
  endfacet
  facet normal 0.08654385451332011 0.9951847427018856 -0.04601618345059557
    outer loop
      vertex 2.612004518508911 4.4135332107543945 9.042478561401367
      vertex 31.41187286376953 4.41925573348999 63.33091354370117
      vertex 31.46630859375 4.4135332107543945 63.309532165527344
    endloop
  endfacet
  facet normal 0.08654521128191882 0.9951845909994422 -0.04601691255876446
    outer loop
      vertex 31.41187286376953 4.41925573348999 63.33091354370117
      vertex 2.2576074600219727 4.453517436981201 9.240684509277344
      vertex 1.8886457681655884 4.495145320892334 9.447033882141113
    endloop
  endfacet
  facet normal 0.08654411994750054 0.9951847131081488 -0.04601632425959296
    outer loop
      vertex 31.41187286376953 4.41925573348999 63.33091354370117
      vertex 2.612004518508911 4.4135332107543945 9.042478561401367
      vertex 2.2576074600219727 4.453517436981201 9.240684509277344
    endloop
  endfacet
  facet normal -0.6825295552368829 0.6343907463556592 0.3629074085306782
    outer loop
      vertex -0.999747097492218 3.141663074493408 10.968017578125
      vertex 27.877519607543945 3.1819801330566406 65.20777893066406
      vertex -0.9733065962791443 3.1819801330566406 10.947267532348633
    endloop
  endfacet
  facet normal -0.6825279004508731 0.6343930316617097 0.36290652582336963
    outer loop
      vertex -1.1845791339874268 2.859827756881714 11.113072395324707
      vertex 27.877519607543945 3.1819801330566406 65.20777893066406
      vertex -0.999747097492218 3.141663074493408 10.968017578125
    endloop
  endfacet
  facet normal -0.6825273226124704 0.6343938336638191 0.3629062106065084
    outer loop
      vertex -1.4504423141479492 2.500065803527832 11.24195384979248
      vertex 27.877519607543945 3.1819801330566406 65.20777893066406
      vertex -1.1845791339874268 2.859827756881714 11.113072395324707
    endloop
  endfacet
  facet normal -0.6825258614811429 0.6343958746460352 0.3629053907584122
    outer loop
      vertex 27.877519607543945 3.1819801330566406 65.20777893066406
      vertex -1.4504423141479492 2.500065803527832 11.24195384979248
      vertex 27.630373001098633 2.8383796215057373 65.34361267089844
    endloop
  endfacet
  facet normal -0.6825301458487855 0.6343899265157933 0.3629077308944
    outer loop
      vertex 27.630373001098633 2.8383796215057373 65.34361267089844
      vertex -1.4504423141479492 2.500065803527832 11.24195384979248
      vertex 27.38702964782715 2.500065803527832 65.47734832763672
    endloop
  endfacet
  facet normal 0.4162180900908748 0.8819215803408057 -0.22130708892911707
    outer loop
      vertex 32.32572937011719 4.070638656616211 62.781761169433594
      vertex 3.355597972869873 4.15745735168457 8.642847061157227
      vertex 32.19478988647461 4.15745735168457 62.88147735595703
    endloop
  endfacet
  facet normal 0.4162199328327844 0.8819204662076741 -0.22130806310821877
    outer loop
      vertex 3.8619701862335205 3.8619701862335205 8.417664527893066
      vertex 32.32572937011719 4.070638656616211 62.781761169433594
      vertex 32.71318435668945 3.8432564735412598 62.604331970214844
    endloop
  endfacet
  facet normal 0.41622274383030017 0.8819187638324035 -0.221309560387032
    outer loop
      vertex 3.8619701862335205 3.8619701862335205 8.417664527893066
      vertex 32.71318435668945 3.8432564735412598 62.604331970214844
      vertex 32.863006591796875 3.75533127784729 62.53572463989258
    endloop
  endfacet
  facet normal 0.41618424921466934 0.8819421181537411 -0.22128888569495422
    outer loop
      vertex 3.8619701862335205 3.8619701862335205 8.417664527893066
      vertex 32.863006591796875 3.75533127784729 62.53572463989258
      vertex 32.88808059692383 3.741612434387207 62.52820587158203
    endloop
  endfacet
  facet normal 0.4162190097201992 0.8819210226151339 -0.22130758192392164
    outer loop
      vertex 32.32572937011719 4.070638656616211 62.781761169433594
      vertex 3.8619701862335205 3.8619701862335205 8.417664527893066
      vertex 3.355597972869873 4.15745735168457 8.642847061157227
    endloop
  endfacet
  facet normal 0.4162183810378872 0.8819214049086644 -0.22130724084432418
    outer loop
      vertex 3.8619701862335205 3.8619701862335205 8.417664527893066
      vertex 32.88808059692383 3.741612434387207 62.52820587158203
      vertex 4.038984298706055 3.741612434387207 8.270947456359863
    endloop
  endfacet
  facet normal 0.8449264050710805 -0.2902913917778044 -0.4492552480198375
    outer loop
      vertex 5.500810146331787 -1.7220745086669922 7.4899067878723145
      vertex 34.561973571777344 -0.8779058456420898 61.600547790527344
      vertex 34.50906753540039 -1.055881381034851 61.61604690551758
    endloop
  endfacet
  facet normal 0.8449289460326013 -0.2902817037832628 -0.44925672905914715
    outer loop
      vertex 5.500810146331787 -1.7220745086669922 7.4899067878723145
      vertex 34.50906753540039 -1.055881381034851 61.61604690551758
      vertex 34.49816131591797 -1.0925737619400024 61.61924362182617
    endloop
  endfacet
  facet normal 0.8449280869919816 -0.2902849202713302 -0.44925626637269944
    outer loop
      vertex 34.561973571777344 -0.8779058456420898 61.600547790527344
      vertex 5.686717987060547 -1.1311579942703247 7.457732200622559
      vertex 5.728558540344238 -0.8779058456420898 7.3727850914001465
    endloop
  endfacet
  facet normal 0.8449291125152587 -0.29028106975768536 -0.449256825618166
    outer loop
      vertex 5.500810146331787 -1.7220745086669922 7.4899067878723145
      vertex 34.49816131591797 -1.0925737619400024 61.61924362182617
      vertex 34.484764099121094 -1.1472382545471191 61.62936782836914
    endloop
  endfacet
  facet normal 0.8449291229977302 -0.29028102990592514 -0.4492568316531671
    outer loop
      vertex 5.500810146331787 -1.7220745086669922 7.4899067878723145
      vertex 34.484764099121094 -1.1472382545471191 61.62936782836914
      vertex 34.391357421875 -1.5283470153808594 61.69994354248047
    endloop
  endfacet
  facet normal 0.8449252736515992 -0.2902954888476204 -0.44925472852212844
    outer loop
      vertex 5.500810146331787 -1.7220745086669922 7.4899067878723145
      vertex 34.391357421875 -1.5283470153808594 61.69994354248047
      vertex 34.352481842041016 -1.7220745086669922 61.752010345458984
    endloop
  endfacet
  facet normal 0.8449284009461513 -0.29028373876193847 -0.4492564393361218
    outer loop
      vertex 34.561973571777344 -0.8779058456420898 61.600547790527344
      vertex 5.500810146331787 -1.7220745086669922 7.4899067878723145
      vertex 5.686717987060547 -1.1311579942703247 7.457732200622559
    endloop
  endfacet
  facet normal -0.6825301458487855 -0.6343899265157933 0.3629077308944
    outer loop
      vertex -1.4504423141479492 -2.500065803527832 11.24195384979248
      vertex 27.630373001098633 -2.8383796215057373 65.34361267089844
      vertex 27.38702964782715 -2.500065803527832 65.47734832763672
    endloop
  endfacet
  facet normal -0.6825273226124704 -0.6343938336638191 0.3629062106065084
    outer loop
      vertex 27.877519607543945 -3.1819801330566406 65.20777893066406
      vertex -1.4504423141479492 -2.500065803527832 11.24195384979248
      vertex -1.1845791339874268 -2.859827756881714 11.113072395324707
    endloop
  endfacet
  facet normal -0.6825279004508742 -0.6343930316617081 0.3629065258233702
    outer loop
      vertex 27.877519607543945 -3.1819801330566406 65.20777893066406
      vertex -1.1845791339874268 -2.859827756881714 11.113072395324707
      vertex -0.999747097492218 -3.141663074493408 10.968017578125
    endloop
  endfacet
  facet normal -0.6825295552368674 -0.6343907463556803 0.36290740853067
    outer loop
      vertex 27.877519607543945 -3.1819801330566406 65.20777893066406
      vertex -0.999747097492218 -3.141663074493408 10.968017578125
      vertex -0.9733065962791443 -3.1819801330566406 10.947267532348633
    endloop
  endfacet
  facet normal -0.6825258614811429 -0.6343958746460352 0.3629053907584122
    outer loop
      vertex -1.4504423141479492 -2.500065803527832 11.24195384979248
      vertex 27.877519607543945 -3.1819801330566406 65.20777893066406
      vertex 27.630373001098633 -2.8383796215057373 65.34361267089844
    endloop
  endfacet
  facet normal -0.08654370072509937 -0.9951847593351412 0.04601611295906522
    outer loop
      vertex 1.8011764287948608 -4.49514627456665 9.492487907409668
      vertex 30.21628761291504 -4.448637008666992 63.93937683105469
      vertex 29.95606231689453 -4.419277667999268 64.08491516113281
    endloop
  endfacet
  facet normal -0.0865449677741635 -0.9951846185783121 0.0460167740949767
    outer loop
      vertex 1.8011764287948608 -4.49514627456665 9.492487907409668
      vertex 30.67153549194336 -4.5 63.68476867675781
      vertex 30.21628761291504 -4.448637008666992 63.93937683105469
    endloop
  endfacet
  facet normal -0.08654608850002281 -0.9951844935070002 0.046017371160916205
    outer loop
      vertex 30.67153549194336 -4.5 63.68476867675781
      vertex 1.8011764287948608 -4.49514627456665 9.492487907409668
      vertex 1.8434600830078125 -4.5 9.46704387664795
    endloop
  endfacet
  facet normal -0.41621770752860404 0.8819218173130854 0.22130686407524353
    outer loop
      vertex 0.3126744329929352 4.15745735168457 10.256168365478516
      vertex 29.11648178100586 4.129866123199463 64.5382080078125
      vertex 29.166584014892578 4.15745735168457 64.5224838256836
    endloop
  endfacet
  facet normal -0.41622154171933107 0.8819194838754925 0.22130895185140592
    outer loop
      vertex 29.11648178100586 4.129866123199463 64.5382080078125
      vertex -0.2883920967578888 3.7779550552368164 10.638062477111816
      vertex -0.31187188625335693 3.7651073932647705 10.645101547241211
    endloop
  endfacet
  facet normal -0.41621873951906263 0.8819211927828117 0.22130741197191126
    outer loop
      vertex 29.11648178100586 4.129866123199463 64.5382080078125
      vertex -0.10141634196043015 3.889589548110962 10.544843673706055
      vertex -0.2883920967578888 3.7779550552368164 10.638062477111816
    endloop
  endfacet
  facet normal -0.416218978561071 0.8819210473455117 0.2213075419740016
    outer loop
      vertex 29.11648178100586 4.129866123199463 64.5382080078125
      vertex 0 3.9501407146453857 10.494280815124512
      vertex -0.10141634196043015 3.889589548110962 10.544843673706055
    endloop
  endfacet
  facet normal -0.41621861128640625 0.8819212705188332 0.22130734336045588
    outer loop
      vertex 29.11648178100586 4.129866123199463 64.5382080078125
      vertex 0.3126744329929352 4.15745735168457 10.256168365478516
      vertex 0 3.9501407146453857 10.494280815124512
    endloop
  endfacet
  facet normal -0.5601292340261906 0.7730167148862387 0.29782612325939556
    outer loop
      vertex 27.963109970092773 3.2740068435668945 65.12989807128906
      vertex -0.3883207440376282 3.7100563049316406 10.676855087280273
      vertex 27.91206932067871 3.2191274166107178 65.17634582519531
    endloop
  endfacet
  facet normal -0.5601367411378605 0.7730097914103835 0.29782997433289504
    outer loop
      vertex -0.354810506105423 3.741612434387207 10.657975196838379
      vertex 27.963109970092773 3.2740068435668945 65.12989807128906
      vertex 28.47783660888672 3.741612434387207 64.8843002319336
    endloop
  endfacet
  facet normal -0.560135140006824 0.7730112674332538 0.297829154635288
    outer loop
      vertex 27.963109970092773 3.2740068435668945 65.12989807128906
      vertex -0.354810506105423 3.741612434387207 10.657975196838379
      vertex -0.3883207440376282 3.7100563049316406 10.676855087280273
    endloop
  endfacet
  facet normal -0.25630531942126494 0.9569406232865849 0.13627995722132372
    outer loop
      vertex 0.8629440665245056 4.338315963745117 10.021113395690918
      vertex 29.166584014892578 4.15745735168457 64.5224838256836
      vertex 29.90591049194336 4.4135332107543945 64.11482238769531
    endloop
  endfacet
  facet normal -0.25630604910342736 0.9569403742695899 0.13628033345192725
    outer loop
      vertex 29.166584014892578 4.15745735168457 64.5224838256836
      vertex 0.5047295093536377 4.220580577850342 10.174129486083984
      vertex 0.3126744329929352 4.15745735168457 10.256168365478516
    endloop
  endfacet
  facet normal -0.2563062630778439 0.9569403009005266 0.1362804462110416
    outer loop
      vertex 29.166584014892578 4.15745735168457 64.5224838256836
      vertex 0.8629440665245056 4.338315963745117 10.021113395690918
      vertex 0.5047295093536377 4.220580577850342 10.174129486083984
    endloop
  endfacet
  facet normal -0.2563055445581267 0.9569405457566892 0.13628007820533508
    outer loop
      vertex 29.90591049194336 4.4135332107543945 64.11482238769531
      vertex 0.9925838112831116 4.384787559509277 9.938612937927246
      vertex 0.8629440665245056 4.338315963745117 10.021113395690918
    endloop
  endfacet
  facet normal -0.2563052088607859 0.9569406611923749 0.13627989898561385
    outer loop
      vertex 0.9925838112831116 4.384787559509277 9.938612937927246
      vertex 29.90591049194336 4.4135332107543945 64.11482238769531
      vertex 1.0727742910385132 4.4135332107543945 9.887580871582031
    endloop
  endfacet
  facet normal 0.30968671762145916 -0.9508157866618532 -0.006593691185358139
    outer loop
      vertex 32.024932861328125 -4.213284015655518 62.95403289794922
      vertex 32.19478988647461 -4.15745735168457 62.88147735595703
      vertex 32.16061019897461 -4.168691158294678 62.896080017089844
    endloop
  endfacet
  facet normal 0.2563063018347956 -0.956940286085323 -0.13628047734987817
    outer loop
      vertex 2.8911657333374023 -4.326935768127441 8.959430694580078
      vertex 31.46630859375 -4.4135332107543945 63.309532165527344
      vertex 2.612004518508911 -4.4135332107543945 9.042478561401367
    endloop
  endfacet
  facet normal 0.25630629203699423 -0.9569402894424088 -0.13628047220392903
    outer loop
      vertex 31.46630859375 -4.4135332107543945 63.309532165527344
      vertex 2.8911657333374023 -4.326935768127441 8.959430694580078
      vertex 32.024932861328125 -4.213284015655518 62.95403289794922
    endloop
  endfacet
  facet normal 0.2563059485437885 -0.9569404078733172 -0.13628028661665664
    outer loop
      vertex 3.1288414001464844 -4.2446136474609375 8.82837963104248
      vertex 32.024932861328125 -4.213284015655518 62.95403289794922
      vertex 2.8911657333374023 -4.326935768127441 8.959430694580078
    endloop
  endfacet
  facet normal 0.2563039055062079 -0.9569411104651147 -0.13627919549240844
    outer loop
      vertex 32.024932861328125 -4.213284015655518 62.95403289794922
      vertex 3.1288414001464844 -4.2446136474609375 8.82837963104248
      vertex 32.19478988647461 -4.15745735168457 62.88147735595703
    endloop
  endfacet
  facet normal 0.2563056380529646 -0.9569405136100639 -0.13628012809639556
    outer loop
      vertex 32.19478988647461 -4.15745735168457 62.88147735595703
      vertex 3.1288414001464844 -4.2446136474609375 8.82837963104248
      vertex 3.355597972869873 -4.15745735168457 8.642847061157227
    endloop
  endfacet
  facet normal -0.2563060491034253 -0.9569403742695907 0.13628033345192614
    outer loop
      vertex 0.5047295093536377 -4.220580577850342 10.174129486083984
      vertex 29.166584014892578 -4.15745735168457 64.5224838256836
      vertex 0.3126744329929352 -4.15745735168457 10.256168365478516
    endloop
  endfacet
  facet normal -0.2563062630778439 -0.9569403009005266 0.1362804462110416
    outer loop
      vertex 0.8629440665245056 -4.338315963745117 10.021113395690918
      vertex 29.166584014892578 -4.15745735168457 64.5224838256836
      vertex 0.5047295093536377 -4.220580577850342 10.174129486083984
    endloop
  endfacet
  facet normal -0.25630531942126494 -0.9569406232865849 0.13627995722132372
    outer loop
      vertex 29.166584014892578 -4.15745735168457 64.5224838256836
      vertex 0.8629440665245056 -4.338315963745117 10.021113395690918
      vertex 29.90591049194336 -4.4135332107543945 64.11482238769531
    endloop
  endfacet
  facet normal -0.2563055445581239 -0.95694054575669 0.13628007820533355
    outer loop
      vertex 0.9925838112831116 -4.384787559509277 9.938612937927246
      vertex 29.90591049194336 -4.4135332107543945 64.11482238769531
      vertex 0.8629440665245056 -4.338315963745117 10.021113395690918
    endloop
  endfacet
  facet normal -0.25630520886078134 -0.9569406611923765 0.1362798989856114
    outer loop
      vertex 29.90591049194336 -4.4135332107543945 64.11482238769531
      vertex 0.9925838112831116 -4.384787559509277 9.938612937927246
      vertex 1.0727742910385132 -4.4135332107543945 9.887580871582031
    endloop
  endfacet
  facet normal -0.44213517048020673 -0.8798992567243263 0.17405111042569185
    outer loop
      vertex 28.649213790893555 -3.858137607574463 64.74224853515625
      vertex 28.869277954101562 -3.9937305450439453 64.61579132080078
      vertex 28.799402236938477 -3.950676441192627 64.65594482421875
    endloop
  endfacet
  facet normal -0.416214110266382 -0.8819239933992002 0.22130495765339572
    outer loop
      vertex -0.354810506105423 -3.741612434387207 10.657975196838379
      vertex 28.649213790893555 -3.858137607574463 64.74224853515625
      vertex 28.47783660888672 -3.741612434387207 64.8843002319336
    endloop
  endfacet
  facet normal -0.4162157638290571 -0.8819229899544065 0.22130584657905963
    outer loop
      vertex -0.31187188625335693 -3.7651073932647705 10.645101547241211
      vertex 28.649213790893555 -3.858137607574463 64.74224853515625
      vertex -0.354810506105423 -3.741612434387207 10.657975196838379
    endloop
  endfacet
  facet normal -0.41622288053171475 -0.8819186733271459 0.221309663952501
    outer loop
      vertex 28.649213790893555 -3.858137607574463 64.74224853515625
      vertex -0.31187188625335693 -3.7651073932647705 10.645101547241211
      vertex 28.869277954101562 -3.9937305450439453 64.61579132080078
    endloop
  endfacet
  facet normal -0.4162165330169022 -0.8819225343444795 0.22130621559007335
    outer loop
      vertex 28.869277954101562 -3.9937305450439453 64.61579132080078
      vertex -0.31187188625335693 -3.7651073932647705 10.645101547241211
      vertex 29.014421463012695 -4.0736613273620605 64.57023620605469
    endloop
  endfacet
  facet normal -0.4162233255410704 -0.8819183957205412 0.22130993327286275
    outer loop
      vertex 29.014421463012695 -4.0736613273620605 64.57023620605469
      vertex -0.31187188625335693 -3.7651073932647705 10.645101547241211
      vertex 29.11648178100586 -4.129866123199463 64.5382080078125
    endloop
  endfacet
  facet normal -0.5601292340261906 -0.7730167148862387 0.29782612325939556
    outer loop
      vertex -0.3883207440376282 -3.7100563049316406 10.676855087280273
      vertex 27.963109970092773 -3.2740068435668945 65.12989807128906
      vertex 27.91206932067871 -3.2191274166107178 65.17634582519531
    endloop
  endfacet
  facet normal -0.5601351400068401 -0.7730112674332388 0.2978291546352965
    outer loop
      vertex -0.354810506105423 -3.741612434387207 10.657975196838379
      vertex 27.963109970092773 -3.2740068435668945 65.12989807128906
      vertex -0.3883207440376282 -3.7100563049316406 10.676855087280273
    endloop
  endfacet
  facet normal -0.5601367411378605 -0.7730097914103835 0.29782997433289504
    outer loop
      vertex 27.963109970092773 -3.2740068435668945 65.12989807128906
      vertex -0.354810506105423 -3.741612434387207 10.657975196838379
      vertex 28.47783660888672 -3.741612434387207 64.8843002319336
    endloop
  endfacet
  facet normal 0.30968671762145916 0.9508157866618532 -0.006593691185358139
    outer loop
      vertex 32.19478988647461 4.15745735168457 62.88147735595703
      vertex 32.024932861328125 4.213284015655518 62.95403289794922
      vertex 32.16061019897461 4.168691158294678 62.896080017089844
    endloop
  endfacet
  facet normal 0.25630629203699423 0.9569402894424088 -0.13628047220392903
    outer loop
      vertex 2.8911657333374023 4.326935768127441 8.959430694580078
      vertex 31.46630859375 4.4135332107543945 63.309532165527344
      vertex 32.024932861328125 4.213284015655518 62.95403289794922
    endloop
  endfacet
  facet normal 0.2563039055062079 0.9569411104651147 -0.13627919549240844
    outer loop
      vertex 3.1288414001464844 4.2446136474609375 8.82837963104248
      vertex 32.024932861328125 4.213284015655518 62.95403289794922
      vertex 32.19478988647461 4.15745735168457 62.88147735595703
    endloop
  endfacet
  facet normal 0.2563063018347956 0.956940286085323 -0.13628047734987817
    outer loop
      vertex 31.46630859375 4.4135332107543945 63.309532165527344
      vertex 2.8911657333374023 4.326935768127441 8.959430694580078
      vertex 2.612004518508911 4.4135332107543945 9.042478561401367
    endloop
  endfacet
  facet normal 0.2563059485437885 0.9569404078733172 -0.13628028661665664
    outer loop
      vertex 32.024932861328125 4.213284015655518 62.95403289794922
      vertex 3.1288414001464844 4.2446136474609375 8.82837963104248
      vertex 2.8911657333374023 4.326935768127441 8.959430694580078
    endloop
  endfacet
  facet normal 0.2563056380529646 0.9569405136100639 -0.13628012809639556
    outer loop
      vertex 3.1288414001464844 4.2446136474609375 8.82837963104248
      vertex 32.19478988647461 4.15745735168457 62.88147735595703
      vertex 3.355597972869873 4.15745735168457 8.642847061157227
    endloop
  endfacet
  facet normal 0.7786894271555126 0.471398502499986 -0.41403650548833315
    outer loop
      vertex 34.12588882446289 2.1870553493499756 61.855247497558594
      vertex 5.148951530456543 2.500065803527832 7.713929653167725
      vertex 33.98253631591797 2.500065803527832 61.9420166015625
    endloop
  endfacet
  facet normal 0.7786939773570369 0.4713887977771048 -0.41403899690504287
    outer loop
      vertex 34.20659637451172 2.010822296142578 61.806392669677734
      vertex 5.148951530456543 2.500065803527832 7.713929653167725
      vertex 34.12588882446289 2.1870553493499756 61.855247497558594
    endloop
  endfacet
  facet normal 0.778685633088457 0.47140666034088896 -0.41403435293207086
    outer loop
      vertex 34.31962203979492 1.7871171236038208 61.764259338378906
      vertex 5.148951530456543 2.500065803527832 7.713929653167725
      vertex 34.20659637451172 2.010822296142578 61.806392669677734
    endloop
  endfacet
  facet normal 0.7786998896175794 0.4713759966372701 -0.41404245157204594
    outer loop
      vertex 34.352481842041016 1.7220745086669922 61.752010345458984
      vertex 5.148951530456543 2.500065803527832 7.713929653167725
      vertex 34.31962203979492 1.7871171236038208 61.764259338378906
    endloop
  endfacet
  facet normal 0.7786901397618488 0.4713969962724988 -0.4140368801724531
    outer loop
      vertex 5.148951530456543 2.500065803527832 7.713929653167725
      vertex 34.352481842041016 1.7220745086669922 61.752010345458984
      vertex 5.289424419403076 2.2472100257873535 7.690234661102295
    endloop
  endfacet
  facet normal 0.7786919693472514 0.47139307667481406 -0.41403790181232475
    outer loop
      vertex 5.289424419403076 2.2472100257873535 7.690234661102295
      vertex 34.352481842041016 1.7220745086669922 61.752010345458984
      vertex 5.3148322105407715 2.201474666595459 7.685948848724365
    endloop
  endfacet
  facet normal 0.7786903098847981 0.4713966283952365 -0.4140369790599873
    outer loop
      vertex 5.3148322105407715 2.201474666595459 7.685948848724365
      vertex 34.352481842041016 1.7220745086669922 61.752010345458984
      vertex 5.347957611083984 2.116086483001709 7.651031017303467
    endloop
  endfacet
  facet normal 0.778690069005698 0.4713971430158873 -0.4140368461723671
    outer loop
      vertex 5.347957611083984 2.116086483001709 7.651031017303467
      vertex 34.352481842041016 1.7220745086669922 61.752010345458984
      vertex 5.500810146331787 1.7220745086669922 7.4899067878723145
    endloop
  endfacet
  facet normal 0.5601367854927878 0.7730097510852946 -0.29782999557609646
    outer loop
      vertex 4.655009746551514 3.1819801330566406 7.977008819580078
      vertex 32.88808059692383 3.741612434387207 62.52820587158203
      vertex 33.248653411865234 3.402064800262451 62.32505798339844
    endloop
  endfacet
  facet normal 0.5601332571112613 0.773013017927957 -0.2978281524501031
    outer loop
      vertex 4.655009746551514 3.1819801330566406 7.977008819580078
      vertex 33.248653411865234 3.402064800262451 62.32505798339844
      vertex 33.48236846923828 3.1819801330566406 62.193382263183594
    endloop
  endfacet
  facet normal 0.5601359384531083 0.7730105310675409 -0.29782956420062484
    outer loop
      vertex 32.88808059692383 3.741612434387207 62.52820587158203
      vertex 4.201233386993408 3.5942163467407227 8.193530082702637
      vertex 4.038984298706055 3.741612434387207 8.270947456359863
    endloop
  endfacet
  facet normal 0.56013599533354 0.7730104783356992 -0.29782959408849596
    outer loop
      vertex 32.88808059692383 3.741612434387207 62.52820587158203
      vertex 4.655009746551514 3.1819801330566406 7.977008819580078
      vertex 4.201233386993408 3.5942163467407227 8.193530082702637
    endloop
  endfacet
  facet normal -0.8786971661696177 0.09800350693863911 0.46721151825828483
    outer loop
      vertex -2.055022954940796 0.8512179255485535 11.541728019714355
      vertex 26.78705596923828 0.8779058456420898 65.78019714355469
      vertex -2.054783582687378 0.8779058456420898 11.536580085754395
    endloop
  endfacet
  facet normal -0.8786958708436275 0.09801843842864486 0.4672108221032225
    outer loop
      vertex -2.067997694015503 0.6350345611572266 11.5626802444458
      vertex 26.78705596923828 0.8779058456420898 65.78019714355469
      vertex -2.055022954940796 0.8512179255485535 11.541728019714355
    endloop
  endfacet
  facet normal -0.8786959683640118 0.09801729232880049 0.4672108791384915
    outer loop
      vertex -2.081264019012451 0.41398903727531433 11.58410358428955
      vertex 26.78705596923828 0.8779058456420898 65.78019714355469
      vertex -2.067997694015503 0.6350345611572266 11.5626802444458
    endloop
  endfacet
  facet normal -0.8786960247431462 0.09801661616849049 0.46721091495754974
    outer loop
      vertex -2.1065011024475098 0.1949860006570816 11.582584381103516
      vertex 26.78705596923828 0.8779058456420898 65.78019714355469
      vertex -2.081264019012451 0.41398903727531433 11.58410358428955
    endloop
  endfacet
  facet normal -0.8786959432194943 0.09801761410814892 0.4672108589214822
    outer loop
      vertex -2.1289706230163574 0 11.581232070922852
      vertex 26.78705596923828 0.8779058456420898 65.78019714355469
      vertex -2.1065011024475098 0.1949860006570816 11.582584381103516
    endloop
  endfacet
  facet normal -0.8786962212869829 0.0980141463814809 0.467211063444657
    outer loop
      vertex 26.78705596923828 0.8779058456420898 65.78019714355469
      vertex -2.1289706230163574 0 11.581232070922852
      vertex 26.695571899414062 0 65.79231262207031
    endloop
  endfacet
  facet normal -0.0865366830774124 0.9951855425859751 0.0460123712692293
    outer loop
      vertex 29.913360595703125 4.414459705352783 64.10879516601562
      vertex 1.0727742910385132 4.4135332107543945 9.887580871582031
      vertex 29.90591049194336 4.4135332107543945 64.11482238769531
    endloop
  endfacet
  facet normal -0.08654966577213777 0.9951840951655584 0.046019257754119816
    outer loop
      vertex 1.2795641422271729 4.435272216796875 9.80635929107666
      vertex 29.913360595703125 4.414459705352783 64.10879516601562
      vertex 29.95606231689453 4.419277667999268 64.08491516113281
    endloop
  endfacet
  facet normal -0.0865455540632248 0.9951845529934301 0.04601708981624289
    outer loop
      vertex 29.913360595703125 4.414459705352783 64.10879516601562
      vertex 1.2795641422271729 4.435272216796875 9.80635929107666
      vertex 1.0727742910385132 4.4135332107543945 9.887580871582031
    endloop
  endfacet
  facet normal -0.0865442095184348 0.9951847029596624 0.046016375280084655
    outer loop
      vertex 1.2795641422271729 4.435272216796875 9.80635929107666
      vertex 29.95606231689453 4.419277667999268 64.08491516113281
      vertex 1.8011764287948608 4.49514627456665 9.492487907409668
    endloop
  endfacet
  facet normal -0.5601475616870171 0.7729997263138455 0.29783574710704125
    outer loop
      vertex 27.91206932067871 3.2191274166107178 65.17634582519531
      vertex -0.9733065962791443 3.1819801330566406 10.947267532348633
      vertex 27.877519607543945 3.1819801330566406 65.20777893066406
    endloop
  endfacet
  facet normal -0.5601356706117 0.7730107862202172 0.2978294056932298
    outer loop
      vertex 27.91206932067871 3.2191274166107178 65.17634582519531
      vertex -0.6828132271766663 3.4327361583709717 10.8427734375
      vertex -0.9733065962791443 3.1819801330566406 10.947267532348633
    endloop
  endfacet
  facet normal -0.5601362291595346 0.7730102690144178 0.29782969761458433
    outer loop
      vertex -0.6828132271766663 3.4327361583709717 10.8427734375
      vertex 27.91206932067871 3.2191274166107178 65.17634582519531
      vertex -0.3883207440376282 3.7100563049316406 10.676855087280273
    endloop
  endfacet
  facet normal 0.8786974932229298 -0.09799962694805919 -0.46721171702107417
    outer loop
      vertex 34.63951110839844 -0.010868148878216743 61.564483642578125
      vertex 5.818145751953125 0 7.357096195220947
      vertex 34.64073944091797 0 61.56451416015625
    endloop
  endfacet
  facet normal 0.8786964162895153 -0.09801182174180799 -0.46721118436828407
    outer loop
      vertex 5.7792158126831055 -0.38149404525756836 7.3639140129089355
      vertex 34.63951110839844 -0.010868148878216743 61.564483642578125
      vertex 34.60163116455078 -0.3458327651023865 61.56351089477539
    endloop
  endfacet
  facet normal 0.8786959724622562 -0.09801709916355514 -0.46721091195537356
    outer loop
      vertex 34.63951110839844 -0.010868148878216743 61.564483642578125
      vertex 5.7792158126831055 -0.38149404525756836 7.3639140129089355
      vertex 5.818145751953125 0 7.357096195220947
    endloop
  endfacet
  facet normal 0.8786959103537749 -0.09801766923783202 -0.4672109091670844
    outer loop
      vertex 5.728558540344238 -0.8779058456420898 7.3727850914001465
      vertex 34.60163116455078 -0.3458327651023865 61.56351089477539
      vertex 34.5695915222168 -0.7024807333946228 61.57807540893555
    endloop
  endfacet
  facet normal 0.8787188785174712 -0.09774899985451363 -0.46722399934553877
    outer loop
      vertex 5.728558540344238 -0.8779058456420898 7.3727850914001465
      vertex 34.5695915222168 -0.7024807333946228 61.57807540893555
      vertex 34.569210052490234 -0.7067304849624634 61.5782470703125
    endloop
  endfacet
  facet normal 0.8786497477794223 -0.098555075753958 -0.46718467201984415
    outer loop
      vertex 5.728558540344238 -0.8779058456420898 7.3727850914001465
      vertex 34.569210052490234 -0.7067304849624634 61.5782470703125
      vertex 34.56893539428711 -0.7107523679733276 61.57857894897461
    endloop
  endfacet
  facet normal 0.8786949598384123 -0.0980288552276295 -0.4672103499467143
    outer loop
      vertex 5.728558540344238 -0.8779058456420898 7.3727850914001465
      vertex 34.56893539428711 -0.7107523679733276 61.57857894897461
      vertex 34.56263732910156 -0.8036225438117981 61.586219787597656
    endloop
  endfacet
  facet normal 0.8787001128107996 -0.09796919575156675 -0.4672131723636214
    outer loop
      vertex 5.728558540344238 -0.8779058456420898 7.3727850914001465
      vertex 34.56263732910156 -0.8036225438117981 61.586219787597656
      vertex 34.561973571777344 -0.8779058456420898 61.600547790527344
    endloop
  endfacet
  facet normal 0.8786959310185307 -0.09801741983074984 -0.4672109226261732
    outer loop
      vertex 34.60163116455078 -0.3458327651023865 61.56351089477539
      vertex 5.728558540344238 -0.8779058456420898 7.3727850914001465
      vertex 5.7792158126831055 -0.38149404525756836 7.3639140129089355
    endloop
  endfacet
  facet normal 0.6825270592166325 -0.6343941984042304 -0.3629060683815432
    outer loop
      vertex 33.98253631591797 -2.500065803527832 61.9420166015625
      vertex 5.114290237426758 -2.5532474517822266 7.741707801818848
      vertex 5.148951530456543 -2.500065803527832 7.713929653167725
    endloop
  endfacet
  facet normal 0.6825262160283233 -0.634395385131878 -0.36290557967250225
    outer loop
      vertex 4.655009746551514 -3.1819801330566406 7.977008819580078
      vertex 33.98253631591797 -2.500065803527832 61.9420166015625
      vertex 33.926753997802734 -2.568108558654785 61.956050872802734
    endloop
  endfacet
  facet normal 0.6825266739265605 -0.6343947462918516 -0.36290583524661585
    outer loop
      vertex 4.655009746551514 -3.1819801330566406 7.977008819580078
      vertex 33.926753997802734 -2.568108558654785 61.956050872802734
      vertex 33.63115310668945 -2.9535210132598877 62.07384490966797
    endloop
  endfacet
  facet normal 0.6825275589476637 -0.6343935081079748 -0.36290633522632315
    outer loop
      vertex 33.98253631591797 -2.500065803527832 61.9420166015625
      vertex 4.792663097381592 -3.0003957748413086 7.918471336364746
      vertex 5.114290237426758 -2.5532474517822266 7.741707801818848
    endloop
  endfacet
  facet normal 0.6825321918761162 -0.6343871003879629 -0.36290882314175976
    outer loop
      vertex 4.655009746551514 -3.1819801330566406 7.977008819580078
      vertex 33.63115310668945 -2.9535210132598877 62.07384490966797
      vertex 33.54950714111328 -3.0780184268951416 62.13792037963867
    endloop
  endfacet
  facet normal 0.6825286185362623 -0.6343920327967651 -0.3629069214040558
    outer loop
      vertex 33.98253631591797 -2.500065803527832 61.9420166015625
      vertex 4.69455099105835 -3.136798620223999 7.972393035888672
      vertex 4.792663097381592 -3.0003957748413086 7.918471336364746
    endloop
  endfacet
  facet normal 0.6825278825158926 -0.6343930584708883 -0.3629065126893206
    outer loop
      vertex 4.655009746551514 -3.1819801330566406 7.977008819580078
      vertex 33.54950714111328 -3.0780184268951416 62.13792037963867
      vertex 33.4925422668457 -3.1648788452148438 62.18262481689453
    endloop
  endfacet
  facet normal 0.6825554814484089 -0.6343549573801008 -0.36292120741563316
    outer loop
      vertex 4.655009746551514 -3.1819801330566406 7.977008819580078
      vertex 33.4925422668457 -3.1648788452148438 62.18262481689453
      vertex 33.48236846923828 -3.1819801330566406 62.193382263183594
    endloop
  endfacet
  facet normal 0.6825253949541992 -0.6343965320466228 -0.36290511896339067
    outer loop
      vertex 33.98253631591797 -2.500065803527832 61.9420166015625
      vertex 4.655009746551514 -3.1819801330566406 7.977008819580078
      vertex 4.69455099105835 -3.136798620223999 7.972393035888672
    endloop
  endfacet
  facet normal -0.7786907253540408 -0.47139571583746376 0.41403723665593495
    outer loop
      vertex 27.38702964782715 -2.500065803527832 65.47734832763672
      vertex -1.8263397216796875 -1.7220745086669922 11.42076587677002
      vertex -1.7888710498809814 -1.7888710498809814 11.415184020996094
    endloop
  endfacet
  facet normal -0.7786901421365297 -0.471396970184979 0.41403690540797633
    outer loop
      vertex 27.38702964782715 -2.500065803527832 65.47734832763672
      vertex -1.7888710498809814 -1.7888710498809814 11.415184020996094
      vertex -1.5462812185287476 -2.2690272331237793 11.324752807617188
    endloop
  endfacet
  facet normal -0.7786916291480548 -0.4713938041226881 0.4140377134144776
    outer loop
      vertex 27.38702964782715 -2.500065803527832 65.47734832763672
      vertex -1.5462812185287476 -2.2690272331237793 11.324752807617188
      vertex -1.5332927703857422 -2.2947354316711426 11.319911003112793
    endloop
  endfacet
  facet normal -0.7786898854595026 -0.4713975364358511 0.41403674344830466
    outer loop
      vertex -1.8263397216796875 -1.7220745086669922 11.42076587677002
      vertex 27.280475616455078 -2.3123600482940674 65.49066162109375
      vertex 27.021623611450195 -1.7220745086669922 65.67589569091797
    endloop
  endfacet
  facet normal -0.7786864271774235 -0.4714048737942907 0.4140348935689456
    outer loop
      vertex 27.38702964782715 -2.500065803527832 65.47734832763672
      vertex -1.5332927703857422 -2.2947354316711426 11.319911003112793
      vertex -1.5247271060943604 -2.313438653945923 11.314725875854492
    endloop
  endfacet
  facet normal -0.7786904277812208 -0.47139636396308754 0.41403705839487326
    outer loop
      vertex 27.38702964782715 -2.500065803527832 65.47734832763672
      vertex -1.5247271060943604 -2.313438653945923 11.314725875854492
      vertex -1.4864007234573364 -2.397125482559204 11.291526794433594
    endloop
  endfacet
  facet normal -0.7786910953925716 -0.47139494632435053 0.41403741683111156
    outer loop
      vertex 27.38702964782715 -2.500065803527832 65.47734832763672
      vertex -1.4864007234573364 -2.397125482559204 11.291526794433594
      vertex -1.4504423141479492 -2.500065803527832 11.24195384979248
    endloop
  endfacet
  facet normal -0.7786885141646066 -0.4714004782077364 0.41403597313957474
    outer loop
      vertex -1.8263397216796875 -1.7220745086669922 11.42076587677002
      vertex 27.38702964782715 -2.500065803527832 65.47734832763672
      vertex 27.280475616455078 -2.3123600482940674 65.49066162109375
    endloop
  endfacet
  facet normal 0.4162180900908748 -0.8819215803408057 -0.22130708892911707
    outer loop
      vertex 3.355597972869873 -4.15745735168457 8.642847061157227
      vertex 32.32572937011719 -4.070638656616211 62.781761169433594
      vertex 32.19478988647461 -4.15745735168457 62.88147735595703
    endloop
  endfacet
  facet normal 0.4162190097201992 -0.8819210226151339 -0.22130758192392164
    outer loop
      vertex 3.8619701862335205 -3.8619701862335205 8.417664527893066
      vertex 32.32572937011719 -4.070638656616211 62.781761169433594
      vertex 3.355597972869873 -4.15745735168457 8.642847061157227
    endloop
  endfacet
  facet normal 0.4162199328327844 -0.8819204662076741 -0.22130806310821877
    outer loop
      vertex 32.32572937011719 -4.070638656616211 62.781761169433594
      vertex 3.8619701862335205 -3.8619701862335205 8.417664527893066
      vertex 32.71318435668945 -3.8432564735412598 62.604331970214844
    endloop
  endfacet
  facet normal 0.41622274383030017 -0.8819187638324035 -0.221309560387032
    outer loop
      vertex 32.71318435668945 -3.8432564735412598 62.604331970214844
      vertex 3.8619701862335205 -3.8619701862335205 8.417664527893066
      vertex 32.863006591796875 -3.75533127784729 62.53572463989258
    endloop
  endfacet
  facet normal 0.41618424921466934 -0.8819421181537411 -0.22128888569495422
    outer loop
      vertex 32.863006591796875 -3.75533127784729 62.53572463989258
      vertex 3.8619701862335205 -3.8619701862335205 8.417664527893066
      vertex 32.88808059692383 -3.741612434387207 62.52820587158203
    endloop
  endfacet
  facet normal 0.4162183810378872 -0.8819214049086644 -0.22130724084432418
    outer loop
      vertex 32.88808059692383 -3.741612434387207 62.52820587158203
      vertex 3.8619701862335205 -3.8619701862335205 8.417664527893066
      vertex 4.038984298706055 -3.741612434387207 8.270947456359863
    endloop
  endfacet
  facet normal -0.5601475616870171 -0.7729997263138455 0.29783574710704125
    outer loop
      vertex -0.9733065962791443 -3.1819801330566406 10.947267532348633
      vertex 27.91206932067871 -3.2191274166107178 65.17634582519531
      vertex 27.877519607543945 -3.1819801330566406 65.20777893066406
    endloop
  endfacet
  facet normal -0.5601356706116981 -0.7730107862202192 0.29782940569322874
    outer loop
      vertex -0.6828132271766663 -3.4327361583709717 10.8427734375
      vertex 27.91206932067871 -3.2191274166107178 65.17634582519531
      vertex -0.9733065962791443 -3.1819801330566406 10.947267532348633
    endloop
  endfacet
  facet normal -0.5601362291595364 -0.773010269014416 0.2978296976145853
    outer loop
      vertex 27.91206932067871 -3.2191274166107178 65.17634582519531
      vertex -0.6828132271766663 -3.4327361583709717 10.8427734375
      vertex -0.3883207440376282 -3.7100563049316406 10.676855087280273
    endloop
  endfacet
  facet normal -0.0865366830774124 -0.9951855425859751 0.0460123712692293
    outer loop
      vertex 1.0727742910385132 -4.4135332107543945 9.887580871582031
      vertex 29.913360595703125 -4.414459705352783 64.10879516601562
      vertex 29.90591049194336 -4.4135332107543945 64.11482238769531
    endloop
  endfacet
  facet normal -0.08654555406322552 -0.99518455299343 0.04601708981624327
    outer loop
      vertex 1.2795641422271729 -4.435272216796875 9.80635929107666
      vertex 29.913360595703125 -4.414459705352783 64.10879516601562
      vertex 1.0727742910385132 -4.4135332107543945 9.887580871582031
    endloop
  endfacet
  facet normal -0.08654966577213777 -0.9951840951655584 0.046019257754119816
    outer loop
      vertex 29.913360595703125 -4.414459705352783 64.10879516601562
      vertex 1.2795641422271729 -4.435272216796875 9.80635929107666
      vertex 29.95606231689453 -4.419277667999268 64.08491516113281
    endloop
  endfacet
  facet normal -0.08654420951843508 -0.9951847029596627 0.0460163752800848
    outer loop
      vertex 29.95606231689453 -4.419277667999268 64.08491516113281
      vertex 1.2795641422271729 -4.435272216796875 9.80635929107666
      vertex 1.8011764287948608 -4.49514627456665 9.492487907409668
    endloop
  endfacet
  facet normal 0.08654521128191882 -0.9951845909994422 -0.04601691255876446
    outer loop
      vertex 2.2576074600219727 -4.453517436981201 9.240684509277344
      vertex 31.41187286376953 -4.41925573348999 63.33091354370117
      vertex 1.8886457681655884 -4.495145320892334 9.447033882141113
    endloop
  endfacet
  facet normal 0.08654411994750054 -0.9951847131081488 -0.04601632425959296
    outer loop
      vertex 2.612004518508911 -4.4135332107543945 9.042478561401367
      vertex 31.41187286376953 -4.41925573348999 63.33091354370117
      vertex 2.2576074600219727 -4.453517436981201 9.240684509277344
    endloop
  endfacet
  facet normal 0.08654385451332011 -0.9951847427018856 -0.04601618345059557
    outer loop
      vertex 31.41187286376953 -4.41925573348999 63.33091354370117
      vertex 2.612004518508911 -4.4135332107543945 9.042478561401367
      vertex 31.46630859375 -4.4135332107543945 63.309532165527344
    endloop
  endfacet
  facet normal 0.27392356488179687 -0.9150302712231123 0.2961173472591661
    outer loop
      vertex 30.67380714416504 -4.4997100830078125 63.68277359008789
      vertex 31.015220642089844 -4.460953712463379 63.48670959472656
      vertex 30.889568328857422 -4.475217342376709 63.558868408203125
    endloop
  endfacet
  facet normal 0.08293689351310253 -0.9950271266582523 -0.05515876094165478
    outer loop
      vertex 31.015220642089844 -4.460953712463379 63.48670959472656
      vertex 31.41187286376953 -4.41925573348999 63.33091354370117
      vertex 31.34368133544922 -4.426424503326416 63.35770034790039
    endloop
  endfacet
  facet normal 0.08657867196673895 -0.9951808580934929 -0.046034696097346874
    outer loop
      vertex 1.8434600830078125 -4.5 9.46704387664795
      vertex 30.67380714416504 -4.4997100830078125 63.68277359008789
      vertex 30.67153549194336 -4.5 63.68476867675781
    endloop
  endfacet
  facet normal 0.08655251393984688 -0.9951837767901115 -0.04602078600439232
    outer loop
      vertex 1.863141655921936 -4.498022556304932 9.461297988891602
      vertex 30.67380714416504 -4.4997100830078125 63.68277359008789
      vertex 1.8434600830078125 -4.5 9.46704387664795
    endloop
  endfacet
  facet normal 0.08654472468476068 -0.9951846455858517 -0.04601664719861312
    outer loop
      vertex 30.67380714416504 -4.4997100830078125 63.68277359008789
      vertex 1.863141655921936 -4.498022556304932 9.461297988891602
      vertex 31.015220642089844 -4.460953712463379 63.48670959472656
    endloop
  endfacet
  facet normal 0.08653720066573772 -0.9951854876199467 -0.04601258666480948
    outer loop
      vertex 1.8886457681655884 -4.495145320892334 9.447033882141113
      vertex 31.015220642089844 -4.460953712463379 63.48670959472656
      vertex 1.863141655921936 -4.498022556304932 9.461297988891602
    endloop
  endfacet
  facet normal 0.0865443536294312 -0.9951846873186224 -0.046016442511341314
    outer loop
      vertex 31.015220642089844 -4.460953712463379 63.48670959472656
      vertex 1.8886457681655884 -4.495145320892334 9.447033882141113
      vertex 31.41187286376953 -4.41925573348999 63.33091354370117
    endloop
  endfacet
  facet normal 0.6825554814484089 0.6343549573801008 -0.36292120741563316
    outer loop
      vertex 33.4925422668457 3.1648788452148438 62.18262481689453
      vertex 4.655009746551514 3.1819801330566406 7.977008819580078
      vertex 33.48236846923828 3.1819801330566406 62.193382263183594
    endloop
  endfacet
  facet normal 0.6825278825158926 0.6343930584708883 -0.3629065126893206
    outer loop
      vertex 33.54950714111328 3.0780184268951416 62.13792037963867
      vertex 4.655009746551514 3.1819801330566406 7.977008819580078
      vertex 33.4925422668457 3.1648788452148438 62.18262481689453
    endloop
  endfacet
  facet normal 0.6825321918761162 0.6343871003879629 -0.36290882314175976
    outer loop
      vertex 33.63115310668945 2.9535210132598877 62.07384490966797
      vertex 4.655009746551514 3.1819801330566406 7.977008819580078
      vertex 33.54950714111328 3.0780184268951416 62.13792037963867
    endloop
  endfacet
  facet normal 0.6825266739265605 0.6343947462918516 -0.36290583524661585
    outer loop
      vertex 33.926753997802734 2.568108558654785 61.956050872802734
      vertex 4.655009746551514 3.1819801330566406 7.977008819580078
      vertex 33.63115310668945 2.9535210132598877 62.07384490966797
    endloop
  endfacet
  facet normal 0.6825262160283233 0.634395385131878 -0.36290557967250225
    outer loop
      vertex 33.98253631591797 2.500065803527832 61.9420166015625
      vertex 4.655009746551514 3.1819801330566406 7.977008819580078
      vertex 33.926753997802734 2.568108558654785 61.956050872802734
    endloop
  endfacet
  facet normal 0.6825253949541992 0.6343965320466228 -0.36290511896339067
    outer loop
      vertex 4.655009746551514 3.1819801330566406 7.977008819580078
      vertex 33.98253631591797 2.500065803527832 61.9420166015625
      vertex 4.69455099105835 3.136798620223999 7.972393035888672
    endloop
  endfacet
  facet normal 0.6825286185362623 0.6343920327967651 -0.3629069214040558
    outer loop
      vertex 4.69455099105835 3.136798620223999 7.972393035888672
      vertex 33.98253631591797 2.500065803527832 61.9420166015625
      vertex 4.792663097381592 3.0003957748413086 7.918471336364746
    endloop
  endfacet
  facet normal 0.6825275589476637 0.6343935081079748 -0.36290633522632315
    outer loop
      vertex 4.792663097381592 3.0003957748413086 7.918471336364746
      vertex 33.98253631591797 2.500065803527832 61.9420166015625
      vertex 5.114290237426758 2.5532474517822266 7.741707801818848
    endloop
  endfacet
  facet normal 0.6825270592166325 0.6343941984042304 -0.3629060683815432
    outer loop
      vertex 5.114290237426758 2.5532474517822266 7.741707801818848
      vertex 33.98253631591797 2.500065803527832 61.9420166015625
      vertex 5.148951530456543 2.500065803527832 7.713929653167725
    endloop
  endfacet
  facet normal -0.44213517048020673 0.8798992567243263 0.17405111042569185
    outer loop
      vertex 28.869277954101562 3.9937305450439453 64.61579132080078
      vertex 28.649213790893555 3.858137607574463 64.74224853515625
      vertex 28.799402236938477 3.950676441192627 64.65594482421875
    endloop
  endfacet
  facet normal -0.416214110266382 0.8819239933992002 0.22130495765339572
    outer loop
      vertex 28.649213790893555 3.858137607574463 64.74224853515625
      vertex -0.354810506105423 3.741612434387207 10.657975196838379
      vertex 28.47783660888672 3.741612434387207 64.8843002319336
    endloop
  endfacet
  facet normal -0.41622288053171475 0.8819186733271459 0.221309663952501
    outer loop
      vertex -0.31187188625335693 3.7651073932647705 10.645101547241211
      vertex 28.649213790893555 3.858137607574463 64.74224853515625
      vertex 28.869277954101562 3.9937305450439453 64.61579132080078
    endloop
  endfacet
  facet normal -0.4162165330169022 0.8819225343444795 0.22130621559007335
    outer loop
      vertex -0.31187188625335693 3.7651073932647705 10.645101547241211
      vertex 28.869277954101562 3.9937305450439453 64.61579132080078
      vertex 29.014421463012695 4.0736613273620605 64.57023620605469
    endloop
  endfacet
  facet normal -0.4162233255410704 0.8819183957205412 0.22130993327286275
    outer loop
      vertex -0.31187188625335693 3.7651073932647705 10.645101547241211
      vertex 29.014421463012695 4.0736613273620605 64.57023620605469
      vertex 29.11648178100586 4.129866123199463 64.5382080078125
    endloop
  endfacet
  facet normal -0.41621576382905023 0.8819229899544107 0.221305846579056
    outer loop
      vertex 28.649213790893555 3.858137607574463 64.74224853515625
      vertex -0.31187188625335693 3.7651073932647705 10.645101547241211
      vertex -0.354810506105423 3.741612434387207 10.657975196838379
    endloop
  endfacet
  facet normal -0.7786910953925659 0.47139494632436285 0.4140374168311085
    outer loop
      vertex -1.4864007234573364 2.397125482559204 11.291526794433594
      vertex 27.38702964782715 2.500065803527832 65.47734832763672
      vertex -1.4504423141479492 2.500065803527832 11.24195384979248
    endloop
  endfacet
  facet normal -0.7786904277812208 0.47139636396308754 0.41403705839487326
    outer loop
      vertex -1.5247271060943604 2.313438653945923 11.314725875854492
      vertex 27.38702964782715 2.500065803527832 65.47734832763672
      vertex -1.4864007234573364 2.397125482559204 11.291526794433594
    endloop
  endfacet
  facet normal -0.7786864271774235 0.4714048737942907 0.4140348935689456
    outer loop
      vertex -1.5332927703857422 2.2947354316711426 11.319911003112793
      vertex 27.38702964782715 2.500065803527832 65.47734832763672
      vertex -1.5247271060943604 2.313438653945923 11.314725875854492
    endloop
  endfacet
  facet normal -0.7786916291480781 0.4713938041226387 0.41403771341448997
    outer loop
      vertex -1.5462812185287476 2.2690272331237793 11.324752807617188
      vertex 27.38702964782715 2.500065803527832 65.47734832763672
      vertex -1.5332927703857422 2.2947354316711426 11.319911003112793
    endloop
  endfacet
  facet normal -0.7786901421365297 0.471396970184979 0.41403690540797633
    outer loop
      vertex -1.7888710498809814 1.7888710498809814 11.415184020996094
      vertex 27.38702964782715 2.500065803527832 65.47734832763672
      vertex -1.5462812185287476 2.2690272331237793 11.324752807617188
    endloop
  endfacet
  facet normal -0.7786907253540408 0.47139571583746376 0.41403723665593495
    outer loop
      vertex -1.8263397216796875 1.7220745086669922 11.42076587677002
      vertex 27.38702964782715 2.500065803527832 65.47734832763672
      vertex -1.7888710498809814 1.7888710498809814 11.415184020996094
    endloop
  endfacet
  facet normal -0.7786885141646066 0.4714004782077364 0.41403597313957474
    outer loop
      vertex 27.38702964782715 2.500065803527832 65.47734832763672
      vertex -1.8263397216796875 1.7220745086669922 11.42076587677002
      vertex 27.280475616455078 2.3123600482940674 65.49066162109375
    endloop
  endfacet
  facet normal -0.7786898854595026 0.4713975364358511 0.41403674344830466
    outer loop
      vertex 27.280475616455078 2.3123600482940674 65.49066162109375
      vertex -1.8263397216796875 1.7220745086669922 11.42076587677002
      vertex 27.021623611450195 1.7220745086669922 65.67589569091797
    endloop
  endfacet
  facet normal -0.8449284011617654 0.29028382086319093 0.44925638588148037
    outer loop
      vertex -1.8970792293548584 1.4334521293640137 11.474215507507324
      vertex 27.021623611450195 1.7220745086669922 65.67589569091797
      vertex -1.8263397216796875 1.7220745086669922 11.42076587677002
    endloop
  endfacet
  facet normal -0.8449283466873799 0.29028402609398674 0.4492563557244307
    outer loop
      vertex -1.9320108890533447 1.2909283638000488 11.500609397888184
      vertex 27.021623611450195 1.7220745086669922 65.67589569091797
      vertex -1.8970792293548584 1.4334521293640137 11.474215507507324
    endloop
  endfacet
  facet normal -0.8449278468723924 0.29028591760475847 0.4492560735482007
    outer loop
      vertex -1.982412576675415 1.121370553970337 11.515377044677734
      vertex 27.021623611450195 1.7220745086669922 65.67589569091797
      vertex -1.9320108890533447 1.2909283638000488 11.500609397888184
    endloop
  endfacet
  facet normal -0.8449283444179044 0.2902840245506198 0.4492563609899301
    outer loop
      vertex -2.054783582687378 0.8779058456420898 11.536580085754395
      vertex 27.021623611450195 1.7220745086669922 65.67589569091797
      vertex -1.982412576675415 1.121370553970337 11.515377044677734
    endloop
  endfacet
  facet normal -0.8449268689008667 0.2902896822317864 0.4492554803217719
    outer loop
      vertex 27.021623611450195 1.7220745086669922 65.67589569091797
      vertex -2.054783582687378 0.8779058456420898 11.536580085754395
      vertex 26.919824600219727 1.4052891731262207 65.68913269042969
    endloop
  endfacet
  facet normal -0.8449316689676534 0.29027146101231677 0.4492582260763966
    outer loop
      vertex 26.919824600219727 1.4052891731262207 65.68913269042969
      vertex -2.054783582687378 0.8779058456420898 11.536580085754395
      vertex 26.852436065673828 1.1955766677856445 65.69789123535156
    endloop
  endfacet
  facet normal -0.8449257453875423 0.2902937986021028 0.44925493350042117
    outer loop
      vertex 26.852436065673828 1.1955766677856445 65.69789123535156
      vertex -2.054783582687378 0.8779058456420898 11.536580085754395
      vertex 26.8182430267334 1.029438853263855 65.74093627929688
    endloop
  endfacet
  facet normal -0.8449260797749628 0.2902925442549205 0.4492551151251573
    outer loop
      vertex 26.8182430267334 1.029438853263855 65.74093627929688
      vertex -2.054783582687378 0.8779058456420898 11.536580085754395
      vertex 26.78705596923828 0.8779058456420898 65.78019714355469
    endloop
  endfacet
  facet normal -0.1728543964426498 -0.09239370641232868 0.9806042834119375
    outer loop
      vertex 32.33327102661133 -0.3539600372314453 74.27503204345703
      vertex 31.11978530883789 -0.7220659255981445 74.02644348144531
      vertex 31.294151306152344 -1.0482778549194336 74.02644348144531
    endloop
  endfacet
  facet normal 0.3341313522372962 0.6251177227083564 0.705396393673794
    outer loop
      vertex 35.654510498046875 4.1777753829956055 71.92988586425781
      vertex 34.78582763671875 4.642094612121582 71.92988586425781
      vertex 35.153934478759766 3.4286117553710938 72.83090209960938
    endloop
  endfacet
  facet normal -0.0568957142751493 0.18755815808240553 0.9806043111438252
    outer loop
      vertex 32.73871612548828 0.6248693466186523 74.27503204345703
      vertex 32.14094161987305 1.7432222366333008 74.02644348144531
      vertex 32.619197845458984 0.5886135101318359 74.27503204345703
    endloop
  endfacet
  facet normal -0.7053996369474625 -0.06947602272423467 0.7053966504462647
    outer loop
      vertex 28.739452362060547 0 72.83090209960938
      vertex 27.83843994140625 0 71.92988586425781
      vertex 28.81868553161621 -0.8044652938842773 72.83090209960938
    endloop
  endfacet
  facet normal -0.4916021024594042 -0.2627672980818294 0.8302293176684791
    outer loop
      vertex 30.032169342041016 -1.172572135925293 73.538818359375
      vertex 29.434396743774414 -2.2909250259399414 72.83090209960938
      vertex 30.31532096862793 -1.702310562133789 73.538818359375
    endloop
  endfacet
  facet normal -0.7053997188279985 -0.06947623794609309 0.7053965473676765
    outer loop
      vertex 28.81868553161621 -0.8044652938842773 72.83090209960938
      vertex 27.83843994140625 0 71.92988586425781
      vertex 27.934986114501953 -0.9802436828613281 71.92988586425781
    endloop
  endfacet
  facet normal -0.28475874422833336 -0.9387247230076495 -0.19418638469190908
    outer loop
      vertex 31.601028442382812 -6.3444061279296875 67.16921997070312
      vertex 30.48267364501953 -5.746633529663086 65.91947937011719
      vertex 31.649524688720703 -6.100593566894531 65.91947937011719
    endloop
  endfacet
  facet normal 0.29704416001433964 -0.24378071195582965 0.9232203049541774
    outer loop
      vertex 35.039337158203125 -1.7778451442718506 73.63835906982422
      vertex 35.029640197753906 -2.166630744934082 73.538818359375
      vertex 35.14070510864258 -2.031299352645874 73.538818359375
    endloop
  endfacet
  facet normal 0.29681100134545363 -0.24379324774796804 0.9232919808125741
    outer loop
      vertex 35.017032623291016 -1.7220745086669922 73.6602554321289
      vertex 35.029640197753906 -2.166630744934082 73.538818359375
      vertex 35.039337158203125 -1.7778451442718506 73.63835906982422
    endloop
  endfacet
  facet normal 0.29701720906792695 -0.24379794002062583 0.9232244266478215
    outer loop
      vertex 34.43186950683594 -1.0482778549194336 74.02644348144531
      vertex 35.017032623291016 -1.7220745086669922 73.6602554321289
      vertex 34.98893737792969 -1.4204989671707153 73.74893188476562
    endloop
  endfacet
  facet normal 0.29705084674020116 -0.24376724974385539 0.923221708152081
    outer loop
      vertex 35.017032623291016 -1.7220745086669922 73.6602554321289
      vertex 34.43186950683594 -1.0482778549194336 74.02644348144531
      vertex 35.029640197753906 -2.166630744934082 73.538818359375
    endloop
  endfacet
  facet normal -0.5282520688150878 -0.6437031720492635 -0.553711096228255
    outer loop
      vertex 29.11648178100586 -4.129866123199463 64.5382080078125
      vertex 28.809528350830078 -4.053481101989746 64.74224853515625
      vertex 29.014421463012695 -4.0736613273620605 64.57023620605469
    endloop
  endfacet
  facet normal -0.5282580496931141 -0.6436845160893017 -0.5537270777931209
    outer loop
      vertex 28.809528350830078 -4.053481101989746 64.74224853515625
      vertex 29.11648178100586 -4.129866123199463 64.5382080078125
      vertex 29.67820930480957 -4.766388893127441 64.74224853515625
    endloop
  endfacet
  facet normal -0.5282587625199877 -0.6436848155686044 -0.5537260496195414
    outer loop
      vertex 29.166584014892578 -4.15745735168457 64.5224838256836
      vertex 29.67820930480957 -4.766388893127441 64.74224853515625
      vertex 29.11648178100586 -4.129866123199463 64.5382080078125
    endloop
  endfacet
  facet normal -0.5282664097921836 -0.6436874870165115 -0.5537156484547328
    outer loop
      vertex 29.90591049194336 -4.4135332107543945 64.11482238769531
      vertex 29.67820930480957 -4.766388893127441 64.74224853515625
      vertex 29.166584014892578 -4.15745735168457 64.5224838256836
    endloop
  endfacet
  facet normal -0.5280444218647784 -0.6438569353249023 -0.5537303814777699
    outer loop
      vertex 29.67820930480957 -4.766388893127441 64.74224853515625
      vertex 29.90591049194336 -4.4135332107543945 64.11482238769531
      vertex 29.913360595703125 -4.414459705352783 64.10879516601562
    endloop
  endfacet
  facet normal 0.1727675217258731 -0.09271494769998707 -0.9805892727894225
    outer loop
      vertex 34.606231689453125 -0.7220659255981445 61.586219787597656
      vertex 34.56893539428711 -0.7107523679733276 61.57857894897461
      vertex 34.569210052490234 -0.7067304849624634 61.5782470703125
    endloop
  endfacet
  facet normal -0.2627668662750514 0.49160217962430985 0.8302294086435489
    outer loop
      vertex 31.69043731689453 2.830839157104492 73.538818359375
      vertex 30.57208251953125 3.4286117553710938 72.83090209960938
      vertex 31.16069793701172 2.547687530517578 73.538818359375
    endloop
  endfacet
  facet normal 0.43582030457833826 0.8153632111837903 -0.3811082470444615
    outer loop
      vertex 36.04780960083008 4.766388893127441 64.74224853515625
      vertex 35.05673599243164 5.296128273010254 64.74224853515625
      vertex 36.31871795654297 5.1718339920043945 65.91947937011719
    endloop
  endfacet
  facet normal 0.3536247293572675 -0.43089333207195135 -0.8302291774943411
    outer loop
      vertex 35.153934478759766 -3.4286117553710938 62.781761169433594
      vertex 35.029640197753906 -2.166630744934082 62.07384490966797
      vertex 35.778804779052734 -2.9157943725585938 62.781761169433594
    endloop
  endfacet
  facet normal -0.6436808819836644 0.5282562270304662 -0.5537330410696732
    outer loop
      vertex 28.799402236938477 3.950676441192627 64.65594482421875
      vertex 28.649213790893555 3.858137607574463 64.74224853515625
      vertex 28.809528350830078 4.053481101989746 64.74224853515625
    endloop
  endfacet
  facet normal 0.16181126174154525 0.5334202188711218 0.8302288754753677
    outer loop
      vertex 33.66747283935547 4.044322967529297 72.83090209960938
      vertex 33.46078109741211 3.0052032470703125 73.538818359375
      vertex 34.44102478027344 3.80966854095459 72.83090209960938
    endloop
  endfacet
  facet normal -0.05463675860686475 -0.554738112721336 0.830229155657223
    outer loop
      vertex 32.863006591796875 -3.0640783309936523 73.538818359375
      vertex 32.265235900878906 -3.0052032470703125 73.538818359375
      vertex 32.863006591796875 -4.123556137084961 72.83090209960938
    endloop
  endfacet
  facet normal 0.6223182894502876 -0.758295487321665 0.19418522220618828
    outer loop
      vertex 36.456825256347656 -5.378527641296387 68.44344329833984
      vertex 37.298797607421875 -4.435789585113525 69.42652130126953
      vertex 37.213539123535156 -4.456470489501953 69.6189956665039
    endloop
  endfacet
  facet normal 0.6223162284999395 -0.758296482330337 0.19418794151812835
    outer loop
      vertex 37.298797607421875 -4.435789585113525 69.42652130126953
      vertex 36.456825256347656 -5.378527641296387 68.44344329833984
      vertex 37.43707275390625 -4.574061393737793 68.44344329833984
    endloop
  endfacet
  facet normal 0.33413117054205854 0.6251177280080948 0.7053964750423632
    outer loop
      vertex 34.78582763671875 4.642094612121582 71.92988586425781
      vertex 34.44102478027344 3.80966854095459 72.83090209960938
      vertex 35.153934478759766 3.4286117553710938 72.83090209960938
    endloop
  endfacet
  facet normal 0.5865174576247111 -0.7146754974384809 0.38109868179056366
    outer loop
      vertex 36.04780960083008 -4.766388893127441 70.87040710449219
      vertex 36.549137115478516 -4.4135332107543945 70.76056671142578
      vertex 36.51886749267578 -4.379802703857422 70.87040710449219
    endloop
  endfacet
  facet normal 0.5865156835910236 -0.7146674005089692 0.3811165957440153
    outer loop
      vertex 36.04780960083008 -4.766388893127441 70.87040710449219
      vertex 36.705997467041016 -4.447283744812012 70.45587921142578
      vertex 36.549137115478516 -4.4135332107543945 70.76056671142578
    endloop
  endfacet
  facet normal 0.5865140058533646 -0.7146721461347125 0.38111027862948493
    outer loop
      vertex 36.705997467041016 -4.447283744812012 70.45587921142578
      vertex 36.04780960083008 -4.766388893127441 70.87040710449219
      vertex 36.31871795654297 -5.1718339920043945 69.69318389892578
    endloop
  endfacet
  facet normal -0.9762412699063614 0.09615144556446464 0.19418517566353694
    outer loop
      vertex 26.51860237121582 1.2619800567626953 68.44344329833984
      vertex 26.39430809020996 0 68.44344329833984
      vertex 26.762413024902344 1.2134828567504883 69.69318389892578
    endloop
  endfacet
  facet normal 0.2683765071093474 -0.8847197102663751 0.3811103313975727
    outer loop
      vertex 35.05673599243164 -5.296128273010254 70.87040710449219
      vertex 33.981361389160156 -5.622339248657227 70.87040710449219
      vertex 34.07649230957031 -6.100593566894531 69.69318389892578
    endloop
  endfacet
  facet normal -0.5282672830703666 -0.6436719449725313 -0.5537328822570785
    outer loop
      vertex 29.014421463012695 -4.0736613273620605 64.57023620605469
      vertex 28.809528350830078 -4.053481101989746 64.74224853515625
      vertex 28.869277954101562 -3.9937305450439453 64.61579132080078
    endloop
  endfacet
  facet normal 0.16181187426050056 0.5334196749745064 0.8302291055476169
    outer loop
      vertex 34.44102478027344 3.80966854095459 72.83090209960938
      vertex 33.46078109741211 3.0052032470703125 73.538818359375
      vertex 34.035579681396484 2.830839157104492 73.538818359375
    endloop
  endfacet
  facet normal 0.18114124364728032 0.33888909741631273 0.9232237158469627
    outer loop
      vertex 34.5653190612793 2.547687530517578 73.538818359375
      vertex 33.58507537841797 1.7432222366333008 74.02644348144531
      vertex 33.911285400390625 1.5688581466674805 74.02644348144531
    endloop
  endfacet
  facet normal -0.054637323833085887 0.5547383084923482 0.8302289876506403
    outer loop
      vertex 32.863006591796875 4.123556137084961 72.83090209960938
      vertex 32.05854415893555 4.044322967529297 72.83090209960938
      vertex 32.265235900878906 3.0052032470703125 73.538818359375
    endloop
  endfacet
  facet normal 0.5865162555809502 0.7146713231910514 -0.3811083595877334
    outer loop
      vertex 36.91648864746094 4.053481101989746 64.74224853515625
      vertex 36.31871795654297 5.1718339920043945 65.91947937011719
      vertex 37.26129150390625 4.398283004760742 65.91947937011719
    endloop
  endfacet
  facet normal 0.6223163151488632 0.7582965879126295 -0.1941872515372839
    outer loop
      vertex 37.26129150390625 4.398283004760742 65.91947937011719
      vertex 36.456825256347656 5.378527641296387 67.16921997070312
      vertex 37.43707275390625 4.574061393737793 67.16921997070312
    endloop
  endfacet
  facet normal 0.09062010738198896 0.9200785522029219 -0.3811081918750264
    outer loop
      vertex 33.981361389160156 5.622339248657227 64.74224853515625
      vertex 32.863006591796875 6.220111846923828 65.91947937011719
      vertex 34.07649230957031 6.100593566894531 65.91947937011719
    endloop
  endfacet
  facet normal 0.19505414234496912 0.019210953413939708 0.9806043140956477
    outer loop
      vertex 34.71360397338867 0.3681058883666992 74.02644348144531
      vertex 33.487876892089844 0.12429332733154297 74.27503204345703
      vertex 34.74985885620117 0 74.02644348144531
    endloop
  endfacet
  facet normal -0.18755830811350488 -0.05689502145708597 0.9806043226454783
    outer loop
      vertex 32.23814010620117 -0.12429332733154297 74.27503204345703
      vertex 31.012413024902344 -0.3681058883666992 74.02644348144531
      vertex 31.11978530883789 -0.7220659255981445 74.02644348144531
    endloop
  endfacet
  facet normal 0.19505464462114883 0.01921646912043605 0.9806041061132982
    outer loop
      vertex 34.74985885620117 0 74.02644348144531
      vertex 33.487876892089844 0.12429332733154297 74.27503204345703
      vertex 33.5001220703125 0 74.27503204345703
    endloop
  endfacet
  facet normal -0.7053996369474625 0.06947602272423467 0.7053966504462647
    outer loop
      vertex 28.81868553161621 0.8044652938842773 72.83090209960938
      vertex 27.83843994140625 0 71.92988586425781
      vertex 28.739452362060547 0 72.83090209960938
    endloop
  endfacet
  facet normal -0.5282628144962539 0.6436903220207116 0.5537157828321035
    outer loop
      vertex 29.67820930480957 4.766388893127441 70.87040710449219
      vertex 28.809528350830078 4.053481101989746 70.87040710449219
      vertex 30.071508407592773 4.1777753829956055 71.92988586425781
    endloop
  endfacet
  facet normal 0.46242345314684685 -0.865133676858484 0.19418617650354542
    outer loop
      vertex 36.31871795654297 -5.1718339920043945 69.69318389892578
      vertex 35.243343353271484 -5.746633529663086 69.69318389892578
      vertex 35.33847427368164 -5.976299285888672 68.44344329833984
    endloop
  endfacet
  facet normal -0.7582959881508153 -0.6223176392806921 -0.19418535010264049
    outer loop
      vertex 28.28894805908203 -4.574061393737793 67.16921997070312
      vertex 27.484481811523438 -3.5938167572021484 67.16921997070312
      vertex 28.464725494384766 -4.398283004760742 65.91947937011719
    endloop
  endfacet
  facet normal -0.6782916942592978 -0.20575751431515976 0.7053965004178133
    outer loop
      vertex 28.81868553161621 -0.8044652938842773 72.83090209960938
      vertex 27.934986114501953 -0.9802436828613281 71.92988586425781
      vertex 28.22091293334961 -1.9228181838989258 71.92988586425781
    endloop
  endfacet
  facet normal 0.35362652265295835 -0.43089359283362977 0.8302282783254872
    outer loop
      vertex 35.20692443847656 -2.500065803527832 73.29025268554688
      vertex 35.153934478759766 -3.4286117553710938 72.83090209960938
      vertex 35.4875602722168 -3.154811143875122 72.83090209960938
    endloop
  endfacet
  facet normal 0.35367491411530394 -0.4308613910817003 0.83022437738281
    outer loop
      vertex 35.029640197753906 -2.166630744934082 73.538818359375
      vertex 35.20692443847656 -2.500065803527832 73.29025268554688
      vertex 35.191444396972656 -2.3284363746643066 73.38591766357422
    endloop
  endfacet
  facet normal 0.35362127819920913 -0.43089423398523363 0.8302301793617456
    outer loop
      vertex 35.20692443847656 -2.500065803527832 73.29025268554688
      vertex 35.029640197753906 -2.166630744934082 73.538818359375
      vertex 35.153934478759766 -3.4286117553710938 72.83090209960938
    endloop
  endfacet
  facet normal -0.5334198409873148 -0.1618120042290452 0.8302289735539511
    outer loop
      vertex 29.857805252075195 -0.5977716445922852 73.538818359375
      vertex 28.81868553161621 -0.8044652938842773 72.83090209960938
      vertex 29.053340911865234 -1.5780162811279297 72.83090209960938
    endloop
  endfacet
  facet normal -0.491603466587405 -0.2627662646771112 0.8302288370003083
    outer loop
      vertex 30.032169342041016 -1.172572135925293 73.538818359375
      vertex 29.053340911865234 -1.5780162811279297 72.83090209960938
      vertex 29.434396743774414 -2.2909250259399414 72.83090209960938
    endloop
  endfacet
  facet normal 0.19505026856210508 -0.019210571883656668 -0.9806050921047441
    outer loop
      vertex 34.71360397338867 -0.3681058883666992 61.586219787597656
      vertex 34.63951110839844 -0.010868148878216743 61.564483642578125
      vertex 34.74985885620117 0 61.586219787597656
    endloop
  endfacet
  facet normal 0.19505251113074695 -0.019210080208942087 -0.9806046556691213
    outer loop
      vertex 34.63951110839844 -0.010868148878216743 61.564483642578125
      vertex 34.71360397338867 -0.3681058883666992 61.586219787597656
      vertex 34.60163116455078 -0.3458327651023865 61.56351089477539
    endloop
  endfacet
  facet normal 0.2057571459689198 -0.6782903776644787 -0.7053978738630444
    outer loop
      vertex 34.78582763671875 -4.642094612121582 63.68277359008789
      vertex 33.66747283935547 -4.044322967529297 62.781761169433594
      vertex 34.44102478027344 -3.80966854095459 62.781761169433594
    endloop
  endfacet
  facet normal -0.09615156989156573 -0.9762410567328905 -0.19418618580227692
    outer loop
      vertex 32.863006591796875 -6.468700408935547 67.16921997070312
      vertex 31.601028442382812 -6.3444061279296875 67.16921997070312
      vertex 32.863006591796875 -6.220111846923828 65.91947937011719
    endloop
  endfacet
  facet normal 0.054636410983271995 0.5547381232890044 0.8302291714729496
    outer loop
      vertex 32.863006591796875 4.123556137084961 72.83090209960938
      vertex 32.863006591796875 3.0640783309936523 73.538818359375
      vertex 33.46078109741211 3.0052032470703125 73.538818359375
    endloop
  endfacet
  facet normal -0.7146705574977641 0.5865157568560945 0.38111056296743817
    outer loop
      vertex 28.464725494384766 4.398283004760742 69.69318389892578
      vertex 27.691173553466797 3.4557085037231445 69.69318389892578
      vertex 28.809528350830078 4.053481101989746 70.87040710449219
    endloop
  endfacet
  facet normal -0.5334198409873148 0.1618120042290452 0.8302289735539511
    outer loop
      vertex 29.053340911865234 1.5780162811279297 72.83090209960938
      vertex 28.81868553161621 0.8044652938842773 72.83090209960938
      vertex 29.857805252075195 0.5977716445922852 73.538818359375
    endloop
  endfacet
  facet normal -0.08161990963158819 0.828695723990717 0.5537161613961007
    outer loop
      vertex 32.863006591796875 5.024567604064941 71.92988586425781
      vertex 31.74465560913086 5.622339248657227 70.87040710449219
      vertex 31.882762908935547 4.928021430969238 71.92988586425781
    endloop
  endfacet
  facet normal 0.47139709898439597 0.8819210707705625 0
    outer loop
      vertex 36.456825256347656 5.378527641296387 67.16921997070312
      vertex 35.33847427368164 5.976299285888672 68.44344329833984
      vertex 36.456825256347656 5.378527641296387 68.44344329833984
    endloop
  endfacet
  facet normal 0.47139709898439597 0.8819210707705625 0
    outer loop
      vertex 35.33847427368164 5.976299285888672 68.44344329833984
      vertex 36.456825256347656 5.378527641296387 67.16921997070312
      vertex 35.33847427368164 5.976299285888672 67.16921997070312
    endloop
  endfacet
  facet normal -0.5865155947392878 0.714671564395299 -0.38110892428857607
    outer loop
      vertex 29.67820930480957 4.766388893127441 64.74224853515625
      vertex 28.809528350830078 4.053481101989746 64.74224853515625
      vertex 29.407299041748047 5.1718339920043945 65.91947937011719
    endloop
  endfacet
  facet normal -0.6343937776184839 0.7730100483945531 0
    outer loop
      vertex 29.26919174194336 5.378527641296387 67.16921997070312
      vertex 28.28894805908203 4.574061393737793 68.44344329833984
      vertex 29.26919174194336 5.378527641296387 68.44344329833984
    endloop
  endfacet
  facet normal -0.6343937776184839 0.7730100483945531 0
    outer loop
      vertex 28.28894805908203 4.574061393737793 68.44344329833984
      vertex 29.26919174194336 5.378527641296387 67.16921997070312
      vertex 28.28894805908203 4.574061393737793 67.16921997070312
    endloop
  endfacet
  facet normal -0.9569406325145269 -0.2902836988924752 0
    outer loop
      vertex 26.886707305908203 -2.4754638671875 67.16921997070312
      vertex 26.51860237121582 -1.2619800567626953 68.44344329833984
      vertex 26.51860237121582 -1.2619800567626953 67.16921997070312
    endloop
  endfacet
  facet normal -0.9569406325145269 -0.2902836988924752 0
    outer loop
      vertex 26.51860237121582 -1.2619800567626953 68.44344329833984
      vertex 26.886707305908203 -2.4754638671875 67.16921997070312
      vertex 26.886707305908203 -2.4754638671875 68.44344329833984
    endloop
  endfacet
  facet normal 0.19505769798702563 -0.0192921644198047 -0.980602012463773
    outer loop
      vertex 34.74985885620117 0 61.586219787597656
      vertex 34.63951110839844 -0.010868148878216743 61.564483642578125
      vertex 34.64073944091797 0 61.56451416015625
    endloop
  endfacet
  facet normal -0.08161967299012139 0.8286948947035351 -0.5537174373931911
    outer loop
      vertex 32.863006591796875 5.024567604064941 63.68277359008789
      vertex 31.74465560913086 5.622339248657227 64.74224853515625
      vertex 32.863006591796875 5.732487678527832 64.74224853515625
    endloop
  endfacet
  facet normal 0.18755707093488416 -0.056894646164171045 -0.9806045810520063
    outer loop
      vertex 34.5695915222168 -0.7024807333946228 61.57807540893555
      vertex 34.71360397338867 -0.3681058883666992 61.586219787597656
      vertex 34.606231689453125 -0.7220659255981445 61.586219787597656
    endloop
  endfacet
  facet normal 0.1875565244546535 -0.05689440791713585 -0.9806046993984118
    outer loop
      vertex 34.71360397338867 -0.3681058883666992 61.586219787597656
      vertex 34.5695915222168 -0.7024807333946228 61.57807540893555
      vertex 34.60163116455078 -0.3458327651023865 61.56351089477539
    endloop
  endfacet
  facet normal 0.09615164065073875 0.9762409787151768 -0.19418654298742002
    outer loop
      vertex 34.07649230957031 6.100593566894531 65.91947937011719
      vertex 32.863006591796875 6.220111846923828 65.91947937011719
      vertex 34.1249885559082 6.3444061279296875 67.16921997070312
    endloop
  endfacet
  facet normal -0.0923915162807855 0.17285527059902367 0.9806043356754424
    outer loop
      vertex 32.619197845458984 0.5886135101318359 74.27503204345703
      vertex 32.14094161987305 1.7432222366333008 74.02644348144531
      vertex 32.50904846191406 0.5297384262084961 74.27503204345703
    endloop
  endfacet
  facet normal -0.0568948129309376 0.18755863136564355 0.9806042729163483
    outer loop
      vertex 32.494903564453125 1.8505945205688477 74.02644348144531
      vertex 32.14094161987305 1.7432222366333008 74.02644348144531
      vertex 32.73871612548828 0.6248693466186523 74.27503204345703
    endloop
  endfacet
  facet normal -0.33888917751469 -0.1811422088069154 0.923223497075312
    outer loop
      vertex 31.11978530883789 -0.7220659255981445 74.02644348144531
      vertex 30.032169342041016 -1.172572135925293 73.538818359375
      vertex 31.294151306152344 -1.0482778549194336 74.02644348144531
    endloop
  endfacet
  facet normal -0.3824130629747609 -0.03766360730251782 0.9232235384516705
    outer loop
      vertex 30.976158142089844 0 74.02644348144531
      vertex 29.798931121826172 0 73.538818359375
      vertex 29.857805252075195 -0.5977716445922852 73.538818359375
    endloop
  endfacet
  facet normal -0.2683765071093474 0.8847197102663751 0.3811103313975727
    outer loop
      vertex 31.649524688720703 6.100593566894531 69.69318389892578
      vertex 30.669281005859375 5.296128273010254 70.87040710449219
      vertex 31.74465560913086 5.622339248657227 70.87040710449219
    endloop
  endfacet
  facet normal -0.6436908658160179 0.5282623278811698 0.5537156149203243
    outer loop
      vertex 28.809528350830078 4.053481101989746 70.87040710449219
      vertex 28.68523406982422 2.7915000915527344 71.92988586425781
      vertex 29.310102462768555 3.552906036376953 71.92988586425781
    endloop
  endfacet
  facet normal 0.1618115503981732 -0.5334211704444547 -0.8302282078316826
    outer loop
      vertex 33.4925422668457 -3.1648788452148438 62.18262481689453
      vertex 34.44102478027344 -3.80966854095459 62.781761169433594
      vertex 33.66747283935547 -4.044322967529297 62.781761169433594
    endloop
  endfacet
  facet normal 0.16181587972747455 -0.5334166917637825 -0.8302302415690515
    outer loop
      vertex 34.44102478027344 -3.80966854095459 62.781761169433594
      vertex 33.4925422668457 -3.1648788452148438 62.18262481689453
      vertex 33.54950714111328 -3.0780184268951416 62.13792037963867
    endloop
  endfacet
  facet normal 0.5547384894418095 -0.054635832083042034 -0.8302289649153498
    outer loop
      vertex 36.90733337402344 -0.8044652938842773 62.781761169433594
      vertex 35.86821365356445 -0.5977716445922852 62.07384490966797
      vertex 36.98656463623047 0 62.781761169433594
    endloop
  endfacet
  facet normal 0.43581989434003526 -0.815362443681183 0.3811103582057175
    outer loop
      vertex 36.04780960083008 -4.766388893127441 70.87040710449219
      vertex 35.05673599243164 -5.296128273010254 70.87040710449219
      vertex 36.31871795654297 -5.1718339920043945 69.69318389892578
    endloop
  endfacet
  facet normal -0.8651330852872429 -0.46242514949122204 0.1941847724704414
    outer loop
      vertex 27.691173553466797 -3.4557085037231445 69.69318389892578
      vertex 26.886707305908203 -2.4754638671875 68.44344329833984
      vertex 27.484481811523438 -3.5938167572021484 68.44344329833984
    endloop
  endfacet
  facet normal -0.7968492589649103 -0.24172155459981076 0.5537164874996264
    outer loop
      vertex 27.934986114501953 -0.9802436828613281 71.92988586425781
      vertex 27.566879272460938 -2.193727493286133 70.87040710449219
      vertex 28.22091293334961 -1.9228181838989258 71.92988586425781
    endloop
  endfacet
  facet normal -0.46242350039468255 -0.8651337652529922 0.19418567017653382
    outer loop
      vertex 29.407299041748047 -5.1718339920043945 69.69318389892578
      vertex 29.26919174194336 -5.378527641296387 68.44344329833984
      vertex 30.48267364501953 -5.746633529663086 69.69318389892578
    endloop
  endfacet
  facet normal 0.151509844269951 0.12433879450731002 0.9806042174444102
    outer loop
      vertex 34.19721221923828 1.3342046737670898 74.02644348144531
      vertex 33.313514709472656 0.45050525665283203 74.27503204345703
      vertex 33.39274597167969 0.3539600372314453 74.27503204345703
    endloop
  endfacet
  facet normal -0.18755865155809054 -0.05689436738080791 0.9806042949049574
    outer loop
      vertex 32.23814010620117 -0.12429332733154297 74.27503204345703
      vertex 31.11978530883789 -0.7220659255981445 74.02644348144531
      vertex 32.27439498901367 -0.24381160736083984 74.27503204345703
    endloop
  endfacet
  facet normal -0.7343801673478116 -0.3925352086914213 0.5537164253873841
    outer loop
      vertex 28.22091293334961 -1.9228181838989258 71.92988586425781
      vertex 27.566879272460938 -2.193727493286133 70.87040710449219
      vertex 28.68523406982422 -2.7915000915527344 71.92988586425781
    endloop
  endfacet
  facet normal -0.6782908721168901 -0.2057583858604747 0.7053970367466824
    outer loop
      vertex 28.81868553161621 -0.8044652938842773 72.83090209960938
      vertex 28.22091293334961 -1.9228181838989258 71.92988586425781
      vertex 29.053340911865234 -1.5780162811279297 72.83090209960938
    endloop
  endfacet
  facet normal -0.9762412699063614 -0.09615144556446464 0.19418517566353694
    outer loop
      vertex 26.762413024902344 -1.2134828567504883 69.69318389892578
      vertex 26.39430809020996 0 68.44344329833984
      vertex 26.51860237121582 -1.2619800567626953 68.44344329833984
    endloop
  endfacet
  facet normal -0.5865162555809502 0.7146713231910514 -0.3811083595877334
    outer loop
      vertex 28.809528350830078 4.053481101989746 64.74224853515625
      vertex 28.464725494384766 4.398283004760742 65.91947937011719
      vertex 29.407299041748047 5.1718339920043945 65.91947937011719
    endloop
  endfacet
  facet normal 0.08161950588677447 0.8286948496464059 -0.5537175294573214
    outer loop
      vertex 33.84325408935547 4.928021430969238 63.68277359008789
      vertex 32.863006591796875 5.024567604064941 63.68277359008789
      vertex 33.981361389160156 5.622339248657227 64.74224853515625
    endloop
  endfacet
  facet normal 0.24377055598103148 0.2970459204930072 -0.9232224201974089
    outer loop
      vertex 34.352481842041016 1.7220745086669922 61.752010345458984
      vertex 35.029640197753906 2.166630744934082 62.07384490966797
      vertex 34.391357421875 1.5283470153808594 61.69994354248047
    endloop
  endfacet
  facet normal 0.24378526176838455 0.29702547202841006 -0.9232251161611779
    outer loop
      vertex 35.029640197753906 2.166630744934082 62.07384490966797
      vertex 34.352481842041016 1.7220745086669922 61.752010345458984
      vertex 34.31962203979492 1.7871171236038208 61.764259338378906
    endloop
  endfacet
  facet normal 0.9200780313591299 -0.09062026973768406 -0.3811094106985255
    outer loop
      vertex 38.96360397338867 -1.2134828567504883 65.91947937011719
      vertex 38.485347747802734 -1.1183528900146484 64.74224853515625
      vertex 39.08312225341797 0 65.91947937011719
    endloop
  endfacet
  facet normal 0.6782909523389659 -0.20575728925611125 -0.7053972794766618
    outer loop
      vertex 37.505104064941406 -1.9228181838989258 63.68277359008789
      vertex 36.90733337402344 -0.8044652938842773 62.781761169433594
      vertex 37.79103088378906 -0.9802436828613281 63.68277359008789
    endloop
  endfacet
  facet normal -0.11154470860705666 -0.3677167004277607 0.9232238115474966
    outer loop
      vertex 32.494903564453125 -1.8505945205688477 74.02644348144531
      vertex 32.14094161987305 -1.7432222366333008 74.02644348144531
      vertex 32.265235900878906 -3.0052032470703125 73.538818359375
    endloop
  endfacet
  facet normal -0.284759436386083 -0.9387246485402229 0.19418572968196016
    outer loop
      vertex 30.48267364501953 -5.746633529663086 69.69318389892578
      vertex 30.387544631958008 -5.976299285888672 68.44344329833984
      vertex 31.601028442382812 -6.3444061279296875 68.44344329833984
    endloop
  endfacet
  facet normal -0.09615193989921525 -0.9762409481191046 -0.194186548630768
    outer loop
      vertex 32.863006591796875 -6.220111846923828 65.91947937011719
      vertex 31.601028442382812 -6.3444061279296875 67.16921997070312
      vertex 31.649524688720703 -6.100593566894531 65.91947937011719
    endloop
  endfacet
  facet normal 0.44966964034038587 0.5479202791841873 0.7053939198879378
    outer loop
      vertex 35.654510498046875 4.1777753829956055 71.92988586425781
      vertex 35.77988052368164 3.741612434387207 72.18875885009766
      vertex 35.976871490478516 3.9132187366485596 71.92988586425781
    endloop
  endfacet
  facet normal 0.44965703737750035 0.547921063381165 0.7054013446543338
    outer loop
      vertex 35.654510498046875 4.1777753829956055 71.92988586425781
      vertex 35.75928497314453 3.701702833175659 72.2328872680664
      vertex 35.77988052368164 3.741612434387207 72.18875885009766
    endloop
  endfacet
  facet normal 0.4496659795766583 0.5479199525547405 0.7053965072239692
    outer loop
      vertex 35.153934478759766 3.4286117553710938 72.83090209960938
      vertex 35.75928497314453 3.701702833175659 72.2328872680664
      vertex 35.654510498046875 4.1777753829956055 71.92988586425781
    endloop
  endfacet
  facet normal 0.4496715057516177 0.5479125610797756 0.7053987257757659
    outer loop
      vertex 35.75928497314453 3.701702833175659 72.2328872680664
      vertex 35.153934478759766 3.4286117553710938 72.83090209960938
      vertex 35.64323806762695 3.47680401802063 72.48155212402344
    endloop
  endfacet
  facet normal 0.28475874422833336 0.9387247230076495 0.19418638469190908
    outer loop
      vertex 34.1249885559082 6.3444061279296875 68.44344329833984
      vertex 34.07649230957031 6.100593566894531 69.69318389892578
      vertex 35.243343353271484 5.746633529663086 69.69318389892578
    endloop
  endfacet
  facet normal 0.36771128601452036 -0.11155301443960819 0.9232249645167663
    outer loop
      vertex 34.71360397338867 -0.3681058883666992 74.02644348144531
      vertex 34.90459442138672 -0.6926799416542053 73.9111557006836
      vertex 34.90744400024414 -0.40666308999061584 73.944580078125
    endloop
  endfacet
  facet normal 0.3677206032441987 -0.11154649357964037 0.9232220413962232
    outer loop
      vertex 34.90459442138672 -0.6926799416542053 73.9111557006836
      vertex 34.71360397338867 -0.3681058883666992 74.02644348144531
      vertex 34.606231689453125 -0.7220659255981445 74.02644348144531
    endloop
  endfacet
  facet normal 0.38240670688338024 -0.03765826607514686 0.9232263890979405
    outer loop
      vertex 34.74985885620117 0 74.02644348144531
      vertex 34.90032196044922 -0.3114651143550873 73.951416015625
      vertex 34.87702560424805 0 73.97377014160156
    endloop
  endfacet
  facet normal 0.3823991447457753 -0.03766263083123368 0.9232293433034772
    outer loop
      vertex 34.90032196044922 -0.3114651143550873 73.951416015625
      vertex 34.74985885620117 0 74.02644348144531
      vertex 34.71360397338867 -0.3681058883666992 74.02644348144531
    endloop
  endfacet
  facet normal -0.09239339113874086 0.17285468676150575 0.9806042619418219
    outer loop
      vertex 32.14094161987305 1.7432222366333008 74.02644348144531
      vertex 31.81473159790039 1.5688581466674805 74.02644348144531
      vertex 32.50904846191406 0.5297384262084961 74.27503204345703
    endloop
  endfacet
  facet normal -0.7053997188279985 0.06947623794609309 0.7053965473676765
    outer loop
      vertex 27.934986114501953 0.9802436828613281 71.92988586425781
      vertex 27.83843994140625 0 71.92988586425781
      vertex 28.81868553161621 0.8044652938842773 72.83090209960938
    endloop
  endfacet
  facet normal -0.6223179874218686 0.7582956746197493 0.19418545873513293
    outer loop
      vertex 29.26919174194336 5.378527641296387 68.44344329833984
      vertex 28.28894805908203 4.574061393737793 68.44344329833984
      vertex 28.464725494384766 4.398283004760742 69.69318389892578
    endloop
  endfacet
  facet normal -0.7582957500598096 0.6223180752321402 -0.19418488272930748
    outer loop
      vertex 27.691173553466797 3.4557085037231445 65.91947937011719
      vertex 27.484481811523438 3.5938167572021484 67.16921997070312
      vertex 28.464725494384766 4.398283004760742 65.91947937011719
    endloop
  endfacet
  facet normal -0.7146712302195823 -0.5865163089453644 -0.38110845180543346
    outer loop
      vertex 28.464725494384766 -4.398283004760742 65.91947937011719
      vertex 27.691173553466797 -3.4557085037231445 65.91947937011719
      vertex 28.809528350830078 -4.053481101989746 64.74224853515625
    endloop
  endfacet
  facet normal -0.4624233601255827 0.8651338782712885 -0.19418550068798998
    outer loop
      vertex 30.48267364501953 5.746633529663086 65.91947937011719
      vertex 29.26919174194336 5.378527641296387 67.16921997070312
      vertex 30.387544631958008 5.976299285888672 67.16921997070312
    endloop
  endfacet
  facet normal -0.8153624988297542 -0.4358223664901763 -0.38110741316458463
    outer loop
      vertex 27.38702964782715 -2.500065803527832 65.47734832763672
      vertex 27.116374969482422 -2.3803329467773438 65.91947937011719
      vertex 27.280475616455078 -2.3123600482940674 65.49066162109375
    endloop
  endfacet
  facet normal -0.8153619012604586 -0.435824250484704 -0.3811065371551323
    outer loop
      vertex 27.630373001098633 -2.8383796215057373 65.34361267089844
      vertex 27.116374969482422 -2.3803329467773438 65.91947937011719
      vertex 27.38702964782715 -2.500065803527832 65.47734832763672
    endloop
  endfacet
  facet normal -0.8153624927948248 -0.4358190989792569 -0.3811111626655905
    outer loop
      vertex 27.116374969482422 -2.3803329467773438 65.91947937011719
      vertex 27.630373001098633 -2.8383796215057373 65.34361267089844
      vertex 27.691173553466797 -3.4557085037231445 65.91947937011719
    endloop
  endfacet
  facet normal -0.6436830421069124 0.5282551746425306 -0.5537315340193117
    outer loop
      vertex 28.869277954101562 3.9937305450439453 64.61579132080078
      vertex 28.799402236938477 3.950676441192627 64.65594482421875
      vertex 28.809528350830078 4.053481101989746 64.74224853515625
    endloop
  endfacet
  facet normal -0.7582959881508153 0.6223176392806921 -0.19418535010264049
    outer loop
      vertex 28.464725494384766 4.398283004760742 65.91947937011719
      vertex 27.484481811523438 3.5938167572021484 67.16921997070312
      vertex 28.28894805908203 4.574061393737793 67.16921997070312
    endloop
  endfacet
  facet normal -0.714668836659329 -0.5865193019987581 -0.38110833406118394
    outer loop
      vertex 28.47783660888672 -3.741612434387207 64.8843002319336
      vertex 27.691173553466797 -3.4557085037231445 65.91947937011719
      vertex 27.963109970092773 -3.2740068435668945 65.12989807128906
    endloop
  endfacet
  facet normal -0.7146763009811515 -0.5865207696412119 -0.3810920775814934
    outer loop
      vertex 28.809528350830078 -4.053481101989746 64.74224853515625
      vertex 28.47783660888672 -3.741612434387207 64.8843002319336
      vertex 28.649213790893555 -3.858137607574463 64.74224853515625
    endloop
  endfacet
  facet normal -0.7146742958476785 -0.5865079096893098 -0.3811156290766641
    outer loop
      vertex 28.47783660888672 -3.741612434387207 64.8843002319336
      vertex 28.809528350830078 -4.053481101989746 64.74224853515625
      vertex 27.691173553466797 -3.4557085037231445 65.91947937011719
    endloop
  endfacet
  facet normal -0.09615193989921525 0.9762409481191046 0.194186548630768
    outer loop
      vertex 32.863006591796875 6.220111846923828 69.69318389892578
      vertex 31.601028442382812 6.3444061279296875 68.44344329833984
      vertex 31.649524688720703 6.100593566894531 69.69318389892578
    endloop
  endfacet
  facet normal -0.43582048657959016 0.8153630129246945 -0.3811084630809104
    outer loop
      vertex 30.669281005859375 5.296128273010254 64.74224853515625
      vertex 29.407299041748047 5.1718339920043945 65.91947937011719
      vertex 30.48267364501953 5.746633529663086 65.91947937011719
    endloop
  endfacet
  facet normal 0.09615128193330232 0.9762410840148852 0.19418619122899652
    outer loop
      vertex 32.863006591796875 6.468700408935547 68.44344329833984
      vertex 32.863006591796875 6.220111846923828 69.69318389892578
      vertex 34.1249885559082 6.3444061279296875 68.44344329833984
    endloop
  endfacet
  facet normal 0.5479184503320497 0.44966547598218276 -0.7053979951030781
    outer loop
      vertex 37.04078674316406 2.7915000915527344 63.68277359008789
      vertex 35.778804779052734 2.9157943725585938 62.781761169433594
      vertex 36.415916442871094 3.552906036376953 63.68277359008789
    endloop
  endfacet
  facet normal 0.4496650589900607 0.5479187784573993 -0.7053980060485121
    outer loop
      vertex 36.415916442871094 3.552906036376953 63.68277359008789
      vertex 35.153934478759766 3.4286117553710938 62.781761169433594
      vertex 35.654510498046875 4.1777753829956055 63.68277359008789
    endloop
  endfacet
  facet normal 0.7730125552371148 0.6343907229789563 -0.000006635031442737051
    outer loop
      vertex 37.803382873535156 4.1277079582214355 68.41976928710938
      vertex 37.43707275390625 4.574061393737793 68.44344329833984
      vertex 37.79183578491211 4.141778469085693 68.44344329833984
    endloop
  endfacet
  facet normal 0.7730127951904436 0.6343904306223018 0.0000025899253072375885
    outer loop
      vertex 38.120243072509766 3.741612434387207 67.77014923095703
      vertex 37.43707275390625 4.574061393737793 68.44344329833984
      vertex 37.803382873535156 4.1277079582214355 68.41976928710938
    endloop
  endfacet
  facet normal 0.7730117679396783 0.6343916823436235 0
    outer loop
      vertex 37.43707275390625 4.574061393737793 68.44344329833984
      vertex 38.120243072509766 3.741612434387207 67.77014923095703
      vertex 37.43707275390625 4.574061393737793 67.16921997070312
    endloop
  endfacet
  facet normal 0.7730023706346398 0.6344031328683889 0
    outer loop
      vertex 38.241539001464844 3.5938167572021484 67.16921997070312
      vertex 38.120243072509766 3.741612434387207 67.77014923095703
      vertex 38.241539001464844 3.5938167572021484 67.63068389892578
    endloop
  endfacet
  facet normal 0.7730103510578373 0.6343934088098803 0.0000040024122913432675
    outer loop
      vertex 38.120243072509766 3.741612434387207 67.77014923095703
      vertex 38.241539001464844 3.5938167572021484 67.16921997070312
      vertex 37.43707275390625 4.574061393737793 67.16921997070312
    endloop
  endfacet
  facet normal 0.714671247960924 0.5865162603383206 -0.3811084933411051
    outer loop
      vertex 37.629398345947266 3.1847991943359375 64.74224853515625
      vertex 36.91648864746094 4.053481101989746 64.74224853515625
      vertex 38.03484344482422 3.4557085037231445 65.91947937011719
    endloop
  endfacet
  facet normal 0.36771648364170656 -0.11154524391560501 -0.9232238332159688
    outer loop
      vertex 35.86821365356445 -0.5977716445922852 62.07384490966797
      vertex 34.606231689453125 -0.7220659255981445 61.586219787597656
      vertex 34.71360397338867 -0.3681058883666992 61.586219787597656
    endloop
  endfacet
  facet normal -0.17285449277815207 -0.09239339705237272 0.9806042955787673
    outer loop
      vertex 32.27439498901367 -0.24381160736083984 74.27503204345703
      vertex 31.11978530883789 -0.7220659255981445 74.02644348144531
      vertex 32.33327102661133 -0.3539600372314453 74.27503204345703
    endloop
  endfacet
  facet normal -0.5479196599036655 0.4496663622624332 0.7053964905928591
    outer loop
      vertex 29.947214126586914 2.9157943725585938 72.83090209960938
      vertex 29.310102462768555 3.552906036376953 71.92988586425781
      vertex 29.434396743774414 2.2909250259399414 72.83090209960938
    endloop
  endfacet
  facet normal -0.05463675860686475 0.554738112721336 0.830229155657223
    outer loop
      vertex 32.863006591796875 4.123556137084961 72.83090209960938
      vertex 32.265235900878906 3.0052032470703125 73.538818359375
      vertex 32.863006591796875 3.0640783309936523 73.538818359375
    endloop
  endfacet
  facet normal 0.01920970591555599 -0.19505424043392844 0.9806043190234179
    outer loop
      vertex 32.863006591796875 -0.637110710144043 74.27503204345703
      vertex 32.863006591796875 -1.886850357055664 74.02644348144531
      vertex 32.9873046875 -0.6248693466186523 74.27503204345703
    endloop
  endfacet
  facet normal -0.01921088464102623 0.1950542360155552 0.9806042968107459
    outer loop
      vertex 32.863006591796875 1.886850357055664 74.02644348144531
      vertex 32.73871612548828 0.6248693466186523 74.27503204345703
      vertex 32.863006591796875 0.637110710144043 74.27503204345703
    endloop
  endfacet
  facet normal -0.554737798002061 0.05463575542447418 0.8302294319626483
    outer loop
      vertex 29.857805252075195 0.5977716445922852 73.538818359375
      vertex 28.739452362060547 0 72.83090209960938
      vertex 29.798931121826172 0 73.538818359375
    endloop
  endfacet
  facet normal 0.2057575794310235 0.6782918065974698 0.7053963734025196
    outer loop
      vertex 34.78582763671875 4.642094612121582 71.92988586425781
      vertex 33.66747283935547 4.044322967529297 72.83090209960938
      vertex 34.44102478027344 3.80966854095459 72.83090209960938
    endloop
  endfacet
  facet normal -0.06947630520977911 0.7053999963488731 0.7053962632204736
    outer loop
      vertex 32.863006591796875 5.024567604064941 71.92988586425781
      vertex 32.05854415893555 4.044322967529297 72.83090209960938
      vertex 32.863006591796875 4.123556137084961 72.83090209960938
    endloop
  endfacet
  facet normal -0.43582042443460883 0.8153618662297786 0.38111098743532723
    outer loop
      vertex 30.669281005859375 5.296128273010254 70.87040710449219
      vertex 29.407299041748047 5.1718339920043945 69.69318389892578
      vertex 29.67820930480957 4.766388893127441 70.87040710449219
    endloop
  endfacet
  facet normal -0.26837651940392065 0.8847197107920642 0.3811103215194299
    outer loop
      vertex 31.649524688720703 6.100593566894531 69.69318389892578
      vertex 30.48267364501953 5.746633529663086 69.69318389892578
      vertex 30.669281005859375 5.296128273010254 70.87040710449219
    endloop
  endfacet
  facet normal -0.8153619012604586 0.435824250484704 -0.3811065371551323
    outer loop
      vertex 27.116374969482422 2.3803329467773438 65.91947937011719
      vertex 27.630373001098633 2.8383796215057373 65.34361267089844
      vertex 27.38702964782715 2.500065803527832 65.47734832763672
    endloop
  endfacet
  facet normal -0.8153624927948248 0.4358190989792569 -0.3811111626655905
    outer loop
      vertex 27.630373001098633 2.8383796215057373 65.34361267089844
      vertex 27.116374969482422 2.3803329467773438 65.91947937011719
      vertex 27.691173553466797 3.4557085037231445 65.91947937011719
    endloop
  endfacet
  facet normal -0.8153624988297542 0.4358223664901763 -0.38110741316458463
    outer loop
      vertex 27.116374969482422 2.3803329467773438 65.91947937011719
      vertex 27.38702964782715 2.500065803527832 65.47734832763672
      vertex 27.280475616455078 2.3123600482940674 65.49066162109375
    endloop
  endfacet
  facet normal 0.09061990221115057 -0.9200785021945822 -0.381108361391633
    outer loop
      vertex 33.981361389160156 -5.622339248657227 64.74224853515625
      vertex 32.863006591796875 -6.220111846923828 65.91947937011719
      vertex 32.863006591796875 -5.732487678527832 64.74224853515625
    endloop
  endfacet
  facet normal 0.09615128193330232 -0.9762410840148852 -0.19418619122899652
    outer loop
      vertex 34.1249885559082 -6.3444061279296875 67.16921997070312
      vertex 32.863006591796875 -6.468700408935547 67.16921997070312
      vertex 32.863006591796875 -6.220111846923828 65.91947937011719
    endloop
  endfacet
  facet normal 0.3536247293572675 0.43089333207195135 -0.8302291774943411
    outer loop
      vertex 35.778804779052734 2.9157943725585938 62.781761169433594
      vertex 35.029640197753906 2.166630744934082 62.07384490966797
      vertex 35.153934478759766 3.4286117553710938 62.781761169433594
    endloop
  endfacet
  facet normal 0.2847590029489316 -0.9387246951726865 0.19418613985678068
    outer loop
      vertex 35.243343353271484 -5.746633529663086 69.69318389892578
      vertex 34.1249885559082 -6.3444061279296875 68.44344329833984
      vertex 35.33847427368164 -5.976299285888672 68.44344329833984
    endloop
  endfacet
  facet normal -0.7582959881508153 -0.6223176392806921 0.19418535010264049
    outer loop
      vertex 28.464725494384766 -4.398283004760742 69.69318389892578
      vertex 27.484481811523438 -3.5938167572021484 68.44344329833984
      vertex 28.28894805908203 -4.574061393737793 68.44344329833984
    endloop
  endfacet
  facet normal -0.8819204670377007 -0.47139822848628116 0
    outer loop
      vertex 27.484481811523438 -3.5938167572021484 67.16921997070312
      vertex 26.886707305908203 -2.4754638671875 68.44344329833984
      vertex 26.886707305908203 -2.4754638671875 67.16921997070312
    endloop
  endfacet
  facet normal -0.8819204670377007 -0.47139822848628116 0
    outer loop
      vertex 26.886707305908203 -2.4754638671875 68.44344329833984
      vertex 27.484481811523438 -3.5938167572021484 67.16921997070312
      vertex 27.484481811523438 -3.5938167572021484 68.44344329833984
    endloop
  endfacet
  facet normal -0.6223179103051458 -0.7582957167363359 -0.19418554141017652
    outer loop
      vertex 29.26919174194336 -5.378527641296387 67.16921997070312
      vertex 28.464725494384766 -4.398283004760742 65.91947937011719
      vertex 29.407299041748047 -5.1718339920043945 65.91947937011719
    endloop
  endfacet
  facet normal 0.05689539056337313 0.18755851421445505 0.98060426180917
    outer loop
      vertex 33.231117248535156 1.8505945205688477 74.02644348144531
      vertex 32.9873046875 0.6248693466186523 74.27503204345703
      vertex 33.58507537841797 1.7432222366333008 74.02644348144531
    endloop
  endfacet
  facet normal 0.35362652265295835 0.43089359283362977 0.8302282783254872
    outer loop
      vertex 35.153934478759766 3.4286117553710938 72.83090209960938
      vertex 35.20692443847656 2.500065803527832 73.29025268554688
      vertex 35.4875602722168 3.154811143875122 72.83090209960938
    endloop
  endfacet
  facet normal 0.35362127819920913 0.43089423398523363 0.8302301793617456
    outer loop
      vertex 35.029640197753906 2.166630744934082 73.538818359375
      vertex 35.20692443847656 2.500065803527832 73.29025268554688
      vertex 35.153934478759766 3.4286117553710938 72.83090209960938
    endloop
  endfacet
  facet normal 0.35367491411530394 0.4308613910817003 0.83022437738281
    outer loop
      vertex 35.20692443847656 2.500065803527832 73.29025268554688
      vertex 35.029640197753906 2.166630744934082 73.538818359375
      vertex 35.191444396972656 2.3284363746643066 73.38591766357422
    endloop
  endfacet
  facet normal -0.03766425052920751 -0.38241278927207417 0.923223625582245
    outer loop
      vertex 32.863006591796875 -1.886850357055664 74.02644348144531
      vertex 32.265235900878906 -3.0052032470703125 73.538818359375
      vertex 32.863006591796875 -3.0640783309936523 73.538818359375
    endloop
  endfacet
  facet normal -0.4358200763406508 -0.8153622454214038 0.3811105742429564
    outer loop
      vertex 30.669281005859375 -5.296128273010254 70.87040710449219
      vertex 29.407299041748047 -5.1718339920043945 69.69318389892578
      vertex 30.48267364501953 -5.746633529663086 69.69318389892578
    endloop
  endfacet
  facet normal 0.3341313522372962 -0.6251177227083564 0.705396393673794
    outer loop
      vertex 35.153934478759766 -3.4286117553710938 72.83090209960938
      vertex 34.78582763671875 -4.642094612121582 71.92988586425781
      vertex 35.654510498046875 -4.1777753829956055 71.92988586425781
    endloop
  endfacet
  facet normal -0.8286959988493575 0.08161993670296885 0.5537157460499649
    outer loop
      vertex 27.934986114501953 0.9802436828613281 71.92988586425781
      vertex 27.24066925048828 1.1183528900146484 70.87040710449219
      vertex 27.83843994140625 0 71.92988586425781
    endloop
  endfacet
  facet normal -0.9951847194255318 -0.09801721390615788 0
    outer loop
      vertex 26.51860237121582 -1.2619800567626953 67.16921997070312
      vertex 26.39430809020996 0 68.44344329833984
      vertex 26.39430809020996 0 67.16921997070312
    endloop
  endfacet
  facet normal -0.9951847194255318 -0.09801721390615788 0
    outer loop
      vertex 26.39430809020996 0 68.44344329833984
      vertex 26.51860237121582 -1.2619800567626953 67.16921997070312
      vertex 26.51860237121582 -1.2619800567626953 68.44344329833984
    endloop
  endfacet
  facet normal -0.7582957500598096 -0.6223180752321402 0.19418488272930748
    outer loop
      vertex 27.691173553466797 -3.4557085037231445 69.69318389892578
      vertex 27.484481811523438 -3.5938167572021484 68.44344329833984
      vertex 28.464725494384766 -4.398283004760742 69.69318389892578
    endloop
  endfacet
  facet normal -0.8847196145880077 -0.26837815574106955 0.3811093925427046
    outer loop
      vertex 27.566879272460938 -2.193727493286133 70.87040710449219
      vertex 26.762413024902344 -1.2134828567504883 69.69318389892578
      vertex 27.116374969482422 -2.3803329467773438 69.69318389892578
    endloop
  endfacet
  facet normal 0.5547384894418095 0.054635832083042034 -0.8302289649153498
    outer loop
      vertex 36.98656463623047 0 62.781761169433594
      vertex 35.86821365356445 0.5977716445922852 62.07384490966797
      vertex 36.90733337402344 0.8044652938842773 62.781761169433594
    endloop
  endfacet
  facet normal 0.5334196705559148 0.1618131060186309 -0.8302288683156124
    outer loop
      vertex 35.86821365356445 0.5977716445922852 62.07384490966797
      vertex 35.69384765625 1.172572135925293 62.07384490966797
      vertex 36.67267608642578 1.5780162811279297 62.781761169433594
    endloop
  endfacet
  facet normal 0.05461892959936616 0.5547423929086148 -0.8302274688538337
    outer loop
      vertex 33.48236846923828 3.1819801330566406 62.193382263183594
      vertex 33.66747283935547 4.044322967529297 62.781761169433594
      vertex 33.4925422668457 3.1648788452148438 62.18262481689453
    endloop
  endfacet
  facet normal 0.05463403387536113 0.5547397002388198 -0.8302282742242943
    outer loop
      vertex 33.248653411865234 3.402064800262451 62.32505798339844
      vertex 33.66747283935547 4.044322967529297 62.781761169433594
      vertex 33.48236846923828 3.1819801330566406 62.193382263183594
    endloop
  endfacet
  facet normal 0.05463706058511078 0.554738266221404 -0.8302290332193217
    outer loop
      vertex 33.66747283935547 4.044322967529297 62.781761169433594
      vertex 33.248653411865234 3.402064800262451 62.32505798339844
      vertex 32.863006591796875 4.123556137084961 62.781761169433594
    endloop
  endfacet
  facet normal 0.8651345989014078 0.462420965257584 -0.1941879931250762
    outer loop
      vertex 38.71659469604492 2.500065803527832 66.68109893798828
      vertex 38.03484344482422 3.4557085037231445 65.91947937011719
      vertex 38.632408142089844 2.7275733947753906 66.8478012084961
    endloop
  endfacet
  facet normal 0.8651252369910567 0.46243891614571325 -0.1941869541322127
    outer loop
      vertex 38.609642028808594 2.3803329467773438 65.91947937011719
      vertex 38.71659469604492 2.500065803527832 66.68109893798828
      vertex 38.7453498840332 2.436544418334961 66.6579360961914
    endloop
  endfacet
  facet normal 0.8651342575842111 0.4624225862340677 -0.19418565367918383
    outer loop
      vertex 38.71659469604492 2.500065803527832 66.68109893798828
      vertex 38.609642028808594 2.3803329467773438 65.91947937011719
      vertex 38.03484344482422 3.4557085037231445 65.91947937011719
    endloop
  endfacet
  facet normal 0.6782889035403602 0.20575946115654745 -0.705398616016918
    outer loop
      vertex 36.90733337402344 0.8044652938842773 62.781761169433594
      vertex 36.67267608642578 1.5780162811279297 62.781761169433594
      vertex 37.505104064941406 1.9228181838989258 63.68277359008789
    endloop
  endfacet
  facet normal 0.09615164065073875 -0.9762409787151768 0.19418654298742002
    outer loop
      vertex 34.07649230957031 -6.100593566894531 69.69318389892578
      vertex 32.863006591796875 -6.220111846923828 69.69318389892578
      vertex 34.1249885559082 -6.3444061279296875 68.44344329833984
    endloop
  endfacet
  facet normal 0.7582956473218678 -0.6223173595695115 -0.19418757743774673
    outer loop
      vertex 37.43707275390625 -4.574061393737793 67.16921997070312
      vertex 37.26129150390625 -4.398283004760742 65.91947937011719
      vertex 38.241539001464844 -3.5938167572021484 67.16921997070312
    endloop
  endfacet
  facet normal 0.3925344854666527 -0.7343810630395645 0.5537157501537313
    outer loop
      vertex 35.654510498046875 -4.1777753829956055 71.92988586425781
      vertex 35.05673599243164 -5.296128273010254 70.87040710449219
      vertex 36.04780960083008 -4.766388893127441 70.87040710449219
    endloop
  endfacet
  facet normal -0.0694762637252212 -0.7053999805662596 0.7053962830890903
    outer loop
      vertex 32.05854415893555 -4.044322967529297 72.83090209960938
      vertex 31.882762908935547 -4.928021430969238 71.92988586425781
      vertex 32.863006591796875 -5.024567604064941 71.92988586425781
    endloop
  endfacet
  facet normal 0.09062002208117137 -0.9200776861318586 0.3811103030360806
    outer loop
      vertex 33.981361389160156 -5.622339248657227 70.87040710449219
      vertex 32.863006591796875 -6.220111846923828 69.69318389892578
      vertex 34.07649230957031 -6.100593566894531 69.69318389892578
    endloop
  endfacet
  facet normal 0.054637068953242544 0.5547383511843001 0.8302289758985306
    outer loop
      vertex 33.66747283935547 4.044322967529297 72.83090209960938
      vertex 32.863006591796875 4.123556137084961 72.83090209960938
      vertex 33.46078109741211 3.0052032470703125 73.538818359375
    endloop
  endfacet
  facet normal 0.5282639997544969 0.64368275540071 0.5537234480886022
    outer loop
      vertex 36.13409423828125 4.15745735168457 71.4959716796875
      vertex 35.654510498046875 4.1777753829956055 71.92988586425781
      vertex 36.117801666259766 4.132145404815674 71.54093933105469
    endloop
  endfacet
  facet normal 0.5282701900239395 0.6436894526967498 0.5537097568392938
    outer loop
      vertex 36.04780960083008 4.766388893127441 70.87040710449219
      vertex 36.13409423828125 4.15745735168457 71.4959716796875
      vertex 36.165618896484375 4.175674915313721 71.44471740722656
    endloop
  endfacet
  facet normal 0.5282629130251738 0.6436919400038345 0.5537138079335369
    outer loop
      vertex 36.04780960083008 4.766388893127441 70.87040710449219
      vertex 36.165618896484375 4.175674915313721 71.44471740722656
      vertex 36.51886749267578 4.379802703857422 70.87040710449219
    endloop
  endfacet
  facet normal 0.5282578082610265 0.6436941836330043 0.553716069812225
    outer loop
      vertex 36.13409423828125 4.15745735168457 71.4959716796875
      vertex 36.04780960083008 4.766388893127441 70.87040710449219
      vertex 35.654510498046875 4.1777753829956055 71.92988586425781
    endloop
  endfacet
  facet normal -0.019211623927209966 0.19505430333588164 0.9806042689363703
    outer loop
      vertex 32.863006591796875 1.886850357055664 74.02644348144531
      vertex 32.494903564453125 1.8505945205688477 74.02644348144531
      vertex 32.73871612548828 0.6248693466186523 74.27503204345703
    endloop
  endfacet
  facet normal 0.38240670688338024 0.03765826607514686 0.9232263890979405
    outer loop
      vertex 34.90032196044922 0.3114651143550873 73.951416015625
      vertex 34.74985885620117 0 74.02644348144531
      vertex 34.87702560424805 0 73.97377014160156
    endloop
  endfacet
  facet normal 0.3823991447457753 0.03766263083123368 0.9232293433034772
    outer loop
      vertex 34.74985885620117 0 74.02644348144531
      vertex 34.90032196044922 0.3114651143550873 73.951416015625
      vertex 34.71360397338867 0.3681058883666992 74.02644348144531
    endloop
  endfacet
  facet normal 0.43088228664576783 0.35365319598581724 0.8302227845728708
    outer loop
      vertex 35.191444396972656 2.3284363746643066 73.38591766357422
      vertex 35.029640197753906 2.166630744934082 73.538818359375
      vertex 35.16611099243164 2.1800718307495117 73.46226501464844
    endloop
  endfacet
  facet normal 0.17285493607492494 0.09239197350288746 0.9806043515642664
    outer loop
      vertex 34.43186950683594 1.0482778549194336 74.02644348144531
      vertex 33.39274597167969 0.3539600372314453 74.27503204345703
      vertex 34.606231689453125 0.7220659255981445 74.02644348144531
    endloop
  endfacet
  facet normal 0.33885962510044443 -0.18121451431003488 0.9232201548277443
    outer loop
      vertex 34.903072357177734 -0.8450220227241516 73.89335632324219
      vertex 34.606231689453125 -0.7220659255981445 74.02644348144531
      vertex 34.89997482299805 -0.8779058456420898 73.8880386352539
    endloop
  endfacet
  facet normal 0.33889771138877545 -0.18114280726845328 0.9232202470647803
    outer loop
      vertex 34.43186950683594 -1.0482778549194336 74.02644348144531
      vertex 34.89997482299805 -0.8779058456420898 73.8880386352539
      vertex 34.606231689453125 -0.7220659255981445 74.02644348144531
    endloop
  endfacet
  facet normal 0.3388951705589454 -0.18113360118476196 0.9232229860080733
    outer loop
      vertex 34.89997482299805 -0.8779058456420898 73.8880386352539
      vertex 34.43186950683594 -1.0482778549194336 74.02644348144531
      vertex 34.93605041503906 -1.0979355573654175 73.83162689208984
    endloop
  endfacet
  facet normal 0.18114124364728032 -0.33888909741631273 0.9232237158469627
    outer loop
      vertex 33.911285400390625 -1.5688581466674805 74.02644348144531
      vertex 33.58507537841797 -1.7432222366333008 74.02644348144531
      vertex 34.5653190612793 -2.547687530517578 73.538818359375
    endloop
  endfacet
  facet normal -0.6436895153435759 0.5282629858630364 0.5537165570974212
    outer loop
      vertex 28.809528350830078 4.053481101989746 70.87040710449219
      vertex 28.09661865234375 3.1847991943359375 70.87040710449219
      vertex 28.68523406982422 2.7915000915527344 71.92988586425781
    endloop
  endfacet
  facet normal -0.9387251532891523 0.28475811401606904 0.19418522880041336
    outer loop
      vertex 26.886707305908203 2.4754638671875 68.44344329833984
      vertex 26.51860237121582 1.2619800567626953 68.44344329833984
      vertex 26.762413024902344 1.2134828567504883 69.69318389892578
    endloop
  endfacet
  facet normal -0.29028507626304056 0.9569402146941891 0
    outer loop
      vertex 31.601028442382812 6.3444061279296875 67.16921997070312
      vertex 30.387544631958008 5.976299285888672 68.44344329833984
      vertex 31.601028442382812 6.3444061279296875 68.44344329833984
    endloop
  endfacet
  facet normal -0.29028507626304056 0.9569402146941891 0
    outer loop
      vertex 30.387544631958008 5.976299285888672 68.44344329833984
      vertex 31.601028442382812 6.3444061279296875 67.16921997070312
      vertex 30.387544631958008 5.976299285888672 67.16921997070312
    endloop
  endfacet
  facet normal -0.28475874422833336 0.9387247230076495 0.19418638469190908
    outer loop
      vertex 31.601028442382812 6.3444061279296875 68.44344329833984
      vertex 30.48267364501953 5.746633529663086 69.69318389892578
      vertex 31.649524688720703 6.100593566894531 69.69318389892578
    endloop
  endfacet
  facet normal -0.7730103510640288 0.6343934088149615 0
    outer loop
      vertex 27.484481811523438 3.5938167572021484 67.16921997070312
      vertex 28.28894805908203 4.574061393737793 68.44344329833984
      vertex 28.28894805908203 4.574061393737793 67.16921997070312
    endloop
  endfacet
  facet normal -0.7730103510640288 0.6343934088149615 0
    outer loop
      vertex 28.28894805908203 4.574061393737793 68.44344329833984
      vertex 27.484481811523438 3.5938167572021484 67.16921997070312
      vertex 27.484481811523438 3.5938167572021484 68.44344329833984
    endloop
  endfacet
  facet normal -0.9569406325145269 0.2902836988924752 0
    outer loop
      vertex 26.51860237121582 1.2619800567626953 67.16921997070312
      vertex 26.886707305908203 2.4754638671875 68.44344329833984
      vertex 26.886707305908203 2.4754638671875 67.16921997070312
    endloop
  endfacet
  facet normal -0.9569406325145269 0.2902836988924752 0
    outer loop
      vertex 26.886707305908203 2.4754638671875 68.44344329833984
      vertex 26.51860237121582 1.2619800567626953 67.16921997070312
      vertex 26.51860237121582 1.2619800567626953 68.44344329833984
    endloop
  endfacet
  facet normal -0.5282672830703666 0.6436719449725313 -0.5537328822570785
    outer loop
      vertex 28.869277954101562 3.9937305450439453 64.61579132080078
      vertex 28.809528350830078 4.053481101989746 64.74224853515625
      vertex 29.014421463012695 4.0736613273620605 64.57023620605469
    endloop
  endfacet
  facet normal -0.6223179874218686 0.7582956746197493 -0.19418545873513293
    outer loop
      vertex 28.464725494384766 4.398283004760742 65.91947937011719
      vertex 28.28894805908203 4.574061393737793 67.16921997070312
      vertex 29.26919174194336 5.378527641296387 67.16921997070312
    endloop
  endfacet
  facet normal -0.6223179103051458 0.7582957167363359 -0.19418554141017652
    outer loop
      vertex 29.407299041748047 5.1718339920043945 65.91947937011719
      vertex 28.464725494384766 4.398283004760742 65.91947937011719
      vertex 29.26919174194336 5.378527641296387 67.16921997070312
    endloop
  endfacet
  facet normal -0.8651330852872429 0.46242514949122204 0.1941847724704414
    outer loop
      vertex 27.484481811523438 3.5938167572021484 68.44344329833984
      vertex 26.886707305908203 2.4754638671875 68.44344329833984
      vertex 27.691173553466797 3.4557085037231445 69.69318389892578
    endloop
  endfacet
  facet normal -0.6782916942592978 0.20575751431515976 0.7053965004178133
    outer loop
      vertex 28.22091293334961 1.9228181838989258 71.92988586425781
      vertex 27.934986114501953 0.9802436828613281 71.92988586425781
      vertex 28.81868553161621 0.8044652938842773 72.83090209960938
    endloop
  endfacet
  facet normal -0.06951436811668134 -0.7054116586060012 -0.7053808506956146
    outer loop
      vertex 32.19478988647461 -4.15745735168457 62.88147735595703
      vertex 32.863006591796875 -5.024567604064941 63.68277359008789
      vertex 32.16061019897461 -4.168691158294678 62.896080017089844
    endloop
  endfacet
  facet normal -0.06947949376302494 -0.7053993413440273 -0.705396604172324
    outer loop
      vertex 32.32572937011719 -4.070638656616211 62.781761169433594
      vertex 32.863006591796875 -5.024567604064941 63.68277359008789
      vertex 32.19478988647461 -4.15745735168457 62.88147735595703
    endloop
  endfacet
  facet normal -0.0694760741872833 -0.7053985144776332 -0.7053977678503608
    outer loop
      vertex 32.863006591796875 -5.024567604064941 63.68277359008789
      vertex 32.32572937011719 -4.070638656616211 62.781761169433594
      vertex 32.863006591796875 -4.123556137084961 62.781761169433594
    endloop
  endfacet
  facet normal -0.39253538358757095 0.7343792831974028 -0.5537174740264456
    outer loop
      vertex 30.669281005859375 5.296128273010254 64.74224853515625
      vertex 30.67153549194336 4.5 63.68476867675781
      vertex 30.21628761291504 4.448637008666992 63.93937683105469
    endloop
  endfacet
  facet normal -0.39253508140921467 0.7343793865394941 -0.5537175511837579
    outer loop
      vertex 30.940189361572266 4.642094612121582 63.68277359008789
      vertex 30.67153549194336 4.5 63.68476867675781
      vertex 30.669281005859375 5.296128273010254 64.74224853515625
    endloop
  endfacet
  facet normal -0.39254599150227315 0.7344005159938509 -0.5536817918836259
    outer loop
      vertex 30.67153549194336 4.5 63.68476867675781
      vertex 30.940189361572266 4.642094612121582 63.68277359008789
      vertex 30.67380714416504 4.4997100830078125 63.68277359008789
    endloop
  endfacet
  facet normal 0.08161939644086949 0.828694913534133 -0.5537174499754219
    outer loop
      vertex 33.981361389160156 5.622339248657227 64.74224853515625
      vertex 32.863006591796875 5.024567604064941 63.68277359008789
      vertex 32.863006591796875 5.732487678527832 64.74224853515625
    endloop
  endfacet
  facet normal -0.09615156989156573 0.9762410567328905 -0.19418618580227692
    outer loop
      vertex 32.863006591796875 6.220111846923828 65.91947937011719
      vertex 31.601028442382812 6.3444061279296875 67.16921997070312
      vertex 32.863006591796875 6.468700408935547 67.16921997070312
    endloop
  endfacet
  facet normal 0.3925332371735235 0.7343803018370647 -0.5537176446419022
    outer loop
      vertex 35.654510498046875 4.1777753829956055 63.68277359008789
      vertex 34.78582763671875 4.642094612121582 63.68277359008789
      vertex 35.05673599243164 5.296128273010254 64.74224853515625
    endloop
  endfacet
  facet normal 0.33889172085433833 0.18114052306697642 -0.9232228942348686
    outer loop
      vertex 34.50906753540039 1.055881381034851 61.61604690551758
      vertex 35.41069793701172 1.702310562133789 62.07384490966797
      vertex 35.69384765625 1.172572135925293 62.07384490966797
    endloop
  endfacet
  facet normal 0.33887870968146855 0.18115942641646898 -0.923223961097782
    outer loop
      vertex 35.41069793701172 1.702310562133789 62.07384490966797
      vertex 34.50906753540039 1.055881381034851 61.61604690551758
      vertex 34.49816131591797 1.0925737619400024 61.61924362182617
    endloop
  endfacet
  facet normal 0.09615128193330232 0.9762410840148852 -0.19418619122899652
    outer loop
      vertex 34.1249885559082 6.3444061279296875 67.16921997070312
      vertex 32.863006591796875 6.220111846923828 65.91947937011719
      vertex 32.863006591796875 6.468700408935547 67.16921997070312
    endloop
  endfacet
  facet normal 0.6223162284999395 0.758296482330337 0.19418794151812835
    outer loop
      vertex 36.456825256347656 5.378527641296387 68.44344329833984
      vertex 37.298797607421875 4.435789585113525 69.42652130126953
      vertex 37.43707275390625 4.574061393737793 68.44344329833984
    endloop
  endfacet
  facet normal 0.6223182894502876 0.758295487321665 0.19418522220618828
    outer loop
      vertex 37.298797607421875 4.435789585113525 69.42652130126953
      vertex 36.456825256347656 5.378527641296387 68.44344329833984
      vertex 37.213539123535156 4.456470489501953 69.6189956665039
    endloop
  endfacet
  facet normal 0.2417211651861342 0.7968487314040268 -0.5537174167035482
    outer loop
      vertex 35.05673599243164 5.296128273010254 64.74224853515625
      vertex 33.84325408935547 4.928021430969238 63.68277359008789
      vertex 33.981361389160156 5.622339248657227 64.74224853515625
    endloop
  endfacet
  facet normal 0.26837675973275626 0.8847205430550252 -0.3811082202364149
    outer loop
      vertex 35.05673599243164 5.296128273010254 64.74224853515625
      vertex 33.981361389160156 5.622339248657227 64.74224853515625
      vertex 34.07649230957031 6.100593566894531 65.91947937011719
    endloop
  endfacet
  facet normal 0.4624239568125283 0.865133519108833 0.19418567990511404
    outer loop
      vertex 36.456825256347656 5.378527641296387 68.44344329833984
      vertex 35.33847427368164 5.976299285888672 68.44344329833984
      vertex 36.31871795654297 5.1718339920043945 69.69318389892578
    endloop
  endfacet
  facet normal 0.24172143203097352 0.7968496110744996 0.5537160342877152
    outer loop
      vertex 33.981361389160156 5.622339248657227 70.87040710449219
      vertex 33.84325408935547 4.928021430969238 71.92988586425781
      vertex 35.05673599243164 5.296128273010254 70.87040710449219
    endloop
  endfacet
  facet normal 0.449665021377674 0.5479188622633843 -0.7053979649286028
    outer loop
      vertex 35.778804779052734 2.9157943725585938 62.781761169433594
      vertex 35.153934478759766 3.4286117553710938 62.781761169433594
      vertex 36.415916442871094 3.552906036376953 63.68277359008789
    endloop
  endfacet
  facet normal 0.2627662897107338 0.49160294070922256 -0.8302291404652691
    outer loop
      vertex 35.153934478759766 3.4286117553710938 62.781761169433594
      vertex 34.035579681396484 2.830839157104492 62.07384490966797
      vertex 34.44102478027344 3.80966854095459 62.781761169433594
    endloop
  endfacet
  facet normal 0.6223179103051458 0.7582957167363359 -0.19418554141017652
    outer loop
      vertex 37.26129150390625 4.398283004760742 65.91947937011719
      vertex 36.31871795654297 5.1718339920043945 65.91947937011719
      vertex 36.456825256347656 5.378527641296387 67.16921997070312
    endloop
  endfacet
  facet normal 0.7583052743716473 0.6223054579416909 0.19418812496165497
    outer loop
      vertex 37.37255859375 4.4135332107543945 69.20980834960938
      vertex 37.43707275390625 4.574061393737793 68.44344329833984
      vertex 37.298797607421875 4.435789585113525 69.42652130126953
    endloop
  endfacet
  facet normal 0.7582948346764089 0.6223176558769343 0.19418980119181198
    outer loop
      vertex 37.744407653808594 4.175756931304932 68.51976776123047
      vertex 37.43707275390625 4.574061393737793 68.44344329833984
      vertex 37.37255859375 4.4135332107543945 69.20980834960938
    endloop
  endfacet
  facet normal 0.7583088697866769 0.6223178577794523 0.19413433980531594
    outer loop
      vertex 37.77302169799805 4.15745735168457 68.46665954589844
      vertex 37.43707275390625 4.574061393737793 68.44344329833984
      vertex 37.744407653808594 4.175756931304932 68.51976776123047
    endloop
  endfacet
  facet normal 0.7582903591867667 0.6223086105566639 0.19423625920882762
    outer loop
      vertex 37.43707275390625 4.574061393737793 68.44344329833984
      vertex 37.77302169799805 4.15745735168457 68.46665954589844
      vertex 37.79183578491211 4.141778469085693 68.44344329833984
    endloop
  endfacet
  facet normal 0.054637894788376065 0.5547385551568089 -0.8302287852608041
    outer loop
      vertex 32.88808059692383 3.741612434387207 62.52820587158203
      vertex 32.863006591796875 4.123556137084961 62.781761169433594
      vertex 33.248653411865234 3.402064800262451 62.32505798339844
    endloop
  endfacet
  facet normal 0.05455897267066024 0.5547373528538003 -0.8302347787522999
    outer loop
      vertex 32.863006591796875 4.123556137084961 62.781761169433594
      vertex 32.88808059692383 3.741612434387207 62.52820587158203
      vertex 32.863006591796875 3.75533127784729 62.53572463989258
    endloop
  endfacet
  facet normal -0.19505409454500008 -0.019210428505724818 0.9806043338869437
    outer loop
      vertex 32.22589874267578 0 74.27503204345703
      vertex 30.976158142089844 0 74.02644348144531
      vertex 32.23814010620117 -0.12429332733154297 74.27503204345703
    endloop
  endfacet
  facet normal -0.4308934235972228 0.35362534417150715 0.8302288681202595
    outer loop
      vertex 29.947214126586914 2.9157943725585938 72.83090209960938
      vertex 29.434396743774414 2.2909250259399414 72.83090209960938
      vertex 30.69637680053711 2.166630744934082 73.538818359375
    endloop
  endfacet
  facet normal -0.6782908721168901 0.2057583858604747 0.7053970367466824
    outer loop
      vertex 29.053340911865234 1.5780162811279297 72.83090209960938
      vertex 28.22091293334961 1.9228181838989258 71.92988586425781
      vertex 28.81868553161621 0.8044652938842773 72.83090209960938
    endloop
  endfacet
  facet normal -0.38241288662406986 -0.03766398427382435 0.9232235961198497
    outer loop
      vertex 30.976158142089844 0 74.02644348144531
      vertex 29.857805252075195 -0.5977716445922852 73.538818359375
      vertex 31.012413024902344 -0.3681058883666992 74.02644348144531
    endloop
  endfacet
  facet normal -0.19505414234496912 -0.019210953413939708 0.9806043140956477
    outer loop
      vertex 32.23814010620117 -0.12429332733154297 74.27503204345703
      vertex 30.976158142089844 0 74.02644348144531
      vertex 31.012413024902344 -0.3681058883666992 74.02644348144531
    endloop
  endfacet
  facet normal 0.2847590029489316 0.9387246951726865 0.19418613985678068
    outer loop
      vertex 35.33847427368164 5.976299285888672 68.44344329833984
      vertex 34.1249885559082 6.3444061279296875 68.44344329833984
      vertex 35.243343353271484 5.746633529663086 69.69318389892578
    endloop
  endfacet
  facet normal -0.09062030381951613 0.9200776543077086 0.38111031287447905
    outer loop
      vertex 32.863006591796875 6.220111846923828 69.69318389892578
      vertex 31.649524688720703 6.100593566894531 69.69318389892578
      vertex 31.74465560913086 5.622339248657227 70.87040710449219
    endloop
  endfacet
  facet normal -0.4624233601255827 0.8651338782712885 0.19418550068798998
    outer loop
      vertex 30.387544631958008 5.976299285888672 68.44344329833984
      vertex 29.26919174194336 5.378527641296387 68.44344329833984
      vertex 30.48267364501953 5.746633529663086 69.69318389892578
    endloop
  endfacet
  facet normal -0.6223179103051458 0.7582957167363359 0.19418554141017652
    outer loop
      vertex 29.26919174194336 5.378527641296387 68.44344329833984
      vertex 28.464725494384766 4.398283004760742 69.69318389892578
      vertex 29.407299041748047 5.1718339920043945 69.69318389892578
    endloop
  endfacet
  facet normal -0.46242350039468255 -0.8651337652529922 -0.19418567017653382
    outer loop
      vertex 30.48267364501953 -5.746633529663086 65.91947937011719
      vertex 29.26919174194336 -5.378527641296387 67.16921997070312
      vertex 29.407299041748047 -5.1718339920043945 65.91947937011719
    endloop
  endfacet
  facet normal -0.8651330852872429 -0.46242514949122204 -0.1941847724704414
    outer loop
      vertex 27.484481811523438 -3.5938167572021484 67.16921997070312
      vertex 26.886707305908203 -2.4754638671875 67.16921997070312
      vertex 27.691173553466797 -3.4557085037231445 65.91947937011719
    endloop
  endfacet
  facet normal -0.9951847194255318 0.09801721390615788 0
    outer loop
      vertex 26.39430809020996 0 67.16921997070312
      vertex 26.51860237121582 1.2619800567626953 68.44344329833984
      vertex 26.51860237121582 1.2619800567626953 67.16921997070312
    endloop
  endfacet
  facet normal -0.9951847194255318 0.09801721390615788 0
    outer loop
      vertex 26.51860237121582 1.2619800567626953 68.44344329833984
      vertex 26.39430809020996 0 67.16921997070312
      vertex 26.39430809020996 0 68.44344329833984
    endloop
  endfacet
  facet normal -0.09801736062570891 -0.9951847049748955 0
    outer loop
      vertex 31.601028442382812 -6.3444061279296875 67.16921997070312
      vertex 32.863006591796875 -6.468700408935547 68.44344329833984
      vertex 31.601028442382812 -6.3444061279296875 68.44344329833984
    endloop
  endfacet
  facet normal -0.09801736062570891 -0.9951847049748955 0
    outer loop
      vertex 32.863006591796875 -6.468700408935547 68.44344329833984
      vertex 31.601028442382812 -6.3444061279296875 67.16921997070312
      vertex 32.863006591796875 -6.468700408935547 67.16921997070312
    endloop
  endfacet
  facet normal 0.29028465844246765 -0.9569403414387649 0
    outer loop
      vertex 34.1249885559082 -6.3444061279296875 67.16921997070312
      vertex 35.33847427368164 -5.976299285888672 68.44344329833984
      vertex 34.1249885559082 -6.3444061279296875 68.44344329833984
    endloop
  endfacet
  facet normal 0.29028465844246765 -0.9569403414387649 0
    outer loop
      vertex 35.33847427368164 -5.976299285888672 68.44344329833984
      vertex 34.1249885559082 -6.3444061279296875 67.16921997070312
      vertex 35.33847427368164 -5.976299285888672 67.16921997070312
    endloop
  endfacet
  facet normal 0.2627668662750514 -0.49160217962430985 -0.8302294086435489
    outer loop
      vertex 35.153934478759766 -3.4286117553710938 62.781761169433594
      vertex 34.035579681396484 -2.830839157104492 62.07384490966797
      vertex 34.5653190612793 -2.547687530517578 62.07384490966797
    endloop
  endfacet
  facet normal 0.9762422225687872 0.09614439131493484 -0.19418387907505402
    outer loop
      vertex 39.02991485595703 0.8779058456420898 66.08670043945312
      vertex 38.96360397338867 1.2134828567504883 65.91947937011719
      vertex 39.01823425292969 1.2243497371673584 66.19950866699219
    endloop
  endfacet
  facet normal 0.9762461831740677 0.09615074245502356 -0.19416082139147509
    outer loop
      vertex 39.08312225341797 0 65.91947937011719
      vertex 39.02991485595703 0.8779058456420898 66.08670043945312
      vertex 39.094749450683594 0.11807844787836075 66.03641510009766
    endloop
  endfacet
  facet normal 0.976244399928252 0.0961522043089306 -0.194169063486594
    outer loop
      vertex 39.02991485595703 0.8779058456420898 66.08670043945312
      vertex 39.08312225341797 0 65.91947937011719
      vertex 38.96360397338867 1.2134828567504883 65.91947937011719
    endloop
  endfacet
  facet normal -0.43582083467476546 -0.8153626337343767 -0.38110887627177026
    outer loop
      vertex 30.669281005859375 -5.296128273010254 64.74224853515625
      vertex 29.407299041748047 -5.1718339920043945 65.91947937011719
      vertex 29.67820930480957 -4.766388893127441 64.74224853515625
    endloop
  endfacet
  facet normal -0.6343937776184839 -0.7730100483945531 0
    outer loop
      vertex 28.28894805908203 -4.574061393737793 67.16921997070312
      vertex 29.26919174194336 -5.378527641296387 68.44344329833984
      vertex 28.28894805908203 -4.574061393737793 68.44344329833984
    endloop
  endfacet
  facet normal -0.6343937776184839 -0.7730100483945531 0
    outer loop
      vertex 29.26919174194336 -5.378527641296387 68.44344329833984
      vertex 28.28894805908203 -4.574061393737793 67.16921997070312
      vertex 29.26919174194336 -5.378527641296387 67.16921997070312
    endloop
  endfacet
  facet normal -0.4624233601255827 -0.8651338782712885 0.19418550068798998
    outer loop
      vertex 30.48267364501953 -5.746633529663086 69.69318389892578
      vertex 29.26919174194336 -5.378527641296387 68.44344329833984
      vertex 30.387544631958008 -5.976299285888672 68.44344329833984
    endloop
  endfacet
  facet normal -0.4624233601255827 -0.8651338782712885 -0.19418550068798998
    outer loop
      vertex 30.387544631958008 -5.976299285888672 67.16921997070312
      vertex 29.26919174194336 -5.378527641296387 67.16921997070312
      vertex 30.48267364501953 -5.746633529663086 65.91947937011719
    endloop
  endfacet
  facet normal -0.7146705752389423 -0.5865157082489759 0.3811106045032617
    outer loop
      vertex 28.09661865234375 -3.1847991943359375 70.87040710449219
      vertex 27.691173553466797 -3.4557085037231445 69.69318389892578
      vertex 28.809528350830078 -4.053481101989746 70.87040710449219
    endloop
  endfacet
  facet normal -0.44966630821895365 -0.5479203006480952 0.7053960273423988
    outer loop
      vertex 30.57208251953125 -3.4286117553710938 72.83090209960938
      vertex 29.310102462768555 -3.552906036376953 71.92988586425781
      vertex 30.071508407592773 -4.1777753829956055 71.92988586425781
    endloop
  endfacet
  facet normal -0.43582048657959016 -0.8153630129246945 -0.3811084630809104
    outer loop
      vertex 30.48267364501953 -5.746633529663086 65.91947937011719
      vertex 29.407299041748047 -5.1718339920043945 65.91947937011719
      vertex 30.669281005859375 -5.296128273010254 64.74224853515625
    endloop
  endfacet
  facet normal -0.3925343723235161 -0.7343794380271381 -0.5537179855734576
    outer loop
      vertex 29.913360595703125 -4.414459705352783 64.10879516601562
      vertex 30.669281005859375 -5.296128273010254 64.74224853515625
      vertex 29.67820930480957 -4.766388893127441 64.74224853515625
    endloop
  endfacet
  facet normal -0.3925205182163371 -0.7343769688081769 -0.5537310813592572
    outer loop
      vertex 29.95606231689453 -4.419277667999268 64.08491516113281
      vertex 30.669281005859375 -5.296128273010254 64.74224853515625
      vertex 29.913360595703125 -4.414459705352783 64.10879516601562
    endloop
  endfacet
  facet normal -0.392536435108545 -0.7343792193188552 -0.5537168133124583
    outer loop
      vertex 30.669281005859375 -5.296128273010254 64.74224853515625
      vertex 29.95606231689453 -4.419277667999268 64.08491516113281
      vertex 30.21628761291504 -4.448637008666992 63.93937683105469
    endloop
  endfacet
  facet normal -0.6223179874218686 -0.7582956746197493 -0.19418545873513293
    outer loop
      vertex 29.26919174194336 -5.378527641296387 67.16921997070312
      vertex 28.28894805908203 -4.574061393737793 67.16921997070312
      vertex 28.464725494384766 -4.398283004760742 65.91947937011719
    endloop
  endfacet
  facet normal -0.5865155947392878 -0.714671564395299 -0.38110892428857607
    outer loop
      vertex 29.407299041748047 -5.1718339920043945 65.91947937011719
      vertex 28.809528350830078 -4.053481101989746 64.74224853515625
      vertex 29.67820930480957 -4.766388893127441 64.74224853515625
    endloop
  endfacet
  facet normal 0.19505414234496912 -0.019210953413939708 0.9806043140956477
    outer loop
      vertex 34.74985885620117 0 74.02644348144531
      vertex 33.487876892089844 -0.12429332733154297 74.27503204345703
      vertex 34.71360397338867 -0.3681058883666992 74.02644348144531
    endloop
  endfacet
  facet normal -0.24172180563035453 -0.796849280267955 0.5537163472566468
    outer loop
      vertex 30.940189361572266 -4.642094612121582 71.92988586425781
      vertex 30.669281005859375 -5.296128273010254 70.87040710449219
      vertex 31.882762908935547 -4.928021430969238 71.92988586425781
    endloop
  endfacet
  facet normal -0.11154620300132337 -0.36771676752112636 0.9232236042691941
    outer loop
      vertex 32.14094161987305 -1.7432222366333008 74.02644348144531
      vertex 31.69043731689453 -2.830839157104492 73.538818359375
      vertex 32.265235900878906 -3.0052032470703125 73.538818359375
    endloop
  endfacet
  facet normal -0.33413117054205854 -0.6251177280080948 0.7053964750423632
    outer loop
      vertex 31.284992218017578 -3.80966854095459 72.83090209960938
      vertex 30.57208251953125 -3.4286117553710938 72.83090209960938
      vertex 30.940189361572266 -4.642094612121582 71.92988586425781
    endloop
  endfacet
  facet normal -0.36771699481873393 -0.11154590180993625 0.9232235501279673
    outer loop
      vertex 31.11978530883789 -0.7220659255981445 74.02644348144531
      vertex 29.857805252075195 -0.5977716445922852 73.538818359375
      vertex 30.032169342041016 -1.172572135925293 73.538818359375
    endloop
  endfacet
  facet normal 0.09615128193330232 -0.9762410840148852 0.19418619122899652
    outer loop
      vertex 32.863006591796875 -6.220111846923828 69.69318389892578
      vertex 32.863006591796875 -6.468700408935547 68.44344329833984
      vertex 34.1249885559082 -6.3444061279296875 68.44344329833984
    endloop
  endfacet
  facet normal 0.39253367050568433 -0.7343811125470198 0.5537162622260033
    outer loop
      vertex 35.654510498046875 -4.1777753829956055 71.92988586425781
      vertex 34.78582763671875 -4.642094612121582 71.92988586425781
      vertex 35.05673599243164 -5.296128273010254 70.87040710449219
    endloop
  endfacet
  facet normal -0.7968499123097108 -0.24172081673927773 0.5537158693832991
    outer loop
      vertex 27.934986114501953 -0.9802436828613281 71.92988586425781
      vertex 27.24066925048828 -1.1183528900146484 70.87040710449219
      vertex 27.566879272460938 -2.193727493286133 70.87040710449219
    endloop
  endfacet
  facet normal -0.8286959988493575 -0.08161993670296885 0.5537157460499649
    outer loop
      vertex 27.83843994140625 0 71.92988586425781
      vertex 27.24066925048828 -1.1183528900146484 70.87040710449219
      vertex 27.934986114501953 -0.9802436828613281 71.92988586425781
    endloop
  endfacet
  facet normal -0.5547382727125345 -0.05463712599535862 0.8302290245774843
    outer loop
      vertex 29.857805252075195 -0.5977716445922852 73.538818359375
      vertex 28.739452362060547 0 72.83090209960938
      vertex 28.81868553161621 -0.8044652938842773 72.83090209960938
    endloop
  endfacet
  facet normal -0.554737798002061 -0.05463575542447418 0.8302294319626483
    outer loop
      vertex 29.798931121826172 0 73.538818359375
      vertex 28.739452362060547 0 72.83090209960938
      vertex 29.857805252075195 -0.5977716445922852 73.538818359375
    endloop
  endfacet
  facet normal -0.8847195079241219 0.2683756611338771 0.3811113968506502
    outer loop
      vertex 27.566879272460938 2.193727493286133 70.87040710449219
      vertex 26.762413024902344 1.2134828567504883 69.69318389892578
      vertex 27.24066925048828 1.1183528900146484 70.87040710449219
    endloop
  endfacet
  facet normal -0.7968499123097108 0.24172081673927773 0.5537158693832991
    outer loop
      vertex 27.566879272460938 2.193727493286133 70.87040710449219
      vertex 27.24066925048828 1.1183528900146484 70.87040710449219
      vertex 27.934986114501953 0.9802436828613281 71.92988586425781
    endloop
  endfacet
  facet normal -0.9200779835517554 0.09061881885329012 0.38110987110408234
    outer loop
      vertex 26.762413024902344 1.2134828567504883 69.69318389892578
      vertex 26.64289665222168 0 69.69318389892578
      vertex 27.13051986694336 0 70.87040710449219
    endloop
  endfacet
  facet normal -0.9200779835517554 -0.09061881885329012 0.38110987110408234
    outer loop
      vertex 27.13051986694336 0 70.87040710449219
      vertex 26.64289665222168 0 69.69318389892578
      vertex 26.762413024902344 -1.2134828567504883 69.69318389892578
    endloop
  endfacet
  facet normal 0.5547378516484222 -0.05463399067014098 -0.8302295122506476
    outer loop
      vertex 36.98656463623047 0 62.781761169433594
      vertex 35.86821365356445 -0.5977716445922852 62.07384490966797
      vertex 35.927085876464844 0 62.07384490966797
    endloop
  endfacet
  facet normal 0.3824130572950283 -0.03766400108326911 -0.9232235247396314
    outer loop
      vertex 35.927085876464844 0 62.07384490966797
      vertex 34.71360397338867 -0.3681058883666992 61.586219787597656
      vertex 34.74985885620117 0 61.586219787597656
    endloop
  endfacet
  facet normal 0.7343806216071642 0.39253222656700093 -0.5537179369626992
    outer loop
      vertex 37.505104064941406 1.9228181838989258 63.68277359008789
      vertex 37.04078674316406 2.7915000915527344 63.68277359008789
      vertex 38.15913772583008 2.193727493286133 64.74224853515625
    endloop
  endfacet
  facet normal 0.5334195573943831 0.1618132334569461 -0.8302289161835958
    outer loop
      vertex 36.90733337402344 0.8044652938842773 62.781761169433594
      vertex 35.86821365356445 0.5977716445922852 62.07384490966797
      vertex 36.67267608642578 1.5780162811279297 62.781761169433594
    endloop
  endfacet
  facet normal -0.08161981952844141 0.8286948091637737 -0.5537175438119704
    outer loop
      vertex 31.882762908935547 4.928021430969238 63.68277359008789
      vertex 31.74465560913086 5.622339248657227 64.74224853515625
      vertex 32.863006591796875 5.024567604064941 63.68277359008789
    endloop
  endfacet
  facet normal 0.7968490326394294 0.2417205498952766 -0.5537172517990845
    outer loop
      vertex 38.485347747802734 1.1183528900146484 64.74224853515625
      vertex 37.79103088378906 0.9802436828613281 63.68277359008789
      vertex 38.15913772583008 2.193727493286133 64.74224853515625
    endloop
  endfacet
  facet normal 0.884720340717238 -0.26837591375790215 -0.3811092856855961
    outer loop
      vertex 38.96360397338867 -1.2134828567504883 65.91947937011719
      vertex 38.15913772583008 -2.193727493286133 64.74224853515625
      vertex 38.485347747802734 -1.1183528900146484 64.74224853515625
    endloop
  endfacet
  facet normal 0.47139709898439597 -0.8819210707705625 0
    outer loop
      vertex 35.33847427368164 -5.976299285888672 67.16921997070312
      vertex 36.456825256347656 -5.378527641296387 68.44344329833984
      vertex 35.33847427368164 -5.976299285888672 68.44344329833984
    endloop
  endfacet
  facet normal 0.47139709898439597 -0.8819210707705625 0
    outer loop
      vertex 36.456825256347656 -5.378527641296387 68.44344329833984
      vertex 35.33847427368164 -5.976299285888672 67.16921997070312
      vertex 36.456825256347656 -5.378527641296387 67.16921997070312
    endloop
  endfacet
  facet normal 0.7146712302195823 -0.5865163089453644 -0.38110845180543346
    outer loop
      vertex 37.26129150390625 -4.398283004760742 65.91947937011719
      vertex 36.91648864746094 -4.053481101989746 64.74224853515625
      vertex 38.03484344482422 -3.4557085037231445 65.91947937011719
    endloop
  endfacet
  facet normal 0.2847590029489316 -0.9387246951726865 -0.19418613985678068
    outer loop
      vertex 35.33847427368164 -5.976299285888672 67.16921997070312
      vertex 34.1249885559082 -6.3444061279296875 67.16921997070312
      vertex 35.243343353271484 -5.746633529663086 65.91947937011719
    endloop
  endfacet
  facet normal 0.5282629415969773 -0.6436890635527401 -0.5537171245301207
    outer loop
      vertex 36.04780960083008 -4.766388893127441 64.74224853515625
      vertex 35.654510498046875 -4.1777753829956055 63.68277359008789
      vertex 36.91648864746094 -4.053481101989746 64.74224853515625
    endloop
  endfacet
  facet normal 0.9387237209609036 -0.28476131477830924 -0.19418745920126831
    outer loop
      vertex 38.7453498840332 -2.436544418334961 66.6579360961914
      vertex 38.609642028808594 -2.3803329467773438 65.91947937011719
      vertex 38.84455490112305 -1.9408453702926636 66.41059875488281
    endloop
  endfacet
  facet normal 0.24172143203097352 -0.7968496110744996 0.5537160342877152
    outer loop
      vertex 35.05673599243164 -5.296128273010254 70.87040710449219
      vertex 33.84325408935547 -4.928021430969238 71.92988586425781
      vertex 33.981361389160156 -5.622339248657227 70.87040710449219
    endloop
  endfacet
  facet normal -0.0906201234764501 -0.9200776103504757 0.38111046187801123
    outer loop
      vertex 32.863006591796875 -5.732487678527832 70.87040710449219
      vertex 31.74465560913086 -5.622339248657227 70.87040710449219
      vertex 32.863006591796875 -6.220111846923828 69.69318389892578
    endloop
  endfacet
  facet normal -0.06947630520977911 -0.7053999963488731 0.7053962632204736
    outer loop
      vertex 32.863006591796875 -4.123556137084961 72.83090209960938
      vertex 32.05854415893555 -4.044322967529297 72.83090209960938
      vertex 32.863006591796875 -5.024567604064941 71.92988586425781
    endloop
  endfacet
  facet normal -0.09062030381951613 -0.9200776543077086 0.38111031287447905
    outer loop
      vertex 31.74465560913086 -5.622339248657227 70.87040710449219
      vertex 31.649524688720703 -6.100593566894531 69.69318389892578
      vertex 32.863006591796875 -6.220111846923828 69.69318389892578
    endloop
  endfacet
  facet normal -0.0906201234764501 0.9200776103504757 0.38111046187801123
    outer loop
      vertex 32.863006591796875 6.220111846923828 69.69318389892578
      vertex 31.74465560913086 5.622339248657227 70.87040710449219
      vertex 32.863006591796875 5.732487678527832 70.87040710449219
    endloop
  endfacet
  facet normal 0.06947597735042169 0.7054000124946933 0.7053962793662084
    outer loop
      vertex 32.863006591796875 5.024567604064941 71.92988586425781
      vertex 32.863006591796875 4.123556137084961 72.83090209960938
      vertex 33.66747283935547 4.044322967529297 72.83090209960938
    endloop
  endfacet
  facet normal 0.29704416001433964 0.24378071195582965 0.9232203049541774
    outer loop
      vertex 35.029640197753906 2.166630744934082 73.538818359375
      vertex 35.039337158203125 1.7778451442718506 73.63835906982422
      vertex 35.14070510864258 2.031299352645874 73.538818359375
    endloop
  endfacet
  facet normal 0.29681100134545363 0.24379324774796804 0.9232919808125741
    outer loop
      vertex 35.029640197753906 2.166630744934082 73.538818359375
      vertex 35.017032623291016 1.7220745086669922 73.6602554321289
      vertex 35.039337158203125 1.7778451442718506 73.63835906982422
    endloop
  endfacet
  facet normal 0.29705084674020116 0.24376724974385539 0.923221708152081
    outer loop
      vertex 34.43186950683594 1.0482778549194336 74.02644348144531
      vertex 35.017032623291016 1.7220745086669922 73.6602554321289
      vertex 35.029640197753906 2.166630744934082 73.538818359375
    endloop
  endfacet
  facet normal 0.29701720906792695 0.24379794002062583 0.9232244266478215
    outer loop
      vertex 35.017032623291016 1.7220745086669922 73.6602554321289
      vertex 34.43186950683594 1.0482778549194336 74.02644348144531
      vertex 34.98893737792969 1.4204989671707153 73.74893188476562
    endloop
  endfacet
  facet normal 0.17285449277815207 0.09239339705237272 0.9806042955787673
    outer loop
      vertex 34.606231689453125 0.7220659255981445 74.02644348144531
      vertex 33.39274597167969 0.3539600372314453 74.27503204345703
      vertex 33.451622009277344 0.24381160736083984 74.27503204345703
    endloop
  endfacet
  facet normal -0.03766425052920751 0.38241278927207417 0.923223625582245
    outer loop
      vertex 32.863006591796875 3.0640783309936523 73.538818359375
      vertex 32.265235900878906 3.0052032470703125 73.538818359375
      vertex 32.863006591796875 1.886850357055664 74.02644348144531
    endloop
  endfacet
  facet normal -0.03766521378736428 0.38241233865118274 0.9232237729378968
    outer loop
      vertex 32.863006591796875 1.886850357055664 74.02644348144531
      vertex 32.265235900878906 3.0052032470703125 73.538818359375
      vertex 32.494903564453125 1.8505945205688477 74.02644348144531
    endloop
  endfacet
  facet normal 0.18755830811350488 0.05689502145708597 0.9806043226454783
    outer loop
      vertex 34.606231689453125 0.7220659255981445 74.02644348144531
      vertex 33.487876892089844 0.12429332733154297 74.27503204345703
      vertex 34.71360397338867 0.3681058883666992 74.02644348144531
    endloop
  endfacet
  facet normal -0.19505414234496912 0.019210953413939708 0.9806043140956477
    outer loop
      vertex 31.012413024902344 0.3681058883666992 74.02644348144531
      vertex 30.976158142089844 0 74.02644348144531
      vertex 32.23814010620117 0.12429332733154297 74.27503204345703
    endloop
  endfacet
  facet normal -0.24377343429375903 -0.29703955251823866 0.9232237090610221
    outer loop
      vertex 31.528804779052734 -1.3342046737670898 74.02644348144531
      vertex 31.16069793701172 -2.547687530517578 73.538818359375
      vertex 31.81473159790039 -1.5688581466674805 74.02644348144531
    endloop
  endfacet
  facet normal 0.037664010515801934 -0.38241279273395706 0.9232236339399469
    outer loop
      vertex 32.863006591796875 -1.886850357055664 74.02644348144531
      vertex 32.863006591796875 -3.0640783309936523 73.538818359375
      vertex 33.46078109741211 -3.0052032470703125 73.538818359375
    endloop
  endfacet
  facet normal -0.17285449277815207 0.09239339705237272 0.9806042955787673
    outer loop
      vertex 32.33327102661133 0.3539600372314453 74.27503204345703
      vertex 31.11978530883789 0.7220659255981445 74.02644348144531
      vertex 32.27439498901367 0.24381160736083984 74.27503204345703
    endloop
  endfacet
  facet normal -0.4496667558523612 0.5479193032594468 0.7053965167172968
    outer loop
      vertex 30.57208251953125 3.4286117553710938 72.83090209960938
      vertex 29.310102462768555 3.552906036376953 71.92988586425781
      vertex 29.947214126586914 2.9157943725585938 72.83090209960938
    endloop
  endfacet
  facet normal -0.4358200763406508 0.8153622454214038 0.3811105742429564
    outer loop
      vertex 30.48267364501953 5.746633529663086 69.69318389892578
      vertex 29.407299041748047 5.1718339920043945 69.69318389892578
      vertex 30.669281005859375 5.296128273010254 70.87040710449219
    endloop
  endfacet
  facet normal -0.3341320746214184 0.6251177016374018 0.7053960701682136
    outer loop
      vertex 30.940189361572266 4.642094612121582 71.92988586425781
      vertex 30.071508407592773 4.1777753829956055 71.92988586425781
      vertex 30.57208251953125 3.4286117553710938 72.83090209960938
    endloop
  endfacet
  facet normal -0.284759436386083 0.9387246485402229 0.19418572968196016
    outer loop
      vertex 31.601028442382812 6.3444061279296875 68.44344329833984
      vertex 30.387544631958008 5.976299285888672 68.44344329833984
      vertex 30.48267364501953 5.746633529663086 69.69318389892578
    endloop
  endfacet
  facet normal -0.09615193989921525 0.9762409481191046 -0.194186548630768
    outer loop
      vertex 31.649524688720703 6.100593566894531 65.91947937011719
      vertex 31.601028442382812 6.3444061279296875 67.16921997070312
      vertex 32.863006591796875 6.220111846923828 65.91947937011719
    endloop
  endfacet
  facet normal -0.9762412699063614 -0.09615144556446464 -0.19418517566353694
    outer loop
      vertex 26.51860237121582 -1.2619800567626953 67.16921997070312
      vertex 26.39430809020996 0 67.16921997070312
      vertex 26.762413024902344 -1.2134828567504883 65.91947937011719
    endloop
  endfacet
  facet normal -0.7146705752389423 0.5865157082489759 0.3811106045032617
    outer loop
      vertex 28.809528350830078 4.053481101989746 70.87040710449219
      vertex 27.691173553466797 3.4557085037231445 69.69318389892578
      vertex 28.09661865234375 3.1847991943359375 70.87040710449219
    endloop
  endfacet
  facet normal -0.8819204670377007 0.47139822848628116 0
    outer loop
      vertex 26.886707305908203 2.4754638671875 67.16921997070312
      vertex 27.484481811523438 3.5938167572021484 68.44344329833984
      vertex 27.484481811523438 3.5938167572021484 67.16921997070312
    endloop
  endfacet
  facet normal -0.8819204670377007 0.47139822848628116 0
    outer loop
      vertex 27.484481811523438 3.5938167572021484 68.44344329833984
      vertex 26.886707305908203 2.4754638671875 67.16921997070312
      vertex 26.886707305908203 2.4754638671875 68.44344329833984
    endloop
  endfacet
  facet normal -0.3341325761950641 0.6251119176686868 -0.7054009582597877
    outer loop
      vertex 31.015220642089844 4.460953712463379 63.48670959472656
      vertex 30.889568328857422 4.475217342376709 63.558868408203125
      vertex 30.940189361572266 4.642094612121582 63.68277359008789
    endloop
  endfacet
  facet normal -0.8286957711477702 -0.08162032677987262 0.5537160293310545
    outer loop
      vertex 27.83843994140625 0 71.92988586425781
      vertex 27.13051986694336 0 70.87040710449219
      vertex 27.24066925048828 -1.1183528900146484 70.87040710449219
    endloop
  endfacet
  facet normal -0.8153619759408872 0.4358204830764756 0.3811106856554398
    outer loop
      vertex 27.691173553466797 3.4557085037231445 69.69318389892578
      vertex 27.566879272460938 2.193727493286133 70.87040710449219
      vertex 28.09661865234375 3.1847991943359375 70.87040710449219
    endloop
  endfacet
  facet normal -0.09062038912060333 0.9200785203787867 -0.38110820171338883
    outer loop
      vertex 31.74465560913086 5.622339248657227 64.74224853515625
      vertex 31.649524688720703 6.100593566894531 65.91947937011719
      vertex 32.863006591796875 6.220111846923828 65.91947937011719
    endloop
  endfacet
  facet normal -0.26837677202732796 0.8847205435806716 -0.38110821035830805
    outer loop
      vertex 30.669281005859375 5.296128273010254 64.74224853515625
      vertex 30.48267364501953 5.746633529663086 65.91947937011719
      vertex 31.649524688720703 6.100593566894531 65.91947937011719
    endloop
  endfacet
  facet normal -0.09062020877743425 0.9200784764221897 -0.38110835071637617
    outer loop
      vertex 32.863006591796875 5.732487678527832 64.74224853515625
      vertex 31.74465560913086 5.622339248657227 64.74224853515625
      vertex 32.863006591796875 6.220111846923828 65.91947937011719
    endloop
  endfacet
  facet normal 0.09061990221115057 0.9200785021945822 -0.381108361391633
    outer loop
      vertex 33.981361389160156 5.622339248657227 64.74224853515625
      vertex 32.863006591796875 5.732487678527832 64.74224853515625
      vertex 32.863006591796875 6.220111846923828 65.91947937011719
    endloop
  endfacet
  facet normal 0.33413046663971757 0.6251164110946462 -0.705397975502676
    outer loop
      vertex 35.153934478759766 3.4286117553710938 62.781761169433594
      vertex 34.44102478027344 3.80966854095459 62.781761169433594
      vertex 34.78582763671875 4.642094612121582 63.68277359008789
    endloop
  endfacet
  facet normal 0.3341306483347349 0.6251164057952228 -0.7053978941342767
    outer loop
      vertex 35.153934478759766 3.4286117553710938 62.781761169433594
      vertex 34.78582763671875 4.642094612121582 63.68277359008789
      vertex 35.654510498046875 4.1777753829956055 63.68277359008789
    endloop
  endfacet
  facet normal 0.7146712302195823 0.5865163089453644 -0.38110845180543346
    outer loop
      vertex 38.03484344482422 3.4557085037231445 65.91947937011719
      vertex 36.91648864746094 4.053481101989746 64.74224853515625
      vertex 37.26129150390625 4.398283004760742 65.91947937011719
    endloop
  endfacet
  facet normal -0.09801736062570891 0.9951847049748955 0
    outer loop
      vertex 32.863006591796875 6.468700408935547 67.16921997070312
      vertex 31.601028442382812 6.3444061279296875 68.44344329833984
      vertex 32.863006591796875 6.468700408935547 68.44344329833984
    endloop
  endfacet
  facet normal -0.09801736062570891 0.9951847049748955 0
    outer loop
      vertex 31.601028442382812 6.3444061279296875 68.44344329833984
      vertex 32.863006591796875 6.468700408935547 67.16921997070312
      vertex 31.601028442382812 6.3444061279296875 67.16921997070312
    endloop
  endfacet
  facet normal 0.2683765071093474 0.8847197102663751 0.3811103313975727
    outer loop
      vertex 34.07649230957031 6.100593566894531 69.69318389892578
      vertex 33.981361389160156 5.622339248657227 70.87040710449219
      vertex 35.05673599243164 5.296128273010254 70.87040710449219
    endloop
  endfacet
  facet normal -0.09615156989156573 0.9762410567328905 0.19418618580227692
    outer loop
      vertex 32.863006591796875 6.468700408935547 68.44344329833984
      vertex 31.601028442382812 6.3444061279296875 68.44344329833984
      vertex 32.863006591796875 6.220111846923828 69.69318389892578
    endloop
  endfacet
  facet normal 0.26837677202732796 0.8847205435806716 -0.38110821035830805
    outer loop
      vertex 35.05673599243164 5.296128273010254 64.74224853515625
      vertex 34.07649230957031 6.100593566894531 65.91947937011719
      vertex 35.243343353271484 5.746633529663086 65.91947937011719
    endloop
  endfacet
  facet normal 0.43582048657959016 0.8153630129246945 -0.3811084630809104
    outer loop
      vertex 36.31871795654297 5.1718339920043945 65.91947937011719
      vertex 35.05673599243164 5.296128273010254 64.74224853515625
      vertex 35.243343353271484 5.746633529663086 65.91947937011719
    endloop
  endfacet
  facet normal 0.5865165857058946 0.7146712026966421 -0.38110807748988385
    outer loop
      vertex 36.91648864746094 4.053481101989746 64.74224853515625
      vertex 36.04780960083008 4.766388893127441 64.74224853515625
      vertex 36.31871795654297 5.1718339920043945 65.91947937011719
    endloop
  endfacet
  facet normal 0.24172153878480115 0.7968484005968529 -0.55371772967257
    outer loop
      vertex 34.78582763671875 4.642094612121582 63.68277359008789
      vertex 33.84325408935547 4.928021430969238 63.68277359008789
      vertex 35.05673599243164 5.296128273010254 64.74224853515625
    endloop
  endfacet
  facet normal 0.29028465844246765 0.9569403414387649 0
    outer loop
      vertex 35.33847427368164 5.976299285888672 67.16921997070312
      vertex 34.1249885559082 6.3444061279296875 68.44344329833984
      vertex 35.33847427368164 5.976299285888672 68.44344329833984
    endloop
  endfacet
  facet normal 0.29028465844246765 0.9569403414387649 0
    outer loop
      vertex 34.1249885559082 6.3444061279296875 68.44344329833984
      vertex 35.33847427368164 5.976299285888672 67.16921997070312
      vertex 34.1249885559082 6.3444061279296875 67.16921997070312
    endloop
  endfacet
  facet normal 0.06947599724390624 0.7054000200631242 0.7053962698383855
    outer loop
      vertex 33.84325408935547 4.928021430969238 71.92988586425781
      vertex 32.863006591796875 5.024567604064941 71.92988586425781
      vertex 33.66747283935547 4.044322967529297 72.83090209960938
    endloop
  endfacet
  facet normal 0.20575771716146085 0.6782916766740316 0.7053964581589812
    outer loop
      vertex 33.84325408935547 4.928021430969238 71.92988586425781
      vertex 33.66747283935547 4.044322967529297 72.83090209960938
      vertex 34.78582763671875 4.642094612121582 71.92988586425781
    endloop
  endfacet
  facet normal 0.43581989434003526 0.815362443681183 0.3811103582057175
    outer loop
      vertex 36.31871795654297 5.1718339920043945 69.69318389892578
      vertex 35.05673599243164 5.296128273010254 70.87040710449219
      vertex 36.04780960083008 4.766388893127441 70.87040710449219
    endloop
  endfacet
  facet normal 0.2627662897107338 0.49160294070922256 0.8302291404652691
    outer loop
      vertex 34.44102478027344 3.80966854095459 72.83090209960938
      vertex 34.035579681396484 2.830839157104492 73.538818359375
      vertex 35.153934478759766 3.4286117553710938 72.83090209960938
    endloop
  endfacet
  facet normal 0.18114046829750796 0.3388899456600855 0.9232235566077504
    outer loop
      vertex 34.035579681396484 2.830839157104492 73.538818359375
      vertex 33.58507537841797 1.7432222366333008 74.02644348144531
      vertex 34.5653190612793 2.547687530517578 73.538818359375
    endloop
  endfacet
  facet normal 0.5282626637282863 0.6436854975877039 0.5537215349848384
    outer loop
      vertex 36.117801666259766 4.132145404815674 71.54093933105469
      vertex 35.654510498046875 4.1777753829956055 71.92988586425781
      vertex 35.976871490478516 3.9132187366485596 71.92988586425781
    endloop
  endfacet
  facet normal 0.8819215682754171 0.47139616821801694 0
    outer loop
      vertex 38.461669921875 3.1819801330566406 67.17937469482422
      vertex 38.241539001464844 3.5938167572021484 67.16921997070312
      vertex 38.241539001464844 3.5938167572021484 67.63068389892578
    endloop
  endfacet
  facet normal 0.8819220764274122 0.4713952149121367 -0.00004967798591596158
    outer loop
      vertex 38.241539001464844 3.5938167572021484 67.16921997070312
      vertex 38.461669921875 3.1819801330566406 67.17937469482422
      vertex 38.4700813293457 3.1662423610687256 67.16921997070312
    endloop
  endfacet
  facet normal 0.8651342324526249 0.46242196259208596 -0.19418725074291404
    outer loop
      vertex 38.4700813293457 3.1662423610687256 67.16921997070312
      vertex 38.03484344482422 3.4557085037231445 65.91947937011719
      vertex 38.241539001464844 3.5938167572021484 67.16921997070312
    endloop
  endfacet
  facet normal 0.865134412633418 0.4624215599849649 -0.19418740674539764
    outer loop
      vertex 38.03484344482422 3.4557085037231445 65.91947937011719
      vertex 38.4700813293457 3.1662423610687256 67.16921997070312
      vertex 38.632408142089844 2.7275733947753906 66.8478012084961
    endloop
  endfacet
  facet normal 0.2627668662750514 0.49160217962430985 -0.8302294086435489
    outer loop
      vertex 34.5653190612793 2.547687530517578 62.07384490966797
      vertex 34.035579681396484 2.830839157104492 62.07384490966797
      vertex 35.153934478759766 3.4286117553710938 62.781761169433594
    endloop
  endfacet
  facet normal 0.35362365085728026 0.43089361392404574 -0.8302294905830819
    outer loop
      vertex 35.029640197753906 2.166630744934082 62.07384490966797
      vertex 34.5653190612793 2.547687530517578 62.07384490966797
      vertex 35.153934478759766 3.4286117553710938 62.781761169433594
    endloop
  endfacet
  facet normal -0.16181126174154525 0.5334202188711218 0.8302288754753677
    outer loop
      vertex 32.05854415893555 4.044322967529297 72.83090209960938
      vertex 31.284992218017578 3.80966854095459 72.83090209960938
      vertex 32.265235900878906 3.0052032470703125 73.538818359375
    endloop
  endfacet
  facet normal -0.24172143203097352 0.7968496110744996 0.5537160342877152
    outer loop
      vertex 31.74465560913086 5.622339248657227 70.87040710449219
      vertex 30.669281005859375 5.296128273010254 70.87040710449219
      vertex 31.882762908935547 4.928021430969238 71.92988586425781
    endloop
  endfacet
  facet normal -0.12433976028774055 -0.15150882565648408 0.9806042523667641
    outer loop
      vertex 32.50904846191406 -0.5297384262084961 74.27503204345703
      vertex 31.528804779052734 -1.3342046737670898 74.02644348144531
      vertex 31.81473159790039 -1.5688581466674805 74.02644348144531
    endloop
  endfacet
  facet normal -0.29703968750627946 0.2437729597496977 0.9232237909310201
    outer loop
      vertex 30.69637680053711 2.166630744934082 73.538818359375
      vertex 30.31532096862793 1.702310562133789 73.538818359375
      vertex 31.528804779052734 1.3342046737670898 74.02644348144531
    endloop
  endfacet
  facet normal -0.24172180563035453 0.796849280267955 0.5537163472566468
    outer loop
      vertex 31.882762908935547 4.928021430969238 71.92988586425781
      vertex 30.669281005859375 5.296128273010254 70.87040710449219
      vertex 30.940189361572266 4.642094612121582 71.92988586425781
    endloop
  endfacet
  facet normal -0.0694762637252212 0.7053999805662596 0.7053962830890903
    outer loop
      vertex 32.863006591796875 5.024567604064941 71.92988586425781
      vertex 31.882762908935547 4.928021430969238 71.92988586425781
      vertex 32.05854415893555 4.044322967529297 72.83090209960938
    endloop
  endfacet
  facet normal -0.08161976309307176 0.8286958095302213 0.5537160549773521
    outer loop
      vertex 32.863006591796875 5.732487678527832 70.87040710449219
      vertex 31.74465560913086 5.622339248657227 70.87040710449219
      vertex 32.863006591796875 5.024567604064941 71.92988586425781
    endloop
  endfacet
  facet normal 0.09061981691045022 0.9200776361227956 0.38111047255330716
    outer loop
      vertex 32.863006591796875 6.220111846923828 69.69318389892578
      vertex 32.863006591796875 5.732487678527832 70.87040710449219
      vertex 33.981361389160156 5.622339248657227 70.87040710449219
    endloop
  endfacet
  facet normal -0.9387240122267123 -0.28476029580126505 0.19418754544037883
    outer loop
      vertex 27.116374969482422 -2.3803329467773438 69.69318389892578
      vertex 26.762413024902344 -1.2134828567504883 69.69318389892578
      vertex 26.886707305908203 -2.4754638671875 68.44344329833984
    endloop
  endfacet
  facet normal -0.9387251532891523 -0.28475811401606904 0.19418522880041336
    outer loop
      vertex 26.762413024902344 -1.2134828567504883 69.69318389892578
      vertex 26.51860237121582 -1.2619800567626953 68.44344329833984
      vertex 26.886707305908203 -2.4754638671875 68.44344329833984
    endloop
  endfacet
  facet normal -0.9200756620637729 -0.09061890908913023 -0.3811154541518961
    outer loop
      vertex 26.78705596923828 -0.8779058456420898 65.78019714355469
      vertex 26.64289665222168 0 65.91947937011719
      vertex 26.695571899414062 0 65.79231262207031
    endloop
  endfacet
  facet normal -0.920074983859719 -0.09061852341251865 -0.3811171831472213
    outer loop
      vertex 26.78705596923828 -0.8779058456420898 65.78019714355469
      vertex 26.762413024902344 -1.2134828567504883 65.91947937011719
      vertex 26.64289665222168 0 65.91947937011719
    endloop
  endfacet
  facet normal -0.9200759492133898 -0.090617578485793 -0.38111507730402233
    outer loop
      vertex 26.762413024902344 -1.2134828567504883 65.91947937011719
      vertex 26.78705596923828 -0.8779058456420898 65.78019714355469
      vertex 26.8182430267334 -1.029438853263855 65.74093627929688
    endloop
  endfacet
  facet normal -0.8153796322146916 0.4357903550261784 -0.3811073626100546
    outer loop
      vertex 27.91206932067871 3.2191274166107178 65.17634582519531
      vertex 27.691173553466797 3.4557085037231445 65.91947937011719
      vertex 27.963109970092773 3.2740068435668945 65.12989807128906
    endloop
  endfacet
  facet normal -0.8153476814309956 0.4358436104546524 -0.3811148194585892
    outer loop
      vertex 27.877519607543945 3.1819801330566406 65.20777893066406
      vertex 27.691173553466797 3.4557085037231445 65.91947937011719
      vertex 27.91206932067871 3.2191274166107178 65.17634582519531
    endloop
  endfacet
  facet normal -0.8153643882858491 0.4358173589285621 -0.381109097204168
    outer loop
      vertex 27.691173553466797 3.4557085037231445 65.91947937011719
      vertex 27.877519607543945 3.1819801330566406 65.20777893066406
      vertex 27.630373001098633 2.8383796215057373 65.34361267089844
    endloop
  endfacet
  facet normal -0.9762411721242443 -0.0961503519433733 -0.19418620875501663
    outer loop
      vertex 26.762413024902344 -1.2134828567504883 65.91947937011719
      vertex 26.39430809020996 0 67.16921997070312
      vertex 26.64289665222168 0 65.91947937011719
    endloop
  endfacet
  facet normal 0.6223179103051458 -0.7582957167363359 -0.19418554141017652
    outer loop
      vertex 36.456825256347656 -5.378527641296387 67.16921997070312
      vertex 36.31871795654297 -5.1718339920043945 65.91947937011719
      vertex 37.26129150390625 -4.398283004760742 65.91947937011719
    endloop
  endfacet
  facet normal 0.08161939644086949 -0.828694913534133 -0.5537174499754219
    outer loop
      vertex 33.981361389160156 -5.622339248657227 64.74224853515625
      vertex 32.863006591796875 -5.732487678527832 64.74224853515625
      vertex 32.863006591796875 -5.024567604064941 63.68277359008789
    endloop
  endfacet
  facet normal 0.8153627434443731 -0.43582089331603774 -0.3811085744929864
    outer loop
      vertex 38.03484344482422 -3.4557085037231445 65.91947937011719
      vertex 37.629398345947266 -3.1847991943359375 64.74224853515625
      vertex 38.15913772583008 -2.193727493286133 64.74224853515625
    endloop
  endfacet
  facet normal 0.3341306483347349 -0.6251164057952228 -0.7053978941342767
    outer loop
      vertex 35.654510498046875 -4.1777753829956055 63.68277359008789
      vertex 34.78582763671875 -4.642094612121582 63.68277359008789
      vertex 35.153934478759766 -3.4286117553710938 62.781761169433594
    endloop
  endfacet
  facet normal -0.08161981952844141 -0.8286948091637737 -0.5537175438119704
    outer loop
      vertex 32.863006591796875 -5.024567604064941 63.68277359008789
      vertex 31.74465560913086 -5.622339248657227 64.74224853515625
      vertex 31.882762908935547 -4.928021430969238 63.68277359008789
    endloop
  endfacet
  facet normal 0.16181300118377748 -0.5334192478232028 -0.830229160352506
    outer loop
      vertex 33.54950714111328 -3.0780184268951416 62.13792037963867
      vertex 34.035579681396484 -2.830839157104492 62.07384490966797
      vertex 34.44102478027344 -3.80966854095459 62.781761169433594
    endloop
  endfacet
  facet normal 0.16180997367861868 -0.5334142754197365 -0.8302329451404359
    outer loop
      vertex 34.035579681396484 -2.830839157104492 62.07384490966797
      vertex 33.54950714111328 -3.0780184268951416 62.13792037963867
      vertex 33.63115310668945 -2.9535210132598877 62.07384490966797
    endloop
  endfacet
  facet normal 0.18114419236044577 -0.33889691289108853 -0.9232202684121334
    outer loop
      vertex 33.98253631591797 -2.500065803527832 61.9420166015625
      vertex 34.5653190612793 -2.547687530517578 62.07384490966797
      vertex 34.035579681396484 -2.830839157104492 62.07384490966797
    endloop
  endfacet
  facet normal 0.18114583852903882 -0.33888647740217626 -0.9232237760248355
    outer loop
      vertex 34.5653190612793 -2.547687530517578 62.07384490966797
      vertex 33.98253631591797 -2.500065803527832 61.9420166015625
      vertex 34.12588882446289 -2.1870553493499756 61.855247497558594
    endloop
  endfacet
  facet normal 0.18111654903597654 -0.3389026656811478 -0.9232235801037096
    outer loop
      vertex 33.98253631591797 -2.500065803527832 61.9420166015625
      vertex 34.035579681396484 -2.830839157104492 62.07384490966797
      vertex 33.926753997802734 -2.568108558654785 61.956050872802734
    endloop
  endfacet
  facet normal 0.24377055598103148 -0.2970459204930072 -0.9232224201974089
    outer loop
      vertex 35.029640197753906 -2.166630744934082 62.07384490966797
      vertex 34.352481842041016 -1.7220745086669922 61.752010345458984
      vertex 34.391357421875 -1.5283470153808594 61.69994354248047
    endloop
  endfacet
  facet normal 0.24378526176838455 -0.29702547202841006 -0.9232251161611779
    outer loop
      vertex 34.352481842041016 -1.7220745086669922 61.752010345458984
      vertex 35.029640197753906 -2.166630744934082 62.07384490966797
      vertex 34.31962203979492 -1.7871171236038208 61.764259338378906
    endloop
  endfacet
  facet normal -0.7730103510640288 -0.6343934088149615 0
    outer loop
      vertex 28.28894805908203 -4.574061393737793 67.16921997070312
      vertex 27.484481811523438 -3.5938167572021484 68.44344329833984
      vertex 27.484481811523438 -3.5938167572021484 67.16921997070312
    endloop
  endfacet
  facet normal -0.7730103510640288 -0.6343934088149615 0
    outer loop
      vertex 27.484481811523438 -3.5938167572021484 68.44344329833984
      vertex 28.28894805908203 -4.574061393737793 67.16921997070312
      vertex 28.28894805908203 -4.574061393737793 68.44344329833984
    endloop
  endfacet
  facet normal -0.09615156989156573 -0.9762410567328905 0.19418618580227692
    outer loop
      vertex 32.863006591796875 -6.220111846923828 69.69318389892578
      vertex 31.601028442382812 -6.3444061279296875 68.44344329833984
      vertex 32.863006591796875 -6.468700408935547 68.44344329833984
    endloop
  endfacet
  facet normal -0.09615193989921525 -0.9762409481191046 0.194186548630768
    outer loop
      vertex 31.649524688720703 -6.100593566894531 69.69318389892578
      vertex 31.601028442382812 -6.3444061279296875 68.44344329833984
      vertex 32.863006591796875 -6.220111846923828 69.69318389892578
    endloop
  endfacet
  facet normal -0.2683765071093474 -0.8847197102663751 0.3811103313975727
    outer loop
      vertex 31.74465560913086 -5.622339248657227 70.87040710449219
      vertex 30.669281005859375 -5.296128273010254 70.87040710449219
      vertex 31.649524688720703 -6.100593566894531 69.69318389892578
    endloop
  endfacet
  facet normal -0.24172143203097352 -0.7968496110744996 0.5537160342877152
    outer loop
      vertex 31.882762908935547 -4.928021430969238 71.92988586425781
      vertex 30.669281005859375 -5.296128273010254 70.87040710449219
      vertex 31.74465560913086 -5.622339248657227 70.87040710449219
    endloop
  endfacet
  facet normal -0.8153619759408872 -0.4358204830764756 0.3811106856554398
    outer loop
      vertex 28.09661865234375 -3.1847991943359375 70.87040710449219
      vertex 27.566879272460938 -2.193727493286133 70.87040710449219
      vertex 27.691173553466797 -3.4557085037231445 69.69318389892578
    endloop
  endfacet
  facet normal -0.6223179874218686 -0.7582956746197493 0.19418545873513293
    outer loop
      vertex 28.464725494384766 -4.398283004760742 69.69318389892578
      vertex 28.28894805908203 -4.574061393737793 68.44344329833984
      vertex 29.26919174194336 -5.378527641296387 68.44344329833984
    endloop
  endfacet
  facet normal -0.24172153878480115 -0.7968484005968529 -0.55371772967257
    outer loop
      vertex 31.882762908935547 -4.928021430969238 63.68277359008789
      vertex 30.669281005859375 -5.296128273010254 64.74224853515625
      vertex 30.940189361572266 -4.642094612121582 63.68277359008789
    endloop
  endfacet
  facet normal -0.26837677202732796 -0.8847205435806716 -0.38110821035830805
    outer loop
      vertex 31.649524688720703 -6.100593566894531 65.91947937011719
      vertex 30.48267364501953 -5.746633529663086 65.91947937011719
      vertex 30.669281005859375 -5.296128273010254 64.74224853515625
    endloop
  endfacet
  facet normal -0.09062038912060333 -0.9200785203787867 -0.38110820171338883
    outer loop
      vertex 32.863006591796875 -6.220111846923828 65.91947937011719
      vertex 31.649524688720703 -6.100593566894531 65.91947937011719
      vertex 31.74465560913086 -5.622339248657227 64.74224853515625
    endloop
  endfacet
  facet normal -0.7582957500598096 -0.6223180752321402 -0.19418488272930748
    outer loop
      vertex 28.464725494384766 -4.398283004760742 65.91947937011719
      vertex 27.484481811523438 -3.5938167572021484 67.16921997070312
      vertex 27.691173553466797 -3.4557085037231445 65.91947937011719
    endloop
  endfacet
  facet normal -0.5865162555809502 -0.7146713231910514 -0.3811083595877334
    outer loop
      vertex 29.407299041748047 -5.1718339920043945 65.91947937011719
      vertex 28.464725494384766 -4.398283004760742 65.91947937011719
      vertex 28.809528350830078 -4.053481101989746 64.74224853515625
    endloop
  endfacet
  facet normal -0.5479196599036655 -0.4496663622624332 0.7053964905928591
    outer loop
      vertex 29.434396743774414 -2.2909250259399414 72.83090209960938
      vertex 29.310102462768555 -3.552906036376953 71.92988586425781
      vertex 29.947214126586914 -2.9157943725585938 72.83090209960938
    endloop
  endfacet
  facet normal 0.054636410983271995 -0.5547381232890044 0.8302291714729496
    outer loop
      vertex 32.863006591796875 -3.0640783309936523 73.538818359375
      vertex 32.863006591796875 -4.123556137084961 72.83090209960938
      vertex 33.46078109741211 -3.0052032470703125 73.538818359375
    endloop
  endfacet
  facet normal 0.12433974178059075 0.15150884787198052 0.9806042512810359
    outer loop
      vertex 34.19721221923828 1.3342046737670898 74.02644348144531
      vertex 33.21696853637695 0.5297384262084961 74.27503204345703
      vertex 33.313514709472656 0.45050525665283203 74.27503204345703
    endloop
  endfacet
  facet normal 0.08161948654351867 -0.8286958283608817 0.5537160675595794
    outer loop
      vertex 32.863006591796875 -5.024567604064941 71.92988586425781
      vertex 32.863006591796875 -5.732487678527832 70.87040710449219
      vertex 33.981361389160156 -5.622339248657227 70.87040710449219
    endloop
  endfacet
  facet normal 0.11154592735136032 -0.3677167551454159 0.9232236425030781
    outer loop
      vertex 33.58507537841797 -1.7432222366333008 74.02644348144531
      vertex 33.231117248535156 -1.8505945205688477 74.02644348144531
      vertex 33.46078109741211 -3.0052032470703125 73.538818359375
    endloop
  endfacet
  facet normal 0.037664457283303664 -0.3824125837308822 0.9232237022855431
    outer loop
      vertex 33.231117248535156 -1.8505945205688477 74.02644348144531
      vertex 32.863006591796875 -1.886850357055664 74.02644348144531
      vertex 33.46078109741211 -3.0052032470703125 73.538818359375
    endloop
  endfacet
  facet normal -0.03766521378736428 -0.38241233865118274 0.9232237729378968
    outer loop
      vertex 32.494903564453125 -1.8505945205688477 74.02644348144531
      vertex 32.265235900878906 -3.0052032470703125 73.538818359375
      vertex 32.863006591796875 -1.886850357055664 74.02644348144531
    endloop
  endfacet
  facet normal -0.2057575794310235 -0.6782918065974698 0.7053963734025196
    outer loop
      vertex 31.284992218017578 -3.80966854095459 72.83090209960938
      vertex 30.940189361572266 -4.642094612121582 71.92988586425781
      vertex 32.05854415893555 -4.044322967529297 72.83090209960938
    endloop
  endfacet
  facet normal -0.7343801936215696 -0.3925347761975498 0.5537166971402303
    outer loop
      vertex 28.68523406982422 -2.7915000915527344 71.92988586425781
      vertex 27.566879272460938 -2.193727493286133 70.87040710449219
      vertex 28.09661865234375 -3.1847991943359375 70.87040710449219
    endloop
  endfacet
  facet normal -0.5479206572923095 -0.44966591462888106 0.7053960012172845
    outer loop
      vertex 29.434396743774414 -2.2909250259399414 72.83090209960938
      vertex 28.68523406982422 -2.7915000915527344 71.92988586425781
      vertex 29.310102462768555 -3.552906036376953 71.92988586425781
    endloop
  endfacet
  facet normal 0.44966964034038587 -0.5479202791841873 0.7053939198879378
    outer loop
      vertex 35.77988052368164 -3.741612434387207 72.18875885009766
      vertex 35.654510498046875 -4.1777753829956055 71.92988586425781
      vertex 35.976871490478516 -3.9132187366485596 71.92988586425781
    endloop
  endfacet
  facet normal 0.44965703737750035 -0.547921063381165 0.7054013446543338
    outer loop
      vertex 35.75928497314453 -3.701702833175659 72.2328872680664
      vertex 35.654510498046875 -4.1777753829956055 71.92988586425781
      vertex 35.77988052368164 -3.741612434387207 72.18875885009766
    endloop
  endfacet
  facet normal 0.4496715057516177 -0.5479125610797756 0.7053987257757659
    outer loop
      vertex 35.153934478759766 -3.4286117553710938 72.83090209960938
      vertex 35.75928497314453 -3.701702833175659 72.2328872680664
      vertex 35.64323806762695 -3.47680401802063 72.48155212402344
    endloop
  endfacet
  facet normal 0.4496659795766583 -0.5479199525547405 0.7053965072239692
    outer loop
      vertex 35.75928497314453 -3.701702833175659 72.2328872680664
      vertex 35.153934478759766 -3.4286117553710938 72.83090209960938
      vertex 35.654510498046875 -4.1777753829956055 71.92988586425781
    endloop
  endfacet
  facet normal -0.9200771066057745 -0.09062070390419787 0.3811115400035193
    outer loop
      vertex 27.13051986694336 0 70.87040710449219
      vertex 26.762413024902344 -1.2134828567504883 69.69318389892578
      vertex 27.24066925048828 -1.1183528900146484 70.87040710449219
    endloop
  endfacet
  facet normal -0.8847195079241219 -0.2683756611338771 0.3811113968506502
    outer loop
      vertex 27.24066925048828 -1.1183528900146484 70.87040710449219
      vertex 26.762413024902344 -1.2134828567504883 69.69318389892578
      vertex 27.566879272460938 -2.193727493286133 70.87040710449219
    endloop
  endfacet
  facet normal -0.33413117054205854 0.6251177280080948 0.7053964750423632
    outer loop
      vertex 30.940189361572266 4.642094612121582 71.92988586425781
      vertex 30.57208251953125 3.4286117553710938 72.83090209960938
      vertex 31.284992218017578 3.80966854095459 72.83090209960938
    endloop
  endfacet
  facet normal -0.7968492589649103 0.24172155459981076 0.5537164874996264
    outer loop
      vertex 28.22091293334961 1.9228181838989258 71.92988586425781
      vertex 27.566879272460938 2.193727493286133 70.87040710449219
      vertex 27.934986114501953 0.9802436828613281 71.92988586425781
    endloop
  endfacet
  facet normal 0.7968490326394294 -0.2417205498952766 -0.5537172517990845
    outer loop
      vertex 38.15913772583008 -2.193727493286133 64.74224853515625
      vertex 37.79103088378906 -0.9802436828613281 63.68277359008789
      vertex 38.485347747802734 -1.1183528900146484 64.74224853515625
    endloop
  endfacet
  facet normal 0.8153638865447829 -0.43581984395202217 -0.38110732889334636
    outer loop
      vertex 38.609642028808594 -2.3803329467773438 65.91947937011719
      vertex 38.03484344482422 -3.4557085037231445 65.91947937011719
      vertex 38.15913772583008 -2.193727493286133 64.74224853515625
    endloop
  endfacet
  facet normal 0.2437722925074347 0.2970469042855892 -0.9232216451427132
    outer loop
      vertex 34.20659637451172 2.010822296142578 61.806392669677734
      vertex 35.029640197753906 2.166630744934082 62.07384490966797
      vertex 34.31962203979492 1.7871171236038208 61.764259338378906
    endloop
  endfacet
  facet normal 0.24377395388692033 0.29704076556033965 -0.9232231815772743
    outer loop
      vertex 35.029640197753906 2.166630744934082 62.07384490966797
      vertex 34.20659637451172 2.010822296142578 61.806392669677734
      vertex 34.5653190612793 2.547687530517578 62.07384490966797
    endloop
  endfacet
  facet normal 0.2970458542537887 0.24377069309647842 -0.923222405305406
    outer loop
      vertex 34.484764099121094 1.1472382545471191 61.62936782836914
      vertex 34.391357421875 1.5283470153808594 61.69994354248047
      vertex 35.029640197753906 2.166630744934082 62.07384490966797
    endloop
  endfacet
  facet normal 0.36771656206709025 0.11154699072225423 -0.9232235909260385
    outer loop
      vertex 35.86821365356445 0.5977716445922852 62.07384490966797
      vertex 34.606231689453125 0.7220659255981445 61.586219787597656
      vertex 35.69384765625 1.172572135925293 62.07384490966797
    endloop
  endfacet
  facet normal 0.297033817207763 0.24378392555978087 -0.923222784095826
    outer loop
      vertex 34.484764099121094 1.1472382545471191 61.62936782836914
      vertex 35.41069793701172 1.702310562133789 62.07384490966797
      vertex 34.49816131591797 1.0925737619400024 61.61924362182617
    endloop
  endfacet
  facet normal 0.297039859229133 0.2437743208677098 -0.9232233762825893
    outer loop
      vertex 35.41069793701172 1.702310562133789 62.07384490966797
      vertex 34.484764099121094 1.1472382545471191 61.62936782836914
      vertex 35.029640197753906 2.166630744934082 62.07384490966797
    endloop
  endfacet
  facet normal 0.38241265024821974 -0.03766234646458985 -0.9232237608450694
    outer loop
      vertex 35.86821365356445 -0.5977716445922852 62.07384490966797
      vertex 34.71360397338867 -0.3681058883666992 61.586219787597656
      vertex 35.927085876464844 0 62.07384490966797
    endloop
  endfacet
  facet normal 0.5547378516484222 0.05463399067014098 -0.8302295122506476
    outer loop
      vertex 35.927085876464844 0 62.07384490966797
      vertex 35.86821365356445 0.5977716445922852 62.07384490966797
      vertex 36.98656463623047 0 62.781761169433594
    endloop
  endfacet
  facet normal 0.9387237209609036 0.28476131477830924 -0.19418745920126831
    outer loop
      vertex 38.84455490112305 1.9408453702926636 66.41059875488281
      vertex 38.609642028808594 2.3803329467773438 65.91947937011719
      vertex 38.7453498840332 2.436544418334961 66.6579360961914
    endloop
  endfacet
  facet normal 0.7053982328696718 -0.06947421196881765 -0.7053982328696718
    outer loop
      vertex 37.887577056884766 0 63.68277359008789
      vertex 36.90733337402344 -0.8044652938842773 62.781761169433594
      vertex 36.98656463623047 0 62.781761169433594
    endloop
  endfacet
  facet normal 0.5282624623247204 0.6436900472363732 -0.553716438249271
    outer loop
      vertex 36.415916442871094 3.552906036376953 63.68277359008789
      vertex 35.654510498046875 4.1777753829956055 63.68277359008789
      vertex 36.91648864746094 4.053481101989746 64.74224853515625
    endloop
  endfacet
  facet normal 0.43089440497126613 0.3536235190443088 -0.8302291361685508
    outer loop
      vertex 36.29161834716797 2.2909250259399414 62.781761169433594
      vertex 35.029640197753906 2.166630744934082 62.07384490966797
      vertex 35.778804779052734 2.9157943725585938 62.781761169433594
    endloop
  endfacet
  facet normal 0.19505769798702563 0.0192921644198047 -0.980602012463773
    outer loop
      vertex 34.64073944091797 0 61.56451416015625
      vertex 34.63951110839844 0.010868148878216743 61.564483642578125
      vertex 34.74985885620117 0 61.586219787597656
    endloop
  endfacet
  facet normal -0.06951436811668134 0.7054116586060012 -0.7053808506956146
    outer loop
      vertex 32.863006591796875 5.024567604064941 63.68277359008789
      vertex 32.19478988647461 4.15745735168457 62.88147735595703
      vertex 32.16061019897461 4.168691158294678 62.896080017089844
    endloop
  endfacet
  facet normal -0.0694760741872833 0.7053985144776332 -0.7053977678503608
    outer loop
      vertex 32.32572937011719 4.070638656616211 62.781761169433594
      vertex 32.863006591796875 5.024567604064941 63.68277359008789
      vertex 32.863006591796875 4.123556137084961 62.781761169433594
    endloop
  endfacet
  facet normal -0.06947949376302494 0.7053993413440273 -0.705396604172324
    outer loop
      vertex 32.863006591796875 5.024567604064941 63.68277359008789
      vertex 32.32572937011719 4.070638656616211 62.781761169433594
      vertex 32.19478988647461 4.15745735168457 62.88147735595703
    endloop
  endfacet
  facet normal -0.20575523620357608 0.6782877445084015 -0.7054009628746732
    outer loop
      vertex 31.015220642089844 4.460953712463379 63.48670959472656
      vertex 30.940189361572266 4.642094612121582 63.68277359008789
      vertex 31.34368133544922 4.426424503326416 63.35770034790039
    endloop
  endfacet
  facet normal 0.7343804581353807 -0.392534917583266 -0.553716246092497
    outer loop
      vertex 37.629398345947266 -3.1847991943359375 64.74224853515625
      vertex 37.04078674316406 -2.7915000915527344 63.68277359008789
      vertex 38.15913772583008 -2.193727493286133 64.74224853515625
    endloop
  endfacet
  facet normal 0.7968483792933861 -0.2417212877543993 -0.5537178699155902
    outer loop
      vertex 38.15913772583008 -2.193727493286133 64.74224853515625
      vertex 37.505104064941406 -1.9228181838989258 63.68277359008789
      vertex 37.79103088378906 -0.9802436828613281 63.68277359008789
    endloop
  endfacet
  facet normal 0.9762428635651154 -0.09613803435848538 -0.1941838038763024
    outer loop
      vertex 39.09944152832031 -0.0631256029009819 66.03277587890625
      vertex 39.08312225341797 0 65.91947937011719
      vertex 39.104827880859375 0 66.02860260009766
    endloop
  endfacet
  facet normal 0.976226929537189 -0.09621632427517479 -0.1942251296546525
    outer loop
      vertex 39.08312225341797 0 65.91947937011719
      vertex 39.09944152832031 -0.0631256029009819 66.03277587890625
      vertex 39.094749450683594 -0.11807844787836075 66.03641510009766
    endloop
  endfacet
  facet normal 0.7053989758104569 0.06947616476480008 -0.7053972975955698
    outer loop
      vertex 37.887577056884766 0 63.68277359008789
      vertex 36.90733337402344 0.8044652938842773 62.781761169433594
      vertex 37.79103088378906 0.9802436828613281 63.68277359008789
    endloop
  endfacet
  facet normal 0.8819220764274122 -0.4713952149121367 -0.00004967798591596158
    outer loop
      vertex 38.461669921875 -3.1819801330566406 67.17937469482422
      vertex 38.241539001464844 -3.5938167572021484 67.16921997070312
      vertex 38.4700813293457 -3.1662423610687256 67.16921997070312
    endloop
  endfacet
  facet normal 0.8819215682754171 -0.47139616821801694 0
    outer loop
      vertex 38.241539001464844 -3.5938167572021484 67.16921997070312
      vertex 38.461669921875 -3.1819801330566406 67.17937469482422
      vertex 38.241539001464844 -3.5938167572021484 67.63068389892578
    endloop
  endfacet
  facet normal 0.8651252369910567 -0.46243891614571325 -0.1941869541322127
    outer loop
      vertex 38.71659469604492 -2.500065803527832 66.68109893798828
      vertex 38.609642028808594 -2.3803329467773438 65.91947937011719
      vertex 38.7453498840332 -2.436544418334961 66.6579360961914
    endloop
  endfacet
  facet normal 0.8651345989014078 -0.462420965257584 -0.1941879931250762
    outer loop
      vertex 38.03484344482422 -3.4557085037231445 65.91947937011719
      vertex 38.71659469604492 -2.500065803527832 66.68109893798828
      vertex 38.632408142089844 -2.7275733947753906 66.8478012084961
    endloop
  endfacet
  facet normal 0.8651342575842111 -0.4624225862340677 -0.19418565367918383
    outer loop
      vertex 38.71659469604492 -2.500065803527832 66.68109893798828
      vertex 38.03484344482422 -3.4557085037231445 65.91947937011719
      vertex 38.609642028808594 -2.3803329467773438 65.91947937011719
    endloop
  endfacet
  facet normal 0.09062010738198896 -0.9200785522029219 -0.3811081918750264
    outer loop
      vertex 34.07649230957031 -6.100593566894531 65.91947937011719
      vertex 32.863006591796875 -6.220111846923828 65.91947937011719
      vertex 33.981361389160156 -5.622339248657227 64.74224853515625
    endloop
  endfacet
  facet normal 0.43582030457833826 -0.8153632111837903 -0.3811082470444615
    outer loop
      vertex 36.31871795654297 -5.1718339920043945 65.91947937011719
      vertex 35.05673599243164 -5.296128273010254 64.74224853515625
      vertex 36.04780960083008 -4.766388893127441 64.74224853515625
    endloop
  endfacet
  facet normal 0.6223192345877722 -0.7582989510497876 0.1941686666248734
    outer loop
      vertex 36.31871795654297 -5.1718339920043945 69.69318389892578
      vertex 37.213539123535156 -4.456470489501953 69.6189956665039
      vertex 37.18067932128906 -4.464441299438477 69.69318389892578
    endloop
  endfacet
  facet normal 0.6223179935874377 -0.7582956489043126 0.19418553939491354
    outer loop
      vertex 37.213539123535156 -4.456470489501953 69.6189956665039
      vertex 36.31871795654297 -5.1718339920043945 69.69318389892578
      vertex 36.456825256347656 -5.378527641296387 68.44344329833984
    endloop
  endfacet
  facet normal 0.5865176384785653 -0.7146708202443068 0.38110717448620257
    outer loop
      vertex 36.31871795654297 -5.1718339920043945 69.69318389892578
      vertex 36.92237854003906 -4.493839740753174 70.03556823730469
      vertex 36.705997467041016 -4.447283744812012 70.45587921142578
    endloop
  endfacet
  facet normal 0.5865132578974462 -0.7146705655694191 0.38111439361326993
    outer loop
      vertex 36.31871795654297 -5.1718339920043945 69.69318389892578
      vertex 36.95100784301758 -4.5 69.9799575805664
      vertex 36.92237854003906 -4.493839740753174 70.03556823730469
    endloop
  endfacet
  facet normal 0.5865090072587441 -0.7146698944868332 0.38112219342166537
    outer loop
      vertex 36.31871795654297 -5.1718339920043945 69.69318389892578
      vertex 36.99089050292969 -4.493825435638428 69.93016052246094
      vertex 36.95100784301758 -4.5 69.9799575805664
    endloop
  endfacet
  facet normal 0.5865152281726519 -0.7146715987216054 0.38110942405336423
    outer loop
      vertex 36.99089050292969 -4.493825435638428 69.93016052246094
      vertex 36.31871795654297 -5.1718339920043945 69.69318389892578
      vertex 37.18067932128906 -4.464441299438477 69.69318389892578
    endloop
  endfacet
  facet normal 0.09801706718704398 -0.9951847338761033 0
    outer loop
      vertex 32.863006591796875 -6.468700408935547 67.16921997070312
      vertex 34.1249885559082 -6.3444061279296875 68.44344329833984
      vertex 32.863006591796875 -6.468700408935547 68.44344329833984
    endloop
  endfacet
  facet normal 0.09801706718704398 -0.9951847338761033 0
    outer loop
      vertex 34.1249885559082 -6.3444061279296875 68.44344329833984
      vertex 32.863006591796875 -6.468700408935547 67.16921997070312
      vertex 34.1249885559082 -6.3444061279296875 67.16921997070312
    endloop
  endfacet
  facet normal 0.28475874422833336 -0.9387247230076495 0.19418638469190908
    outer loop
      vertex 35.243343353271484 -5.746633529663086 69.69318389892578
      vertex 34.07649230957031 -6.100593566894531 69.69318389892578
      vertex 34.1249885559082 -6.3444061279296875 68.44344329833984
    endloop
  endfacet
  facet normal 0.7730023706346398 -0.6344031328683889 0
    outer loop
      vertex 38.120243072509766 -3.741612434387207 67.77014923095703
      vertex 38.241539001464844 -3.5938167572021484 67.16921997070312
      vertex 38.241539001464844 -3.5938167572021484 67.63068389892578
    endloop
  endfacet
  facet normal 0.7730127951904436 -0.6343904306223018 0.0000025899253072375885
    outer loop
      vertex 37.43707275390625 -4.574061393737793 68.44344329833984
      vertex 38.120243072509766 -3.741612434387207 67.77014923095703
      vertex 37.803382873535156 -4.1277079582214355 68.41976928710938
    endloop
  endfacet
  facet normal 0.7730125552371148 -0.6343907229789563 -0.000006635031442737051
    outer loop
      vertex 37.43707275390625 -4.574061393737793 68.44344329833984
      vertex 37.803382873535156 -4.1277079582214355 68.41976928710938
      vertex 37.79183578491211 -4.141778469085693 68.44344329833984
    endloop
  endfacet
  facet normal 0.7730117679396783 -0.6343916823436235 0
    outer loop
      vertex 38.120243072509766 -3.741612434387207 67.77014923095703
      vertex 37.43707275390625 -4.574061393737793 68.44344329833984
      vertex 37.43707275390625 -4.574061393737793 67.16921997070312
    endloop
  endfacet
  facet normal 0.7730103510578373 -0.6343934088098803 0.0000040024122913432675
    outer loop
      vertex 38.120243072509766 -3.741612434387207 67.77014923095703
      vertex 37.43707275390625 -4.574061393737793 67.16921997070312
      vertex 38.241539001464844 -3.5938167572021484 67.16921997070312
    endloop
  endfacet
  facet normal 0.7582948346764089 -0.6223176558769343 0.19418980119181198
    outer loop
      vertex 37.43707275390625 -4.574061393737793 68.44344329833984
      vertex 37.744407653808594 -4.175756931304932 68.51976776123047
      vertex 37.37255859375 -4.4135332107543945 69.20980834960938
    endloop
  endfacet
  facet normal 0.7582903591867667 -0.6223086105566639 0.19423625920882762
    outer loop
      vertex 37.77302169799805 -4.15745735168457 68.46665954589844
      vertex 37.43707275390625 -4.574061393737793 68.44344329833984
      vertex 37.79183578491211 -4.141778469085693 68.44344329833984
    endloop
  endfacet
  facet normal 0.7583088697866769 -0.6223178577794523 0.19413433980531594
    outer loop
      vertex 37.744407653808594 -4.175756931304932 68.51976776123047
      vertex 37.43707275390625 -4.574061393737793 68.44344329833984
      vertex 37.77302169799805 -4.15745735168457 68.46665954589844
    endloop
  endfacet
  facet normal 0.7583052743716473 -0.6223054579416909 0.19418812496165497
    outer loop
      vertex 37.43707275390625 -4.574061393737793 68.44344329833984
      vertex 37.37255859375 -4.4135332107543945 69.20980834960938
      vertex 37.298797607421875 -4.435789585113525 69.42652130126953
    endloop
  endfacet
  facet normal 0.09061981691045022 -0.9200776361227956 0.38111047255330716
    outer loop
      vertex 32.863006591796875 -5.732487678527832 70.87040710449219
      vertex 32.863006591796875 -6.220111846923828 69.69318389892578
      vertex 33.981361389160156 -5.622339248657227 70.87040710449219
    endloop
  endfacet
  facet normal -0.08161990963158819 -0.828695723990717 0.5537161613961007
    outer loop
      vertex 31.882762908935547 -4.928021430969238 71.92988586425781
      vertex 31.74465560913086 -5.622339248657227 70.87040710449219
      vertex 32.863006591796875 -5.024567604064941 71.92988586425781
    endloop
  endfacet
  facet normal 0.037664010515801934 0.38241279273395706 0.9232236339399469
    outer loop
      vertex 32.863006591796875 3.0640783309936523 73.538818359375
      vertex 32.863006591796875 1.886850357055664 74.02644348144531
      vertex 33.46078109741211 3.0052032470703125 73.538818359375
    endloop
  endfacet
  facet normal 0.4308894049243132 0.353625958852724 0.8302306920064221
    outer loop
      vertex 35.16611099243164 2.1800718307495117 73.46226501464844
      vertex 35.029640197753906 2.166630744934082 73.538818359375
      vertex 35.14070510864258 2.031299352645874 73.538818359375
    endloop
  endfacet
  facet normal -0.491603466587405 0.2627662646771112 0.8302288370003083
    outer loop
      vertex 29.434396743774414 2.2909250259399414 72.83090209960938
      vertex 29.053340911865234 1.5780162811279297 72.83090209960938
      vertex 30.032169342041016 1.172572135925293 73.538818359375
    endloop
  endfacet
  facet normal -0.33888917751469 0.1811422088069154 0.923223497075312
    outer loop
      vertex 31.294151306152344 1.0482778549194336 74.02644348144531
      vertex 30.032169342041016 1.172572135925293 73.538818359375
      vertex 31.11978530883789 0.7220659255981445 74.02644348144531
    endloop
  endfacet
  facet normal 0.18755865155809054 0.05689436738080791 0.9806042949049574
    outer loop
      vertex 34.606231689453125 0.7220659255981445 74.02644348144531
      vertex 33.451622009277344 0.24381160736083984 74.27503204345703
      vertex 33.487876892089844 0.12429332733154297 74.27503204345703
    endloop
  endfacet
  facet normal 0.3388951705589454 0.18113360118476196 0.9232229860080733
    outer loop
      vertex 34.43186950683594 1.0482778549194336 74.02644348144531
      vertex 34.89997482299805 0.8779058456420898 73.8880386352539
      vertex 34.93605041503906 1.0979355573654175 73.83162689208984
    endloop
  endfacet
  facet normal 0.33889771138877545 0.18114280726845328 0.9232202470647803
    outer loop
      vertex 34.89997482299805 0.8779058456420898 73.8880386352539
      vertex 34.43186950683594 1.0482778549194336 74.02644348144531
      vertex 34.606231689453125 0.7220659255981445 74.02644348144531
    endloop
  endfacet
  facet normal 0.33885962510044443 0.18121451431003488 0.9232201548277443
    outer loop
      vertex 34.903072357177734 0.8450220227241516 73.89335632324219
      vertex 34.89997482299805 0.8779058456420898 73.8880386352539
      vertex 34.606231689453125 0.7220659255981445 74.02644348144531
    endloop
  endfacet
  facet normal 0.3676647765327998 0.11168154039599747 0.9232279489009545
    outer loop
      vertex 34.606231689453125 0.7220659255981445 74.02644348144531
      vertex 34.90337371826172 0.8149549961090088 73.8968734741211
      vertex 34.903072357177734 0.8450220227241516 73.89335632324219
    endloop
  endfacet
  facet normal 0.3677188644624605 0.11150776985891338 0.9232274118436531
    outer loop
      vertex 34.90337371826172 0.8149549961090088 73.8968734741211
      vertex 34.606231689453125 0.7220659255981445 74.02644348144531
      vertex 34.90459442138672 0.6926799416542053 73.9111557006836
    endloop
  endfacet
  facet normal 0.18755830811350488 -0.05689502145708597 0.9806043226454783
    outer loop
      vertex 34.71360397338867 -0.3681058883666992 74.02644348144531
      vertex 33.487876892089844 -0.12429332733154297 74.27503204345703
      vertex 34.606231689453125 -0.7220659255981445 74.02644348144531
    endloop
  endfacet
  facet normal -0.12433976028774055 0.15150882565648408 0.9806042523667641
    outer loop
      vertex 31.81473159790039 1.5688581466674805 74.02644348144531
      vertex 31.528804779052734 1.3342046737670898 74.02644348144531
      vertex 32.50904846191406 0.5297384262084961 74.27503204345703
    endloop
  endfacet
  facet normal 0.17285449277815207 -0.09239339705237272 0.9806042955787673
    outer loop
      vertex 33.451622009277344 -0.24381160736083984 74.27503204345703
      vertex 33.39274597167969 -0.3539600372314453 74.27503204345703
      vertex 34.606231689453125 -0.7220659255981445 74.02644348144531
    endloop
  endfacet
  facet normal 0.056897329477563235 -0.1875574961235296 0.9806043440379988
    outer loop
      vertex 33.10681915283203 -0.5886135101318359 74.27503204345703
      vertex 32.9873046875 -0.6248693466186523 74.27503204345703
      vertex 33.58507537841797 -1.7432222366333008 74.02644348144531
    endloop
  endfacet
  facet normal 0.12433974178059075 -0.15150884787198052 0.9806042512810359
    outer loop
      vertex 33.313514709472656 -0.45050525665283203 74.27503204345703
      vertex 33.21696853637695 -0.5297384262084961 74.27503204345703
      vertex 34.19721221923828 -1.3342046737670898 74.02644348144531
    endloop
  endfacet
  facet normal 0.09239339113874086 -0.17285468676150575 0.9806042619418219
    outer loop
      vertex 33.911285400390625 -1.5688581466674805 74.02644348144531
      vertex 33.21696853637695 -0.5297384262084961 74.27503204345703
      vertex 33.58507537841797 -1.7432222366333008 74.02644348144531
    endloop
  endfacet
  facet normal 0.3388971726362014 -0.1811204855644486 0.9232248242373506
    outer loop
      vertex 34.93605041503906 -1.0979355573654175 73.83162689208984
      vertex 34.43186950683594 -1.0482778549194336 74.02644348144531
      vertex 34.98893737792969 -1.4204989671707153 73.74893188476562
    endloop
  endfacet
  facet normal 0.24172180563035453 -0.796849280267955 0.5537163472566468
    outer loop
      vertex 34.78582763671875 -4.642094612121582 71.92988586425781
      vertex 33.84325408935547 -4.928021430969238 71.92988586425781
      vertex 35.05673599243164 -5.296128273010254 70.87040710449219
    endloop
  endfacet
  facet normal 0.33413117054205854 -0.6251177280080948 0.7053964750423632
    outer loop
      vertex 35.153934478759766 -3.4286117553710938 72.83090209960938
      vertex 34.44102478027344 -3.80966854095459 72.83090209960938
      vertex 34.78582763671875 -4.642094612121582 71.92988586425781
    endloop
  endfacet
  facet normal 0.5282639997544969 -0.64368275540071 0.5537234480886022
    outer loop
      vertex 35.654510498046875 -4.1777753829956055 71.92988586425781
      vertex 36.13409423828125 -4.15745735168457 71.4959716796875
      vertex 36.117801666259766 -4.132145404815674 71.54093933105469
    endloop
  endfacet
  facet normal 0.5282578082610265 -0.6436941836330043 0.553716069812225
    outer loop
      vertex 36.04780960083008 -4.766388893127441 70.87040710449219
      vertex 36.13409423828125 -4.15745735168457 71.4959716796875
      vertex 35.654510498046875 -4.1777753829956055 71.92988586425781
    endloop
  endfacet
  facet normal 0.5282701900239395 -0.6436894526967498 0.5537097568392938
    outer loop
      vertex 36.13409423828125 -4.15745735168457 71.4959716796875
      vertex 36.04780960083008 -4.766388893127441 70.87040710449219
      vertex 36.165618896484375 -4.175674915313721 71.44471740722656
    endloop
  endfacet
  facet normal 0.5282629130251738 -0.6436919400038345 0.5537138079335369
    outer loop
      vertex 36.165618896484375 -4.175674915313721 71.44471740722656
      vertex 36.04780960083008 -4.766388893127441 70.87040710449219
      vertex 36.51886749267578 -4.379802703857422 70.87040710449219
    endloop
  endfacet
  facet normal 0.5282626637282863 -0.6436854975877039 0.5537215349848384
    outer loop
      vertex 35.976871490478516 -3.9132187366485596 71.92988586425781
      vertex 35.654510498046875 -4.1777753829956055 71.92988586425781
      vertex 36.117801666259766 -4.132145404815674 71.54093933105469
    endloop
  endfacet
  facet normal -0.46242350039468255 0.8651337652529922 0.19418567017653382
    outer loop
      vertex 30.48267364501953 5.746633529663086 69.69318389892578
      vertex 29.26919174194336 5.378527641296387 68.44344329833984
      vertex 29.407299041748047 5.1718339920043945 69.69318389892578
    endloop
  endfacet
  facet normal -0.5865157034919977 0.7146706504694712 0.38111047074940096
    outer loop
      vertex 29.407299041748047 5.1718339920043945 69.69318389892578
      vertex 28.464725494384766 4.398283004760742 69.69318389892578
      vertex 28.809528350830078 4.053481101989746 70.87040710449219
    endloop
  endfacet
  facet normal -0.5865150426493211 0.7146708916714981 0.3811110354523086
    outer loop
      vertex 29.407299041748047 5.1718339920043945 69.69318389892578
      vertex 28.809528350830078 4.053481101989746 70.87040710449219
      vertex 29.67820930480957 4.766388893127441 70.87040710449219
    endloop
  endfacet
  facet normal -0.284759436386083 0.9387246485402229 -0.19418572968196016
    outer loop
      vertex 30.48267364501953 5.746633529663086 65.91947937011719
      vertex 30.387544631958008 5.976299285888672 67.16921997070312
      vertex 31.601028442382812 6.3444061279296875 67.16921997070312
    endloop
  endfacet
  facet normal -0.8651339410907453 0.46242241706526444 0.1941874665582548
    outer loop
      vertex 27.691173553466797 3.4557085037231445 69.69318389892578
      vertex 26.886707305908203 2.4754638671875 68.44344329833984
      vertex 27.116374969482422 2.3803329467773438 69.69318389892578
    endloop
  endfacet
  facet normal -0.9387240122267123 0.28476029580126505 0.19418754544037883
    outer loop
      vertex 26.886707305908203 2.4754638671875 68.44344329833984
      vertex 26.762413024902344 1.2134828567504883 69.69318389892578
      vertex 27.116374969482422 2.3803329467773438 69.69318389892578
    endloop
  endfacet
  facet normal -0.7146712302195823 0.5865163089453644 -0.38110845180543346
    outer loop
      vertex 28.809528350830078 4.053481101989746 64.74224853515625
      vertex 27.691173553466797 3.4557085037231445 65.91947937011719
      vertex 28.464725494384766 4.398283004760742 65.91947937011719
    endloop
  endfacet
  facet normal -0.7146763009811515 0.5865207696412119 -0.3810920775814934
    outer loop
      vertex 28.47783660888672 3.741612434387207 64.8843002319336
      vertex 28.809528350830078 4.053481101989746 64.74224853515625
      vertex 28.649213790893555 3.858137607574463 64.74224853515625
    endloop
  endfacet
  facet normal -0.7146742958476785 0.5865079096893098 -0.3811156290766641
    outer loop
      vertex 28.47783660888672 3.741612434387207 64.8843002319336
      vertex 27.691173553466797 3.4557085037231445 65.91947937011719
      vertex 28.809528350830078 4.053481101989746 64.74224853515625
    endloop
  endfacet
  facet normal -0.714668836659329 0.5865193019987581 -0.38110833406118394
    outer loop
      vertex 27.691173553466797 3.4557085037231445 65.91947937011719
      vertex 28.47783660888672 3.741612434387207 64.8843002319336
      vertex 27.963109970092773 3.2740068435668945 65.12989807128906
    endloop
  endfacet
  facet normal -0.7582957500598096 0.6223180752321402 0.19418488272930748
    outer loop
      vertex 28.464725494384766 4.398283004760742 69.69318389892578
      vertex 27.484481811523438 3.5938167572021484 68.44344329833984
      vertex 27.691173553466797 3.4557085037231445 69.69318389892578
    endloop
  endfacet
  facet normal -0.7582959881508153 0.6223176392806921 0.19418535010264049
    outer loop
      vertex 28.28894805908203 4.574061393737793 68.44344329833984
      vertex 27.484481811523438 3.5938167572021484 68.44344329833984
      vertex 28.464725494384766 4.398283004760742 69.69318389892578
    endloop
  endfacet
  facet normal -0.5282580496931141 0.6436845160893017 -0.5537270777931209
    outer loop
      vertex 29.11648178100586 4.129866123199463 64.5382080078125
      vertex 28.809528350830078 4.053481101989746 64.74224853515625
      vertex 29.67820930480957 4.766388893127441 64.74224853515625
    endloop
  endfacet
  facet normal -0.5282520688150878 0.6437031720492635 -0.553711096228255
    outer loop
      vertex 28.809528350830078 4.053481101989746 64.74224853515625
      vertex 29.11648178100586 4.129866123199463 64.5382080078125
      vertex 29.014421463012695 4.0736613273620605 64.57023620605469
    endloop
  endfacet
  facet normal -0.5282587625199877 0.6436848155686044 -0.5537260496195414
    outer loop
      vertex 29.67820930480957 4.766388893127441 64.74224853515625
      vertex 29.166584014892578 4.15745735168457 64.5224838256836
      vertex 29.11648178100586 4.129866123199463 64.5382080078125
    endloop
  endfacet
  facet normal -0.5282664097921836 0.6436874870165115 -0.5537156484547328
    outer loop
      vertex 29.67820930480957 4.766388893127441 64.74224853515625
      vertex 29.90591049194336 4.4135332107543945 64.11482238769531
      vertex 29.166584014892578 4.15745735168457 64.5224838256836
    endloop
  endfacet
  facet normal -0.5280444218647784 0.6438569353249023 -0.5537303814777699
    outer loop
      vertex 29.90591049194336 4.4135332107543945 64.11482238769531
      vertex 29.67820930480957 4.766388893127441 64.74224853515625
      vertex 29.913360595703125 4.414459705352783 64.10879516601562
    endloop
  endfacet
  facet normal -0.33412994986594735 0.6251119942696709 -0.705402134404748
    outer loop
      vertex 30.889568328857422 4.475217342376709 63.558868408203125
      vertex 30.67380714416504 4.4997100830078125 63.68277359008789
      vertex 30.940189361572266 4.642094612121582 63.68277359008789
    endloop
  endfacet
  facet normal -0.0694584272806588 0.7054010858472568 -0.7053969343321591
    outer loop
      vertex 31.882762908935547 4.928021430969238 63.68277359008789
      vertex 32.16061019897461 4.168691158294678 62.896080017089844
      vertex 32.024932861328125 4.213284015655518 62.95403289794922
    endloop
  endfacet
  facet normal -0.06947597536359013 0.7053970527995945 -0.7053992392602392
    outer loop
      vertex 32.16061019897461 4.168691158294678 62.896080017089844
      vertex 31.882762908935547 4.928021430969238 63.68277359008789
      vertex 32.863006591796875 5.024567604064941 63.68277359008789
    endloop
  endfacet
  facet normal -0.20575778575490877 0.678290316106196 -0.7053977464365718
    outer loop
      vertex 31.46630859375 4.4135332107543945 63.309532165527344
      vertex 31.882762908935547 4.928021430969238 63.68277359008789
      vertex 32.024932861328125 4.213284015655518 62.95403289794922
    endloop
  endfacet
  facet normal -0.20576163193853267 0.678291670622326 -0.705395322061584
    outer loop
      vertex 31.41187286376953 4.41925573348999 63.33091354370117
      vertex 31.882762908935547 4.928021430969238 63.68277359008789
      vertex 31.46630859375 4.4135332107543945 63.309532165527344
    endloop
  endfacet
  facet normal -0.20577900759893988 0.6782992240106299 -0.7053829901111686
    outer loop
      vertex 31.34368133544922 4.426424503326416 63.35770034790039
      vertex 31.882762908935547 4.928021430969238 63.68277359008789
      vertex 31.41187286376953 4.41925573348999 63.33091354370117
    endloop
  endfacet
  facet normal -0.20575623775219695 0.6782867997196993 -0.7054015792100765
    outer loop
      vertex 31.882762908935547 4.928021430969238 63.68277359008789
      vertex 31.34368133544922 4.426424503326416 63.35770034790039
      vertex 30.940189361572266 4.642094612121582 63.68277359008789
    endloop
  endfacet
  facet normal -0.6436808819836644 -0.5282562270304662 -0.5537330410696732
    outer loop
      vertex 28.809528350830078 -4.053481101989746 64.74224853515625
      vertex 28.649213790893555 -3.858137607574463 64.74224853515625
      vertex 28.799402236938477 -3.950676441192627 64.65594482421875
    endloop
  endfacet
  facet normal -0.6436830421069124 -0.5282551746425306 -0.5537315340193117
    outer loop
      vertex 28.809528350830078 -4.053481101989746 64.74224853515625
      vertex 28.799402236938477 -3.950676441192627 64.65594482421875
      vertex 28.869277954101562 -3.9937305450439453 64.61579132080078
    endloop
  endfacet
  facet normal -0.28475874422833336 0.9387247230076495 -0.19418638469190908
    outer loop
      vertex 31.649524688720703 6.100593566894531 65.91947937011719
      vertex 30.48267364501953 5.746633529663086 65.91947937011719
      vertex 31.601028442382812 6.3444061279296875 67.16921997070312
    endloop
  endfacet
  facet normal -0.26837675973275626 0.8847205430550252 -0.3811082202364149
    outer loop
      vertex 31.74465560913086 5.622339248657227 64.74224853515625
      vertex 30.669281005859375 5.296128273010254 64.74224853515625
      vertex 31.649524688720703 6.100593566894531 65.91947937011719
    endloop
  endfacet
  facet normal 0.06947583098791416 0.7053985264542146 -0.7053977798269294
    outer loop
      vertex 33.66747283935547 4.044322967529297 62.781761169433594
      vertex 32.863006591796875 4.123556137084961 62.781761169433594
      vertex 32.863006591796875 5.024567604064941 63.68277359008789
    endloop
  endfacet
  facet normal 0.06947585088136077 0.7053985340226698 -0.7053977702991265
    outer loop
      vertex 33.66747283935547 4.044322967529297 62.781761169433594
      vertex 32.863006591796875 5.024567604064941 63.68277359008789
      vertex 33.84325408935547 4.928021430969238 63.68277359008789
    endloop
  endfacet
  facet normal 0.7582956473218678 0.6223173595695115 -0.19418757743774673
    outer loop
      vertex 38.241539001464844 3.5938167572021484 67.16921997070312
      vertex 37.26129150390625 4.398283004760742 65.91947937011719
      vertex 37.43707275390625 4.574061393737793 67.16921997070312
    endloop
  endfacet
  facet normal 0.7582954092318964 0.6223177955215248 -0.19418711006413453
    outer loop
      vertex 38.03484344482422 3.4557085037231445 65.91947937011719
      vertex 37.26129150390625 4.398283004760742 65.91947937011719
      vertex 38.241539001464844 3.5938167572021484 67.16921997070312
    endloop
  endfacet
  facet normal 0.6343923024061005 0.7730112590692886 0
    outer loop
      vertex 37.43707275390625 4.574061393737793 67.16921997070312
      vertex 36.456825256347656 5.378527641296387 68.44344329833984
      vertex 37.43707275390625 4.574061393737793 68.44344329833984
    endloop
  endfacet
  facet normal 0.6343923024061005 0.7730112590692886 0
    outer loop
      vertex 36.456825256347656 5.378527641296387 68.44344329833984
      vertex 37.43707275390625 4.574061393737793 67.16921997070312
      vertex 36.456825256347656 5.378527641296387 67.16921997070312
    endloop
  endfacet
  facet normal 0.2847590029489316 0.9387246951726865 -0.19418613985678068
    outer loop
      vertex 35.243343353271484 5.746633529663086 65.91947937011719
      vertex 34.1249885559082 6.3444061279296875 67.16921997070312
      vertex 35.33847427368164 5.976299285888672 67.16921997070312
    endloop
  endfacet
  facet normal 0.28475874422833336 0.9387247230076495 -0.19418638469190908
    outer loop
      vertex 35.243343353271484 5.746633529663086 65.91947937011719
      vertex 34.07649230957031 6.100593566894531 65.91947937011719
      vertex 34.1249885559082 6.3444061279296875 67.16921997070312
    endloop
  endfacet
  facet normal 0.2057571459689198 0.6782903776644787 -0.7053978738630444
    outer loop
      vertex 34.44102478027344 3.80966854095459 62.781761169433594
      vertex 33.66747283935547 4.044322967529297 62.781761169433594
      vertex 34.78582763671875 4.642094612121582 63.68277359008789
    endloop
  endfacet
  facet normal 0.20575728369896285 0.6782902477409709 -0.7053979586193294
    outer loop
      vertex 34.78582763671875 4.642094612121582 63.68277359008789
      vertex 33.66747283935547 4.044322967529297 62.781761169433594
      vertex 33.84325408935547 4.928021430969238 63.68277359008789
    endloop
  endfacet
  facet normal 0.24172180563035453 0.796849280267955 0.5537163472566468
    outer loop
      vertex 35.05673599243164 5.296128273010254 70.87040710449219
      vertex 33.84325408935547 4.928021430969238 71.92988586425781
      vertex 34.78582763671875 4.642094612121582 71.92988586425781
    endloop
  endfacet
  facet normal 0.39253367050568433 0.7343811125470198 0.5537162622260033
    outer loop
      vertex 35.05673599243164 5.296128273010254 70.87040710449219
      vertex 34.78582763671875 4.642094612121582 71.92988586425781
      vertex 35.654510498046875 4.1777753829956055 71.92988586425781
    endloop
  endfacet
  facet normal 0.09801706718704398 0.9951847338761033 0
    outer loop
      vertex 34.1249885559082 6.3444061279296875 67.16921997070312
      vertex 32.863006591796875 6.468700408935547 68.44344329833984
      vertex 34.1249885559082 6.3444061279296875 68.44344329833984
    endloop
  endfacet
  facet normal 0.09801706718704398 0.9951847338761033 0
    outer loop
      vertex 32.863006591796875 6.468700408935547 68.44344329833984
      vertex 34.1249885559082 6.3444061279296875 67.16921997070312
      vertex 32.863006591796875 6.468700408935547 67.16921997070312
    endloop
  endfacet
  facet normal 0.3925344854666527 0.7343810630395645 0.5537157501537313
    outer loop
      vertex 36.04780960083008 4.766388893127441 70.87040710449219
      vertex 35.05673599243164 5.296128273010254 70.87040710449219
      vertex 35.654510498046875 4.1777753829956055 71.92988586425781
    endloop
  endfacet
  facet normal 0.26837651940392065 0.8847197107920642 0.3811103215194299
    outer loop
      vertex 35.243343353271484 5.746633529663086 69.69318389892578
      vertex 34.07649230957031 6.100593566894531 69.69318389892578
      vertex 35.05673599243164 5.296128273010254 70.87040710449219
    endloop
  endfacet
  facet normal 0.44967941586810917 0.5479339549338424 0.7053770651042419
    outer loop
      vertex 35.491111755371094 3.1819801330566406 72.80753326416016
      vertex 35.153934478759766 3.4286117553710938 72.83090209960938
      vertex 35.4875602722168 3.154811143875122 72.83090209960938
    endloop
  endfacet
  facet normal 0.44966906358306713 0.547918002608109 0.7053960558964502
    outer loop
      vertex 35.153934478759766 3.4286117553710938 72.83090209960938
      vertex 35.491111755371094 3.1819801330566406 72.80753326416016
      vertex 35.64323806762695 3.47680401802063 72.48155212402344
    endloop
  endfacet
  facet normal 0.24377333230325576 0.2970394282421315 0.9232237759759842
    outer loop
      vertex 35.029640197753906 2.166630744934082 73.538818359375
      vertex 33.911285400390625 1.5688581466674805 74.02644348144531
      vertex 34.19721221923828 1.3342046737670898 74.02644348144531
    endloop
  endfacet
  facet normal 0 0 1
    outer loop
      vertex 33.487876892089844 0.12429332733154297 74.27503204345703
      vertex 33.487876892089844 -0.12429332733154297 74.27503204345703
      vertex 33.5001220703125 0 74.27503204345703
    endloop
  endfacet
  facet normal 0 0 1
    outer loop
      vertex 33.451622009277344 0.24381160736083984 74.27503204345703
      vertex 33.487876892089844 -0.12429332733154297 74.27503204345703
      vertex 33.487876892089844 0.12429332733154297 74.27503204345703
    endloop
  endfacet
  facet normal 0 0 1
    outer loop
      vertex 33.451622009277344 0.24381160736083984 74.27503204345703
      vertex 33.451622009277344 -0.24381160736083984 74.27503204345703
      vertex 33.487876892089844 -0.12429332733154297 74.27503204345703
    endloop
  endfacet
  facet normal 0 0 1
    outer loop
      vertex 33.39274597167969 0.3539600372314453 74.27503204345703
      vertex 33.451622009277344 -0.24381160736083984 74.27503204345703
      vertex 33.451622009277344 0.24381160736083984 74.27503204345703
    endloop
  endfacet
  facet normal 0 0 1
    outer loop
      vertex 33.39274597167969 0.3539600372314453 74.27503204345703
      vertex 33.39274597167969 -0.3539600372314453 74.27503204345703
      vertex 33.451622009277344 -0.24381160736083984 74.27503204345703
    endloop
  endfacet
  facet normal 0 0 1
    outer loop
      vertex 33.313514709472656 0.45050525665283203 74.27503204345703
      vertex 33.39274597167969 -0.3539600372314453 74.27503204345703
      vertex 33.39274597167969 0.3539600372314453 74.27503204345703
    endloop
  endfacet
  facet normal 0 0 1
    outer loop
      vertex 33.313514709472656 0.45050525665283203 74.27503204345703
      vertex 33.313514709472656 -0.45050525665283203 74.27503204345703
      vertex 33.39274597167969 -0.3539600372314453 74.27503204345703
    endloop
  endfacet
  facet normal 0 0 1
    outer loop
      vertex 33.21696853637695 0.5297384262084961 74.27503204345703
      vertex 33.313514709472656 -0.45050525665283203 74.27503204345703
      vertex 33.313514709472656 0.45050525665283203 74.27503204345703
    endloop
  endfacet
  facet normal 0 0 1
    outer loop
      vertex 33.21696853637695 0.5297384262084961 74.27503204345703
      vertex 33.21696853637695 -0.5297384262084961 74.27503204345703
      vertex 33.313514709472656 -0.45050525665283203 74.27503204345703
    endloop
  endfacet
  facet normal 0 0 1
    outer loop
      vertex 33.10681915283203 0.5886135101318359 74.27503204345703
      vertex 33.21696853637695 -0.5297384262084961 74.27503204345703
      vertex 33.21696853637695 0.5297384262084961 74.27503204345703
    endloop
  endfacet
  facet normal 0 0 1
    outer loop
      vertex 33.10681915283203 0.5886135101318359 74.27503204345703
      vertex 33.10681915283203 -0.5886135101318359 74.27503204345703
      vertex 33.21696853637695 -0.5297384262084961 74.27503204345703
    endloop
  endfacet
  facet normal 0 0 1
    outer loop
      vertex 32.9873046875 0.6248693466186523 74.27503204345703
      vertex 33.10681915283203 -0.5886135101318359 74.27503204345703
      vertex 33.10681915283203 0.5886135101318359 74.27503204345703
    endloop
  endfacet
  facet normal 0 0 1
    outer loop
      vertex 32.9873046875 0.6248693466186523 74.27503204345703
      vertex 32.9873046875 -0.6248693466186523 74.27503204345703
      vertex 33.10681915283203 -0.5886135101318359 74.27503204345703
    endloop
  endfacet
  facet normal 0 0 1
    outer loop
      vertex 32.863006591796875 0.637110710144043 74.27503204345703
      vertex 32.9873046875 -0.6248693466186523 74.27503204345703
      vertex 32.9873046875 0.6248693466186523 74.27503204345703
    endloop
  endfacet
  facet normal 0 0 1
    outer loop
      vertex 32.863006591796875 0.637110710144043 74.27503204345703
      vertex 32.863006591796875 -0.637110710144043 74.27503204345703
      vertex 32.9873046875 -0.6248693466186523 74.27503204345703
    endloop
  endfacet
  facet normal 0 0 1
    outer loop
      vertex 32.73871612548828 0.6248693466186523 74.27503204345703
      vertex 32.863006591796875 -0.637110710144043 74.27503204345703
      vertex 32.863006591796875 0.637110710144043 74.27503204345703
    endloop
  endfacet
  facet normal 0 0 1
    outer loop
      vertex 32.73871612548828 0.6248693466186523 74.27503204345703
      vertex 32.73871612548828 -0.6248693466186523 74.27503204345703
      vertex 32.863006591796875 -0.637110710144043 74.27503204345703
    endloop
  endfacet
  facet normal 0 0 1
    outer loop
      vertex 32.619197845458984 0.5886135101318359 74.27503204345703
      vertex 32.73871612548828 -0.6248693466186523 74.27503204345703
      vertex 32.73871612548828 0.6248693466186523 74.27503204345703
    endloop
  endfacet
  facet normal 0 0 1
    outer loop
      vertex 32.619197845458984 0.5886135101318359 74.27503204345703
      vertex 32.619197845458984 -0.5886135101318359 74.27503204345703
      vertex 32.73871612548828 -0.6248693466186523 74.27503204345703
    endloop
  endfacet
  facet normal 0 0 1
    outer loop
      vertex 32.50904846191406 0.5297384262084961 74.27503204345703
      vertex 32.619197845458984 -0.5886135101318359 74.27503204345703
      vertex 32.619197845458984 0.5886135101318359 74.27503204345703
    endloop
  endfacet
  facet normal 0 0 1
    outer loop
      vertex 32.50904846191406 0.5297384262084961 74.27503204345703
      vertex 32.50904846191406 -0.5297384262084961 74.27503204345703
      vertex 32.619197845458984 -0.5886135101318359 74.27503204345703
    endloop
  endfacet
  facet normal 0 0 1
    outer loop
      vertex 32.41250228881836 0.45050525665283203 74.27503204345703
      vertex 32.50904846191406 -0.5297384262084961 74.27503204345703
      vertex 32.50904846191406 0.5297384262084961 74.27503204345703
    endloop
  endfacet
  facet normal 0 0 1
    outer loop
      vertex 32.41250228881836 0.45050525665283203 74.27503204345703
      vertex 32.41250228881836 -0.45050525665283203 74.27503204345703
      vertex 32.50904846191406 -0.5297384262084961 74.27503204345703
    endloop
  endfacet
  facet normal 0 0 1
    outer loop
      vertex 32.33327102661133 0.3539600372314453 74.27503204345703
      vertex 32.41250228881836 -0.45050525665283203 74.27503204345703
      vertex 32.41250228881836 0.45050525665283203 74.27503204345703
    endloop
  endfacet
  facet normal 0 0 1
    outer loop
      vertex 32.33327102661133 0.3539600372314453 74.27503204345703
      vertex 32.33327102661133 -0.3539600372314453 74.27503204345703
      vertex 32.41250228881836 -0.45050525665283203 74.27503204345703
    endloop
  endfacet
  facet normal 0 0 1
    outer loop
      vertex 32.27439498901367 0.24381160736083984 74.27503204345703
      vertex 32.33327102661133 -0.3539600372314453 74.27503204345703
      vertex 32.33327102661133 0.3539600372314453 74.27503204345703
    endloop
  endfacet
  facet normal 0 0 1
    outer loop
      vertex 32.27439498901367 0.24381160736083984 74.27503204345703
      vertex 32.27439498901367 -0.24381160736083984 74.27503204345703
      vertex 32.33327102661133 -0.3539600372314453 74.27503204345703
    endloop
  endfacet
  facet normal 0 0 1
    outer loop
      vertex 32.23814010620117 0.12429332733154297 74.27503204345703
      vertex 32.27439498901367 -0.24381160736083984 74.27503204345703
      vertex 32.27439498901367 0.24381160736083984 74.27503204345703
    endloop
  endfacet
  facet normal 0 0 1
    outer loop
      vertex 32.23814010620117 0.12429332733154297 74.27503204345703
      vertex 32.23814010620117 -0.12429332733154297 74.27503204345703
      vertex 32.27439498901367 -0.24381160736083984 74.27503204345703
    endloop
  endfacet
  facet normal 0 0 1
    outer loop
      vertex 32.23814010620117 -0.12429332733154297 74.27503204345703
      vertex 32.23814010620117 0.12429332733154297 74.27503204345703
      vertex 32.22589874267578 0 74.27503204345703
    endloop
  endfacet
  facet normal 0.151507532509679 0.12434072037250038 0.9806043304259248
    outer loop
      vertex 34.19721221923828 1.3342046737670898 74.02644348144531
      vertex 33.39274597167969 0.3539600372314453 74.27503204345703
      vertex 34.43186950683594 1.0482778549194336 74.02644348144531
    endloop
  endfacet
  facet normal 0.5865174576247111 0.7146754974384809 0.38109868179056366
    outer loop
      vertex 36.549137115478516 4.4135332107543945 70.76056671142578
      vertex 36.04780960083008 4.766388893127441 70.87040710449219
      vertex 36.51886749267578 4.379802703857422 70.87040710449219
    endloop
  endfacet
  facet normal 0.5865156835910236 0.7146674005089692 0.3811165957440153
    outer loop
      vertex 36.705997467041016 4.447283744812012 70.45587921142578
      vertex 36.04780960083008 4.766388893127441 70.87040710449219
      vertex 36.549137115478516 4.4135332107543945 70.76056671142578
    endloop
  endfacet
  facet normal 0.5865140058533646 0.7146721461347125 0.38111027862948493
    outer loop
      vertex 36.04780960083008 4.766388893127441 70.87040710449219
      vertex 36.705997467041016 4.447283744812012 70.45587921142578
      vertex 36.31871795654297 5.1718339920043945 69.69318389892578
    endloop
  endfacet
  facet normal -0.18114033083117775 0.3388896884786969 0.9232236779833927
    outer loop
      vertex 31.69043731689453 2.830839157104492 73.538818359375
      vertex 31.16069793701172 2.547687530517578 73.538818359375
      vertex 31.81473159790039 1.5688581466674805 74.02644348144531
    endloop
  endfacet
  facet normal -0.5282627673117231 0.6436904188643274 0.5537157152677057
    outer loop
      vertex 30.071508407592773 4.1777753829956055 71.92988586425781
      vertex 28.809528350830078 4.053481101989746 70.87040710449219
      vertex 29.310102462768555 3.552906036376953 71.92988586425781
    endloop
  endfacet
  facet normal -0.20575771716146085 0.6782916766740316 0.7053964581589812
    outer loop
      vertex 31.882762908935547 4.928021430969238 71.92988586425781
      vertex 30.940189361572266 4.642094612121582 71.92988586425781
      vertex 32.05854415893555 4.044322967529297 72.83090209960938
    endloop
  endfacet
  facet normal -0.2057575794310235 0.6782918065974698 0.7053963734025196
    outer loop
      vertex 32.05854415893555 4.044322967529297 72.83090209960938
      vertex 30.940189361572266 4.642094612121582 71.92988586425781
      vertex 31.284992218017578 3.80966854095459 72.83090209960938
    endloop
  endfacet
  facet normal -0.3824130629747609 0.03766360730251782 0.9232235384516705
    outer loop
      vertex 29.857805252075195 0.5977716445922852 73.538818359375
      vertex 29.798931121826172 0 73.538818359375
      vertex 30.976158142089844 0 74.02644348144531
    endloop
  endfacet
  facet normal -0.19505409454500008 0.019210428505724818 0.9806043338869437
    outer loop
      vertex 32.23814010620117 0.12429332733154297 74.27503204345703
      vertex 30.976158142089844 0 74.02644348144531
      vertex 32.22589874267578 0 74.27503204345703
    endloop
  endfacet
  facet normal -0.11154470860705666 0.3677167004277607 0.9232238115474966
    outer loop
      vertex 32.265235900878906 3.0052032470703125 73.538818359375
      vertex 32.14094161987305 1.7432222366333008 74.02644348144531
      vertex 32.494903564453125 1.8505945205688477 74.02644348144531
    endloop
  endfacet
  facet normal -0.1811414668826135 0.3388895150573703 0.9232235187427773
    outer loop
      vertex 32.14094161987305 1.7432222366333008 74.02644348144531
      vertex 31.69043731689453 2.830839157104492 73.538818359375
      vertex 31.81473159790039 1.5688581466674805 74.02644348144531
    endloop
  endfacet
  facet normal -0.09239339113874086 -0.17285468676150575 0.9806042619418219
    outer loop
      vertex 32.50904846191406 -0.5297384262084961 74.27503204345703
      vertex 31.81473159790039 -1.5688581466674805 74.02644348144531
      vertex 32.14094161987305 -1.7432222366333008 74.02644348144531
    endloop
  endfacet
  facet normal -0.01921088464102623 -0.1950542360155552 0.9806042968107459
    outer loop
      vertex 32.863006591796875 -0.637110710144043 74.27503204345703
      vertex 32.73871612548828 -0.6248693466186523 74.27503204345703
      vertex 32.863006591796875 -1.886850357055664 74.02644348144531
    endloop
  endfacet
  facet normal 0.0923915162807855 0.17285527059902367 0.9806043356754424
    outer loop
      vertex 33.58507537841797 1.7432222366333008 74.02644348144531
      vertex 33.10681915283203 0.5886135101318359 74.27503204345703
      vertex 33.21696853637695 0.5297384262084961 74.27503204345703
    endloop
  endfacet
  facet normal 0.19505464462114883 -0.01921646912043605 0.9806041061132982
    outer loop
      vertex 33.5001220703125 0 74.27503204345703
      vertex 33.487876892089844 -0.12429332733154297 74.27503204345703
      vertex 34.74985885620117 0 74.02644348144531
    endloop
  endfacet
  facet normal -0.8847179300229999 -0.268379293333642 -0.3811125020326062
    outer loop
      vertex 27.021623611450195 -1.7220745086669922 65.67589569091797
      vertex 26.762413024902344 -1.2134828567504883 65.91947937011719
      vertex 26.919824600219727 -1.4052891731262207 65.68913269042969
    endloop
  endfacet
  facet normal -0.8847214676302745 -0.26837496830770446 -0.38110733540561986
    outer loop
      vertex 27.116374969482422 -2.3803329467773438 65.91947937011719
      vertex 27.021623611450195 -1.7220745086669922 65.67589569091797
      vertex 27.280475616455078 -2.3123600482940674 65.49066162109375
    endloop
  endfacet
  facet normal -0.8847171608284401 -0.2683774113973741 -0.38111561288841056
    outer loop
      vertex 27.021623611450195 -1.7220745086669922 65.67589569091797
      vertex 27.116374969482422 -2.3803329467773438 65.91947937011719
      vertex 26.762413024902344 -1.2134828567504883 65.91947937011719
    endloop
  endfacet
  facet normal -0.9762411721242443 0.0961503519433733 -0.19418620875501663
    outer loop
      vertex 26.64289665222168 0 65.91947937011719
      vertex 26.39430809020996 0 67.16921997070312
      vertex 26.762413024902344 1.2134828567504883 65.91947937011719
    endloop
  endfacet
  facet normal 0.2627662897107338 -0.49160294070922256 -0.8302291404652691
    outer loop
      vertex 34.44102478027344 -3.80966854095459 62.781761169433594
      vertex 34.035579681396484 -2.830839157104492 62.07384490966797
      vertex 35.153934478759766 -3.4286117553710938 62.781761169433594
    endloop
  endfacet
  facet normal 0.33413046663971757 -0.6251164110946462 -0.705397975502676
    outer loop
      vertex 34.78582763671875 -4.642094612121582 63.68277359008789
      vertex 34.44102478027344 -3.80966854095459 62.781761169433594
      vertex 35.153934478759766 -3.4286117553710938 62.781761169433594
    endloop
  endfacet
  facet normal -0.39253538358757095 -0.7343792831974028 -0.5537174740264456
    outer loop
      vertex 30.67153549194336 -4.5 63.68476867675781
      vertex 30.669281005859375 -5.296128273010254 64.74224853515625
      vertex 30.21628761291504 -4.448637008666992 63.93937683105469
    endloop
  endfacet
  facet normal -0.39254599150227315 -0.7344005159938509 -0.5536817918836259
    outer loop
      vertex 30.940189361572266 -4.642094612121582 63.68277359008789
      vertex 30.67153549194336 -4.5 63.68476867675781
      vertex 30.67380714416504 -4.4997100830078125 63.68277359008789
    endloop
  endfacet
  facet normal -0.39253508140921467 -0.7343793865394941 -0.5537175511837579
    outer loop
      vertex 30.67153549194336 -4.5 63.68476867675781
      vertex 30.940189361572266 -4.642094612121582 63.68277359008789
      vertex 30.669281005859375 -5.296128273010254 64.74224853515625
    endloop
  endfacet
  facet normal 0.6782889035403602 -0.20575946115654745 -0.705398616016918
    outer loop
      vertex 37.505104064941406 -1.9228181838989258 63.68277359008789
      vertex 36.67267608642578 -1.5780162811279297 62.781761169433594
      vertex 36.90733337402344 -0.8044652938842773 62.781761169433594
    endloop
  endfacet
  facet normal 0.5479191166498018 -0.4496625714930611 -0.7053993290384879
    outer loop
      vertex 37.04078674316406 -2.7915000915527344 63.68277359008789
      vertex 35.778804779052734 -2.9157943725585938 62.781761169433594
      vertex 36.29161834716797 -2.2909250259399414 62.781761169433594
    endloop
  endfacet
  facet normal -0.06947597536359013 -0.7053970527995945 -0.7053992392602392
    outer loop
      vertex 31.882762908935547 -4.928021430969238 63.68277359008789
      vertex 32.16061019897461 -4.168691158294678 62.896080017089844
      vertex 32.863006591796875 -5.024567604064941 63.68277359008789
    endloop
  endfacet
  facet normal -0.0694584272806588 -0.7054010858472568 -0.7053969343321591
    outer loop
      vertex 32.16061019897461 -4.168691158294678 62.896080017089844
      vertex 31.882762908935547 -4.928021430969238 63.68277359008789
      vertex 32.024932861328125 -4.213284015655518 62.95403289794922
    endloop
  endfacet
  facet normal 0.05461892959936616 -0.5547423929086148 -0.8302274688538337
    outer loop
      vertex 33.66747283935547 -4.044322967529297 62.781761169433594
      vertex 33.48236846923828 -3.1819801330566406 62.193382263183594
      vertex 33.4925422668457 -3.1648788452148438 62.18262481689453
    endloop
  endfacet
  facet normal 0.05463403387536113 -0.5547397002388198 -0.8302282742242943
    outer loop
      vertex 33.66747283935547 -4.044322967529297 62.781761169433594
      vertex 33.248653411865234 -3.402064800262451 62.32505798339844
      vertex 33.48236846923828 -3.1819801330566406 62.193382263183594
    endloop
  endfacet
  facet normal 0.05463706058511078 -0.554738266221404 -0.8302290332193217
    outer loop
      vertex 33.248653411865234 -3.402064800262451 62.32505798339844
      vertex 33.66747283935547 -4.044322967529297 62.781761169433594
      vertex 32.863006591796875 -4.123556137084961 62.781761169433594
    endloop
  endfacet
  facet normal 0.1811430985531412 -0.3388894749736734 -0.923223213312271
    outer loop
      vertex 34.5653190612793 -2.547687530517578 62.07384490966797
      vertex 34.12588882446289 -2.1870553493499756 61.855247497558594
      vertex 34.20659637451172 -2.010822296142578 61.806392669677734
    endloop
  endfacet
  facet normal -0.29028507626304056 -0.9569402146941891 0
    outer loop
      vertex 30.387544631958008 -5.976299285888672 67.16921997070312
      vertex 31.601028442382812 -6.3444061279296875 68.44344329833984
      vertex 30.387544631958008 -5.976299285888672 68.44344329833984
    endloop
  endfacet
  facet normal -0.29028507626304056 -0.9569402146941891 0
    outer loop
      vertex 31.601028442382812 -6.3444061279296875 68.44344329833984
      vertex 30.387544631958008 -5.976299285888672 67.16921997070312
      vertex 31.601028442382812 -6.3444061279296875 67.16921997070312
    endloop
  endfacet
  facet normal -0.26837651940392065 -0.8847197107920642 0.3811103215194299
    outer loop
      vertex 30.669281005859375 -5.296128273010254 70.87040710449219
      vertex 30.48267364501953 -5.746633529663086 69.69318389892578
      vertex 31.649524688720703 -6.100593566894531 69.69318389892578
    endloop
  endfacet
  facet normal -0.28475874422833336 -0.9387247230076495 0.19418638469190908
    outer loop
      vertex 31.649524688720703 -6.100593566894531 69.69318389892578
      vertex 30.48267364501953 -5.746633529663086 69.69318389892578
      vertex 31.601028442382812 -6.3444061279296875 68.44344329833984
    endloop
  endfacet
  facet normal -0.815363119045238 -0.4358194337161294 0.38110944005124475
    outer loop
      vertex 27.566879272460938 -2.193727493286133 70.87040710449219
      vertex 27.116374969482422 -2.3803329467773438 69.69318389892578
      vertex 27.691173553466797 -3.4557085037231445 69.69318389892578
    endloop
  endfacet
  facet normal -0.8651339410907453 -0.46242241706526444 0.1941874665582548
    outer loop
      vertex 27.116374969482422 -2.3803329467773438 69.69318389892578
      vertex 26.886707305908203 -2.4754638671875 68.44344329833984
      vertex 27.691173553466797 -3.4557085037231445 69.69318389892578
    endloop
  endfacet
  facet normal -0.20575778575490877 -0.678290316106196 -0.7053977464365718
    outer loop
      vertex 31.882762908935547 -4.928021430969238 63.68277359008789
      vertex 31.46630859375 -4.4135332107543945 63.309532165527344
      vertex 32.024932861328125 -4.213284015655518 62.95403289794922
    endloop
  endfacet
  facet normal -0.20576163193853267 -0.678291670622326 -0.705395322061584
    outer loop
      vertex 31.882762908935547 -4.928021430969238 63.68277359008789
      vertex 31.41187286376953 -4.41925573348999 63.33091354370117
      vertex 31.46630859375 -4.4135332107543945 63.309532165527344
    endloop
  endfacet
  facet normal -0.20577900759893988 -0.6782992240106299 -0.7053829901111686
    outer loop
      vertex 31.882762908935547 -4.928021430969238 63.68277359008789
      vertex 31.34368133544922 -4.426424503326416 63.35770034790039
      vertex 31.41187286376953 -4.41925573348999 63.33091354370117
    endloop
  endfacet
  facet normal -0.20575623775219695 -0.6782867997196993 -0.7054015792100765
    outer loop
      vertex 31.34368133544922 -4.426424503326416 63.35770034790039
      vertex 31.882762908935547 -4.928021430969238 63.68277359008789
      vertex 30.940189361572266 -4.642094612121582 63.68277359008789
    endloop
  endfacet
  facet normal 0.08161950588677447 -0.8286948496464059 -0.5537175294573214
    outer loop
      vertex 33.981361389160156 -5.622339248657227 64.74224853515625
      vertex 32.863006591796875 -5.024567604064941 63.68277359008789
      vertex 33.84325408935547 -4.928021430969238 63.68277359008789
    endloop
  endfacet
  facet normal -0.33412994986594735 -0.6251119942696709 -0.705402134404748
    outer loop
      vertex 30.940189361572266 -4.642094612121582 63.68277359008789
      vertex 30.67380714416504 -4.4997100830078125 63.68277359008789
      vertex 30.889568328857422 -4.475217342376709 63.558868408203125
    endloop
  endfacet
  facet normal 0.054637894788376065 -0.5547385551568089 -0.8302287852608041
    outer loop
      vertex 32.863006591796875 -4.123556137084961 62.781761169433594
      vertex 32.88808059692383 -3.741612434387207 62.52820587158203
      vertex 33.248653411865234 -3.402064800262451 62.32505798339844
    endloop
  endfacet
  facet normal 0.05455897267066024 -0.5547373528538003 -0.8302347787522999
    outer loop
      vertex 32.88808059692383 -3.741612434387207 62.52820587158203
      vertex 32.863006591796875 -4.123556137084961 62.781761169433594
      vertex 32.863006591796875 -3.75533127784729 62.53572463989258
    endloop
  endfacet
  facet normal -0.3677169719316067 -0.1115453920362861 0.923223620835668
    outer loop
      vertex 31.012413024902344 -0.3681058883666992 74.02644348144531
      vertex 29.857805252075195 -0.5977716445922852 73.538818359375
      vertex 31.11978530883789 -0.7220659255981445 74.02644348144531
    endloop
  endfacet
  facet normal -0.5334202722851938 -0.16181151851598438 0.8302287911116675
    outer loop
      vertex 29.857805252075195 -0.5977716445922852 73.538818359375
      vertex 29.053340911865234 -1.5780162811279297 72.83090209960938
      vertex 30.032169342041016 -1.172572135925293 73.538818359375
    endloop
  endfacet
  facet normal -0.2970395239498164 -0.24377341084832105 0.9232237244433453
    outer loop
      vertex 31.294151306152344 -1.0482778549194336 74.02644348144531
      vertex 30.31532096862793 -1.702310562133789 73.538818359375
      vertex 31.528804779052734 -1.3342046737670898 74.02644348144531
    endloop
  endfacet
  facet normal -0.4308938557371048 -0.35362369060118515 0.8302293481524298
    outer loop
      vertex 30.31532096862793 -1.702310562133789 73.538818359375
      vertex 29.434396743774414 -2.2909250259399414 72.83090209960938
      vertex 30.69637680053711 -2.166630744934082 73.538818359375
    endloop
  endfacet
  facet normal 0.056897329477563235 0.1875574961235296 0.9806043440379988
    outer loop
      vertex 33.58507537841797 1.7432222366333008 74.02644348144531
      vertex 32.9873046875 0.6248693466186523 74.27503204345703
      vertex 33.10681915283203 0.5886135101318359 74.27503204345703
    endloop
  endfacet
  facet normal -0.0568948129309376 -0.18755863136564355 0.9806042729163483
    outer loop
      vertex 32.73871612548828 -0.6248693466186523 74.27503204345703
      vertex 32.14094161987305 -1.7432222366333008 74.02644348144531
      vertex 32.494903564453125 -1.8505945205688477 74.02644348144531
    endloop
  endfacet
  facet normal -0.18114033083117775 -0.3388896884786969 0.9232236779833927
    outer loop
      vertex 31.81473159790039 -1.5688581466674805 74.02644348144531
      vertex 31.16069793701172 -2.547687530517578 73.538818359375
      vertex 31.69043731689453 -2.830839157104492 73.538818359375
    endloop
  endfacet
  facet normal 0.05689539056337313 -0.18755851421445505 0.98060426180917
    outer loop
      vertex 33.58507537841797 -1.7432222366333008 74.02644348144531
      vertex 32.9873046875 -0.6248693466186523 74.27503204345703
      vertex 33.231117248535156 -1.8505945205688477 74.02644348144531
    endloop
  endfacet
  facet normal 0.019211233254525586 -0.19505437952444538 0.9806042614353528
    outer loop
      vertex 32.9873046875 -0.6248693466186523 74.27503204345703
      vertex 32.863006591796875 -1.886850357055664 74.02644348144531
      vertex 33.231117248535156 -1.8505945205688477 74.02644348144531
    endloop
  endfacet
  facet normal -0.12433974178059075 0.15150884787198052 0.9806042512810359
    outer loop
      vertex 32.50904846191406 0.5297384262084961 74.27503204345703
      vertex 31.528804779052734 1.3342046737670898 74.02644348144531
      vertex 32.41250228881836 0.45050525665283203 74.27503204345703
    endloop
  endfacet
  facet normal 0.01920970591555599 0.19505424043392844 0.9806043190234179
    outer loop
      vertex 32.863006591796875 1.886850357055664 74.02644348144531
      vertex 32.863006591796875 0.637110710144043 74.27503204345703
      vertex 32.9873046875 0.6248693466186523 74.27503204345703
    endloop
  endfacet
  facet normal -0.3925343516836892 -0.734380774477453 0.5537162277070828
    outer loop
      vertex 30.940189361572266 -4.642094612121582 71.92988586425781
      vertex 30.071508407592773 -4.1777753829956055 71.92988586425781
      vertex 30.669281005859375 -5.296128273010254 70.87040710449219
    endloop
  endfacet
  facet normal -0.5282627673117231 -0.6436904188643274 0.5537157152677057
    outer loop
      vertex 29.310102462768555 -3.552906036376953 71.92988586425781
      vertex 28.809528350830078 -4.053481101989746 70.87040710449219
      vertex 30.071508407592773 -4.1777753829956055 71.92988586425781
    endloop
  endfacet
  facet normal -0.20575771716146085 -0.6782916766740316 0.7053964581589812
    outer loop
      vertex 32.05854415893555 -4.044322967529297 72.83090209960938
      vertex 30.940189361572266 -4.642094612121582 71.92988586425781
      vertex 31.882762908935547 -4.928021430969238 71.92988586425781
    endloop
  endfacet
  facet normal -0.08161976309307176 -0.8286958095302213 0.5537160549773521
    outer loop
      vertex 32.863006591796875 -5.024567604064941 71.92988586425781
      vertex 31.74465560913086 -5.622339248657227 70.87040710449219
      vertex 32.863006591796875 -5.732487678527832 70.87040710449219
    endloop
  endfacet
  facet normal 0.44966906358306713 -0.547918002608109 0.7053960558964502
    outer loop
      vertex 35.491111755371094 -3.1819801330566406 72.80753326416016
      vertex 35.153934478759766 -3.4286117553710938 72.83090209960938
      vertex 35.64323806762695 -3.47680401802063 72.48155212402344
    endloop
  endfacet
  facet normal 0.44967941586810917 -0.5479339549338424 0.7053770651042419
    outer loop
      vertex 35.153934478759766 -3.4286117553710938 72.83090209960938
      vertex 35.491111755371094 -3.1819801330566406 72.80753326416016
      vertex 35.4875602722168 -3.154811143875122 72.83090209960938
    endloop
  endfacet
  facet normal -0.8286957711477702 0.08162032677987262 0.5537160293310545
    outer loop
      vertex 27.24066925048828 1.1183528900146484 70.87040710449219
      vertex 27.13051986694336 0 70.87040710449219
      vertex 27.83843994140625 0 71.92988586425781
    endloop
  endfacet
  facet normal -0.9200771066057745 0.09062070390419787 0.3811115400035193
    outer loop
      vertex 27.24066925048828 1.1183528900146484 70.87040710449219
      vertex 26.762413024902344 1.2134828567504883 69.69318389892578
      vertex 27.13051986694336 0 70.87040710449219
    endloop
  endfacet
  facet normal -0.5547382727125345 0.05463712599535862 0.8302290245774843
    outer loop
      vertex 28.81868553161621 0.8044652938842773 72.83090209960938
      vertex 28.739452362060547 0 72.83090209960938
      vertex 29.857805252075195 0.5977716445922852 73.538818359375
    endloop
  endfacet
  facet normal -0.6251174474286442 0.3341306313105719 0.7053969791119712
    outer loop
      vertex 29.434396743774414 2.2909250259399414 72.83090209960938
      vertex 28.22091293334961 1.9228181838989258 71.92988586425781
      vertex 29.053340911865234 1.5780162811279297 72.83090209960938
    endloop
  endfacet
  facet normal 0.449665021377674 -0.5479188622633843 -0.7053979649286028
    outer loop
      vertex 36.415916442871094 -3.552906036376953 63.68277359008789
      vertex 35.153934478759766 -3.4286117553710938 62.781761169433594
      vertex 35.778804779052734 -2.9157943725585938 62.781761169433594
    endloop
  endfacet
  facet normal 0.43089440497126613 -0.3536235190443088 -0.8302291361685508
    outer loop
      vertex 35.778804779052734 -2.9157943725585938 62.781761169433594
      vertex 35.029640197753906 -2.166630744934082 62.07384490966797
      vertex 36.29161834716797 -2.2909250259399414 62.781761169433594
    endloop
  endfacet
  facet normal 0.11154665086542184 0.367718840774644 -0.9232227243845657
    outer loop
      vertex 33.926753997802734 2.568108558654785 61.956050872802734
      vertex 33.63115310668945 2.9535210132598877 62.07384490966797
      vertex 34.035579681396484 2.830839157104492 62.07384490966797
    endloop
  endfacet
  facet normal 0.18114583852903882 0.33888647740217626 -0.9232237760248355
    outer loop
      vertex 33.98253631591797 2.500065803527832 61.9420166015625
      vertex 34.5653190612793 2.547687530517578 62.07384490966797
      vertex 34.12588882446289 2.1870553493499756 61.855247497558594
    endloop
  endfacet
  facet normal 0.18114419236044577 0.33889691289108853 -0.9232202684121334
    outer loop
      vertex 34.5653190612793 2.547687530517578 62.07384490966797
      vertex 33.98253631591797 2.500065803527832 61.9420166015625
      vertex 34.035579681396484 2.830839157104492 62.07384490966797
    endloop
  endfacet
  facet normal 0.18111654903597654 0.3389026656811478 -0.9232235801037096
    outer loop
      vertex 34.035579681396484 2.830839157104492 62.07384490966797
      vertex 33.98253631591797 2.500065803527832 61.9420166015625
      vertex 33.926753997802734 2.568108558654785 61.956050872802734
    endloop
  endfacet
  facet normal 0.18778265732198116 -0.056464990875466484 -0.9805862422115297
    outer loop
      vertex 34.606231689453125 -0.7220659255981445 61.586219787597656
      vertex 34.569210052490234 -0.7067304849624634 61.5782470703125
      vertex 34.5695915222168 -0.7024807333946228 61.57807540893555
    endloop
  endfacet
  facet normal 0.17286516877994448 0.09240140929194345 -0.9806016586685666
    outer loop
      vertex 34.56893539428711 0.7107523679733276 61.57857894897461
      vertex 34.56263732910156 0.8036225438117981 61.586219787597656
      vertex 34.606231689453125 0.7220659255981445 61.586219787597656
    endloop
  endfacet
  facet normal 0.3388183067652789 0.18110813913516394 -0.9232561924729816
    outer loop
      vertex 34.561973571777344 0.8779058456420898 61.600547790527344
      vertex 34.606231689453125 0.7220659255981445 61.586219787597656
      vertex 34.56263732910156 0.8036225438117981 61.586219787597656
    endloop
  endfacet
  facet normal 0.33889566842701346 0.18112715607418445 -0.9232240677397258
    outer loop
      vertex 34.606231689453125 0.7220659255981445 61.586219787597656
      vertex 34.561973571777344 0.8779058456420898 61.600547790527344
      vertex 35.69384765625 1.172572135925293 62.07384490966797
    endloop
  endfacet
  facet normal 0.3388917419921949 0.18114038459686646 -0.9232229136441507
    outer loop
      vertex 35.69384765625 1.172572135925293 62.07384490966797
      vertex 34.561973571777344 0.8779058456420898 61.600547790527344
      vertex 34.50906753540039 1.055881381034851 61.61604690551758
    endloop
  endfacet
  facet normal 0.7053982328696718 0.06947421196881765 -0.7053982328696718
    outer loop
      vertex 36.98656463623047 0 62.781761169433594
      vertex 36.90733337402344 0.8044652938842773 62.781761169433594
      vertex 37.887577056884766 0 63.68277359008789
    endloop
  endfacet
  facet normal 0.9200781625318166 -0.09062080790500446 -0.38110896605396255
    outer loop
      vertex 39.08312225341797 0 65.91947937011719
      vertex 38.485347747802734 -1.1183528900146484 64.74224853515625
      vertex 38.595497131347656 0 64.74224853515625
    endloop
  endfacet
  facet normal 0.976226929537189 0.09621632427517479 -0.1942251296546525
    outer loop
      vertex 39.09944152832031 0.0631256029009819 66.03277587890625
      vertex 39.08312225341797 0 65.91947937011719
      vertex 39.094749450683594 0.11807844787836075 66.03641510009766
    endloop
  endfacet
  facet normal 0.9762428635651154 0.09613803435848538 -0.1941838038763024
    outer loop
      vertex 39.08312225341797 0 65.91947937011719
      vertex 39.09944152832031 0.0631256029009819 66.03277587890625
      vertex 39.104827880859375 0 66.02860260009766
    endloop
  endfacet
  facet normal 0.491602989237737 0.26276732478672565 -0.83022878412938
    outer loop
      vertex 36.67267608642578 1.5780162811279297 62.781761169433594
      vertex 35.69384765625 1.172572135925293 62.07384490966797
      vertex 36.29161834716797 2.2909250259399414 62.781761169433594
    endloop
  endfacet
  facet normal 0.6436897484147504 0.5282630233210082 -0.5537162504184824
    outer loop
      vertex 37.04078674316406 2.7915000915527344 63.68277359008789
      vertex 36.415916442871094 3.552906036376953 63.68277359008789
      vertex 36.91648864746094 4.053481101989746 64.74224853515625
    endloop
  endfacet
  facet normal 0.6436896308072366 0.528263080621731 -0.5537163324693269
    outer loop
      vertex 37.04078674316406 2.7915000915527344 63.68277359008789
      vertex 36.91648864746094 4.053481101989746 64.74224853515625
      vertex 37.629398345947266 3.1847991943359375 64.74224853515625
    endloop
  endfacet
  facet normal 0.1727675217258731 0.09271494769998707 -0.9805892727894225
    outer loop
      vertex 34.569210052490234 0.7067304849624634 61.5782470703125
      vertex 34.56893539428711 0.7107523679733276 61.57857894897461
      vertex 34.606231689453125 0.7220659255981445 61.586219787597656
    endloop
  endfacet
  facet normal -0.054637200676471556 0.5547377373181199 -0.8302293773996506
    outer loop
      vertex 32.71318435668945 3.8432564735412598 62.604331970214844
      vertex 32.32572937011719 4.070638656616211 62.781761169433594
      vertex 32.863006591796875 4.123556137084961 62.781761169433594
    endloop
  endfacet
  facet normal -0.05462987266660742 0.554735199192396 -0.8302315555249649
    outer loop
      vertex 32.863006591796875 3.75533127784729 62.53572463989258
      vertex 32.71318435668945 3.8432564735412598 62.604331970214844
      vertex 32.863006591796875 4.123556137084961 62.781761169433594
    endloop
  endfacet
  facet normal 0.6251162936244307 0.334129582644362 -0.7053984983306661
    outer loop
      vertex 37.505104064941406 1.9228181838989258 63.68277359008789
      vertex 36.67267608642578 1.5780162811279297 62.781761169433594
      vertex 37.04078674316406 2.7915000915527344 63.68277359008789
    endloop
  endfacet
  facet normal 0.7582954092318964 -0.6223177955215248 -0.19418711006413453
    outer loop
      vertex 38.241539001464844 -3.5938167572021484 67.16921997070312
      vertex 37.26129150390625 -4.398283004760742 65.91947937011719
      vertex 38.03484344482422 -3.4557085037231445 65.91947937011719
    endloop
  endfacet
  facet normal 0.865134412633418 -0.4624215599849649 -0.19418740674539764
    outer loop
      vertex 38.4700813293457 -3.1662423610687256 67.16921997070312
      vertex 38.03484344482422 -3.4557085037231445 65.91947937011719
      vertex 38.632408142089844 -2.7275733947753906 66.8478012084961
    endloop
  endfacet
  facet normal 0.8651342324526249 -0.46242196259208596 -0.19418725074291404
    outer loop
      vertex 38.03484344482422 -3.4557085037231445 65.91947937011719
      vertex 38.4700813293457 -3.1662423610687256 67.16921997070312
      vertex 38.241539001464844 -3.5938167572021484 67.16921997070312
    endloop
  endfacet
  facet normal 0.6223163151488632 -0.7582965879126295 -0.1941872515372839
    outer loop
      vertex 37.43707275390625 -4.574061393737793 67.16921997070312
      vertex 36.456825256347656 -5.378527641296387 67.16921997070312
      vertex 37.26129150390625 -4.398283004760742 65.91947937011719
    endloop
  endfacet
  facet normal 0.4624239568125283 -0.865133519108833 0.19418567990511404
    outer loop
      vertex 36.31871795654297 -5.1718339920043945 69.69318389892578
      vertex 35.33847427368164 -5.976299285888672 68.44344329833984
      vertex 36.456825256347656 -5.378527641296387 68.44344329833984
    endloop
  endfacet
  facet normal 0.3925332371735235 -0.7343803018370647 -0.5537176446419022
    outer loop
      vertex 35.05673599243164 -5.296128273010254 64.74224853515625
      vertex 34.78582763671875 -4.642094612121582 63.68277359008789
      vertex 35.654510498046875 -4.1777753829956055 63.68277359008789
    endloop
  endfacet
  facet normal 0.39253405213439374 -0.7343802523311636 -0.5537171325694823
    outer loop
      vertex 36.04780960083008 -4.766388893127441 64.74224853515625
      vertex 35.05673599243164 -5.296128273010254 64.74224853515625
      vertex 35.654510498046875 -4.1777753829956055 63.68277359008789
    endloop
  endfacet
  facet normal 0.38240484729503155 -0.0376858111956707 0.9232260353780043
    outer loop
      vertex 34.90032196044922 -0.3114651143550873 73.951416015625
      vertex 34.71360397338867 -0.3681058883666992 74.02644348144531
      vertex 34.90744400024414 -0.40666308999061584 73.944580078125
    endloop
  endfacet
  facet normal 0.20575771716146085 -0.6782916766740316 0.7053964581589812
    outer loop
      vertex 34.78582763671875 -4.642094612121582 71.92988586425781
      vertex 33.66747283935547 -4.044322967529297 72.83090209960938
      vertex 33.84325408935547 -4.928021430969238 71.92988586425781
    endloop
  endfacet
  facet normal 0.08161959598957032 -0.8286957644733465 0.5537161470414559
    outer loop
      vertex 33.84325408935547 -4.928021430969238 71.92988586425781
      vertex 32.863006591796875 -5.024567604064941 71.92988586425781
      vertex 33.981361389160156 -5.622339248657227 70.87040710449219
    endloop
  endfacet
  facet normal 0.2437731303169408 0.2970397620328778 0.9232237219151874
    outer loop
      vertex 34.5653190612793 2.547687530517578 73.538818359375
      vertex 33.911285400390625 1.5688581466674805 74.02644348144531
      vertex 35.029640197753906 2.166630744934082 73.538818359375
    endloop
  endfacet
  facet normal 0.2970372289219358 0.24377549029943643 0.92322391377371
    outer loop
      vertex 35.029640197753906 2.166630744934082 73.538818359375
      vertex 34.19721221923828 1.3342046737670898 74.02644348144531
      vertex 34.43186950683594 1.0482778549194336 74.02644348144531
    endloop
  endfacet
  facet normal 0.11154592735136032 0.3677167551454159 0.9232236425030781
    outer loop
      vertex 33.46078109741211 3.0052032470703125 73.538818359375
      vertex 33.231117248535156 1.8505945205688477 74.02644348144531
      vertex 33.58507537841797 1.7432222366333008 74.02644348144531
    endloop
  endfacet
  facet normal 0.11154620300132337 0.36771676752112636 0.9232236042691941
    outer loop
      vertex 34.035579681396484 2.830839157104492 73.538818359375
      vertex 33.46078109741211 3.0052032470703125 73.538818359375
      vertex 33.58507537841797 1.7432222366333008 74.02644348144531
    endloop
  endfacet
  facet normal 0.037664457283303664 0.3824125837308822 0.9232237022855431
    outer loop
      vertex 33.46078109741211 3.0052032470703125 73.538818359375
      vertex 32.863006591796875 1.886850357055664 74.02644348144531
      vertex 33.231117248535156 1.8505945205688477 74.02644348144531
    endloop
  endfacet
  facet normal 0.019211233254525586 0.19505437952444538 0.9806042614353528
    outer loop
      vertex 33.231117248535156 1.8505945205688477 74.02644348144531
      vertex 32.863006591796875 1.886850357055664 74.02644348144531
      vertex 32.9873046875 0.6248693466186523 74.27503204345703
    endloop
  endfacet
  facet normal 0.38240484729503155 0.0376858111956707 0.9232260353780043
    outer loop
      vertex 34.90744400024414 0.40666308999061584 73.944580078125
      vertex 34.71360397338867 0.3681058883666992 74.02644348144531
      vertex 34.90032196044922 0.3114651143550873 73.951416015625
    endloop
  endfacet
  facet normal 0.36771128601452036 0.11155301443960819 0.9232249645167663
    outer loop
      vertex 34.90459442138672 0.6926799416542053 73.9111557006836
      vertex 34.71360397338867 0.3681058883666992 74.02644348144531
      vertex 34.90744400024414 0.40666308999061584 73.944580078125
    endloop
  endfacet
  facet normal 0.3677206032441987 0.11154649357964037 0.9232220413962232
    outer loop
      vertex 34.71360397338867 0.3681058883666992 74.02644348144531
      vertex 34.90459442138672 0.6926799416542053 73.9111557006836
      vertex 34.606231689453125 0.7220659255981445 74.02644348144531
    endloop
  endfacet
  facet normal 0.3388971726362014 0.1811204855644486 0.9232248242373506
    outer loop
      vertex 34.98893737792969 1.4204989671707153 73.74893188476562
      vertex 34.43186950683594 1.0482778549194336 74.02644348144531
      vertex 34.93605041503906 1.0979355573654175 73.83162689208984
    endloop
  endfacet
  facet normal -0.151509844269951 0.12433879450731002 0.9806042174444102
    outer loop
      vertex 32.41250228881836 0.45050525665283203 74.27503204345703
      vertex 31.528804779052734 1.3342046737670898 74.02644348144531
      vertex 32.33327102661133 0.3539600372314453 74.27503204345703
    endloop
  endfacet
  facet normal 0.18755865155809054 -0.05689436738080791 0.9806042949049574
    outer loop
      vertex 33.487876892089844 -0.12429332733154297 74.27503204345703
      vertex 33.451622009277344 -0.24381160736083984 74.27503204345703
      vertex 34.606231689453125 -0.7220659255981445 74.02644348144531
    endloop
  endfacet
  facet normal 0.24377333230325576 -0.2970394282421315 0.9232237759759842
    outer loop
      vertex 34.19721221923828 -1.3342046737670898 74.02644348144531
      vertex 33.911285400390625 -1.5688581466674805 74.02644348144531
      vertex 35.029640197753906 -2.166630744934082 73.538818359375
    endloop
  endfacet
  facet normal 0.17285493607492494 -0.09239197350288746 0.9806043515642664
    outer loop
      vertex 34.606231689453125 -0.7220659255981445 74.02644348144531
      vertex 33.39274597167969 -0.3539600372314453 74.27503204345703
      vertex 34.43186950683594 -1.0482778549194336 74.02644348144531
    endloop
  endfacet
  facet normal 0.0923915162807855 -0.17285527059902367 0.9806043356754424
    outer loop
      vertex 33.21696853637695 -0.5297384262084961 74.27503204345703
      vertex 33.10681915283203 -0.5886135101318359 74.27503204345703
      vertex 33.58507537841797 -1.7432222366333008 74.02644348144531
    endloop
  endfacet
  facet normal -0.12433974178059075 -0.15150884787198052 0.9806042512810359
    outer loop
      vertex 32.41250228881836 -0.45050525665283203 74.27503204345703
      vertex 31.528804779052734 -1.3342046737670898 74.02644348144531
      vertex 32.50904846191406 -0.5297384262084961 74.27503204345703
    endloop
  endfacet
  facet normal 0.2627668662750514 -0.49160217962430985 0.8302294086435489
    outer loop
      vertex 34.5653190612793 -2.547687530517578 73.538818359375
      vertex 34.035579681396484 -2.830839157104492 73.538818359375
      vertex 35.153934478759766 -3.4286117553710938 72.83090209960938
    endloop
  endfacet
  facet normal 0.12433976028774055 -0.15150882565648408 0.9806042523667641
    outer loop
      vertex 34.19721221923828 -1.3342046737670898 74.02644348144531
      vertex 33.21696853637695 -0.5297384262084961 74.27503204345703
      vertex 33.911285400390625 -1.5688581466674805 74.02644348144531
    endloop
  endfacet
  facet normal 0.3677188644624605 -0.11150776985891338 0.9232274118436531
    outer loop
      vertex 34.606231689453125 -0.7220659255981445 74.02644348144531
      vertex 34.90337371826172 -0.8149549961090088 73.8968734741211
      vertex 34.90459442138672 -0.6926799416542053 73.9111557006836
    endloop
  endfacet
  facet normal 0.3676647765327998 -0.11168154039599747 0.9232279489009545
    outer loop
      vertex 34.90337371826172 -0.8149549961090088 73.8968734741211
      vertex 34.606231689453125 -0.7220659255981445 74.02644348144531
      vertex 34.903072357177734 -0.8450220227241516 73.89335632324219
    endloop
  endfacet
  facet normal 0.06947597735042169 -0.7054000124946933 0.7053962793662084
    outer loop
      vertex 32.863006591796875 -4.123556137084961 72.83090209960938
      vertex 32.863006591796875 -5.024567604064941 71.92988586425781
      vertex 33.66747283935547 -4.044322967529297 72.83090209960938
    endloop
  endfacet
  facet normal 0.2970372289219358 -0.24377549029943643 0.92322391377371
    outer loop
      vertex 34.43186950683594 -1.0482778549194336 74.02644348144531
      vertex 34.19721221923828 -1.3342046737670898 74.02644348144531
      vertex 35.029640197753906 -2.166630744934082 73.538818359375
    endloop
  endfacet
  facet normal -0.8847196145880077 0.26837815574106955 0.3811093925427046
    outer loop
      vertex 27.116374969482422 2.3803329467773438 69.69318389892578
      vertex 26.762413024902344 1.2134828567504883 69.69318389892578
      vertex 27.566879272460938 2.193727493286133 70.87040710449219
    endloop
  endfacet
  facet normal -0.815363119045238 0.4358194337161294 0.38110944005124475
    outer loop
      vertex 27.691173553466797 3.4557085037231445 69.69318389892578
      vertex 27.116374969482422 2.3803329467773438 69.69318389892578
      vertex 27.566879272460938 2.193727493286133 70.87040710449219
    endloop
  endfacet
  facet normal -0.8651339410907453 0.46242241706526444 -0.1941874665582548
    outer loop
      vertex 27.116374969482422 2.3803329467773438 65.91947937011719
      vertex 26.886707305908203 2.4754638671875 67.16921997070312
      vertex 27.691173553466797 3.4557085037231445 65.91947937011719
    endloop
  endfacet
  facet normal -0.8651330852872429 0.46242514949122204 -0.1941847724704414
    outer loop
      vertex 27.691173553466797 3.4557085037231445 65.91947937011719
      vertex 26.886707305908203 2.4754638671875 67.16921997070312
      vertex 27.484481811523438 3.5938167572021484 67.16921997070312
    endloop
  endfacet
  facet normal -0.43582083467476546 0.8153626337343767 -0.38110887627177026
    outer loop
      vertex 29.67820930480957 4.766388893127441 64.74224853515625
      vertex 29.407299041748047 5.1718339920043945 65.91947937011719
      vertex 30.669281005859375 5.296128273010254 64.74224853515625
    endloop
  endfacet
  facet normal -0.3925343723235161 0.7343794380271381 -0.5537179855734576
    outer loop
      vertex 30.669281005859375 5.296128273010254 64.74224853515625
      vertex 29.913360595703125 4.414459705352783 64.10879516601562
      vertex 29.67820930480957 4.766388893127441 64.74224853515625
    endloop
  endfacet
  facet normal -0.3925205182163371 0.7343769688081769 -0.5537310813592572
    outer loop
      vertex 30.669281005859375 5.296128273010254 64.74224853515625
      vertex 29.95606231689453 4.419277667999268 64.08491516113281
      vertex 29.913360595703125 4.414459705352783 64.10879516601562
    endloop
  endfacet
  facet normal -0.392536435108545 0.7343792193188552 -0.5537168133124583
    outer loop
      vertex 29.95606231689453 4.419277667999268 64.08491516113281
      vertex 30.669281005859375 5.296128273010254 64.74224853515625
      vertex 30.21628761291504 4.448637008666992 63.93937683105469
    endloop
  endfacet
  facet normal -0.46242350039468255 0.8651337652529922 -0.19418567017653382
    outer loop
      vertex 29.407299041748047 5.1718339920043945 65.91947937011719
      vertex 29.26919174194336 5.378527641296387 67.16921997070312
      vertex 30.48267364501953 5.746633529663086 65.91947937011719
    endloop
  endfacet
  facet normal 0.46242345314684685 0.865133676858484 -0.19418617650354542
    outer loop
      vertex 36.31871795654297 5.1718339920043945 65.91947937011719
      vertex 35.243343353271484 5.746633529663086 65.91947937011719
      vertex 35.33847427368164 5.976299285888672 67.16921997070312
    endloop
  endfacet
  facet normal 0.4624239568125283 0.865133519108833 -0.19418567990511404
    outer loop
      vertex 36.31871795654297 5.1718339920043945 65.91947937011719
      vertex 35.33847427368164 5.976299285888672 67.16921997070312
      vertex 36.456825256347656 5.378527641296387 67.16921997070312
    endloop
  endfacet
  facet normal 0.16180997367861868 0.5334142754197365 -0.8302329451404359
    outer loop
      vertex 33.54950714111328 3.0780184268951416 62.13792037963867
      vertex 34.035579681396484 2.830839157104492 62.07384490966797
      vertex 33.63115310668945 2.9535210132598877 62.07384490966797
    endloop
  endfacet
  facet normal 0.16181300118377748 0.5334192478232028 -0.830229160352506
    outer loop
      vertex 34.035579681396484 2.830839157104492 62.07384490966797
      vertex 33.54950714111328 3.0780184268951416 62.13792037963867
      vertex 34.44102478027344 3.80966854095459 62.781761169433594
    endloop
  endfacet
  facet normal 0.16181587972747455 0.5334166917637825 -0.8302302415690515
    outer loop
      vertex 33.4925422668457 3.1648788452148438 62.18262481689453
      vertex 34.44102478027344 3.80966854095459 62.781761169433594
      vertex 33.54950714111328 3.0780184268951416 62.13792037963867
    endloop
  endfacet
  facet normal 0.1618115503981732 0.5334211704444547 -0.8302282078316826
    outer loop
      vertex 34.44102478027344 3.80966854095459 62.781761169433594
      vertex 33.4925422668457 3.1648788452148438 62.18262481689453
      vertex 33.66747283935547 4.044322967529297 62.781761169433594
    endloop
  endfacet
  facet normal 0.4358200763406508 0.8153622454214038 0.3811105742429564
    outer loop
      vertex 35.243343353271484 5.746633529663086 69.69318389892578
      vertex 35.05673599243164 5.296128273010254 70.87040710449219
      vertex 36.31871795654297 5.1718339920043945 69.69318389892578
    endloop
  endfacet
  facet normal 0.46242345314684685 0.865133676858484 0.19418617650354542
    outer loop
      vertex 35.33847427368164 5.976299285888672 68.44344329833984
      vertex 35.243343353271484 5.746633529663086 69.69318389892578
      vertex 36.31871795654297 5.1718339920043945 69.69318389892578
    endloop
  endfacet
  facet normal 0.09062002208117137 0.9200776861318586 0.3811103030360806
    outer loop
      vertex 34.07649230957031 6.100593566894531 69.69318389892578
      vertex 32.863006591796875 6.220111846923828 69.69318389892578
      vertex 33.981361389160156 5.622339248657227 70.87040710449219
    endloop
  endfacet
  facet normal 0.09615164065073875 0.9762409787151768 0.19418654298742002
    outer loop
      vertex 34.1249885559082 6.3444061279296875 68.44344329833984
      vertex 32.863006591796875 6.220111846923828 69.69318389892578
      vertex 34.07649230957031 6.100593566894531 69.69318389892578
    endloop
  endfacet
  facet normal 0.08161948654351867 0.8286958283608817 0.5537160675595794
    outer loop
      vertex 32.863006591796875 5.732487678527832 70.87040710449219
      vertex 32.863006591796875 5.024567604064941 71.92988586425781
      vertex 33.981361389160156 5.622339248657227 70.87040710449219
    endloop
  endfacet
  facet normal 0.08161959598957032 0.8286957644733465 0.5537161470414559
    outer loop
      vertex 33.981361389160156 5.622339248657227 70.87040710449219
      vertex 32.863006591796875 5.024567604064941 71.92988586425781
      vertex 33.84325408935547 4.928021430969238 71.92988586425781
    endloop
  endfacet
  facet normal -0.3925343516836892 0.734380774477453 0.5537162277070828
    outer loop
      vertex 30.669281005859375 5.296128273010254 70.87040710449219
      vertex 30.071508407592773 4.1777753829956055 71.92988586425781
      vertex 30.940189361572266 4.642094612121582 71.92988586425781
    endloop
  endfacet
  facet normal -0.3925350635563489 0.7343807312315428 0.5537157804096229
    outer loop
      vertex 30.669281005859375 5.296128273010254 70.87040710449219
      vertex 29.67820930480957 4.766388893127441 70.87040710449219
      vertex 30.071508407592773 4.1777753829956055 71.92988586425781
    endloop
  endfacet
  facet normal -0.9387240122267123 0.28476029580126505 -0.19418754544037883
    outer loop
      vertex 27.116374969482422 2.3803329467773438 65.91947937011719
      vertex 26.762413024902344 1.2134828567504883 65.91947937011719
      vertex 26.886707305908203 2.4754638671875 67.16921997070312
    endloop
  endfacet
  facet normal -0.8847177930053531 0.2683760892015795 -0.3811150764330936
    outer loop
      vertex 26.852436065673828 1.1955766677856445 65.69789123535156
      vertex 26.762413024902344 1.2134828567504883 65.91947937011719
      vertex 26.919824600219727 1.4052891731262207 65.68913269042969
    endloop
  endfacet
  facet normal -0.8847214676302745 0.26837496830770446 -0.38110733540561986
    outer loop
      vertex 27.021623611450195 1.7220745086669922 65.67589569091797
      vertex 27.116374969482422 2.3803329467773438 65.91947937011719
      vertex 27.280475616455078 2.3123600482940674 65.49066162109375
    endloop
  endfacet
  facet normal -0.8847179300229999 0.268379293333642 -0.3811125020326062
    outer loop
      vertex 26.762413024902344 1.2134828567504883 65.91947937011719
      vertex 27.021623611450195 1.7220745086669922 65.67589569091797
      vertex 26.919824600219727 1.4052891731262207 65.68913269042969
    endloop
  endfacet
  facet normal -0.8847171608284401 0.2683774113973741 -0.38111561288841056
    outer loop
      vertex 27.021623611450195 1.7220745086669922 65.67589569091797
      vertex 26.762413024902344 1.2134828567504883 65.91947937011719
      vertex 27.116374969482422 2.3803329467773438 65.91947937011719
    endloop
  endfacet
  facet normal -0.8153643882858491 -0.4358173589285621 -0.381109097204168
    outer loop
      vertex 27.877519607543945 -3.1819801330566406 65.20777893066406
      vertex 27.691173553466797 -3.4557085037231445 65.91947937011719
      vertex 27.630373001098633 -2.8383796215057373 65.34361267089844
    endloop
  endfacet
  facet normal -0.8153476814309956 -0.4358436104546524 -0.3811148194585892
    outer loop
      vertex 27.91206932067871 -3.2191274166107178 65.17634582519531
      vertex 27.691173553466797 -3.4557085037231445 65.91947937011719
      vertex 27.877519607543945 -3.1819801330566406 65.20777893066406
    endloop
  endfacet
  facet normal -0.8153796322146916 -0.4357903550261784 -0.3811073626100546
    outer loop
      vertex 27.691173553466797 -3.4557085037231445 65.91947937011719
      vertex 27.91206932067871 -3.2191274166107178 65.17634582519531
      vertex 27.963109970092773 -3.2740068435668945 65.12989807128906
    endloop
  endfacet
  facet normal -0.8651339410907453 -0.46242241706526444 -0.1941874665582548
    outer loop
      vertex 27.691173553466797 -3.4557085037231445 65.91947937011719
      vertex 26.886707305908203 -2.4754638671875 67.16921997070312
      vertex 27.116374969482422 -2.3803329467773438 65.91947937011719
    endloop
  endfacet
  facet normal -0.9762411721242443 -0.0961503519433733 0.19418620875501663
    outer loop
      vertex 26.64289665222168 0 69.69318389892578
      vertex 26.39430809020996 0 68.44344329833984
      vertex 26.762413024902344 -1.2134828567504883 69.69318389892578
    endloop
  endfacet
  facet normal -0.9762411721242443 0.0961503519433733 0.19418620875501663
    outer loop
      vertex 26.762413024902344 1.2134828567504883 69.69318389892578
      vertex 26.39430809020996 0 68.44344329833984
      vertex 26.64289665222168 0 69.69318389892578
    endloop
  endfacet
  facet normal -0.9387251532891523 0.28475811401606904 -0.19418522880041336
    outer loop
      vertex 26.762413024902344 1.2134828567504883 65.91947937011719
      vertex 26.51860237121582 1.2619800567626953 67.16921997070312
      vertex 26.886707305908203 2.4754638671875 67.16921997070312
    endloop
  endfacet
  facet normal -0.9762412699063614 0.09615144556446464 -0.19418517566353694
    outer loop
      vertex 26.762413024902344 1.2134828567504883 65.91947937011719
      vertex 26.39430809020996 0 67.16921997070312
      vertex 26.51860237121582 1.2619800567626953 67.16921997070312
    endloop
  endfacet
  facet normal -0.3341325761950641 -0.6251119176686868 -0.7054009582597877
    outer loop
      vertex 30.940189361572266 -4.642094612121582 63.68277359008789
      vertex 30.889568328857422 -4.475217342376709 63.558868408203125
      vertex 31.015220642089844 -4.460953712463379 63.48670959472656
    endloop
  endfacet
  facet normal 0.11154665086542184 -0.367718840774644 -0.9232227243845657
    outer loop
      vertex 34.035579681396484 -2.830839157104492 62.07384490966797
      vertex 33.63115310668945 -2.9535210132598877 62.07384490966797
      vertex 33.926753997802734 -2.568108558654785 61.956050872802734
    endloop
  endfacet
  facet normal 0.24377395388692033 -0.29704076556033965 -0.9232231815772743
    outer loop
      vertex 34.20659637451172 -2.010822296142578 61.806392669677734
      vertex 35.029640197753906 -2.166630744934082 62.07384490966797
      vertex 34.5653190612793 -2.547687530517578 62.07384490966797
    endloop
  endfacet
  facet normal 0.2437722925074347 -0.2970469042855892 -0.9232216451427132
    outer loop
      vertex 35.029640197753906 -2.166630744934082 62.07384490966797
      vertex 34.20659637451172 -2.010822296142578 61.806392669677734
      vertex 34.31962203979492 -1.7871171236038208 61.764259338378906
    endloop
  endfacet
  facet normal 0.35362365085728026 -0.43089361392404574 -0.8302294905830819
    outer loop
      vertex 35.153934478759766 -3.4286117553710938 62.781761169433594
      vertex 34.5653190612793 -2.547687530517578 62.07384490966797
      vertex 35.029640197753906 -2.166630744934082 62.07384490966797
    endloop
  endfacet
  facet normal -0.4713964736708913 -0.8819214050076395 0
    outer loop
      vertex 29.26919174194336 -5.378527641296387 67.16921997070312
      vertex 30.387544631958008 -5.976299285888672 68.44344329833984
      vertex 29.26919174194336 -5.378527641296387 68.44344329833984
    endloop
  endfacet
  facet normal -0.4713964736708913 -0.8819214050076395 0
    outer loop
      vertex 30.387544631958008 -5.976299285888672 68.44344329833984
      vertex 29.26919174194336 -5.378527641296387 67.16921997070312
      vertex 30.387544631958008 -5.976299285888672 67.16921997070312
    endloop
  endfacet
  facet normal -0.284759436386083 -0.9387246485402229 -0.19418572968196016
    outer loop
      vertex 31.601028442382812 -6.3444061279296875 67.16921997070312
      vertex 30.387544631958008 -5.976299285888672 67.16921997070312
      vertex 30.48267364501953 -5.746633529663086 65.91947937011719
    endloop
  endfacet
  facet normal -0.6223179103051458 -0.7582957167363359 0.19418554141017652
    outer loop
      vertex 29.407299041748047 -5.1718339920043945 69.69318389892578
      vertex 28.464725494384766 -4.398283004760742 69.69318389892578
      vertex 29.26919174194336 -5.378527641296387 68.44344329833984
    endloop
  endfacet
  facet normal -0.5865157034919977 -0.7146706504694712 0.38111047074940096
    outer loop
      vertex 28.809528350830078 -4.053481101989746 70.87040710449219
      vertex 28.464725494384766 -4.398283004760742 69.69318389892578
      vertex 29.407299041748047 -5.1718339920043945 69.69318389892578
    endloop
  endfacet
  facet normal 0.06947585088136077 -0.7053985340226698 -0.7053977702991265
    outer loop
      vertex 33.84325408935547 -4.928021430969238 63.68277359008789
      vertex 32.863006591796875 -5.024567604064941 63.68277359008789
      vertex 33.66747283935547 -4.044322967529297 62.781761169433594
    endloop
  endfacet
  facet normal 0.20575728369896285 -0.6782902477409709 -0.7053979586193294
    outer loop
      vertex 33.84325408935547 -4.928021430969238 63.68277359008789
      vertex 33.66747283935547 -4.044322967529297 62.781761169433594
      vertex 34.78582763671875 -4.642094612121582 63.68277359008789
    endloop
  endfacet
  facet normal -0.09062020877743425 -0.9200784764221897 -0.38110835071637617
    outer loop
      vertex 32.863006591796875 -6.220111846923828 65.91947937011719
      vertex 31.74465560913086 -5.622339248657227 64.74224853515625
      vertex 32.863006591796875 -5.732487678527832 64.74224853515625
    endloop
  endfacet
  facet normal -0.08161967299012139 -0.8286948947035351 -0.5537174373931911
    outer loop
      vertex 32.863006591796875 -5.732487678527832 64.74224853515625
      vertex 31.74465560913086 -5.622339248657227 64.74224853515625
      vertex 32.863006591796875 -5.024567604064941 63.68277359008789
    endloop
  endfacet
  facet normal -0.35362365085728026 -0.43089361392404574 0.8302294905830819
    outer loop
      vertex 30.69637680053711 -2.166630744934082 73.538818359375
      vertex 30.57208251953125 -3.4286117553710938 72.83090209960938
      vertex 31.16069793701172 -2.547687530517578 73.538818359375
    endloop
  endfacet
  facet normal -0.33888943508788033 -0.1811405214929352 0.9232237335874142
    outer loop
      vertex 31.294151306152344 -1.0482778549194336 74.02644348144531
      vertex 30.032169342041016 -1.172572135925293 73.538818359375
      vertex 30.31532096862793 -1.702310562133789 73.538818359375
    endloop
  endfacet
  facet normal -0.6251174474286442 -0.3341306313105719 0.7053969791119712
    outer loop
      vertex 29.053340911865234 -1.5780162811279297 72.83090209960938
      vertex 28.22091293334961 -1.9228181838989258 71.92988586425781
      vertex 29.434396743774414 -2.2909250259399414 72.83090209960938
    endloop
  endfacet
  facet normal -0.6251173809925805 -0.3341329089683082 0.705395959107616
    outer loop
      vertex 29.434396743774414 -2.2909250259399414 72.83090209960938
      vertex 28.22091293334961 -1.9228181838989258 71.92988586425781
      vertex 28.68523406982422 -2.7915000915527344 71.92988586425781
    endloop
  endfacet
  facet normal -0.1811414668826135 -0.3388895150573703 0.9232235187427773
    outer loop
      vertex 31.81473159790039 -1.5688581466674805 74.02644348144531
      vertex 31.69043731689453 -2.830839157104492 73.538818359375
      vertex 32.14094161987305 -1.7432222366333008 74.02644348144531
    endloop
  endfacet
  facet normal -0.4496667558523612 -0.5479193032594468 0.7053965167172968
    outer loop
      vertex 29.947214126586914 -2.9157943725585938 72.83090209960938
      vertex 29.310102462768555 -3.552906036376953 71.92988586425781
      vertex 30.57208251953125 -3.4286117553710938 72.83090209960938
    endloop
  endfacet
  facet normal -0.0568957142751493 -0.18755815808240553 0.9806043111438252
    outer loop
      vertex 32.619197845458984 -0.5886135101318359 74.27503204345703
      vertex 32.14094161987305 -1.7432222366333008 74.02644348144531
      vertex 32.73871612548828 -0.6248693466186523 74.27503204345703
    endloop
  endfacet
  facet normal -0.0923915162807855 -0.17285527059902367 0.9806043356754424
    outer loop
      vertex 32.50904846191406 -0.5297384262084961 74.27503204345703
      vertex 32.14094161987305 -1.7432222366333008 74.02644348144531
      vertex 32.619197845458984 -0.5886135101318359 74.27503204345703
    endloop
  endfacet
  facet normal -0.16181187426050056 -0.5334196749745064 0.8302291055476169
    outer loop
      vertex 31.69043731689453 -2.830839157104492 73.538818359375
      vertex 31.284992218017578 -3.80966854095459 72.83090209960938
      vertex 32.265235900878906 -3.0052032470703125 73.538818359375
    endloop
  endfacet
  facet normal -0.019211623927209966 -0.19505430333588164 0.9806042689363703
    outer loop
      vertex 32.73871612548828 -0.6248693466186523 74.27503204345703
      vertex 32.494903564453125 -1.8505945205688477 74.02644348144531
      vertex 32.863006591796875 -1.886850357055664 74.02644348144531
    endloop
  endfacet
  facet normal -0.7146705574977641 -0.5865157568560945 0.38111056296743817
    outer loop
      vertex 28.809528350830078 -4.053481101989746 70.87040710449219
      vertex 27.691173553466797 -3.4557085037231445 69.69318389892578
      vertex 28.464725494384766 -4.398283004760742 69.69318389892578
    endloop
  endfacet
  facet normal -0.3341320746214184 -0.6251177016374018 0.7053960701682136
    outer loop
      vertex 30.57208251953125 -3.4286117553710938 72.83090209960938
      vertex 30.071508407592773 -4.1777753829956055 71.92988586425781
      vertex 30.940189361572266 -4.642094612121582 71.92988586425781
    endloop
  endfacet
  facet normal -0.2627662897107338 0.49160294070922256 0.8302291404652691
    outer loop
      vertex 31.284992218017578 3.80966854095459 72.83090209960938
      vertex 30.57208251953125 3.4286117553710938 72.83090209960938
      vertex 31.69043731689453 2.830839157104492 73.538818359375
    endloop
  endfacet
  facet normal -0.44966630821895365 0.5479203006480952 0.7053960273423988
    outer loop
      vertex 30.071508407592773 4.1777753829956055 71.92988586425781
      vertex 29.310102462768555 3.552906036376953 71.92988586425781
      vertex 30.57208251953125 3.4286117553710938 72.83090209960938
    endloop
  endfacet
  facet normal -0.38241288662406986 0.03766398427382435 0.9232235961198497
    outer loop
      vertex 31.012413024902344 0.3681058883666992 74.02644348144531
      vertex 29.857805252075195 0.5977716445922852 73.538818359375
      vertex 30.976158142089844 0 74.02644348144531
    endloop
  endfacet
  facet normal -0.18755865155809054 0.05689436738080791 0.9806042949049574
    outer loop
      vertex 32.27439498901367 0.24381160736083984 74.27503204345703
      vertex 31.11978530883789 0.7220659255981445 74.02644348144531
      vertex 32.23814010620117 0.12429332733154297 74.27503204345703
    endloop
  endfacet
  facet normal 0.6251146043108433 -0.3341307840999266 -0.7053994262785205
    outer loop
      vertex 37.04078674316406 -2.7915000915527344 63.68277359008789
      vertex 36.29161834716797 -2.2909250259399414 62.781761169433594
      vertex 36.67267608642578 -1.5780162811279297 62.781761169433594
    endloop
  endfacet
  facet normal 0.6436897484147504 -0.5282630233210082 -0.5537162504184824
    outer loop
      vertex 36.91648864746094 -4.053481101989746 64.74224853515625
      vertex 36.415916442871094 -3.552906036376953 63.68277359008789
      vertex 37.04078674316406 -2.7915000915527344 63.68277359008789
    endloop
  endfacet
  facet normal 0.36771656206709025 -0.11154699072225423 -0.9232235909260385
    outer loop
      vertex 35.69384765625 -1.172572135925293 62.07384490966797
      vertex 34.606231689453125 -0.7220659255981445 61.586219787597656
      vertex 35.86821365356445 -0.5977716445922852 62.07384490966797
    endloop
  endfacet
  facet normal 0.714671247960924 -0.5865162603383206 -0.3811084933411051
    outer loop
      vertex 38.03484344482422 -3.4557085037231445 65.91947937011719
      vertex 36.91648864746094 -4.053481101989746 64.74224853515625
      vertex 37.629398345947266 -3.1847991943359375 64.74224853515625
    endloop
  endfacet
  facet normal 0.491602989237737 -0.26276732478672565 -0.83022878412938
    outer loop
      vertex 36.29161834716797 -2.2909250259399414 62.781761169433594
      vertex 35.69384765625 -1.172572135925293 62.07384490966797
      vertex 36.67267608642578 -1.5780162811279297 62.781761169433594
    endloop
  endfacet
  facet normal 0.1811430985531412 0.3388894749736734 -0.923223213312271
    outer loop
      vertex 34.20659637451172 2.010822296142578 61.806392669677734
      vertex 34.12588882446289 2.1870553493499756 61.855247497558594
      vertex 34.5653190612793 2.547687530517578 62.07384490966797
    endloop
  endfacet
  facet normal 0.36771648364170656 0.11154524391560501 -0.9232238332159688
    outer loop
      vertex 34.71360397338867 0.3681058883666992 61.586219787597656
      vertex 34.606231689453125 0.7220659255981445 61.586219787597656
      vertex 35.86821365356445 0.5977716445922852 62.07384490966797
    endloop
  endfacet
  facet normal 0.38241265024821974 0.03766234646458985 -0.9232237608450694
    outer loop
      vertex 35.927085876464844 0 62.07384490966797
      vertex 34.71360397338867 0.3681058883666992 61.586219787597656
      vertex 35.86821365356445 0.5977716445922852 62.07384490966797
    endloop
  endfacet
  facet normal 0.7343804581353807 0.392534917583266 -0.553716246092497
    outer loop
      vertex 38.15913772583008 2.193727493286133 64.74224853515625
      vertex 37.04078674316406 2.7915000915527344 63.68277359008789
      vertex 37.629398345947266 3.1847991943359375 64.74224853515625
    endloop
  endfacet
  facet normal 0.8153627434443731 0.43582089331603774 -0.3811085744929864
    outer loop
      vertex 38.15913772583008 2.193727493286133 64.74224853515625
      vertex 37.629398345947266 3.1847991943359375 64.74224853515625
      vertex 38.03484344482422 3.4557085037231445 65.91947937011719
    endloop
  endfacet
  facet normal 0.8286950840234831 -0.08161984659992735 -0.5537171284657146
    outer loop
      vertex 38.485347747802734 -1.1183528900146484 64.74224853515625
      vertex 37.79103088378906 -0.9802436828613281 63.68277359008789
      vertex 37.887577056884766 0 63.68277359008789
    endloop
  endfacet
  facet normal 0.7053989758104569 -0.06947616476480008 -0.7053972975955698
    outer loop
      vertex 37.79103088378906 -0.9802436828613281 63.68277359008789
      vertex 36.90733337402344 -0.8044652938842773 62.781761169433594
      vertex 37.887577056884766 0 63.68277359008789
    endloop
  endfacet
  facet normal 0.43089389017332247 0.3536254889012049 -0.830228564318697
    outer loop
      vertex 35.41069793701172 1.702310562133789 62.07384490966797
      vertex 35.029640197753906 2.166630744934082 62.07384490966797
      vertex 36.29161834716797 2.2909250259399414 62.781761169433594
    endloop
  endfacet
  facet normal 0.49160401298782064 0.26276654923863874 -0.8302284233965306
    outer loop
      vertex 35.69384765625 1.172572135925293 62.07384490966797
      vertex 35.41069793701172 1.702310562133789 62.07384490966797
      vertex 36.29161834716797 2.2909250259399414 62.781761169433594
    endloop
  endfacet
  facet normal 0.6251146043108433 0.3341307840999266 -0.7053994262785205
    outer loop
      vertex 36.67267608642578 1.5780162811279297 62.781761169433594
      vertex 36.29161834716797 2.2909250259399414 62.781761169433594
      vertex 37.04078674316406 2.7915000915527344 63.68277359008789
    endloop
  endfacet
  facet normal 0.5479191166498018 0.4496625714930611 -0.7053993290384879
    outer loop
      vertex 36.29161834716797 2.2909250259399414 62.781761169433594
      vertex 35.778804779052734 2.9157943725585938 62.781761169433594
      vertex 37.04078674316406 2.7915000915527344 63.68277359008789
    endloop
  endfacet
  facet normal 0.18778265732198116 0.056464990875466484 -0.9805862422115297
    outer loop
      vertex 34.5695915222168 0.7024807333946228 61.57807540893555
      vertex 34.569210052490234 0.7067304849624634 61.5782470703125
      vertex 34.606231689453125 0.7220659255981445 61.586219787597656
    endloop
  endfacet
  facet normal 0.33889566842701346 -0.18112715607418445 -0.9232240677397258
    outer loop
      vertex 34.561973571777344 -0.8779058456420898 61.600547790527344
      vertex 34.606231689453125 -0.7220659255981445 61.586219787597656
      vertex 35.69384765625 -1.172572135925293 62.07384490966797
    endloop
  endfacet
  facet normal 0.3388183067652789 -0.18110813913516394 -0.9232561924729816
    outer loop
      vertex 34.606231689453125 -0.7220659255981445 61.586219787597656
      vertex 34.561973571777344 -0.8779058456420898 61.600547790527344
      vertex 34.56263732910156 -0.8036225438117981 61.586219787597656
    endloop
  endfacet
  facet normal 0.3388917419921949 -0.18114038459686646 -0.9232229136441507
    outer loop
      vertex 34.561973571777344 -0.8779058456420898 61.600547790527344
      vertex 35.69384765625 -1.172572135925293 62.07384490966797
      vertex 34.50906753540039 -1.055881381034851 61.61604690551758
    endloop
  endfacet
  facet normal 0.49160401298782064 -0.26276654923863874 -0.8302284233965306
    outer loop
      vertex 36.29161834716797 -2.2909250259399414 62.781761169433594
      vertex 35.41069793701172 -1.702310562133789 62.07384490966797
      vertex 35.69384765625 -1.172572135925293 62.07384490966797
    endloop
  endfacet
  facet normal 0.26837651940392065 -0.8847197107920642 0.3811103215194299
    outer loop
      vertex 35.05673599243164 -5.296128273010254 70.87040710449219
      vertex 34.07649230957031 -6.100593566894531 69.69318389892578
      vertex 35.243343353271484 -5.746633529663086 69.69318389892578
    endloop
  endfacet
  facet normal 0.4358200763406508 -0.8153622454214038 0.3811105742429564
    outer loop
      vertex 36.31871795654297 -5.1718339920043945 69.69318389892578
      vertex 35.05673599243164 -5.296128273010254 70.87040710449219
      vertex 35.243343353271484 -5.746633529663086 69.69318389892578
    endloop
  endfacet
  facet normal 0.2417211651861342 -0.7968487314040268 -0.5537174167035482
    outer loop
      vertex 33.981361389160156 -5.622339248657227 64.74224853515625
      vertex 33.84325408935547 -4.928021430969238 63.68277359008789
      vertex 35.05673599243164 -5.296128273010254 64.74224853515625
    endloop
  endfacet
  facet normal 0.24172153878480115 -0.7968484005968529 -0.55371772967257
    outer loop
      vertex 35.05673599243164 -5.296128273010254 64.74224853515625
      vertex 33.84325408935547 -4.928021430969238 63.68277359008789
      vertex 34.78582763671875 -4.642094612121582 63.68277359008789
    endloop
  endfacet
  facet normal 0.2057575794310235 -0.6782918065974698 0.7053963734025196
    outer loop
      vertex 34.44102478027344 -3.80966854095459 72.83090209960938
      vertex 33.66747283935547 -4.044322967529297 72.83090209960938
      vertex 34.78582763671875 -4.642094612121582 71.92988586425781
    endloop
  endfacet
  facet normal 0.06947599724390624 -0.7054000200631242 0.7053962698383855
    outer loop
      vertex 33.66747283935547 -4.044322967529297 72.83090209960938
      vertex 32.863006591796875 -5.024567604064941 71.92988586425781
      vertex 33.84325408935547 -4.928021430969238 71.92988586425781
    endloop
  endfacet
  facet normal 0.35362365085728026 0.43089361392404574 0.8302294905830819
    outer loop
      vertex 35.153934478759766 3.4286117553710938 72.83090209960938
      vertex 34.5653190612793 2.547687530517578 73.538818359375
      vertex 35.029640197753906 2.166630744934082 73.538818359375
    endloop
  endfacet
  facet normal 0.2627668662750514 0.49160217962430985 0.8302294086435489
    outer loop
      vertex 35.153934478759766 3.4286117553710938 72.83090209960938
      vertex 34.035579681396484 2.830839157104492 73.538818359375
      vertex 34.5653190612793 2.547687530517578 73.538818359375
    endloop
  endfacet
  facet normal 0.151507532509679 -0.12434072037250038 0.9806043304259248
    outer loop
      vertex 34.43186950683594 -1.0482778549194336 74.02644348144531
      vertex 33.39274597167969 -0.3539600372314453 74.27503204345703
      vertex 34.19721221923828 -1.3342046737670898 74.02644348144531
    endloop
  endfacet
  facet normal 0.151509844269951 -0.12433879450731002 0.9806042174444102
    outer loop
      vertex 33.39274597167969 -0.3539600372314453 74.27503204345703
      vertex 33.313514709472656 -0.45050525665283203 74.27503204345703
      vertex 34.19721221923828 -1.3342046737670898 74.02644348144531
    endloop
  endfacet
  facet normal 0.18114046829750796 -0.3388899456600855 0.9232235566077504
    outer loop
      vertex 34.5653190612793 -2.547687530517578 73.538818359375
      vertex 33.58507537841797 -1.7432222366333008 74.02644348144531
      vertex 34.035579681396484 -2.830839157104492 73.538818359375
    endloop
  endfacet
  facet normal 0.11154620300132337 -0.36771676752112636 0.9232236042691941
    outer loop
      vertex 33.58507537841797 -1.7432222366333008 74.02644348144531
      vertex 33.46078109741211 -3.0052032470703125 73.538818359375
      vertex 34.035579681396484 -2.830839157104492 73.538818359375
    endloop
  endfacet
  facet normal 0.16181126174154525 -0.5334202188711218 0.8302288754753677
    outer loop
      vertex 34.44102478027344 -3.80966854095459 72.83090209960938
      vertex 33.46078109741211 -3.0052032470703125 73.538818359375
      vertex 33.66747283935547 -4.044322967529297 72.83090209960938
    endloop
  endfacet
  facet normal 0.054637068953242544 -0.5547383511843001 0.8302289758985306
    outer loop
      vertex 33.46078109741211 -3.0052032470703125 73.538818359375
      vertex 32.863006591796875 -4.123556137084961 72.83090209960938
      vertex 33.66747283935547 -4.044322967529297 72.83090209960938
    endloop
  endfacet
  facet normal -0.7343801673478116 0.3925352086914213 0.5537164253873841
    outer loop
      vertex 28.68523406982422 2.7915000915527344 71.92988586425781
      vertex 27.566879272460938 2.193727493286133 70.87040710449219
      vertex 28.22091293334961 1.9228181838989258 71.92988586425781
    endloop
  endfacet
  facet normal -0.7343801936215696 0.3925347761975498 0.5537166971402303
    outer loop
      vertex 28.09661865234375 3.1847991943359375 70.87040710449219
      vertex 27.566879272460938 2.193727493286133 70.87040710449219
      vertex 28.68523406982422 2.7915000915527344 71.92988586425781
    endloop
  endfacet
  facet normal -0.2417211651861342 0.7968487314040268 -0.5537174167035482
    outer loop
      vertex 31.882762908935547 4.928021430969238 63.68277359008789
      vertex 30.669281005859375 5.296128273010254 64.74224853515625
      vertex 31.74465560913086 5.622339248657227 64.74224853515625
    endloop
  endfacet
  facet normal -0.24172153878480115 0.7968484005968529 -0.55371772967257
    outer loop
      vertex 30.940189361572266 4.642094612121582 63.68277359008789
      vertex 30.669281005859375 5.296128273010254 64.74224853515625
      vertex 31.882762908935547 4.928021430969238 63.68277359008789
    endloop
  endfacet
  facet normal -0.4713964736708913 0.8819214050076395 0
    outer loop
      vertex 30.387544631958008 5.976299285888672 67.16921997070312
      vertex 29.26919174194336 5.378527641296387 68.44344329833984
      vertex 30.387544631958008 5.976299285888672 68.44344329833984
    endloop
  endfacet
  facet normal -0.4713964736708913 0.8819214050076395 0
    outer loop
      vertex 29.26919174194336 5.378527641296387 68.44344329833984
      vertex 30.387544631958008 5.976299285888672 67.16921997070312
      vertex 29.26919174194336 5.378527641296387 67.16921997070312
    endloop
  endfacet
  facet normal 0.5282629415969773 0.6436890635527401 -0.5537171245301207
    outer loop
      vertex 36.91648864746094 4.053481101989746 64.74224853515625
      vertex 35.654510498046875 4.1777753829956055 63.68277359008789
      vertex 36.04780960083008 4.766388893127441 64.74224853515625
    endloop
  endfacet
  facet normal 0.39253405213439374 0.7343802523311636 -0.5537171325694823
    outer loop
      vertex 35.654510498046875 4.1777753829956055 63.68277359008789
      vertex 35.05673599243164 5.296128273010254 64.74224853515625
      vertex 36.04780960083008 4.766388893127441 64.74224853515625
    endloop
  endfacet
  facet normal 0.5865152281726519 0.7146715987216054 0.38110942405336423
    outer loop
      vertex 36.31871795654297 5.1718339920043945 69.69318389892578
      vertex 36.99089050292969 4.493825435638428 69.93016052246094
      vertex 37.18067932128906 4.464441299438477 69.69318389892578
    endloop
  endfacet
  facet normal 0.5865176384785653 0.7146708202443068 0.38110717448620257
    outer loop
      vertex 36.92237854003906 4.493839740753174 70.03556823730469
      vertex 36.31871795654297 5.1718339920043945 69.69318389892578
      vertex 36.705997467041016 4.447283744812012 70.45587921142578
    endloop
  endfacet
  facet normal 0.5865132578974462 0.7146705655694191 0.38111439361326993
    outer loop
      vertex 36.95100784301758 4.5 69.9799575805664
      vertex 36.31871795654297 5.1718339920043945 69.69318389892578
      vertex 36.92237854003906 4.493839740753174 70.03556823730469
    endloop
  endfacet
  facet normal 0.5865090072587441 0.7146698944868332 0.38112219342166537
    outer loop
      vertex 36.99089050292969 4.493825435638428 69.93016052246094
      vertex 36.31871795654297 5.1718339920043945 69.69318389892578
      vertex 36.95100784301758 4.5 69.9799575805664
    endloop
  endfacet
  facet normal 0.6223192345877722 0.7582989510497876 0.1941686666248734
    outer loop
      vertex 37.213539123535156 4.456470489501953 69.6189956665039
      vertex 36.31871795654297 5.1718339920043945 69.69318389892578
      vertex 37.18067932128906 4.464441299438477 69.69318389892578
    endloop
  endfacet
  facet normal 0.6223179935874377 0.7582956489043126 0.19418553939491354
    outer loop
      vertex 36.31871795654297 5.1718339920043945 69.69318389892578
      vertex 37.213539123535156 4.456470489501953 69.6189956665039
      vertex 36.456825256347656 5.378527641296387 68.44344329833984
    endloop
  endfacet
  facet normal -0.9387240122267123 -0.28476029580126505 -0.19418754544037883
    outer loop
      vertex 26.886707305908203 -2.4754638671875 67.16921997070312
      vertex 26.762413024902344 -1.2134828567504883 65.91947937011719
      vertex 27.116374969482422 -2.3803329467773438 65.91947937011719
    endloop
  endfacet
  facet normal -0.9387251532891523 -0.28475811401606904 -0.19418522880041336
    outer loop
      vertex 26.886707305908203 -2.4754638671875 67.16921997070312
      vertex 26.51860237121582 -1.2619800567626953 67.16921997070312
      vertex 26.762413024902344 -1.2134828567504883 65.91947937011719
    endloop
  endfacet
  facet normal -0.20575523620357608 -0.6782877445084015 -0.7054009628746732
    outer loop
      vertex 31.34368133544922 -4.426424503326416 63.35770034790039
      vertex 30.940189361572266 -4.642094612121582 63.68277359008789
      vertex 31.015220642089844 -4.460953712463379 63.48670959472656
    endloop
  endfacet
  facet normal 0.06947583098791416 -0.7053985264542146 -0.7053977798269294
    outer loop
      vertex 33.66747283935547 -4.044322967529297 62.781761169433594
      vertex 32.863006591796875 -5.024567604064941 63.68277359008789
      vertex 32.863006591796875 -4.123556137084961 62.781761169433594
    endloop
  endfacet
  facet normal -0.26837675973275626 -0.8847205430550252 -0.3811082202364149
    outer loop
      vertex 31.649524688720703 -6.100593566894531 65.91947937011719
      vertex 30.669281005859375 -5.296128273010254 64.74224853515625
      vertex 31.74465560913086 -5.622339248657227 64.74224853515625
    endloop
  endfacet
  facet normal -0.2417211651861342 -0.7968487314040268 -0.5537174167035482
    outer loop
      vertex 31.74465560913086 -5.622339248657227 64.74224853515625
      vertex 30.669281005859375 -5.296128273010254 64.74224853515625
      vertex 31.882762908935547 -4.928021430969238 63.68277359008789
    endloop
  endfacet
  facet normal -0.2437730675116822 -0.29703968550410265 0.9232237631211453
    outer loop
      vertex 31.528804779052734 -1.3342046737670898 74.02644348144531
      vertex 30.69637680053711 -2.166630744934082 73.538818359375
      vertex 31.16069793701172 -2.547687530517578 73.538818359375
    endloop
  endfacet
  facet normal -0.29703968750627946 -0.2437729597496977 0.9232237909310201
    outer loop
      vertex 31.528804779052734 -1.3342046737670898 74.02644348144531
      vertex 30.31532096862793 -1.702310562133789 73.538818359375
      vertex 30.69637680053711 -2.166630744934082 73.538818359375
    endloop
  endfacet
  facet normal -0.2627668662750514 -0.49160217962430985 0.8302294086435489
    outer loop
      vertex 31.16069793701172 -2.547687530517578 73.538818359375
      vertex 30.57208251953125 -3.4286117553710938 72.83090209960938
      vertex 31.69043731689453 -2.830839157104492 73.538818359375
    endloop
  endfacet
  facet normal -0.2627662897107338 -0.49160294070922256 0.8302291404652691
    outer loop
      vertex 31.69043731689453 -2.830839157104492 73.538818359375
      vertex 30.57208251953125 -3.4286117553710938 72.83090209960938
      vertex 31.284992218017578 -3.80966854095459 72.83090209960938
    endloop
  endfacet
  facet normal -0.5865150426493211 -0.7146708916714981 0.3811110354523086
    outer loop
      vertex 29.67820930480957 -4.766388893127441 70.87040710449219
      vertex 28.809528350830078 -4.053481101989746 70.87040710449219
      vertex 29.407299041748047 -5.1718339920043945 69.69318389892578
    endloop
  endfacet
  facet normal -0.43582042443460883 -0.8153618662297786 0.38111098743532723
    outer loop
      vertex 29.67820930480957 -4.766388893127441 70.87040710449219
      vertex 29.407299041748047 -5.1718339920043945 69.69318389892578
      vertex 30.669281005859375 -5.296128273010254 70.87040710449219
    endloop
  endfacet
  facet normal -0.3536256181400688 -0.43089309979947515 0.8302289194795938
    outer loop
      vertex 30.69637680053711 -2.166630744934082 73.538818359375
      vertex 29.947214126586914 -2.9157943725585938 72.83090209960938
      vertex 30.57208251953125 -3.4286117553710938 72.83090209960938
    endloop
  endfacet
  facet normal -0.4308934235972228 -0.35362534417150715 0.8302288681202595
    outer loop
      vertex 30.69637680053711 -2.166630744934082 73.538818359375
      vertex 29.434396743774414 -2.2909250259399414 72.83090209960938
      vertex 29.947214126586914 -2.9157943725585938 72.83090209960938
    endloop
  endfacet
  facet normal -0.6436908658160179 -0.5282623278811698 0.5537156149203243
    outer loop
      vertex 29.310102462768555 -3.552906036376953 71.92988586425781
      vertex 28.68523406982422 -2.7915000915527344 71.92988586425781
      vertex 28.809528350830078 -4.053481101989746 70.87040710449219
    endloop
  endfacet
  facet normal -0.6436895153435759 -0.5282629858630364 0.5537165570974212
    outer loop
      vertex 28.68523406982422 -2.7915000915527344 71.92988586425781
      vertex 28.09661865234375 -3.1847991943359375 70.87040710449219
      vertex 28.809528350830078 -4.053481101989746 70.87040710449219
    endloop
  endfacet
  facet normal 0.43088228664576783 -0.35365319598581724 0.8302227845728708
    outer loop
      vertex 35.16611099243164 -2.1800718307495117 73.46226501464844
      vertex 35.029640197753906 -2.166630744934082 73.538818359375
      vertex 35.191444396972656 -2.3284363746643066 73.38591766357422
    endloop
  endfacet
  facet normal 0.4308894049243132 -0.353625958852724 0.8302306920064221
    outer loop
      vertex 35.14070510864258 -2.031299352645874 73.538818359375
      vertex 35.029640197753906 -2.166630744934082 73.538818359375
      vertex 35.16611099243164 -2.1800718307495117 73.46226501464844
    endloop
  endfacet
  facet normal -0.5334202722851938 0.16181151851598438 0.8302287911116675
    outer loop
      vertex 30.032169342041016 1.172572135925293 73.538818359375
      vertex 29.053340911865234 1.5780162811279297 72.83090209960938
      vertex 29.857805252075195 0.5977716445922852 73.538818359375
    endloop
  endfacet
  facet normal -0.3536256181400688 0.43089309979947515 0.8302289194795938
    outer loop
      vertex 30.57208251953125 3.4286117553710938 72.83090209960938
      vertex 29.947214126586914 2.9157943725585938 72.83090209960938
      vertex 30.69637680053711 2.166630744934082 73.538818359375
    endloop
  endfacet
  facet normal -0.5479206572923095 0.44966591462888106 0.7053960012172845
    outer loop
      vertex 29.310102462768555 3.552906036376953 71.92988586425781
      vertex 28.68523406982422 2.7915000915527344 71.92988586425781
      vertex 29.434396743774414 2.2909250259399414 72.83090209960938
    endloop
  endfacet
  facet normal -0.6251173809925805 0.3341329089683082 0.705395959107616
    outer loop
      vertex 28.68523406982422 2.7915000915527344 71.92988586425781
      vertex 28.22091293334961 1.9228181838989258 71.92988586425781
      vertex 29.434396743774414 2.2909250259399414 72.83090209960938
    endloop
  endfacet
  facet normal -0.3677169719316067 0.1115453920362861 0.923223620835668
    outer loop
      vertex 31.11978530883789 0.7220659255981445 74.02644348144531
      vertex 29.857805252075195 0.5977716445922852 73.538818359375
      vertex 31.012413024902344 0.3681058883666992 74.02644348144531
    endloop
  endfacet
  facet normal -0.18755830811350488 0.05689502145708597 0.9806043226454783
    outer loop
      vertex 31.11978530883789 0.7220659255981445 74.02644348144531
      vertex 31.012413024902344 0.3681058883666992 74.02644348144531
      vertex 32.23814010620117 0.12429332733154297 74.27503204345703
    endloop
  endfacet
  facet normal 0.5334196705559148 -0.1618131060186309 -0.8302288683156124
    outer loop
      vertex 36.67267608642578 -1.5780162811279297 62.781761169433594
      vertex 35.69384765625 -1.172572135925293 62.07384490966797
      vertex 35.86821365356445 -0.5977716445922852 62.07384490966797
    endloop
  endfacet
  facet normal 0.5334195573943831 -0.1618132334569461 -0.8302289161835958
    outer loop
      vertex 36.67267608642578 -1.5780162811279297 62.781761169433594
      vertex 35.86821365356445 -0.5977716445922852 62.07384490966797
      vertex 36.90733337402344 -0.8044652938842773 62.781761169433594
    endloop
  endfacet
  facet normal 0.43089389017332247 -0.3536254889012049 -0.830228564318697
    outer loop
      vertex 36.29161834716797 -2.2909250259399414 62.781761169433594
      vertex 35.029640197753906 -2.166630744934082 62.07384490966797
      vertex 35.41069793701172 -1.702310562133789 62.07384490966797
    endloop
  endfacet
  facet normal 0.33889172085433833 -0.18114052306697642 -0.9232228942348686
    outer loop
      vertex 35.41069793701172 -1.702310562133789 62.07384490966797
      vertex 34.50906753540039 -1.055881381034851 61.61604690551758
      vertex 35.69384765625 -1.172572135925293 62.07384490966797
    endloop
  endfacet
  facet normal 0.33887870968146855 -0.18115942641646898 -0.923223961097782
    outer loop
      vertex 34.50906753540039 -1.055881381034851 61.61604690551758
      vertex 35.41069793701172 -1.702310562133789 62.07384490966797
      vertex 34.49816131591797 -1.0925737619400024 61.61924362182617
    endloop
  endfacet
  facet normal 0.6436896308072366 -0.528263080621731 -0.5537163324693269
    outer loop
      vertex 37.629398345947266 -3.1847991943359375 64.74224853515625
      vertex 36.91648864746094 -4.053481101989746 64.74224853515625
      vertex 37.04078674316406 -2.7915000915527344 63.68277359008789
    endloop
  endfacet
  facet normal 0.5479184503320497 -0.44966547598218276 -0.7053979951030781
    outer loop
      vertex 36.415916442871094 -3.552906036376953 63.68277359008789
      vertex 35.778804779052734 -2.9157943725585938 62.781761169433594
      vertex 37.04078674316406 -2.7915000915527344 63.68277359008789
    endloop
  endfacet
  facet normal 0.19505026856210508 0.019210571883656668 -0.9806050921047441
    outer loop
      vertex 34.63951110839844 0.010868148878216743 61.564483642578125
      vertex 34.71360397338867 0.3681058883666992 61.586219787597656
      vertex 34.74985885620117 0 61.586219787597656
    endloop
  endfacet
  facet normal 0.19505251113074695 0.019210080208942087 -0.9806046556691213
    outer loop
      vertex 34.71360397338867 0.3681058883666992 61.586219787597656
      vertex 34.63951110839844 0.010868148878216743 61.564483642578125
      vertex 34.60163116455078 0.3458327651023865 61.56351089477539
    endloop
  endfacet
  facet normal 0.1875565244546535 0.05689440791713585 -0.9806046993984118
    outer loop
      vertex 34.5695915222168 0.7024807333946228 61.57807540893555
      vertex 34.71360397338867 0.3681058883666992 61.586219787597656
      vertex 34.60163116455078 0.3458327651023865 61.56351089477539
    endloop
  endfacet
  facet normal 0.18755707093488416 0.056894646164171045 -0.9806045810520063
    outer loop
      vertex 34.71360397338867 0.3681058883666992 61.586219787597656
      vertex 34.5695915222168 0.7024807333946228 61.57807540893555
      vertex 34.606231689453125 0.7220659255981445 61.586219787597656
    endloop
  endfacet
  facet normal 0.3824130572950283 0.03766400108326911 -0.9232235247396314
    outer loop
      vertex 34.74985885620117 0 61.586219787597656
      vertex 34.71360397338867 0.3681058883666992 61.586219787597656
      vertex 35.927085876464844 0 62.07384490966797
    endloop
  endfacet
  facet normal 0.9762461831740677 -0.09615074245502356 -0.19416082139147509
    outer loop
      vertex 39.02991485595703 -0.8779058456420898 66.08670043945312
      vertex 39.08312225341797 0 65.91947937011719
      vertex 39.094749450683594 -0.11807844787836075 66.03641510009766
    endloop
  endfacet
  facet normal 0.976244399928252 -0.0961522043089306 -0.194169063486594
    outer loop
      vertex 39.02991485595703 -0.8779058456420898 66.08670043945312
      vertex 38.96360397338867 -1.2134828567504883 65.91947937011719
      vertex 39.08312225341797 0 65.91947937011719
    endloop
  endfacet
  facet normal 0.9762422225687872 -0.09614439131493484 -0.19418387907505402
    outer loop
      vertex 38.96360397338867 -1.2134828567504883 65.91947937011719
      vertex 39.02991485595703 -0.8779058456420898 66.08670043945312
      vertex 39.01823425292969 -1.2243497371673584 66.19950866699219
    endloop
  endfacet
  facet normal 0.8153638865447829 0.43581984395202217 -0.38110732889334636
    outer loop
      vertex 38.15913772583008 2.193727493286133 64.74224853515625
      vertex 38.03484344482422 3.4557085037231445 65.91947937011719
      vertex 38.609642028808594 2.3803329467773438 65.91947937011719
    endloop
  endfacet
  facet normal 0.7968483792933861 0.2417212877543993 -0.5537178699155902
    outer loop
      vertex 37.79103088378906 0.9802436828613281 63.68277359008789
      vertex 37.505104064941406 1.9228181838989258 63.68277359008789
      vertex 38.15913772583008 2.193727493286133 64.74224853515625
    endloop
  endfacet
  facet normal 0.6782909523389659 0.20575728925611125 -0.7053972794766618
    outer loop
      vertex 37.79103088378906 0.9802436828613281 63.68277359008789
      vertex 36.90733337402344 0.8044652938842773 62.781761169433594
      vertex 37.505104064941406 1.9228181838989258 63.68277359008789
    endloop
  endfacet
  facet normal 0.297039859229133 -0.2437743208677098 -0.9232233762825893
    outer loop
      vertex 34.484764099121094 -1.1472382545471191 61.62936782836914
      vertex 35.41069793701172 -1.702310562133789 62.07384490966797
      vertex 35.029640197753906 -2.166630744934082 62.07384490966797
    endloop
  endfacet
  facet normal 0.297033817207763 -0.24378392555978087 -0.923222784095826
    outer loop
      vertex 35.41069793701172 -1.702310562133789 62.07384490966797
      vertex 34.484764099121094 -1.1472382545471191 61.62936782836914
      vertex 34.49816131591797 -1.0925737619400024 61.61924362182617
    endloop
  endfacet
  facet normal 0.2970458542537887 -0.24377069309647842 -0.923222405305406
    outer loop
      vertex 35.029640197753906 -2.166630744934082 62.07384490966797
      vertex 34.391357421875 -1.5283470153808594 61.69994354248047
      vertex 34.484764099121094 -1.1472382545471191 61.62936782836914
    endloop
  endfacet
  facet normal 0.9387263853844275 -0.28475471659195045 -0.19418425466995312
    outer loop
      vertex 38.90400314331055 -1.6620527505874634 66.28914642333984
      vertex 38.96360397338867 -1.2134828567504883 65.91947937011719
      vertex 39.01823425292969 -1.2243497371673584 66.19950866699219
    endloop
  endfacet
  facet normal 0.9387268444877513 -0.2848018954012766 -0.19411283268735594
    outer loop
      vertex 38.609642028808594 -2.3803329467773438 65.91947937011719
      vertex 38.90400314331055 -1.6620527505874634 66.28914642333984
      vertex 38.888336181640625 -1.7220745086669922 66.30144500732422
    endloop
  endfacet
  facet normal 0.9387242620181718 -0.28474590454400345 -0.1942074399806969
    outer loop
      vertex 38.609642028808594 -2.3803329467773438 65.91947937011719
      vertex 38.888336181640625 -1.7220745086669922 66.30144500732422
      vertex 38.87727737426758 -1.7773325443267822 66.32901000976562
    endloop
  endfacet
  facet normal 0.9387242735146503 -0.2847561787367928 -0.19419231958450822
    outer loop
      vertex 38.609642028808594 -2.3803329467773438 65.91947937011719
      vertex 38.87727737426758 -1.7773325443267822 66.32901000976562
      vertex 38.84455490112305 -1.9408453702926636 66.41059875488281
    endloop
  endfacet
  facet normal 0.9387233082400562 -0.2847600822481378 -0.19419126171091755
    outer loop
      vertex 38.90400314331055 -1.6620527505874634 66.28914642333984
      vertex 38.609642028808594 -2.3803329467773438 65.91947937011719
      vertex 38.96360397338867 -1.2134828567504883 65.91947937011719
    endloop
  endfacet
  facet normal 0.8847204473724647 -0.2683784083647856 -0.38110728138498
    outer loop
      vertex 38.609642028808594 -2.3803329467773438 65.91947937011719
      vertex 38.15913772583008 -2.193727493286133 64.74224853515625
      vertex 38.96360397338867 -1.2134828567504883 65.91947937011719
    endloop
  endfacet
  facet normal 0.4624239568125283 -0.865133519108833 -0.19418567990511404
    outer loop
      vertex 36.456825256347656 -5.378527641296387 67.16921997070312
      vertex 35.33847427368164 -5.976299285888672 67.16921997070312
      vertex 36.31871795654297 -5.1718339920043945 65.91947937011719
    endloop
  endfacet
  facet normal 0.6343923024061005 -0.7730112590692886 0
    outer loop
      vertex 36.456825256347656 -5.378527641296387 67.16921997070312
      vertex 37.43707275390625 -4.574061393737793 68.44344329833984
      vertex 36.456825256347656 -5.378527641296387 68.44344329833984
    endloop
  endfacet
  facet normal 0.6343923024061005 -0.7730112590692886 0
    outer loop
      vertex 37.43707275390625 -4.574061393737793 68.44344329833984
      vertex 36.456825256347656 -5.378527641296387 67.16921997070312
      vertex 37.43707275390625 -4.574061393737793 67.16921997070312
    endloop
  endfacet
  facet normal 0.09239339113874086 0.17285468676150575 0.9806042619418219
    outer loop
      vertex 33.58507537841797 1.7432222366333008 74.02644348144531
      vertex 33.21696853637695 0.5297384262084961 74.27503204345703
      vertex 33.911285400390625 1.5688581466674805 74.02644348144531
    endloop
  endfacet
  facet normal 0.12433976028774055 0.15150882565648408 0.9806042523667641
    outer loop
      vertex 33.911285400390625 1.5688581466674805 74.02644348144531
      vertex 33.21696853637695 0.5297384262084961 74.27503204345703
      vertex 34.19721221923828 1.3342046737670898 74.02644348144531
    endloop
  endfacet
  facet normal 0.16181187426050056 -0.5334196749745064 0.8302291055476169
    outer loop
      vertex 34.035579681396484 -2.830839157104492 73.538818359375
      vertex 33.46078109741211 -3.0052032470703125 73.538818359375
      vertex 34.44102478027344 -3.80966854095459 72.83090209960938
    endloop
  endfacet
  facet normal 0.2627662897107338 -0.49160294070922256 0.8302291404652691
    outer loop
      vertex 35.153934478759766 -3.4286117553710938 72.83090209960938
      vertex 34.035579681396484 -2.830839157104492 73.538818359375
      vertex 34.44102478027344 -3.80966854095459 72.83090209960938
    endloop
  endfacet
  facet normal -0.054637200676471556 -0.5547377373181199 -0.8302293773996506
    outer loop
      vertex 32.863006591796875 -4.123556137084961 62.781761169433594
      vertex 32.32572937011719 -4.070638656616211 62.781761169433594
      vertex 32.71318435668945 -3.8432564735412598 62.604331970214844
    endloop
  endfacet
  facet normal -0.05462987266660742 -0.554735199192396 -0.8302315555249649
    outer loop
      vertex 32.863006591796875 -4.123556137084961 62.781761169433594
      vertex 32.71318435668945 -3.8432564735412598 62.604331970214844
      vertex 32.863006591796875 -3.75533127784729 62.53572463989258
    endloop
  endfacet
  facet normal -0.151509844269951 -0.12433879450731002 0.9806042174444102
    outer loop
      vertex 32.33327102661133 -0.3539600372314453 74.27503204345703
      vertex 31.528804779052734 -1.3342046737670898 74.02644348144531
      vertex 32.41250228881836 -0.45050525665283203 74.27503204345703
    endloop
  endfacet
  facet normal -0.15150875478680345 -0.12433970212664623 0.9806042706912963
    outer loop
      vertex 32.33327102661133 -0.3539600372314453 74.27503204345703
      vertex 31.294151306152344 -1.0482778549194336 74.02644348144531
      vertex 31.528804779052734 -1.3342046737670898 74.02644348144531
    endloop
  endfacet
  facet normal -0.16181126174154525 -0.5334202188711218 0.8302288754753677
    outer loop
      vertex 32.265235900878906 -3.0052032470703125 73.538818359375
      vertex 31.284992218017578 -3.80966854095459 72.83090209960938
      vertex 32.05854415893555 -4.044322967529297 72.83090209960938
    endloop
  endfacet
  facet normal -0.054637323833085887 -0.5547383084923482 0.8302289876506403
    outer loop
      vertex 32.265235900878906 -3.0052032470703125 73.538818359375
      vertex 32.05854415893555 -4.044322967529297 72.83090209960938
      vertex 32.863006591796875 -4.123556137084961 72.83090209960938
    endloop
  endfacet
  facet normal -0.5282628144962539 -0.6436903220207116 0.5537157828321035
    outer loop
      vertex 30.071508407592773 -4.1777753829956055 71.92988586425781
      vertex 28.809528350830078 -4.053481101989746 70.87040710449219
      vertex 29.67820930480957 -4.766388893127441 70.87040710449219
    endloop
  endfacet
  facet normal -0.3925350635563489 -0.7343807312315428 0.5537157804096229
    outer loop
      vertex 30.071508407592773 -4.1777753829956055 71.92988586425781
      vertex 29.67820930480957 -4.766388893127441 70.87040710449219
      vertex 30.669281005859375 -5.296128273010254 70.87040710449219
    endloop
  endfacet
  facet normal 0.2437731303169408 -0.2970397620328778 0.9232237219151874
    outer loop
      vertex 35.029640197753906 -2.166630744934082 73.538818359375
      vertex 33.911285400390625 -1.5688581466674805 74.02644348144531
      vertex 34.5653190612793 -2.547687530517578 73.538818359375
    endloop
  endfacet
  facet normal 0.35362365085728026 -0.43089361392404574 0.8302294905830819
    outer loop
      vertex 35.029640197753906 -2.166630744934082 73.538818359375
      vertex 34.5653190612793 -2.547687530517578 73.538818359375
      vertex 35.153934478759766 -3.4286117553710938 72.83090209960938
    endloop
  endfacet
  facet normal -0.11154620300132337 0.36771676752112636 0.9232236042691941
    outer loop
      vertex 32.265235900878906 3.0052032470703125 73.538818359375
      vertex 31.69043731689453 2.830839157104492 73.538818359375
      vertex 32.14094161987305 1.7432222366333008 74.02644348144531
    endloop
  endfacet
  facet normal -0.16181187426050056 0.5334196749745064 0.8302291055476169
    outer loop
      vertex 32.265235900878906 3.0052032470703125 73.538818359375
      vertex 31.284992218017578 3.80966854095459 72.83090209960938
      vertex 31.69043731689453 2.830839157104492 73.538818359375
    endloop
  endfacet
  facet normal -0.36771699481873393 0.11154590180993625 0.9232235501279673
    outer loop
      vertex 30.032169342041016 1.172572135925293 73.538818359375
      vertex 29.857805252075195 0.5977716445922852 73.538818359375
      vertex 31.11978530883789 0.7220659255981445 74.02644348144531
    endloop
  endfacet
  facet normal -0.4916021024594042 0.2627672980818294 0.8302293176684791
    outer loop
      vertex 30.31532096862793 1.702310562133789 73.538818359375
      vertex 29.434396743774414 2.2909250259399414 72.83090209960938
      vertex 30.032169342041016 1.172572135925293 73.538818359375
    endloop
  endfacet
  facet normal 0.6251162936244307 -0.334129582644362 -0.7053984983306661
    outer loop
      vertex 37.04078674316406 -2.7915000915527344 63.68277359008789
      vertex 36.67267608642578 -1.5780162811279297 62.781761169433594
      vertex 37.505104064941406 -1.9228181838989258 63.68277359008789
    endloop
  endfacet
  facet normal 0.7343806216071642 -0.39253222656700093 -0.5537179369626992
    outer loop
      vertex 38.15913772583008 -2.193727493286133 64.74224853515625
      vertex 37.04078674316406 -2.7915000915527344 63.68277359008789
      vertex 37.505104064941406 -1.9228181838989258 63.68277359008789
    endloop
  endfacet
  facet normal 0.9200781625318166 0.09062080790500446 -0.38110896605396255
    outer loop
      vertex 38.595497131347656 0 64.74224853515625
      vertex 38.485347747802734 1.1183528900146484 64.74224853515625
      vertex 39.08312225341797 0 65.91947937011719
    endloop
  endfacet
  facet normal 0.884720340717238 0.26837591375790215 -0.3811092856855961
    outer loop
      vertex 38.485347747802734 1.1183528900146484 64.74224853515625
      vertex 38.15913772583008 2.193727493286133 64.74224853515625
      vertex 38.96360397338867 1.2134828567504883 65.91947937011719
    endloop
  endfacet
  facet normal 0.09615164065073875 -0.9762409787151768 -0.19418654298742002
    outer loop
      vertex 34.1249885559082 -6.3444061279296875 67.16921997070312
      vertex 32.863006591796875 -6.220111846923828 65.91947937011719
      vertex 34.07649230957031 -6.100593566894531 65.91947937011719
    endloop
  endfacet
  facet normal 0.26837675973275626 -0.8847205430550252 -0.3811082202364149
    outer loop
      vertex 34.07649230957031 -6.100593566894531 65.91947937011719
      vertex 33.981361389160156 -5.622339248657227 64.74224853515625
      vertex 35.05673599243164 -5.296128273010254 64.74224853515625
    endloop
  endfacet
  facet normal 0.43582048657959016 -0.8153630129246945 -0.3811084630809104
    outer loop
      vertex 35.243343353271484 -5.746633529663086 65.91947937011719
      vertex 35.05673599243164 -5.296128273010254 64.74224853515625
      vertex 36.31871795654297 -5.1718339920043945 65.91947937011719
    endloop
  endfacet
  facet normal 0.46242345314684685 -0.865133676858484 -0.19418617650354542
    outer loop
      vertex 35.33847427368164 -5.976299285888672 67.16921997070312
      vertex 35.243343353271484 -5.746633529663086 65.91947937011719
      vertex 36.31871795654297 -5.1718339920043945 65.91947937011719
    endloop
  endfacet
  facet normal -0.920075799050017 -0.09061790126815329 -0.3811153630755761
    outer loop
      vertex 26.852436065673828 -1.1955766677856445 65.69789123535156
      vertex 26.762413024902344 -1.2134828567504883 65.91947937011719
      vertex 26.8182430267334 -1.029438853263855 65.74093627929688
    endloop
  endfacet
  facet normal -0.8847177930053531 -0.2683760892015795 -0.3811150764330936
    outer loop
      vertex 26.919824600219727 -1.4052891731262207 65.68913269042969
      vertex 26.762413024902344 -1.2134828567504883 65.91947937011719
      vertex 26.852436065673828 -1.1955766677856445 65.69789123535156
    endloop
  endfacet
  facet normal -0.9200759492133898 0.090617578485793 -0.38111507730402233
    outer loop
      vertex 26.78705596923828 0.8779058456420898 65.78019714355469
      vertex 26.762413024902344 1.2134828567504883 65.91947937011719
      vertex 26.8182430267334 1.029438853263855 65.74093627929688
    endloop
  endfacet
  facet normal -0.9200756620637729 0.09061890908913023 -0.3811154541518961
    outer loop
      vertex 26.64289665222168 0 65.91947937011719
      vertex 26.78705596923828 0.8779058456420898 65.78019714355469
      vertex 26.695571899414062 0 65.79231262207031
    endloop
  endfacet
  facet normal -0.920074983859719 0.09061852341251865 -0.3811171831472213
    outer loop
      vertex 26.78705596923828 0.8779058456420898 65.78019714355469
      vertex 26.64289665222168 0 65.91947937011719
      vertex 26.762413024902344 1.2134828567504883 65.91947937011719
    endloop
  endfacet
  facet normal -0.920075799050017 0.09061790126815329 -0.3811153630755761
    outer loop
      vertex 26.8182430267334 1.029438853263855 65.74093627929688
      vertex 26.762413024902344 1.2134828567504883 65.91947937011719
      vertex 26.852436065673828 1.1955766677856445 65.69789123535156
    endloop
  endfacet
  facet normal 0.17286516877994448 -0.09240140929194345 -0.9806016586685666
    outer loop
      vertex 34.606231689453125 -0.7220659255981445 61.586219787597656
      vertex 34.56263732910156 -0.8036225438117981 61.586219787597656
      vertex 34.56893539428711 -0.7107523679733276 61.57857894897461
    endloop
  endfacet
  facet normal -0.4308938557371048 0.35362369060118515 0.8302293481524298
    outer loop
      vertex 30.69637680053711 2.166630744934082 73.538818359375
      vertex 29.434396743774414 2.2909250259399414 72.83090209960938
      vertex 30.31532096862793 1.702310562133789 73.538818359375
    endloop
  endfacet
  facet normal -0.35362365085728026 0.43089361392404574 0.8302294905830819
    outer loop
      vertex 31.16069793701172 2.547687530517578 73.538818359375
      vertex 30.57208251953125 3.4286117553710938 72.83090209960938
      vertex 30.69637680053711 2.166630744934082 73.538818359375
    endloop
  endfacet
  facet normal -0.1728543964426498 0.09239370641232868 0.9806042834119375
    outer loop
      vertex 31.294151306152344 1.0482778549194336 74.02644348144531
      vertex 31.11978530883789 0.7220659255981445 74.02644348144531
      vertex 32.33327102661133 0.3539600372314453 74.27503204345703
    endloop
  endfacet
  facet normal -0.15150875478680345 0.12433970212664623 0.9806042706912963
    outer loop
      vertex 31.528804779052734 1.3342046737670898 74.02644348144531
      vertex 31.294151306152344 1.0482778549194336 74.02644348144531
      vertex 32.33327102661133 0.3539600372314453 74.27503204345703
    endloop
  endfacet
  facet normal 0.5282624623247204 -0.6436900472363732 -0.553716438249271
    outer loop
      vertex 36.91648864746094 -4.053481101989746 64.74224853515625
      vertex 35.654510498046875 -4.1777753829956055 63.68277359008789
      vertex 36.415916442871094 -3.552906036376953 63.68277359008789
    endloop
  endfacet
  facet normal 0.4496650589900607 -0.5479187784573993 -0.7053980060485121
    outer loop
      vertex 35.654510498046875 -4.1777753829956055 63.68277359008789
      vertex 35.153934478759766 -3.4286117553710938 62.781761169433594
      vertex 36.415916442871094 -3.552906036376953 63.68277359008789
    endloop
  endfacet
  facet normal 0.8286948563212112 -0.08162023667630833 -0.5537174117468862
    outer loop
      vertex 38.485347747802734 -1.1183528900146484 64.74224853515625
      vertex 37.887577056884766 0 63.68277359008789
      vertex 38.595497131347656 0 64.74224853515625
    endloop
  endfacet
  facet normal 0.9200780313591299 0.09062026973768406 -0.3811094106985255
    outer loop
      vertex 39.08312225341797 0 65.91947937011719
      vertex 38.485347747802734 1.1183528900146484 64.74224853515625
      vertex 38.96360397338867 1.2134828567504883 65.91947937011719
    endloop
  endfacet
  facet normal 0.5865165857058946 -0.7146712026966421 -0.38110807748988385
    outer loop
      vertex 36.31871795654297 -5.1718339920043945 65.91947937011719
      vertex 36.04780960083008 -4.766388893127441 64.74224853515625
      vertex 36.91648864746094 -4.053481101989746 64.74224853515625
    endloop
  endfacet
  facet normal 0.5865162555809502 -0.7146713231910514 -0.3811083595877334
    outer loop
      vertex 37.26129150390625 -4.398283004760742 65.91947937011719
      vertex 36.31871795654297 -5.1718339920043945 65.91947937011719
      vertex 36.91648864746094 -4.053481101989746 64.74224853515625
    endloop
  endfacet
  facet normal 0.26837677202732796 -0.8847205435806716 -0.38110821035830805
    outer loop
      vertex 35.243343353271484 -5.746633529663086 65.91947937011719
      vertex 34.07649230957031 -6.100593566894531 65.91947937011719
      vertex 35.05673599243164 -5.296128273010254 64.74224853515625
    endloop
  endfacet
  facet normal 0.28475874422833336 -0.9387247230076495 -0.19418638469190908
    outer loop
      vertex 34.1249885559082 -6.3444061279296875 67.16921997070312
      vertex 34.07649230957031 -6.100593566894531 65.91947937011719
      vertex 35.243343353271484 -5.746633529663086 65.91947937011719
    endloop
  endfacet
  facet normal -0.2437730675116822 0.29703968550410265 0.9232237631211453
    outer loop
      vertex 31.16069793701172 2.547687530517578 73.538818359375
      vertex 30.69637680053711 2.166630744934082 73.538818359375
      vertex 31.528804779052734 1.3342046737670898 74.02644348144531
    endloop
  endfacet
  facet normal -0.24377343429375903 0.29703955251823866 0.9232237090610221
    outer loop
      vertex 31.81473159790039 1.5688581466674805 74.02644348144531
      vertex 31.16069793701172 2.547687530517578 73.538818359375
      vertex 31.528804779052734 1.3342046737670898 74.02644348144531
    endloop
  endfacet
  facet normal -0.33888943508788033 0.1811405214929352 0.9232237335874142
    outer loop
      vertex 30.31532096862793 1.702310562133789 73.538818359375
      vertex 30.032169342041016 1.172572135925293 73.538818359375
      vertex 31.294151306152344 1.0482778549194336 74.02644348144531
    endloop
  endfacet
  facet normal -0.2970395239498164 0.24377341084832105 0.9232237244433453
    outer loop
      vertex 31.528804779052734 1.3342046737670898 74.02644348144531
      vertex 30.31532096862793 1.702310562133789 73.538818359375
      vertex 31.294151306152344 1.0482778549194336 74.02644348144531
    endloop
  endfacet
  facet normal 0.8286948563212112 0.08162023667630833 -0.5537174117468862
    outer loop
      vertex 38.595497131347656 0 64.74224853515625
      vertex 37.887577056884766 0 63.68277359008789
      vertex 38.485347747802734 1.1183528900146484 64.74224853515625
    endloop
  endfacet
  facet normal 0.8286950840234831 0.08161984659992735 -0.5537171284657146
    outer loop
      vertex 37.887577056884766 0 63.68277359008789
      vertex 37.79103088378906 0.9802436828613281 63.68277359008789
      vertex 38.485347747802734 1.1183528900146484 64.74224853515625
    endloop
  endfacet
  facet normal 0.8847204473724647 0.2683784083647856 -0.38110728138498
    outer loop
      vertex 38.96360397338867 1.2134828567504883 65.91947937011719
      vertex 38.15913772583008 2.193727493286133 64.74224853515625
      vertex 38.609642028808594 2.3803329467773438 65.91947937011719
    endloop
  endfacet
  facet normal 0.9387242735146503 0.2847561787367928 -0.19419231958450822
    outer loop
      vertex 38.87727737426758 1.7773325443267822 66.32901000976562
      vertex 38.609642028808594 2.3803329467773438 65.91947937011719
      vertex 38.84455490112305 1.9408453702926636 66.41059875488281
    endloop
  endfacet
  facet normal 0.9387242620181718 0.28474590454400345 -0.1942074399806969
    outer loop
      vertex 38.888336181640625 1.7220745086669922 66.30144500732422
      vertex 38.609642028808594 2.3803329467773438 65.91947937011719
      vertex 38.87727737426758 1.7773325443267822 66.32901000976562
    endloop
  endfacet
  facet normal 0.9387268444877513 0.2848018954012766 -0.19411283268735594
    outer loop
      vertex 38.90400314331055 1.6620527505874634 66.28914642333984
      vertex 38.609642028808594 2.3803329467773438 65.91947937011719
      vertex 38.888336181640625 1.7220745086669922 66.30144500732422
    endloop
  endfacet
  facet normal 0.9387263853844275 0.28475471659195045 -0.19418425466995312
    outer loop
      vertex 38.96360397338867 1.2134828567504883 65.91947937011719
      vertex 38.90400314331055 1.6620527505874634 66.28914642333984
      vertex 39.01823425292969 1.2243497371673584 66.19950866699219
    endloop
  endfacet
  facet normal 0.9387233082400562 0.2847600822481378 -0.19419126171091755
    outer loop
      vertex 38.90400314331055 1.6620527505874634 66.28914642333984
      vertex 38.96360397338867 1.2134828567504883 65.91947937011719
      vertex 38.609642028808594 2.3803329467773438 65.91947937011719
    endloop
  endfacet
  facet normal 0.46720713090549165 0.09808267115413216 -0.8786906659629026
    outer loop
      vertex 39.094749450683594 0.11807844787836075 66.03641510009766
      vertex 83.66497039794922 0.7453166842460632 89.8047866821289
      vertex 39.09944152832031 0.0631256029009819 66.03277587890625
    endloop
  endfacet
  facet normal 0.46721124067192776 0.09801097700312851 -0.8786964805760236
    outer loop
      vertex 83.66497039794922 0.7453166842460632 89.8047866821289
      vertex 39.094749450683594 0.11807844787836075 66.03641510009766
      vertex 83.67364501953125 0.8779058456420898 89.82418823242188
    endloop
  endfacet
  facet normal 0.46721080742544435 0.098018240888161 -0.8786959006835384
    outer loop
      vertex 83.67364501953125 0.8779058456420898 89.82418823242188
      vertex 39.094749450683594 0.11807844787836075 66.03641510009766
      vertex 39.02991485595703 0.8779058456420898 66.08670043945312
    endloop
  endfacet
  facet normal -0.1362810022376244 -0.9569399359878175 0.2563073298615175
    outer loop
      vertex 36.13409423828125 -4.15745735168457 71.4959716796875
      vertex 83.75858306884766 -4.386573791503906 95.96293640136719
      vertex 83.5594253540039 -4.15745735168457 96.71246337890625
    endloop
  endfacet
  facet normal -0.1362813949096907 -0.9569396746920279 0.25630809663720094
    outer loop
      vertex 83.75858306884766 -4.386573791503906 95.96293640136719
      vertex 36.13409423828125 -4.15745735168457 71.4959716796875
      vertex 36.165618896484375 -4.175674915313721 71.44471740722656
    endloop
  endfacet
  facet normal 0.4672110290504633 0.09801471318548373 -0.878696176350378
    outer loop
      vertex 39.104827880859375 0 66.02860260009766
      vertex 83.66497039794922 0.7453166842460632 89.8047866821289
      vertex 83.61622619628906 0 89.69573211669922
    endloop
  endfacet
  facet normal 0.4672144090704423 0.09795779138966151 -0.8787007266771872
    outer loop
      vertex 83.66497039794922 0.7453166842460632 89.8047866821289
      vertex 39.104827880859375 0 66.02860260009766
      vertex 39.09944152832031 0.0631256029009819 66.03277587890625
    endloop
  endfacet
  facet normal 0.41403743048443437 0.47139463792101244 -0.7786912748305099
    outer loop
      vertex 83.69829559326172 1.7220745086669922 90.1273193359375
      vertex 38.888336181640625 1.7220745086669922 66.30144500732422
      vertex 83.69522857666016 1.985698938369751 90.2852783203125
    endloop
  endfacet
  facet normal 0.414037621932074 0.4713938924798553 -0.7786916243016381
    outer loop
      vertex 38.888336181640625 1.7220745086669922 66.30144500732422
      vertex 83.7628402709961 2.387871026992798 90.56468963623047
      vertex 83.69522857666016 1.985698938369751 90.2852783203125
    endloop
  endfacet
  facet normal 0.41405597049734255 0.4713248423178678 -0.7787236649219932
    outer loop
      vertex 83.7628402709961 2.387871026992798 90.56468963623047
      vertex 38.888336181640625 1.7220745086669922 66.30144500732422
      vertex 38.87727737426758 1.7773325443267822 66.32901000976562
    endloop
  endfacet
  facet normal 0.46721124067192776 -0.09801097700312851 -0.8786964805760236
    outer loop
      vertex 39.094749450683594 -0.11807844787836075 66.03641510009766
      vertex 83.66497039794922 -0.7453166842460632 89.8047866821289
      vertex 83.67364501953125 -0.8779058456420898 89.82418823242188
    endloop
  endfacet
  facet normal 0.46720713090549165 -0.09808267115413216 -0.8786906659629026
    outer loop
      vertex 83.66497039794922 -0.7453166842460632 89.8047866821289
      vertex 39.094749450683594 -0.11807844787836075 66.03641510009766
      vertex 39.09944152832031 -0.0631256029009819 66.03277587890625
    endloop
  endfacet
  facet normal 0.46721080742544435 -0.098018240888161 -0.8786959006835384
    outer loop
      vertex 39.094749450683594 -0.11807844787836075 66.03641510009766
      vertex 83.67364501953125 -0.8779058456420898 89.82418823242188
      vertex 39.02991485595703 -0.8779058456420898 66.08670043945312
    endloop
  endfacet
  facet normal -0.41403989173423533 -0.4713849483029896 0.7786958318663908
    outer loop
      vertex 82.54534149169922 -2.4196457862854004 98.50921630859375
      vertex 35.20692443847656 -2.500065803527832 73.29025268554688
      vertex 82.57274627685547 -2.500065803527832 98.47510528564453
    endloop
  endfacet
  facet normal -0.4140401838721219 -0.4713837919227607 0.7786963765497171
    outer loop
      vertex 82.54534149169922 -2.4196457862854004 98.50921630859375
      vertex 35.191444396972656 -2.3284363746643066 73.38591766357422
      vertex 35.20692443847656 -2.500065803527832 73.29025268554688
    endloop
  endfacet
  facet normal -0.4140352087914367 -0.4714037718277465 0.7786869266833785
    outer loop
      vertex 82.54534149169922 -2.4196457862854004 98.50921630859375
      vertex 35.16611099243164 -2.1800718307495117 73.46226501464844
      vertex 35.191444396972656 -2.3284363746643066 73.38591766357422
    endloop
  endfacet
  facet normal -0.4140376348573378 -0.47139390433476563 0.7786916102525875
    outer loop
      vertex 82.54534149169922 -2.4196457862854004 98.50921630859375
      vertex 35.14070510864258 -2.031299352645874 73.538818359375
      vertex 35.16611099243164 -2.1800718307495117 73.46226501464844
    endloop
  endfacet
  facet normal -0.4140339854927851 -0.4714089400663114 0.7786844483373975
    outer loop
      vertex 35.14070510864258 -2.031299352645874 73.538818359375
      vertex 82.54534149169922 -2.4196457862854004 98.50921630859375
      vertex 35.039337158203125 -1.7778451442718506 73.63835906982422
    endloop
  endfacet
  facet normal 0.2213077448168748 -0.8819208019274986 -0.41621939072035913
    outer loop
      vertex 37.77302169799805 -4.15745735168457 68.46665954589844
      vertex 83.92680358886719 -3.7956228256225586 92.24037170410156
      vertex 84.00138854980469 -4.15745735168457 93.04671478271484
    endloop
  endfacet
  facet normal 0.2213171382635139 -0.8819097585880279 -0.4162377950379506
    outer loop
      vertex 37.79183578491211 -4.141778469085693 68.44344329833984
      vertex 83.92680358886719 -3.7956228256225586 92.24037170410156
      vertex 37.77302169799805 -4.15745735168457 68.46665954589844
    endloop
  endfacet
  facet normal 0.22130818258901663 -0.8819202724816249 -0.4162202797859362
    outer loop
      vertex 83.92680358886719 -3.7956228256225586 92.24037170410156
      vertex 37.79183578491211 -4.141778469085693 68.44344329833984
      vertex 37.803382873535156 -4.1277079582214355 68.41976928710938
    endloop
  endfacet
  facet normal 0.04601661691769371 -0.995184652443534 -0.08654466192835093
    outer loop
      vertex 36.95100784301758 -4.5 69.9799575805664
      vertex 83.998779296875 -4.4235076904296875 94.1161117553711
      vertex 83.9332504272461 -4.5 94.96086120605469
    endloop
  endfacet
  facet normal 0.046015872587811195 -0.9951848130786556 -0.0865432105227419
    outer loop
      vertex 83.998779296875 -4.4235076904296875 94.1161117553711
      vertex 36.95100784301758 -4.5 69.9799575805664
      vertex 36.99089050292969 -4.493825435638428 69.93016052246094
    endloop
  endfacet
  facet normal -0.4672091593082304 -0.09805013277675723 0.878693218888684
    outer loop
      vertex 82.02615356445312 0 99.04340362548828
      vertex 34.90032196044922 -0.3114651143550873 73.951416015625
      vertex 34.90744400024414 -0.40666308999061584 73.944580078125
    endloop
  endfacet
  facet normal -0.4672112047326468 -0.09801037417006535 0.8786965669258716
    outer loop
      vertex 34.90032196044922 -0.3114651143550873 73.951416015625
      vertex 82.02615356445312 0 99.04340362548828
      vertex 34.87702560424805 0 73.97377014160156
    endloop
  endfacet
  facet normal -0.46721018204950326 -0.09803085068811065 0.878694826491334
    outer loop
      vertex 34.90459442138672 -0.6926799416542053 73.9111557006836
      vertex 82.02615356445312 0 99.04340362548828
      vertex 34.90744400024414 -0.40666308999061584 73.944580078125
    endloop
  endfacet
  facet normal -0.46721361806580486 -0.09797139841234054 0.8786996302417515
    outer loop
      vertex 34.90337371826172 -0.8149549961090088 73.8968734741211
      vertex 82.02615356445312 0 99.04340362548828
      vertex 34.90459442138672 -0.6926799416542053 73.9111557006836
    endloop
  endfacet
  facet normal -0.4672098194200495 -0.09803488407968249 0.8786945693134605
    outer loop
      vertex 82.02615356445312 0 99.04340362548828
      vertex 34.90337371826172 -0.8149549961090088 73.8968734741211
      vertex 82.0355224609375 -0.09347520023584366 99.03795623779297
    endloop
  endfacet
  facet normal -0.46721109135755107 0.09801383310585092 0.8786962413896993
    outer loop
      vertex 34.903072357177734 0.8450220227241516 73.89335632324219
      vertex 82.0355224609375 0.09347520023584366 99.03795623779297
      vertex 82.11412048339844 0.8779058456420898 98.99224853515625
    endloop
  endfacet
  facet normal -0.46720581162152186 0.098103622840022 0.878689028480917
    outer loop
      vertex 82.0355224609375 0.09347520023584366 99.03795623779297
      vertex 34.903072357177734 0.8450220227241516 73.89335632324219
      vertex 34.90337371826172 0.8149549961090088 73.8968734741211
    endloop
  endfacet
  facet normal -0.4672078421890852 0.09808492159493284 0.878690036561662
    outer loop
      vertex 34.903072357177734 0.8450220227241516 73.89335632324219
      vertex 82.11412048339844 0.8779058456420898 98.99224853515625
      vertex 34.89997482299805 0.8779058456420898 73.8880386352539
    endloop
  endfacet
  facet normal -0.2978325579589038 0.7730052605587261 0.5601416200999458
    outer loop
      vertex 82.97103881835938 3.238753080368042 97.9747085571289
      vertex 35.491111755371094 3.1819801330566406 72.80753326416016
      vertex 82.93682861328125 3.1819801330566406 98.03486633300781
    endloop
  endfacet
  facet normal -0.29782994602357926 0.7730098450762966 0.5601366821292031
    outer loop
      vertex 82.97103881835938 3.238753080368042 97.9747085571289
      vertex 35.64323806762695 3.47680401802063 72.48155212402344
      vertex 35.491111755371094 3.1819801330566406 72.80753326416016
    endloop
  endfacet
  facet normal -0.2978304118011878 0.7730090444495058 0.5601375393647497
    outer loop
      vertex 35.64323806762695 3.47680401802063 72.48155212402344
      vertex 82.97103881835938 3.238753080368042 97.9747085571289
      vertex 35.75928497314453 3.701702833175659 72.2328872680664
    endloop
  endfacet
  facet normal 0.0460169276190652 -0.995184585914574 -0.08654526174516645
    outer loop
      vertex 36.99089050292969 -4.493825435638428 69.93016052246094
      vertex 84.00732421875 -4.4135332107543945 94.0059585571289
      vertex 83.998779296875 -4.4235076904296875 94.1161117553711
    endloop
  endfacet
  facet normal 0.046016832317892324 -0.9951846065119963 -0.08654507556753348
    outer loop
      vertex 37.18067932128906 -4.464441299438477 69.69318389892578
      vertex 84.00732421875 -4.4135332107543945 94.0059585571289
      vertex 36.99089050292969 -4.493825435638428 69.93016052246094
    endloop
  endfacet
  facet normal 0.04601512602007696 -0.9951849712631167 -0.08654178845728812
    outer loop
      vertex 37.213539123535156 -4.456470489501953 69.6189956665039
      vertex 84.00732421875 -4.4135332107543945 94.0059585571289
      vertex 37.18067932128906 -4.464441299438477 69.69318389892578
    endloop
  endfacet
  facet normal 0.04601745591576417 -0.9951844746783841 -0.08654625994316227
    outer loop
      vertex 37.298797607421875 -4.435789585113525 69.42652130126953
      vertex 84.00732421875 -4.4135332107543945 94.0059585571289
      vertex 37.213539123535156 -4.456470489501953 69.6189956665039
    endloop
  endfacet
  facet normal 0.04601584443638954 -0.995184815527974 -0.08654319732571722
    outer loop
      vertex 84.00732421875 -4.4135332107543945 94.0059585571289
      vertex 37.298797607421875 -4.435789585113525 69.42652130126953
      vertex 37.37255859375 -4.4135332107543945 69.20980834960938
    endloop
  endfacet
  facet normal 0.13628030092729343 -0.9569404094520779 -0.2563059350402476
    outer loop
      vertex 37.744407653808594 -4.175756931304932 68.51976776123047
      vertex 84.00474548339844 -4.302248477935791 93.58909606933594
      vertex 84.00662994384766 -4.383609771728516 93.89386749267578
    endloop
  endfacet
  facet normal 0.13627884915787336 -0.9569413324753355 -0.25630326075283316
    outer loop
      vertex 84.00474548339844 -4.302248477935791 93.58909606933594
      vertex 37.744407653808594 -4.175756931304932 68.51976776123047
      vertex 84.00138854980469 -4.15745735168457 93.04671478271484
    endloop
  endfacet
  facet normal 0.1362811692883413 -0.9569398297832348 -0.2563076375604836
    outer loop
      vertex 84.00138854980469 -4.15745735168457 93.04671478271484
      vertex 37.744407653808594 -4.175756931304932 68.51976776123047
      vertex 37.77302169799805 -4.15745735168457 68.46665954589844
    endloop
  endfacet
  facet normal 0.13628013387403556 -0.9569405235633441 -0.256305597819454
    outer loop
      vertex 37.37255859375 -4.4135332107543945 69.20980834960938
      vertex 84.00662994384766 -4.383609771728516 93.89386749267578
      vertex 84.00732421875 -4.4135332107543945 94.0059585571289
    endloop
  endfacet
  facet normal 0.13628059945350263 -0.9569402215721663 -0.25630647777613275
    outer loop
      vertex 84.00662994384766 -4.383609771728516 93.89386749267578
      vertex 37.37255859375 -4.4135332107543945 69.20980834960938
      vertex 37.744407653808594 -4.175756931304932 68.51976776123047
    endloop
  endfacet
  facet normal 0.36290229298135973 -0.6344035882943779 -0.6825203388237517
    outer loop
      vertex 38.71659469604492 -2.500065803527832 66.68109893798828
      vertex 83.83220672607422 -2.9144632816314697 91.0546646118164
      vertex 83.86480712890625 -3.1819801330566406 91.3206558227539
    endloop
  endfacet
  facet normal 0.3629071580449462 -0.634391340852891 -0.6825291358547351
    outer loop
      vertex 83.83220672607422 -2.9144632816314697 91.0546646118164
      vertex 38.71659469604492 -2.500065803527832 66.68109893798828
      vertex 83.78170013427734 -2.500065803527832 90.64263916015625
    endloop
  endfacet
  facet normal 0.36290489747894467 -0.634397155598154 -0.6825249331378072
    outer loop
      vertex 83.86480712890625 -3.1819801330566406 91.3206558227539
      vertex 38.632408142089844 -2.7275733947753906 66.8478012084961
      vertex 38.71659469604492 -2.500065803527832 66.68109893798828
    endloop
  endfacet
  facet normal 0.36290751867445087 -0.6343905753368385 -0.6825296556292246
    outer loop
      vertex 83.86480712890625 -3.1819801330566406 91.3206558227539
      vertex 38.4700813293457 -3.1662423610687256 67.16921997070312
      vertex 38.632408142089844 -2.7275733947753906 66.8478012084961
    endloop
  endfacet
  facet normal 0.36291382867421584 -0.6343742165998006 -0.6825415051631739
    outer loop
      vertex 38.4700813293457 -3.1662423610687256 67.16921997070312
      vertex 83.86480712890625 -3.1819801330566406 91.3206558227539
      vertex 38.461669921875 -3.1819801330566406 67.17937469482422
    endloop
  endfacet
  facet normal 0.2978332091490439 0.7730041472156833 -0.5601428102862126
    outer loop
      vertex 83.89242553710938 3.6614222526550293 91.99698638916016
      vertex 38.120243072509766 3.741612434387207 67.77014923095703
      vertex 83.9156723022461 3.741612434387207 92.12001037597656
    endloop
  endfacet
  facet normal 0.2978306924202517 0.7730085730255802 -0.5601380407376647
    outer loop
      vertex 83.86480712890625 3.1819801330566406 91.3206558227539
      vertex 38.120243072509766 3.741612434387207 67.77014923095703
      vertex 83.89242553710938 3.6614222526550293 91.99698638916016
    endloop
  endfacet
  facet normal 0.2978334432980814 0.7730035548214401 -0.5601435032977045
    outer loop
      vertex 83.86480712890625 3.1819801330566406 91.3206558227539
      vertex 38.241539001464844 3.5938167572021484 67.63068389892578
      vertex 38.120243072509766 3.741612434387207 67.77014923095703
    endloop
  endfacet
  facet normal 0.29782851737258464 0.7730124388219456 -0.560133862274185
    outer loop
      vertex 38.241539001464844 3.5938167572021484 67.63068389892578
      vertex 83.86480712890625 3.1819801330566406 91.3206558227539
      vertex 38.461669921875 3.1819801330566406 67.17937469482422
    endloop
  endfacet
  facet normal 0.44925581541739734 0.290288285182251 -0.8449271707073912
    outer loop
      vertex 38.90400314331055 1.6620527505874634 66.28914642333984
      vertex 83.69829559326172 1.7220745086669922 90.1273193359375
      vertex 83.67735290527344 1.0048614740371704 89.8697738647461
    endloop
  endfacet
  facet normal 0.44924208735696153 0.2903838973092133 -0.8449016150598082
    outer loop
      vertex 83.69829559326172 1.7220745086669922 90.1273193359375
      vertex 38.90400314331055 1.6620527505874634 66.28914642333984
      vertex 38.888336181640625 1.7220745086669922 66.30144500732422
    endloop
  endfacet
  facet normal 0.4492202801914467 0.2905368306087191 -0.8448606334328512
    outer loop
      vertex 39.02991485595703 0.8779058456420898 66.08670043945312
      vertex 83.6739273071289 0.8876526355743408 89.82769012451172
      vertex 83.67364501953125 0.8779058456420898 89.82418823242188
    endloop
  endfacet
  facet normal 0.44926200625273083 0.29024433479642514 -0.844938977593265
    outer loop
      vertex 39.02991485595703 0.8779058456420898 66.08670043945312
      vertex 83.67735290527344 1.0048614740371704 89.8697738647461
      vertex 83.6739273071289 0.8876526355743408 89.82769012451172
    endloop
  endfacet
  facet normal 0.4492580458861376 0.29027168197602177 -0.8449316888656623
    outer loop
      vertex 39.01823425292969 1.2243497371673584 66.19950866699219
      vertex 83.67735290527344 1.0048614740371704 89.8697738647461
      vertex 39.02991485595703 0.8779058456420898 66.08670043945312
    endloop
  endfacet
  facet normal 0.4492568202016865 0.2902805495442069 -0.844929294117906
    outer loop
      vertex 83.67735290527344 1.0048614740371704 89.8697738647461
      vertex 39.01823425292969 1.2243497371673584 66.19950866699219
      vertex 38.90400314331055 1.6620527505874634 66.28914642333984
    endloop
  endfacet
  facet normal 0.41403399807486246 -0.471407912552209 -0.7786850636947608
    outer loop
      vertex 83.78170013427734 -2.500065803527832 90.64263916015625
      vertex 38.87727737426758 -1.7773325443267822 66.32901000976562
      vertex 83.7628402709961 -2.387871026992798 90.56468963623047
    endloop
  endfacet
  facet normal 0.4140353790135071 -0.4714027407156844 -0.778687460391448
    outer loop
      vertex 83.78170013427734 -2.500065803527832 90.64263916015625
      vertex 38.84455490112305 -1.9408453702926636 66.41059875488281
      vertex 38.87727737426758 -1.7773325443267822 66.32901000976562
    endloop
  endfacet
  facet normal 0.41403579947466523 -0.47140114428663293 -0.7786882032743451
    outer loop
      vertex 83.78170013427734 -2.500065803527832 90.64263916015625
      vertex 38.7453498840332 -2.436544418334961 66.6579360961914
      vertex 38.84455490112305 -1.9408453702926636 66.41059875488281
    endloop
  endfacet
  facet normal 0.4140411890541443 -0.4713797864493138 -0.778698266784786
    outer loop
      vertex 38.7453498840332 -2.436544418334961 66.6579360961914
      vertex 83.78170013427734 -2.500065803527832 90.64263916015625
      vertex 38.71659469604492 -2.500065803527832 66.68109893798828
    endloop
  endfacet
  facet normal 0.4672110290504633 -0.09801471318548373 -0.878696176350378
    outer loop
      vertex 83.66497039794922 -0.7453166842460632 89.8047866821289
      vertex 39.104827880859375 0 66.02860260009766
      vertex 83.61622619628906 0 89.69573211669922
    endloop
  endfacet
  facet normal 0.4672144090704423 -0.09795779138966151 -0.8787007266771872
    outer loop
      vertex 39.104827880859375 0 66.02860260009766
      vertex 83.66497039794922 -0.7453166842460632 89.8047866821289
      vertex 39.09944152832031 -0.0631256029009819 66.03277587890625
    endloop
  endfacet
  facet normal -0.4140356519486172 -0.4714019191592595 0.778687812623551
    outer loop
      vertex 82.3075942993164 -1.7220745086669922 98.80509948730469
      vertex 35.039337158203125 -1.7778451442718506 73.63835906982422
      vertex 82.54534149169922 -2.4196457862854004 98.50921630859375
    endloop
  endfacet
  facet normal -0.41405351557435943 -0.4713310596862346 0.7787212071181604
    outer loop
      vertex 35.039337158203125 -1.7778451442718506 73.63835906982422
      vertex 82.3075942993164 -1.7220745086669922 98.80509948730469
      vertex 35.017032623291016 -1.7220745086669922 73.6602554321289
    endloop
  endfacet
  facet normal -0.46720581162152186 -0.098103622840022 0.878689028480917
    outer loop
      vertex 34.903072357177734 -0.8450220227241516 73.89335632324219
      vertex 82.0355224609375 -0.09347520023584366 99.03795623779297
      vertex 34.90337371826172 -0.8149549961090088 73.8968734741211
    endloop
  endfacet
  facet normal -0.46721109135755107 -0.09801383310585092 0.8786962413896993
    outer loop
      vertex 82.0355224609375 -0.09347520023584366 99.03795623779297
      vertex 34.903072357177734 -0.8450220227241516 73.89335632324219
      vertex 82.11412048339844 -0.8779058456420898 98.99224853515625
    endloop
  endfacet
  facet normal -0.4672078421890852 -0.09808492159493284 0.878690036561662
    outer loop
      vertex 82.11412048339844 -0.8779058456420898 98.99224853515625
      vertex 34.903072357177734 -0.8450220227241516 73.89335632324219
      vertex 34.89997482299805 -0.8779058456420898 73.8880386352539
    endloop
  endfacet
  facet normal 0.3008854951249114 -0.08180198977894144 0.9501454379681266
    outer loop
      vertex 82.1653060913086 -1.2531986236572266 98.8905258178711
      vertex 82.3075942993164 -1.7220745086669922 98.80509948730469
      vertex 82.19982147216797 -1.366926908493042 98.86980438232422
    endloop
  endfacet
  facet normal -0.9519001660552985 -0.19409261348934637 0.23709519449531305
    outer loop
      vertex 82.11412048339844 -0.8779058456420898 98.99224853515625
      vertex 82.1653060913086 -1.2531986236572266 98.8905258178711
      vertex 82.1504135131836 -1.143999457359314 98.92012786865234
    endloop
  endfacet
  facet normal -0.4492576135484566 -0.29027590173088946 0.8449304690582916
    outer loop
      vertex 82.1653060913086 -1.2531986236572266 98.8905258178711
      vertex 35.017032623291016 -1.7220745086669922 73.6602554321289
      vertex 82.3075942993164 -1.7220745086669922 98.80509948730469
    endloop
  endfacet
  facet normal -0.44925551596793706 -0.29028980533430715 0.8449268076533923
    outer loop
      vertex 82.11412048339844 -0.8779058456420898 98.99224853515625
      vertex 35.017032623291016 -1.7220745086669922 73.6602554321289
      vertex 82.1653060913086 -1.2531986236572266 98.8905258178711
    endloop
  endfacet
  facet normal -0.4492541981158471 -0.2902981653156388 0.8449246361005587
    outer loop
      vertex 82.11412048339844 -0.8779058456420898 98.99224853515625
      vertex 34.98893737792969 -1.4204989671707153 73.74893188476562
      vertex 35.017032623291016 -1.7220745086669922 73.6602554321289
    endloop
  endfacet
  facet normal -0.4492580111758648 -0.29027311223650676 0.8449312159618906
    outer loop
      vertex 82.11412048339844 -0.8779058456420898 98.99224853515625
      vertex 34.93605041503906 -1.0979355573654175 73.83162689208984
      vertex 34.98893737792969 -1.4204989671707153 73.74893188476562
    endloop
  endfacet
  facet normal -0.4492564382036329 -0.29028385825893055 0.8449283604938909
    outer loop
      vertex 34.93605041503906 -1.0979355573654175 73.83162689208984
      vertex 82.11412048339844 -0.8779058456420898 98.99224853515625
      vertex 34.89997482299805 -0.8779058456420898 73.8880386352539
    endloop
  endfacet
  facet normal -0.2978325579589038 -0.7730052605587261 0.5601416200999458
    outer loop
      vertex 35.491111755371094 -3.1819801330566406 72.80753326416016
      vertex 82.97103881835938 -3.238753080368042 97.9747085571289
      vertex 82.93682861328125 -3.1819801330566406 98.03486633300781
    endloop
  endfacet
  facet normal -0.29782994602357926 -0.7730098450762966 0.5601366821292031
    outer loop
      vertex 35.64323806762695 -3.47680401802063 72.48155212402344
      vertex 82.97103881835938 -3.238753080368042 97.9747085571289
      vertex 35.491111755371094 -3.1819801330566406 72.80753326416016
    endloop
  endfacet
  facet normal -0.2978304118011878 -0.7730090444495058 0.5601375393647497
    outer loop
      vertex 82.97103881835938 -3.238753080368042 97.9747085571289
      vertex 35.64323806762695 -3.47680401802063 72.48155212402344
      vertex 35.75928497314453 -3.701702833175659 72.2328872680664
    endloop
  endfacet
  facet normal 0.2978332091490439 -0.7730041472156833 -0.5601428102862126
    outer loop
      vertex 38.120243072509766 -3.741612434387207 67.77014923095703
      vertex 83.89242553710938 -3.6614222526550293 91.99698638916016
      vertex 83.9156723022461 -3.741612434387207 92.12001037597656
    endloop
  endfacet
  facet normal 0.2978306924202517 -0.7730085730255802 -0.5601380407376647
    outer loop
      vertex 38.120243072509766 -3.741612434387207 67.77014923095703
      vertex 83.86480712890625 -3.1819801330566406 91.3206558227539
      vertex 83.89242553710938 -3.6614222526550293 91.99698638916016
    endloop
  endfacet
  facet normal 0.2978334432980814 -0.7730035548214401 -0.5601435032977045
    outer loop
      vertex 38.241539001464844 -3.5938167572021484 67.63068389892578
      vertex 83.86480712890625 -3.1819801330566406 91.3206558227539
      vertex 38.120243072509766 -3.741612434387207 67.77014923095703
    endloop
  endfacet
  facet normal 0.29782851737258464 -0.7730124388219456 -0.560133862274185
    outer loop
      vertex 83.86480712890625 -3.1819801330566406 91.3206558227539
      vertex 38.241539001464844 -3.5938167572021484 67.63068389892578
      vertex 38.461669921875 -3.1819801330566406 67.17937469482422
    endloop
  endfacet
  facet normal -0.04601654695480851 0.9951846684321694 0.0865445152734075
    outer loop
      vertex 83.9332504272461 4.5 94.96086120605469
      vertex 36.92237854003906 4.493839740753174 70.03556823730469
      vertex 83.79805755615234 4.42270565032959 95.77779388427734
    endloop
  endfacet
  facet normal -0.046019340152362476 0.9951840811090732 0.08654978358742861
    outer loop
      vertex 36.92237854003906 4.493839740753174 70.03556823730469
      vertex 83.9332504272461 4.5 94.96086120605469
      vertex 36.95100784301758 4.5 69.9799575805664
    endloop
  endfacet
  facet normal 0.13627884915787336 0.9569413324753355 -0.25630326075283316
    outer loop
      vertex 37.744407653808594 4.175756931304932 68.51976776123047
      vertex 84.00474548339844 4.302248477935791 93.58909606933594
      vertex 84.00138854980469 4.15745735168457 93.04671478271484
    endloop
  endfacet
  facet normal 0.13628030092729343 0.9569404094520779 -0.2563059350402476
    outer loop
      vertex 84.00474548339844 4.302248477935791 93.58909606933594
      vertex 37.744407653808594 4.175756931304932 68.51976776123047
      vertex 84.00662994384766 4.383609771728516 93.89386749267578
    endloop
  endfacet
  facet normal 0.1362811692883413 0.9569398297832348 -0.2563076375604836
    outer loop
      vertex 37.744407653808594 4.175756931304932 68.51976776123047
      vertex 84.00138854980469 4.15745735168457 93.04671478271484
      vertex 37.77302169799805 4.15745735168457 68.46665954589844
    endloop
  endfacet
  facet normal 0.3629071580449462 0.634391340852891 -0.6825291358547351
    outer loop
      vertex 38.71659469604492 2.500065803527832 66.68109893798828
      vertex 83.83220672607422 2.9144632816314697 91.0546646118164
      vertex 83.78170013427734 2.500065803527832 90.64263916015625
    endloop
  endfacet
  facet normal 0.36290229298135973 0.6344035882943779 -0.6825203388237517
    outer loop
      vertex 83.83220672607422 2.9144632816314697 91.0546646118164
      vertex 38.71659469604492 2.500065803527832 66.68109893798828
      vertex 83.86480712890625 3.1819801330566406 91.3206558227539
    endloop
  endfacet
  facet normal 0.36290489747894467 0.634397155598154 -0.6825249331378072
    outer loop
      vertex 38.632408142089844 2.7275733947753906 66.8478012084961
      vertex 83.86480712890625 3.1819801330566406 91.3206558227539
      vertex 38.71659469604492 2.500065803527832 66.68109893798828
    endloop
  endfacet
  facet normal 0.36290751867445087 0.6343905753368385 -0.6825296556292246
    outer loop
      vertex 38.4700813293457 3.1662423610687256 67.16921997070312
      vertex 83.86480712890625 3.1819801330566406 91.3206558227539
      vertex 38.632408142089844 2.7275733947753906 66.8478012084961
    endloop
  endfacet
  facet normal 0.36291382867421584 0.6343742165998006 -0.6825415051631739
    outer loop
      vertex 83.86480712890625 3.1819801330566406 91.3206558227539
      vertex 38.4700813293457 3.1662423610687256 67.16921997070312
      vertex 38.461669921875 3.1819801330566406 67.17937469482422
    endloop
  endfacet
  facet normal -0.297831022163446 0.7730080115793101 0.560138640223363
    outer loop
      vertex 83.27404022216797 3.741612434387207 97.44185638427734
      vertex 35.75928497314453 3.701702833175659 72.2328872680664
      vertex 82.97103881835938 3.238753080368042 97.9747085571289
    endloop
  endfacet
  facet normal -0.2978219087194595 0.7730239878810251 0.5601214375893988
    outer loop
      vertex 35.75928497314453 3.701702833175659 72.2328872680664
      vertex 83.27404022216797 3.741612434387207 97.44185638427734
      vertex 35.77988052368164 3.741612434387207 72.18875885009766
    endloop
  endfacet
  facet normal 0.3008854951249114 0.08180198977894144 0.9501454379681266
    outer loop
      vertex 82.3075942993164 1.7220745086669922 98.80509948730469
      vertex 82.1653060913086 1.2531986236572266 98.8905258178711
      vertex 82.19982147216797 1.366926908493042 98.86980438232422
    endloop
  endfacet
  facet normal -0.9519001660552985 0.19409261348934637 0.23709519449531305
    outer loop
      vertex 82.1653060913086 1.2531986236572266 98.8905258178711
      vertex 82.11412048339844 0.8779058456420898 98.99224853515625
      vertex 82.1504135131836 1.143999457359314 98.92012786865234
    endloop
  endfacet
  facet normal -0.4492576135484566 0.29027590173088946 0.8449304690582916
    outer loop
      vertex 35.017032623291016 1.7220745086669922 73.6602554321289
      vertex 82.1653060913086 1.2531986236572266 98.8905258178711
      vertex 82.3075942993164 1.7220745086669922 98.80509948730469
    endloop
  endfacet
  facet normal -0.44925551596793706 0.29028980533430715 0.8449268076533923
    outer loop
      vertex 35.017032623291016 1.7220745086669922 73.6602554321289
      vertex 82.11412048339844 0.8779058456420898 98.99224853515625
      vertex 82.1653060913086 1.2531986236572266 98.8905258178711
    endloop
  endfacet
  facet normal -0.4492541981158471 0.2902981653156388 0.8449246361005587
    outer loop
      vertex 34.98893737792969 1.4204989671707153 73.74893188476562
      vertex 82.11412048339844 0.8779058456420898 98.99224853515625
      vertex 35.017032623291016 1.7220745086669922 73.6602554321289
    endloop
  endfacet
  facet normal -0.4492580111758648 0.29027311223650676 0.8449312159618906
    outer loop
      vertex 34.93605041503906 1.0979355573654175 73.83162689208984
      vertex 82.11412048339844 0.8779058456420898 98.99224853515625
      vertex 34.98893737792969 1.4204989671707153 73.74893188476562
    endloop
  endfacet
  facet normal -0.4492564382036329 0.29028385825893055 0.8449283604938909
    outer loop
      vertex 82.11412048339844 0.8779058456420898 98.99224853515625
      vertex 34.93605041503906 1.0979355573654175 73.83162689208984
      vertex 34.89997482299805 0.8779058456420898 73.8880386352539
    endloop
  endfacet
  facet normal 0.4492202801914467 -0.2905368306087191 -0.8448606334328512
    outer loop
      vertex 83.6739273071289 -0.8876526355743408 89.82769012451172
      vertex 39.02991485595703 -0.8779058456420898 66.08670043945312
      vertex 83.67364501953125 -0.8779058456420898 89.82418823242188
    endloop
  endfacet
  facet normal 0.44926200625273083 -0.29024433479642514 -0.844938977593265
    outer loop
      vertex 83.67735290527344 -1.0048614740371704 89.8697738647461
      vertex 39.02991485595703 -0.8779058456420898 66.08670043945312
      vertex 83.6739273071289 -0.8876526355743408 89.82769012451172
    endloop
  endfacet
  facet normal 0.4492580458861376 -0.29027168197602177 -0.8449316888656623
    outer loop
      vertex 83.67735290527344 -1.0048614740371704 89.8697738647461
      vertex 39.01823425292969 -1.2243497371673584 66.19950866699219
      vertex 39.02991485595703 -0.8779058456420898 66.08670043945312
    endloop
  endfacet
  facet normal 0.4492568202016865 -0.2902805495442069 -0.844929294117906
    outer loop
      vertex 39.01823425292969 -1.2243497371673584 66.19950866699219
      vertex 83.67735290527344 -1.0048614740371704 89.8697738647461
      vertex 38.90400314331055 -1.6620527505874634 66.28914642333984
    endloop
  endfacet
  facet normal -0.36290557489406466 -0.6343954316802524 0.6825261753032147
    outer loop
      vertex 82.60100555419922 -2.5730671882629395 98.42227935791016
      vertex 35.491111755371094 -3.1819801330566406 72.80753326416016
      vertex 82.93682861328125 -3.1819801330566406 98.03486633300781
    endloop
  endfacet
  facet normal -0.36290958095397396 -0.6343854678977469 0.6825333062730109
    outer loop
      vertex 82.57274627685547 -2.500065803527832 98.47510528564453
      vertex 35.491111755371094 -3.1819801330566406 72.80753326416016
      vertex 82.60100555419922 -2.5730671882629395 98.42227935791016
    endloop
  endfacet
  facet normal -0.3628804684996351 -0.6344575095164757 0.6824818196843314
    outer loop
      vertex 82.57274627685547 -2.500065803527832 98.47510528564453
      vertex 35.4875602722168 -3.154811143875122 72.83090209960938
      vertex 35.491111755371094 -3.1819801330566406 72.80753326416016
    endloop
  endfacet
  facet normal -0.36290710809723187 -0.6343914657902677 0.6825290462866614
    outer loop
      vertex 35.4875602722168 -3.154811143875122 72.83090209960938
      vertex 82.57274627685547 -2.500065803527832 98.47510528564453
      vertex 35.20692443847656 -2.500065803527832 73.29025268554688
    endloop
  endfacet
  facet normal -0.13628226149734038 -0.9569390993993969 0.256309783741943
    outer loop
      vertex 36.165618896484375 -4.175674915313721 71.44471740722656
      vertex 83.78201293945312 -4.4135332107543945 95.87474060058594
      vertex 83.75858306884766 -4.386573791503906 95.96293640136719
    endloop
  endfacet
  facet normal -0.1362791573747163 -0.956941167351072 0.25630371338317537
    outer loop
      vertex 36.51886749267578 -4.379802703857422 70.87040710449219
      vertex 83.78201293945312 -4.4135332107543945 95.87474060058594
      vertex 36.165618896484375 -4.175674915313721 71.44471740722656
    endloop
  endfacet
  facet normal -0.13628104803382668 -0.9569399404748521 0.2563072887586076
    outer loop
      vertex 83.78201293945312 -4.4135332107543945 95.87474060058594
      vertex 36.51886749267578 -4.379802703857422 70.87040710449219
      vertex 36.549137115478516 -4.4135332107543945 70.76056671142578
    endloop
  endfacet
  facet normal -0.04601654695480851 -0.9951846684321694 0.0865445152734075
    outer loop
      vertex 36.92237854003906 -4.493839740753174 70.03556823730469
      vertex 83.9332504272461 -4.5 94.96086120605469
      vertex 83.79805755615234 -4.42270565032959 95.77779388427734
    endloop
  endfacet
  facet normal -0.046019340152362476 -0.9951840811090732 0.08654978358742861
    outer loop
      vertex 83.9332504272461 -4.5 94.96086120605469
      vertex 36.92237854003906 -4.493839740753174 70.03556823730469
      vertex 36.95100784301758 -4.5 69.9799575805664
    endloop
  endfacet
  facet normal -0.221307325917163 -0.8819213441709738 0.41621846450038397
    outer loop
      vertex 35.976871490478516 -3.9132187366485596 71.92988586425781
      vertex 83.27404022216797 -3.741612434387207 97.44185638427734
      vertex 35.77988052368164 -3.741612434387207 72.18875885009766
    endloop
  endfacet
  facet normal -0.2213105667117977 -0.8819177069169237 0.4162244482104554
    outer loop
      vertex 83.27404022216797 -3.741612434387207 97.44185638427734
      vertex 35.976871490478516 -3.9132187366485596 71.92988586425781
      vertex 83.28375244140625 -3.7557663917541504 97.41703033447266
    endloop
  endfacet
  facet normal -0.2213061573428582 -0.8819226615007629 0.4162162945555456
    outer loop
      vertex 83.28375244140625 -3.7557663917541504 97.41703033447266
      vertex 35.976871490478516 -3.9132187366485596 71.92988586425781
      vertex 83.5594253540039 -4.15745735168457 96.71246337890625
    endloop
  endfacet
  facet normal -0.22130771785464098 -0.8819208474419774 0.4162193086164972
    outer loop
      vertex 36.117801666259766 -4.132145404815674 71.54093933105469
      vertex 83.5594253540039 -4.15745735168457 96.71246337890625
      vertex 35.976871490478516 -3.9132187366485596 71.92988586425781
    endloop
  endfacet
  facet normal -0.2213158495822373 -0.8819115691405105 0.4162346440889022
    outer loop
      vertex 83.5594253540039 -4.15745735168457 96.71246337890625
      vertex 36.117801666259766 -4.132145404815674 71.54093933105469
      vertex 36.13409423828125 -4.15745735168457 71.4959716796875
    endloop
  endfacet
  facet normal -0.297831022163446 -0.7730080115793101 0.560138640223363
    outer loop
      vertex 35.75928497314453 -3.701702833175659 72.2328872680664
      vertex 83.27404022216797 -3.741612434387207 97.44185638427734
      vertex 82.97103881835938 -3.238753080368042 97.9747085571289
    endloop
  endfacet
  facet normal -0.2978219087194595 -0.7730239878810251 0.5601214375893988
    outer loop
      vertex 83.27404022216797 -3.741612434387207 97.44185638427734
      vertex 35.75928497314453 -3.701702833175659 72.2328872680664
      vertex 35.77988052368164 -3.741612434387207 72.18875885009766
    endloop
  endfacet
  facet normal -0.2213105667117977 0.8819177069169237 0.4162244482104554
    outer loop
      vertex 35.976871490478516 3.9132187366485596 71.92988586425781
      vertex 83.27404022216797 3.741612434387207 97.44185638427734
      vertex 83.28375244140625 3.7557663917541504 97.41703033447266
    endloop
  endfacet
  facet normal -0.2213061573428582 0.8819226615007629 0.4162162945555456
    outer loop
      vertex 35.976871490478516 3.9132187366485596 71.92988586425781
      vertex 83.28375244140625 3.7557663917541504 97.41703033447266
      vertex 83.5594253540039 4.15745735168457 96.71246337890625
    endloop
  endfacet
  facet normal -0.221307325917163 0.8819213441709738 0.41621846450038397
    outer loop
      vertex 83.27404022216797 3.741612434387207 97.44185638427734
      vertex 35.976871490478516 3.9132187366485596 71.92988586425781
      vertex 35.77988052368164 3.741612434387207 72.18875885009766
    endloop
  endfacet
  facet normal -0.22130771785464098 0.8819208474419774 0.4162193086164972
    outer loop
      vertex 83.5594253540039 4.15745735168457 96.71246337890625
      vertex 36.117801666259766 4.132145404815674 71.54093933105469
      vertex 35.976871490478516 3.9132187366485596 71.92988586425781
    endloop
  endfacet
  facet normal -0.2213158495822373 0.8819115691405105 0.4162346440889022
    outer loop
      vertex 36.117801666259766 4.132145404815674 71.54093933105469
      vertex 83.5594253540039 4.15745735168457 96.71246337890625
      vertex 36.13409423828125 4.15745735168457 71.4959716796875
    endloop
  endfacet
  facet normal 0.13628013387403556 0.9569405235633441 -0.256305597819454
    outer loop
      vertex 84.00662994384766 4.383609771728516 93.89386749267578
      vertex 37.37255859375 4.4135332107543945 69.20980834960938
      vertex 84.00732421875 4.4135332107543945 94.0059585571289
    endloop
  endfacet
  facet normal 0.13628059945350263 0.9569402215721663 -0.25630647777613275
    outer loop
      vertex 37.37255859375 4.4135332107543945 69.20980834960938
      vertex 84.00662994384766 4.383609771728516 93.89386749267578
      vertex 37.744407653808594 4.175756931304932 68.51976776123047
    endloop
  endfacet
  facet normal 0.41403399807486246 0.471407912552209 -0.7786850636947608
    outer loop
      vertex 38.87727737426758 1.7773325443267822 66.32901000976562
      vertex 83.78170013427734 2.500065803527832 90.64263916015625
      vertex 83.7628402709961 2.387871026992798 90.56468963623047
    endloop
  endfacet
  facet normal 0.4140353790135071 0.4714027407156844 -0.778687460391448
    outer loop
      vertex 38.84455490112305 1.9408453702926636 66.41059875488281
      vertex 83.78170013427734 2.500065803527832 90.64263916015625
      vertex 38.87727737426758 1.7773325443267822 66.32901000976562
    endloop
  endfacet
  facet normal 0.41403579947466523 0.47140114428663293 -0.7786882032743451
    outer loop
      vertex 38.7453498840332 2.436544418334961 66.6579360961914
      vertex 83.78170013427734 2.500065803527832 90.64263916015625
      vertex 38.84455490112305 1.9408453702926636 66.41059875488281
    endloop
  endfacet
  facet normal 0.4140411890541443 0.4713797864493138 -0.778698266784786
    outer loop
      vertex 83.78170013427734 2.500065803527832 90.64263916015625
      vertex 38.7453498840332 2.436544418334961 66.6579360961914
      vertex 38.71659469604492 2.500065803527832 66.68109893798828
    endloop
  endfacet
  facet normal 0.22130636548335747 -0.8819224029854973 -0.4162167316541138
    outer loop
      vertex 37.803382873535156 -4.1277079582214355 68.41976928710938
      vertex 83.9156723022461 -3.741612434387207 92.12001037597656
      vertex 83.92680358886719 -3.7956228256225586 92.24037170410156
    endloop
  endfacet
  facet normal 0.22130654934109703 -0.8819221863589841 -0.416217092905284
    outer loop
      vertex 83.9156723022461 -3.741612434387207 92.12001037597656
      vertex 37.803382873535156 -4.1277079582214355 68.41976928710938
      vertex 38.120243072509766 -3.741612434387207 67.77014923095703
    endloop
  endfacet
  facet normal 0.414037621932074 -0.4713938924798553 -0.7786916243016381
    outer loop
      vertex 83.7628402709961 -2.387871026992798 90.56468963623047
      vertex 38.888336181640625 -1.7220745086669922 66.30144500732422
      vertex 83.69522857666016 -1.985698938369751 90.2852783203125
    endloop
  endfacet
  facet normal 0.41405597049734255 -0.4713248423178678 -0.7787236649219932
    outer loop
      vertex 38.888336181640625 -1.7220745086669922 66.30144500732422
      vertex 83.7628402709961 -2.387871026992798 90.56468963623047
      vertex 38.87727737426758 -1.7773325443267822 66.32901000976562
    endloop
  endfacet
  facet normal 0.41403743048443437 -0.47139463792101244 -0.7786912748305099
    outer loop
      vertex 83.69829559326172 -1.7220745086669922 90.1273193359375
      vertex 83.69522857666016 -1.985698938369751 90.2852783203125
      vertex 38.888336181640625 -1.7220745086669922 66.30144500732422
    endloop
  endfacet
  facet normal 0.44925581541739734 -0.290288285182251 -0.8449271707073912
    outer loop
      vertex 83.69829559326172 -1.7220745086669922 90.1273193359375
      vertex 38.90400314331055 -1.6620527505874634 66.28914642333984
      vertex 83.67735290527344 -1.0048614740371704 89.8697738647461
    endloop
  endfacet
  facet normal 0.44924208735696153 -0.2903838973092133 -0.8449016150598082
    outer loop
      vertex 38.90400314331055 -1.6620527505874634 66.28914642333984
      vertex 83.69829559326172 -1.7220745086669922 90.1273193359375
      vertex 38.888336181640625 -1.7220745086669922 66.30144500732422
    endloop
  endfacet
  facet normal -0.1362810022376244 0.9569399359878175 0.2563073298615175
    outer loop
      vertex 83.75858306884766 4.386573791503906 95.96293640136719
      vertex 36.13409423828125 4.15745735168457 71.4959716796875
      vertex 83.5594253540039 4.15745735168457 96.71246337890625
    endloop
  endfacet
  facet normal -0.1362813949096907 0.9569396746920279 0.25630809663720094
    outer loop
      vertex 36.13409423828125 4.15745735168457 71.4959716796875
      vertex 83.75858306884766 4.386573791503906 95.96293640136719
      vertex 36.165618896484375 4.175674915313721 71.44471740722656
    endloop
  endfacet
  facet normal -0.4140356519486172 0.4714019191592595 0.778687812623551
    outer loop
      vertex 35.039337158203125 1.7778451442718506 73.63835906982422
      vertex 82.3075942993164 1.7220745086669922 98.80509948730469
      vertex 82.54534149169922 2.4196457862854004 98.50921630859375
    endloop
  endfacet
  facet normal -0.41405351557435943 0.4713310596862346 0.7787212071181604
    outer loop
      vertex 82.3075942993164 1.7220745086669922 98.80509948730469
      vertex 35.039337158203125 1.7778451442718506 73.63835906982422
      vertex 35.017032623291016 1.7220745086669922 73.6602554321289
    endloop
  endfacet
  facet normal -0.4672098194200495 0.09803488407968249 0.8786945693134605
    outer loop
      vertex 34.90337371826172 0.8149549961090088 73.8968734741211
      vertex 82.02615356445312 0 99.04340362548828
      vertex 82.0355224609375 0.09347520023584366 99.03795623779297
    endloop
  endfacet
  facet normal -0.46721018204950326 0.09803085068811065 0.878694826491334
    outer loop
      vertex 82.02615356445312 0 99.04340362548828
      vertex 34.90459442138672 0.6926799416542053 73.9111557006836
      vertex 34.90744400024414 0.40666308999061584 73.944580078125
    endloop
  endfacet
  facet normal -0.46721361806580486 0.09797139841234054 0.8786996302417515
    outer loop
      vertex 82.02615356445312 0 99.04340362548828
      vertex 34.90337371826172 0.8149549961090088 73.8968734741211
      vertex 34.90459442138672 0.6926799416542053 73.9111557006836
    endloop
  endfacet
  facet normal -0.4672091593082304 0.09805013277675723 0.878693218888684
    outer loop
      vertex 34.90032196044922 0.3114651143550873 73.951416015625
      vertex 82.02615356445312 0 99.04340362548828
      vertex 34.90744400024414 0.40666308999061584 73.944580078125
    endloop
  endfacet
  facet normal -0.4672112047326468 0.09801037417006535 0.8786965669258716
    outer loop
      vertex 82.02615356445312 0 99.04340362548828
      vertex 34.90032196044922 0.3114651143550873 73.951416015625
      vertex 34.87702560424805 0 73.97377014160156
    endloop
  endfacet
  facet normal -0.046015285953691 -0.9951849335236542 0.08654213740207768
    outer loop
      vertex 36.549137115478516 -4.4135332107543945 70.76056671142578
      vertex 83.79805755615234 -4.42270565032959 95.77779388427734
      vertex 83.78201293945312 -4.4135332107543945 95.87474060058594
    endloop
  endfacet
  facet normal -0.04601764121762297 -0.9951844377660626 0.08654658586571742
    outer loop
      vertex 36.705997467041016 -4.447283744812012 70.45587921142578
      vertex 83.79805755615234 -4.42270565032959 95.77779388427734
      vertex 36.549137115478516 -4.4135332107543945 70.76056671142578
    endloop
  endfacet
  facet normal -0.046015632821120984 -0.9951848554137187 0.08654285118510607
    outer loop
      vertex 83.79805755615234 -4.42270565032959 95.77779388427734
      vertex 36.705997467041016 -4.447283744812012 70.45587921142578
      vertex 36.92237854003906 -4.493839740753174 70.03556823730469
    endloop
  endfacet
  facet normal 0.0460169276190652 0.995184585914574 -0.08654526174516645
    outer loop
      vertex 84.00732421875 4.4135332107543945 94.0059585571289
      vertex 36.99089050292969 4.493825435638428 69.93016052246094
      vertex 83.998779296875 4.4235076904296875 94.1161117553711
    endloop
  endfacet
  facet normal 0.046016832317892324 0.9951846065119963 -0.08654507556753348
    outer loop
      vertex 84.00732421875 4.4135332107543945 94.0059585571289
      vertex 37.18067932128906 4.464441299438477 69.69318389892578
      vertex 36.99089050292969 4.493825435638428 69.93016052246094
    endloop
  endfacet
  facet normal 0.04601512602007696 0.9951849712631167 -0.08654178845728812
    outer loop
      vertex 84.00732421875 4.4135332107543945 94.0059585571289
      vertex 37.213539123535156 4.456470489501953 69.6189956665039
      vertex 37.18067932128906 4.464441299438477 69.69318389892578
    endloop
  endfacet
  facet normal 0.04601745591576417 0.9951844746783841 -0.08654625994316227
    outer loop
      vertex 84.00732421875 4.4135332107543945 94.0059585571289
      vertex 37.298797607421875 4.435789585113525 69.42652130126953
      vertex 37.213539123535156 4.456470489501953 69.6189956665039
    endloop
  endfacet
  facet normal 0.04601584443638954 0.995184815527974 -0.08654319732571722
    outer loop
      vertex 37.298797607421875 4.435789585113525 69.42652130126953
      vertex 84.00732421875 4.4135332107543945 94.0059585571289
      vertex 37.37255859375 4.4135332107543945 69.20980834960938
    endloop
  endfacet
  facet normal 0.04601661691769371 0.995184652443534 -0.08654466192835093
    outer loop
      vertex 83.998779296875 4.4235076904296875 94.1161117553711
      vertex 36.95100784301758 4.5 69.9799575805664
      vertex 83.9332504272461 4.5 94.96086120605469
    endloop
  endfacet
  facet normal 0.046015872587811195 0.9951848130786556 -0.0865432105227419
    outer loop
      vertex 36.95100784301758 4.5 69.9799575805664
      vertex 83.998779296875 4.4235076904296875 94.1161117553711
      vertex 36.99089050292969 4.493825435638428 69.93016052246094
    endloop
  endfacet
  facet normal -0.13628226149734038 0.9569390993993969 0.256309783741943
    outer loop
      vertex 83.78201293945312 4.4135332107543945 95.87474060058594
      vertex 36.165618896484375 4.175674915313721 71.44471740722656
      vertex 83.75858306884766 4.386573791503906 95.96293640136719
    endloop
  endfacet
  facet normal -0.1362791573747163 0.956941167351072 0.25630371338317537
    outer loop
      vertex 83.78201293945312 4.4135332107543945 95.87474060058594
      vertex 36.51886749267578 4.379802703857422 70.87040710449219
      vertex 36.165618896484375 4.175674915313721 71.44471740722656
    endloop
  endfacet
  facet normal -0.13628104803382668 0.9569399404748521 0.2563072887586076
    outer loop
      vertex 36.51886749267578 4.379802703857422 70.87040710449219
      vertex 83.78201293945312 4.4135332107543945 95.87474060058594
      vertex 36.549137115478516 4.4135332107543945 70.76056671142578
    endloop
  endfacet
  facet normal -0.046015285953691 0.9951849335236542 0.08654213740207768
    outer loop
      vertex 83.79805755615234 4.42270565032959 95.77779388427734
      vertex 36.549137115478516 4.4135332107543945 70.76056671142578
      vertex 83.78201293945312 4.4135332107543945 95.87474060058594
    endloop
  endfacet
  facet normal -0.04601764121762297 0.9951844377660626 0.08654658586571742
    outer loop
      vertex 83.79805755615234 4.42270565032959 95.77779388427734
      vertex 36.705997467041016 4.447283744812012 70.45587921142578
      vertex 36.549137115478516 4.4135332107543945 70.76056671142578
    endloop
  endfacet
  facet normal -0.046015632821120984 0.9951848554137187 0.08654285118510607
    outer loop
      vertex 36.705997467041016 4.447283744812012 70.45587921142578
      vertex 83.79805755615234 4.42270565032959 95.77779388427734
      vertex 36.92237854003906 4.493839740753174 70.03556823730469
    endloop
  endfacet
  facet normal -0.41403989173423533 0.4713849483029896 0.7786958318663908
    outer loop
      vertex 35.20692443847656 2.500065803527832 73.29025268554688
      vertex 82.54534149169922 2.4196457862854004 98.50921630859375
      vertex 82.57274627685547 2.500065803527832 98.47510528564453
    endloop
  endfacet
  facet normal -0.4140401838721219 0.4713837919227607 0.7786963765497171
    outer loop
      vertex 35.191444396972656 2.3284363746643066 73.38591766357422
      vertex 82.54534149169922 2.4196457862854004 98.50921630859375
      vertex 35.20692443847656 2.500065803527832 73.29025268554688
    endloop
  endfacet
  facet normal -0.4140352087914367 0.4714037718277465 0.7786869266833785
    outer loop
      vertex 35.16611099243164 2.1800718307495117 73.46226501464844
      vertex 82.54534149169922 2.4196457862854004 98.50921630859375
      vertex 35.191444396972656 2.3284363746643066 73.38591766357422
    endloop
  endfacet
  facet normal -0.4140376348573378 0.47139390433476563 0.7786916102525875
    outer loop
      vertex 35.14070510864258 2.031299352645874 73.538818359375
      vertex 82.54534149169922 2.4196457862854004 98.50921630859375
      vertex 35.16611099243164 2.1800718307495117 73.46226501464844
    endloop
  endfacet
  facet normal -0.4140339854927851 0.4714089400663114 0.7786844483373975
    outer loop
      vertex 82.54534149169922 2.4196457862854004 98.50921630859375
      vertex 35.14070510864258 2.031299352645874 73.538818359375
      vertex 35.039337158203125 1.7778451442718506 73.63835906982422
    endloop
  endfacet
  facet normal 0.22130636548335747 0.8819224029854973 -0.4162167316541138
    outer loop
      vertex 83.9156723022461 3.741612434387207 92.12001037597656
      vertex 37.803382873535156 4.1277079582214355 68.41976928710938
      vertex 83.92680358886719 3.7956228256225586 92.24037170410156
    endloop
  endfacet
  facet normal 0.22130654934109703 0.8819221863589841 -0.416217092905284
    outer loop
      vertex 37.803382873535156 4.1277079582214355 68.41976928710938
      vertex 83.9156723022461 3.741612434387207 92.12001037597656
      vertex 38.120243072509766 3.741612434387207 67.77014923095703
    endloop
  endfacet
  facet normal 0.2213077448168748 0.8819208019274986 -0.41621939072035913
    outer loop
      vertex 83.92680358886719 3.7956228256225586 92.24037170410156
      vertex 37.77302169799805 4.15745735168457 68.46665954589844
      vertex 84.00138854980469 4.15745735168457 93.04671478271484
    endloop
  endfacet
  facet normal 0.2213171382635139 0.8819097585880279 -0.4162377950379506
    outer loop
      vertex 83.92680358886719 3.7956228256225586 92.24037170410156
      vertex 37.79183578491211 4.141778469085693 68.44344329833984
      vertex 37.77302169799805 4.15745735168457 68.46665954589844
    endloop
  endfacet
  facet normal 0.22130818258901663 0.8819202724816249 -0.4162202797859362
    outer loop
      vertex 37.79183578491211 4.141778469085693 68.44344329833984
      vertex 83.92680358886719 3.7956228256225586 92.24037170410156
      vertex 37.803382873535156 4.1277079582214355 68.41976928710938
    endloop
  endfacet
  facet normal -0.36290557489406466 0.6343954316802524 0.6825261753032147
    outer loop
      vertex 35.491111755371094 3.1819801330566406 72.80753326416016
      vertex 82.60100555419922 2.5730671882629395 98.42227935791016
      vertex 82.93682861328125 3.1819801330566406 98.03486633300781
    endloop
  endfacet
  facet normal -0.36290958095397396 0.6343854678977469 0.6825333062730109
    outer loop
      vertex 35.491111755371094 3.1819801330566406 72.80753326416016
      vertex 82.57274627685547 2.500065803527832 98.47510528564453
      vertex 82.60100555419922 2.5730671882629395 98.42227935791016
    endloop
  endfacet
  facet normal -0.3628804684996351 0.6344575095164757 0.6824818196843314
    outer loop
      vertex 35.4875602722168 3.154811143875122 72.83090209960938
      vertex 82.57274627685547 2.500065803527832 98.47510528564453
      vertex 35.491111755371094 3.1819801330566406 72.80753326416016
    endloop
  endfacet
  facet normal -0.36290710809723187 0.6343914657902677 0.6825290462866614
    outer loop
      vertex 82.57274627685547 2.500065803527832 98.47510528564453
      vertex 35.4875602722168 3.154811143875122 72.83090209960938
      vertex 35.20692443847656 2.500065803527832 73.29025268554688
    endloop
  endfacet
  facet normal -0.9819567778575086 0.08865884942427953 -0.16703441213852435
    outer loop
      vertex 82.11412048339844 0.8779058456420898 98.99224853515625
      vertex 81.99266815185547 1.170541763305664 99.86156463623047
      vertex 82.1504135131836 1.143999457359314 98.92012786865234
    endloop
  endfacet
  facet normal -0.9819565600982341 0.08865662300042704 -0.16703687400751807
    outer loop
      vertex 81.89823150634766 0 99.7954330444336
      vertex 82.11412048339844 0.8779058456420898 98.99224853515625
      vertex 82.0355224609375 0.09347520023584366 99.03795623779297
    endloop
  endfacet
  facet normal -0.9819545875358071 0.08868596075859064 -0.16703289610645103
    outer loop
      vertex 81.89823150634766 0 99.7954330444336
      vertex 82.0355224609375 0.09347520023584366 99.03795623779297
      vertex 82.02615356445312 0 99.04340362548828
    endloop
  endfacet
  facet normal -0.9819567692146257 0.08865890939248493 -0.16703443111798708
    outer loop
      vertex 82.11412048339844 0.8779058456420898 98.99224853515625
      vertex 81.89823150634766 0 99.7954330444336
      vertex 81.99266815185547 1.170541763305664 99.86156463623047
    endloop
  endfacet
  facet normal -0.9819757988518684 0.08845247048368951 -0.1670320057191652
    outer loop
      vertex 88.94940185546875 0 58.343284606933594
      vertex 83.67364501953125 0.8779058456420898 89.82418823242188
      vertex 83.6739273071289 0.8876526355743408 89.82769012451172
    endloop
  endfacet
  facet normal -0.9819542316177816 0.08868611426804726 -0.1670349069624874
    outer loop
      vertex 88.94940185546875 0 58.343284606933594
      vertex 83.66497039794922 0.7453166842460632 89.8047866821289
      vertex 83.67364501953125 0.8779058456420898 89.82418823242188
    endloop
  endfacet
  facet normal -0.9819565273998151 0.0886610818758886 -0.16703469956117806
    outer loop
      vertex 83.66497039794922 0.7453166842460632 89.8047866821289
      vertex 88.94940185546875 0 58.343284606933594
      vertex 83.61622619628906 0 89.69573211669922
    endloop
  endfacet
  facet normal 0.5735761136093827 -4.812481313668987e-7 -0.8191522702749015
    outer loop
      vertex 128.26869201660156 0 85.87495422363281
      vertex 122.5105209350586 16.970561981201172 81.84303283691406
      vertex 124.95545196533203 13.333684921264648 83.55499267578125
    endloop
  endfacet
  facet normal -0.9536194439470576 -0.26257246235069576 -0.14719258860824838
    outer loop
      vertex 83.86480712890625 -3.1819801330566406 91.3206558227539
      vertex 90.4458999633789 -9.184401512145996 59.391143798828125
      vertex 83.89242553710938 -3.6614222526550293 91.99698638916016
    endloop
  endfacet
  facet normal -0.9536210280946631 -0.2625658265602893 -0.14719416258258977
    outer loop
      vertex 90.4458999633789 -9.184401512145996 59.391143798828125
      vertex 83.86480712890625 -3.1819801330566406 91.3206558227539
      vertex 83.83220672607422 -2.9144632816314697 91.0546646118164
    endloop
  endfacet
  facet normal -0.953620578568037 -0.26256745887724103 -0.14719416316658293
    outer loop
      vertex 82.3075942993164 -1.7220745086669922 98.80509948730469
      vertex 81.99266815185547 -1.170541763305664 99.86156463623047
      vertex 82.19982147216797 -1.366926908493042 98.86980438232422
    endloop
  endfacet
  facet normal -0.9536197462116932 -0.2625719292753713 -0.14719158125298823
    outer loop
      vertex 82.3075942993164 -1.7220745086669922 98.80509948730469
      vertex 82.27235412597656 -2.2960996627807617 100.05740356445312
      vertex 81.99266815185547 -1.170541763305664 99.86156463623047
    endloop
  endfacet
  facet normal -0.9536173784433494 -0.26257880032314695 -0.14719466414137125
    outer loop
      vertex 82.54534149169922 -2.4196457862854004 98.50921630859375
      vertex 82.27235412597656 -2.2960996627807617 100.05740356445312
      vertex 82.3075942993164 -1.7220745086669922 98.80509948730469
    endloop
  endfacet
  facet normal -0.9536293002677265 -0.26253223757487576 -0.14720048201285024
    outer loop
      vertex 82.57274627685547 -2.500065803527832 98.47510528564453
      vertex 82.27235412597656 -2.2960996627807617 100.05740356445312
      vertex 82.54534149169922 -2.4196457862854004 98.50921630859375
    endloop
  endfacet
  facet normal -0.9536024305466787 -0.2626405005062138 -0.14718142528631903
    outer loop
      vertex 82.27235412597656 -2.2960996627807617 100.05740356445312
      vertex 82.57274627685547 -2.500065803527832 98.47510528564453
      vertex 82.60100555419922 -2.5730671882629395 98.42227935791016
    endloop
  endfacet
  facet normal -0.9819566245422806 0.08866003681601188 -0.16703468319278486
    outer loop
      vertex 89.32715606689453 4.682167053222656 58.6077880859375
      vertex 83.69829559326172 1.7220745086669922 90.1273193359375
      vertex 83.69522857666016 1.985698938369751 90.2852783203125
    endloop
  endfacet
  facet normal -0.9819570398001279 0.08865427897123754 -0.16703529808714093
    outer loop
      vertex 89.32715606689453 4.682167053222656 58.6077880859375
      vertex 83.67735290527344 1.0048614740371704 89.8697738647461
      vertex 83.69829559326172 1.7220745086669922 90.1273193359375
    endloop
  endfacet
  facet normal -0.9819558219495952 0.0886721393768445 -0.16703297709622603
    outer loop
      vertex 89.32715606689453 4.682167053222656 58.6077880859375
      vertex 83.6739273071289 0.8876526355743408 89.82769012451172
      vertex 83.67735290527344 1.0048614740371704 89.8697738647461
    endloop
  endfacet
  facet normal -0.9819566623648868 0.08865969619519626 -0.16703464163995196
    outer loop
      vertex 83.6739273071289 0.8876526355743408 89.82769012451172
      vertex 89.32715606689453 4.682167053222656 58.6077880859375
      vertex 88.94940185546875 0 58.343284606933594
    endloop
  endfacet
  facet normal -0.981958582084739 0.08863933139188 -0.16703416417167294
    outer loop
      vertex 82.1504135131836 1.143999457359314 98.92012786865234
      vertex 81.99266815185547 1.170541763305664 99.86156463623047
      vertex 82.1653060913086 1.2531986236572266 98.8905258178711
    endloop
  endfacet
  facet normal -0.9819545875358071 -0.08868596075859064 -0.16703289610645103
    outer loop
      vertex 82.0355224609375 -0.09347520023584366 99.03795623779297
      vertex 81.89823150634766 0 99.7954330444336
      vertex 82.02615356445312 0 99.04340362548828
    endloop
  endfacet
  facet normal -0.9819565600982341 -0.08865662300042704 -0.16703687400751807
    outer loop
      vertex 82.11412048339844 -0.8779058456420898 98.99224853515625
      vertex 81.89823150634766 0 99.7954330444336
      vertex 82.0355224609375 -0.09347520023584366 99.03795623779297
    endloop
  endfacet
  facet normal -0.9819567778575086 -0.08865884942427953 -0.16703441213852435
    outer loop
      vertex 81.99266815185547 -1.170541763305664 99.86156463623047
      vertex 82.11412048339844 -0.8779058456420898 98.99224853515625
      vertex 82.1504135131836 -1.143999457359314 98.92012786865234
    endloop
  endfacet
  facet normal -0.9819567692146257 -0.08865890939248493 -0.16703443111798708
    outer loop
      vertex 82.11412048339844 -0.8779058456420898 98.99224853515625
      vertex 81.99266815185547 -1.170541763305664 99.86156463623047
      vertex 81.89823150634766 0 99.7954330444336
    endloop
  endfacet
  facet normal -0.9819565273998151 -0.0886610818758886 -0.16703469956117806
    outer loop
      vertex 88.94940185546875 0 58.343284606933594
      vertex 83.66497039794922 -0.7453166842460632 89.8047866821289
      vertex 83.61622619628906 0 89.69573211669922
    endloop
  endfacet
  facet normal -0.9819542316177816 -0.08868611426804726 -0.1670349069624874
    outer loop
      vertex 88.94940185546875 0 58.343284606933594
      vertex 83.67364501953125 -0.8779058456420898 89.82418823242188
      vertex 83.66497039794922 -0.7453166842460632 89.8047866821289
    endloop
  endfacet
  facet normal -0.9819757988518684 -0.08845247048368951 -0.1670320057191652
    outer loop
      vertex 83.67364501953125 -0.8779058456420898 89.82418823242188
      vertex 88.94940185546875 0 58.343284606933594
      vertex 83.6739273071289 -0.8876526355743408 89.82769012451172
    endloop
  endfacet
  facet normal 0.5735722640184528 0 -0.8191549657718901
    outer loop
      vertex 89.32715606689453 -4.682167053222656 58.6077880859375
      vertex 88.94940185546875 0 58.343284606933594
      vertex 89.32715606689453 4.682167053222656 58.6077880859375
    endloop
  endfacet
  facet normal 0.3281890091014554 0.5738317691659739 0.7503393065812648
    outer loop
      vertex 124.95545196533203 13.333684921264648 83.55499267578125
      vertex 90.28851318359375 4.242640495300293 105.67037200927734
      vertex 90.89974212646484 3.333420753479004 106.0983657836914
    endloop
  endfacet
  facet normal 0.5735764803870159 -8.756647863626295e-9 -0.8191520134546719
    outer loop
      vertex 122.5105209350586 16.970561981201172 81.84303283691406
      vertex 89.32715606689453 4.682167053222656 58.6077880859375
      vertex 94.70758056640625 16.970561981201172 62.37520217895508
    endloop
  endfacet
  facet normal 0.3281895369478841 0.5738308691263719 0.7503397640240096
    outer loop
      vertex 122.5105209350586 16.970561981201172 81.84303283691406
      vertex 90.28851318359375 4.242640495300293 105.67037200927734
      vertex 124.95545196533203 13.333684921264648 83.55499267578125
    endloop
  endfacet
  facet normal -0.7146276030270365 0.6992147826303887 0.020151345934463473
    outer loop
      vertex 97.68672943115234 19.95526885986328 64.46122741699219
      vertex 83.33777618408203 4.242640495300293 100.80341339111328
      vertex 84.08256530761719 4.98881721496582 101.32492065429688
    endloop
  endfacet
  facet normal 0.49281008681688226 -0.08865987037828318 0.8656082518761262
    outer loop
      vertex 128.26869201660156 0 85.87495422363281
      vertex 91.72805786132812 0 106.67835235595703
      vertex 127.89094543457031 -4.682167053222656 85.61044311523438
    endloop
  endfacet
  facet normal 0.5735763163921298 3.069576115207758e-7 -0.8191521282850586
    outer loop
      vertex 108.60904693603516 -24 72.10911560058594
      vertex 104.77364349365234 -23.53884506225586 69.42353820800781
      vertex 119.53136444091797 -19.95526885986328 79.75700378417969
    endloop
  endfacet
  facet normal -0.17194726609927416 0.9001788722708255 0.4001401449470051
    outer loop
      vertex 108.60904693603516 24 72.10911560058594
      vertex 86.81314086914062 6 103.23689270019531
      vertex 112.4444580078125 23.53884506225586 74.7947006225586
    endloop
  endfacet
  facet normal 0.4088878726758562 -0.4263934765706348 0.8068452830107022
    outer loop
      vertex 126.7721939086914 -9.184401512145996 84.82708740234375
      vertex 91.35392761230469 -2.2960996627807617 106.41638946533203
      vertex 124.95545196533203 -13.333684921264648 83.55499267578125
    endloop
  endfacet
  facet normal -0.5735869628024926 -0.000011418508394135887 0.8191446734079578
    outer loop
      vertex 83.33777618408203 -4.242640495300293 100.80341339111328
      vertex 82.27235412597656 -2.2960996627807617 100.05740356445312
      vertex 82.72654724121094 -3.333420753479004 100.37542724609375
    endloop
  endfacet
  facet normal -0.5735814716968675 0.000007155924979474441 0.8191485184475696
    outer loop
      vertex 84.08256530761719 4.98881721496582 101.32492065429688
      vertex 83.33777618408203 4.242640495300293 100.80341339111328
      vertex 84.93228912353516 5.543276786804199 101.91990661621094
    endloop
  endfacet
  facet normal -0.8980363695416794 -0.4263889712947621 -0.10827337686889947
    outer loop
      vertex 84.00732421875 -4.4135332107543945 94.0059585571289
      vertex 92.26264953613281 -13.333684921264648 60.663246154785156
      vertex 83.998779296875 -4.4235076904296875 94.1161117553711
    endloop
  endfacet
  facet normal -0.8980307828845623 -0.42640197174374667 -0.10826851566723028
    outer loop
      vertex 84.00662994384766 -4.383609771728516 93.89386749267578
      vertex 92.26264953613281 -13.333684921264648 60.663246154785156
      vertex 84.00732421875 -4.4135332107543945 94.0059585571289
    endloop
  endfacet
  facet normal -0.8980376862688931 -0.42638589761287804 -0.10827456006686653
    outer loop
      vertex 84.00474548339844 -4.302248477935791 93.58909606933594
      vertex 92.26264953613281 -13.333684921264648 60.663246154785156
      vertex 84.00662994384766 -4.383609771728516 93.89386749267578
    endloop
  endfacet
  facet normal -0.8980337284329513 -0.42639512834216053 -0.10827103547525824
    outer loop
      vertex 92.26264953613281 -13.333684921264648 60.663246154785156
      vertex 84.00474548339844 -4.302248477935791 93.58909606933594
      vertex 90.4458999633789 -9.184401512145996 59.391143798828125
    endloop
  endfacet
  facet normal -0.8980318559504329 -0.42639982584572095 -0.10826806646911147
    outer loop
      vertex 83.5594253540039 -4.15745735168457 96.71246337890625
      vertex 82.72654724121094 -3.333420753479004 100.37542724609375
      vertex 83.28375244140625 -3.7557663917541504 97.41703033447266
    endloop
  endfacet
  facet normal -0.8980024592240878 -0.42646728109029974 -0.10824620726352344
    outer loop
      vertex 83.75858306884766 -4.386573791503906 95.96293640136719
      vertex 82.72654724121094 -3.333420753479004 100.37542724609375
      vertex 83.5594253540039 -4.15745735168457 96.71246337890625
    endloop
  endfacet
  facet normal -0.8982513273917422 -0.42589318803604265 -0.10844143683790476
    outer loop
      vertex 83.78201293945312 -4.4135332107543945 95.87474060058594
      vertex 82.72654724121094 -3.333420753479004 100.37542724609375
      vertex 83.75858306884766 -4.386573791503906 95.96293640136719
    endloop
  endfacet
  facet normal -0.18856960834721392 0.9742776728623368 -0.12338767754410444
    outer loop
      vertex 83.9332504272461 -4.5 94.96086120605469
      vertex 83.78201293945312 -4.4135332107543945 95.87474060058594
      vertex 83.79805755615234 -4.42270565032959 95.77779388427734
    endloop
  endfacet
  facet normal -0.8980350784913643 -0.4263919745261149 -0.10827225802914621
    outer loop
      vertex 83.998779296875 -4.4235076904296875 94.1161117553711
      vertex 92.26264953613281 -13.333684921264648 60.663246154785156
      vertex 83.9332504272461 -4.5 94.96086120605469
    endloop
  endfacet
  facet normal -0.8980018254753506 -0.4264689878901729 -0.10824474033813308
    outer loop
      vertex 83.78201293945312 -4.4135332107543945 95.87474060058594
      vertex 92.26264953613281 -13.333684921264648 60.663246154785156
      vertex 82.72654724121094 -3.333420753479004 100.37542724609375
    endloop
  endfacet
  facet normal -0.898035171284155 -0.42639175929399226 -0.10827233599960975
    outer loop
      vertex 83.9332504272461 -4.5 94.96086120605469
      vertex 92.26264953613281 -13.333684921264648 60.663246154785156
      vertex 83.78201293945312 -4.4135332107543945 95.87474060058594
    endloop
  endfacet
  facet normal 0.5735764803870159 8.756647863626295e-9 -0.8191520134546719
    outer loop
      vertex 94.70758056640625 -16.970561981201172 62.37520217895508
      vertex 89.32715606689453 -4.682167053222656 58.6077880859375
      vertex 122.5105209350586 -16.970561981201172 81.84303283691406
    endloop
  endfacet
  facet normal -0.45965948742443125 -0.8655857305002983 0.1986819034914203
    outer loop
      vertex 85.85429382324219 -5.884711265563965 102.56549835205078
      vertex 84.93228912353516 -5.543276786804199 101.91990661621094
      vertex 104.77364349365234 -23.53884506225586 69.42353820800781
    endloop
  endfacet
  facet normal -0.3171994846633409 -0.9001788573988063 0.2984334291286594
    outer loop
      vertex 108.60904693603516 -24 72.10911560058594
      vertex 86.81314086914062 -6 103.23689270019531
      vertex 104.77364349365234 -23.53884506225586 69.42353820800781
    endloop
  endfacet
  facet normal 0.2254808838341128 0.6992149125943025 0.6784223441420023
    outer loop
      vertex 119.53136444091797 19.95526885986328 79.75700378417969
      vertex 90.28851318359375 4.242640495300293 105.67037200927734
      vertex 122.5105209350586 16.970561981201172 81.84303283691406
    endloop
  endfacet
  facet normal -0.5735726003844086 -0.00002677063280546766 0.8191547298109196
    outer loop
      vertex 88.69400024414062 -5.543276786804199 104.55388641357422
      vertex 86.81314086914062 -6 103.23689270019531
      vertex 87.7719955444336 -5.884711265563965 103.90828704833984
    endloop
  endfacet
  facet normal 0.5735763163921298 -3.069576115207758e-7 -0.8191521282850586
    outer loop
      vertex 119.53136444091797 19.95526885986328 79.75700378417969
      vertex 104.77364349365234 23.53884506225586 69.42353820800781
      vertex 108.60904693603516 24 72.10911560058594
    endloop
  endfacet
  facet normal -0.593855406111578 0.7977281003476213 0.1047169257943917
    outer loop
      vertex 97.68672943115234 19.95526885986328 64.46122741699219
      vertex 84.08256530761719 4.98881721496582 101.32492065429688
      vertex 84.93228912353516 5.543276786804199 101.91990661621094
    endloop
  endfacet
  facet normal 0.5735743717018732 0.000001367196373871718 -0.8191534899668877
    outer loop
      vertex 94.70758056640625 16.970561981201172 62.37520217895508
      vertex 89.32715606689453 4.682167053222656 58.6077880859375
      vertex 92.26264953613281 13.333684921264648 60.663246154785156
    endloop
  endfacet
  facet normal -0.8173362200225152 0.5738307863120584 -0.051766129078687835
    outer loop
      vertex 92.26264953613281 13.333684921264648 60.663246154785156
      vertex 83.33777618408203 4.242640495300293 100.80341339111328
      vertex 94.70758056640625 16.970561981201172 62.37520217895508
    endloop
  endfacet
  facet normal -0.953619553398001 -0.26257193124601946 -0.14719282692690203
    outer loop
      vertex 90.4458999633789 -9.184401512145996 59.391143798828125
      vertex 83.69522857666016 -1.985698938369751 90.2852783203125
      vertex 89.32715606689453 -4.682167053222656 58.6077880859375
    endloop
  endfacet
  facet normal -0.9536176558108366 -0.2625801256457112 -0.14719050289243277
    outer loop
      vertex 83.69522857666016 -1.985698938369751 90.2852783203125
      vertex 90.4458999633789 -9.184401512145996 59.391143798828125
      vertex 83.7628402709961 -2.387871026992798 90.56468963623047
    endloop
  endfacet
  facet normal -0.9536203613974478 -0.2625685609205702 -0.14719360429142994
    outer loop
      vertex 83.7628402709961 -2.387871026992798 90.56468963623047
      vertex 90.4458999633789 -9.184401512145996 59.391143798828125
      vertex 83.78170013427734 -2.500065803527832 90.64263916015625
    endloop
  endfacet
  facet normal -0.9536186616038793 -0.262575806210177 -0.14719169213614408
    outer loop
      vertex 83.78170013427734 -2.500065803527832 90.64263916015625
      vertex 90.4458999633789 -9.184401512145996 59.391143798828125
      vertex 83.83220672607422 -2.9144632816314697 91.0546646118164
    endloop
  endfacet
  facet normal -0.9536141692320053 -0.26259448615583764 -0.14718747256646555
    outer loop
      vertex 82.19982147216797 -1.366926908493042 98.86980438232422
      vertex 81.99266815185547 -1.170541763305664 99.86156463623047
      vertex 82.1653060913086 -1.2531986236572266 98.8905258178711
    endloop
  endfacet
  facet normal 0.5735764281365953 -3.7884579610593934e-7 -0.8191520500407246
    outer loop
      vertex 104.77364349365234 -23.53884506225586 69.42353820800781
      vertex 94.70758056640625 -16.970561981201172 62.37520217895508
      vertex 119.53136444091797 -19.95526885986328 79.75700378417969
    endloop
  endfacet
  facet normal -0.8173378362874367 -0.5738284030645099 -0.05176702820720559
    outer loop
      vertex 83.33777618408203 -4.242640495300293 100.80341339111328
      vertex 82.72654724121094 -3.333420753479004 100.37542724609375
      vertex 92.26264953613281 -13.333684921264648 60.663246154785156
    endloop
  endfacet
  facet normal 0.5735764803869952 2.68783849392103e-7 -0.8191520134546424
    outer loop
      vertex 119.53136444091797 -19.95526885986328 79.75700378417969
      vertex 94.70758056640625 -16.970561981201172 62.37520217895508
      vertex 122.5105209350586 -16.970561981201172 81.84303283691406
    endloop
  endfacet
  facet normal 0.5735764796869744 0 -0.8191520139448464
    outer loop
      vertex 122.5105209350586 -16.970561981201172 81.84303283691406
      vertex 114.92584991455078 0 76.53218841552734
      vertex 122.5105209350586 16.970561981201172 81.84303283691406
    endloop
  endfacet
  facet normal 0.5735828301393251 0.000004229779312644894 -0.8191475672621332
    outer loop
      vertex 122.5105209350586 -16.970561981201172 81.84303283691406
      vertex 114.89392852783203 -0.41812485456466675 76.50983428955078
      vertex 114.92584991455078 0 76.53218841552734
    endloop
  endfacet
  facet normal 0.5735776106122001 6.504406298241184e-7 -0.8191512220609674
    outer loop
      vertex 122.5105209350586 -16.970561981201172 81.84303283691406
      vertex 114.81419372558594 -1.4624624252319336 76.4540023803711
      vertex 114.89392852783203 -0.41812485456466675 76.50983428955078
    endloop
  endfacet
  facet normal 0.5735643697354699 -0.000009142428530514577 -0.8191604932407136
    outer loop
      vertex 122.5105209350586 -16.970561981201172 81.84303283691406
      vertex 114.7421646118164 -1.7715246677398682 76.40357208251953
      vertex 114.81419372558594 -1.4624624252319336 76.4540023803711
    endloop
  endfacet
  facet normal 0.573579410232285 0.0000023138572982178203 -0.8191499619436177
    outer loop
      vertex 122.5105209350586 -16.970561981201172 81.84303283691406
      vertex 114.4777603149414 -2.906064748764038 76.21842956542969
      vertex 114.7421646118164 -1.7715246677398682 76.40357208251953
    endloop
  endfacet
  facet normal 0.5735669666162689 -0.000008277617380945489 -0.8191586749452715
    outer loop
      vertex 122.5105209350586 -16.970561981201172 81.84303283691406
      vertex 114.26534271240234 -3.4335248470306396 76.0697021484375
      vertex 114.4777603149414 -2.906064748764038 76.21842956542969
    endloop
  endfacet
  facet normal 0.5735803395905934 0.000003861126174986384 -0.8191493111882786
    outer loop
      vertex 122.5105209350586 -16.970561981201172 81.84303283691406
      vertex 113.96334838867188 -4.087319850921631 75.85823822021484
      vertex 114.26534271240234 -3.4335248470306396 76.0697021484375
    endloop
  endfacet
  facet normal 0.5735732874893581 -0.00000311134990746075 -0.8191542491307542
    outer loop
      vertex 122.5105209350586 -16.970561981201172 81.84303283691406
      vertex 113.8727035522461 -4.283563137054443 75.79476928710938
      vertex 113.96334838867188 -4.087319850921631 75.85823822021484
    endloop
  endfacet
  facet normal 0.5735776819419457 0.0000013474733252300962 -0.819151172114335
    outer loop
      vertex 122.5105209350586 -16.970561981201172 81.84303283691406
      vertex 113.60660552978516 -4.6659440994262695 75.60844421386719
      vertex 113.8727035522461 -4.283563137054443 75.79476928710938
    endloop
  endfacet
  facet normal 0.5735787844556469 0.0000025364382356750538 -0.8191504001195073
    outer loop
      vertex 122.5105209350586 -16.970561981201172 81.84303283691406
      vertex 112.99980926513672 -5.537909507751465 75.18355560302734
      vertex 113.60660552978516 -4.6659440994262695 75.60844421386719
    endloop
  endfacet
  facet normal 0.5735733636655784 -0.000004184026190903892 -0.8191541957872449
    outer loop
      vertex 122.5105209350586 -16.970561981201172 81.84303283691406
      vertex 112.6974868774414 -5.840224742889404 74.97187042236328
      vertex 112.99980926513672 -5.537909507751465 75.18355560302734
    endloop
  endfacet
  facet normal 0.5735782405227513 0.000002223722432305392 -0.8191507809883843
    outer loop
      vertex 122.5105209350586 -16.970561981201172 81.84303283691406
      vertex 112.06865692138672 -6.469051837921143 74.53155517578125
      vertex 112.6974868774414 -5.840224742889404 74.97187042236328
    endloop
  endfacet
  facet normal 0.573570354285344 -0.000009462255654160954 -0.8191563029089446
    outer loop
      vertex 122.5105209350586 -16.970561981201172 81.84303283691406
      vertex 111.88505554199219 -6.619726181030273 74.40299987792969
      vertex 112.06865692138672 -6.469051837921143 74.53155517578125
    endloop
  endfacet
  facet normal 0.5735767829656654 3.724773696181678e-7 -0.8191518015866286
    outer loop
      vertex 122.5105209350586 -16.970561981201172 81.84303283691406
      vertex 110.50862121582031 -7.355445861816406 73.439208984375
      vertex 111.88505554199219 -6.619726181030273 74.40299987792969
    endloop
  endfacet
  facet normal 0.5735729438976994 -0.000006769035294057086 -0.819154489692089
    outer loop
      vertex 122.5105209350586 -16.970561981201172 81.84303283691406
      vertex 109.82892608642578 -7.561628818511963 72.96328735351562
      vertex 110.50862121582031 -7.355445861816406 73.439208984375
    endloop
  endfacet
  facet normal 0.5735761820057929 -2.6484418553792645e-7 -0.819152222383354
    outer loop
      vertex 122.5105209350586 -16.970561981201172 81.84303283691406
      vertex 108.99237060546875 -7.694222927093506 72.37752532958984
      vertex 109.82892608642578 -7.561628818511963 72.96328735351562
    endloop
  endfacet
  facet normal 0.5735782138984066 0.000004147949819913963 -0.8191507996235542
    outer loop
      vertex 122.5105209350586 -16.970561981201172 81.84303283691406
      vertex 108.41989135742188 -7.670872688293457 71.97666931152344
      vertex 108.99237060546875 -7.694222927093506 72.37752532958984
    endloop
  endfacet
  facet normal 0.5735796961830872 0.000007495050130879655 -0.8191497616860677
    outer loop
      vertex 122.5105209350586 -16.970561981201172 81.84303283691406
      vertex 107.63223266601562 -7.638745307922363 71.42514038085938
      vertex 108.41989135742188 -7.670872688293457 71.97666931152344
    endloop
  endfacet
  facet normal 0.573553803852011 -0.00005402427424873854 -0.8191678894880258
    outer loop
      vertex 122.5105209350586 -16.970561981201172 81.84303283691406
      vertex 107.52993774414062 -7.619151592254639 71.353515625
      vertex 107.63223266601562 -7.638745307922363 71.42514038085938
    endloop
  endfacet
  facet normal 0.5736252642211372 0.0001165883987361563 -0.8191178441801739
    outer loop
      vertex 122.5105209350586 -16.970561981201172 81.84303283691406
      vertex 107.46189880371094 -7.606118202209473 71.30587005615234
      vertex 107.52993774414062 -7.619151592254639 71.353515625
    endloop
  endfacet
  facet normal 0.5735763183064106 -6.435126794428609e-7 -0.8191521269444699
    outer loop
      vertex 89.32715606689453 -4.682167053222656 58.6077880859375
      vertex 107.46189880371094 -7.606118202209473 71.30587005615234
      vertex 122.5105209350586 -16.970561981201172 81.84303283691406
    endloop
  endfacet
  facet normal 0.5735834370818493 0.00006516666867624359 -0.8191471396877837
    outer loop
      vertex 107.46189880371094 -7.606118202209473 71.30587005615234
      vertex 89.32715606689453 -4.682167053222656 58.6077880859375
      vertex 107.12347412109375 -7.474632263183594 71.06890869140625
    endloop
  endfacet
  facet normal 0.5735760438306075 -0.0000062072544978389805 -0.8191523191111035
    outer loop
      vertex 89.32715606689453 -4.682167053222656 58.6077880859375
      vertex 105.11844635009766 -6.410161018371582 69.66497039794922
      vertex 105.56299591064453 -6.761314868927002 69.97624969482422
    endloop
  endfacet
  facet normal 0.5735765085383797 -0.0000022678486410241894 -0.8191519937397327
    outer loop
      vertex 89.32715606689453 -4.682167053222656 58.6077880859375
      vertex 104.23876190185547 -5.539546489715576 69.04901123046875
      vertex 104.8835678100586 -6.2246294021606445 69.5005111694336
    endloop
  endfacet
  facet normal 0.5735791002533406 -0.000018107540842724167 -0.8191501787979327
    outer loop
      vertex 89.32715606689453 -4.682167053222656 58.6077880859375
      vertex 102.46800994873047 -1.7791141271591187 67.80911254882812
      vertex 102.51536560058594 -2.0489187240600586 67.84227752685547
    endloop
  endfacet
  facet normal 0.5735742764246139 0.0000096613402289759 -0.8191535566245434
    outer loop
      vertex 102.2829818725586 -0.12644031643867493 67.67955780029297
      vertex 89.32715606689453 -4.682167053222656 58.6077880859375
      vertex 102.2756576538086 0 67.67443084716797
    endloop
  endfacet
  facet normal 0.5735762173066286 0.0000014356703509189703 -0.8191521976642424
    outer loop
      vertex 102.3347396850586 -1.0198546648025513 67.7157974243164
      vertex 89.32715606689453 -4.682167053222656 58.6077880859375
      vertex 102.2829818725586 -0.12644031643867493 67.67955780029297
    endloop
  endfacet
  facet normal 0.5735761522551555 0.0000017799942310316155 -0.8191522432130688
    outer loop
      vertex 102.46800994873047 -1.7791141271591187 67.80911254882812
      vertex 89.32715606689453 -4.682167053222656 58.6077880859375
      vertex 102.3347396850586 -1.0198546648025513 67.7157974243164
    endloop
  endfacet
  facet normal 0.5735763810593969 0.0000021889304117461198 -0.8191520830016941
    outer loop
      vertex 102.6960220336914 -2.6539602279663086 67.9687728881836
      vertex 89.32715606689453 -4.682167053222656 58.6077880859375
      vertex 102.51536560058594 -2.0489187240600586 67.84227752685547
    endloop
  endfacet
  facet normal 0.5735753686256069 0.00001213387235518448 -0.8191527918274882
    outer loop
      vertex 102.82807922363281 -3.0962178707122803 68.06123352050781
      vertex 89.32715606689453 -4.682167053222656 58.6077880859375
      vertex 102.6960220336914 -2.6539602279663086 67.9687728881836
    endloop
  endfacet
  facet normal 0.5735765452826681 -0.0000027933872691132844 -0.8191519680094753
    outer loop
      vertex 103.1429672241211 -3.8257906436920166 68.28172302246094
      vertex 89.32715606689453 -4.682167053222656 58.6077880859375
      vertex 102.82807922363281 -3.0962178707122803 68.06123352050781
    endloop
  endfacet
  facet normal 0.5735764702279321 -9.8882403347667e-7 -0.8191520205675429
    outer loop
      vertex 103.29164123535156 -4.170257091522217 68.38582611083984
      vertex 89.32715606689453 -4.682167053222656 58.6077880859375
      vertex 103.1429672241211 -3.8257906436920166 68.28172302246094
    endloop
  endfacet
  facet normal 0.5735771181964534 -0.000027339988985651515 -0.8191515663990252
    outer loop
      vertex 103.39192962646484 -4.3429789543151855 68.4560546875
      vertex 89.32715606689453 -4.682167053222656 58.6077880859375
      vertex 103.29164123535156 -4.170257091522217 68.38582611083984
    endloop
  endfacet
  facet normal 0.5735765038347896 0.000010636605500845186 -0.8191519969673042
    outer loop
      vertex 103.70072937011719 -4.874767303466797 68.67227172851562
      vertex 89.32715606689453 -4.682167053222656 58.6077880859375
      vertex 103.39192962646484 -4.3429789543151855 68.4560546875
    endloop
  endfacet
  facet normal 0.5735763040770255 -0.000011579577580470544 -0.8191521368263974
    outer loop
      vertex 103.95905303955078 -5.242370128631592 68.85315704345703
      vertex 89.32715606689453 -4.682167053222656 58.6077880859375
      vertex 103.70072937011719 -4.874767303466797 68.67227172851562
    endloop
  endfacet
  facet normal 0.5735766126920183 4.3169864009555746e-7 -0.8191519208135717
    outer loop
      vertex 104.23876190185547 -5.539546489715576 69.04901123046875
      vertex 89.32715606689453 -4.682167053222656 58.6077880859375
      vertex 103.95905303955078 -5.242370128631592 68.85315704345703
    endloop
  endfacet
  facet normal 0.573578201503496 0.00002318013648755445 -0.8191508079851328
    outer loop
      vertex 105.11844635009766 -6.410161018371582 69.66497039794922
      vertex 89.32715606689453 -4.682167053222656 58.6077880859375
      vertex 104.8835678100586 -6.2246294021606445 69.5005111694336
    endloop
  endfacet
  facet normal 0.5735778701144644 0.000015046795215989554 -0.8191510402169728
    outer loop
      vertex 106.05747985839844 -7.060465335845947 70.3224868774414
      vertex 89.32715606689453 -4.682167053222656 58.6077880859375
      vertex 105.56299591064453 -6.761314868927002 69.97624969482422
    endloop
  endfacet
  facet normal 0.5735750667645098 -0.000014342368780400764 -0.8191530031565438
    outer loop
      vertex 107.12347412109375 -7.474632263183594 71.06890869140625
      vertex 89.32715606689453 -4.682167053222656 58.6077880859375
      vertex 106.05747985839844 -7.060465335845947 70.3224868774414
    endloop
  endfacet
  facet normal 0.5735828301393251 -0.000004229779312644894 -0.8191475672621332
    outer loop
      vertex 114.89392852783203 0.41812485456466675 76.50983428955078
      vertex 122.5105209350586 16.970561981201172 81.84303283691406
      vertex 114.92584991455078 0 76.53218841552734
    endloop
  endfacet
  facet normal 0.5735776106122001 -6.504406298241184e-7 -0.8191512220609674
    outer loop
      vertex 114.81419372558594 1.4624624252319336 76.4540023803711
      vertex 122.5105209350586 16.970561981201172 81.84303283691406
      vertex 114.89392852783203 0.41812485456466675 76.50983428955078
    endloop
  endfacet
  facet normal 0.5735643697354699 0.000009142428530514577 -0.8191604932407136
    outer loop
      vertex 114.7421646118164 1.7715246677398682 76.40357208251953
      vertex 122.5105209350586 16.970561981201172 81.84303283691406
      vertex 114.81419372558594 1.4624624252319336 76.4540023803711
    endloop
  endfacet
  facet normal 0.573579410232285 -0.0000023138572982178203 -0.8191499619436177
    outer loop
      vertex 114.4777603149414 2.906064748764038 76.21842956542969
      vertex 122.5105209350586 16.970561981201172 81.84303283691406
      vertex 114.7421646118164 1.7715246677398682 76.40357208251953
    endloop
  endfacet
  facet normal 0.5735669666162689 0.000008277617380945489 -0.8191586749452715
    outer loop
      vertex 114.26534271240234 3.4335248470306396 76.0697021484375
      vertex 122.5105209350586 16.970561981201172 81.84303283691406
      vertex 114.4777603149414 2.906064748764038 76.21842956542969
    endloop
  endfacet
  facet normal 0.5735803395905934 -0.000003861126174986384 -0.8191493111882786
    outer loop
      vertex 113.96334838867188 4.087319850921631 75.85823822021484
      vertex 122.5105209350586 16.970561981201172 81.84303283691406
      vertex 114.26534271240234 3.4335248470306396 76.0697021484375
    endloop
  endfacet
  facet normal 0.5735732874893581 0.00000311134990746075 -0.8191542491307542
    outer loop
      vertex 113.8727035522461 4.283563137054443 75.79476928710938
      vertex 122.5105209350586 16.970561981201172 81.84303283691406
      vertex 113.96334838867188 4.087319850921631 75.85823822021484
    endloop
  endfacet
  facet normal 0.5735776819419457 -0.0000013474733252300962 -0.819151172114335
    outer loop
      vertex 113.60660552978516 4.6659440994262695 75.60844421386719
      vertex 122.5105209350586 16.970561981201172 81.84303283691406
      vertex 113.8727035522461 4.283563137054443 75.79476928710938
    endloop
  endfacet
  facet normal 0.5735787844556469 -0.0000025364382356750538 -0.8191504001195073
    outer loop
      vertex 112.99980926513672 5.537909507751465 75.18355560302734
      vertex 122.5105209350586 16.970561981201172 81.84303283691406
      vertex 113.60660552978516 4.6659440994262695 75.60844421386719
    endloop
  endfacet
  facet normal 0.5735733636655784 0.000004184026190903892 -0.8191541957872449
    outer loop
      vertex 112.6974868774414 5.840224742889404 74.97187042236328
      vertex 122.5105209350586 16.970561981201172 81.84303283691406
      vertex 112.99980926513672 5.537909507751465 75.18355560302734
    endloop
  endfacet
  facet normal 0.5735782405227513 -0.000002223722432305392 -0.8191507809883843
    outer loop
      vertex 112.06865692138672 6.469051837921143 74.53155517578125
      vertex 122.5105209350586 16.970561981201172 81.84303283691406
      vertex 112.6974868774414 5.840224742889404 74.97187042236328
    endloop
  endfacet
  facet normal 0.573570354285344 0.000009462255654160954 -0.8191563029089446
    outer loop
      vertex 111.88505554199219 6.619726181030273 74.40299987792969
      vertex 122.5105209350586 16.970561981201172 81.84303283691406
      vertex 112.06865692138672 6.469051837921143 74.53155517578125
    endloop
  endfacet
  facet normal 0.5735767829656654 -3.724773696181678e-7 -0.8191518015866286
    outer loop
      vertex 110.50862121582031 7.355445861816406 73.439208984375
      vertex 122.5105209350586 16.970561981201172 81.84303283691406
      vertex 111.88505554199219 6.619726181030273 74.40299987792969
    endloop
  endfacet
  facet normal 0.5735729438976994 0.000006769035294057086 -0.819154489692089
    outer loop
      vertex 109.82892608642578 7.561628818511963 72.96328735351562
      vertex 122.5105209350586 16.970561981201172 81.84303283691406
      vertex 110.50862121582031 7.355445861816406 73.439208984375
    endloop
  endfacet
  facet normal 0.5735761820057929 2.6484418553792645e-7 -0.819152222383354
    outer loop
      vertex 108.99237060546875 7.694222927093506 72.37752532958984
      vertex 122.5105209350586 16.970561981201172 81.84303283691406
      vertex 109.82892608642578 7.561628818511963 72.96328735351562
    endloop
  endfacet
  facet normal 0.5735782138984066 -0.000004147949819913963 -0.8191507996235542
    outer loop
      vertex 108.41989135742188 7.670872688293457 71.97666931152344
      vertex 122.5105209350586 16.970561981201172 81.84303283691406
      vertex 108.99237060546875 7.694222927093506 72.37752532958984
    endloop
  endfacet
  facet normal 0.5735796961830872 -0.000007495050130879655 -0.8191497616860677
    outer loop
      vertex 107.63223266601562 7.638745307922363 71.42514038085938
      vertex 122.5105209350586 16.970561981201172 81.84303283691406
      vertex 108.41989135742188 7.670872688293457 71.97666931152344
    endloop
  endfacet
  facet normal 0.573553803852011 0.00005402427424873854 -0.8191678894880258
    outer loop
      vertex 107.52993774414062 7.619151592254639 71.353515625
      vertex 122.5105209350586 16.970561981201172 81.84303283691406
      vertex 107.63223266601562 7.638745307922363 71.42514038085938
    endloop
  endfacet
  facet normal 0.5736252642211372 -0.0001165883987361563 -0.8191178441801739
    outer loop
      vertex 107.46189880371094 7.606118202209473 71.30587005615234
      vertex 122.5105209350586 16.970561981201172 81.84303283691406
      vertex 107.52993774414062 7.619151592254639 71.353515625
    endloop
  endfacet
  facet normal 0.5735834370818493 -0.00006516666867624359 -0.8191471396877837
    outer loop
      vertex 89.32715606689453 4.682167053222656 58.6077880859375
      vertex 107.46189880371094 7.606118202209473 71.30587005615234
      vertex 107.12347412109375 7.474632263183594 71.06890869140625
    endloop
  endfacet
  facet normal 0.5735750667645098 0.000014342368780400764 -0.8191530031565438
    outer loop
      vertex 89.32715606689453 4.682167053222656 58.6077880859375
      vertex 107.12347412109375 7.474632263183594 71.06890869140625
      vertex 106.05747985839844 7.060465335845947 70.3224868774414
    endloop
  endfacet
  facet normal 0.573578201503496 -0.00002318013648755445 -0.8191508079851328
    outer loop
      vertex 89.32715606689453 4.682167053222656 58.6077880859375
      vertex 105.11844635009766 6.410161018371582 69.66497039794922
      vertex 104.8835678100586 6.2246294021606445 69.5005111694336
    endloop
  endfacet
  facet normal 0.5735766126920183 -4.3169864009555746e-7 -0.8191519208135717
    outer loop
      vertex 89.32715606689453 4.682167053222656 58.6077880859375
      vertex 104.23876190185547 5.539546489715576 69.04901123046875
      vertex 103.95905303955078 5.242370128631592 68.85315704345703
    endloop
  endfacet
  facet normal 0.5735761522551555 -0.0000017799942310316155 -0.8191522432130688
    outer loop
      vertex 89.32715606689453 4.682167053222656 58.6077880859375
      vertex 102.46800994873047 1.7791141271591187 67.80911254882812
      vertex 102.3347396850586 1.0198546648025513 67.7157974243164
    endloop
  endfacet
  facet normal 0.5735766206483719 0 -0.819151915242584
    outer loop
      vertex 89.32715606689453 4.682167053222656 58.6077880859375
      vertex 102.2756576538086 0 67.67443084716797
      vertex 89.32715606689453 -4.682167053222656 58.6077880859375
    endloop
  endfacet
  facet normal 0.5735742764246139 -0.0000096613402289759 -0.8191535566245434
    outer loop
      vertex 102.2756576538086 0 67.67443084716797
      vertex 89.32715606689453 4.682167053222656 58.6077880859375
      vertex 102.2829818725586 0.12644031643867493 67.67955780029297
    endloop
  endfacet
  facet normal 0.5735762173066286 -0.0000014356703509189703 -0.8191521976642424
    outer loop
      vertex 102.2829818725586 0.12644031643867493 67.67955780029297
      vertex 89.32715606689453 4.682167053222656 58.6077880859375
      vertex 102.3347396850586 1.0198546648025513 67.7157974243164
    endloop
  endfacet
  facet normal 0.5735791002533406 0.000018107540842724167 -0.8191501787979327
    outer loop
      vertex 102.46800994873047 1.7791141271591187 67.80911254882812
      vertex 89.32715606689453 4.682167053222656 58.6077880859375
      vertex 102.51536560058594 2.0489187240600586 67.84227752685547
    endloop
  endfacet
  facet normal 0.5735763810593969 -0.0000021889304117461198 -0.8191520830016941
    outer loop
      vertex 102.51536560058594 2.0489187240600586 67.84227752685547
      vertex 89.32715606689453 4.682167053222656 58.6077880859375
      vertex 102.6960220336914 2.6539602279663086 67.9687728881836
    endloop
  endfacet
  facet normal 0.5735753686256069 -0.00001213387235518448 -0.8191527918274882
    outer loop
      vertex 102.6960220336914 2.6539602279663086 67.9687728881836
      vertex 89.32715606689453 4.682167053222656 58.6077880859375
      vertex 102.82807922363281 3.0962178707122803 68.06123352050781
    endloop
  endfacet
  facet normal 0.5735765452826681 0.0000027933872691132844 -0.8191519680094753
    outer loop
      vertex 102.82807922363281 3.0962178707122803 68.06123352050781
      vertex 89.32715606689453 4.682167053222656 58.6077880859375
      vertex 103.1429672241211 3.8257906436920166 68.28172302246094
    endloop
  endfacet
  facet normal 0.5735764702279321 9.8882403347667e-7 -0.8191520205675429
    outer loop
      vertex 103.1429672241211 3.8257906436920166 68.28172302246094
      vertex 89.32715606689453 4.682167053222656 58.6077880859375
      vertex 103.29164123535156 4.170257091522217 68.38582611083984
    endloop
  endfacet
  facet normal 0.5735771181964534 0.000027339988985651515 -0.8191515663990252
    outer loop
      vertex 103.29164123535156 4.170257091522217 68.38582611083984
      vertex 89.32715606689453 4.682167053222656 58.6077880859375
      vertex 103.39192962646484 4.3429789543151855 68.4560546875
    endloop
  endfacet
  facet normal 0.5735765038347896 -0.000010636605500845186 -0.8191519969673042
    outer loop
      vertex 103.39192962646484 4.3429789543151855 68.4560546875
      vertex 89.32715606689453 4.682167053222656 58.6077880859375
      vertex 103.70072937011719 4.874767303466797 68.67227172851562
    endloop
  endfacet
  facet normal 0.5735763040770255 0.000011579577580470544 -0.8191521368263974
    outer loop
      vertex 103.70072937011719 4.874767303466797 68.67227172851562
      vertex 89.32715606689453 4.682167053222656 58.6077880859375
      vertex 103.95905303955078 5.242370128631592 68.85315704345703
    endloop
  endfacet
  facet normal 0.5735765085383797 0.0000022678486410241894 -0.8191519937397327
    outer loop
      vertex 104.23876190185547 5.539546489715576 69.04901123046875
      vertex 89.32715606689453 4.682167053222656 58.6077880859375
      vertex 104.8835678100586 6.2246294021606445 69.5005111694336
    endloop
  endfacet
  facet normal 0.5735763183064106 6.435126794428609e-7 -0.8191521269444699
    outer loop
      vertex 107.46189880371094 7.606118202209473 71.30587005615234
      vertex 89.32715606689453 4.682167053222656 58.6077880859375
      vertex 122.5105209350586 16.970561981201172 81.84303283691406
    endloop
  endfacet
  facet normal 0.5735778701144644 -0.000015046795215989554 -0.8191510402169728
    outer loop
      vertex 105.56299591064453 6.761314868927002 69.97624969482422
      vertex 89.32715606689453 4.682167053222656 58.6077880859375
      vertex 106.05747985839844 7.060465335845947 70.3224868774414
    endloop
  endfacet
  facet normal 0.5735760438306075 0.0000062072544978389805 -0.8191523191111035
    outer loop
      vertex 105.11844635009766 6.410161018371582 69.66497039794922
      vertex 89.32715606689453 4.682167053222656 58.6077880859375
      vertex 105.56299591064453 6.761314868927002 69.97624969482422
    endloop
  endfacet
  facet normal 0.5735708141900552 0.0000024437093578212297 -0.8191559809361009
    outer loop
      vertex 127.89094543457031 -4.682167053222656 85.61044311523438
      vertex 124.95545196533203 -13.333684921264648 83.55499267578125
      vertex 128.26869201660156 0 85.87495422363281
    endloop
  endfacet
  facet normal -0.898035280199176 -0.4263920538559138 -0.10827027258727494
    outer loop
      vertex 82.72654724121094 -3.333420753479004 100.37542724609375
      vertex 82.60100555419922 -2.5730671882629395 98.42227935791016
      vertex 82.93682861328125 -3.1819801330566406 98.03486633300781
    endloop
  endfacet
  facet normal -0.8980279746346076 -0.4264073552247311 -0.10827060627850316
    outer loop
      vertex 82.72654724121094 -3.333420753479004 100.37542724609375
      vertex 82.93682861328125 -3.1819801330566406 98.03486633300781
      vertex 82.97103881835938 -3.238753080368042 97.9747085571289
    endloop
  endfacet
  facet normal -0.8980313734352529 -0.42639948368894337 -0.10827341610846135
    outer loop
      vertex 82.60100555419922 -2.5730671882629395 98.42227935791016
      vertex 82.72654724121094 -3.333420753479004 100.37542724609375
      vertex 82.27235412597656 -2.2960996627807617 100.05740356445312
    endloop
  endfacet
  facet normal -0.898036404161088 -0.42638956208677853 -0.10827076311206231
    outer loop
      vertex 83.27404022216797 -3.741612434387207 97.44185638427734
      vertex 82.72654724121094 -3.333420753479004 100.37542724609375
      vertex 82.97103881835938 -3.238753080368042 97.9747085571289
    endloop
  endfacet
  facet normal -0.8980746742980156 -0.4263041164775762 -0.1082897948044347
    outer loop
      vertex 82.72654724121094 -3.333420753479004 100.37542724609375
      vertex 83.27404022216797 -3.741612434387207 97.44185638427734
      vertex 83.28375244140625 -3.7557663917541504 97.41703033447266
    endloop
  endfacet
  facet normal -0.8980327448946769 -0.4263973264941083 -0.10827053641507975
    outer loop
      vertex 84.00138854980469 -4.15745735168457 93.04671478271484
      vertex 90.4458999633789 -9.184401512145996 59.391143798828125
      vertex 84.00474548339844 -4.302248477935791 93.58909606933594
    endloop
  endfacet
  facet normal -0.898034532117829 -0.42639332370148963 -0.10827147651486285
    outer loop
      vertex 83.92680358886719 -3.7956228256225586 92.24037170410156
      vertex 90.4458999633789 -9.184401512145996 59.391143798828125
      vertex 84.00138854980469 -4.15745735168457 93.04671478271484
    endloop
  endfacet
  facet normal -0.8980429492157663 -0.4263743826194092 -0.10827625413619735
    outer loop
      vertex 83.9156723022461 -3.741612434387207 92.12001037597656
      vertex 90.4458999633789 -9.184401512145996 59.391143798828125
      vertex 83.92680358886719 -3.7956228256225586 92.24037170410156
    endloop
  endfacet
  facet normal -0.8980206098602496 -0.4264246870347865 -0.1082634312845744
    outer loop
      vertex 90.4458999633789 -9.184401512145996 59.391143798828125
      vertex 83.9156723022461 -3.741612434387207 92.12001037597656
      vertex 83.89242553710938 -3.6614222526550293 91.99698638916016
    endloop
  endfacet
  facet normal -0.5735665357959788 -2.885475685126475e-7 0.819158976643067
    outer loop
      vertex 91.72805786132812 0 106.67835235595703
      vertex 91.35392761230469 -2.2960996627807617 106.41638946533203
      vertex 91.63362121582031 -1.170541763305664 106.61222839355469
    endloop
  endfacet
  facet normal 0.49281048247326786 -0.08865708474702215 0.8656083119336507
    outer loop
      vertex 91.72805786132812 0 106.67835235595703
      vertex 91.63362121582031 -1.170541763305664 106.61222839355469
      vertex 127.89094543457031 -4.682167053222656 85.61044311523438
    endloop
  endfacet
  facet normal 0.5735770653300383 0 -0.8191516038728002
    outer loop
      vertex 128.26869201660156 0 85.87495422363281
      vertex 122.5105209350586 -16.970561981201172 81.84303283691406
      vertex 122.5105209350586 16.970561981201172 81.84303283691406
    endloop
  endfacet
  facet normal 0.5735743717018732 -0.000001367196373871718 -0.8191534899668877
    outer loop
      vertex 92.26264953613281 -13.333684921264648 60.663246154785156
      vertex 89.32715606689453 -4.682167053222656 58.6077880859375
      vertex 94.70758056640625 -16.970561981201172 62.37520217895508
    endloop
  endfacet
  facet normal -0.7146283027099491 0.6992140841879216 0.02015076770605597
    outer loop
      vertex 94.70758056640625 16.970561981201172 62.37520217895508
      vertex 83.33777618408203 4.242640495300293 100.80341339111328
      vertex 97.68672943115234 19.95526885986328 64.46122741699219
    endloop
  endfacet
  facet normal -0.029486404202829806 0.8655854992254138 0.4998922838951192
    outer loop
      vertex 112.4444580078125 23.53884506225586 74.7947006225586
      vertex 88.69400024414062 5.543276786804199 104.55388641357422
      vertex 116.1324691772461 22.173107147216797 77.3770751953125
    endloop
  endfacet
  facet normal 0.5735750558072987 0.0000010212711324555567 -0.81915301095376
    outer loop
      vertex 92.26264953613281 13.333684921264648 60.663246154785156
      vertex 89.32715606689453 4.682167053222656 58.6077880859375
      vertex 90.4458999633789 9.184401512145996 59.391143798828125
    endloop
  endfacet
  facet normal -0.953619553398001 0.26257193124601946 -0.14719282692690203
    outer loop
      vertex 83.69522857666016 1.985698938369751 90.2852783203125
      vertex 90.4458999633789 9.184401512145996 59.391143798828125
      vertex 89.32715606689453 4.682167053222656 58.6077880859375
    endloop
  endfacet
  facet normal -0.9536186616038793 0.262575806210177 -0.14719169213614408
    outer loop
      vertex 90.4458999633789 9.184401512145996 59.391143798828125
      vertex 83.78170013427734 2.500065803527832 90.64263916015625
      vertex 83.83220672607422 2.9144632816314697 91.0546646118164
    endloop
  endfacet
  facet normal -0.9536203613974478 0.2625685609205702 -0.14719360429142994
    outer loop
      vertex 90.4458999633789 9.184401512145996 59.391143798828125
      vertex 83.7628402709961 2.387871026992798 90.56468963623047
      vertex 83.78170013427734 2.500065803527832 90.64263916015625
    endloop
  endfacet
  facet normal -0.9536176558108366 0.2625801256457112 -0.14719050289243277
    outer loop
      vertex 90.4458999633789 9.184401512145996 59.391143798828125
      vertex 83.69522857666016 1.985698938369751 90.2852783203125
      vertex 83.7628402709961 2.387871026992798 90.56468963623047
    endloop
  endfacet
  facet normal -0.9536141692320053 0.26259448615583764 -0.14718747256646555
    outer loop
      vertex 82.1653060913086 1.2531986236572266 98.8905258178711
      vertex 81.99266815185547 1.170541763305664 99.86156463623047
      vertex 82.19982147216797 1.366926908493042 98.86980438232422
    endloop
  endfacet
  facet normal 0.5735750558072987 -0.0000010212711324555567 -0.81915301095376
    outer loop
      vertex 90.4458999633789 -9.184401512145996 59.391143798828125
      vertex 89.32715606689453 -4.682167053222656 58.6077880859375
      vertex 92.26264953613281 -13.333684921264648 60.663246154785156
    endloop
  endfacet
  facet normal -0.9819566623648868 -0.08865969619519626 -0.16703464163995196
    outer loop
      vertex 89.32715606689453 -4.682167053222656 58.6077880859375
      vertex 83.6739273071289 -0.8876526355743408 89.82769012451172
      vertex 88.94940185546875 0 58.343284606933594
    endloop
  endfacet
  facet normal -0.9819558219495952 -0.0886721393768445 -0.16703297709622603
    outer loop
      vertex 83.6739273071289 -0.8876526355743408 89.82769012451172
      vertex 89.32715606689453 -4.682167053222656 58.6077880859375
      vertex 83.67735290527344 -1.0048614740371704 89.8697738647461
    endloop
  endfacet
  facet normal -0.9819570398001279 -0.08865427897123754 -0.16703529808714093
    outer loop
      vertex 83.67735290527344 -1.0048614740371704 89.8697738647461
      vertex 89.32715606689453 -4.682167053222656 58.6077880859375
      vertex 83.69829559326172 -1.7220745086669922 90.1273193359375
    endloop
  endfacet
  facet normal -0.9819566245422806 -0.08866003681601188 -0.16703468319278486
    outer loop
      vertex 83.69829559326172 -1.7220745086669922 90.1273193359375
      vertex 89.32715606689453 -4.682167053222656 58.6077880859375
      vertex 83.69522857666016 -1.985698938369751 90.2852783203125
    endloop
  endfacet
  facet normal -0.981958582084739 -0.08863933139188 -0.16703416417167294
    outer loop
      vertex 82.1653060913086 -1.2531986236572266 98.8905258178711
      vertex 81.99266815185547 -1.170541763305664 99.86156463623047
      vertex 82.1504135131836 -1.143999457359314 98.92012786865234
    endloop
  endfacet
  facet normal -0.5735677240822168 0 0.8191581446162555
    outer loop
      vertex 91.35392761230469 2.2960996627807617 106.41638946533203
      vertex 91.35392761230469 -2.2960996627807617 106.41638946533203
      vertex 91.72805786132812 0 106.67835235595703
    endloop
  endfacet
  facet normal -0.8980746742980156 0.4263041164775762 -0.1082897948044347
    outer loop
      vertex 83.27404022216797 3.741612434387207 97.44185638427734
      vertex 82.72654724121094 3.333420753479004 100.37542724609375
      vertex 83.28375244140625 3.7557663917541504 97.41703033447266
    endloop
  endfacet
  facet normal -0.898036404161088 0.42638956208677853 -0.10827076311206231
    outer loop
      vertex 82.97103881835938 3.238753080368042 97.9747085571289
      vertex 82.72654724121094 3.333420753479004 100.37542724609375
      vertex 83.27404022216797 3.741612434387207 97.44185638427734
    endloop
  endfacet
  facet normal -0.8980279746346076 0.4264073552247311 -0.10827060627850316
    outer loop
      vertex 82.93682861328125 3.1819801330566406 98.03486633300781
      vertex 82.72654724121094 3.333420753479004 100.37542724609375
      vertex 82.97103881835938 3.238753080368042 97.9747085571289
    endloop
  endfacet
  facet normal -0.898035280199176 0.4263920538559138 -0.10827027258727494
    outer loop
      vertex 82.60100555419922 2.5730671882629395 98.42227935791016
      vertex 82.72654724121094 3.333420753479004 100.37542724609375
      vertex 82.93682861328125 3.1819801330566406 98.03486633300781
    endloop
  endfacet
  facet normal -0.8980313734352529 0.42639948368894337 -0.10827341610846135
    outer loop
      vertex 82.72654724121094 3.333420753479004 100.37542724609375
      vertex 82.60100555419922 2.5730671882629395 98.42227935791016
      vertex 82.27235412597656 2.2960996627807617 100.05740356445312
    endloop
  endfacet
  facet normal -0.8980327448946769 0.4263973264941083 -0.10827053641507975
    outer loop
      vertex 90.4458999633789 9.184401512145996 59.391143798828125
      vertex 84.00138854980469 4.15745735168457 93.04671478271484
      vertex 84.00474548339844 4.302248477935791 93.58909606933594
    endloop
  endfacet
  facet normal -0.898034532117829 0.42639332370148963 -0.10827147651486285
    outer loop
      vertex 90.4458999633789 9.184401512145996 59.391143798828125
      vertex 83.92680358886719 3.7956228256225586 92.24037170410156
      vertex 84.00138854980469 4.15745735168457 93.04671478271484
    endloop
  endfacet
  facet normal -0.8980429492157663 0.4263743826194092 -0.10827625413619735
    outer loop
      vertex 90.4458999633789 9.184401512145996 59.391143798828125
      vertex 83.9156723022461 3.741612434387207 92.12001037597656
      vertex 83.92680358886719 3.7956228256225586 92.24037170410156
    endloop
  endfacet
  facet normal -0.8980206098602496 0.4264246870347865 -0.1082634312845744
    outer loop
      vertex 83.9156723022461 3.741612434387207 92.12001037597656
      vertex 90.4458999633789 9.184401512145996 59.391143798828125
      vertex 83.89242553710938 3.6614222526550293 91.99698638916016
    endloop
  endfacet
  facet normal 0.2254808838341128 -0.6992149125943025 0.6784223441420023
    outer loop
      vertex 122.5105209350586 -16.970561981201172 81.84303283691406
      vertex 90.28851318359375 -4.242640495300293 105.67037200927734
      vertex 119.53136444091797 -19.95526885986328 79.75700378417969
    endloop
  endfacet
  facet normal 0.573576899976611 -6.336280952241411e-7 -0.8191517196544357
    outer loop
      vertex 126.7721939086914 -9.184401512145996 84.82708740234375
      vertex 124.95545196533203 -13.333684921264648 83.55499267578125
      vertex 127.89094543457031 -4.682167053222656 85.61044311523438
    endloop
  endfacet
  facet normal 0.2254808838341128 -0.6992149125943025 0.6784223441420023
    outer loop
      vertex 90.28851318359375 -4.242640495300293 105.67037200927734
      vertex 89.5437240600586 -4.98881721496582 105.14886474609375
      vertex 119.53136444091797 -19.95526885986328 79.75700378417969
    endloop
  endfacet
  facet normal 0.5735767284313273 -0.000001351235747128409 -0.819151839770985
    outer loop
      vertex 112.4444580078125 -23.53884506225586 74.7947006225586
      vertex 108.60904693603516 -24 72.10911560058594
      vertex 119.53136444091797 -19.95526885986328 79.75700378417969
    endloop
  endfacet
  facet normal 0.3281890091014554 -0.5738317691659739 0.7503393065812648
    outer loop
      vertex 90.89974212646484 -3.333420753479004 106.0983657836914
      vertex 90.28851318359375 -4.242640495300293 105.67037200927734
      vertex 124.95545196533203 -13.333684921264648 83.55499267578125
    endloop
  endfacet
  facet normal 0.10470897929133158 -0.7977280492478508 0.593856875938122
    outer loop
      vertex 119.53136444091797 -19.95526885986328 79.75700378417969
      vertex 88.69400024414062 -5.543276786804199 104.55388641357422
      vertex 116.1324691772461 -22.173107147216797 77.3770751953125
    endloop
  endfacet
  facet normal -0.5735665357959788 2.885475685126475e-7 0.819158976643067
    outer loop
      vertex 91.63362121582031 1.170541763305664 106.61222839355469
      vertex 91.35392761230469 2.2960996627807617 106.41638946533203
      vertex 91.72805786132812 0 106.67835235595703
    endloop
  endfacet
  facet normal 0.49281048247326786 0.08865708474702215 0.8656083119336507
    outer loop
      vertex 127.89094543457031 4.682167053222656 85.61044311523438
      vertex 91.63362121582031 1.170541763305664 106.61222839355469
      vertex 91.72805786132812 0 106.67835235595703
    endloop
  endfacet
  facet normal 0.5735764803869952 -2.68783849392103e-7 -0.8191520134546424
    outer loop
      vertex 122.5105209350586 16.970561981201172 81.84303283691406
      vertex 94.70758056640625 16.970561981201172 62.37520217895508
      vertex 119.53136444091797 19.95526885986328 79.75700378417969
    endloop
  endfacet
  facet normal 0.5735748540045236 0.000003974007532202124 -0.8191531522480376
    outer loop
      vertex 104.77364349365234 23.53884506225586 69.42353820800781
      vertex 94.70758056640625 16.970561981201172 62.37520217895508
      vertex 101.08562469482422 22.173107147216797 66.8411636352539
    endloop
  endfacet
  facet normal 0.10470897929133158 0.7977280492478508 0.593856875938122
    outer loop
      vertex 116.1324691772461 22.173107147216797 77.3770751953125
      vertex 88.69400024414062 5.543276786804199 104.55388641357422
      vertex 119.53136444091797 19.95526885986328 79.75700378417969
    endloop
  endfacet
  facet normal -0.5735726003844086 0.00002677063280546766 0.8191547298109196
    outer loop
      vertex 87.7719955444336 5.884711265563965 103.90828704833984
      vertex 86.81314086914062 6 103.23689270019531
      vertex 88.69400024414062 5.543276786804199 104.55388641357422
    endloop
  endfacet
  facet normal 0.573576899976611 6.336280952241411e-7 -0.8191517196544357
    outer loop
      vertex 127.89094543457031 4.682167053222656 85.61044311523438
      vertex 124.95545196533203 13.333684921264648 83.55499267578125
      vertex 126.7721939086914 9.184401512145996 84.82708740234375
    endloop
  endfacet
  facet normal 0.46447275119950143 0.2625730386534283 0.8457661986420781
    outer loop
      vertex 126.7721939086914 9.184401512145996 84.82708740234375
      vertex 91.35392761230469 2.2960996627807617 106.41638946533203
      vertex 127.89094543457031 4.682167053222656 85.61044311523438
    endloop
  endfacet
  facet normal -0.02948837652313586 0.8655861231918011 0.4998910871258038
    outer loop
      vertex 112.4444580078125 23.53884506225586 74.7947006225586
      vertex 87.7719955444336 5.884711265563965 103.90828704833984
      vertex 88.69400024414062 5.543276786804199 104.55388641357422
    endloop
  endfacet
  facet normal -0.5735673182453899 0.00001389751316985716 0.8191584286617887
    outer loop
      vertex 89.5437240600586 4.98881721496582 105.14886474609375
      vertex 88.69400024414062 5.543276786804199 104.55388641357422
      vertex 90.28851318359375 4.242640495300293 105.67037200927734
    endloop
  endfacet
  facet normal -0.45965973056505294 0.8655856461769851 0.19868170834083923
    outer loop
      vertex 101.08562469482422 22.173107147216797 66.8411636352539
      vertex 84.93228912353516 5.543276786804199 101.91990661621094
      vertex 104.77364349365234 23.53884506225586 69.42353820800781
    endloop
  endfacet
  facet normal 0.5735764281365953 3.7884579610593934e-7 -0.8191520500407246
    outer loop
      vertex 119.53136444091797 19.95526885986328 79.75700378417969
      vertex 94.70758056640625 16.970561981201172 62.37520217895508
      vertex 104.77364349365234 23.53884506225586 69.42353820800781
    endloop
  endfacet
  facet normal -0.8980350784913643 0.4263919745261149 -0.10827225802914621
    outer loop
      vertex 92.26264953613281 13.333684921264648 60.663246154785156
      vertex 83.998779296875 4.4235076904296875 94.1161117553711
      vertex 83.9332504272461 4.5 94.96086120605469
    endloop
  endfacet
  facet normal -0.8980363695416794 0.4263889712947621 -0.10827337686889947
    outer loop
      vertex 92.26264953613281 13.333684921264648 60.663246154785156
      vertex 84.00732421875 4.4135332107543945 94.0059585571289
      vertex 83.998779296875 4.4235076904296875 94.1161117553711
    endloop
  endfacet
  facet normal -0.8980307828845623 0.42640197174374667 -0.10826851566723028
    outer loop
      vertex 92.26264953613281 13.333684921264648 60.663246154785156
      vertex 84.00662994384766 4.383609771728516 93.89386749267578
      vertex 84.00732421875 4.4135332107543945 94.0059585571289
    endloop
  endfacet
  facet normal -0.8980376862688931 0.42638589761287804 -0.10827456006686653
    outer loop
      vertex 92.26264953613281 13.333684921264648 60.663246154785156
      vertex 84.00474548339844 4.302248477935791 93.58909606933594
      vertex 84.00662994384766 4.383609771728516 93.89386749267578
    endloop
  endfacet
  facet normal -0.8980337284329513 0.42639512834216053 -0.10827103547525824
    outer loop
      vertex 84.00474548339844 4.302248477935791 93.58909606933594
      vertex 92.26264953613281 13.333684921264648 60.663246154785156
      vertex 90.4458999633789 9.184401512145996 59.391143798828125
    endloop
  endfacet
  facet normal -0.8980326709722514 0.4263975586935798 -0.10827023509071791
    outer loop
      vertex 83.79805755615234 4.42270565032959 95.77779388427734
      vertex 92.26264953613281 13.333684921264648 60.663246154785156
      vertex 83.9332504272461 4.5 94.96086120605469
    endloop
  endfacet
  facet normal -0.8980568253418342 0.4263415981671176 -0.1082902586997293
    outer loop
      vertex 83.78201293945312 4.4135332107543945 95.87474060058594
      vertex 92.26264953613281 13.333684921264648 60.663246154785156
      vertex 83.79805755615234 4.42270565032959 95.77779388427734
    endloop
  endfacet
  facet normal -0.8980018254753506 0.4264689878901729 -0.10824474033813308
    outer loop
      vertex 83.78201293945312 4.4135332107543945 95.87474060058594
      vertex 82.72654724121094 3.333420753479004 100.37542724609375
      vertex 92.26264953613281 13.333684921264648 60.663246154785156
    endloop
  endfacet
  facet normal -0.8982513273917422 0.42589318803604265 -0.10844143683790476
    outer loop
      vertex 83.75858306884766 4.386573791503906 95.96293640136719
      vertex 82.72654724121094 3.333420753479004 100.37542724609375
      vertex 83.78201293945312 4.4135332107543945 95.87474060058594
    endloop
  endfacet
  facet normal -0.8980024592240878 0.42646728109029974 -0.10824620726352344
    outer loop
      vertex 83.5594253540039 4.15745735168457 96.71246337890625
      vertex 82.72654724121094 3.333420753479004 100.37542724609375
      vertex 83.75858306884766 4.386573791503906 95.96293640136719
    endloop
  endfacet
  facet normal -0.8980318559504329 0.42639982584572095 -0.10826806646911147
    outer loop
      vertex 82.72654724121094 3.333420753479004 100.37542724609375
      vertex 83.5594253540039 4.15745735168457 96.71246337890625
      vertex 83.28375244140625 3.7557663917541504 97.41703033447266
    endloop
  endfacet
  facet normal -0.9536194439470576 0.26257246235069576 -0.14719258860824838
    outer loop
      vertex 90.4458999633789 9.184401512145996 59.391143798828125
      vertex 83.86480712890625 3.1819801330566406 91.3206558227539
      vertex 83.89242553710938 3.6614222526550293 91.99698638916016
    endloop
  endfacet
  facet normal -0.9536210280946631 0.2625658265602893 -0.14719416258258977
    outer loop
      vertex 83.86480712890625 3.1819801330566406 91.3206558227539
      vertex 90.4458999633789 9.184401512145996 59.391143798828125
      vertex 83.83220672607422 2.9144632816314697 91.0546646118164
    endloop
  endfacet
  facet normal -0.9536024305466787 0.2626405005062138 -0.14718142528631903
    outer loop
      vertex 82.57274627685547 2.500065803527832 98.47510528564453
      vertex 82.27235412597656 2.2960996627807617 100.05740356445312
      vertex 82.60100555419922 2.5730671882629395 98.42227935791016
    endloop
  endfacet
  facet normal -0.9536293002677265 0.26253223757487576 -0.14720048201285024
    outer loop
      vertex 82.54534149169922 2.4196457862854004 98.50921630859375
      vertex 82.27235412597656 2.2960996627807617 100.05740356445312
      vertex 82.57274627685547 2.500065803527832 98.47510528564453
    endloop
  endfacet
  facet normal -0.9536173784433494 0.26257880032314695 -0.14719466414137125
    outer loop
      vertex 82.3075942993164 1.7220745086669922 98.80509948730469
      vertex 82.27235412597656 2.2960996627807617 100.05740356445312
      vertex 82.54534149169922 2.4196457862854004 98.50921630859375
    endloop
  endfacet
  facet normal -0.953620578568037 0.26256745887724103 -0.14719416316658293
    outer loop
      vertex 81.99266815185547 1.170541763305664 99.86156463623047
      vertex 82.3075942993164 1.7220745086669922 98.80509948730469
      vertex 82.19982147216797 1.366926908493042 98.86980438232422
    endloop
  endfacet
  facet normal -0.9536197462116932 0.2625719292753713 -0.14719158125298823
    outer loop
      vertex 82.3075942993164 1.7220745086669922 98.80509948730469
      vertex 81.99266815185547 1.170541763305664 99.86156463623047
      vertex 82.27235412597656 2.2960996627807617 100.05740356445312
    endloop
  endfacet
  facet normal -0.02948837652313586 -0.8655861231918011 0.4998910871258038
    outer loop
      vertex 88.69400024414062 -5.543276786804199 104.55388641357422
      vertex 87.7719955444336 -5.884711265563965 103.90828704833984
      vertex 112.4444580078125 -23.53884506225586 74.7947006225586
    endloop
  endfacet
  facet normal -0.5736133401989645 0 0.8191262026975984
    outer loop
      vertex 81.99266815185547 1.170541763305664 99.86156463623047
      vertex 81.89823150634766 0 99.7954330444336
      vertex 81.99266815185547 -1.170541763305664 99.86156463623047
    endloop
  endfacet
  facet normal -0.8173362200225152 -0.5738307863120584 -0.051766129078687835
    outer loop
      vertex 94.70758056640625 -16.970561981201172 62.37520217895508
      vertex 83.33777618408203 -4.242640495300293 100.80341339111328
      vertex 92.26264953613281 -13.333684921264648 60.663246154785156
    endloop
  endfacet
  facet normal -0.573577508125139 -0.000003706309163459809 0.8191512938152631
    outer loop
      vertex 88.69400024414062 -5.543276786804199 104.55388641357422
      vertex 82.27235412597656 -2.2960996627807617 100.05740356445312
      vertex 83.33777618408203 -4.242640495300293 100.80341339111328
    endloop
  endfacet
  facet normal -0.5735796565287018 0 0.8191497894868902
    outer loop
      vertex 90.28851318359375 4.242640495300293 105.67037200927734
      vertex 91.35392761230469 -2.2960996627807617 106.41638946533203
      vertex 91.35392761230469 2.2960996627807617 106.41638946533203
    endloop
  endfacet
  facet normal -0.5735796565287018 0 0.8191497894868901
    outer loop
      vertex 91.35392761230469 -2.2960996627807617 106.41638946533203
      vertex 90.28851318359375 4.242640495300293 105.67037200927734
      vertex 90.28851318359375 -4.242640495300293 105.67037200927734
    endloop
  endfacet
  facet normal -0.17194726609927416 -0.9001788722708255 0.4001401449470051
    outer loop
      vertex 112.4444580078125 -23.53884506225586 74.7947006225586
      vertex 86.81314086914062 -6 103.23689270019531
      vertex 108.60904693603516 -24 72.10911560058594
    endloop
  endfacet
  facet normal -0.5735766283728044 0.000001692975243278991 0.8191519098321263
    outer loop
      vertex 88.69400024414062 -5.543276786804199 104.55388641357422
      vertex 83.33777618408203 -4.242640495300293 100.80341339111328
      vertex 84.93228912353516 -5.543276786804199 101.91990661621094
    endloop
  endfacet
  facet normal -0.5735673182453899 -0.00001389751316985716 0.8191584286617887
    outer loop
      vertex 90.28851318359375 -4.242640495300293 105.67037200927734
      vertex 88.69400024414062 -5.543276786804199 104.55388641357422
      vertex 89.5437240600586 -4.98881721496582 105.14886474609375
    endloop
  endfacet
  facet normal 0.5735776438684721 -0.000004049234505761208 -0.8191511987648531
    outer loop
      vertex 116.1324691772461 -22.173107147216797 77.3770751953125
      vertex 112.4444580078125 -23.53884506225586 74.7947006225586
      vertex 119.53136444091797 -19.95526885986328 79.75700378417969
    endloop
  endfacet
  facet normal 0.3281895369478841 -0.5738308691263719 0.7503397640240096
    outer loop
      vertex 124.95545196533203 -13.333684921264648 83.55499267578125
      vertex 90.28851318359375 -4.242640495300293 105.67037200927734
      vertex 122.5105209350586 -16.970561981201172 81.84303283691406
    endloop
  endfacet
  facet normal 0.5735761136093827 4.812481313668987e-7 -0.8191522702749015
    outer loop
      vertex 124.95545196533203 -13.333684921264648 83.55499267578125
      vertex 122.5105209350586 -16.970561981201172 81.84303283691406
      vertex 128.26869201660156 0 85.87495422363281
    endloop
  endfacet
  facet normal 0.46447275119950143 -0.2625730386534283 0.8457661986420781
    outer loop
      vertex 127.89094543457031 -4.682167053222656 85.61044311523438
      vertex 91.35392761230469 -2.2960996627807617 106.41638946533203
      vertex 126.7721939086914 -9.184401512145996 84.82708740234375
    endloop
  endfacet
  facet normal 0.4644723203835361 -0.2625753746936544 0.8457657099942163
    outer loop
      vertex 91.63362121582031 -1.170541763305664 106.61222839355469
      vertex 91.35392761230469 -2.2960996627807617 106.41638946533203
      vertex 127.89094543457031 -4.682167053222656 85.61044311523438
    endloop
  endfacet
  facet normal -0.17194654574162896 0.9001787537849093 0.4001407210491946
    outer loop
      vertex 112.4444580078125 23.53884506225586 74.7947006225586
      vertex 86.81314086914062 6 103.23689270019531
      vertex 87.7719955444336 5.884711265563965 103.90828704833984
    endloop
  endfacet
  facet normal -0.8173378362874367 0.5738284030645099 -0.05176702820720559
    outer loop
      vertex 92.26264953613281 13.333684921264648 60.663246154785156
      vertex 82.72654724121094 3.333420753479004 100.37542724609375
      vertex 83.33777618408203 4.242640495300293 100.80341339111328
    endloop
  endfacet
  facet normal -0.573577508125139 0.000003706309163459809 0.8191512938152631
    outer loop
      vertex 83.33777618408203 4.242640495300293 100.80341339111328
      vertex 82.27235412597656 2.2960996627807617 100.05740356445312
      vertex 88.69400024414062 5.543276786804199 104.55388641357422
    endloop
  endfacet
  facet normal 0.4088878726758562 0.4263934765706348 0.8068452830107022
    outer loop
      vertex 124.95545196533203 13.333684921264648 83.55499267578125
      vertex 91.35392761230469 2.2960996627807617 106.41638946533203
      vertex 126.7721939086914 9.184401512145996 84.82708740234375
    endloop
  endfacet
  facet normal 0.4644723203835361 0.2625753746936544 0.8457657099942163
    outer loop
      vertex 127.89094543457031 4.682167053222656 85.61044311523438
      vertex 91.35392761230469 2.2960996627807617 106.41638946533203
      vertex 91.63362121582031 1.170541763305664 106.61222839355469
    endloop
  endfacet
  facet normal 0.49281008681688226 0.08865987037828318 0.8656082518761262
    outer loop
      vertex 127.89094543457031 4.682167053222656 85.61044311523438
      vertex 91.72805786132812 0 106.67835235595703
      vertex 128.26869201660156 0 85.87495422363281
    endloop
  endfacet
  facet normal 0.5735708141900552 -0.0000024437093578212297 -0.8191559809361009
    outer loop
      vertex 128.26869201660156 0 85.87495422363281
      vertex 124.95545196533203 13.333684921264648 83.55499267578125
      vertex 127.89094543457031 4.682167053222656 85.61044311523438
    endloop
  endfacet
  facet normal -0.45965948742443125 0.8655857305002983 0.1986819034914203
    outer loop
      vertex 104.77364349365234 23.53884506225586 69.42353820800781
      vertex 84.93228912353516 5.543276786804199 101.91990661621094
      vertex 85.85429382324219 5.884711265563965 102.56549835205078
    endloop
  endfacet
  facet normal -0.3171994846633409 0.9001788573988063 0.2984334291286594
    outer loop
      vertex 104.77364349365234 23.53884506225586 69.42353820800781
      vertex 86.81314086914062 6 103.23689270019531
      vertex 108.60904693603516 24 72.10911560058594
    endloop
  endfacet
  facet normal -0.5938552792265578 0.7977281848652091 0.10471700151554049
    outer loop
      vertex 97.68672943115234 19.95526885986328 64.46122741699219
      vertex 84.93228912353516 5.543276786804199 101.91990661621094
      vertex 101.08562469482422 22.173107147216797 66.8411636352539
    endloop
  endfacet
  facet normal 0.5735774070141078 -6.903778552130107e-7 -0.8191513646222509
    outer loop
      vertex 101.08562469482422 22.173107147216797 66.8411636352539
      vertex 94.70758056640625 16.970561981201172 62.37520217895508
      vertex 97.68672943115234 19.95526885986328 64.46122741699219
    endloop
  endfacet
  facet normal -0.5735766283728044 -0.000001692975243278991 0.8191519098321263
    outer loop
      vertex 84.93228912353516 5.543276786804199 101.91990661621094
      vertex 83.33777618408203 4.242640495300293 100.80341339111328
      vertex 88.69400024414062 5.543276786804199 104.55388641357422
    endloop
  endfacet
  facet normal -0.5735766283724198 0.000002051122709818835 0.8191519098315769
    outer loop
      vertex 86.81314086914062 6 103.23689270019531
      vertex 84.93228912353516 5.543276786804199 101.91990661621094
      vertex 88.69400024414062 5.543276786804199 104.55388641357422
    endloop
  endfacet
  facet normal -0.5735814716968675 -0.000007155924979474441 0.8191485184475696
    outer loop
      vertex 84.93228912353516 -5.543276786804199 101.91990661621094
      vertex 83.33777618408203 -4.242640495300293 100.80341339111328
      vertex 84.08256530761719 -4.98881721496582 101.32492065429688
    endloop
  endfacet
  facet normal -0.7146283027099491 -0.6992140841879216 0.02015076770605597
    outer loop
      vertex 97.68672943115234 -19.95526885986328 64.46122741699219
      vertex 83.33777618408203 -4.242640495300293 100.80341339111328
      vertex 94.70758056640625 -16.970561981201172 62.37520217895508
    endloop
  endfacet
  facet normal -0.029486404202829806 -0.8655854992254138 0.4998922838951192
    outer loop
      vertex 116.1324691772461 -22.173107147216797 77.3770751953125
      vertex 88.69400024414062 -5.543276786804199 104.55388641357422
      vertex 112.4444580078125 -23.53884506225586 74.7947006225586
    endloop
  endfacet
  facet normal 0.10471027855732129 -0.7977270906335191 0.5938579345549149
    outer loop
      vertex 89.5437240600586 -4.98881721496582 105.14886474609375
      vertex 88.69400024414062 -5.543276786804199 104.55388641357422
      vertex 119.53136444091797 -19.95526885986328 79.75700378417969
    endloop
  endfacet
  facet normal 0.4088879110528626 -0.4263934015616011 0.8068453032022642
    outer loop
      vertex 91.35392761230469 -2.2960996627807617 106.41638946533203
      vertex 90.89974212646484 -3.333420753479004 106.0983657836914
      vertex 124.95545196533203 -13.333684921264648 83.55499267578125
    endloop
  endfacet
  facet normal -0.5735945622649804 0.000012158663606839026 0.8191393519983106
    outer loop
      vertex 91.35392761230469 -2.2960996627807617 106.41638946533203
      vertex 90.28851318359375 -4.242640495300293 105.67037200927734
      vertex 90.89974212646484 -3.333420753479004 106.0983657836914
    endloop
  endfacet
  facet normal 0.5735776438684721 0.000004049234505761208 -0.8191511987648531
    outer loop
      vertex 119.53136444091797 19.95526885986328 79.75700378417969
      vertex 112.4444580078125 23.53884506225586 74.7947006225586
      vertex 116.1324691772461 22.173107147216797 77.3770751953125
    endloop
  endfacet
  facet normal 0.5735767284313273 0.000001351235747128409 -0.819151839770985
    outer loop
      vertex 119.53136444091797 19.95526885986328 79.75700378417969
      vertex 108.60904693603516 24 72.10911560058594
      vertex 112.4444580078125 23.53884506225586 74.7947006225586
    endloop
  endfacet
  facet normal -0.5735762505647886 0 0.8191521743778984
    outer loop
      vertex 82.27235412597656 2.2960996627807617 100.05740356445312
      vertex 88.69400024414062 -5.543276786804199 104.55388641357422
      vertex 88.69400024414062 5.543276786804199 104.55388641357422
    endloop
  endfacet
  facet normal -0.5735762505647884 0 0.8191521743778984
    outer loop
      vertex 88.69400024414062 -5.543276786804199 104.55388641357422
      vertex 82.27235412597656 2.2960996627807617 100.05740356445312
      vertex 82.27235412597656 -2.2960996627807617 100.05740356445312
    endloop
  endfacet
  facet normal -0.5735945622649804 -0.000012158663606839026 0.8191393519983106
    outer loop
      vertex 90.89974212646484 3.333420753479004 106.0983657836914
      vertex 90.28851318359375 4.242640495300293 105.67037200927734
      vertex 91.35392761230469 2.2960996627807617 106.41638946533203
    endloop
  endfacet
  facet normal 0.4088879110528626 0.4263934015616011 0.8068453032022642
    outer loop
      vertex 124.95545196533203 13.333684921264648 83.55499267578125
      vertex 90.89974212646484 3.333420753479004 106.0983657836914
      vertex 91.35392761230469 2.2960996627807617 106.41638946533203
    endloop
  endfacet
  facet normal -0.573579322017397 0.000018583263188624613 0.8191500235052951
    outer loop
      vertex 85.85429382324219 5.884711265563965 102.56549835205078
      vertex 84.93228912353516 5.543276786804199 101.91990661621094
      vertex 86.81314086914062 6 103.23689270019531
    endloop
  endfacet
  facet normal -0.31720035820338316 0.9001787260066482 0.2984328969813704
    outer loop
      vertex 104.77364349365234 23.53884506225586 69.42353820800781
      vertex 85.85429382324219 5.884711265563965 102.56549835205078
      vertex 86.81314086914062 6 103.23689270019531
    endloop
  endfacet
  facet normal -0.17194654574162896 -0.9001787537849093 0.4001407210491946
    outer loop
      vertex 87.7719955444336 -5.884711265563965 103.90828704833984
      vertex 86.81314086914062 -6 103.23689270019531
      vertex 112.4444580078125 -23.53884506225586 74.7947006225586
    endloop
  endfacet
  facet normal -0.5735766283724198 -0.000002051122709818835 0.8191519098315769
    outer loop
      vertex 88.69400024414062 -5.543276786804199 104.55388641357422
      vertex 84.93228912353516 -5.543276786804199 101.91990661621094
      vertex 86.81314086914062 -6 103.23689270019531
    endloop
  endfacet
  facet normal -0.5735749250042602 0 0.8191531025433263
    outer loop
      vertex 88.69400024414062 5.543276786804199 104.55388641357422
      vertex 90.28851318359375 -4.242640495300293 105.67037200927734
      vertex 90.28851318359375 4.242640495300293 105.67037200927734
    endloop
  endfacet
  facet normal -0.5735749250042602 0 0.8191531025433263
    outer loop
      vertex 90.28851318359375 -4.242640495300293 105.67037200927734
      vertex 88.69400024414062 5.543276786804199 104.55388641357422
      vertex 88.69400024414062 -5.543276786804199 104.55388641357422
    endloop
  endfacet
  facet normal -0.5735869628024926 0.000011418508394135887 0.8191446734079578
    outer loop
      vertex 82.72654724121094 3.333420753479004 100.37542724609375
      vertex 82.27235412597656 2.2960996627807617 100.05740356445312
      vertex 83.33777618408203 4.242640495300293 100.80341339111328
    endloop
  endfacet
  facet normal -0.5938552792265578 -0.7977281848652091 0.10471700151554049
    outer loop
      vertex 101.08562469482422 -22.173107147216797 66.8411636352539
      vertex 84.93228912353516 -5.543276786804199 101.91990661621094
      vertex 97.68672943115234 -19.95526885986328 64.46122741699219
    endloop
  endfacet
  facet normal 0.5735774070141078 6.903778552130107e-7 -0.8191513646222509
    outer loop
      vertex 97.68672943115234 -19.95526885986328 64.46122741699219
      vertex 94.70758056640625 -16.970561981201172 62.37520217895508
      vertex 101.08562469482422 -22.173107147216797 66.8411636352539
    endloop
  endfacet
  facet normal 0.2254808838341128 0.6992149125943025 0.6784223441420023
    outer loop
      vertex 119.53136444091797 19.95526885986328 79.75700378417969
      vertex 89.5437240600586 4.98881721496582 105.14886474609375
      vertex 90.28851318359375 4.242640495300293 105.67037200927734
    endloop
  endfacet
  facet normal 0.10471027855732129 0.7977270906335191 0.5938579345549149
    outer loop
      vertex 119.53136444091797 19.95526885986328 79.75700378417969
      vertex 88.69400024414062 5.543276786804199 104.55388641357422
      vertex 89.5437240600586 4.98881721496582 105.14886474609375
    endloop
  endfacet
  facet normal -0.573577813634559 0 0.8191510799029683
    outer loop
      vertex 81.99266815185547 1.170541763305664 99.86156463623047
      vertex 82.27235412597656 -2.2960996627807617 100.05740356445312
      vertex 82.27235412597656 2.2960996627807617 100.05740356445312
    endloop
  endfacet
  facet normal -0.573577813634559 0 0.8191510799029683
    outer loop
      vertex 82.27235412597656 -2.2960996627807617 100.05740356445312
      vertex 81.99266815185547 1.170541763305664 99.86156463623047
      vertex 81.99266815185547 -1.170541763305664 99.86156463623047
    endloop
  endfacet
  facet normal -0.31720035820338316 -0.9001787260066482 0.2984328969813704
    outer loop
      vertex 86.81314086914062 -6 103.23689270019531
      vertex 85.85429382324219 -5.884711265563965 102.56549835205078
      vertex 104.77364349365234 -23.53884506225586 69.42353820800781
    endloop
  endfacet
  facet normal -0.573579322017397 -0.000018583263188624613 0.8191500235052951
    outer loop
      vertex 86.81314086914062 -6 103.23689270019531
      vertex 84.93228912353516 -5.543276786804199 101.91990661621094
      vertex 85.85429382324219 -5.884711265563965 102.56549835205078
    endloop
  endfacet
  facet normal -0.7146276030270365 -0.6992147826303887 0.020151345934463473
    outer loop
      vertex 84.08256530761719 -4.98881721496582 101.32492065429688
      vertex 83.33777618408203 -4.242640495300293 100.80341339111328
      vertex 97.68672943115234 -19.95526885986328 64.46122741699219
    endloop
  endfacet
  facet normal -0.593855406111578 -0.7977281003476213 0.1047169257943917
    outer loop
      vertex 84.93228912353516 -5.543276786804199 101.91990661621094
      vertex 84.08256530761719 -4.98881721496582 101.32492065429688
      vertex 97.68672943115234 -19.95526885986328 64.46122741699219
    endloop
  endfacet
  facet normal 0.5735748540045236 -0.000003974007532202124 -0.8191531522480376
    outer loop
      vertex 101.08562469482422 -22.173107147216797 66.8411636352539
      vertex 94.70758056640625 -16.970561981201172 62.37520217895508
      vertex 104.77364349365234 -23.53884506225586 69.42353820800781
    endloop
  endfacet
  facet normal -0.45965973056505294 -0.8655856461769851 0.19868170834083923
    outer loop
      vertex 104.77364349365234 -23.53884506225586 69.42353820800781
      vertex 84.93228912353516 -5.543276786804199 101.91990661621094
      vertex 101.08562469482422 -22.173107147216797 66.8411636352539
    endloop
  endfacet
  facet normal -0.2417291452966076 -0.7968480728485504 -0.5537148807028061
    outer loop
      vertex 105.09535217285156 -5.713347434997559 68.67227172851562
      vertex 105.11844635009766 -6.410161018371582 69.66497039794922
      vertex 104.8835678100586 -6.2246294021606445 69.5005111694336
    endloop
  endfacet
  facet normal -0.2417228716522867 -0.79684928386528 -0.5537158767125633
    outer loop
      vertex 105.11844635009766 -6.410161018371582 69.66497039794922
      vertex 105.09535217285156 -5.713347434997559 68.67227172851562
      vertex 106.25543975830078 -6.065258026123047 68.67227172851562
    endloop
  endfacet
  facet normal 0.09063146253822314 -0.9200768078480953 -0.3811097029179941
    outer loop
      vertex 107.46189880371094 -7.0553693771362305 69.97624969482422
      vertex 107.52993774414062 -7.619151592254639 71.353515625
      vertex 107.46189880371094 -7.606118202209473 71.30587005615234
    endloop
  endfacet
  facet normal 0.09061961626226368 -0.9200780127811083 -0.38110961093266404
    outer loop
      vertex 107.52993774414062 -7.619151592254639 71.353515625
      vertex 107.46189880371094 -7.0553693771362305 69.97624969482422
      vertex 108.83833312988281 -6.919802665710449 69.97624969482422
    endloop
  endfacet
  facet normal 0.2902842818766648 -0.9569404556686633 0
    outer loop
      vertex 110.50862121582031 -7.355445861816406 73.439208984375
      vertex 109.82892608642578 -7.561628818511963 72.96328735351562
      vertex 110.50862121582031 -7.355445861816406 72.96328735351562
    endloop
  endfacet
  facet normal 0.43582273437937424 0.8153619118015355 -0.3811082483775842
    outer loop
      vertex 111.38165283203125 5.866325378417969 69.97624969482422
      vertex 110.39154052734375 7.072780609130859 71.42514038085938
      vertex 111.71507263183594 6.365333557128906 71.42514038085938
    endloop
  endfacet
  facet normal 0.8153625871721335 -0.43581984258075807 -0.38111011040491727
    outer loop
      vertex 113.82723236083984 -4.253180503845215 71.42514038085938
      vertex 113.3282241821289 -3.919753074645996 69.97624969482422
      vertex 113.98020935058594 -2.6999731063842773 69.97624969482422
    endloop
  endfacet
  facet normal 0.9200775347421949 -0.09061729731782621 -0.3811113164018329
    outer loop
      vertex 114.97032165527344 -1.4935178756713867 71.42514038085938
      vertex 114.38169860839844 -1.376434326171875 69.97624969482422
      vertex 115.11741638183594 0 71.42514038085938
    endloop
  endfacet
  facet normal -0.5282701864982725 0.6436904841320686 -0.5537085611537024
    outer loop
      vertex 104.02619934082031 5.141877174377441 68.67227172851562
      vertex 103.70072937011719 4.874767303466797 68.67227172851562
      vertex 103.95905303955078 5.242370128631592 68.85315704345703
    endloop
  endfacet
  facet normal 0.9762420071969254 0.09614886667687511 0.19418274594018495
    outer loop
      vertex 115.27039337158203 1.553206443786621 74.53155517578125
      vertex 114.97032165527344 1.4935178756713867 76.0697021484375
      vertex 115.11741638183594 0 76.0697021484375
    endloop
  endfacet
  facet normal -0.3536274047793352 -0.430897109701837 -0.8302260773064379
    outer loop
      vertex 105.36674499511719 -3.1356163024902344 66.69204711914062
      vertex 104.64229583740234 -4.219829559326172 67.56333923339844
      vertex 104.79527282714844 -2.6666221618652344 66.69204711914062
    endloop
  endfacet
  facet normal -0.081618885890584 -0.8286966320239313 -0.5537149533272269
    outer loop
      vertex 107.46189880371094 -7.0553693771362305 69.97624969482422
      vertex 106.25543975830078 -6.065258026123047 68.67227172851562
      vertex 107.46189880371094 -6.184082984924316 68.67227172851562
    endloop
  endfacet
  facet normal 0.2683762113772975 -0.8847199925537937 -0.3811098843409642
    outer loop
      vertex 108.95541381835938 -7.508423805236816 71.42514038085938
      vertex 108.83833312988281 -6.919802665710449 69.97624969482422
      vertex 110.39154052734375 -7.072780609130859 71.42514038085938
    endloop
  endfacet
  facet normal 0.8847195712121154 0.2683755167046498 -0.38111135163855026
    outer loop
      vertex 114.38169860839844 1.376434326171875 69.97624969482422
      vertex 113.98020935058594 2.6999731063842773 69.97624969482422
      vertex 114.97032165527344 1.4935178756713867 71.42514038085938
    endloop
  endfacet
  facet normal 0.3388893011393262 0.18113851052408286 -0.9232241773147061
    outer loop
      vertex 109.6073989868164 0.8886966705322266 66.0918960571289
      vertex 109.3927993774414 1.2901878356933594 66.0918960571289
      vertex 110.5975112915039 2.095151901245117 66.69204711914062
    endloop
  endfacet
  facet normal 0.12433862982346458 -0.15150857933355244 -0.9806044337662114
    outer loop
      vertex 108.75208282470703 -1.9309024810791016 66.0918960571289
      vertex 107.89753723144531 -0.6519861221313477 65.78594207763672
      vertex 109.10399627685547 -1.6420974731445312 66.0918960571289
    endloop
  endfacet
  facet normal -0.081618885890584 0.8286966320239313 -0.5537149533272269
    outer loop
      vertex 107.46189880371094 6.184082984924316 68.67227172851562
      vertex 106.25543975830078 6.065258026123047 68.67227172851562
      vertex 107.46189880371094 7.0553693771362305 69.97624969482422
    endloop
  endfacet
  facet normal -0.4916067358370372 0.2627693273861742 -0.8302259318189664
    outer loop
      vertex 104.32627868652344 2.095151901245117 66.69204711914062
      vertex 102.7730712890625 1.942173957824707 67.56333923339844
      vertex 103.2420654296875 2.8196001052856445 67.56333923339844
    endloop
  endfacet
  facet normal 0.8651343163367413 0.46242164536710884 -0.19418763243969783
    outer loop
      vertex 114.53467559814453 2.929640769958496 71.42514038085938
      vertex 113.82723236083984 4.253180503845215 71.42514038085938
      vertex 114.81734466552734 3.046725273132324 72.96328735351562
    endloop
  endfacet
  facet normal -0.4496673830307683 -0.5479139706901142 -0.705400258974189
    outer loop
      vertex 103.70072937011719 -4.874767303466797 68.67227172851562
      vertex 104.64229583740234 -4.219829559326172 67.56333923339844
      vertex 104.02619934082031 -5.141877174377441 68.67227172851562
    endloop
  endfacet
  facet normal -0.4496647390584383 -0.547916845136204 -0.7053997116979108
    outer loop
      vertex 104.64229583740234 -4.219829559326172 67.56333923339844
      vertex 103.70072937011719 -4.874767303466797 68.67227172851562
      vertex 103.39192962646484 -4.3429789543151855 68.4560546875
    endloop
  endfacet
  facet normal 0.5479188359454339 -0.44966376704437755 -0.7053987849604367
    outer loop
      vertex 111.83470153808594 -4.372806549072266 68.67227172851562
      vertex 111.05056762695312 -3.588669776916504 67.56333923339844
      vertex 111.68172454833984 -2.8196001052856445 67.56333923339844
    endloop
  endfacet
  facet normal 0.8847195712121154 -0.2683755167046498 -0.38111135163855026
    outer loop
      vertex 114.97032165527344 -1.4935178756713867 71.42514038085938
      vertex 113.98020935058594 -2.6999731063842773 69.97624969482422
      vertex 114.38169860839844 -1.376434326171875 69.97624969482422
    endloop
  endfacet
  facet normal 0.46242381919688763 -0.8651338744968503 -0.19418442429152857
    outer loop
      vertex 110.50862121582031 -7.355445861816406 72.96328735351562
      vertex 110.39154052734375 -7.072780609130859 71.42514038085938
      vertex 111.88505554199219 -6.619726181030273 72.96328735351562
    endloop
  endfacet
  facet normal 0.2847584553932531 -0.9387251472186933 -0.19418475754108883
    outer loop
      vertex 110.50862121582031 -7.355445861816406 72.96328735351562
      vertex 108.95541381835938 -7.508423805236816 71.42514038085938
      vertex 110.39154052734375 -7.072780609130859 71.42514038085938
    endloop
  endfacet
  facet normal 0.08161934635185471 0.8286965791001638 -0.5537149646603222
    outer loop
      vertex 108.66835021972656 6.065258026123047 68.67227172851562
      vertex 107.46189880371094 7.0553693771362305 69.97624969482422
      vertex 108.83833312988281 6.919802665710449 69.97624969482422
    endloop
  endfacet
  facet normal 0.43089617257191537 0.35362781596836984 -0.8302263885449045
    outer loop
      vertex 110.5975112915039 2.095151901245117 66.69204711914062
      vertex 110.1285171508789 2.6666221618652344 66.69204711914062
      vertex 111.05056762695312 3.588669776916504 67.56333923339844
    endloop
  endfacet
  facet normal 0.6223161609428731 0.758297530470662 -0.1941840650295992
    outer loop
      vertex 112.87516784667969 5.413271903991699 71.42514038085938
      vertex 111.71507263183594 6.365333557128906 71.42514038085938
      vertex 113.09150695800781 5.62961483001709 72.96328735351562
    endloop
  endfacet
  facet normal 0.8651337320214191 0.46242228903902005 0.19418870286039916
    outer loop
      vertex 114.26534271240234 3.4335248470306396 76.0697021484375
      vertex 114.81734466552734 3.046725273132324 74.53155517578125
      vertex 113.96334838867188 4.087319850921631 75.85823822021484
    endloop
  endfacet
  facet normal 0.8651324990873351 0.4624250757881785 0.19418755960462405
    outer loop
      vertex 114.81734466552734 3.046725273132324 74.53155517578125
      vertex 114.26534271240234 3.4335248470306396 76.0697021484375
      vertex 114.53467559814453 2.929640769958496 76.0697021484375
    endloop
  endfacet
  facet normal 0.5282632638990739 -0.6436896552049173 -0.5537161292547582
    outer loop
      vertex 112.45079803466797 -4.988899230957031 69.97624969482422
      vertex 111.38165283203125 -5.866325378417969 69.97624969482422
      vertex 111.83470153808594 -4.372806549072266 68.67227172851562
    endloop
  endfacet
  facet normal 0.9951847574600302 0.09801682773493989 0
    outer loop
      vertex 115.42337036132812 0 74.53155517578125
      vertex 115.27039337158203 1.553206443786621 72.96328735351562
      vertex 115.27039337158203 1.553206443786621 74.53155517578125
    endloop
  endfacet
  facet normal 0.9951847574600302 0.09801682773493989 0
    outer loop
      vertex 115.27039337158203 1.553206443786621 72.96328735351562
      vertex 115.42337036132812 0 74.53155517578125
      vertex 115.42337036132812 0 72.96328735351562
    endloop
  endfacet
  facet normal 0.5479160483833864 -0.4496650181042736 -0.7054001526915187
    outer loop
      vertex 111.83470153808594 -4.372806549072266 68.67227172851562
      vertex 111.68172454833984 -2.8196001052856445 67.56333923339844
      vertex 112.60377502441406 -3.4356918334960938 68.67227172851562
    endloop
  endfacet
  facet normal 0.5547434068572924 0.05463827715628895 -0.83022551828871
    outer loop
      vertex 112.53704071044922 0 67.56333923339844
      vertex 111.23307037353516 0 66.69204711914062
      vertex 112.43952178955078 0.9901113510131836 67.56333923339844
    endloop
  endfacet
  facet normal -0.20575611305797126 -0.6782884244805055 -0.7054000532712121
    outer loop
      vertex 106.25543975830078 -6.065258026123047 68.67227172851562
      vertex 105.51972198486328 -4.688823699951172 67.56333923339844
      vertex 106.47178649902344 -4.977628707885742 67.56333923339844
    endloop
  endfacet
  facet normal -0.1728548296327219 -0.09239201789876722 -0.9806043661442858
    outer loop
      vertex 105.53099060058594 -1.2901878356933594 66.0918960571289
      vertex 105.31639099121094 -0.8886966705322266 66.0918960571289
      vertex 106.80990600585938 -0.43564319610595703 65.78594207763672
    endloop
  endfacet
  facet normal -0.5334250008697193 0.16181162150372014 -0.8302257329145349
    outer loop
      vertex 103.76318359375 0.7357187271118164 66.69204711914062
      vertex 102.48426818847656 0.9901113510131836 67.56333923339844
      vertex 102.7730712890625 1.942173957824707 67.56333923339844
    endloop
  endfacet
  facet normal 0.3341303824610549 -0.6251138528975156 -0.7054002824156311
    outer loop
      vertex 110.89759063720703 -5.141877174377441 68.67227172851562
      vertex 109.40406799316406 -4.688823699951172 67.56333923339844
      vertex 110.281494140625 -4.219829559326172 67.56333923339844
    endloop
  endfacet
  facet normal 0.8847204401730661 0.26837602812703704 0.381108974266852
    outer loop
      vertex 114.7421646118164 1.7715246677398682 76.40357208251953
      vertex 114.53467559814453 2.929640769958496 76.0697021484375
      vertex 114.4777603149414 2.906064748764038 76.21842956542969
    endloop
  endfacet
  facet normal 0.8847165083343019 0.26837762984345126 0.38111697375001885
    outer loop
      vertex 114.53467559814453 2.929640769958496 76.0697021484375
      vertex 114.7421646118164 1.7715246677398682 76.40357208251953
      vertex 114.97032165527344 1.4935178756713867 76.0697021484375
    endloop
  endfacet
  facet normal 0.5865160284957224 0.714670744598091 -0.3811097940662444
    outer loop
      vertex 112.45079803466797 4.988899230957031 69.97624969482422
      vertex 111.38165283203125 5.866325378417969 69.97624969482422
      vertex 112.87516784667969 5.413271903991699 71.42514038085938
    endloop
  endfacet
  facet normal -0.24172150308617363 -0.7968504956722995 -0.5537147302470575
    outer loop
      vertex 106.25543975830078 -6.065258026123047 68.67227172851562
      vertex 105.56299591064453 -6.761314868927002 69.97624969482422
      vertex 105.11844635009766 -6.410161018371582 69.66497039794922
    endloop
  endfacet
  facet normal -0.24172015705863767 -0.7968511558054386 -0.5537143678496017
    outer loop
      vertex 105.56299591064453 -6.761314868927002 69.97624969482422
      vertex 106.25543975830078 -6.065258026123047 68.67227172851562
      vertex 106.08546447753906 -6.919802665710449 69.97624969482422
    endloop
  endfacet
  facet normal 0.28475722776803963 -0.9387256346282655 -0.19418420153457633
    outer loop
      vertex 108.95541381835938 -7.508423805236816 71.42514038085938
      vertex 109.82892608642578 -7.561628818511963 72.96328735351562
      vertex 108.99237060546875 -7.694222927093506 72.37752532958984
    endloop
  endfacet
  facet normal 0.28475869817007543 -0.9387250202484789 -0.19418501532295598
    outer loop
      vertex 109.82892608642578 -7.561628818511963 72.96328735351562
      vertex 108.95541381835938 -7.508423805236816 71.42514038085938
      vertex 110.50862121582031 -7.355445861816406 72.96328735351562
    endloop
  endfacet
  facet normal -0.0694749849686765 -0.7053966177710038 -0.7053997718321368
    outer loop
      vertex 107.46189880371094 -6.184082984924316 68.67227172851562
      vertex 106.25543975830078 -6.065258026123047 68.67227172851562
      vertex 106.47178649902344 -4.977628707885742 67.56333923339844
    endloop
  endfacet
  facet normal 0.6436897744312083 -0.5282628905367983 -0.5537163468549641
    outer loop
      vertex 112.45079803466797 -4.988899230957031 69.97624969482422
      vertex 111.83470153808594 -4.372806549072266 68.67227172851562
      vertex 113.3282241821289 -3.919753074645996 69.97624969482422
    endloop
  endfacet
  facet normal 0.8651343163367413 -0.46242164536710884 -0.19418763243969783
    outer loop
      vertex 114.81734466552734 -3.046725273132324 72.96328735351562
      vertex 113.82723236083984 -4.253180503845215 71.42514038085938
      vertex 114.53467559814453 -2.929640769958496 71.42514038085938
    endloop
  endfacet
  facet normal 0.6251130585090335 0.33413085073824744 -0.7054007645774256
    outer loop
      vertex 113.17524719238281 2.3665456771850586 68.67227172851562
      vertex 112.15071868896484 1.942173957824707 67.56333923339844
      vertex 112.60377502441406 3.4356918334960938 68.67227172851562
    endloop
  endfacet
  facet normal 0.5334250008697193 0.16181162150372014 -0.8302257329145349
    outer loop
      vertex 112.43952178955078 0.9901113510131836 67.56333923339844
      vertex 111.16060638427734 0.7357187271118164 66.69204711914062
      vertex 112.15071868896484 1.942173957824707 67.56333923339844
    endloop
  endfacet
  facet normal 0.03766431227393052 0.3824110932799524 -0.9232243255663074
    outer loop
      vertex 108.19761657714844 3.698711395263672 66.69204711914062
      vertex 107.46189880371094 2.322277069091797 66.0918960571289
      vertex 107.46189880371094 3.7711734771728516 66.69204711914062
    endloop
  endfacet
  facet normal 0.9387253286657403 0.2847558980418679 0.19418763053234597
    outer loop
      vertex 114.81734466552734 3.046725273132324 74.53155517578125
      vertex 114.53467559814453 2.929640769958496 76.0697021484375
      vertex 115.27039337158203 1.553206443786621 74.53155517578125
    endloop
  endfacet
  facet normal 0.884719703000597 0.2683785989414169 -0.38110887519549813
    outer loop
      vertex 114.97032165527344 1.4935178756713867 71.42514038085938
      vertex 113.98020935058594 2.6999731063842773 69.97624969482422
      vertex 114.53467559814453 2.929640769958496 71.42514038085938
    endloop
  endfacet
  facet normal 0.7968514568454466 -0.24171946063770283 -0.5537142386396683
    outer loop
      vertex 113.98020935058594 -2.6999731063842773 69.97624969482422
      vertex 113.17524719238281 -2.3665456771850586 68.67227172851562
      vertex 113.52715301513672 -1.2064542770385742 68.67227172851562
    endloop
  endfacet
  facet normal 0.24377289485099676 0.2970387317139358 -0.9232241155850195
    outer loop
      vertex 110.1285171508789 2.6666221618652344 66.69204711914062
      vertex 109.10399627685547 1.6420974731445312 66.0918960571289
      vertex 109.55704498291016 3.1356163024902344 66.69204711914062
    endloop
  endfacet
  facet normal 0.7582998450591159 -0.6223153126774077 0.1941777448384366
    outer loop
      vertex 113.60660552978516 -4.6659440994262695 75.60844421386719
      vertex 112.99980926513672 -5.537909507751465 75.18355560302734
      vertex 113.09150695800781 -5.62961483001709 74.53155517578125
    endloop
  endfacet
  facet normal 0.9762420071969254 -0.09614886667687511 -0.19418274594018495
    outer loop
      vertex 115.27039337158203 -1.553206443786621 72.96328735351562
      vertex 114.97032165527344 -1.4935178756713867 71.42514038085938
      vertex 115.11741638183594 0 71.42514038085938
    endloop
  endfacet
  facet normal -0.5479184635369677 -0.44966711982260515 -0.7053969369551666
    outer loop
      vertex 103.1429672241211 -3.8257906436920166 68.28172302246094
      vertex 103.87322235107422 -3.588669776916504 67.56333923339844
      vertex 103.29164123535156 -4.170257091522217 68.38582611083984
    endloop
  endfacet
  facet normal -0.5479198316171421 -0.44966458416812227 -0.705397490685608
    outer loop
      vertex 103.87322235107422 -3.588669776916504 67.56333923339844
      vertex 103.1429672241211 -3.8257906436920166 68.28172302246094
      vertex 103.2420654296875 -2.8196001052856445 67.56333923339844
    endloop
  endfacet
  facet normal 0.2417229776950343 -0.7968497170901089 -0.55371520696804
    outer loop
      vertex 108.83833312988281 -6.919802665710449 69.97624969482422
      vertex 108.66835021972656 -6.065258026123047 68.67227172851562
      vertex 110.161865234375 -6.518311500549316 69.97624969482422
    endloop
  endfacet
  facet normal -0.4496637499100013 -0.5479190491167859 -0.7053986303019256
    outer loop
      vertex 103.39192962646484 -4.3429789543151855 68.4560546875
      vertex 103.87322235107422 -3.588669776916504 67.56333923339844
      vertex 104.64229583740234 -4.219829559326172 67.56333923339844
    endloop
  endfacet
  facet normal -0.4496746522539301 -0.5479111391020745 -0.705397824470826
    outer loop
      vertex 103.87322235107422 -3.588669776916504 67.56333923339844
      vertex 103.39192962646484 -4.3429789543151855 68.4560546875
      vertex 103.29164123535156 -4.170257091522217 68.38582611083984
    endloop
  endfacet
  facet normal 0.18114026196849042 -0.3388879559101558 -0.923224327470319
    outer loop
      vertex 109.55704498291016 -3.1356163024902344 66.69204711914062
      vertex 108.35059356689453 -2.1455039978027344 66.0918960571289
      vertex 108.75208282470703 -1.9309024810791016 66.0918960571289
    endloop
  endfacet
  facet normal -0.2057577193348807 -0.6782886955670582 -0.7053993240711585
    outer loop
      vertex 106.25543975830078 -6.065258026123047 68.67227172851562
      vertex 105.09535217285156 -5.713347434997559 68.67227172851562
      vertex 105.51972198486328 -4.688823699951172 67.56333923339844
    endloop
  endfacet
  facet normal -0.38241019289540773 -0.03766618970187391 -0.9232246219220106
    outer loop
      vertex 105.18424224853516 -0.45305347442626953 66.0918960571289
      vertex 103.76318359375 -0.7357187271118164 66.69204711914062
      vertex 105.13961791992188 0 66.0918960571289
    endloop
  endfacet
  facet normal -0.09239286397934168 0.1728540550531539 -0.9806044229644164
    outer loop
      vertex 107.16181945800781 0.7244482040405273 65.78594207763672
      vertex 106.17170715332031 1.9309024810791016 66.0918960571289
      vertex 106.57319641113281 2.1455039978027344 66.0918960571289
    endloop
  endfacet
  facet normal -0.5547433855760923 0.054638977168674066 -0.8302254864393989
    outer loop
      vertex 103.69071960449219 0 66.69204711914062
      vertex 102.38674926757812 0 67.56333923339844
      vertex 103.76318359375 0.7357187271118164 66.69204711914062
    endloop
  endfacet
  facet normal -0.5547433855760923 -0.054638977168674066 -0.8302254864393989
    outer loop
      vertex 103.76318359375 -0.7357187271118164 66.69204711914062
      vertex 102.38674926757812 0 67.56333923339844
      vertex 103.69071960449219 0 66.69204711914062
    endloop
  endfacet
  facet normal 0.03766503171591805 -0.38241075671804153 -0.9232244356234154
    outer loop
      vertex 108.19761657714844 -3.698711395263672 66.69204711914062
      vertex 107.46189880371094 -2.322277069091797 66.0918960571289
      vertex 107.91494750976562 -2.2776546478271484 66.0918960571289
    endloop
  endfacet
  facet normal -0.18114026196849042 -0.3388879559101558 -0.923224327470319
    outer loop
      vertex 106.57319641113281 -2.1455039978027344 66.0918960571289
      vertex 105.36674499511719 -3.1356163024902344 66.69204711914062
      vertex 106.17170715332031 -1.9309024810791016 66.0918960571289
    endloop
  endfacet
  facet normal 0.09061961626226368 0.9200780127811083 -0.38110961093266404
    outer loop
      vertex 107.46189880371094 7.0553693771362305 69.97624969482422
      vertex 107.52993774414062 7.619151592254639 71.353515625
      vertex 108.83833312988281 6.919802665710449 69.97624969482422
    endloop
  endfacet
  facet normal 0.09063146253822314 0.9200768078480953 -0.3811097029179941
    outer loop
      vertex 107.52993774414062 7.619151592254639 71.353515625
      vertex 107.46189880371094 7.0553693771362305 69.97624969482422
      vertex 107.46189880371094 7.606118202209473 71.30587005615234
    endloop
  endfacet
  facet normal -0.16181230318028422 0.5334247938227409 -0.8302257330838753
    outer loop
      vertex 106.7261734008789 3.698711395263672 66.69204711914062
      vertex 105.51972198486328 4.688823699951172 67.56333923339844
      vertex 106.47178649902344 4.977628707885742 67.56333923339844
    endloop
  endfacet
  facet normal -0.33412906443327406 0.6251157061351574 -0.7053992644198662
    outer loop
      vertex 105.51972198486328 4.688823699951172 67.56333923339844
      vertex 104.02619934082031 5.141877174377441 68.67227172851562
      vertex 105.09535217285156 5.713347434997559 68.67227172851562
    endloop
  endfacet
  facet normal 0.8651413593488978 0.4624111211018357 0.19418131585012177
    outer loop
      vertex 113.96334838867188 4.087319850921631 75.85823822021484
      vertex 114.08161926269531 4.423159599304199 74.53155517578125
      vertex 113.8727035522461 4.283563137054443 75.79476928710938
    endloop
  endfacet
  facet normal 0.8651323770317282 0.4624266152711607 0.19418443732773655
    outer loop
      vertex 114.08161926269531 4.423159599304199 74.53155517578125
      vertex 113.96334838867188 4.087319850921631 75.85823822021484
      vertex 114.81734466552734 3.046725273132324 74.53155517578125
    endloop
  endfacet
  facet normal 0.9387247828358638 0.28476097136146294 0.19418282951650612
    outer loop
      vertex 115.27039337158203 1.553206443786621 74.53155517578125
      vertex 114.53467559814453 2.929640769958496 76.0697021484375
      vertex 114.97032165527344 1.4935178756713867 76.0697021484375
    endloop
  endfacet
  facet normal 0.8153636952535838 0.43581882536839506 -0.38110890296204497
    outer loop
      vertex 113.98020935058594 2.6999731063842773 69.97624969482422
      vertex 113.82723236083984 4.253180503845215 71.42514038085938
      vertex 114.53467559814453 2.929640769958496 71.42514038085938
    endloop
  endfacet
  facet normal 0.9387253286657403 0.2847558980418679 -0.19418763053234597
    outer loop
      vertex 115.27039337158203 1.553206443786621 72.96328735351562
      vertex 114.53467559814453 2.929640769958496 71.42514038085938
      vertex 114.81734466552734 3.046725273132324 72.96328735351562
    endloop
  endfacet
  facet normal 0.9387247828358638 0.28476097136146294 -0.19418282951650612
    outer loop
      vertex 114.97032165527344 1.4935178756713867 71.42514038085938
      vertex 114.53467559814453 2.929640769958496 71.42514038085938
      vertex 115.27039337158203 1.553206443786621 72.96328735351562
    endloop
  endfacet
  facet normal 0.5865160284957224 -0.714670744598091 -0.3811097940662444
    outer loop
      vertex 112.87516784667969 -5.413271903991699 71.42514038085938
      vertex 111.38165283203125 -5.866325378417969 69.97624969482422
      vertex 112.45079803466797 -4.988899230957031 69.97624969482422
    endloop
  endfacet
  facet normal 0.09615104884388113 -0.9762414719487161 -0.19418435635659612
    outer loop
      vertex 108.41989135742188 -7.670872688293457 71.97666931152344
      vertex 107.63223266601562 -7.638745307922363 71.42514038085938
      vertex 108.95541381835938 -7.508423805236816 71.42514038085938
    endloop
  endfacet
  facet normal 0.09061486013211982 -0.9200768534866909 -0.3811135405640513
    outer loop
      vertex 108.83833312988281 -6.919802665710449 69.97624969482422
      vertex 107.63223266601562 -7.638745307922363 71.42514038085938
      vertex 107.52993774414062 -7.619151592254639 71.353515625
    endloop
  endfacet
  facet normal 0.09061942846152136 -0.9200777869003643 -0.38111020091022907
    outer loop
      vertex 107.63223266601562 -7.638745307922363 71.42514038085938
      vertex 108.83833312988281 -6.919802665710449 69.97624969482422
      vertex 108.95541381835938 -7.508423805236816 71.42514038085938
    endloop
  endfacet
  facet normal -0.26837387485207026 -0.884717414410659 -0.38111751460068555
    outer loop
      vertex 106.05747985839844 -7.060465335845947 70.3224868774414
      vertex 105.56299591064453 -6.761314868927002 69.97624969482422
      vertex 106.08546447753906 -6.919802665710449 69.97624969482422
    endloop
  endfacet
  facet normal 0.4358178014135491 -0.8153626756107022 -0.38111225536843757
    outer loop
      vertex 110.39154052734375 -7.072780609130859 71.42514038085938
      vertex 110.161865234375 -6.518311500549316 69.97624969482422
      vertex 111.38165283203125 -5.866325378417969 69.97624969482422
    endloop
  endfacet
  facet normal 0.26837789857675803 -0.8847187577836991 -0.38111156264431506
    outer loop
      vertex 110.39154052734375 -7.072780609130859 71.42514038085938
      vertex 108.83833312988281 -6.919802665710449 69.97624969482422
      vertex 110.161865234375 -6.518311500549316 69.97624969482422
    endloop
  endfacet
  facet normal 0.8651327048566998 -0.4624267904986704 -0.19418255950632946
    outer loop
      vertex 114.08161926269531 -4.423159599304199 72.96328735351562
      vertex 113.82723236083984 -4.253180503845215 71.42514038085938
      vertex 114.81734466552734 -3.046725273132324 72.96328735351562
    endloop
  endfacet
  facet normal 0.758297043018842 -0.6223173920414983 0.19418202314207267
    outer loop
      vertex 113.60660552978516 -4.6659440994262695 75.60844421386719
      vertex 114.08161926269531 -4.423159599304199 74.53155517578125
      vertex 113.8727035522461 -4.283563137054443 75.79476928710938
    endloop
  endfacet
  facet normal 0.7582966211672656 -0.6223180074216437 0.19418169832675683
    outer loop
      vertex 114.08161926269531 -4.423159599304199 74.53155517578125
      vertex 113.60660552978516 -4.6659440994262695 75.60844421386719
      vertex 113.09150695800781 -5.62961483001709 74.53155517578125
    endloop
  endfacet
  facet normal 0.6223166575450514 -0.7582983396800803 0.1941793134718232
    outer loop
      vertex 112.99980926513672 -5.537909507751465 75.18355560302734
      vertex 112.6974868774414 -5.840224742889404 74.97187042236328
      vertex 113.09150695800781 -5.62961483001709 74.53155517578125
    endloop
  endfacet
  facet normal 0.0961510658620881 -0.9762414734702821 -0.1941843402804578
    outer loop
      vertex 108.99237060546875 -7.694222927093506 72.37752532958984
      vertex 108.41989135742188 -7.670872688293457 71.97666931152344
      vertex 108.95541381835938 -7.508423805236816 71.42514038085938
    endloop
  endfacet
  facet normal 0.7968502861602921 -0.24172078276907902 -0.5537153462057595
    outer loop
      vertex 113.98020935058594 -2.6999731063842773 69.97624969482422
      vertex 113.52715301513672 -1.2064542770385742 68.67227172851562
      vertex 114.38169860839844 -1.376434326171875 69.97624969482422
    endloop
  endfacet
  facet normal 0.6436893567235737 -0.5282644797476431 -0.5537153162751993
    outer loop
      vertex 113.3282241821289 -3.919753074645996 69.97624969482422
      vertex 111.83470153808594 -4.372806549072266 68.67227172851562
      vertex 112.60377502441406 -3.4356918334960938 68.67227172851562
    endloop
  endfacet
  facet normal 0.1115456825893282 -0.36771519606722947 -0.9232242930495924
    outer loop
      vertex 108.90505981445312 -3.484109878540039 66.69204711914062
      vertex 108.19761657714844 -3.698711395263672 66.69204711914062
      vertex 108.35059356689453 -2.1455039978027344 66.0918960571289
    endloop
  endfacet
  facet normal -0.19505368876919016 -0.01921216897385377 -0.9806043805025817
    outer loop
      vertex 105.18424224853516 -0.45305347442626953 66.0918960571289
      vertex 105.13961791992188 0 66.0918960571289
      vertex 106.69282531738281 -0.15297698974609375 65.78594207763672
    endloop
  endfacet
  facet normal 0.8286963831685957 0.08161932705431334 -0.5537152607383048
    outer loop
      vertex 114.51726531982422 0 69.97624969482422
      vertex 113.52715301513672 1.2064542770385742 68.67227172851562
      vertex 114.38169860839844 1.376434326171875 69.97624969482422
    endloop
  endfacet
  facet normal 0.7343812262694239 0.3925360709706787 -0.5537144096823916
    outer loop
      vertex 113.17524719238281 2.3665456771850586 68.67227172851562
      vertex 112.60377502441406 3.4356918334960938 68.67227172851562
      vertex 113.98020935058594 2.6999731063842773 69.97624969482422
    endloop
  endfacet
  facet normal 0.528264617851804 0.643689299329456 -0.5537152512389754
    outer loop
      vertex 111.83470153808594 4.372806549072266 68.67227172851562
      vertex 110.89759063720703 5.141877174377441 68.67227172851562
      vertex 111.38165283203125 5.866325378417969 69.97624969482422
    endloop
  endfacet
  facet normal 0.06947512562560215 0.7053966712843033 -0.7053997044657244
    outer loop
      vertex 108.45201110839844 4.977628707885742 67.56333923339844
      vertex 107.46189880371094 5.075145721435547 67.56333923339844
      vertex 107.46189880371094 6.184082984924316 68.67227172851562
    endloop
  endfacet
  facet normal -0.4496673830307683 0.5479139706901142 -0.705400258974189
    outer loop
      vertex 104.64229583740234 4.219829559326172 67.56333923339844
      vertex 103.70072937011719 4.874767303466797 68.67227172851562
      vertex 104.02619934082031 5.141877174377441 68.67227172851562
    endloop
  endfacet
  facet normal -0.4496647390584383 0.547916845136204 -0.7053997116979108
    outer loop
      vertex 103.70072937011719 4.874767303466797 68.67227172851562
      vertex 104.64229583740234 4.219829559326172 67.56333923339844
      vertex 103.39192962646484 4.3429789543151855 68.4560546875
    endloop
  endfacet
  facet normal 0.8819196853949418 0.4713996908281623 0
    outer loop
      vertex 114.81734466552734 3.046725273132324 74.53155517578125
      vertex 114.08161926269531 4.423159599304199 72.96328735351562
      vertex 114.08161926269531 4.423159599304199 74.53155517578125
    endloop
  endfacet
  facet normal 0.8819196853949418 0.4713996908281623 0
    outer loop
      vertex 114.08161926269531 4.423159599304199 72.96328735351562
      vertex 114.81734466552734 3.046725273132324 74.53155517578125
      vertex 114.81734466552734 3.046725273132324 72.96328735351562
    endloop
  endfacet
  facet normal 0.6436893567235737 0.5282644797476431 -0.5537153162751993
    outer loop
      vertex 112.60377502441406 3.4356918334960938 68.67227172851562
      vertex 111.83470153808594 4.372806549072266 68.67227172851562
      vertex 113.3282241821289 3.919753074645996 69.97624969482422
    endloop
  endfacet
  facet normal 0.9569412750847439 0.29028158060611553 0
    outer loop
      vertex 115.27039337158203 1.553206443786621 74.53155517578125
      vertex 114.81734466552734 3.046725273132324 72.96328735351562
      vertex 114.81734466552734 3.046725273132324 74.53155517578125
    endloop
  endfacet
  facet normal 0.9569412750847439 0.29028158060611553 0
    outer loop
      vertex 114.81734466552734 3.046725273132324 72.96328735351562
      vertex 115.27039337158203 1.553206443786621 74.53155517578125
      vertex 115.27039337158203 1.553206443786621 72.96328735351562
    endloop
  endfacet
  facet normal 0.9200775347421949 0.09061729731782621 -0.3811113164018329
    outer loop
      vertex 115.11741638183594 0 71.42514038085938
      vertex 114.38169860839844 1.376434326171875 69.97624969482422
      vertex 114.97032165527344 1.4935178756713867 71.42514038085938
    endloop
  endfacet
  facet normal 0.9762413598670925 0.09615107192963554 0.19418490840338748
    outer loop
      vertex 115.27039337158203 1.553206443786621 74.53155517578125
      vertex 115.11741638183594 0 76.0697021484375
      vertex 115.42337036132812 0 74.53155517578125
    endloop
  endfacet
  facet normal 0.9569412750847439 -0.29028158060611553 0
    outer loop
      vertex 114.81734466552734 -3.046725273132324 74.53155517578125
      vertex 115.27039337158203 -1.553206443786621 72.96328735351562
      vertex 115.27039337158203 -1.553206443786621 74.53155517578125
    endloop
  endfacet
  facet normal 0.9569412750847439 -0.29028158060611553 0
    outer loop
      vertex 115.27039337158203 -1.553206443786621 72.96328735351562
      vertex 114.81734466552734 -3.046725273132324 74.53155517578125
      vertex 114.81734466552734 -3.046725273132324 72.96328735351562
    endloop
  endfacet
  facet normal 0.6343881898475561 -0.7730146340866242 -0.00000835844871248288
    outer loop
      vertex 113.09150695800781 -5.62961483001709 72.96328735351562
      vertex 112.06865692138672 -6.469051837921143 74.53155517578125
      vertex 111.88505554199219 -6.619726181030273 74.40299987792969
    endloop
  endfacet
  facet normal 0.634394150098583 -0.773009742707488 0
    outer loop
      vertex 113.09150695800781 -5.62961483001709 72.96328735351562
      vertex 111.88505554199219 -6.619726181030273 74.40299987792969
      vertex 111.88505554199219 -6.619726181030273 72.96328735351562
    endloop
  endfacet
  facet normal 0.6343958476708493 -0.7730083495396312 0
    outer loop
      vertex 112.06865692138672 -6.469051837921143 74.53155517578125
      vertex 113.09150695800781 -5.62961483001709 72.96328735351562
      vertex 113.09150695800781 -5.62961483001709 74.53155517578125
    endloop
  endfacet
  facet normal 0.9951847574600302 -0.09801682773493989 0
    outer loop
      vertex 115.27039337158203 -1.553206443786621 74.53155517578125
      vertex 115.42337036132812 0 72.96328735351562
      vertex 115.42337036132812 0 74.53155517578125
    endloop
  endfacet
  facet normal 0.9951847574600302 -0.09801682773493989 0
    outer loop
      vertex 115.42337036132812 0 72.96328735351562
      vertex 115.27039337158203 -1.553206443786621 74.53155517578125
      vertex 115.27039337158203 -1.553206443786621 72.96328735351562
    endloop
  endfacet
  facet normal 0.9387253286657403 -0.2847558980418679 -0.19418763053234597
    outer loop
      vertex 114.81734466552734 -3.046725273132324 72.96328735351562
      vertex 114.53467559814453 -2.929640769958496 71.42514038085938
      vertex 115.27039337158203 -1.553206443786621 72.96328735351562
    endloop
  endfacet
  facet normal 0.8847204401730661 -0.26837602812703704 0.381108974266852
    outer loop
      vertex 114.53467559814453 -2.929640769958496 76.0697021484375
      vertex 114.7421646118164 -1.7715246677398682 76.40357208251953
      vertex 114.4777603149414 -2.906064748764038 76.21842956542969
    endloop
  endfacet
  facet normal 0.8847165083343019 -0.26837762984345126 0.38111697375001885
    outer loop
      vertex 114.7421646118164 -1.7715246677398682 76.40357208251953
      vertex 114.53467559814453 -2.929640769958496 76.0697021484375
      vertex 114.97032165527344 -1.4935178756713867 76.0697021484375
    endloop
  endfacet
  facet normal -0.08161936793388468 -0.8286967982265745 -0.5537146335316571
    outer loop
      vertex 107.46189880371094 -7.0553693771362305 69.97624969482422
      vertex 106.08546447753906 -6.919802665710449 69.97624969482422
      vertex 106.25543975830078 -6.065258026123047 68.67227172851562
    endloop
  endfacet
  facet normal 0.08161934635185471 -0.8286965791001638 -0.5537149646603222
    outer loop
      vertex 108.83833312988281 -6.919802665710449 69.97624969482422
      vertex 107.46189880371094 -7.0553693771362305 69.97624969482422
      vertex 108.66835021972656 -6.065258026123047 68.67227172851562
    endloop
  endfacet
  facet normal 0.3925331227033221 -0.734382249084639 -0.5537151432010557
    outer loop
      vertex 111.38165283203125 -5.866325378417969 69.97624969482422
      vertex 110.161865234375 -6.518311500549316 69.97624969482422
      vertex 110.89759063720703 -5.141877174377441 68.67227172851562
    endloop
  endfacet
  facet normal 0.06947512562560215 -0.7053966712843033 -0.7053997044657244
    outer loop
      vertex 108.45201110839844 -4.977628707885742 67.56333923339844
      vertex 107.46189880371094 -6.184082984924316 68.67227172851562
      vertex 107.46189880371094 -5.075145721435547 67.56333923339844
    endloop
  endfacet
  facet normal 0.2970383847533323 -0.24377342372787533 -0.9232240875687339
    outer loop
      vertex 110.1285171508789 -2.6666221618652344 66.69204711914062
      vertex 109.10399627685547 -1.6420974731445312 66.0918960571289
      vertex 110.5975112915039 -2.095151901245117 66.69204711914062
    endloop
  endfacet
  facet normal 0.528264617851804 -0.643689299329456 -0.5537152512389754
    outer loop
      vertex 111.38165283203125 -5.866325378417969 69.97624969482422
      vertex 110.89759063720703 -5.141877174377441 68.67227172851562
      vertex 111.83470153808594 -4.372806549072266 68.67227172851562
    endloop
  endfacet
  facet normal -0.5479198316171421 0.44966458416812227 -0.705397490685608
    outer loop
      vertex 103.1429672241211 3.8257906436920166 68.28172302246094
      vertex 103.87322235107422 3.588669776916504 67.56333923339844
      vertex 103.2420654296875 2.8196001052856445 67.56333923339844
    endloop
  endfacet
  facet normal -0.5479184635369677 0.44966711982260515 -0.7053969369551666
    outer loop
      vertex 103.87322235107422 3.588669776916504 67.56333923339844
      vertex 103.1429672241211 3.8257906436920166 68.28172302246094
      vertex 103.29164123535156 4.170257091522217 68.38582611083984
    endloop
  endfacet
  facet normal -0.2970388696351451 0.2437720863983866 -0.9232242846778094
    outer loop
      vertex 105.53099060058594 1.2901878356933594 66.0918960571289
      vertex 104.32627868652344 2.095151901245117 66.69204711914062
      vertex 105.81979370117188 1.6420974731445312 66.0918960571289
    endloop
  endfacet
  facet normal -0.5479140577505147 0.44966717547108803 -0.7054003236625421
    outer loop
      vertex 103.2420654296875 2.8196001052856445 67.56333923339844
      vertex 102.82807922363281 3.0962178707122803 68.06123352050781
      vertex 103.1429672241211 3.8257906436920166 68.28172302246094
    endloop
  endfacet
  facet normal -0.6251127455839789 0.33413195460131795 -0.7054005190122578
    outer loop
      vertex 103.2420654296875 2.8196001052856445 67.56333923339844
      vertex 102.6960220336914 2.6539602279663086 67.9687728881836
      vertex 102.82807922363281 3.0962178707122803 68.06123352050781
    endloop
  endfacet
  facet normal -0.4916067358370372 -0.2627693273861742 -0.8302259318189664
    outer loop
      vertex 103.2420654296875 -2.8196001052856445 67.56333923339844
      vertex 102.7730712890625 -1.942173957824707 67.56333923339844
      vertex 104.32627868652344 -2.095151901245117 66.69204711914062
    endloop
  endfacet
  facet normal -0.6782883423320925 -0.20576119874592458 -0.7053986488128698
    outer loop
      vertex 102.51536560058594 -2.0489187240600586 67.84227752685547
      vertex 102.46800994873047 -1.7791141271591187 67.80911254882812
      vertex 102.7730712890625 -1.942173957824707 67.56333923339844
    endloop
  endfacet
  facet normal -0.3824106506246496 0.03766521125229711 -0.9232244722439673
    outer loop
      vertex 105.13961791992188 0 66.0918960571289
      vertex 103.69071960449219 0 66.69204711914062
      vertex 103.76318359375 0.7357187271118164 66.69204711914062
    endloop
  endfacet
  facet normal -0.2437726369641825 -0.2970384174773088 -0.9232242847813877
    outer loop
      vertex 105.36674499511719 -3.1356163024902344 66.69204711914062
      vertex 104.79527282714844 -2.6666221618652344 66.69204711914062
      vertex 106.17170715332031 -1.9309024810791016 66.0918960571289
    endloop
  endfacet
  facet normal -0.18114026196849042 0.3388879559101558 -0.923224327470319
    outer loop
      vertex 106.17170715332031 1.9309024810791016 66.0918960571289
      vertex 105.36674499511719 3.1356163024902344 66.69204711914062
      vertex 106.57319641113281 2.1455039978027344 66.0918960571289
    endloop
  endfacet
  facet normal -0.09062256462260326 0.9200775559347593 -0.38111001278678314
    outer loop
      vertex 107.46189880371094 7.0553693771362305 69.97624969482422
      vertex 107.12347412109375 7.474632263183594 71.06890869140625
      vertex 107.46189880371094 7.606118202209473 71.30587005615234
    endloop
  endfacet
  facet normal -0.09061962786750488 0.9200781306113056 -0.381109323706414
    outer loop
      vertex 107.12347412109375 7.474632263183594 71.06890869140625
      vertex 107.46189880371094 7.0553693771362305 69.97624969482422
      vertex 106.08546447753906 6.919802665710449 69.97624969482422
    endloop
  endfacet
  facet normal -0.0694749849686765 0.7053966177710038 -0.7053997718321368
    outer loop
      vertex 106.47178649902344 4.977628707885742 67.56333923339844
      vertex 106.25543975830078 6.065258026123047 68.67227172851562
      vertex 107.46189880371094 6.184082984924316 68.67227172851562
    endloop
  endfacet
  facet normal 0.08161939859620289 0.8286965971132374 -0.5537149300007496
    outer loop
      vertex 108.66835021972656 6.065258026123047 68.67227172851562
      vertex 107.46189880371094 6.184082984924316 68.67227172851562
      vertex 107.46189880371094 7.0553693771362305 69.97624969482422
    endloop
  endfacet
  facet normal 0.8153616265069998 0.4358218681300624 0.3811098493603677
    outer loop
      vertex 114.53467559814453 2.929640769958496 76.0697021484375
      vertex 114.26534271240234 3.4335248470306396 76.0697021484375
      vertex 114.4777603149414 2.906064748764038 76.21842956542969
    endloop
  endfacet
  facet normal -0.39253563370721145 -0.7343853583480054 -0.5537092393252523
    outer loop
      vertex 104.23876190185547 -5.539546489715576 69.04901123046875
      vertex 103.95905303955078 -5.242370128631592 68.85315704345703
      vertex 104.02619934082031 -5.141877174377441 68.67227172851562
    endloop
  endfacet
  facet normal 0.47139683925789255 -0.8819212095973589 0
    outer loop
      vertex 111.88505554199219 -6.619726181030273 72.96328735351562
      vertex 110.50862121582031 -7.355445861816406 73.439208984375
      vertex 110.50862121582031 -7.355445861816406 72.96328735351562
    endloop
  endfacet
  facet normal 0.4713968392578925 -0.8819212095973589 0
    outer loop
      vertex 110.50862121582031 -7.355445861816406 73.439208984375
      vertex 111.88505554199219 -6.619726181030273 72.96328735351562
      vertex 111.88505554199219 -6.619726181030273 74.40299987792969
    endloop
  endfacet
  facet normal 0.6223201469159908 -0.7582941651005002 0.19418443273598182
    outer loop
      vertex 112.6974868774414 -5.840224742889404 74.97187042236328
      vertex 112.06865692138672 -6.469051837921143 74.53155517578125
      vertex 113.09150695800781 -5.62961483001709 74.53155517578125
    endloop
  endfacet
  facet normal 0.46242574073503795 -0.8651323262630738 -0.19418674609842373
    outer loop
      vertex 111.88505554199219 -6.619726181030273 72.96328735351562
      vertex 110.39154052734375 -7.072780609130859 71.42514038085938
      vertex 111.71507263183594 -6.365333557128906 71.42514038085938
    endloop
  endfacet
  facet normal 0.43582273437937424 -0.8153619118015355 -0.3811082483775842
    outer loop
      vertex 111.71507263183594 -6.365333557128906 71.42514038085938
      vertex 110.39154052734375 -7.072780609130859 71.42514038085938
      vertex 111.38165283203125 -5.866325378417969 69.97624969482422
    endloop
  endfacet
  facet normal 0.7343812262694239 -0.3925360709706787 -0.5537144096823916
    outer loop
      vertex 113.98020935058594 -2.6999731063842773 69.97624969482422
      vertex 112.60377502441406 -3.4356918334960938 68.67227172851562
      vertex 113.17524719238281 -2.3665456771850586 68.67227172851562
    endloop
  endfacet
  facet normal 0.7343813212361382 -0.3925345077769855 -0.5537153918970859
    outer loop
      vertex 113.3282241821289 -3.919753074645996 69.97624969482422
      vertex 112.60377502441406 -3.4356918334960938 68.67227172851562
      vertex 113.98020935058594 -2.6999731063842773 69.97624969482422
    endloop
  endfacet
  facet normal 0.1115456825893282 0.36771519606722947 -0.9232242930495924
    outer loop
      vertex 108.35059356689453 2.1455039978027344 66.0918960571289
      vertex 108.19761657714844 3.698711395263672 66.69204711914062
      vertex 108.90505981445312 3.484109878540039 66.69204711914062
    endloop
  endfacet
  facet normal 0.18114026196849042 0.3388879559101558 -0.923224327470319
    outer loop
      vertex 108.75208282470703 1.9309024810791016 66.0918960571289
      vertex 108.35059356689453 2.1455039978027344 66.0918960571289
      vertex 109.55704498291016 3.1356163024902344 66.69204711914062
    endloop
  endfacet
  facet normal 0.705395848502242 0.06947685659196871 -0.7054003567577075
    outer loop
      vertex 113.64598083496094 0 68.67227172851562
      vertex 112.43952178955078 0.9901113510131836 67.56333923339844
      vertex 113.52715301513672 1.2064542770385742 68.67227172851562
    endloop
  endfacet
  facet normal 0.7053956958475853 -0.06947645534521603 -0.7054005489311481
    outer loop
      vertex 113.64598083496094 0 68.67227172851562
      vertex 112.43952178955078 -0.9901113510131836 67.56333923339844
      vertex 112.53704071044922 0 67.56333923339844
    endloop
  endfacet
  facet normal 0.7343813212361382 0.3925345077769855 -0.5537153918970859
    outer loop
      vertex 113.98020935058594 2.6999731063842773 69.97624969482422
      vertex 112.60377502441406 3.4356918334960938 68.67227172851562
      vertex 113.3282241821289 3.919753074645996 69.97624969482422
    endloop
  endfacet
  facet normal 0.6251137752753816 0.3341303409711516 -0.7054003708557726
    outer loop
      vertex 112.15071868896484 1.942173957824707 67.56333923339844
      vertex 111.68172454833984 2.8196001052856445 67.56333923339844
      vertex 112.60377502441406 3.4356918334960938 68.67227172851562
    endloop
  endfacet
  facet normal 0.5865146243341818 0.7146730538761713 -0.3811076245700692
    outer loop
      vertex 112.87516784667969 5.413271903991699 71.42514038085938
      vertex 111.38165283203125 5.866325378417969 69.97624969482422
      vertex 111.71507263183594 6.365333557128906 71.42514038085938
    endloop
  endfacet
  facet normal 0.5282632638990739 0.6436896552049173 -0.5537161292547582
    outer loop
      vertex 111.83470153808594 4.372806549072266 68.67227172851562
      vertex 111.38165283203125 5.866325378417969 69.97624969482422
      vertex 112.45079803466797 4.988899230957031 69.97624969482422
    endloop
  endfacet
  facet normal 0.5479188359454339 0.44966376704437755 -0.7053987849604367
    outer loop
      vertex 111.68172454833984 2.8196001052856445 67.56333923339844
      vertex 111.05056762695312 3.588669776916504 67.56333923339844
      vertex 111.83470153808594 4.372806549072266 68.67227172851562
    endloop
  endfacet
  facet normal 0.3925331227033221 0.734382249084639 -0.5537151432010557
    outer loop
      vertex 110.89759063720703 5.141877174377441 68.67227172851562
      vertex 110.161865234375 6.518311500549316 69.97624969482422
      vertex 111.38165283203125 5.866325378417969 69.97624969482422
    endloop
  endfacet
  facet normal -0.1515083047637475 0.12433893114496097 -0.9806044379816686
    outer loop
      vertex 106.90742492675781 0.5544681549072266 65.78594207763672
      vertex 105.53099060058594 1.2901878356933594 66.0918960571289
      vertex 105.81979370117188 1.6420974731445312 66.0918960571289
    endloop
  endfacet
  facet normal -0.06947512562560215 0.7053966712843033 -0.7053997044657244
    outer loop
      vertex 107.46189880371094 5.075145721435547 67.56333923339844
      vertex 106.47178649902344 4.977628707885742 67.56333923339844
      vertex 107.46189880371094 6.184082984924316 68.67227172851562
    endloop
  endfacet
  facet normal 0.2683762113772975 0.8847199925537937 -0.3811098843409642
    outer loop
      vertex 110.39154052734375 7.072780609130859 71.42514038085938
      vertex 108.83833312988281 6.919802665710449 69.97624969482422
      vertex 108.95541381835938 7.508423805236816 71.42514038085938
    endloop
  endfacet
  facet normal 0.7146710745541317 0.5865157761137507 -0.38110956372849975
    outer loop
      vertex 113.3282241821289 3.919753074645996 69.97624969482422
      vertex 112.45079803466797 4.988899230957031 69.97624969482422
      vertex 112.87516784667969 5.413271903991699 71.42514038085938
    endloop
  endfacet
  facet normal 0.9762420071969254 0.09614886667687511 -0.19418274594018495
    outer loop
      vertex 115.11741638183594 0 71.42514038085938
      vertex 114.97032165527344 1.4935178756713867 71.42514038085938
      vertex 115.27039337158203 1.553206443786621 72.96328735351562
    endloop
  endfacet
  facet normal 0.9762420071969254 -0.09614886667687511 0.19418274594018495
    outer loop
      vertex 115.11741638183594 0 76.0697021484375
      vertex 114.97032165527344 -1.4935178756713867 76.0697021484375
      vertex 115.27039337158203 -1.553206443786621 74.53155517578125
    endloop
  endfacet
  facet normal 0.9762413598670925 -0.09615107192963554 0.19418490840338748
    outer loop
      vertex 115.42337036132812 0 74.53155517578125
      vertex 115.11741638183594 0 76.0697021484375
      vertex 115.27039337158203 -1.553206443786621 74.53155517578125
    endloop
  endfacet
  facet normal 0.8819196853949418 -0.4713996908281623 0
    outer loop
      vertex 114.08161926269531 -4.423159599304199 74.53155517578125
      vertex 114.81734466552734 -3.046725273132324 72.96328735351562
      vertex 114.81734466552734 -3.046725273132324 74.53155517578125
    endloop
  endfacet
  facet normal 0.8819196853949418 -0.4713996908281623 0
    outer loop
      vertex 114.81734466552734 -3.046725273132324 72.96328735351562
      vertex 114.08161926269531 -4.423159599304199 74.53155517578125
      vertex 114.08161926269531 -4.423159599304199 72.96328735351562
    endloop
  endfacet
  facet normal 0.9387253286657403 -0.2847558980418679 0.19418763053234597
    outer loop
      vertex 115.27039337158203 -1.553206443786621 74.53155517578125
      vertex 114.53467559814453 -2.929640769958496 76.0697021484375
      vertex 114.81734466552734 -3.046725273132324 74.53155517578125
    endloop
  endfacet
  facet normal 0.8651413593488978 -0.4624111211018357 0.19418131585012177
    outer loop
      vertex 114.08161926269531 -4.423159599304199 74.53155517578125
      vertex 113.96334838867188 -4.087319850921631 75.85823822021484
      vertex 113.8727035522461 -4.283563137054443 75.79476928710938
    endloop
  endfacet
  facet normal 0.8651323770317282 -0.4624266152711607 0.19418443732773655
    outer loop
      vertex 113.96334838867188 -4.087319850921631 75.85823822021484
      vertex 114.08161926269531 -4.423159599304199 74.53155517578125
      vertex 114.81734466552734 -3.046725273132324 74.53155517578125
    endloop
  endfacet
  facet normal -0.06947512562560215 -0.7053966712843033 -0.7053997044657244
    outer loop
      vertex 107.46189880371094 -6.184082984924316 68.67227172851562
      vertex 106.47178649902344 -4.977628707885742 67.56333923339844
      vertex 107.46189880371094 -5.075145721435547 67.56333923339844
    endloop
  endfacet
  facet normal 0.08161939859620289 -0.8286965971132374 -0.5537149300007496
    outer loop
      vertex 108.66835021972656 -6.065258026123047 68.67227172851562
      vertex 107.46189880371094 -7.0553693771362305 69.97624969482422
      vertex 107.46189880371094 -6.184082984924316 68.67227172851562
    endloop
  endfacet
  facet normal -0.17285667760030646 0.09238608356743004 -0.9806045995058638
    outer loop
      vertex 106.7374496459961 0.3000755310058594 65.78594207763672
      vertex 105.31639099121094 0.8886966705322266 66.0918960571289
      vertex 106.80990600585938 0.43564319610595703 65.78594207763672
    endloop
  endfacet
  facet normal -0.16181230318028422 -0.5334247938227409 -0.8302257330838753
    outer loop
      vertex 106.47178649902344 -4.977628707885742 67.56333923339844
      vertex 105.51972198486328 -4.688823699951172 67.56333923339844
      vertex 106.7261734008789 -3.698711395263672 66.69204711914062
    endloop
  endfacet
  facet normal -0.39253455358032124 -0.7343854239678507 -0.5537099180157947
    outer loop
      vertex 105.09535217285156 -5.713347434997559 68.67227172851562
      vertex 104.23876190185547 -5.539546489715576 69.04901123046875
      vertex 104.02619934082031 -5.141877174377441 68.67227172851562
    endloop
  endfacet
  facet normal -0.3925358817893195 -0.7343808439568894 -0.5537150508493047
    outer loop
      vertex 104.23876190185547 -5.539546489715576 69.04901123046875
      vertex 105.09535217285156 -5.713347434997559 68.67227172851562
      vertex 104.8835678100586 -6.2246294021606445 69.5005111694336
    endloop
  endfacet
  facet normal -0.33412906443327406 -0.6251157061351574 -0.7053992644198662
    outer loop
      vertex 105.09535217285156 -5.713347434997559 68.67227172851562
      vertex 104.02619934082031 -5.141877174377441 68.67227172851562
      vertex 105.51972198486328 -4.688823699951172 67.56333923339844
    endloop
  endfacet
  facet normal -0.6251127455839789 -0.33413195460131795 -0.7054005190122578
    outer loop
      vertex 102.82807922363281 -3.0962178707122803 68.06123352050781
      vertex 102.6960220336914 -2.6539602279663086 67.9687728881836
      vertex 103.2420654296875 -2.8196001052856445 67.56333923339844
    endloop
  endfacet
  facet normal -0.533425202073802 -0.16181139491252516 -0.8302256478024431
    outer loop
      vertex 103.977783203125 -1.4431648254394531 66.69204711914062
      vertex 102.7730712890625 -1.942173957824707 67.56333923339844
      vertex 103.76318359375 -0.7357187271118164 66.69204711914062
    endloop
  endfacet
  facet normal 0.35362722448739803 -0.4308968900150323 -0.8302262681201508
    outer loop
      vertex 111.05056762695312 -3.588669776916504 67.56333923339844
      vertex 109.55704498291016 -3.1356163024902344 66.69204711914062
      vertex 110.1285171508789 -2.6666221618652344 66.69204711914062
    endloop
  endfacet
  facet normal 0.6782882486333581 -0.20575411917499625 -0.7054008039465316
    outer loop
      vertex 113.17524719238281 -2.3665456771850586 68.67227172851562
      vertex 112.15071868896484 -1.942173957824707 67.56333923339844
      vertex 113.52715301513672 -1.2064542770385742 68.67227172851562
    endloop
  endfacet
  facet normal -0.16181313860809732 -0.533424051996638 -0.830226046884392
    outer loop
      vertex 106.7261734008789 -3.698711395263672 66.69204711914062
      vertex 105.51972198486328 -4.688823699951172 67.56333923339844
      vertex 106.01873016357422 -3.484109878540039 66.69204711914062
    endloop
  endfacet
  facet normal 0.44966495117653926 -0.5479157747359099 -0.7054004079095421
    outer loop
      vertex 110.89759063720703 -5.141877174377441 68.67227172851562
      vertex 110.281494140625 -4.219829559326172 67.56333923339844
      vertex 111.83470153808594 -4.372806549072266 68.67227172851562
    endloop
  endfacet
  facet normal 0.19505368876919016 0.01921216897385377 -0.9806043805025817
    outer loop
      vertex 109.78417205810547 0 66.0918960571289
      vertex 108.23096466064453 0.15297698974609375 65.78594207763672
      vertex 109.73954772949219 0.45305347442626953 66.0918960571289
    endloop
  endfacet
  facet normal 0.19505372467571466 0.019212563275374617 -0.9806043656350507
    outer loop
      vertex 108.24603271484375 0 65.78594207763672
      vertex 108.23096466064453 0.15297698974609375 65.78594207763672
      vertex 109.78417205810547 0 66.0918960571289
    endloop
  endfacet
  facet normal -0.2057577193348807 0.6782886955670582 -0.7053993240711585
    outer loop
      vertex 105.51972198486328 4.688823699951172 67.56333923339844
      vertex 105.09535217285156 5.713347434997559 68.67227172851562
      vertex 106.25543975830078 6.065258026123047 68.67227172851562
    endloop
  endfacet
  facet normal -0.26276939130211774 0.4916066109321295 -0.8302259855500431
    outer loop
      vertex 106.01873016357422 3.484109878540039 66.69204711914062
      vertex 105.36674499511719 3.1356163024902344 66.69204711914062
      vertex 105.51972198486328 4.688823699951172 67.56333923339844
    endloop
  endfacet
  facet normal -0.3925358817893195 0.7343808439568894 -0.5537150508493047
    outer loop
      vertex 105.09535217285156 5.713347434997559 68.67227172851562
      vertex 104.23876190185547 5.539546489715576 69.04901123046875
      vertex 104.8835678100586 6.2246294021606445 69.5005111694336
    endloop
  endfacet
  facet normal -0.39253455358032124 0.7343854239678507 -0.5537099180157947
    outer loop
      vertex 104.23876190185547 5.539546489715576 69.04901123046875
      vertex 105.09535217285156 5.713347434997559 68.67227172851562
      vertex 104.02619934082031 5.141877174377441 68.67227172851562
    endloop
  endfacet
  facet normal -0.08161936793388468 0.8286967982265745 -0.5537146335316571
    outer loop
      vertex 106.25543975830078 6.065258026123047 68.67227172851562
      vertex 106.08546447753906 6.919802665710449 69.97624969482422
      vertex 107.46189880371094 7.0553693771362305 69.97624969482422
    endloop
  endfacet
  facet normal -0.3536268319286041 0.4308972594105761 -0.8302262436062797
    outer loop
      vertex 104.79527282714844 2.6666221618652344 66.69204711914062
      vertex 103.87322235107422 3.588669776916504 67.56333923339844
      vertex 104.64229583740234 4.219829559326172 67.56333923339844
    endloop
  endfacet
  facet normal -0.3824106506246496 -0.03766521125229711 -0.9232244722439673
    outer loop
      vertex 103.76318359375 -0.7357187271118164 66.69204711914062
      vertex 103.69071960449219 0 66.69204711914062
      vertex 105.13961791992188 0 66.0918960571289
    endloop
  endfacet
  facet normal -0.39253563370721145 0.7343853583480054 -0.5537092393252523
    outer loop
      vertex 104.02619934082031 5.141877174377441 68.67227172851562
      vertex 103.95905303955078 5.242370128631592 68.85315704345703
      vertex 104.23876190185547 5.539546489715576 69.04901123046875
    endloop
  endfacet
  facet normal -0.7053987392992921 0.06946392725680722 -0.7053987392992921
    outer loop
      vertex 102.38674926757812 0 67.56333923339844
      vertex 102.2756576538086 0 67.67443084716797
      vertex 102.2829818725586 0.12644031643867493 67.67955780029297
    endloop
  endfacet
  facet normal -0.533425202073802 0.16181139491252516 -0.8302256478024431
    outer loop
      vertex 103.76318359375 0.7357187271118164 66.69204711914062
      vertex 102.7730712890625 1.942173957824707 67.56333923339844
      vertex 103.977783203125 1.4431648254394531 66.69204711914062
    endloop
  endfacet
  facet normal -0.1515083047637475 -0.12433893114496097 -0.9806044379816686
    outer loop
      vertex 105.81979370117188 -1.6420974731445312 66.0918960571289
      vertex 105.53099060058594 -1.2901878356933594 66.0918960571289
      vertex 106.90742492675781 -0.5544681549072266 65.78594207763672
    endloop
  endfacet
  facet normal -0.49160668981445615 0.2627701029151386 -0.830225713612654
    outer loop
      vertex 103.977783203125 1.4431648254394531 66.69204711914062
      vertex 102.7730712890625 1.942173957824707 67.56333923339844
      vertex 104.32627868652344 2.095151901245117 66.69204711914062
    endloop
  endfacet
  facet normal -0.05689602616720695 0.18755782504498922 -0.9806043567467839
    outer loop
      vertex 107.16181945800781 0.7244482040405273 65.78594207763672
      vertex 107.00884246826172 2.2776546478271484 66.0918960571289
      vertex 107.30891418457031 0.7690696716308594 65.78594207763672
    endloop
  endfacet
  facet normal 0.09061942846152136 0.9200777869003643 -0.38111020091022907
    outer loop
      vertex 108.83833312988281 6.919802665710449 69.97624969482422
      vertex 107.63223266601562 7.638745307922363 71.42514038085938
      vertex 108.95541381835938 7.508423805236816 71.42514038085938
    endloop
  endfacet
  facet normal 0.09061486013211982 0.9200768534866909 -0.3811135405640513
    outer loop
      vertex 107.63223266601562 7.638745307922363 71.42514038085938
      vertex 108.83833312988281 6.919802665710449 69.97624969482422
      vertex 107.52993774414062 7.619151592254639 71.353515625
    endloop
  endfacet
  facet normal -0.26837387485207026 0.884717414410659 -0.38111751460068555
    outer loop
      vertex 106.08546447753906 6.919802665710449 69.97624969482422
      vertex 105.56299591064453 6.761314868927002 69.97624969482422
      vertex 106.05747985839844 7.060465335845947 70.3224868774414
    endloop
  endfacet
  facet normal -0.09061278436037884 0.92007646253676 -0.38111497792175764
    outer loop
      vertex 106.08546447753906 6.919802665710449 69.97624969482422
      vertex 106.05747985839844 7.060465335845947 70.3224868774414
      vertex 107.12347412109375 7.474632263183594 71.06890869140625
    endloop
  endfacet
  facet normal 0.1618131039297078 0.533423937677818 -0.830226127093652
    outer loop
      vertex 108.90505981445312 3.484109878540039 66.69204711914062
      vertex 108.19761657714844 3.698711395263672 66.69204711914062
      vertex 108.45201110839844 4.977628707885742 67.56333923339844
    endloop
  endfacet
  facet normal -0.05463710413435185 0.5547428815412323 -0.830225946493569
    outer loop
      vertex 107.46189880371094 3.7711734771728516 66.69204711914062
      vertex 106.47178649902344 4.977628707885742 67.56333923339844
      vertex 107.46189880371094 5.075145721435547 67.56333923339844
    endloop
  endfacet
  facet normal 0.09615104884388113 0.9762414719487161 -0.19418435635659612
    outer loop
      vertex 108.95541381835938 7.508423805236816 71.42514038085938
      vertex 107.63223266601562 7.638745307922363 71.42514038085938
      vertex 108.41989135742188 7.670872688293457 71.97666931152344
    endloop
  endfacet
  facet normal -0.5282701864982725 -0.6436904841320686 -0.5537085611537024
    outer loop
      vertex 103.95905303955078 -5.242370128631592 68.85315704345703
      vertex 103.70072937011719 -4.874767303466797 68.67227172851562
      vertex 104.02619934082031 -5.141877174377441 68.67227172851562
    endloop
  endfacet
  facet normal -0.09061962786750488 -0.9200781306113056 -0.381109323706414
    outer loop
      vertex 107.46189880371094 -7.0553693771362305 69.97624969482422
      vertex 107.12347412109375 -7.474632263183594 71.06890869140625
      vertex 106.08546447753906 -6.919802665710449 69.97624969482422
    endloop
  endfacet
  facet normal -0.09062256462260326 -0.9200775559347593 -0.38111001278678314
    outer loop
      vertex 107.12347412109375 -7.474632263183594 71.06890869140625
      vertex 107.46189880371094 -7.0553693771362305 69.97624969482422
      vertex 107.46189880371094 -7.606118202209473 71.30587005615234
    endloop
  endfacet
  facet normal -0.09061278436037884 -0.92007646253676 -0.38111497792175764
    outer loop
      vertex 107.12347412109375 -7.474632263183594 71.06890869140625
      vertex 106.05747985839844 -7.060465335845947 70.3224868774414
      vertex 106.08546447753906 -6.919802665710449 69.97624969482422
    endloop
  endfacet
  facet normal 0.7582964499330954 -0.6223178668933799 -0.19418281737614707
    outer loop
      vertex 114.08161926269531 -4.423159599304199 72.96328735351562
      vertex 113.09150695800781 -5.62961483001709 72.96328735351562
      vertex 113.82723236083984 -4.253180503845215 71.42514038085938
    endloop
  endfacet
  facet normal 0.7582956508353773 -0.6223185348250863 -0.1941837973089139
    outer loop
      vertex 113.09150695800781 -5.62961483001709 72.96328735351562
      vertex 112.87516784667969 -5.413271903991699 71.42514038085938
      vertex 113.82723236083984 -4.253180503845215 71.42514038085938
    endloop
  endfacet
  facet normal 0.6223181595995971 -0.7582951393223394 -0.1941869972801589
    outer loop
      vertex 111.88505554199219 -6.619726181030273 72.96328735351562
      vertex 111.71507263183594 -6.365333557128906 71.42514038085938
      vertex 113.09150695800781 -5.62961483001709 72.96328735351562
    endloop
  endfacet
  facet normal 0.5334250008697193 -0.16181162150372014 -0.8302257329145349
    outer loop
      vertex 112.15071868896484 -1.942173957824707 67.56333923339844
      vertex 111.16060638427734 -0.7357187271118164 66.69204711914062
      vertex 112.43952178955078 -0.9901113510131836 67.56333923339844
    endloop
  endfacet
  facet normal 0.7053956958475853 0.06947645534521603 -0.7054005489311481
    outer loop
      vertex 112.53704071044922 0 67.56333923339844
      vertex 112.43952178955078 0.9901113510131836 67.56333923339844
      vertex 113.64598083496094 0 68.67227172851562
    endloop
  endfacet
  facet normal 0.8286963831685957 -0.08161932705431334 -0.5537152607383048
    outer loop
      vertex 114.38169860839844 -1.376434326171875 69.97624969482422
      vertex 113.52715301513672 -1.2064542770385742 68.67227172851562
      vertex 114.51726531982422 0 69.97624969482422
    endloop
  endfacet
  facet normal 0.8286970334897811 -0.08162121321837695 -0.5537140094290524
    outer loop
      vertex 114.51726531982422 0 69.97624969482422
      vertex 113.52715301513672 -1.2064542770385742 68.67227172851562
      vertex 113.64598083496094 0 68.67227172851562
    endloop
  endfacet
  facet normal 0.9387247828358638 -0.28476097136146294 -0.19418282951650612
    outer loop
      vertex 115.27039337158203 -1.553206443786621 72.96328735351562
      vertex 114.53467559814453 -2.929640769958496 71.42514038085938
      vertex 114.97032165527344 -1.4935178756713867 71.42514038085938
    endloop
  endfacet
  facet normal 0.6782884254200354 -0.2057551666784868 -0.7054003284138144
    outer loop
      vertex 113.52715301513672 -1.2064542770385742 68.67227172851562
      vertex 112.15071868896484 -1.942173957824707 67.56333923339844
      vertex 112.43952178955078 -0.9901113510131836 67.56333923339844
    endloop
  endfacet
  facet normal 0.35362722448739803 0.4308968900150323 -0.8302262681201508
    outer loop
      vertex 110.1285171508789 2.6666221618652344 66.69204711914062
      vertex 109.55704498291016 3.1356163024902344 66.69204711914062
      vertex 111.05056762695312 3.588669776916504 67.56333923339844
    endloop
  endfacet
  facet normal 0.4916067358370372 0.2627693273861742 -0.8302259318189664
    outer loop
      vertex 112.15071868896484 1.942173957824707 67.56333923339844
      vertex 110.5975112915039 2.095151901245117 66.69204711914062
      vertex 111.68172454833984 2.8196001052856445 67.56333923339844
    endloop
  endfacet
  facet normal 0.6782882486333581 0.20575411917499625 -0.7054008039465316
    outer loop
      vertex 113.52715301513672 1.2064542770385742 68.67227172851562
      vertex 112.15071868896484 1.942173957824707 67.56333923339844
      vertex 113.17524719238281 2.3665456771850586 68.67227172851562
    endloop
  endfacet
  facet normal 0.6782884254200354 0.2057551666784868 -0.7054003284138144
    outer loop
      vertex 112.43952178955078 0.9901113510131836 67.56333923339844
      vertex 112.15071868896484 1.942173957824707 67.56333923339844
      vertex 113.52715301513672 1.2064542770385742 68.67227172851562
    endloop
  endfacet
  facet normal 0.6436897744312083 0.5282628905367983 -0.5537163468549641
    outer loop
      vertex 113.3282241821289 3.919753074645996 69.97624969482422
      vertex 111.83470153808594 4.372806549072266 68.67227172851562
      vertex 112.45079803466797 4.988899230957031 69.97624969482422
    endloop
  endfacet
  facet normal 0.8153625871721335 0.43581984258075807 -0.38111011040491727
    outer loop
      vertex 113.98020935058594 2.6999731063842773 69.97624969482422
      vertex 113.3282241821289 3.919753074645996 69.97624969482422
      vertex 113.82723236083984 4.253180503845215 71.42514038085938
    endloop
  endfacet
  facet normal 0.7968502861602921 0.24172078276907902 -0.5537153462057595
    outer loop
      vertex 114.38169860839844 1.376434326171875 69.97624969482422
      vertex 113.52715301513672 1.2064542770385742 68.67227172851562
      vertex 113.98020935058594 2.6999731063842773 69.97624969482422
    endloop
  endfacet
  facet normal 0.7968514568454466 0.24171946063770283 -0.5537142386396683
    outer loop
      vertex 113.52715301513672 1.2064542770385742 68.67227172851562
      vertex 113.17524719238281 2.3665456771850586 68.67227172851562
      vertex 113.98020935058594 2.6999731063842773 69.97624969482422
    endloop
  endfacet
  facet normal 0.1618133504842894 0.5334239716870235 -0.8302260571884565
    outer loop
      vertex 108.90505981445312 3.484109878540039 66.69204711914062
      vertex 108.45201110839844 4.977628707885742 67.56333923339844
      vertex 109.40406799316406 4.688823699951172 67.56333923339844
    endloop
  endfacet
  facet normal 0.2417229776950343 0.7968497170901089 -0.55371520696804
    outer loop
      vertex 110.161865234375 6.518311500549316 69.97624969482422
      vertex 108.66835021972656 6.065258026123047 68.67227172851562
      vertex 108.83833312988281 6.919802665710449 69.97624969482422
    endloop
  endfacet
  facet normal 0.5479160483833864 0.4496650181042736 -0.7054001526915187
    outer loop
      vertex 112.60377502441406 3.4356918334960938 68.67227172851562
      vertex 111.68172454833984 2.8196001052856445 67.56333923339844
      vertex 111.83470153808594 4.372806549072266 68.67227172851562
    endloop
  endfacet
  facet normal 0.3536269658973164 0.4308974226525752 -0.8302261018190323
    outer loop
      vertex 111.05056762695312 3.588669776916504 67.56333923339844
      vertex 109.55704498291016 3.1356163024902344 66.69204711914062
      vertex 110.281494140625 4.219829559326172 67.56333923339844
    endloop
  endfacet
  facet normal 0.06947544142054685 0.7053967914292584 -0.7053995532184065
    outer loop
      vertex 108.45201110839844 4.977628707885742 67.56333923339844
      vertex 107.46189880371094 6.184082984924316 68.67227172851562
      vertex 108.66835021972656 6.065258026123047 68.67227172851562
    endloop
  endfacet
  facet normal 0.2057578508710035 0.6782887177659256 -0.7053992643577127
    outer loop
      vertex 109.40406799316406 4.688823699951172 67.56333923339844
      vertex 108.45201110839844 4.977628707885742 67.56333923339844
      vertex 108.66835021972656 6.065258026123047 68.67227172851562
    endloop
  endfacet
  facet normal 0.44966495117653926 0.5479157747359099 -0.7054004079095421
    outer loop
      vertex 111.83470153808594 4.372806549072266 68.67227172851562
      vertex 110.281494140625 4.219829559326172 67.56333923339844
      vertex 110.89759063720703 5.141877174377441 68.67227172851562
    endloop
  endfacet
  facet normal 0.28475869817007543 0.9387250202484789 -0.19418501532295598
    outer loop
      vertex 108.95541381835938 7.508423805236816 71.42514038085938
      vertex 109.82892608642578 7.561628818511963 72.96328735351562
      vertex 110.50862121582031 7.355445861816406 72.96328735351562
    endloop
  endfacet
  facet normal 0.28475722776803963 0.9387256346282655 -0.19418420153457633
    outer loop
      vertex 109.82892608642578 7.561628818511963 72.96328735351562
      vertex 108.95541381835938 7.508423805236816 71.42514038085938
      vertex 108.99237060546875 7.694222927093506 72.37752532958984
    endloop
  endfacet
  facet normal 0.7582966211672656 0.6223180074216437 0.19418169832675683
    outer loop
      vertex 113.60660552978516 4.6659440994262695 75.60844421386719
      vertex 114.08161926269531 4.423159599304199 74.53155517578125
      vertex 113.09150695800781 5.62961483001709 74.53155517578125
    endloop
  endfacet
  facet normal 0.758297043018842 0.6223173920414983 0.19418202314207267
    outer loop
      vertex 114.08161926269531 4.423159599304199 74.53155517578125
      vertex 113.60660552978516 4.6659440994262695 75.60844421386719
      vertex 113.8727035522461 4.283563137054443 75.79476928710938
    endloop
  endfacet
  facet normal 0.7146704341389607 0.5865161655169775 -0.38111016537858305
    outer loop
      vertex 113.3282241821289 3.919753074645996 69.97624969482422
      vertex 112.87516784667969 5.413271903991699 71.42514038085938
      vertex 113.82723236083984 4.253180503845215 71.42514038085938
    endloop
  endfacet
  facet normal 0.7582956508353773 0.6223185348250863 -0.1941837973089139
    outer loop
      vertex 113.82723236083984 4.253180503845215 71.42514038085938
      vertex 112.87516784667969 5.413271903991699 71.42514038085938
      vertex 113.09150695800781 5.62961483001709 72.96328735351562
    endloop
  endfacet
  facet normal 0.9762413598670925 -0.09615107192963554 -0.19418490840338748
    outer loop
      vertex 115.27039337158203 -1.553206443786621 72.96328735351562
      vertex 115.11741638183594 0 71.42514038085938
      vertex 115.42337036132812 0 72.96328735351562
    endloop
  endfacet
  facet normal 0.9762413598670925 0.09615107192963554 -0.19418490840338748
    outer loop
      vertex 115.42337036132812 0 72.96328735351562
      vertex 115.11741638183594 0 71.42514038085938
      vertex 115.27039337158203 1.553206443786621 72.96328735351562
    endloop
  endfacet
  facet normal 0.9200743693868875 0.09062249658180249 0.3811177218532388
    outer loop
      vertex 114.89392852783203 0.41812485456466675 76.50983428955078
      vertex 114.97032165527344 1.4935178756713867 76.0697021484375
      vertex 114.81419372558594 1.4624624252319336 76.4540023803711
    endloop
  endfacet
  facet normal 0.9200795505330119 0.09061749585056819 0.38110640264464607
    outer loop
      vertex 114.97032165527344 1.4935178756713867 76.0697021484375
      vertex 114.89392852783203 0.41812485456466675 76.50983428955078
      vertex 115.11741638183594 0 76.0697021484375
    endloop
  endfacet
  facet normal 0.8847164832088775 0.26837704230244386 0.38111744581363416
    outer loop
      vertex 114.97032165527344 1.4935178756713867 76.0697021484375
      vertex 114.7421646118164 1.7715246677398682 76.40357208251953
      vertex 114.81419372558594 1.4624624252319336 76.4540023803711
    endloop
  endfacet
  facet normal 0.8847164832088775 -0.26837704230244386 0.38111744581363416
    outer loop
      vertex 114.81419372558594 -1.4624624252319336 76.4540023803711
      vertex 114.7421646118164 -1.7715246677398682 76.40357208251953
      vertex 114.97032165527344 -1.4935178756713867 76.0697021484375
    endloop
  endfacet
  facet normal 0.9200743693868875 -0.09062249658180249 0.3811177218532388
    outer loop
      vertex 114.97032165527344 -1.4935178756713867 76.0697021484375
      vertex 114.89392852783203 -0.41812485456466675 76.50983428955078
      vertex 114.81419372558594 -1.4624624252319336 76.4540023803711
    endloop
  endfacet
  facet normal 0.9200795505330119 -0.09061749585056819 0.38110640264464607
    outer loop
      vertex 114.89392852783203 -0.41812485456466675 76.50983428955078
      vertex 114.97032165527344 -1.4935178756713867 76.0697021484375
      vertex 115.11741638183594 0 76.0697021484375
    endloop
  endfacet
  facet normal 0.9387247828358638 -0.28476097136146294 0.19418282951650612
    outer loop
      vertex 114.97032165527344 -1.4935178756713867 76.0697021484375
      vertex 114.53467559814453 -2.929640769958496 76.0697021484375
      vertex 115.27039337158203 -1.553206443786621 74.53155517578125
    endloop
  endfacet
  facet normal -0.11154420572968807 -0.36771512976089593 -0.9232244978947757
    outer loop
      vertex 106.7261734008789 -3.698711395263672 66.69204711914062
      vertex 106.57319641113281 -2.1455039978027344 66.0918960571289
      vertex 107.00884246826172 -2.2776546478271484 66.0918960571289
    endloop
  endfacet
  facet normal 0.1618133504842894 -0.5334239716870235 -0.8302260571884565
    outer loop
      vertex 109.40406799316406 -4.688823699951172 67.56333923339844
      vertex 108.45201110839844 -4.977628707885742 67.56333923339844
      vertex 108.90505981445312 -3.484109878540039 66.69204711914062
    endloop
  endfacet
  facet normal -0.2970383847533323 -0.24377342372787533 -0.9232240875687339
    outer loop
      vertex 104.79527282714844 -2.6666221618652344 66.69204711914062
      vertex 104.32627868652344 -2.095151901245117 66.69204711914062
      vertex 105.81979370117188 -1.6420974731445312 66.0918960571289
    endloop
  endfacet
  facet normal -0.19505372467571466 -0.019212563275374617 -0.9806043656350507
    outer loop
      vertex 106.69282531738281 -0.15297698974609375 65.78594207763672
      vertex 105.13961791992188 0 66.0918960571289
      vertex 106.6777572631836 0 65.78594207763672
    endloop
  endfacet
  facet normal -0.26276939130211774 -0.4916066109321295 -0.8302259855500431
    outer loop
      vertex 105.51972198486328 -4.688823699951172 67.56333923339844
      vertex 105.36674499511719 -3.1356163024902344 66.69204711914062
      vertex 106.01873016357422 -3.484109878540039 66.69204711914062
    endloop
  endfacet
  facet normal 0.1618131039297078 -0.533423937677818 -0.830226127093652
    outer loop
      vertex 108.45201110839844 -4.977628707885742 67.56333923339844
      vertex 108.19761657714844 -3.698711395263672 66.69204711914062
      vertex 108.90505981445312 -3.484109878540039 66.69204711914062
    endloop
  endfacet
  facet normal -0.49160668981445615 -0.2627701029151386 -0.830225713612654
    outer loop
      vertex 104.32627868652344 -2.095151901245117 66.69204711914062
      vertex 102.7730712890625 -1.942173957824707 67.56333923339844
      vertex 103.977783203125 -1.4431648254394531 66.69204711914062
    endloop
  endfacet
  facet normal -0.4308974931724441 -0.3536271748270326 -0.8302259762266865
    outer loop
      vertex 103.87322235107422 -3.588669776916504 67.56333923339844
      vertex 103.2420654296875 -2.8196001052856445 67.56333923339844
      vertex 104.32627868652344 -2.095151901245117 66.69204711914062
    endloop
  endfacet
  facet normal -0.5479140577505147 -0.44966717547108803 -0.7054003236625421
    outer loop
      vertex 103.1429672241211 -3.8257906436920166 68.28172302246094
      vertex 102.82807922363281 -3.0962178707122803 68.06123352050781
      vertex 103.2420654296875 -2.8196001052856445 67.56333923339844
    endloop
  endfacet
  facet normal 0.5547434068572924 -0.05463827715628895 -0.83022551828871
    outer loop
      vertex 112.43952178955078 -0.9901113510131836 67.56333923339844
      vertex 111.23307037353516 0 66.69204711914062
      vertex 112.53704071044922 0 67.56333923339844
    endloop
  endfacet
  facet normal 0.4916067358370372 -0.2627693273861742 -0.8302259318189664
    outer loop
      vertex 111.68172454833984 -2.8196001052856445 67.56333923339844
      vertex 110.5975112915039 -2.095151901245117 66.69204711914062
      vertex 112.15071868896484 -1.942173957824707 67.56333923339844
    endloop
  endfacet
  facet normal 0.26276939130211774 -0.4916066109321295 -0.8302259855500431
    outer loop
      vertex 109.40406799316406 -4.688823699951172 67.56333923339844
      vertex 108.90505981445312 -3.484109878540039 66.69204711914062
      vertex 109.55704498291016 -3.1356163024902344 66.69204711914062
    endloop
  endfacet
  facet normal 0.4496635764775187 -0.5479188377878519 -0.7053989050081213
    outer loop
      vertex 111.83470153808594 -4.372806549072266 68.67227172851562
      vertex 110.281494140625 -4.219829559326172 67.56333923339844
      vertex 111.05056762695312 -3.588669776916504 67.56333923339844
    endloop
  endfacet
  facet normal 0.24377138880794455 -0.2970392777602317 -0.9232243375617467
    outer loop
      vertex 109.55704498291016 -3.1356163024902344 66.69204711914062
      vertex 108.75208282470703 -1.9309024810791016 66.0918960571289
      vertex 109.10399627685547 -1.6420974731445312 66.0918960571289
    endloop
  endfacet
  facet normal 0.05689602616720695 -0.18755782504498922 -0.9806043567467839
    outer loop
      vertex 107.91494750976562 -2.2776546478271484 66.0918960571289
      vertex 107.61487579345703 -0.7690696716308594 65.78594207763672
      vertex 107.76197052001953 -0.7244482040405273 65.78594207763672
    endloop
  endfacet
  facet normal 0.38241019289540773 -0.03766618970187391 -0.9232246219220106
    outer loop
      vertex 111.16060638427734 -0.7357187271118164 66.69204711914062
      vertex 109.73954772949219 -0.45305347442626953 66.0918960571289
      vertex 109.78417205810547 0 66.0918960571289
    endloop
  endfacet
  facet normal 0.3388877944199142 0.181139887762745 -0.9232244601690891
    outer loop
      vertex 110.94600677490234 1.4431648254394531 66.69204711914062
      vertex 109.6073989868164 0.8886966705322266 66.0918960571289
      vertex 110.5975112915039 2.095151901245117 66.69204711914062
    endloop
  endfacet
  facet normal -0.4496637499100013 0.5479190491167859 -0.7053986303019256
    outer loop
      vertex 103.87322235107422 3.588669776916504 67.56333923339844
      vertex 103.39192962646484 4.3429789543151855 68.4560546875
      vertex 104.64229583740234 4.219829559326172 67.56333923339844
    endloop
  endfacet
  facet normal -0.4496746522539301 0.5479111391020745 -0.705397824470826
    outer loop
      vertex 103.39192962646484 4.3429789543151855 68.4560546875
      vertex 103.87322235107422 3.588669776916504 67.56333923339844
      vertex 103.29164123535156 4.170257091522217 68.38582611083984
    endloop
  endfacet
  facet normal -0.3536274047793352 0.430897109701837 -0.8302260773064379
    outer loop
      vertex 104.79527282714844 2.6666221618652344 66.69204711914062
      vertex 104.64229583740234 4.219829559326172 67.56333923339844
      vertex 105.36674499511719 3.1356163024902344 66.69204711914062
    endloop
  endfacet
  facet normal -0.26276926464077943 0.49160661844868364 -0.8302260211879621
    outer loop
      vertex 105.36674499511719 3.1356163024902344 66.69204711914062
      vertex 104.64229583740234 4.219829559326172 67.56333923339844
      vertex 105.51972198486328 4.688823699951172 67.56333923339844
    endloop
  endfacet
  facet normal -0.3341303824610549 0.6251138528975156 -0.7054002824156311
    outer loop
      vertex 104.64229583740234 4.219829559326172 67.56333923339844
      vertex 104.02619934082031 5.141877174377441 68.67227172851562
      vertex 105.51972198486328 4.688823699951172 67.56333923339844
    endloop
  endfacet
  facet normal -0.6782883423320925 0.20576119874592458 -0.7053986488128698
    outer loop
      vertex 102.7730712890625 1.942173957824707 67.56333923339844
      vertex 102.46800994873047 1.7791141271591187 67.80911254882812
      vertex 102.51536560058594 2.0489187240600586 67.84227752685547
    endloop
  endfacet
  facet normal -0.6251128077285516 0.3341298238064929 -0.7054014732453915
    outer loop
      vertex 102.7730712890625 1.942173957824707 67.56333923339844
      vertex 102.6960220336914 2.6539602279663086 67.9687728881836
      vertex 103.2420654296875 2.8196001052856445 67.56333923339844
    endloop
  endfacet
  facet normal -0.6251172913570237 0.3341276592601862 -0.7053985252066854
    outer loop
      vertex 102.6960220336914 2.6539602279663086 67.9687728881836
      vertex 102.7730712890625 1.942173957824707 67.56333923339844
      vertex 102.51536560058594 2.0489187240600586 67.84227752685547
    endloop
  endfacet
  facet normal -0.43089617257191537 0.35362781596836984 -0.8302263885449045
    outer loop
      vertex 104.32627868652344 2.095151901245117 66.69204711914062
      vertex 103.87322235107422 3.588669776916504 67.56333923339844
      vertex 104.79527282714844 2.6666221618652344 66.69204711914062
    endloop
  endfacet
  facet normal -0.4308974931724441 0.3536271748270326 -0.8302259762266865
    outer loop
      vertex 104.32627868652344 2.095151901245117 66.69204711914062
      vertex 103.2420654296875 2.8196001052856445 67.56333923339844
      vertex 103.87322235107422 3.588669776916504 67.56333923339844
    endloop
  endfacet
  facet normal -0.6782872648839283 0.20575481463606474 -0.7054015470286114
    outer loop
      vertex 102.48426818847656 0.9901113510131836 67.56333923339844
      vertex 102.46800994873047 1.7791141271591187 67.80911254882812
      vertex 102.7730712890625 1.942173957824707 67.56333923339844
    endloop
  endfacet
  facet normal -0.6782913987184932 0.20575360148528848 -0.7053979259257452
    outer loop
      vertex 102.46800994873047 1.7791141271591187 67.80911254882812
      vertex 102.48426818847656 0.9901113510131836 67.56333923339844
      vertex 102.3347396850586 1.0198546648025513 67.7157974243164
    endloop
  endfacet
  facet normal -0.5547431338084783 -0.054638250262924216 -0.8302257025053817
    outer loop
      vertex 102.48426818847656 -0.9901113510131836 67.56333923339844
      vertex 102.38674926757812 0 67.56333923339844
      vertex 103.76318359375 -0.7357187271118164 66.69204711914062
    endloop
  endfacet
  facet normal -0.705398247986599 0.06947864754680314 -0.705397780881471
    outer loop
      vertex 102.48426818847656 0.9901113510131836 67.56333923339844
      vertex 102.2829818725586 0.12644031643867493 67.67955780029297
      vertex 102.3347396850586 1.0198546648025513 67.7157974243164
    endloop
  endfacet
  facet normal -0.7053911663577858 0.06947600922270968 -0.7054051222998657
    outer loop
      vertex 102.2829818725586 0.12644031643867493 67.67955780029297
      vertex 102.48426818847656 0.9901113510131836 67.56333923339844
      vertex 102.38674926757812 0 67.56333923339844
    endloop
  endfacet
  facet normal -0.5547431338084783 0.054638250262924216 -0.8302257025053817
    outer loop
      vertex 103.76318359375 0.7357187271118164 66.69204711914062
      vertex 102.38674926757812 0 67.56333923339844
      vertex 102.48426818847656 0.9901113510131836 67.56333923339844
    endloop
  endfacet
  facet normal -0.12433866155645469 -0.1515086180007008 -0.9806044237682529
    outer loop
      vertex 106.17170715332031 -1.9309024810791016 66.0918960571289
      vertex 105.81979370117188 -1.6420974731445312 66.0918960571289
      vertex 106.90742492675781 -0.5544681549072266 65.78594207763672
    endloop
  endfacet
  facet normal -0.2437718075896235 -0.2970397880523052 -0.9232240628029196
    outer loop
      vertex 106.17170715332031 -1.9309024810791016 66.0918960571289
      vertex 104.79527282714844 -2.6666221618652344 66.69204711914062
      vertex 105.81979370117188 -1.6420974731445312 66.0918960571289
    endloop
  endfacet
  facet normal -0.6251128077285516 -0.3341298238064929 -0.7054014732453915
    outer loop
      vertex 102.6960220336914 -2.6539602279663086 67.9687728881836
      vertex 102.7730712890625 -1.942173957824707 67.56333923339844
      vertex 103.2420654296875 -2.8196001052856445 67.56333923339844
    endloop
  endfacet
  facet normal -0.6251172913570237 -0.3341276592601862 -0.7053985252066854
    outer loop
      vertex 102.7730712890625 -1.942173957824707 67.56333923339844
      vertex 102.6960220336914 -2.6539602279663086 67.9687728881836
      vertex 102.51536560058594 -2.0489187240600586 67.84227752685547
    endloop
  endfacet
  facet normal -0.3388877944199142 -0.181139887762745 -0.9232244601690891
    outer loop
      vertex 104.32627868652344 -2.095151901245117 66.69204711914062
      vertex 103.977783203125 -1.4431648254394531 66.69204711914062
      vertex 105.31639099121094 -0.8886966705322266 66.0918960571289
    endloop
  endfacet
  facet normal 0.0923926708917765 -0.17285413588228543 -0.9806044269091754
    outer loop
      vertex 108.35059356689453 -2.1455039978027344 66.0918960571289
      vertex 107.76197052001953 -0.7244482040405273 65.78594207763672
      vertex 107.89753723144531 -0.6519861221313477 65.78594207763672
    endloop
  endfacet
  facet normal -0.2970388696351451 -0.2437720863983866 -0.9232242846778094
    outer loop
      vertex 105.81979370117188 -1.6420974731445312 66.0918960571289
      vertex 104.32627868652344 -2.095151901245117 66.69204711914062
      vertex 105.53099060058594 -1.2901878356933594 66.0918960571289
    endloop
  endfacet
  facet normal -0.019210378563119353 0.19505361653151174 -0.9806044299478968
    outer loop
      vertex 107.46189880371094 0.7841367721557617 65.78594207763672
      vertex 107.30891418457031 0.7690696716308594 65.78594207763672
      vertex 107.46189880371094 2.322277069091797 66.0918960571289
    endloop
  endfacet
  facet normal -0.36771519058254676 0.11154423841874413 -0.9232244697203512
    outer loop
      vertex 105.31639099121094 0.8886966705322266 66.0918960571289
      vertex 103.76318359375 0.7357187271118164 66.69204711914062
      vertex 103.977783203125 1.4431648254394531 66.69204711914062
    endloop
  endfacet
  facet normal 0.5865146243341818 -0.7146730538761713 -0.3811076245700692
    outer loop
      vertex 111.71507263183594 -6.365333557128906 71.42514038085938
      vertex 111.38165283203125 -5.866325378417969 69.97624969482422
      vertex 112.87516784667969 -5.413271903991699 71.42514038085938
    endloop
  endfacet
  facet normal 0.6223161609428731 -0.758297530470662 -0.1941840650295992
    outer loop
      vertex 113.09150695800781 -5.62961483001709 72.96328735351562
      vertex 111.71507263183594 -6.365333557128906 71.42514038085938
      vertex 112.87516784667969 -5.413271903991699 71.42514038085938
    endloop
  endfacet
  facet normal 0.884719703000597 -0.2683785989414169 -0.38110887519549813
    outer loop
      vertex 114.53467559814453 -2.929640769958496 71.42514038085938
      vertex 113.98020935058594 -2.6999731063842773 69.97624969482422
      vertex 114.97032165527344 -1.4935178756713867 71.42514038085938
    endloop
  endfacet
  facet normal 0.8153636952535838 -0.43581882536839506 -0.38110890296204497
    outer loop
      vertex 114.53467559814453 -2.929640769958496 71.42514038085938
      vertex 113.82723236083984 -4.253180503845215 71.42514038085938
      vertex 113.98020935058594 -2.6999731063842773 69.97624969482422
    endloop
  endfacet
  facet normal 0.705395848502242 -0.06947685659196871 -0.7054003567577075
    outer loop
      vertex 113.52715301513672 -1.2064542770385742 68.67227172851562
      vertex 112.43952178955078 -0.9901113510131836 67.56333923339844
      vertex 113.64598083496094 0 68.67227172851562
    endloop
  endfacet
  facet normal 0.8286970334897811 0.08162121321837695 -0.5537140094290524
    outer loop
      vertex 113.64598083496094 0 68.67227172851562
      vertex 113.52715301513672 1.2064542770385742 68.67227172851562
      vertex 114.51726531982422 0 69.97624969482422
    endloop
  endfacet
  facet normal 0.3388877944199142 -0.181139887762745 -0.9232244601690891
    outer loop
      vertex 110.5975112915039 -2.095151901245117 66.69204711914062
      vertex 109.6073989868164 -0.8886966705322266 66.0918960571289
      vertex 110.94600677490234 -1.4431648254394531 66.69204711914062
    endloop
  endfacet
  facet normal 0.3824106506246496 -0.03766521125229711 -0.9232244722439673
    outer loop
      vertex 111.16060638427734 -0.7357187271118164 66.69204711914062
      vertex 109.78417205810547 0 66.0918960571289
      vertex 111.23307037353516 0 66.69204711914062
    endloop
  endfacet
  facet normal 0.9200781021165138 0.09061962506101774 -0.38110939316615494
    outer loop
      vertex 114.51726531982422 0 69.97624969482422
      vertex 114.38169860839844 1.376434326171875 69.97624969482422
      vertex 115.11741638183594 0 71.42514038085938
    endloop
  endfacet
  facet normal 0.9200781021165138 -0.09061962506101774 -0.38110939316615494
    outer loop
      vertex 115.11741638183594 0 71.42514038085938
      vertex 114.38169860839844 -1.376434326171875 69.97624969482422
      vertex 114.51726531982422 0 69.97624969482422
    endloop
  endfacet
  facet normal 0.4308974931724441 0.3536271748270326 -0.8302259762266865
    outer loop
      vertex 111.68172454833984 2.8196001052856445 67.56333923339844
      vertex 110.5975112915039 2.095151901245117 66.69204711914062
      vertex 111.05056762695312 3.588669776916504 67.56333923339844
    endloop
  endfacet
  facet normal 0.09239287346522562 0.17285407279990875 -0.9806044189423802
    outer loop
      vertex 108.75208282470703 1.9309024810791016 66.0918960571289
      vertex 107.89753723144531 0.6519861221313477 65.78594207763672
      vertex 108.35059356689453 2.1455039978027344 66.0918960571289
    endloop
  endfacet
  facet normal 0.36771519058254676 0.11154423841874413 -0.9232244697203512
    outer loop
      vertex 111.16060638427734 0.7357187271118164 66.69204711914062
      vertex 109.6073989868164 0.8886966705322266 66.0918960571289
      vertex 110.94600677490234 1.4431648254394531 66.69204711914062
    endloop
  endfacet
  facet normal 0.38241019289540773 0.03766618970187391 -0.9232246219220106
    outer loop
      vertex 109.78417205810547 0 66.0918960571289
      vertex 109.73954772949219 0.45305347442626953 66.0918960571289
      vertex 111.16060638427734 0.7357187271118164 66.69204711914062
    endloop
  endfacet
  facet normal 0.24172174458567203 0.796850808953135 -0.5537141739789524
    outer loop
      vertex 109.82844543457031 5.713347434997559 68.67227172851562
      vertex 108.66835021972656 6.065258026123047 68.67227172851562
      vertex 110.161865234375 6.518311500549316 69.97624969482422
    endloop
  endfacet
  facet normal 0.39253557796146665 0.7343820999299785 -0.5537136004622717
    outer loop
      vertex 110.89759063720703 5.141877174377441 68.67227172851562
      vertex 109.82844543457031 5.713347434997559 68.67227172851562
      vertex 110.161865234375 6.518311500549316 69.97624969482422
    endloop
  endfacet
  facet normal 0.4496635764775187 0.5479188377878519 -0.7053989050081213
    outer loop
      vertex 111.05056762695312 3.588669776916504 67.56333923339844
      vertex 110.281494140625 4.219829559326172 67.56333923339844
      vertex 111.83470153808594 4.372806549072266 68.67227172851562
    endloop
  endfacet
  facet normal 0.26276939130211774 0.4916066109321295 -0.8302259855500431
    outer loop
      vertex 109.55704498291016 3.1356163024902344 66.69204711914062
      vertex 108.90505981445312 3.484109878540039 66.69204711914062
      vertex 109.40406799316406 4.688823699951172 67.56333923339844
    endloop
  endfacet
  facet normal -0.12433819827476862 0.15150887003115907 -0.9806044435712422
    outer loop
      vertex 106.90742492675781 0.5544681549072266 65.78594207763672
      vertex 106.17170715332031 1.9309024810791016 66.0918960571289
      vertex 107.02625274658203 0.6519861221313477 65.78594207763672
    endloop
  endfacet
  facet normal -0.11154420572968807 0.36771512976089593 -0.9232244978947757
    outer loop
      vertex 107.00884246826172 2.2776546478271484 66.0918960571289
      vertex 106.57319641113281 2.1455039978027344 66.0918960571289
      vertex 106.7261734008789 3.698711395263672 66.69204711914062
    endloop
  endfacet
  facet normal -0.03766440873075082 0.38241087132433016 -0.9232244135679741
    outer loop
      vertex 107.00884246826172 2.2776546478271484 66.0918960571289
      vertex 106.7261734008789 3.698711395263672 66.69204711914062
      vertex 107.46189880371094 2.322277069091797 66.0918960571289
    endloop
  endfacet
  facet normal 0.4358178014135491 0.8153626756107022 -0.38111225536843757
    outer loop
      vertex 111.38165283203125 5.866325378417969 69.97624969482422
      vertex 110.161865234375 6.518311500549316 69.97624969482422
      vertex 110.39154052734375 7.072780609130859 71.42514038085938
    endloop
  endfacet
  facet normal 0.26837789857675803 0.8847187577836991 -0.38111156264431506
    outer loop
      vertex 110.161865234375 6.518311500549316 69.97624969482422
      vertex 108.83833312988281 6.919802665710449 69.97624969482422
      vertex 110.39154052734375 7.072780609130859 71.42514038085938
    endloop
  endfacet
  facet normal 0.0961510658620881 0.9762414734702821 -0.1941843402804578
    outer loop
      vertex 108.95541381835938 7.508423805236816 71.42514038085938
      vertex 108.41989135742188 7.670872688293457 71.97666931152344
      vertex 108.99237060546875 7.694222927093506 72.37752532958984
    endloop
  endfacet
  facet normal 0.8651327048566998 0.4624267904986704 -0.19418255950632946
    outer loop
      vertex 114.81734466552734 3.046725273132324 72.96328735351562
      vertex 113.82723236083984 4.253180503845215 71.42514038085938
      vertex 114.08161926269531 4.423159599304199 72.96328735351562
    endloop
  endfacet
  facet normal 0.7582964499330954 0.6223178668933799 -0.19418281737614707
    outer loop
      vertex 113.82723236083984 4.253180503845215 71.42514038085938
      vertex 113.09150695800781 5.62961483001709 72.96328735351562
      vertex 114.08161926269531 4.423159599304199 72.96328735351562
    endloop
  endfacet
  facet normal 0.9200796007844992 0.09061770201516367 0.3811062323050197
    outer loop
      vertex 115.11741638183594 0 76.0697021484375
      vertex 114.89392852783203 0.41812485456466675 76.50983428955078
      vertex 114.92584991455078 0 76.53218841552734
    endloop
  endfacet
  facet normal 0.8153616265069998 -0.4358218681300624 0.3811098493603677
    outer loop
      vertex 114.4777603149414 -2.906064748764038 76.21842956542969
      vertex 114.26534271240234 -3.4335248470306396 76.0697021484375
      vertex 114.53467559814453 -2.929640769958496 76.0697021484375
    endloop
  endfacet
  facet normal 0.8651324990873351 -0.4624250757881785 0.19418755960462405
    outer loop
      vertex 114.26534271240234 -3.4335248470306396 76.0697021484375
      vertex 114.81734466552734 -3.046725273132324 74.53155517578125
      vertex 114.53467559814453 -2.929640769958496 76.0697021484375
    endloop
  endfacet
  facet normal 0.8651337320214191 -0.46242228903902005 0.19418870286039916
    outer loop
      vertex 114.81734466552734 -3.046725273132324 74.53155517578125
      vertex 114.26534271240234 -3.4335248470306396 76.0697021484375
      vertex 113.96334838867188 -4.087319850921631 75.85823822021484
    endloop
  endfacet
  facet normal -0.19505372467571466 0.019212563275374617 -0.9806043656350507
    outer loop
      vertex 106.6777572631836 0 65.78594207763672
      vertex 105.13961791992188 0 66.0918960571289
      vertex 106.69282531738281 0.15297698974609375 65.78594207763672
    endloop
  endfacet
  facet normal 0.24377289485099676 -0.2970387317139358 -0.9232241155850195
    outer loop
      vertex 109.55704498291016 -3.1356163024902344 66.69204711914062
      vertex 109.10399627685547 -1.6420974731445312 66.0918960571289
      vertex 110.1285171508789 -2.6666221618652344 66.69204711914062
    endloop
  endfacet
  facet normal -0.3341303824610549 -0.6251138528975156 -0.7054002824156311
    outer loop
      vertex 105.51972198486328 -4.688823699951172 67.56333923339844
      vertex 104.02619934082031 -5.141877174377441 68.67227172851562
      vertex 104.64229583740234 -4.219829559326172 67.56333923339844
    endloop
  endfacet
  facet normal -0.26276926464077943 -0.49160661844868364 -0.8302260211879621
    outer loop
      vertex 105.51972198486328 -4.688823699951172 67.56333923339844
      vertex 104.64229583740234 -4.219829559326172 67.56333923339844
      vertex 105.36674499511719 -3.1356163024902344 66.69204711914062
    endloop
  endfacet
  facet normal -0.6782872648839283 -0.20575481463606474 -0.7054015470286114
    outer loop
      vertex 102.46800994873047 -1.7791141271591187 67.80911254882812
      vertex 102.48426818847656 -0.9901113510131836 67.56333923339844
      vertex 102.7730712890625 -1.942173957824707 67.56333923339844
    endloop
  endfacet
  facet normal -0.6782913987184932 -0.20575360148528848 -0.7053979259257452
    outer loop
      vertex 102.48426818847656 -0.9901113510131836 67.56333923339844
      vertex 102.46800994873047 -1.7791141271591187 67.80911254882812
      vertex 102.3347396850586 -1.0198546648025513 67.7157974243164
    endloop
  endfacet
  facet normal -0.5334250008697193 -0.16181162150372014 -0.8302257329145349
    outer loop
      vertex 102.7730712890625 -1.942173957824707 67.56333923339844
      vertex 102.48426818847656 -0.9901113510131836 67.56333923339844
      vertex 103.76318359375 -0.7357187271118164 66.69204711914062
    endloop
  endfacet
  facet normal -0.43089617257191537 -0.35362781596836984 -0.8302263885449045
    outer loop
      vertex 104.79527282714844 -2.6666221618652344 66.69204711914062
      vertex 103.87322235107422 -3.588669776916504 67.56333923339844
      vertex 104.32627868652344 -2.095151901245117 66.69204711914062
    endloop
  endfacet
  facet normal -0.3536268319286041 -0.4308972594105761 -0.8302262436062797
    outer loop
      vertex 104.64229583740234 -4.219829559326172 67.56333923339844
      vertex 103.87322235107422 -3.588669776916504 67.56333923339844
      vertex 104.79527282714844 -2.6666221618652344 66.69204711914062
    endloop
  endfacet
  facet normal 0.6251130585090335 -0.33413085073824744 -0.7054007645774256
    outer loop
      vertex 112.60377502441406 -3.4356918334960938 68.67227172851562
      vertex 112.15071868896484 -1.942173957824707 67.56333923339844
      vertex 113.17524719238281 -2.3665456771850586 68.67227172851562
    endloop
  endfacet
  facet normal 0.6251137752753816 -0.3341303409711516 -0.7054003708557726
    outer loop
      vertex 112.60377502441406 -3.4356918334960938 68.67227172851562
      vertex 111.68172454833984 -2.8196001052856445 67.56333923339844
      vertex 112.15071868896484 -1.942173957824707 67.56333923339844
    endloop
  endfacet
  facet normal 0.43089617257191537 -0.35362781596836984 -0.8302263885449045
    outer loop
      vertex 111.05056762695312 -3.588669776916504 67.56333923339844
      vertex 110.1285171508789 -2.6666221618652344 66.69204711914062
      vertex 110.5975112915039 -2.095151901245117 66.69204711914062
    endloop
  endfacet
  facet normal 0.4308974931724441 -0.3536271748270326 -0.8302259762266865
    outer loop
      vertex 111.05056762695312 -3.588669776916504 67.56333923339844
      vertex 110.5975112915039 -2.095151901245117 66.69204711914062
      vertex 111.68172454833984 -2.8196001052856445 67.56333923339844
    endloop
  endfacet
  facet normal 0.33413042569827356 -0.6251137921028996 -0.7054003158104079
    outer loop
      vertex 109.82844543457031 -5.713347434997559 68.67227172851562
      vertex 109.40406799316406 -4.688823699951172 67.56333923339844
      vertex 110.89759063720703 -5.141877174377441 68.67227172851562
    endloop
  endfacet
  facet normal 0.39253557796146665 -0.7343820999299785 -0.5537136004622717
    outer loop
      vertex 110.161865234375 -6.518311500549316 69.97624969482422
      vertex 109.82844543457031 -5.713347434997559 68.67227172851562
      vertex 110.89759063720703 -5.141877174377441 68.67227172851562
    endloop
  endfacet
  facet normal -0.3677151499974604 0.11154333447499062 -0.9232245950994513
    outer loop
      vertex 105.18424224853516 0.45305347442626953 66.0918960571289
      vertex 103.76318359375 0.7357187271118164 66.69204711914062
      vertex 105.31639099121094 0.8886966705322266 66.0918960571289
    endloop
  endfacet
  facet normal 0.18113978910848288 -0.3388884732247894 -0.9232242303563668
    outer loop
      vertex 108.90505981445312 -3.484109878540039 66.69204711914062
      vertex 108.35059356689453 -2.1455039978027344 66.0918960571289
      vertex 109.55704498291016 -3.1356163024902344 66.69204711914062
    endloop
  endfacet
  facet normal 0.1728548296327219 0.09239201789876722 -0.9806043661442858
    outer loop
      vertex 109.6073989868164 0.8886966705322266 66.0918960571289
      vertex 108.11388397216797 0.43564319610595703 65.78594207763672
      vertex 109.3927993774414 1.2901878356933594 66.0918960571289
    endloop
  endfacet
  facet normal 0.019211336285360682 0.19505361294146062 -0.9806044118994232
    outer loop
      vertex 107.61487579345703 0.7690696716308594 65.78594207763672
      vertex 107.46189880371094 0.7841367721557617 65.78594207763672
      vertex 107.46189880371094 2.322277069091797 66.0918960571289
    endloop
  endfacet
  facet normal 0.3677151499974604 -0.11154333447499062 -0.9232245950994513
    outer loop
      vertex 111.16060638427734 -0.7357187271118164 66.69204711914062
      vertex 109.6073989868164 -0.8886966705322266 66.0918960571289
      vertex 109.73954772949219 -0.45305347442626953 66.0918960571289
    endloop
  endfacet
  facet normal 0.5547430181141079 -0.054638940975818964 -0.8302257343534296
    outer loop
      vertex 112.43952178955078 -0.9901113510131836 67.56333923339844
      vertex 111.16060638427734 -0.7357187271118164 66.69204711914062
      vertex 111.23307037353516 0 66.69204711914062
    endloop
  endfacet
  facet normal 0.36771519058254676 -0.11154423841874413 -0.9232244697203512
    outer loop
      vertex 110.94600677490234 -1.4431648254394531 66.69204711914062
      vertex 109.6073989868164 -0.8886966705322266 66.0918960571289
      vertex 111.16060638427734 -0.7357187271118164 66.69204711914062
    endloop
  endfacet
  facet normal 0.1728548296327219 -0.09239201789876722 -0.9806043661442858
    outer loop
      vertex 109.3927993774414 -1.2901878356933594 66.0918960571289
      vertex 108.11388397216797 -0.43564319610595703 65.78594207763672
      vertex 109.6073989868164 -0.8886966705322266 66.0918960571289
    endloop
  endfacet
  facet normal -0.2417228716522867 0.79684928386528 -0.5537158767125633
    outer loop
      vertex 105.09535217285156 5.713347434997559 68.67227172851562
      vertex 105.11844635009766 6.410161018371582 69.66497039794922
      vertex 106.25543975830078 6.065258026123047 68.67227172851562
    endloop
  endfacet
  facet normal -0.2417291452966076 0.7968480728485504 -0.5537148807028061
    outer loop
      vertex 105.11844635009766 6.410161018371582 69.66497039794922
      vertex 105.09535217285156 5.713347434997559 68.67227172851562
      vertex 104.8835678100586 6.2246294021606445 69.5005111694336
    endloop
  endfacet
  facet normal -0.24172015705863767 0.7968511558054386 -0.5537143678496017
    outer loop
      vertex 106.25543975830078 6.065258026123047 68.67227172851562
      vertex 105.56299591064453 6.761314868927002 69.97624969482422
      vertex 106.08546447753906 6.919802665710449 69.97624969482422
    endloop
  endfacet
  facet normal -0.24172150308617363 0.7968504956722995 -0.5537147302470575
    outer loop
      vertex 105.56299591064453 6.761314868927002 69.97624969482422
      vertex 106.25543975830078 6.065258026123047 68.67227172851562
      vertex 105.11844635009766 6.410161018371582 69.66497039794922
    endloop
  endfacet
  facet normal -0.20575611305797126 0.6782884244805055 -0.7054000532712121
    outer loop
      vertex 106.47178649902344 4.977628707885742 67.56333923339844
      vertex 105.51972198486328 4.688823699951172 67.56333923339844
      vertex 106.25543975830078 6.065258026123047 68.67227172851562
    endloop
  endfacet
  facet normal -0.16181313860809732 0.533424051996638 -0.830226046884392
    outer loop
      vertex 106.01873016357422 3.484109878540039 66.69204711914062
      vertex 105.51972198486328 4.688823699951172 67.56333923339844
      vertex 106.7261734008789 3.698711395263672 66.69204711914062
    endloop
  endfacet
  facet normal -0.3388877944199142 0.181139887762745 -0.9232244601690891
    outer loop
      vertex 105.31639099121094 0.8886966705322266 66.0918960571289
      vertex 103.977783203125 1.4431648254394531 66.69204711914062
      vertex 104.32627868652344 2.095151901245117 66.69204711914062
    endloop
  endfacet
  facet normal -0.3388893011393262 0.18113851052408286 -0.9232241773147061
    outer loop
      vertex 105.31639099121094 0.8886966705322266 66.0918960571289
      vertex 104.32627868652344 2.095151901245117 66.69204711914062
      vertex 105.53099060058594 1.2901878356933594 66.0918960571289
    endloop
  endfacet
  facet normal -0.7053911663577858 -0.06947600922270968 -0.7054051222998657
    outer loop
      vertex 102.48426818847656 -0.9901113510131836 67.56333923339844
      vertex 102.2829818725586 -0.12644031643867493 67.67955780029297
      vertex 102.38674926757812 0 67.56333923339844
    endloop
  endfacet
  facet normal -0.705398247986599 -0.06947864754680314 -0.705397780881471
    outer loop
      vertex 102.2829818725586 -0.12644031643867493 67.67955780029297
      vertex 102.48426818847656 -0.9901113510131836 67.56333923339844
      vertex 102.3347396850586 -1.0198546648025513 67.7157974243164
    endloop
  endfacet
  facet normal -0.7053987392992921 -0.06946392725680722 -0.7053987392992921
    outer loop
      vertex 102.2829818725586 -0.12644031643867493 67.67955780029297
      vertex 102.2756576538086 0 67.67443084716797
      vertex 102.38674926757812 0 67.56333923339844
    endloop
  endfacet
  facet normal -0.09239286397934168 -0.1728540550531539 -0.9806044229644164
    outer loop
      vertex 106.57319641113281 -2.1455039978027344 66.0918960571289
      vertex 106.17170715332031 -1.9309024810791016 66.0918960571289
      vertex 107.16181945800781 -0.7244482040405273 65.78594207763672
    endloop
  endfacet
  facet normal -0.056894600665588754 -0.18755797604709726 -0.9806044105735092
    outer loop
      vertex 107.00884246826172 -2.2776546478271484 66.0918960571289
      vertex 106.57319641113281 -2.1455039978027344 66.0918960571289
      vertex 107.16181945800781 -0.7244482040405273 65.78594207763672
    endloop
  endfacet
  facet normal -0.36771519058254676 -0.11154423841874413 -0.9232244697203512
    outer loop
      vertex 103.977783203125 -1.4431648254394531 66.69204711914062
      vertex 103.76318359375 -0.7357187271118164 66.69204711914062
      vertex 105.31639099121094 -0.8886966705322266 66.0918960571289
    endloop
  endfacet
  facet normal -0.3677151499974604 -0.11154333447499062 -0.9232245950994513
    outer loop
      vertex 105.31639099121094 -0.8886966705322266 66.0918960571289
      vertex 103.76318359375 -0.7357187271118164 66.69204711914062
      vertex 105.18424224853516 -0.45305347442626953 66.0918960571289
    endloop
  endfacet
  facet normal -0.3388893011393262 -0.18113851052408286 -0.9232241773147061
    outer loop
      vertex 105.53099060058594 -1.2901878356933594 66.0918960571289
      vertex 104.32627868652344 -2.095151901245117 66.69204711914062
      vertex 105.31639099121094 -0.8886966705322266 66.0918960571289
    endloop
  endfacet
  facet normal -0.1875582436145287 -0.05689423430386711 -0.9806043806526717
    outer loop
      vertex 105.31639099121094 -0.8886966705322266 66.0918960571289
      vertex 105.18424224853516 -0.45305347442626953 66.0918960571289
      vertex 106.69282531738281 -0.15297698974609375 65.78594207763672
    endloop
  endfacet
  facet normal -0.2970383847533323 0.24377342372787533 -0.9232240875687339
    outer loop
      vertex 105.81979370117188 1.6420974731445312 66.0918960571289
      vertex 104.32627868652344 2.095151901245117 66.69204711914062
      vertex 104.79527282714844 2.6666221618652344 66.69204711914062
    endloop
  endfacet
  facet normal -0.12433866155645469 0.1515086180007008 -0.9806044237682529
    outer loop
      vertex 106.90742492675781 0.5544681549072266 65.78594207763672
      vertex 105.81979370117188 1.6420974731445312 66.0918960571289
      vertex 106.17170715332031 1.9309024810791016 66.0918960571289
    endloop
  endfacet
  facet normal 0.18113978910848288 0.3388884732247894 -0.9232242303563668
    outer loop
      vertex 109.55704498291016 3.1356163024902344 66.69204711914062
      vertex 108.35059356689453 2.1455039978027344 66.0918960571289
      vertex 108.90505981445312 3.484109878540039 66.69204711914062
    endloop
  endfacet
  facet normal -0.056894600665588754 0.18755797604709726 -0.9806044105735092
    outer loop
      vertex 107.16181945800781 0.7244482040405273 65.78594207763672
      vertex 106.57319641113281 2.1455039978027344 66.0918960571289
      vertex 107.00884246826172 2.2776546478271484 66.0918960571289
    endloop
  endfacet
  facet normal 0.7730104267313153 -0.6343933166141253 0
    outer loop
      vertex 113.09150695800781 -5.62961483001709 74.53155517578125
      vertex 114.08161926269531 -4.423159599304199 72.96328735351562
      vertex 114.08161926269531 -4.423159599304199 74.53155517578125
    endloop
  endfacet
  facet normal 0.7730104267313153 -0.6343933166141253 0
    outer loop
      vertex 114.08161926269531 -4.423159599304199 72.96328735351562
      vertex 113.09150695800781 -5.62961483001709 74.53155517578125
      vertex 113.09150695800781 -5.62961483001709 72.96328735351562
    endloop
  endfacet
  facet normal 0.20575629315097327 0.6782884548743652 -0.705399971514684
    outer loop
      vertex 109.40406799316406 4.688823699951172 67.56333923339844
      vertex 108.66835021972656 6.065258026123047 68.67227172851562
      vertex 109.82844543457031 5.713347434997559 68.67227172851562
    endloop
  endfacet
  facet normal 0.33413042569827356 0.6251137921028996 -0.7054003158104079
    outer loop
      vertex 110.89759063720703 5.141877174377441 68.67227172851562
      vertex 109.40406799316406 4.688823699951172 67.56333923339844
      vertex 109.82844543457031 5.713347434997559 68.67227172851562
    endloop
  endfacet
  facet normal 0.49160668981445615 0.2627701029151386 -0.830225713612654
    outer loop
      vertex 110.94600677490234 1.4431648254394531 66.69204711914062
      vertex 110.5975112915039 2.095151901245117 66.69204711914062
      vertex 112.15071868896484 1.942173957824707 67.56333923339844
    endloop
  endfacet
  facet normal 0.533425202073802 0.16181139491252516 -0.8302256478024431
    outer loop
      vertex 111.16060638427734 0.7357187271118164 66.69204711914062
      vertex 110.94600677490234 1.4431648254394531 66.69204711914062
      vertex 112.15071868896484 1.942173957824707 67.56333923339844
    endloop
  endfacet
  facet normal 0.15150665672518548 0.12434059158800427 -0.9806044820678222
    outer loop
      vertex 108.11388397216797 0.43564319610595703 65.78594207763672
      vertex 108.01636505126953 0.5544681549072266 65.78594207763672
      vertex 109.10399627685547 1.6420974731445312 66.0918960571289
    endloop
  endfacet
  facet normal 0.0923926708917765 0.17285413588228543 -0.9806044269091754
    outer loop
      vertex 107.89753723144531 0.6519861221313477 65.78594207763672
      vertex 107.76197052001953 0.7244482040405273 65.78594207763672
      vertex 108.35059356689453 2.1455039978027344 66.0918960571289
    endloop
  endfacet
  facet normal 0.24377138880794455 0.2970392777602317 -0.9232243375617467
    outer loop
      vertex 109.10399627685547 1.6420974731445312 66.0918960571289
      vertex 108.75208282470703 1.9309024810791016 66.0918960571289
      vertex 109.55704498291016 3.1356163024902344 66.69204711914062
    endloop
  endfacet
  facet normal 0.12433862982346458 0.15150857933355244 -0.9806044337662114
    outer loop
      vertex 109.10399627685547 1.6420974731445312 66.0918960571289
      vertex 107.89753723144531 0.6519861221313477 65.78594207763672
      vertex 108.75208282470703 1.9309024810791016 66.0918960571289
    endloop
  endfacet
  facet normal -0.05463699962111288 0.5547429427456796 -0.8302259124757948
    outer loop
      vertex 106.7261734008789 3.698711395263672 66.69204711914062
      vertex 106.47178649902344 4.977628707885742 67.56333923339844
      vertex 107.46189880371094 3.7711734771728516 66.69204711914062
    endloop
  endfacet
  facet normal -0.03766392225306117 0.3824110989054721 -0.9232243391475469
    outer loop
      vertex 107.46189880371094 2.322277069091797 66.0918960571289
      vertex 106.7261734008789 3.698711395263672 66.69204711914062
      vertex 107.46189880371094 3.7711734771728516 66.69204711914062
    endloop
  endfacet
  facet normal 0.7582998450591159 0.6223153126774077 0.1941777448384366
    outer loop
      vertex 113.09150695800781 5.62961483001709 74.53155517578125
      vertex 112.99980926513672 5.537909507751465 75.18355560302734
      vertex 113.60660552978516 4.6659440994262695 75.60844421386719
    endloop
  endfacet
  facet normal 0.4713968392578925 0.8819212095973589 0
    outer loop
      vertex 111.88505554199219 6.619726181030273 72.96328735351562
      vertex 110.50862121582031 7.355445861816406 73.439208984375
      vertex 111.88505554199219 6.619726181030273 74.40299987792969
    endloop
  endfacet
  facet normal 0.47139683925789255 0.8819212095973589 0
    outer loop
      vertex 110.50862121582031 7.355445861816406 73.439208984375
      vertex 111.88505554199219 6.619726181030273 72.96328735351562
      vertex 110.50862121582031 7.355445861816406 72.96328735351562
    endloop
  endfacet
  facet normal 0.9200796007844992 -0.09061770201516367 0.3811062323050197
    outer loop
      vertex 114.92584991455078 0 76.53218841552734
      vertex 114.89392852783203 -0.41812485456466675 76.50983428955078
      vertex 115.11741638183594 0 76.0697021484375
    endloop
  endfacet
  facet normal 0.2057578508710035 -0.6782887177659256 -0.7053992643577127
    outer loop
      vertex 108.66835021972656 -6.065258026123047 68.67227172851562
      vertex 108.45201110839844 -4.977628707885742 67.56333923339844
      vertex 109.40406799316406 -4.688823699951172 67.56333923339844
    endloop
  endfacet
  facet normal 0.06947544142054685 -0.7053967914292584 -0.7053995532184065
    outer loop
      vertex 108.66835021972656 -6.065258026123047 68.67227172851562
      vertex 107.46189880371094 -6.184082984924316 68.67227172851562
      vertex 108.45201110839844 -4.977628707885742 67.56333923339844
    endloop
  endfacet
  facet normal -0.05463699962111288 -0.5547429427456796 -0.8302259124757948
    outer loop
      vertex 107.46189880371094 -3.7711734771728516 66.69204711914062
      vertex 106.47178649902344 -4.977628707885742 67.56333923339844
      vertex 106.7261734008789 -3.698711395263672 66.69204711914062
    endloop
  endfacet
  facet normal 0.05463753530937814 -0.5547426290388726 -0.8302260868356017
    outer loop
      vertex 108.45201110839844 -4.977628707885742 67.56333923339844
      vertex 107.46189880371094 -3.7711734771728516 66.69204711914062
      vertex 108.19761657714844 -3.698711395263672 66.69204711914062
    endloop
  endfacet
  facet normal 0.11154420572968807 -0.36771512976089593 -0.9232244978947757
    outer loop
      vertex 108.19761657714844 -3.698711395263672 66.69204711914062
      vertex 107.91494750976562 -2.2776546478271484 66.0918960571289
      vertex 108.35059356689453 -2.1455039978027344 66.0918960571289
    endloop
  endfacet
  facet normal 0.019211544399564715 -0.19505363189313135 -0.9806044040524611
    outer loop
      vertex 107.91494750976562 -2.2776546478271484 66.0918960571289
      vertex 107.46189880371094 -2.322277069091797 66.0918960571289
      vertex 107.61487579345703 -0.7690696716308594 65.78594207763672
    endloop
  endfacet
  facet normal 0.3536269658973164 -0.4308974226525752 -0.8302261018190323
    outer loop
      vertex 110.281494140625 -4.219829559326172 67.56333923339844
      vertex 109.55704498291016 -3.1356163024902344 66.69204711914062
      vertex 111.05056762695312 -3.588669776916504 67.56333923339844
    endloop
  endfacet
  facet normal 0.26276926464077943 -0.49160661844868364 -0.8302260211879621
    outer loop
      vertex 110.281494140625 -4.219829559326172 67.56333923339844
      vertex 109.40406799316406 -4.688823699951172 67.56333923339844
      vertex 109.55704498291016 -3.1356163024902344 66.69204711914062
    endloop
  endfacet
  facet normal 0.24172174458567203 -0.796850808953135 -0.5537141739789524
    outer loop
      vertex 110.161865234375 -6.518311500549316 69.97624969482422
      vertex 108.66835021972656 -6.065258026123047 68.67227172851562
      vertex 109.82844543457031 -5.713347434997559 68.67227172851562
    endloop
  endfacet
  facet normal 0.20575629315097327 -0.6782884548743652 -0.705399971514684
    outer loop
      vertex 109.82844543457031 -5.713347434997559 68.67227172851562
      vertex 108.66835021972656 -6.065258026123047 68.67227172851562
      vertex 109.40406799316406 -4.688823699951172 67.56333923339844
    endloop
  endfacet
  facet normal 0.12433829225321887 -0.15150898454599843 -0.9806044139618144
    outer loop
      vertex 109.10399627685547 -1.6420974731445312 66.0918960571289
      vertex 107.89753723144531 -0.6519861221313477 65.78594207763672
      vertex 108.01636505126953 -0.5544681549072266 65.78594207763672
    endloop
  endfacet
  facet normal 0.12433829225321887 0.15150898454599843 -0.9806044139618144
    outer loop
      vertex 108.01636505126953 0.5544681549072266 65.78594207763672
      vertex 107.89753723144531 0.6519861221313477 65.78594207763672
      vertex 109.10399627685547 1.6420974731445312 66.0918960571289
    endloop
  endfacet
  facet normal -0.15150717159017882 -0.12434101413457246 -0.9806043489403513
    outer loop
      vertex 106.90742492675781 -0.5544681549072266 65.78594207763672
      vertex 105.53099060058594 -1.2901878356933594 66.0918960571289
      vertex 106.80990600585938 -0.43564319610595703 65.78594207763672
    endloop
  endfacet
  facet normal 0.3677151499974604 0.11154333447499062 -0.9232245950994513
    outer loop
      vertex 109.73954772949219 0.45305347442626953 66.0918960571289
      vertex 109.6073989868164 0.8886966705322266 66.0918960571289
      vertex 111.16060638427734 0.7357187271118164 66.69204711914062
    endloop
  endfacet
  facet normal 0.15150847861520927 0.12433907382034086 -0.9806043930297298
    outer loop
      vertex 109.3927993774414 1.2901878356933594 66.0918960571289
      vertex 108.11388397216797 0.43564319610595703 65.78594207763672
      vertex 109.10399627685547 1.6420974731445312 66.0918960571289
    endloop
  endfacet
  facet normal 0.19505372467571466 -0.019212563275374617 -0.9806043656350507
    outer loop
      vertex 109.78417205810547 0 66.0918960571289
      vertex 108.23096466064453 -0.15297698974609375 65.78594207763672
      vertex 108.24603271484375 0 65.78594207763672
    endloop
  endfacet
  facet normal 0.3824106506246496 0.03766521125229711 -0.9232244722439673
    outer loop
      vertex 111.23307037353516 0 66.69204711914062
      vertex 109.78417205810547 0 66.0918960571289
      vertex 111.16060638427734 0.7357187271118164 66.69204711914062
    endloop
  endfacet
  facet normal 0.5547430181141079 0.054638940975818964 -0.8302257343534296
    outer loop
      vertex 111.23307037353516 0 66.69204711914062
      vertex 111.16060638427734 0.7357187271118164 66.69204711914062
      vertex 112.43952178955078 0.9901113510131836 67.56333923339844
    endloop
  endfacet
  facet normal 0.533425202073802 -0.16181139491252516 -0.8302256478024431
    outer loop
      vertex 112.15071868896484 -1.942173957824707 67.56333923339844
      vertex 110.94600677490234 -1.4431648254394531 66.69204711914062
      vertex 111.16060638427734 -0.7357187271118164 66.69204711914062
    endloop
  endfacet
  facet normal 0.49160668981445615 -0.2627701029151386 -0.830225713612654
    outer loop
      vertex 112.15071868896484 -1.942173957824707 67.56333923339844
      vertex 110.5975112915039 -2.095151901245117 66.69204711914062
      vertex 110.94600677490234 -1.4431648254394531 66.69204711914062
    endloop
  endfacet
  facet normal -0.18755639051676307 -0.056897763446619495 -0.9806045303235632
    outer loop
      vertex 106.7374496459961 -0.3000755310058594 65.78594207763672
      vertex 105.31639099121094 -0.8886966705322266 66.0918960571289
      vertex 106.69282531738281 -0.15297698974609375 65.78594207763672
    endloop
  endfacet
  facet normal -0.09239269898477251 0.1728541884404646 -0.9806044149976573
    outer loop
      vertex 107.02625274658203 0.6519861221313477 65.78594207763672
      vertex 106.17170715332031 1.9309024810791016 66.0918960571289
      vertex 107.16181945800781 0.7244482040405273 65.78594207763672
    endloop
  endfacet
  facet normal -0.2437718075896235 0.2970397880523052 -0.9232240628029196
    outer loop
      vertex 105.81979370117188 1.6420974731445312 66.0918960571289
      vertex 104.79527282714844 2.6666221618652344 66.69204711914062
      vertex 106.17170715332031 1.9309024810791016 66.0918960571289
    endloop
  endfacet
  facet normal -0.2437726369641825 0.2970384174773088 -0.9232242847813877
    outer loop
      vertex 106.17170715332031 1.9309024810791016 66.0918960571289
      vertex 104.79527282714844 2.6666221618652344 66.69204711914062
      vertex 105.36674499511719 3.1356163024902344 66.69204711914062
    endloop
  endfacet
  facet normal -0.1728548296327219 0.09239201789876722 -0.9806043661442858
    outer loop
      vertex 106.80990600585938 0.43564319610595703 65.78594207763672
      vertex 105.31639099121094 0.8886966705322266 66.0918960571289
      vertex 105.53099060058594 1.2901878356933594 66.0918960571289
    endloop
  endfacet
  facet normal -0.15150717159017882 0.12434101413457246 -0.9806043489403513
    outer loop
      vertex 106.80990600585938 0.43564319610595703 65.78594207763672
      vertex 105.53099060058594 1.2901878356933594 66.0918960571289
      vertex 106.90742492675781 0.5544681549072266 65.78594207763672
    endloop
  endfacet
  facet normal 0.6223166575450514 0.7582983396800803 0.1941793134718232
    outer loop
      vertex 113.09150695800781 5.62961483001709 74.53155517578125
      vertex 112.6974868774414 5.840224742889404 74.97187042236328
      vertex 112.99980926513672 5.537909507751465 75.18355560302734
    endloop
  endfacet
  facet normal 0.7146710745541317 -0.5865157761137507 -0.38110956372849975
    outer loop
      vertex 112.87516784667969 -5.413271903991699 71.42514038085938
      vertex 112.45079803466797 -4.988899230957031 69.97624969482422
      vertex 113.3282241821289 -3.919753074645996 69.97624969482422
    endloop
  endfacet
  facet normal 0.7146704341389607 -0.5865161655169775 -0.38111016537858305
    outer loop
      vertex 113.82723236083984 -4.253180503845215 71.42514038085938
      vertex 112.87516784667969 -5.413271903991699 71.42514038085938
      vertex 113.3282241821289 -3.919753074645996 69.97624969482422
    endloop
  endfacet
  facet normal 0.26276926464077943 0.49160661844868364 -0.8302260211879621
    outer loop
      vertex 109.55704498291016 3.1356163024902344 66.69204711914062
      vertex 109.40406799316406 4.688823699951172 67.56333923339844
      vertex 110.281494140625 4.219829559326172 67.56333923339844
    endloop
  endfacet
  facet normal 0.3341303824610549 0.6251138528975156 -0.7054002824156311
    outer loop
      vertex 110.281494140625 4.219829559326172 67.56333923339844
      vertex 109.40406799316406 4.688823699951172 67.56333923339844
      vertex 110.89759063720703 5.141877174377441 68.67227172851562
    endloop
  endfacet
  facet normal -0.09239269898477251 -0.1728541884404646 -0.9806044149976573
    outer loop
      vertex 107.16181945800781 -0.7244482040405273 65.78594207763672
      vertex 106.17170715332031 -1.9309024810791016 66.0918960571289
      vertex 107.02625274658203 -0.6519861221313477 65.78594207763672
    endloop
  endfacet
  facet normal -0.12433819827476862 -0.15150887003115907 -0.9806044435712422
    outer loop
      vertex 107.02625274658203 -0.6519861221313477 65.78594207763672
      vertex 106.17170715332031 -1.9309024810791016 66.0918960571289
      vertex 106.90742492675781 -0.5544681549072266 65.78594207763672
    endloop
  endfacet
  facet normal 0.05463710413435185 0.5547428815412323 -0.830225946493569
    outer loop
      vertex 108.45201110839844 4.977628707885742 67.56333923339844
      vertex 107.46189880371094 3.7711734771728516 66.69204711914062
      vertex 107.46189880371094 5.075145721435547 67.56333923339844
    endloop
  endfacet
  facet normal 0.05463753530937814 0.5547426290388726 -0.8302260868356017
    outer loop
      vertex 108.19761657714844 3.698711395263672 66.69204711914062
      vertex 107.46189880371094 3.7711734771728516 66.69204711914062
      vertex 108.45201110839844 4.977628707885742 67.56333923339844
    endloop
  endfacet
  facet normal -0.1115456825893282 0.36771519606722947 -0.9232242930495924
    outer loop
      vertex 106.57319641113281 2.1455039978027344 66.0918960571289
      vertex 106.01873016357422 3.484109878540039 66.69204711914062
      vertex 106.7261734008789 3.698711395263672 66.69204711914062
    endloop
  endfacet
  facet normal -0.18113978910848288 0.3388884732247894 -0.9232242303563668
    outer loop
      vertex 106.57319641113281 2.1455039978027344 66.0918960571289
      vertex 105.36674499511719 3.1356163024902344 66.69204711914062
      vertex 106.01873016357422 3.484109878540039 66.69204711914062
    endloop
  endfacet
  facet normal 0.46242574073503795 0.8651323262630738 -0.19418674609842373
    outer loop
      vertex 111.71507263183594 6.365333557128906 71.42514038085938
      vertex 110.39154052734375 7.072780609130859 71.42514038085938
      vertex 111.88505554199219 6.619726181030273 72.96328735351562
    endloop
  endfacet
  facet normal 0.6223181595995971 0.7582951393223394 -0.1941869972801589
    outer loop
      vertex 113.09150695800781 5.62961483001709 72.96328735351562
      vertex 111.71507263183594 6.365333557128906 71.42514038085938
      vertex 111.88505554199219 6.619726181030273 72.96328735351562
    endloop
  endfacet
  facet normal 0.46242381919688763 0.8651338744968503 -0.19418442429152857
    outer loop
      vertex 111.88505554199219 6.619726181030273 72.96328735351562
      vertex 110.39154052734375 7.072780609130859 71.42514038085938
      vertex 110.50862121582031 7.355445861816406 72.96328735351562
    endloop
  endfacet
  facet normal 0.2847584553932531 0.9387251472186933 -0.19418475754108883
    outer loop
      vertex 110.39154052734375 7.072780609130859 71.42514038085938
      vertex 108.95541381835938 7.508423805236816 71.42514038085938
      vertex 110.50862121582031 7.355445861816406 72.96328735351562
    endloop
  endfacet
  facet normal 0.6343958476708493 0.7730083495396312 0
    outer loop
      vertex 113.09150695800781 5.62961483001709 72.96328735351562
      vertex 112.06865692138672 6.469051837921143 74.53155517578125
      vertex 113.09150695800781 5.62961483001709 74.53155517578125
    endloop
  endfacet
  facet normal 0.6343881898475561 0.7730146340866242 -0.00000835844871248288
    outer loop
      vertex 112.06865692138672 6.469051837921143 74.53155517578125
      vertex 113.09150695800781 5.62961483001709 72.96328735351562
      vertex 111.88505554199219 6.619726181030273 74.40299987792969
    endloop
  endfacet
  facet normal 0.634394150098583 0.773009742707488 0
    outer loop
      vertex 111.88505554199219 6.619726181030273 74.40299987792969
      vertex 113.09150695800781 5.62961483001709 72.96328735351562
      vertex 111.88505554199219 6.619726181030273 72.96328735351562
    endloop
  endfacet
  facet normal 0.6223201469159908 0.7582941651005002 0.19418443273598182
    outer loop
      vertex 113.09150695800781 5.62961483001709 74.53155517578125
      vertex 112.06865692138672 6.469051837921143 74.53155517578125
      vertex 112.6974868774414 5.840224742889404 74.97187042236328
    endloop
  endfacet
  facet normal -0.03766440873075082 -0.38241087132433016 -0.9232244135679741
    outer loop
      vertex 107.46189880371094 -2.322277069091797 66.0918960571289
      vertex 106.7261734008789 -3.698711395263672 66.69204711914062
      vertex 107.00884246826172 -2.2776546478271484 66.0918960571289
    endloop
  endfacet
  facet normal 0.056894600665588754 -0.18755797604709726 -0.9806044105735092
    outer loop
      vertex 107.91494750976562 -2.2776546478271484 66.0918960571289
      vertex 107.76197052001953 -0.7244482040405273 65.78594207763672
      vertex 108.35059356689453 -2.1455039978027344 66.0918960571289
    endloop
  endfacet
  facet normal 0.05689602616720695 0.18755782504498922 -0.9806043567467839
    outer loop
      vertex 107.76197052001953 0.7244482040405273 65.78594207763672
      vertex 107.61487579345703 0.7690696716308594 65.78594207763672
      vertex 107.91494750976562 2.2776546478271484 66.0918960571289
    endloop
  endfacet
  facet normal 0.09239287346522562 -0.17285407279990875 -0.9806044189423802
    outer loop
      vertex 108.35059356689453 -2.1455039978027344 66.0918960571289
      vertex 107.89753723144531 -0.6519861221313477 65.78594207763672
      vertex 108.75208282470703 -1.9309024810791016 66.0918960571289
    endloop
  endfacet
  facet normal 0.1875574619388274 0.05689808847696903 -0.980604306536909
    outer loop
      vertex 108.23096466064453 0.15297698974609375 65.78594207763672
      vertex 108.18634033203125 0.3000755310058594 65.78594207763672
      vertex 109.73954772949219 0.45305347442626953 66.0918960571289
    endloop
  endfacet
  facet normal 0.15150847861520927 -0.12433907382034086 -0.9806043930297298
    outer loop
      vertex 109.10399627685547 -1.6420974731445312 66.0918960571289
      vertex 108.11388397216797 -0.43564319610595703 65.78594207763672
      vertex 109.3927993774414 -1.2901878356933594 66.0918960571289
    endloop
  endfacet
  facet normal -0.1115456825893282 -0.36771519606722947 -0.9232242930495924
    outer loop
      vertex 106.7261734008789 -3.698711395263672 66.69204711914062
      vertex 106.01873016357422 -3.484109878540039 66.69204711914062
      vertex 106.57319641113281 -2.1455039978027344 66.0918960571289
    endloop
  endfacet
  facet normal -0.18113978910848288 -0.3388884732247894 -0.9232242303563668
    outer loop
      vertex 106.01873016357422 -3.484109878540039 66.69204711914062
      vertex 105.36674499511719 -3.1356163024902344 66.69204711914062
      vertex 106.57319641113281 -2.1455039978027344 66.0918960571289
    endloop
  endfacet
  facet normal 0.019211336285360682 -0.19505361294146062 -0.9806044118994232
    outer loop
      vertex 107.61487579345703 -0.7690696716308594 65.78594207763672
      vertex 107.46189880371094 -2.322277069091797 66.0918960571289
      vertex 107.46189880371094 -0.7841367721557617 65.78594207763672
    endloop
  endfacet
  facet normal -0.01921122697718304 -0.19505369379543674 -0.9806043979581099
    outer loop
      vertex 107.46189880371094 -2.322277069091797 66.0918960571289
      vertex 107.00884246826172 -2.2776546478271484 66.0918960571289
      vertex 107.30891418457031 -0.7690696716308594 65.78594207763672
    endloop
  endfacet
  facet normal 0.2970383847533323 0.24377342372787533 -0.9232240875687339
    outer loop
      vertex 110.5975112915039 2.095151901245117 66.69204711914062
      vertex 109.10399627685547 1.6420974731445312 66.0918960571289
      vertex 110.1285171508789 2.6666221618652344 66.69204711914062
    endloop
  endfacet
  facet normal 0.2970388696351451 0.2437720863983866 -0.9232242846778094
    outer loop
      vertex 109.3927993774414 1.2901878356933594 66.0918960571289
      vertex 109.10399627685547 1.6420974731445312 66.0918960571289
      vertex 110.5975112915039 2.095151901245117 66.69204711914062
    endloop
  endfacet
  facet normal -0.17285667760030646 -0.09238608356743004 -0.9806045995058638
    outer loop
      vertex 106.80990600585938 -0.43564319610595703 65.78594207763672
      vertex 105.31639099121094 -0.8886966705322266 66.0918960571289
      vertex 106.7374496459961 -0.3000755310058594 65.78594207763672
    endloop
  endfacet
  facet normal -0.38241019289540773 0.03766618970187391 -0.9232246219220106
    outer loop
      vertex 105.13961791992188 0 66.0918960571289
      vertex 103.76318359375 0.7357187271118164 66.69204711914062
      vertex 105.18424224853516 0.45305347442626953 66.0918960571289
    endloop
  endfacet
  facet normal 0.019211544399564715 0.19505363189313135 -0.9806044040524611
    outer loop
      vertex 107.61487579345703 0.7690696716308594 65.78594207763672
      vertex 107.46189880371094 2.322277069091797 66.0918960571289
      vertex 107.91494750976562 2.2776546478271484 66.0918960571289
    endloop
  endfacet
  facet normal -0.01921122697718304 0.19505369379543674 -0.9806043979581099
    outer loop
      vertex 107.30891418457031 0.7690696716308594 65.78594207763672
      vertex 107.00884246826172 2.2776546478271484 66.0918960571289
      vertex 107.46189880371094 2.322277069091797 66.0918960571289
    endloop
  endfacet
  facet normal 0.2902842818766648 0.9569404556686633 0
    outer loop
      vertex 110.50862121582031 7.355445861816406 72.96328735351562
      vertex 109.82892608642578 7.561628818511963 72.96328735351562
      vertex 110.50862121582031 7.355445861816406 73.439208984375
    endloop
  endfacet
  facet normal 0.18755788183559088 -0.05689412456123326 -0.9806044562165509
    outer loop
      vertex 109.6073989868164 -0.8886966705322266 66.0918960571289
      vertex 108.18634033203125 -0.3000755310058594 65.78594207763672
      vertex 109.73954772949219 -0.45305347442626953 66.0918960571289
    endloop
  endfacet
  facet normal 0 0 -1
    outer loop
      vertex 108.23096466064453 -0.15297698974609375 65.78594207763672
      vertex 108.23096466064453 0.15297698974609375 65.78594207763672
      vertex 108.24603271484375 0 65.78594207763672
    endloop
  endfacet
  facet normal 0 0 -1
    outer loop
      vertex 108.18634033203125 -0.3000755310058594 65.78594207763672
      vertex 108.23096466064453 0.15297698974609375 65.78594207763672
      vertex 108.23096466064453 -0.15297698974609375 65.78594207763672
    endloop
  endfacet
  facet normal 0 0 -1
    outer loop
      vertex 108.18634033203125 -0.3000755310058594 65.78594207763672
      vertex 108.18634033203125 0.3000755310058594 65.78594207763672
      vertex 108.23096466064453 0.15297698974609375 65.78594207763672
    endloop
  endfacet
  facet normal 0 0 -1
    outer loop
      vertex 108.11388397216797 -0.43564319610595703 65.78594207763672
      vertex 108.18634033203125 0.3000755310058594 65.78594207763672
      vertex 108.18634033203125 -0.3000755310058594 65.78594207763672
    endloop
  endfacet
  facet normal 0 0 -1
    outer loop
      vertex 108.11388397216797 -0.43564319610595703 65.78594207763672
      vertex 108.11388397216797 0.43564319610595703 65.78594207763672
      vertex 108.18634033203125 0.3000755310058594 65.78594207763672
    endloop
  endfacet
  facet normal 0 0 -1
    outer loop
      vertex 108.01636505126953 -0.5544681549072266 65.78594207763672
      vertex 108.11388397216797 0.43564319610595703 65.78594207763672
      vertex 108.11388397216797 -0.43564319610595703 65.78594207763672
    endloop
  endfacet
  facet normal 0 0 -1
    outer loop
      vertex 108.01636505126953 -0.5544681549072266 65.78594207763672
      vertex 108.01636505126953 0.5544681549072266 65.78594207763672
      vertex 108.11388397216797 0.43564319610595703 65.78594207763672
    endloop
  endfacet
  facet normal 0 0 -1
    outer loop
      vertex 107.89753723144531 -0.6519861221313477 65.78594207763672
      vertex 108.01636505126953 0.5544681549072266 65.78594207763672
      vertex 108.01636505126953 -0.5544681549072266 65.78594207763672
    endloop
  endfacet
  facet normal 0 0 -1
    outer loop
      vertex 107.89753723144531 -0.6519861221313477 65.78594207763672
      vertex 107.89753723144531 0.6519861221313477 65.78594207763672
      vertex 108.01636505126953 0.5544681549072266 65.78594207763672
    endloop
  endfacet
  facet normal 0 0 -1
    outer loop
      vertex 107.76197052001953 -0.7244482040405273 65.78594207763672
      vertex 107.89753723144531 0.6519861221313477 65.78594207763672
      vertex 107.89753723144531 -0.6519861221313477 65.78594207763672
    endloop
  endfacet
  facet normal 0 0 -1
    outer loop
      vertex 107.76197052001953 -0.7244482040405273 65.78594207763672
      vertex 107.76197052001953 0.7244482040405273 65.78594207763672
      vertex 107.89753723144531 0.6519861221313477 65.78594207763672
    endloop
  endfacet
  facet normal 0 0 -1
    outer loop
      vertex 107.61487579345703 -0.7690696716308594 65.78594207763672
      vertex 107.76197052001953 0.7244482040405273 65.78594207763672
      vertex 107.76197052001953 -0.7244482040405273 65.78594207763672
    endloop
  endfacet
  facet normal 0 0 -1
    outer loop
      vertex 107.61487579345703 -0.7690696716308594 65.78594207763672
      vertex 107.61487579345703 0.7690696716308594 65.78594207763672
      vertex 107.76197052001953 0.7244482040405273 65.78594207763672
    endloop
  endfacet
  facet normal 0 0 -1
    outer loop
      vertex 107.46189880371094 -0.7841367721557617 65.78594207763672
      vertex 107.61487579345703 0.7690696716308594 65.78594207763672
      vertex 107.61487579345703 -0.7690696716308594 65.78594207763672
    endloop
  endfacet
  facet normal 0 0 -1
    outer loop
      vertex 107.46189880371094 -0.7841367721557617 65.78594207763672
      vertex 107.46189880371094 0.7841367721557617 65.78594207763672
      vertex 107.61487579345703 0.7690696716308594 65.78594207763672
    endloop
  endfacet
  facet normal 0 0 -1
    outer loop
      vertex 107.30891418457031 -0.7690696716308594 65.78594207763672
      vertex 107.46189880371094 0.7841367721557617 65.78594207763672
      vertex 107.46189880371094 -0.7841367721557617 65.78594207763672
    endloop
  endfacet
  facet normal 0 0 -1
    outer loop
      vertex 107.30891418457031 -0.7690696716308594 65.78594207763672
      vertex 107.30891418457031 0.7690696716308594 65.78594207763672
      vertex 107.46189880371094 0.7841367721557617 65.78594207763672
    endloop
  endfacet
  facet normal 0 0 -1
    outer loop
      vertex 107.16181945800781 -0.7244482040405273 65.78594207763672
      vertex 107.30891418457031 0.7690696716308594 65.78594207763672
      vertex 107.30891418457031 -0.7690696716308594 65.78594207763672
    endloop
  endfacet
  facet normal 0 0 -1
    outer loop
      vertex 107.16181945800781 -0.7244482040405273 65.78594207763672
      vertex 107.16181945800781 0.7244482040405273 65.78594207763672
      vertex 107.30891418457031 0.7690696716308594 65.78594207763672
    endloop
  endfacet
  facet normal 0 0 -1
    outer loop
      vertex 107.02625274658203 -0.6519861221313477 65.78594207763672
      vertex 107.16181945800781 0.7244482040405273 65.78594207763672
      vertex 107.16181945800781 -0.7244482040405273 65.78594207763672
    endloop
  endfacet
  facet normal 0 0 -1
    outer loop
      vertex 107.02625274658203 -0.6519861221313477 65.78594207763672
      vertex 107.02625274658203 0.6519861221313477 65.78594207763672
      vertex 107.16181945800781 0.7244482040405273 65.78594207763672
    endloop
  endfacet
  facet normal 0 0 -1
    outer loop
      vertex 106.90742492675781 -0.5544681549072266 65.78594207763672
      vertex 107.02625274658203 0.6519861221313477 65.78594207763672
      vertex 107.02625274658203 -0.6519861221313477 65.78594207763672
    endloop
  endfacet
  facet normal 0 0 -1
    outer loop
      vertex 106.90742492675781 -0.5544681549072266 65.78594207763672
      vertex 106.90742492675781 0.5544681549072266 65.78594207763672
      vertex 107.02625274658203 0.6519861221313477 65.78594207763672
    endloop
  endfacet
  facet normal 0 0 -1
    outer loop
      vertex 106.80990600585938 -0.43564319610595703 65.78594207763672
      vertex 106.90742492675781 0.5544681549072266 65.78594207763672
      vertex 106.90742492675781 -0.5544681549072266 65.78594207763672
    endloop
  endfacet
  facet normal 0 0 -1
    outer loop
      vertex 106.80990600585938 -0.43564319610595703 65.78594207763672
      vertex 106.80990600585938 0.43564319610595703 65.78594207763672
      vertex 106.90742492675781 0.5544681549072266 65.78594207763672
    endloop
  endfacet
  facet normal 0 0 -1
    outer loop
      vertex 106.7374496459961 -0.3000755310058594 65.78594207763672
      vertex 106.80990600585938 0.43564319610595703 65.78594207763672
      vertex 106.80990600585938 -0.43564319610595703 65.78594207763672
    endloop
  endfacet
  facet normal 0 0 -1
    outer loop
      vertex 106.7374496459961 -0.3000755310058594 65.78594207763672
      vertex 106.7374496459961 0.3000755310058594 65.78594207763672
      vertex 106.80990600585938 0.43564319610595703 65.78594207763672
    endloop
  endfacet
  facet normal 0 0 -1
    outer loop
      vertex 106.69282531738281 -0.15297698974609375 65.78594207763672
      vertex 106.7374496459961 0.3000755310058594 65.78594207763672
      vertex 106.7374496459961 -0.3000755310058594 65.78594207763672
    endloop
  endfacet
  facet normal 0 0 -1
    outer loop
      vertex 106.69282531738281 -0.15297698974609375 65.78594207763672
      vertex 106.69282531738281 0.15297698974609375 65.78594207763672
      vertex 106.7374496459961 0.3000755310058594 65.78594207763672
    endloop
  endfacet
  facet normal 0 0 -1
    outer loop
      vertex 106.69282531738281 0.15297698974609375 65.78594207763672
      vertex 106.69282531738281 -0.15297698974609375 65.78594207763672
      vertex 106.6777572631836 0 65.78594207763672
    endloop
  endfacet
  facet normal 0.03766503171591805 0.38241075671804153 -0.9232244356234154
    outer loop
      vertex 107.91494750976562 2.2776546478271484 66.0918960571289
      vertex 107.46189880371094 2.322277069091797 66.0918960571289
      vertex 108.19761657714844 3.698711395263672 66.69204711914062
    endloop
  endfacet
  facet normal 0.7730104267313153 0.6343933166141253 0
    outer loop
      vertex 114.08161926269531 4.423159599304199 74.53155517578125
      vertex 113.09150695800781 5.62961483001709 72.96328735351562
      vertex 113.09150695800781 5.62961483001709 74.53155517578125
    endloop
  endfacet
  facet normal 0.7730104267313153 0.6343933166141253 0
    outer loop
      vertex 113.09150695800781 5.62961483001709 72.96328735351562
      vertex 114.08161926269531 4.423159599304199 74.53155517578125
      vertex 114.08161926269531 4.423159599304199 72.96328735351562
    endloop
  endfacet
  facet normal 0.17285667760030646 0.09238608356743004 -0.9806045995058638
    outer loop
      vertex 108.18634033203125 0.3000755310058594 65.78594207763672
      vertex 108.11388397216797 0.43564319610595703 65.78594207763672
      vertex 109.6073989868164 0.8886966705322266 66.0918960571289
    endloop
  endfacet
  facet normal -0.03766392225306117 -0.3824110989054721 -0.9232243391475469
    outer loop
      vertex 107.46189880371094 -3.7711734771728516 66.69204711914062
      vertex 106.7261734008789 -3.698711395263672 66.69204711914062
      vertex 107.46189880371094 -2.322277069091797 66.0918960571289
    endloop
  endfacet
  facet normal 0.03766431227393052 -0.3824110932799524 -0.9232243255663074
    outer loop
      vertex 108.19761657714844 -3.698711395263672 66.69204711914062
      vertex 107.46189880371094 -3.7711734771728516 66.69204711914062
      vertex 107.46189880371094 -2.322277069091797 66.0918960571289
    endloop
  endfacet
  facet normal 0.17285667760030646 -0.09238608356743004 -0.9806045995058638
    outer loop
      vertex 109.6073989868164 -0.8886966705322266 66.0918960571289
      vertex 108.11388397216797 -0.43564319610595703 65.78594207763672
      vertex 108.18634033203125 -0.3000755310058594 65.78594207763672
    endloop
  endfacet
  facet normal -0.19505368876919016 0.01921216897385377 -0.9806043805025817
    outer loop
      vertex 106.69282531738281 0.15297698974609375 65.78594207763672
      vertex 105.13961791992188 0 66.0918960571289
      vertex 105.18424224853516 0.45305347442626953 66.0918960571289
    endloop
  endfacet
  facet normal 0.18755788183559088 0.05689412456123326 -0.9806044562165509
    outer loop
      vertex 109.73954772949219 0.45305347442626953 66.0918960571289
      vertex 108.18634033203125 0.3000755310058594 65.78594207763672
      vertex 109.6073989868164 0.8886966705322266 66.0918960571289
    endloop
  endfacet
  facet normal 0.15150665672518548 -0.12434059158800427 -0.9806044820678222
    outer loop
      vertex 109.10399627685547 -1.6420974731445312 66.0918960571289
      vertex 108.01636505126953 -0.5544681549072266 65.78594207763672
      vertex 108.11388397216797 -0.43564319610595703 65.78594207763672
    endloop
  endfacet
  facet normal 0.3388893011393262 -0.18113851052408286 -0.9232241773147061
    outer loop
      vertex 110.5975112915039 -2.095151901245117 66.69204711914062
      vertex 109.3927993774414 -1.2901878356933594 66.0918960571289
      vertex 109.6073989868164 -0.8886966705322266 66.0918960571289
    endloop
  endfacet
  facet normal 0.2970388696351451 -0.2437720863983866 -0.9232242846778094
    outer loop
      vertex 110.5975112915039 -2.095151901245117 66.69204711914062
      vertex 109.10399627685547 -1.6420974731445312 66.0918960571289
      vertex 109.3927993774414 -1.2901878356933594 66.0918960571289
    endloop
  endfacet
  facet normal -0.1875582436145287 0.05689423430386711 -0.9806043806526717
    outer loop
      vertex 106.69282531738281 0.15297698974609375 65.78594207763672
      vertex 105.18424224853516 0.45305347442626953 66.0918960571289
      vertex 105.31639099121094 0.8886966705322266 66.0918960571289
    endloop
  endfacet
  facet normal -0.18755639051676307 0.056897763446619495 -0.9806045303235632
    outer loop
      vertex 106.69282531738281 0.15297698974609375 65.78594207763672
      vertex 105.31639099121094 0.8886966705322266 66.0918960571289
      vertex 106.7374496459961 0.3000755310058594 65.78594207763672
    endloop
  endfacet
  facet normal 0.1875574619388274 -0.05689808847696903 -0.980604306536909
    outer loop
      vertex 109.73954772949219 -0.45305347442626953 66.0918960571289
      vertex 108.18634033203125 -0.3000755310058594 65.78594207763672
      vertex 108.23096466064453 -0.15297698974609375 65.78594207763672
    endloop
  endfacet
  facet normal 0.19505368876919016 -0.01921216897385377 -0.9806043805025817
    outer loop
      vertex 109.73954772949219 -0.45305347442626953 66.0918960571289
      vertex 108.23096466064453 -0.15297698974609375 65.78594207763672
      vertex 109.78417205810547 0 66.0918960571289
    endloop
  endfacet
  facet normal 0.056894600665588754 0.18755797604709726 -0.9806044105735092
    outer loop
      vertex 108.35059356689453 2.1455039978027344 66.0918960571289
      vertex 107.76197052001953 0.7244482040405273 65.78594207763672
      vertex 107.91494750976562 2.2776546478271484 66.0918960571289
    endloop
  endfacet
  facet normal 0.11154420572968807 0.36771512976089593 -0.9232244978947757
    outer loop
      vertex 108.35059356689453 2.1455039978027344 66.0918960571289
      vertex 107.91494750976562 2.2776546478271484 66.0918960571289
      vertex 108.19761657714844 3.698711395263672 66.69204711914062
    endloop
  endfacet
  facet normal -0.019210378563119353 -0.19505361653151174 -0.9806044299478968
    outer loop
      vertex 107.46189880371094 -2.322277069091797 66.0918960571289
      vertex 107.30891418457031 -0.7690696716308594 65.78594207763672
      vertex 107.46189880371094 -0.7841367721557617 65.78594207763672
    endloop
  endfacet
  facet normal -0.05689602616720695 -0.18755782504498922 -0.9806043567467839
    outer loop
      vertex 107.30891418457031 -0.7690696716308594 65.78594207763672
      vertex 107.00884246826172 -2.2776546478271484 66.0918960571289
      vertex 107.16181945800781 -0.7244482040405273 65.78594207763672
    endloop
  endfacet
  facet normal 0.05463710413435185 -0.5547428815412323 -0.830225946493569
    outer loop
      vertex 108.45201110839844 -4.977628707885742 67.56333923339844
      vertex 107.46189880371094 -5.075145721435547 67.56333923339844
      vertex 107.46189880371094 -3.7711734771728516 66.69204711914062
    endloop
  endfacet
  facet normal -0.05463710413435185 -0.5547428815412323 -0.830225946493569
    outer loop
      vertex 107.46189880371094 -5.075145721435547 67.56333923339844
      vertex 106.47178649902344 -4.977628707885742 67.56333923339844
      vertex 107.46189880371094 -3.7711734771728516 66.69204711914062
    endloop
  endfacet
endsolid OpenSCAD_Model
