solid OpenSCAD_Model
  facet normal 0.9569403434109176 0.2902846519411509 0
    outer loop
      vertex 16.673349380493164 3.316534996032715 12
      vertex 15.705951690673828 6.505618095397949 0
      vertex 15.705951690673828 6.505618095397949 12
    endloop
  endfacet
  facet normal 0.9569403434109176 0.2902846519411509 0
    outer loop
      vertex 15.705951690673828 6.505618095397949 0
      vertex 16.673349380493164 3.316534996032715 12
      vertex 16.673349380493164 3.316534996032715 0
    endloop
  endfacet
  facet normal 0.9951847139846228 0.0980172691485761 0
    outer loop
      vertex 17 0 12
      vertex 16.673349380493164 3.316534996032715 0
      vertex 16.673349380493164 3.316534996032715 12
    endloop
  endfacet
  facet normal 0.9951847139846228 0.0980172691485761 0
    outer loop
      vertex 16.673349380493164 3.316534996032715 0
      vertex 17 0 12
      vertex 17 0 0
    endloop
  endfacet
  facet normal 0.8819212568845827 -0.4713967507897335 0
    outer loop
      vertex 14.13498306274414 -9.444693565368652 12
      vertex 15.705951690673828 -6.505618095397949 0
      vertex 15.705951690673828 -6.505618095397949 12
    endloop
  endfacet
  facet normal 0.8819212568845827 -0.4713967507897335 0
    outer loop
      vertex 15.705951690673828 -6.505618095397949 0
      vertex 14.13498306274414 -9.444693565368652 12
      vertex 14.13498306274414 -9.444693565368652 0
    endloop
  endfacet
  facet normal -0.9951847139846228 0.0980172691485761 0
    outer loop
      vertex -17 0 0
      vertex -16.673349380493164 3.316534996032715 12
      vertex -16.673349380493164 3.316534996032715 0
    endloop
  endfacet
  facet normal -0.9951847139846228 0.0980172691485761 0
    outer loop
      vertex -16.673349380493164 3.316534996032715 12
      vertex -17 0 0
      vertex -17 0 12
    endloop
  endfacet
  facet normal -0.7730104491295652 -0.6343932893217802 0
    outer loop
      vertex -12.020814895629883 -12.020814895629883 0
      vertex -14.13498306274414 -9.444693565368652 12
      vertex -14.13498306274414 -9.444693565368652 0
    endloop
  endfacet
  facet normal -0.7730104491295652 -0.6343932893217802 0
    outer loop
      vertex -14.13498306274414 -9.444693565368652 12
      vertex -12.020814895629883 -12.020814895629883 0
      vertex -12.020814895629883 -12.020814895629883 12
    endloop
  endfacet
  facet normal 0.6343932893217802 0.7730104491295652 0
    outer loop
      vertex 12.020814895629883 12.020814895629883 0
      vertex 9.444693565368652 14.13498306274414 12
      vertex 12.020814895629883 12.020814895629883 12
    endloop
  endfacet
  facet normal 0.6343932893217802 0.7730104491295652 0
    outer loop
      vertex 9.444693565368652 14.13498306274414 12
      vertex 12.020814895629883 12.020814895629883 0
      vertex 9.444693565368652 14.13498306274414 0
    endloop
  endfacet
  facet normal -0.8819212568845827 0.4713967507897335 0
    outer loop
      vertex -15.705951690673828 6.505618095397949 0
      vertex -14.13498306274414 9.444693565368652 12
      vertex -14.13498306274414 9.444693565368652 0
    endloop
  endfacet
  facet normal -0.8819212568845827 0.4713967507897335 0
    outer loop
      vertex -14.13498306274414 9.444693565368652 12
      vertex -15.705951690673828 6.505618095397949 0
      vertex -15.705951690673828 6.505618095397949 12
    endloop
  endfacet
  facet normal -0.9569403434109176 0.2902846519411509 0
    outer loop
      vertex -16.673349380493164 3.316534996032715 0
      vertex -15.705951690673828 6.505618095397949 12
      vertex -15.705951690673828 6.505618095397949 0
    endloop
  endfacet
  facet normal -0.9569403434109176 0.2902846519411509 0
    outer loop
      vertex -15.705951690673828 6.505618095397949 12
      vertex -16.673349380493164 3.316534996032715 0
      vertex -16.673349380493164 3.316534996032715 12
    endloop
  endfacet
  facet normal 0.8819212568845827 0.4713967507897335 0
    outer loop
      vertex 15.705951690673828 6.505618095397949 12
      vertex 14.13498306274414 9.444693565368652 0
      vertex 14.13498306274414 9.444693565368652 12
    endloop
  endfacet
  facet normal 0.8819212568845827 0.4713967507897335 0
    outer loop
      vertex 14.13498306274414 9.444693565368652 0
      vertex 15.705951690673828 6.505618095397949 12
      vertex 15.705951690673828 6.505618095397949 0
    endloop
  endfacet
  facet normal 0.9569403434109176 -0.2902846519411509 0
    outer loop
      vertex 15.705951690673828 -6.505618095397949 12
      vertex 16.673349380493164 -3.316534996032715 0
      vertex 16.673349380493164 -3.316534996032715 12
    endloop
  endfacet
  facet normal 0.9569403434109176 -0.2902846519411509 0
    outer loop
      vertex 16.673349380493164 -3.316534996032715 0
      vertex 15.705951690673828 -6.505618095397949 12
      vertex 15.705951690673828 -6.505618095397949 0
    endloop
  endfacet
  facet normal 0.4713967507897335 0.8819212568845827 0
    outer loop
      vertex 9.444693565368652 14.13498306274414 0
      vertex 6.505618095397949 15.705951690673828 12
      vertex 9.444693565368652 14.13498306274414 12
    endloop
  endfacet
  facet normal 0.4713967507897335 0.8819212568845827 0
    outer loop
      vertex 6.505618095397949 15.705951690673828 12
      vertex 9.444693565368652 14.13498306274414 0
      vertex 6.505618095397949 15.705951690673828 0
    endloop
  endfacet
  facet normal 0.7730104491295652 0.6343932893217802 0
    outer loop
      vertex 14.13498306274414 9.444693565368652 12
      vertex 12.020814895629883 12.020814895629883 0
      vertex 12.020814895629883 12.020814895629883 12
    endloop
  endfacet
  facet normal 0.7730104491295652 0.6343932893217802 0
    outer loop
      vertex 12.020814895629883 12.020814895629883 0
      vertex 14.13498306274414 9.444693565368652 12
      vertex 14.13498306274414 9.444693565368652 0
    endloop
  endfacet
  facet normal -0.2902846519411509 -0.9569403434109176 0
    outer loop
      vertex -6.505618095397949 -15.705951690673828 0
      vertex -3.316534996032715 -16.673349380493164 12
      vertex -6.505618095397949 -15.705951690673828 12
    endloop
  endfacet
  facet normal -0.2902846519411509 -0.9569403434109176 0
    outer loop
      vertex -3.316534996032715 -16.673349380493164 12
      vertex -6.505618095397949 -15.705951690673828 0
      vertex -3.316534996032715 -16.673349380493164 0
    endloop
  endfacet
  facet normal 0 0 -1
    outer loop
      vertex 16.673349380493164 -3.316534996032715 0
      vertex 16.673349380493164 3.316534996032715 0
      vertex 17 0 0
    endloop
  endfacet
  facet normal 0 0 -1
    outer loop
      vertex 15.705951690673828 -6.505618095397949 0
      vertex 16.673349380493164 3.316534996032715 0
      vertex 16.673349380493164 -3.316534996032715 0
    endloop
  endfacet
  facet normal 0 0 -1
    outer loop
      vertex 15.705951690673828 -6.505618095397949 0
      vertex 15.705951690673828 6.505618095397949 0
      vertex 16.673349380493164 3.316534996032715 0
    endloop
  endfacet
  facet normal 0 0 -1
    outer loop
      vertex 14.13498306274414 -9.444693565368652 0
      vertex 15.705951690673828 6.505618095397949 0
      vertex 15.705951690673828 -6.505618095397949 0
    endloop
  endfacet
  facet normal 0 0 -1
    outer loop
      vertex 14.13498306274414 -9.444693565368652 0
      vertex 14.13498306274414 9.444693565368652 0
      vertex 15.705951690673828 6.505618095397949 0
    endloop
  endfacet
  facet normal 0 0 -1
    outer loop
      vertex 12.020814895629883 -12.020814895629883 0
      vertex 14.13498306274414 9.444693565368652 0
      vertex 14.13498306274414 -9.444693565368652 0
    endloop
  endfacet
  facet normal 0 0 -1
    outer loop
      vertex 12.020814895629883 -12.020814895629883 0
      vertex 12.020814895629883 12.020814895629883 0
      vertex 14.13498306274414 9.444693565368652 0
    endloop
  endfacet
  facet normal 0 0 -1
    outer loop
      vertex 9.444693565368652 -14.13498306274414 0
      vertex 12.020814895629883 12.020814895629883 0
      vertex 12.020814895629883 -12.020814895629883 0
    endloop
  endfacet
  facet normal 0 0 -1
    outer loop
      vertex 9.444693565368652 -14.13498306274414 0
      vertex 9.444693565368652 14.13498306274414 0
      vertex 12.020814895629883 12.020814895629883 0
    endloop
  endfacet
  facet normal 0 0 -1
    outer loop
      vertex 6.505618095397949 -15.705951690673828 0
      vertex 9.444693565368652 14.13498306274414 0
      vertex 9.444693565368652 -14.13498306274414 0
    endloop
  endfacet
  facet normal 0 0 -1
    outer loop
      vertex 6.505618095397949 -15.705951690673828 0
      vertex 6.505618095397949 15.705951690673828 0
      vertex 9.444693565368652 14.13498306274414 0
    endloop
  endfacet
  facet normal 0 0 -1
    outer loop
      vertex 3.316534996032715 -16.673349380493164 0
      vertex 6.505618095397949 15.705951690673828 0
      vertex 6.505618095397949 -15.705951690673828 0
    endloop
  endfacet
  facet normal 0 0 -1
    outer loop
      vertex 3.316534996032715 -16.673349380493164 0
      vertex 3.316534996032715 16.673349380493164 0
      vertex 6.505618095397949 15.705951690673828 0
    endloop
  endfacet
  facet normal 0 0 -1
    outer loop
      vertex 0 -17 0
      vertex 3.316534996032715 16.673349380493164 0
      vertex 3.316534996032715 -16.673349380493164 0
    endloop
  endfacet
  facet normal 0 0 -1
    outer loop
      vertex 0 -17 0
      vertex 0 17 0
      vertex 3.316534996032715 16.673349380493164 0
    endloop
  endfacet
  facet normal 0 0 -1
    outer loop
      vertex -3.316534996032715 -16.673349380493164 0
      vertex 0 17 0
      vertex 0 -17 0
    endloop
  endfacet
  facet normal 0 0 -1
    outer loop
      vertex -3.316534996032715 -16.673349380493164 0
      vertex -3.316534996032715 16.673349380493164 0
      vertex 0 17 0
    endloop
  endfacet
  facet normal 0 0 -1
    outer loop
      vertex -6.505618095397949 -15.705951690673828 0
      vertex -3.316534996032715 16.673349380493164 0
      vertex -3.316534996032715 -16.673349380493164 0
    endloop
  endfacet
  facet normal 0 0 -1
    outer loop
      vertex -6.505618095397949 -15.705951690673828 0
      vertex -6.505618095397949 15.705951690673828 0
      vertex -3.316534996032715 16.673349380493164 0
    endloop
  endfacet
  facet normal 0 0 -1
    outer loop
      vertex -9.444693565368652 -14.13498306274414 0
      vertex -6.505618095397949 15.705951690673828 0
      vertex -6.505618095397949 -15.705951690673828 0
    endloop
  endfacet
  facet normal 0 0 -1
    outer loop
      vertex -9.444693565368652 -14.13498306274414 0
      vertex -9.444693565368652 14.13498306274414 0
      vertex -6.505618095397949 15.705951690673828 0
    endloop
  endfacet
  facet normal 0 0 -1
    outer loop
      vertex -12.020814895629883 -12.020814895629883 0
      vertex -9.444693565368652 14.13498306274414 0
      vertex -9.444693565368652 -14.13498306274414 0
    endloop
  endfacet
  facet normal 0 0 -1
    outer loop
      vertex -12.020814895629883 -12.020814895629883 0
      vertex -12.020814895629883 12.020814895629883 0
      vertex -9.444693565368652 14.13498306274414 0
    endloop
  endfacet
  facet normal 0 0 -1
    outer loop
      vertex -14.13498306274414 -9.444693565368652 0
      vertex -12.020814895629883 12.020814895629883 0
      vertex -12.020814895629883 -12.020814895629883 0
    endloop
  endfacet
  facet normal 0 0 -1
    outer loop
      vertex -14.13498306274414 -9.444693565368652 0
      vertex -14.13498306274414 9.444693565368652 0
      vertex -12.020814895629883 12.020814895629883 0
    endloop
  endfacet
  facet normal 0 0 -1
    outer loop
      vertex -15.705951690673828 -6.505618095397949 0
      vertex -14.13498306274414 9.444693565368652 0
      vertex -14.13498306274414 -9.444693565368652 0
    endloop
  endfacet
  facet normal 0 0 -1
    outer loop
      vertex -15.705951690673828 -6.505618095397949 0
      vertex -15.705951690673828 6.505618095397949 0
      vertex -14.13498306274414 9.444693565368652 0
    endloop
  endfacet
  facet normal 0 0 -1
    outer loop
      vertex -16.673349380493164 -3.316534996032715 0
      vertex -15.705951690673828 6.505618095397949 0
      vertex -15.705951690673828 -6.505618095397949 0
    endloop
  endfacet
  facet normal 0 0 -1
    outer loop
      vertex -16.673349380493164 -3.316534996032715 0
      vertex -16.673349380493164 3.316534996032715 0
      vertex -15.705951690673828 6.505618095397949 0
    endloop
  endfacet
  facet normal 0 0 -1
    outer loop
      vertex -16.673349380493164 3.316534996032715 0
      vertex -16.673349380493164 -3.316534996032715 0
      vertex -17 0 0
    endloop
  endfacet
  facet normal 0.9951847139846228 -0.0980172691485761 0
    outer loop
      vertex 16.673349380493164 -3.316534996032715 12
      vertex 17 0 0
      vertex 17 0 12
    endloop
  endfacet
  facet normal 0.9951847139846228 -0.0980172691485761 0
    outer loop
      vertex 17 0 0
      vertex 16.673349380493164 -3.316534996032715 12
      vertex 16.673349380493164 -3.316534996032715 0
    endloop
  endfacet
  facet normal -0.2902846519411509 0.9569403434109176 0
    outer loop
      vertex -3.316534996032715 16.673349380493164 0
      vertex -6.505618095397949 15.705951690673828 12
      vertex -3.316534996032715 16.673349380493164 12
    endloop
  endfacet
  facet normal -0.2902846519411509 0.9569403434109176 0
    outer loop
      vertex -6.505618095397949 15.705951690673828 12
      vertex -3.316534996032715 16.673349380493164 0
      vertex -6.505618095397949 15.705951690673828 0
    endloop
  endfacet
  facet normal -0.6343932893217802 0.7730104491295652 0
    outer loop
      vertex -9.444693565368652 14.13498306274414 0
      vertex -12.020814895629883 12.020814895629883 12
      vertex -9.444693565368652 14.13498306274414 12
    endloop
  endfacet
  facet normal -0.6343932893217802 0.7730104491295652 0
    outer loop
      vertex -12.020814895629883 12.020814895629883 12
      vertex -9.444693565368652 14.13498306274414 0
      vertex -12.020814895629883 12.020814895629883 0
    endloop
  endfacet
  facet normal 0.2902846519411509 0.9569403434109176 0
    outer loop
      vertex 6.505618095397949 15.705951690673828 0
      vertex 3.316534996032715 16.673349380493164 12
      vertex 6.505618095397949 15.705951690673828 12
    endloop
  endfacet
  facet normal 0.2902846519411509 0.9569403434109176 0
    outer loop
      vertex 3.316534996032715 16.673349380493164 12
      vertex 6.505618095397949 15.705951690673828 0
      vertex 3.316534996032715 16.673349380493164 0
    endloop
  endfacet
  facet normal -0.6343932893217802 -0.7730104491295652 0
    outer loop
      vertex -12.020814895629883 -12.020814895629883 0
      vertex -9.444693565368652 -14.13498306274414 12
      vertex -12.020814895629883 -12.020814895629883 12
    endloop
  endfacet
  facet normal -0.6343932893217802 -0.7730104491295652 0
    outer loop
      vertex -9.444693565368652 -14.13498306274414 12
      vertex -12.020814895629883 -12.020814895629883 0
      vertex -9.444693565368652 -14.13498306274414 0
    endloop
  endfacet
  facet normal 0.2902846519411509 -0.9569403434109176 0
    outer loop
      vertex 3.316534996032715 -16.673349380493164 0
      vertex 6.505618095397949 -15.705951690673828 12
      vertex 3.316534996032715 -16.673349380493164 12
    endloop
  endfacet
  facet normal 0.2902846519411509 -0.9569403434109176 0
    outer loop
      vertex 6.505618095397949 -15.705951690673828 12
      vertex 3.316534996032715 -16.673349380493164 0
      vertex 6.505618095397949 -15.705951690673828 0
    endloop
  endfacet
  facet normal -0.7730104491295652 0.6343932893217802 0
    outer loop
      vertex -14.13498306274414 9.444693565368652 0
      vertex -12.020814895629883 12.020814895629883 12
      vertex -12.020814895629883 12.020814895629883 0
    endloop
  endfacet
  facet normal -0.7730104491295652 0.6343932893217802 0
    outer loop
      vertex -12.020814895629883 12.020814895629883 12
      vertex -14.13498306274414 9.444693565368652 0
      vertex -14.13498306274414 9.444693565368652 12
    endloop
  endfacet
  facet normal -0.0980172691485761 -0.9951847139846228 0
    outer loop
      vertex -3.316534996032715 -16.673349380493164 0
      vertex 0 -17 12
      vertex -3.316534996032715 -16.673349380493164 12
    endloop
  endfacet
  facet normal -0.0980172691485761 -0.9951847139846228 0
    outer loop
      vertex 0 -17 12
      vertex -3.316534996032715 -16.673349380493164 0
      vertex 0 -17 0
    endloop
  endfacet
  facet normal -0.0980172691485761 0.9951847139846228 0
    outer loop
      vertex 0 17 0
      vertex -3.316534996032715 16.673349380493164 12
      vertex 0 17 12
    endloop
  endfacet
  facet normal -0.0980172691485761 0.9951847139846228 0
    outer loop
      vertex -3.316534996032715 16.673349380493164 12
      vertex 0 17 0
      vertex -3.316534996032715 16.673349380493164 0
    endloop
  endfacet
  facet normal 0.0980172691485761 0.9951847139846228 0
    outer loop
      vertex 3.316534996032715 16.673349380493164 0
      vertex 0 17 12
      vertex 3.316534996032715 16.673349380493164 12
    endloop
  endfacet
  facet normal 0.0980172691485761 0.9951847139846228 0
    outer loop
      vertex 0 17 12
      vertex 3.316534996032715 16.673349380493164 0
      vertex 0 17 0
    endloop
  endfacet
  facet normal 0.7730104491295652 -0.6343932893217802 0
    outer loop
      vertex 12.020814895629883 -12.020814895629883 12
      vertex 14.13498306274414 -9.444693565368652 0
      vertex 14.13498306274414 -9.444693565368652 12
    endloop
  endfacet
  facet normal 0.7730104491295652 -0.6343932893217802 0
    outer loop
      vertex 14.13498306274414 -9.444693565368652 0
      vertex 12.020814895629883 -12.020814895629883 12
      vertex 12.020814895629883 -12.020814895629883 0
    endloop
  endfacet
  facet normal -0.4713967507897335 -0.8819212568845827 0
    outer loop
      vertex -9.444693565368652 -14.13498306274414 0
      vertex -6.505618095397949 -15.705951690673828 12
      vertex -9.444693565368652 -14.13498306274414 12
    endloop
  endfacet
  facet normal -0.4713967507897335 -0.8819212568845827 0
    outer loop
      vertex -6.505618095397949 -15.705951690673828 12
      vertex -9.444693565368652 -14.13498306274414 0
      vertex -6.505618095397949 -15.705951690673828 0
    endloop
  endfacet
  facet normal 0.4713967507897335 -0.8819212568845827 0
    outer loop
      vertex 6.505618095397949 -15.705951690673828 0
      vertex 9.444693565368652 -14.13498306274414 12
      vertex 6.505618095397949 -15.705951690673828 12
    endloop
  endfacet
  facet normal 0.4713967507897335 -0.8819212568845827 0
    outer loop
      vertex 9.444693565368652 -14.13498306274414 12
      vertex 6.505618095397949 -15.705951690673828 0
      vertex 9.444693565368652 -14.13498306274414 0
    endloop
  endfacet
  facet normal -0.9569403434109176 -0.2902846519411509 0
    outer loop
      vertex -15.705951690673828 -6.505618095397949 0
      vertex -16.673349380493164 -3.316534996032715 12
      vertex -16.673349380493164 -3.316534996032715 0
    endloop
  endfacet
  facet normal -0.9569403434109176 -0.2902846519411509 0
    outer loop
      vertex -16.673349380493164 -3.316534996032715 12
      vertex -15.705951690673828 -6.505618095397949 0
      vertex -15.705951690673828 -6.505618095397949 12
    endloop
  endfacet
  facet normal 0.0980172691485761 -0.9951847139846228 0
    outer loop
      vertex 0 -17 0
      vertex 3.316534996032715 -16.673349380493164 12
      vertex 0 -17 12
    endloop
  endfacet
  facet normal 0.0980172691485761 -0.9951847139846228 0
    outer loop
      vertex 3.316534996032715 -16.673349380493164 12
      vertex 0 -17 0
      vertex 3.316534996032715 -16.673349380493164 0
    endloop
  endfacet
  facet normal 0.6343932893217802 -0.7730104491295652 0
    outer loop
      vertex 9.444693565368652 -14.13498306274414 0
      vertex 12.020814895629883 -12.020814895629883 12
      vertex 9.444693565368652 -14.13498306274414 12
    endloop
  endfacet
  facet normal 0.6343932893217802 -0.7730104491295652 0
    outer loop
      vertex 12.020814895629883 -12.020814895629883 12
      vertex 9.444693565368652 -14.13498306274414 0
      vertex 12.020814895629883 -12.020814895629883 0
    endloop
  endfacet
  facet normal -0.4713967507897335 0.8819212568845827 0
    outer loop
      vertex -6.505618095397949 15.705951690673828 0
      vertex -9.444693565368652 14.13498306274414 12
      vertex -6.505618095397949 15.705951690673828 12
    endloop
  endfacet
  facet normal -0.4713967507897335 0.8819212568845827 0
    outer loop
      vertex -9.444693565368652 14.13498306274414 12
      vertex -6.505618095397949 15.705951690673828 0
      vertex -9.444693565368652 14.13498306274414 0
    endloop
  endfacet
  facet normal -0.8819212568845827 -0.4713967507897335 0
    outer loop
      vertex -14.13498306274414 -9.444693565368652 0
      vertex -15.705951690673828 -6.505618095397949 12
      vertex -15.705951690673828 -6.505618095397949 0
    endloop
  endfacet
  facet normal -0.8819212568845827 -0.4713967507897335 0
    outer loop
      vertex -15.705951690673828 -6.505618095397949 12
      vertex -14.13498306274414 -9.444693565368652 0
      vertex -14.13498306274414 -9.444693565368652 12
    endloop
  endfacet
  facet normal -0.9951847139846228 -0.0980172691485761 0
    outer loop
      vertex -16.673349380493164 -3.316534996032715 0
      vertex -17 0 12
      vertex -17 0 0
    endloop
  endfacet
  facet normal -0.9951847139846228 -0.0980172691485761 0
    outer loop
      vertex -17 0 12
      vertex -16.673349380493164 -3.316534996032715 0
      vertex -16.673349380493164 -3.316534996032715 12
    endloop
  endfacet
  facet normal 0 0 1
    outer loop
      vertex 15 0 12
      vertex 17 0 12
      vertex 16.673349380493164 3.316534996032715 12
    endloop
  endfacet
  facet normal 0 0 1
    outer loop
      vertex 14.71177864074707 2.92635440826416 12
      vertex 16.673349380493164 3.316534996032715 12
      vertex 15.705951690673828 6.505618095397949 12
    endloop
  endfacet
  facet normal 0 0 1
    outer loop
      vertex 17 0 12
      vertex 15 0 12
      vertex 16.673349380493164 -3.316534996032715 12
    endloop
  endfacet
  facet normal 0 0 1
    outer loop
      vertex 14.71177864074707 -2.92635440826416 12
      vertex 16.673349380493164 -3.316534996032715 12
      vertex 15 0 12
    endloop
  endfacet
  facet normal 0 0 1
    outer loop
      vertex 16.673349380493164 3.316534996032715 12
      vertex 14.71177864074707 2.92635440826416 12
      vertex 15 0 12
    endloop
  endfacet
  facet normal 0 0 1
    outer loop
      vertex 13.858192443847656 5.740250587463379 12
      vertex 15.705951690673828 6.505618095397949 12
      vertex 14.13498306274414 9.444693565368652 12
    endloop
  endfacet
  facet normal 0 0 1
    outer loop
      vertex 15.705951690673828 6.505618095397949 12
      vertex 13.858192443847656 5.740250587463379 12
      vertex 14.71177864074707 2.92635440826416 12
    endloop
  endfacet
  facet normal 0 0 1
    outer loop
      vertex 14.13498306274414 9.444693565368652 12
      vertex 12.472043991088867 8.333553314208984 12
      vertex 13.858192443847656 5.740250587463379 12
    endloop
  endfacet
  facet normal 0 0 1
    outer loop
      vertex 12.020814895629883 12.020814895629883 12
      vertex 12.472043991088867 8.333553314208984 12
      vertex 14.13498306274414 9.444693565368652 12
    endloop
  endfacet
  facet normal 0 0 1
    outer loop
      vertex 12.020814895629883 12.020814895629883 12
      vertex 10.60660171508789 10.60660171508789 12
      vertex 12.472043991088867 8.333553314208984 12
    endloop
  endfacet
  facet normal 0 0 1
    outer loop
      vertex 9.444693565368652 14.13498306274414 12
      vertex 10.60660171508789 10.60660171508789 12
      vertex 12.020814895629883 12.020814895629883 12
    endloop
  endfacet
  facet normal 0 0 1
    outer loop
      vertex 9.444693565368652 14.13498306274414 12
      vertex 8.333553314208984 12.472043991088867 12
      vertex 10.60660171508789 10.60660171508789 12
    endloop
  endfacet
  facet normal 0 0 1
    outer loop
      vertex 6.505618095397949 15.705951690673828 12
      vertex 8.333553314208984 12.472043991088867 12
      vertex 9.444693565368652 14.13498306274414 12
    endloop
  endfacet
  facet normal 0 0 1
    outer loop
      vertex 6.505618095397949 15.705951690673828 12
      vertex 5.740250587463379 13.858192443847656 12
      vertex 8.333553314208984 12.472043991088867 12
    endloop
  endfacet
  facet normal 0 0 1
    outer loop
      vertex 3.316534996032715 16.673349380493164 12
      vertex 5.740250587463379 13.858192443847656 12
      vertex 6.505618095397949 15.705951690673828 12
    endloop
  endfacet
  facet normal 0 0 1
    outer loop
      vertex 3.316534996032715 16.673349380493164 12
      vertex 2.92635440826416 14.71177864074707 12
      vertex 5.740250587463379 13.858192443847656 12
    endloop
  endfacet
  facet normal 0 0 1
    outer loop
      vertex 0 17 12
      vertex 2.92635440826416 14.71177864074707 12
      vertex 3.316534996032715 16.673349380493164 12
    endloop
  endfacet
  facet normal 0 0 1
    outer loop
      vertex 0 17 12
      vertex 0 15 12
      vertex 2.92635440826416 14.71177864074707 12
    endloop
  endfacet
  facet normal 0 0 1
    outer loop
      vertex 0 17 12
      vertex -2.92635440826416 14.71177864074707 12
      vertex 0 15 12
    endloop
  endfacet
  facet normal 0 0 1
    outer loop
      vertex -3.316534996032715 16.673349380493164 12
      vertex -2.92635440826416 14.71177864074707 12
      vertex 0 17 12
    endloop
  endfacet
  facet normal 0 0 1
    outer loop
      vertex -3.316534996032715 16.673349380493164 12
      vertex -5.740250587463379 13.858192443847656 12
      vertex -2.92635440826416 14.71177864074707 12
    endloop
  endfacet
  facet normal 0 0 1
    outer loop
      vertex -6.505618095397949 15.705951690673828 12
      vertex -5.740250587463379 13.858192443847656 12
      vertex -3.316534996032715 16.673349380493164 12
    endloop
  endfacet
  facet normal 0 0 1
    outer loop
      vertex -6.505618095397949 15.705951690673828 12
      vertex -8.333553314208984 12.472043991088867 12
      vertex -5.740250587463379 13.858192443847656 12
    endloop
  endfacet
  facet normal 0 0 1
    outer loop
      vertex -9.444693565368652 14.13498306274414 12
      vertex -8.333553314208984 12.472043991088867 12
      vertex -6.505618095397949 15.705951690673828 12
    endloop
  endfacet
  facet normal 0 0 1
    outer loop
      vertex -9.444693565368652 14.13498306274414 12
      vertex -10.60660171508789 10.60660171508789 12
      vertex -8.333553314208984 12.472043991088867 12
    endloop
  endfacet
  facet normal 0 0 1
    outer loop
      vertex -12.020814895629883 12.020814895629883 12
      vertex -10.60660171508789 10.60660171508789 12
      vertex -9.444693565368652 14.13498306274414 12
    endloop
  endfacet
  facet normal 0 0 1
    outer loop
      vertex -12.020814895629883 12.020814895629883 12
      vertex -12.472043991088867 8.333553314208984 12
      vertex -10.60660171508789 10.60660171508789 12
    endloop
  endfacet
  facet normal 0 0 1
    outer loop
      vertex -14.13498306274414 9.444693565368652 12
      vertex -12.472043991088867 8.333553314208984 12
      vertex -12.020814895629883 12.020814895629883 12
    endloop
  endfacet
  facet normal 0 0 1
    outer loop
      vertex -12.472043991088867 8.333553314208984 12
      vertex -14.13498306274414 9.444693565368652 12
      vertex -13.858192443847656 5.740250587463379 12
    endloop
  endfacet
  facet normal 0 0 1
    outer loop
      vertex -15.705951690673828 6.505618095397949 12
      vertex -13.858192443847656 5.740250587463379 12
      vertex -14.13498306274414 9.444693565368652 12
    endloop
  endfacet
  facet normal 0 0 1
    outer loop
      vertex -13.858192443847656 5.740250587463379 12
      vertex -15.705951690673828 6.505618095397949 12
      vertex -14.71177864074707 2.92635440826416 12
    endloop
  endfacet
  facet normal 0 0 1
    outer loop
      vertex -16.673349380493164 3.316534996032715 12
      vertex -14.71177864074707 2.92635440826416 12
      vertex -15.705951690673828 6.505618095397949 12
    endloop
  endfacet
  facet normal 0 0 1
    outer loop
      vertex 16.673349380493164 -3.316534996032715 12
      vertex 14.71177864074707 -2.92635440826416 12
      vertex 15.705951690673828 -6.505618095397949 12
    endloop
  endfacet
  facet normal 0 0 1
    outer loop
      vertex 13.858192443847656 -5.740250587463379 12
      vertex 15.705951690673828 -6.505618095397949 12
      vertex 14.71177864074707 -2.92635440826416 12
    endloop
  endfacet
  facet normal 0 0 1
    outer loop
      vertex 15.705951690673828 -6.505618095397949 12
      vertex 13.858192443847656 -5.740250587463379 12
      vertex 14.13498306274414 -9.444693565368652 12
    endloop
  endfacet
  facet normal 0 0 1
    outer loop
      vertex 12.472043991088867 -8.333553314208984 12
      vertex 14.13498306274414 -9.444693565368652 12
      vertex 13.858192443847656 -5.740250587463379 12
    endloop
  endfacet
  facet normal 0 0 1
    outer loop
      vertex 12.472043991088867 -8.333553314208984 12
      vertex 12.020814895629883 -12.020814895629883 12
      vertex 14.13498306274414 -9.444693565368652 12
    endloop
  endfacet
  facet normal 0 0 1
    outer loop
      vertex 10.60660171508789 -10.60660171508789 12
      vertex 12.020814895629883 -12.020814895629883 12
      vertex 12.472043991088867 -8.333553314208984 12
    endloop
  endfacet
  facet normal 0 0 1
    outer loop
      vertex 10.60660171508789 -10.60660171508789 12
      vertex 9.444693565368652 -14.13498306274414 12
      vertex 12.020814895629883 -12.020814895629883 12
    endloop
  endfacet
  facet normal 0 0 1
    outer loop
      vertex 8.333553314208984 -12.472043991088867 12
      vertex 9.444693565368652 -14.13498306274414 12
      vertex 10.60660171508789 -10.60660171508789 12
    endloop
  endfacet
  facet normal 0 0 1
    outer loop
      vertex 8.333553314208984 -12.472043991088867 12
      vertex 6.505618095397949 -15.705951690673828 12
      vertex 9.444693565368652 -14.13498306274414 12
    endloop
  endfacet
  facet normal 0 0 1
    outer loop
      vertex 5.740250587463379 -13.858192443847656 12
      vertex 6.505618095397949 -15.705951690673828 12
      vertex 8.333553314208984 -12.472043991088867 12
    endloop
  endfacet
  facet normal 0 0 1
    outer loop
      vertex 5.740250587463379 -13.858192443847656 12
      vertex 3.316534996032715 -16.673349380493164 12
      vertex 6.505618095397949 -15.705951690673828 12
    endloop
  endfacet
  facet normal 0 0 1
    outer loop
      vertex 2.92635440826416 -14.71177864074707 12
      vertex 3.316534996032715 -16.673349380493164 12
      vertex 5.740250587463379 -13.858192443847656 12
    endloop
  endfacet
  facet normal 0 0 1
    outer loop
      vertex 0 -15 12
      vertex 3.316534996032715 -16.673349380493164 12
      vertex 2.92635440826416 -14.71177864074707 12
    endloop
  endfacet
  facet normal 0 0 1
    outer loop
      vertex 0 -15 12
      vertex 0 -17 12
      vertex 3.316534996032715 -16.673349380493164 12
    endloop
  endfacet
  facet normal 0 0 1
    outer loop
      vertex -2.92635440826416 -14.71177864074707 12
      vertex 0 -17 12
      vertex 0 -15 12
    endloop
  endfacet
  facet normal 0 0 1
    outer loop
      vertex -2.92635440826416 -14.71177864074707 12
      vertex -3.316534996032715 -16.673349380493164 12
      vertex 0 -17 12
    endloop
  endfacet
  facet normal 0 0 1
    outer loop
      vertex -5.740250587463379 -13.858192443847656 12
      vertex -3.316534996032715 -16.673349380493164 12
      vertex -2.92635440826416 -14.71177864074707 12
    endloop
  endfacet
  facet normal 0 0 1
    outer loop
      vertex -5.740250587463379 -13.858192443847656 12
      vertex -6.505618095397949 -15.705951690673828 12
      vertex -3.316534996032715 -16.673349380493164 12
    endloop
  endfacet
  facet normal 0 0 1
    outer loop
      vertex -8.333553314208984 -12.472043991088867 12
      vertex -6.505618095397949 -15.705951690673828 12
      vertex -5.740250587463379 -13.858192443847656 12
    endloop
  endfacet
  facet normal 0 0 1
    outer loop
      vertex -8.333553314208984 -12.472043991088867 12
      vertex -9.444693565368652 -14.13498306274414 12
      vertex -6.505618095397949 -15.705951690673828 12
    endloop
  endfacet
  facet normal 0 0 1
    outer loop
      vertex -10.60660171508789 -10.60660171508789 12
      vertex -9.444693565368652 -14.13498306274414 12
      vertex -8.333553314208984 -12.472043991088867 12
    endloop
  endfacet
  facet normal 0 0 1
    outer loop
      vertex -10.60660171508789 -10.60660171508789 12
      vertex -12.020814895629883 -12.020814895629883 12
      vertex -9.444693565368652 -14.13498306274414 12
    endloop
  endfacet
  facet normal 0 0 1
    outer loop
      vertex -12.472043991088867 -8.333553314208984 12
      vertex -12.020814895629883 -12.020814895629883 12
      vertex -10.60660171508789 -10.60660171508789 12
    endloop
  endfacet
  facet normal 0 0 1
    outer loop
      vertex -14.13498306274414 -9.444693565368652 12
      vertex -12.472043991088867 -8.333553314208984 12
      vertex -13.858192443847656 -5.740250587463379 12
    endloop
  endfacet
  facet normal 0 0 1
    outer loop
      vertex -12.472043991088867 -8.333553314208984 12
      vertex -14.13498306274414 -9.444693565368652 12
      vertex -12.020814895629883 -12.020814895629883 12
    endloop
  endfacet
  facet normal 0 0 1
    outer loop
      vertex -15.705951690673828 -6.505618095397949 12
      vertex -13.858192443847656 -5.740250587463379 12
      vertex -14.71177864074707 -2.92635440826416 12
    endloop
  endfacet
  facet normal 0 0 1
    outer loop
      vertex -16.673349380493164 -3.316534996032715 12
      vertex -14.71177864074707 -2.92635440826416 12
      vertex -15 0 12
    endloop
  endfacet
  facet normal 0 0 1
    outer loop
      vertex -14.71177864074707 2.92635440826416 12
      vertex -16.673349380493164 3.316534996032715 12
      vertex -15 0 12
    endloop
  endfacet
  facet normal 0 0 1
    outer loop
      vertex -13.858192443847656 -5.740250587463379 12
      vertex -15.705951690673828 -6.505618095397949 12
      vertex -14.13498306274414 -9.444693565368652 12
    endloop
  endfacet
  facet normal 0 0 1
    outer loop
      vertex -17 0 12
      vertex -15 0 12
      vertex -16.673349380493164 3.316534996032715 12
    endloop
  endfacet
  facet normal 0 0 1
    outer loop
      vertex -14.71177864074707 -2.92635440826416 12
      vertex -16.673349380493164 -3.316534996032715 12
      vertex -15.705951690673828 -6.505618095397949 12
    endloop
  endfacet
  facet normal 0 0 1
    outer loop
      vertex -15 0 12
      vertex -17 0 12
      vertex -16.673349380493164 -3.316534996032715 12
    endloop
  endfacet
  facet normal 0.7730105095858145 0.634393215655621 0
    outer loop
      vertex 12.472043991088867 8.333553314208984 80
      vertex 10.60660171508789 10.60660171508789 48
      vertex 10.60660171508789 10.60660171508789 80
    endloop
  endfacet
  facet normal 0.7730105095858145 0.634393215655621 0
    outer loop
      vertex 10.60660171508789 10.60660171508789 48
      vertex 12.472043991088867 8.333553314208984 80
      vertex 12.472043991088867 8.333553314208984 48
    endloop
  endfacet
  facet normal 0.7730105095858145 0.634393215655621 0
    outer loop
      vertex 12.472043991088867 8.333553314208984 20
      vertex 10.60660171508789 10.60660171508789 12
      vertex 10.60660171508789 10.60660171508789 20
    endloop
  endfacet
  facet normal 0.7730105095858145 0.634393215655621 0
    outer loop
      vertex 10.60660171508789 10.60660171508789 12
      vertex 12.472043991088867 8.333553314208984 20
      vertex 12.472043991088867 8.333553314208984 12
    endloop
  endfacet
  facet normal 0.7730105095858145 0.634393215655621 0
    outer loop
      vertex 12.472043991088867 8.333553314208984 32
      vertex 10.60660171508789 10.60660171508789 24
      vertex 10.60660171508789 10.60660171508789 32
    endloop
  endfacet
  facet normal 0.7730105095858145 0.634393215655621 0
    outer loop
      vertex 10.60660171508789 10.60660171508789 24
      vertex 12.472043991088867 8.333553314208984 32
      vertex 12.472043991088867 8.333553314208984 24
    endloop
  endfacet
  facet normal 0.7730105095858145 0.634393215655621 0
    outer loop
      vertex 12.472043991088867 8.333553314208984 44
      vertex 10.60660171508789 10.60660171508789 36
      vertex 10.60660171508789 10.60660171508789 44
    endloop
  endfacet
  facet normal 0.7730105095858145 0.634393215655621 0
    outer loop
      vertex 10.60660171508789 10.60660171508789 36
      vertex 12.472043991088867 8.333553314208984 44
      vertex 12.472043991088867 8.333553314208984 36
    endloop
  endfacet
  facet normal 0.9569402596971018 0.29028492790850036 0
    outer loop
      vertex 13.858192443847656 5.740250587463379 80
      vertex 14.386092185974121 4 58
      vertex 13.858192443847656 5.740250587463379 48
    endloop
  endfacet
  facet normal 0.9569414346519288 0.2902810545767605 3.3458300844870027e-7
    outer loop
      vertex 13.858192443847656 5.740250587463379 80
      vertex 14.409406661987305 3.923140525817871 58.78036117553711
      vertex 14.386092185974121 4 58
    endloop
  endfacet
  facet normal 0.9569401532385117 0.2902852788548704 -6.044310960910631e-8
    outer loop
      vertex 13.858192443847656 5.740250587463379 80
      vertex 14.478455543518066 3.6955175399780273 59.530731201171875
      vertex 14.409406661987305 3.923140525817871 58.78036117553711
    endloop
  endfacet
  facet normal 0.9569401357455848 0.2902853365211846 -6.673363404372588e-8
    outer loop
      vertex 13.858192443847656 5.740250587463379 80
      vertex 14.590584754943848 3.325878143310547 60.22228240966797
      vertex 14.478455543518066 3.6955175399780273 59.530731201171875
    endloop
  endfacet
  facet normal 0.9569403241197998 0.29028471553544205 0
    outer loop
      vertex 14.71177864074707 2.92635440826416 60.709102630615234
      vertex 13.858192443847656 5.740250587463379 80
      vertex 14.71177864074707 2.92635440826416 80
    endloop
  endfacet
  facet normal 0.9569405115094469 0.2902840977939173 9.83994521461174e-8
    outer loop
      vertex 13.858192443847656 5.740250587463379 80
      vertex 14.71177864074707 2.92635440826416 60.709102630615234
      vertex 14.590584754943848 3.325878143310547 60.22228240966797
    endloop
  endfacet
  facet normal 0.9569410253949616 0.29028240373093456 -4.796913194482854e-7
    outer loop
      vertex 14.409406661987305 3.923140525817871 57.21963882446289
      vertex 13.858192443847656 5.740250587463379 48
      vertex 14.386092185974121 4 58
    endloop
  endfacet
  facet normal 0.9569401969077665 0.2902851348969032 1.0813030635367763e-7
    outer loop
      vertex 14.478455543518066 3.6955175399780273 56.46926498413086
      vertex 13.858192443847656 5.740250587463379 48
      vertex 14.409406661987305 3.923140525817871 57.21963882446289
    endloop
  endfacet
  facet normal 0.9569401695956969 0.290285224932551 1.3186784837131942e-7
    outer loop
      vertex 14.590584754943848 3.325878143310547 55.77771759033203
      vertex 13.858192443847656 5.740250587463379 48
      vertex 14.478455543518066 3.6955175399780273 56.46926498413086
    endloop
  endfacet
  facet normal 0.9569404742249357 0.2902842207046597 -2.085518479955932e-7
    outer loop
      vertex 14.71177864074707 2.92635440826416 55.290897369384766
      vertex 13.858192443847656 5.740250587463379 48
      vertex 14.590584754943848 3.325878143310547 55.77771759033203
    endloop
  endfacet
  facet normal 0.9569403241197998 0.29028471553544205 0
    outer loop
      vertex 13.858192443847656 5.740250587463379 48
      vertex 14.71177864074707 2.92635440826416 55.290897369384766
      vertex 14.71177864074707 2.92635440826416 48
    endloop
  endfacet
  facet normal 0.9569403241197998 0.29028471553544205 0
    outer loop
      vertex 14.71177864074707 2.92635440826416 20
      vertex 13.858192443847656 5.740250587463379 12
      vertex 13.858192443847656 5.740250587463379 20
    endloop
  endfacet
  facet normal 0.9569403241197998 0.29028471553544205 0
    outer loop
      vertex 13.858192443847656 5.740250587463379 12
      vertex 14.71177864074707 2.92635440826416 20
      vertex 14.71177864074707 2.92635440826416 12
    endloop
  endfacet
  facet normal 0.9569403241197998 0.29028471553544205 0
    outer loop
      vertex 14.71177864074707 2.92635440826416 32
      vertex 13.858192443847656 5.740250587463379 24
      vertex 13.858192443847656 5.740250587463379 32
    endloop
  endfacet
  facet normal 0.9569403241197998 0.29028471553544205 0
    outer loop
      vertex 13.858192443847656 5.740250587463379 24
      vertex 14.71177864074707 2.92635440826416 32
      vertex 14.71177864074707 2.92635440826416 24
    endloop
  endfacet
  facet normal 0.9569403241197998 0.29028471553544205 0
    outer loop
      vertex 14.71177864074707 2.92635440826416 44
      vertex 13.858192443847656 5.740250587463379 36
      vertex 13.858192443847656 5.740250587463379 44
    endloop
  endfacet
  facet normal 0.9569403241197998 0.29028471553544205 0
    outer loop
      vertex 13.858192443847656 5.740250587463379 36
      vertex 14.71177864074707 2.92635440826416 44
      vertex 14.71177864074707 2.92635440826416 36
    endloop
  endfacet
  facet normal 0.9951843388294986 0.09802107808269513 0
    outer loop
      vertex 14.71177864074707 2.92635440826416 80
      vertex 14.721424102783203 2.8284263610839844 60.828426361083984
      vertex 14.71177864074707 2.92635440826416 60.709102630615234
    endloop
  endfacet
  facet normal 0.9951847480286217 0.09801692349389636 2.1427436800079863e-8
    outer loop
      vertex 14.71177864074707 2.92635440826416 80
      vertex 14.781124114990234 2.222280502319336 61.32587814331055
      vertex 14.721424102783203 2.8284263610839844 60.828426361083984
    endloop
  endfacet
  facet normal 0.9951847333778823 0.09801707224556906 1.5764619855084055e-8
    outer loop
      vertex 14.71177864074707 2.92635440826416 80
      vertex 14.849235534667969 1.5307331085205078 61.695518493652344
      vertex 14.781124114990234 2.222280502319336 61.32587814331055
    endloop
  endfacet
  facet normal 0.9951847508437681 0.09801689491116501 2.9416603266816772e-8
    outer loop
      vertex 14.71177864074707 2.92635440826416 80
      vertex 14.923140525817871 0.7803611755371094 61.92314147949219
      vertex 14.849235534667969 1.5307331085205078 61.695518493652344
    endloop
  endfacet
  facet normal 0.9951847065408278 0.09801734472656295 -2.4501213915463446e-8
    outer loop
      vertex 15 0 80
      vertex 14.923140525817871 0.7803611755371094 61.92314147949219
      vertex 14.71177864074707 2.92635440826416 80
    endloop
  endfacet
  facet normal 0.9951846511774278 0.09801790683778719 0
    outer loop
      vertex 14.923140525817871 0.7803611755371094 61.92314147949219
      vertex 15 0 80
      vertex 15 0 62
    endloop
  endfacet
  facet normal 0.9951847065408281 0.09801734472656298 0
    outer loop
      vertex 15 0 20
      vertex 14.71177864074707 2.92635440826416 12
      vertex 14.71177864074707 2.92635440826416 20
    endloop
  endfacet
  facet normal 0.9951847065408281 0.09801734472656298 0
    outer loop
      vertex 14.71177864074707 2.92635440826416 12
      vertex 15 0 20
      vertex 15 0 12
    endloop
  endfacet
  facet normal 0.9951843388294986 0.09802107808269513 0
    outer loop
      vertex 14.721424102783203 2.8284263610839844 55.171573638916016
      vertex 14.71177864074707 2.92635440826416 48
      vertex 14.71177864074707 2.92635440826416 55.290897369384766
    endloop
  endfacet
  facet normal 0.9951847451902053 0.09801695231286675 -5.688404522020846e-8
    outer loop
      vertex 14.781124114990234 2.222280502319336 54.67412185668945
      vertex 14.71177864074707 2.92635440826416 48
      vertex 14.721424102783203 2.8284263610839844 55.171573638916016
    endloop
  endfacet
  facet normal 0.9951847319789053 0.0980170864496214 -4.2596273033882956e-8
    outer loop
      vertex 14.849235534667969 1.5307331085205078 54.304481506347656
      vertex 14.71177864074707 2.92635440826416 48
      vertex 14.781124114990234 2.222280502319336 54.67412185668945
    endloop
  endfacet
  facet normal 0.9951847492912267 0.09801691067439233 -8.18850474255678e-8
    outer loop
      vertex 14.923140525817871 0.7803611755371094 54.07685852050781
      vertex 14.71177864074707 2.92635440826416 48
      vertex 14.849235534667969 1.5307331085205078 54.304481506347656
    endloop
  endfacet
  facet normal 0.9951846511774278 0.09801790683778719 0
    outer loop
      vertex 15 0 48
      vertex 14.923140525817871 0.7803611755371094 54.07685852050781
      vertex 15 0 54
    endloop
  endfacet
  facet normal 0.9951847065408254 0.09801734472656272 7.28838718288142e-8
    outer loop
      vertex 14.923140525817871 0.7803611755371094 54.07685852050781
      vertex 15 0 48
      vertex 14.71177864074707 2.92635440826416 48
    endloop
  endfacet
  facet normal 0.9951847065408281 0.09801734472656298 0
    outer loop
      vertex 15 0 32
      vertex 14.71177864074707 2.92635440826416 24
      vertex 14.71177864074707 2.92635440826416 32
    endloop
  endfacet
  facet normal 0.9951847065408281 0.09801734472656298 0
    outer loop
      vertex 14.71177864074707 2.92635440826416 24
      vertex 15 0 32
      vertex 15 0 24
    endloop
  endfacet
  facet normal 0.9951847065408281 0.09801734472656298 0
    outer loop
      vertex 15 0 44
      vertex 14.71177864074707 2.92635440826416 36
      vertex 14.71177864074707 2.92635440826416 44
    endloop
  endfacet
  facet normal 0.9951847065408281 0.09801734472656298 0
    outer loop
      vertex 14.71177864074707 2.92635440826416 36
      vertex 15 0 44
      vertex 15 0 36
    endloop
  endfacet
  facet normal 0.7730105095858145 -0.634393215655621 0
    outer loop
      vertex 10.60660171508789 -10.60660171508789 80
      vertex 12.472043991088867 -8.333553314208984 48
      vertex 12.472043991088867 -8.333553314208984 80
    endloop
  endfacet
  facet normal 0.7730105095858145 -0.634393215655621 0
    outer loop
      vertex 12.472043991088867 -8.333553314208984 48
      vertex 10.60660171508789 -10.60660171508789 80
      vertex 10.60660171508789 -10.60660171508789 48
    endloop
  endfacet
  facet normal 0.7730105095858145 -0.634393215655621 0
    outer loop
      vertex 10.60660171508789 -10.60660171508789 20
      vertex 12.472043991088867 -8.333553314208984 12
      vertex 12.472043991088867 -8.333553314208984 20
    endloop
  endfacet
  facet normal 0.7730105095858145 -0.634393215655621 0
    outer loop
      vertex 12.472043991088867 -8.333553314208984 12
      vertex 10.60660171508789 -10.60660171508789 20
      vertex 10.60660171508789 -10.60660171508789 12
    endloop
  endfacet
  facet normal 0.7730105095858145 -0.634393215655621 0
    outer loop
      vertex 10.60660171508789 -10.60660171508789 32
      vertex 12.472043991088867 -8.333553314208984 24
      vertex 12.472043991088867 -8.333553314208984 32
    endloop
  endfacet
  facet normal 0.7730105095858145 -0.634393215655621 0
    outer loop
      vertex 12.472043991088867 -8.333553314208984 24
      vertex 10.60660171508789 -10.60660171508789 32
      vertex 10.60660171508789 -10.60660171508789 24
    endloop
  endfacet
  facet normal 0.7730105095858145 -0.634393215655621 0
    outer loop
      vertex 10.60660171508789 -10.60660171508789 44
      vertex 12.472043991088867 -8.333553314208984 36
      vertex 12.472043991088867 -8.333553314208984 44
    endloop
  endfacet
  facet normal 0.7730105095858145 -0.634393215655621 0
    outer loop
      vertex 12.472043991088867 -8.333553314208984 36
      vertex 10.60660171508789 -10.60660171508789 44
      vertex 10.60660171508789 -10.60660171508789 36
    endloop
  endfacet
  facet normal -0.88192136806284 0.4713965427897925 0
    outer loop
      vertex -13.858192443847656 5.740250587463379 48
      vertex -12.472043991088867 8.333553314208984 80
      vertex -12.472043991088867 8.333553314208984 48
    endloop
  endfacet
  facet normal -0.88192136806284 0.4713965427897925 0
    outer loop
      vertex -12.472043991088867 8.333553314208984 80
      vertex -13.858192443847656 5.740250587463379 48
      vertex -13.858192443847656 5.740250587463379 80
    endloop
  endfacet
  facet normal -0.88192136806284 0.4713965427897925 0
    outer loop
      vertex -13.858192443847656 5.740250587463379 12
      vertex -12.472043991088867 8.333553314208984 20
      vertex -12.472043991088867 8.333553314208984 12
    endloop
  endfacet
  facet normal -0.88192136806284 0.4713965427897925 0
    outer loop
      vertex -12.472043991088867 8.333553314208984 20
      vertex -13.858192443847656 5.740250587463379 12
      vertex -13.858192443847656 5.740250587463379 20
    endloop
  endfacet
  facet normal -0.88192136806284 0.4713965427897925 0
    outer loop
      vertex -13.858192443847656 5.740250587463379 24
      vertex -12.472043991088867 8.333553314208984 32
      vertex -12.472043991088867 8.333553314208984 24
    endloop
  endfacet
  facet normal -0.88192136806284 0.4713965427897925 0
    outer loop
      vertex -12.472043991088867 8.333553314208984 32
      vertex -13.858192443847656 5.740250587463379 24
      vertex -13.858192443847656 5.740250587463379 32
    endloop
  endfacet
  facet normal -0.88192136806284 0.4713965427897925 0
    outer loop
      vertex -13.858192443847656 5.740250587463379 36
      vertex -12.472043991088867 8.333553314208984 44
      vertex -12.472043991088867 8.333553314208984 36
    endloop
  endfacet
  facet normal -0.88192136806284 0.4713965427897925 0
    outer loop
      vertex -12.472043991088867 8.333553314208984 44
      vertex -13.858192443847656 5.740250587463379 36
      vertex -13.858192443847656 5.740250587463379 44
    endloop
  endfacet
  facet normal -0.4713965427897925 0.88192136806284 0
    outer loop
      vertex -5.740250587463379 13.858192443847656 48
      vertex -8.333553314208984 12.472043991088867 80
      vertex -5.740250587463379 13.858192443847656 80
    endloop
  endfacet
  facet normal -0.4713965427897925 0.88192136806284 0
    outer loop
      vertex -8.333553314208984 12.472043991088867 80
      vertex -5.740250587463379 13.858192443847656 48
      vertex -8.333553314208984 12.472043991088867 48
    endloop
  endfacet
  facet normal -0.4713965427897925 0.88192136806284 0
    outer loop
      vertex -5.740250587463379 13.858192443847656 12
      vertex -8.333553314208984 12.472043991088867 20
      vertex -5.740250587463379 13.858192443847656 20
    endloop
  endfacet
  facet normal -0.4713965427897925 0.88192136806284 0
    outer loop
      vertex -8.333553314208984 12.472043991088867 20
      vertex -5.740250587463379 13.858192443847656 12
      vertex -8.333553314208984 12.472043991088867 12
    endloop
  endfacet
  facet normal -0.4713965427897925 0.88192136806284 0
    outer loop
      vertex -5.740250587463379 13.858192443847656 24
      vertex -8.333553314208984 12.472043991088867 32
      vertex -5.740250587463379 13.858192443847656 32
    endloop
  endfacet
  facet normal -0.4713965427897925 0.88192136806284 0
    outer loop
      vertex -8.333553314208984 12.472043991088867 32
      vertex -5.740250587463379 13.858192443847656 24
      vertex -8.333553314208984 12.472043991088867 24
    endloop
  endfacet
  facet normal -0.4713965427897925 0.88192136806284 0
    outer loop
      vertex -5.740250587463379 13.858192443847656 36
      vertex -8.333553314208984 12.472043991088867 44
      vertex -5.740250587463379 13.858192443847656 44
    endloop
  endfacet
  facet normal -0.4713965427897925 0.88192136806284 0
    outer loop
      vertex -8.333553314208984 12.472043991088867 44
      vertex -5.740250587463379 13.858192443847656 36
      vertex -8.333553314208984 12.472043991088867 36
    endloop
  endfacet
  facet normal 0.9951846511774278 -0.09801790683778719 0
    outer loop
      vertex 15 0 80
      vertex 14.923140525817871 -0.7803611755371094 61.92314147949219
      vertex 15 0 62
    endloop
  endfacet
  facet normal 0.9951847065408278 -0.09801734472656295 -2.4501213915463446e-8
    outer loop
      vertex 14.71177864074707 -2.92635440826416 80
      vertex 14.923140525817871 -0.7803611755371094 61.92314147949219
      vertex 15 0 80
    endloop
  endfacet
  facet normal 0.9951847508437681 -0.09801689491116501 2.9416603266816772e-8
    outer loop
      vertex 14.923140525817871 -0.7803611755371094 61.92314147949219
      vertex 14.71177864074707 -2.92635440826416 80
      vertex 14.849235534667969 -1.5307331085205078 61.695518493652344
    endloop
  endfacet
  facet normal 0.9951847333778823 -0.09801707224556906 1.5764619855084055e-8
    outer loop
      vertex 14.849235534667969 -1.5307331085205078 61.695518493652344
      vertex 14.71177864074707 -2.92635440826416 80
      vertex 14.781124114990234 -2.222280502319336 61.32587814331055
    endloop
  endfacet
  facet normal 0.9951847480286217 -0.09801692349389636 2.1427436800079863e-8
    outer loop
      vertex 14.781124114990234 -2.222280502319336 61.32587814331055
      vertex 14.71177864074707 -2.92635440826416 80
      vertex 14.721424102783203 -2.8284263610839844 60.828426361083984
    endloop
  endfacet
  facet normal 0.9951843388294986 -0.09802107808269513 0
    outer loop
      vertex 14.721424102783203 -2.8284263610839844 60.828426361083984
      vertex 14.71177864074707 -2.92635440826416 80
      vertex 14.71177864074707 -2.92635440826416 60.709102630615234
    endloop
  endfacet
  facet normal 0.9951847065408281 -0.09801734472656298 0
    outer loop
      vertex 14.71177864074707 -2.92635440826416 20
      vertex 15 0 12
      vertex 15 0 20
    endloop
  endfacet
  facet normal 0.9951847065408281 -0.09801734472656298 0
    outer loop
      vertex 15 0 12
      vertex 14.71177864074707 -2.92635440826416 20
      vertex 14.71177864074707 -2.92635440826416 12
    endloop
  endfacet
  facet normal 0.9951846511774278 -0.09801790683778719 0
    outer loop
      vertex 14.923140525817871 -0.7803611755371094 54.07685852050781
      vertex 15 0 48
      vertex 15 0 54
    endloop
  endfacet
  facet normal 0.9951847492912267 -0.09801691067439233 -8.18850474255678e-8
    outer loop
      vertex 14.71177864074707 -2.92635440826416 48
      vertex 14.923140525817871 -0.7803611755371094 54.07685852050781
      vertex 14.849235534667969 -1.5307331085205078 54.304481506347656
    endloop
  endfacet
  facet normal 0.9951847319789053 -0.0980170864496214 -4.2596273033882956e-8
    outer loop
      vertex 14.71177864074707 -2.92635440826416 48
      vertex 14.849235534667969 -1.5307331085205078 54.304481506347656
      vertex 14.781124114990234 -2.222280502319336 54.67412185668945
    endloop
  endfacet
  facet normal 0.9951847451902053 -0.09801695231286675 -5.688404522020846e-8
    outer loop
      vertex 14.71177864074707 -2.92635440826416 48
      vertex 14.781124114990234 -2.222280502319336 54.67412185668945
      vertex 14.721424102783203 -2.8284263610839844 55.171573638916016
    endloop
  endfacet
  facet normal 0.9951843388294986 -0.09802107808269513 0
    outer loop
      vertex 14.71177864074707 -2.92635440826416 48
      vertex 14.721424102783203 -2.8284263610839844 55.171573638916016
      vertex 14.71177864074707 -2.92635440826416 55.290897369384766
    endloop
  endfacet
  facet normal 0.9951847065408254 -0.09801734472656272 7.28838718288142e-8
    outer loop
      vertex 14.923140525817871 -0.7803611755371094 54.07685852050781
      vertex 14.71177864074707 -2.92635440826416 48
      vertex 15 0 48
    endloop
  endfacet
  facet normal 0.9951847065408281 -0.09801734472656298 0
    outer loop
      vertex 14.71177864074707 -2.92635440826416 32
      vertex 15 0 24
      vertex 15 0 32
    endloop
  endfacet
  facet normal 0.9951847065408281 -0.09801734472656298 0
    outer loop
      vertex 15 0 24
      vertex 14.71177864074707 -2.92635440826416 32
      vertex 14.71177864074707 -2.92635440826416 24
    endloop
  endfacet
  facet normal 0.9951847065408281 -0.09801734472656298 0
    outer loop
      vertex 14.71177864074707 -2.92635440826416 44
      vertex 15 0 36
      vertex 15 0 44
    endloop
  endfacet
  facet normal 0.9951847065408281 -0.09801734472656298 0
    outer loop
      vertex 15 0 36
      vertex 14.71177864074707 -2.92635440826416 44
      vertex 14.71177864074707 -2.92635440826416 36
    endloop
  endfacet
  facet normal -0.4713965427897925 -0.88192136806284 0
    outer loop
      vertex -8.333553314208984 -12.472043991088867 48
      vertex -5.740250587463379 -13.858192443847656 80
      vertex -8.333553314208984 -12.472043991088867 80
    endloop
  endfacet
  facet normal -0.4713965427897925 -0.88192136806284 0
    outer loop
      vertex -5.740250587463379 -13.858192443847656 80
      vertex -8.333553314208984 -12.472043991088867 48
      vertex -5.740250587463379 -13.858192443847656 48
    endloop
  endfacet
  facet normal -0.4713965427897925 -0.88192136806284 0
    outer loop
      vertex -8.333553314208984 -12.472043991088867 12
      vertex -5.740250587463379 -13.858192443847656 20
      vertex -8.333553314208984 -12.472043991088867 20
    endloop
  endfacet
  facet normal -0.4713965427897925 -0.88192136806284 0
    outer loop
      vertex -5.740250587463379 -13.858192443847656 20
      vertex -8.333553314208984 -12.472043991088867 12
      vertex -5.740250587463379 -13.858192443847656 12
    endloop
  endfacet
  facet normal -0.4713965427897925 -0.88192136806284 0
    outer loop
      vertex -8.333553314208984 -12.472043991088867 24
      vertex -5.740250587463379 -13.858192443847656 32
      vertex -8.333553314208984 -12.472043991088867 32
    endloop
  endfacet
  facet normal -0.4713965427897925 -0.88192136806284 0
    outer loop
      vertex -5.740250587463379 -13.858192443847656 32
      vertex -8.333553314208984 -12.472043991088867 24
      vertex -5.740250587463379 -13.858192443847656 24
    endloop
  endfacet
  facet normal -0.4713965427897925 -0.88192136806284 0
    outer loop
      vertex -8.333553314208984 -12.472043991088867 36
      vertex -5.740250587463379 -13.858192443847656 44
      vertex -8.333553314208984 -12.472043991088867 44
    endloop
  endfacet
  facet normal -0.4713965427897925 -0.88192136806284 0
    outer loop
      vertex -5.740250587463379 -13.858192443847656 44
      vertex -8.333553314208984 -12.472043991088867 36
      vertex -5.740250587463379 -13.858192443847656 36
    endloop
  endfacet
  facet normal -0.7730105095858145 0.634393215655621 0
    outer loop
      vertex -12.472043991088867 8.333553314208984 48
      vertex -10.60660171508789 10.60660171508789 80
      vertex -10.60660171508789 10.60660171508789 48
    endloop
  endfacet
  facet normal -0.7730105095858145 0.634393215655621 0
    outer loop
      vertex -10.60660171508789 10.60660171508789 80
      vertex -12.472043991088867 8.333553314208984 48
      vertex -12.472043991088867 8.333553314208984 80
    endloop
  endfacet
  facet normal -0.7730105095858145 0.634393215655621 0
    outer loop
      vertex -12.472043991088867 8.333553314208984 12
      vertex -10.60660171508789 10.60660171508789 20
      vertex -10.60660171508789 10.60660171508789 12
    endloop
  endfacet
  facet normal -0.7730105095858145 0.634393215655621 0
    outer loop
      vertex -10.60660171508789 10.60660171508789 20
      vertex -12.472043991088867 8.333553314208984 12
      vertex -12.472043991088867 8.333553314208984 20
    endloop
  endfacet
  facet normal -0.7730105095858145 0.634393215655621 0
    outer loop
      vertex -12.472043991088867 8.333553314208984 24
      vertex -10.60660171508789 10.60660171508789 32
      vertex -10.60660171508789 10.60660171508789 24
    endloop
  endfacet
  facet normal -0.7730105095858145 0.634393215655621 0
    outer loop
      vertex -10.60660171508789 10.60660171508789 32
      vertex -12.472043991088867 8.333553314208984 24
      vertex -12.472043991088867 8.333553314208984 32
    endloop
  endfacet
  facet normal -0.7730105095858145 0.634393215655621 0
    outer loop
      vertex -12.472043991088867 8.333553314208984 36
      vertex -10.60660171508789 10.60660171508789 44
      vertex -10.60660171508789 10.60660171508789 36
    endloop
  endfacet
  facet normal -0.7730105095858145 0.634393215655621 0
    outer loop
      vertex -10.60660171508789 10.60660171508789 44
      vertex -12.472043991088867 8.333553314208984 36
      vertex -12.472043991088867 8.333553314208984 44
    endloop
  endfacet
  facet normal 0.88192136806284 0.4713965427897925 0
    outer loop
      vertex 13.858192443847656 5.740250587463379 80
      vertex 12.472043991088867 8.333553314208984 48
      vertex 12.472043991088867 8.333553314208984 80
    endloop
  endfacet
  facet normal 0.88192136806284 0.4713965427897925 0
    outer loop
      vertex 12.472043991088867 8.333553314208984 48
      vertex 13.858192443847656 5.740250587463379 80
      vertex 13.858192443847656 5.740250587463379 48
    endloop
  endfacet
  facet normal 0.88192136806284 0.4713965427897925 0
    outer loop
      vertex 13.858192443847656 5.740250587463379 20
      vertex 12.472043991088867 8.333553314208984 12
      vertex 12.472043991088867 8.333553314208984 20
    endloop
  endfacet
  facet normal 0.88192136806284 0.4713965427897925 0
    outer loop
      vertex 12.472043991088867 8.333553314208984 12
      vertex 13.858192443847656 5.740250587463379 20
      vertex 13.858192443847656 5.740250587463379 12
    endloop
  endfacet
  facet normal 0.88192136806284 0.4713965427897925 0
    outer loop
      vertex 13.858192443847656 5.740250587463379 32
      vertex 12.472043991088867 8.333553314208984 24
      vertex 12.472043991088867 8.333553314208984 32
    endloop
  endfacet
  facet normal 0.88192136806284 0.4713965427897925 0
    outer loop
      vertex 12.472043991088867 8.333553314208984 24
      vertex 13.858192443847656 5.740250587463379 32
      vertex 13.858192443847656 5.740250587463379 24
    endloop
  endfacet
  facet normal 0.88192136806284 0.4713965427897925 0
    outer loop
      vertex 13.858192443847656 5.740250587463379 44
      vertex 12.472043991088867 8.333553314208984 36
      vertex 12.472043991088867 8.333553314208984 44
    endloop
  endfacet
  facet normal 0.88192136806284 0.4713965427897925 0
    outer loop
      vertex 12.472043991088867 8.333553314208984 36
      vertex 13.858192443847656 5.740250587463379 44
      vertex 13.858192443847656 5.740250587463379 36
    endloop
  endfacet
  facet normal 0.4713965427897925 -0.88192136806284 0
    outer loop
      vertex 5.740250587463379 -13.858192443847656 48
      vertex 8.333553314208984 -12.472043991088867 80
      vertex 5.740250587463379 -13.858192443847656 80
    endloop
  endfacet
  facet normal 0.4713965427897925 -0.88192136806284 0
    outer loop
      vertex 8.333553314208984 -12.472043991088867 80
      vertex 5.740250587463379 -13.858192443847656 48
      vertex 8.333553314208984 -12.472043991088867 48
    endloop
  endfacet
  facet normal 0.4713965427897925 -0.88192136806284 0
    outer loop
      vertex 5.740250587463379 -13.858192443847656 12
      vertex 8.333553314208984 -12.472043991088867 20
      vertex 5.740250587463379 -13.858192443847656 20
    endloop
  endfacet
  facet normal 0.4713965427897925 -0.88192136806284 0
    outer loop
      vertex 8.333553314208984 -12.472043991088867 20
      vertex 5.740250587463379 -13.858192443847656 12
      vertex 8.333553314208984 -12.472043991088867 12
    endloop
  endfacet
  facet normal 0.4713965427897925 -0.88192136806284 0
    outer loop
      vertex 5.740250587463379 -13.858192443847656 24
      vertex 8.333553314208984 -12.472043991088867 32
      vertex 5.740250587463379 -13.858192443847656 32
    endloop
  endfacet
  facet normal 0.4713965427897925 -0.88192136806284 0
    outer loop
      vertex 8.333553314208984 -12.472043991088867 32
      vertex 5.740250587463379 -13.858192443847656 24
      vertex 8.333553314208984 -12.472043991088867 24
    endloop
  endfacet
  facet normal 0.4713965427897925 -0.88192136806284 0
    outer loop
      vertex 5.740250587463379 -13.858192443847656 36
      vertex 8.333553314208984 -12.472043991088867 44
      vertex 5.740250587463379 -13.858192443847656 44
    endloop
  endfacet
  facet normal 0.4713965427897925 -0.88192136806284 0
    outer loop
      vertex 8.333553314208984 -12.472043991088867 44
      vertex 5.740250587463379 -13.858192443847656 36
      vertex 8.333553314208984 -12.472043991088867 36
    endloop
  endfacet
  facet normal -0.09801734472656298 0.9951847065408281 0
    outer loop
      vertex 0 15 48
      vertex -2.92635440826416 14.71177864074707 80
      vertex 0 15 80
    endloop
  endfacet
  facet normal -0.09801734472656298 0.9951847065408281 0
    outer loop
      vertex -2.92635440826416 14.71177864074707 80
      vertex 0 15 48
      vertex -2.92635440826416 14.71177864074707 48
    endloop
  endfacet
  facet normal -0.09801734472656298 0.9951847065408281 0
    outer loop
      vertex 0 15 12
      vertex -2.92635440826416 14.71177864074707 20
      vertex 0 15 20
    endloop
  endfacet
  facet normal -0.09801734472656298 0.9951847065408281 0
    outer loop
      vertex -2.92635440826416 14.71177864074707 20
      vertex 0 15 12
      vertex -2.92635440826416 14.71177864074707 12
    endloop
  endfacet
  facet normal -0.09801734472656298 0.9951847065408281 0
    outer loop
      vertex 0 15 24
      vertex -2.92635440826416 14.71177864074707 32
      vertex 0 15 32
    endloop
  endfacet
  facet normal -0.09801734472656298 0.9951847065408281 0
    outer loop
      vertex -2.92635440826416 14.71177864074707 32
      vertex 0 15 24
      vertex -2.92635440826416 14.71177864074707 24
    endloop
  endfacet
  facet normal -0.09801734472656298 0.9951847065408281 0
    outer loop
      vertex 0 15 36
      vertex -2.92635440826416 14.71177864074707 44
      vertex 0 15 44
    endloop
  endfacet
  facet normal -0.09801734472656298 0.9951847065408281 0
    outer loop
      vertex -2.92635440826416 14.71177864074707 44
      vertex 0 15 36
      vertex -2.92635440826416 14.71177864074707 36
    endloop
  endfacet
  facet normal 0.09801734472656298 0.9951847065408281 0
    outer loop
      vertex 2.92635440826416 14.71177864074707 48
      vertex 0 15 80
      vertex 2.92635440826416 14.71177864074707 80
    endloop
  endfacet
  facet normal 0.09801734472656298 0.9951847065408281 0
    outer loop
      vertex 0 15 80
      vertex 2.92635440826416 14.71177864074707 48
      vertex 0 15 48
    endloop
  endfacet
  facet normal 0.09801734472656298 0.9951847065408281 0
    outer loop
      vertex 2.92635440826416 14.71177864074707 12
      vertex 0 15 20
      vertex 2.92635440826416 14.71177864074707 20
    endloop
  endfacet
  facet normal 0.09801734472656298 0.9951847065408281 0
    outer loop
      vertex 0 15 20
      vertex 2.92635440826416 14.71177864074707 12
      vertex 0 15 12
    endloop
  endfacet
  facet normal 0.09801734472656298 0.9951847065408281 0
    outer loop
      vertex 2.92635440826416 14.71177864074707 24
      vertex 0 15 32
      vertex 2.92635440826416 14.71177864074707 32
    endloop
  endfacet
  facet normal 0.09801734472656298 0.9951847065408281 0
    outer loop
      vertex 0 15 32
      vertex 2.92635440826416 14.71177864074707 24
      vertex 0 15 24
    endloop
  endfacet
  facet normal 0.09801734472656298 0.9951847065408281 0
    outer loop
      vertex 2.92635440826416 14.71177864074707 36
      vertex 0 15 44
      vertex 2.92635440826416 14.71177864074707 44
    endloop
  endfacet
  facet normal 0.09801734472656298 0.9951847065408281 0
    outer loop
      vertex 0 15 44
      vertex 2.92635440826416 14.71177864074707 36
      vertex 0 15 36
    endloop
  endfacet
  facet normal -0.9951847065408281 -0.09801734472656298 0
    outer loop
      vertex -14.71177864074707 -2.92635440826416 48
      vertex -15 0 80
      vertex -15 0 48
    endloop
  endfacet
  facet normal -0.9951847065408281 -0.09801734472656298 0
    outer loop
      vertex -15 0 80
      vertex -14.71177864074707 -2.92635440826416 48
      vertex -14.71177864074707 -2.92635440826416 80
    endloop
  endfacet
  facet normal -0.9951847065408281 -0.09801734472656298 0
    outer loop
      vertex -14.71177864074707 -2.92635440826416 12
      vertex -15 0 20
      vertex -15 0 12
    endloop
  endfacet
  facet normal -0.9951847065408281 -0.09801734472656298 0
    outer loop
      vertex -15 0 20
      vertex -14.71177864074707 -2.92635440826416 12
      vertex -14.71177864074707 -2.92635440826416 20
    endloop
  endfacet
  facet normal -0.9951847065408281 -0.09801734472656298 0
    outer loop
      vertex -14.71177864074707 -2.92635440826416 24
      vertex -15 0 32
      vertex -15 0 24
    endloop
  endfacet
  facet normal -0.9951847065408281 -0.09801734472656298 0
    outer loop
      vertex -15 0 32
      vertex -14.71177864074707 -2.92635440826416 24
      vertex -14.71177864074707 -2.92635440826416 32
    endloop
  endfacet
  facet normal -0.9951847065408281 -0.09801734472656298 0
    outer loop
      vertex -14.71177864074707 -2.92635440826416 36
      vertex -15 0 44
      vertex -15 0 36
    endloop
  endfacet
  facet normal -0.9951847065408281 -0.09801734472656298 0
    outer loop
      vertex -15 0 44
      vertex -14.71177864074707 -2.92635440826416 36
      vertex -14.71177864074707 -2.92635440826416 44
    endloop
  endfacet
  facet normal 0.4713965427897925 0.88192136806284 0
    outer loop
      vertex 8.333553314208984 12.472043991088867 48
      vertex 5.740250587463379 13.858192443847656 80
      vertex 8.333553314208984 12.472043991088867 80
    endloop
  endfacet
  facet normal 0.4713965427897925 0.88192136806284 0
    outer loop
      vertex 5.740250587463379 13.858192443847656 80
      vertex 8.333553314208984 12.472043991088867 48
      vertex 5.740250587463379 13.858192443847656 48
    endloop
  endfacet
  facet normal 0.4713965427897925 0.88192136806284 0
    outer loop
      vertex 8.333553314208984 12.472043991088867 12
      vertex 5.740250587463379 13.858192443847656 20
      vertex 8.333553314208984 12.472043991088867 20
    endloop
  endfacet
  facet normal 0.4713965427897925 0.88192136806284 0
    outer loop
      vertex 5.740250587463379 13.858192443847656 20
      vertex 8.333553314208984 12.472043991088867 12
      vertex 5.740250587463379 13.858192443847656 12
    endloop
  endfacet
  facet normal 0.4713965427897925 0.88192136806284 0
    outer loop
      vertex 8.333553314208984 12.472043991088867 24
      vertex 5.740250587463379 13.858192443847656 32
      vertex 8.333553314208984 12.472043991088867 32
    endloop
  endfacet
  facet normal 0.4713965427897925 0.88192136806284 0
    outer loop
      vertex 5.740250587463379 13.858192443847656 32
      vertex 8.333553314208984 12.472043991088867 24
      vertex 5.740250587463379 13.858192443847656 24
    endloop
  endfacet
  facet normal 0.4713965427897925 0.88192136806284 0
    outer loop
      vertex 8.333553314208984 12.472043991088867 36
      vertex 5.740250587463379 13.858192443847656 44
      vertex 8.333553314208984 12.472043991088867 44
    endloop
  endfacet
  facet normal 0.4713965427897925 0.88192136806284 0
    outer loop
      vertex 5.740250587463379 13.858192443847656 44
      vertex 8.333553314208984 12.472043991088867 36
      vertex 5.740250587463379 13.858192443847656 36
    endloop
  endfacet
  facet normal 0.29028471553544205 0.9569403241197998 0
    outer loop
      vertex 5.740250587463379 13.858192443847656 48
      vertex 2.92635440826416 14.71177864074707 80
      vertex 5.740250587463379 13.858192443847656 80
    endloop
  endfacet
  facet normal 0.29028471553544205 0.9569403241197998 0
    outer loop
      vertex 2.92635440826416 14.71177864074707 80
      vertex 5.740250587463379 13.858192443847656 48
      vertex 2.92635440826416 14.71177864074707 48
    endloop
  endfacet
  facet normal 0.29028471553544205 0.9569403241197998 0
    outer loop
      vertex 5.740250587463379 13.858192443847656 12
      vertex 2.92635440826416 14.71177864074707 20
      vertex 5.740250587463379 13.858192443847656 20
    endloop
  endfacet
  facet normal 0.29028471553544205 0.9569403241197998 0
    outer loop
      vertex 2.92635440826416 14.71177864074707 20
      vertex 5.740250587463379 13.858192443847656 12
      vertex 2.92635440826416 14.71177864074707 12
    endloop
  endfacet
  facet normal 0.29028471553544205 0.9569403241197998 0
    outer loop
      vertex 5.740250587463379 13.858192443847656 24
      vertex 2.92635440826416 14.71177864074707 32
      vertex 5.740250587463379 13.858192443847656 32
    endloop
  endfacet
  facet normal 0.29028471553544205 0.9569403241197998 0
    outer loop
      vertex 2.92635440826416 14.71177864074707 32
      vertex 5.740250587463379 13.858192443847656 24
      vertex 2.92635440826416 14.71177864074707 24
    endloop
  endfacet
  facet normal 0.29028471553544205 0.9569403241197998 0
    outer loop
      vertex 5.740250587463379 13.858192443847656 36
      vertex 2.92635440826416 14.71177864074707 44
      vertex 5.740250587463379 13.858192443847656 44
    endloop
  endfacet
  facet normal 0.29028471553544205 0.9569403241197998 0
    outer loop
      vertex 2.92635440826416 14.71177864074707 44
      vertex 5.740250587463379 13.858192443847656 36
      vertex 2.92635440826416 14.71177864074707 36
    endloop
  endfacet
  facet normal -0.9569403241197998 -0.29028471553544205 0
    outer loop
      vertex -13.858192443847656 -5.740250587463379 48
      vertex -14.71177864074707 -2.92635440826416 80
      vertex -14.71177864074707 -2.92635440826416 48
    endloop
  endfacet
  facet normal -0.9569403241197998 -0.29028471553544205 0
    outer loop
      vertex -14.71177864074707 -2.92635440826416 80
      vertex -13.858192443847656 -5.740250587463379 48
      vertex -13.858192443847656 -5.740250587463379 80
    endloop
  endfacet
  facet normal -0.9569403241197998 -0.29028471553544205 0
    outer loop
      vertex -13.858192443847656 -5.740250587463379 12
      vertex -14.71177864074707 -2.92635440826416 20
      vertex -14.71177864074707 -2.92635440826416 12
    endloop
  endfacet
  facet normal -0.9569403241197998 -0.29028471553544205 0
    outer loop
      vertex -14.71177864074707 -2.92635440826416 20
      vertex -13.858192443847656 -5.740250587463379 12
      vertex -13.858192443847656 -5.740250587463379 20
    endloop
  endfacet
  facet normal -0.9569403241197998 -0.29028471553544205 0
    outer loop
      vertex -13.858192443847656 -5.740250587463379 24
      vertex -14.71177864074707 -2.92635440826416 32
      vertex -14.71177864074707 -2.92635440826416 24
    endloop
  endfacet
  facet normal -0.9569403241197998 -0.29028471553544205 0
    outer loop
      vertex -14.71177864074707 -2.92635440826416 32
      vertex -13.858192443847656 -5.740250587463379 24
      vertex -13.858192443847656 -5.740250587463379 32
    endloop
  endfacet
  facet normal -0.9569403241197998 -0.29028471553544205 0
    outer loop
      vertex -13.858192443847656 -5.740250587463379 36
      vertex -14.71177864074707 -2.92635440826416 44
      vertex -14.71177864074707 -2.92635440826416 36
    endloop
  endfacet
  facet normal -0.9569403241197998 -0.29028471553544205 0
    outer loop
      vertex -14.71177864074707 -2.92635440826416 44
      vertex -13.858192443847656 -5.740250587463379 36
      vertex -13.858192443847656 -5.740250587463379 44
    endloop
  endfacet
  facet normal 0.634393215655621 -0.7730105095858145 0
    outer loop
      vertex 8.333553314208984 -12.472043991088867 48
      vertex 10.60660171508789 -10.60660171508789 80
      vertex 8.333553314208984 -12.472043991088867 80
    endloop
  endfacet
  facet normal 0.634393215655621 -0.7730105095858145 0
    outer loop
      vertex 10.60660171508789 -10.60660171508789 80
      vertex 8.333553314208984 -12.472043991088867 48
      vertex 10.60660171508789 -10.60660171508789 48
    endloop
  endfacet
  facet normal 0.634393215655621 -0.7730105095858145 0
    outer loop
      vertex 8.333553314208984 -12.472043991088867 12
      vertex 10.60660171508789 -10.60660171508789 20
      vertex 8.333553314208984 -12.472043991088867 20
    endloop
  endfacet
  facet normal 0.634393215655621 -0.7730105095858145 0
    outer loop
      vertex 10.60660171508789 -10.60660171508789 20
      vertex 8.333553314208984 -12.472043991088867 12
      vertex 10.60660171508789 -10.60660171508789 12
    endloop
  endfacet
  facet normal 0.634393215655621 -0.7730105095858145 0
    outer loop
      vertex 8.333553314208984 -12.472043991088867 24
      vertex 10.60660171508789 -10.60660171508789 32
      vertex 8.333553314208984 -12.472043991088867 32
    endloop
  endfacet
  facet normal 0.634393215655621 -0.7730105095858145 0
    outer loop
      vertex 10.60660171508789 -10.60660171508789 32
      vertex 8.333553314208984 -12.472043991088867 24
      vertex 10.60660171508789 -10.60660171508789 24
    endloop
  endfacet
  facet normal 0.634393215655621 -0.7730105095858145 0
    outer loop
      vertex 8.333553314208984 -12.472043991088867 36
      vertex 10.60660171508789 -10.60660171508789 44
      vertex 8.333553314208984 -12.472043991088867 44
    endloop
  endfacet
  facet normal 0.634393215655621 -0.7730105095858145 0
    outer loop
      vertex 10.60660171508789 -10.60660171508789 44
      vertex 8.333553314208984 -12.472043991088867 36
      vertex 10.60660171508789 -10.60660171508789 36
    endloop
  endfacet
  facet normal -0.9951847065408281 0.09801734472656298 0
    outer loop
      vertex -15 0 48
      vertex -14.71177864074707 2.92635440826416 80
      vertex -14.71177864074707 2.92635440826416 48
    endloop
  endfacet
  facet normal -0.9951847065408281 0.09801734472656298 0
    outer loop
      vertex -14.71177864074707 2.92635440826416 80
      vertex -15 0 48
      vertex -15 0 80
    endloop
  endfacet
  facet normal -0.9951847065408281 0.09801734472656298 0
    outer loop
      vertex -15 0 12
      vertex -14.71177864074707 2.92635440826416 20
      vertex -14.71177864074707 2.92635440826416 12
    endloop
  endfacet
  facet normal -0.9951847065408281 0.09801734472656298 0
    outer loop
      vertex -14.71177864074707 2.92635440826416 20
      vertex -15 0 12
      vertex -15 0 20
    endloop
  endfacet
  facet normal -0.9951847065408281 0.09801734472656298 0
    outer loop
      vertex -15 0 24
      vertex -14.71177864074707 2.92635440826416 32
      vertex -14.71177864074707 2.92635440826416 24
    endloop
  endfacet
  facet normal -0.9951847065408281 0.09801734472656298 0
    outer loop
      vertex -14.71177864074707 2.92635440826416 32
      vertex -15 0 24
      vertex -15 0 32
    endloop
  endfacet
  facet normal -0.9951847065408281 0.09801734472656298 0
    outer loop
      vertex -15 0 36
      vertex -14.71177864074707 2.92635440826416 44
      vertex -14.71177864074707 2.92635440826416 36
    endloop
  endfacet
  facet normal -0.9951847065408281 0.09801734472656298 0
    outer loop
      vertex -14.71177864074707 2.92635440826416 44
      vertex -15 0 36
      vertex -15 0 44
    endloop
  endfacet
  facet normal 0.09801734472656298 -0.9951847065408281 0
    outer loop
      vertex 0 -15 48
      vertex 2.92635440826416 -14.71177864074707 80
      vertex 0 -15 80
    endloop
  endfacet
  facet normal 0.09801734472656298 -0.9951847065408281 0
    outer loop
      vertex 2.92635440826416 -14.71177864074707 80
      vertex 0 -15 48
      vertex 2.92635440826416 -14.71177864074707 48
    endloop
  endfacet
  facet normal 0.09801734472656298 -0.9951847065408281 0
    outer loop
      vertex 0 -15 12
      vertex 2.92635440826416 -14.71177864074707 20
      vertex 0 -15 20
    endloop
  endfacet
  facet normal 0.09801734472656298 -0.9951847065408281 0
    outer loop
      vertex 2.92635440826416 -14.71177864074707 20
      vertex 0 -15 12
      vertex 2.92635440826416 -14.71177864074707 12
    endloop
  endfacet
  facet normal 0.09801734472656298 -0.9951847065408281 0
    outer loop
      vertex 0 -15 24
      vertex 2.92635440826416 -14.71177864074707 32
      vertex 0 -15 32
    endloop
  endfacet
  facet normal 0.09801734472656298 -0.9951847065408281 0
    outer loop
      vertex 2.92635440826416 -14.71177864074707 32
      vertex 0 -15 24
      vertex 2.92635440826416 -14.71177864074707 24
    endloop
  endfacet
  facet normal 0.09801734472656298 -0.9951847065408281 0
    outer loop
      vertex 0 -15 36
      vertex 2.92635440826416 -14.71177864074707 44
      vertex 0 -15 44
    endloop
  endfacet
  facet normal 0.09801734472656298 -0.9951847065408281 0
    outer loop
      vertex 2.92635440826416 -14.71177864074707 44
      vertex 0 -15 36
      vertex 2.92635440826416 -14.71177864074707 36
    endloop
  endfacet
  facet normal -0.634393215655621 -0.7730105095858145 0
    outer loop
      vertex -10.60660171508789 -10.60660171508789 48
      vertex -8.333553314208984 -12.472043991088867 80
      vertex -10.60660171508789 -10.60660171508789 80
    endloop
  endfacet
  facet normal -0.634393215655621 -0.7730105095858145 0
    outer loop
      vertex -8.333553314208984 -12.472043991088867 80
      vertex -10.60660171508789 -10.60660171508789 48
      vertex -8.333553314208984 -12.472043991088867 48
    endloop
  endfacet
  facet normal -0.634393215655621 -0.7730105095858145 0
    outer loop
      vertex -10.60660171508789 -10.60660171508789 12
      vertex -8.333553314208984 -12.472043991088867 20
      vertex -10.60660171508789 -10.60660171508789 20
    endloop
  endfacet
  facet normal -0.634393215655621 -0.7730105095858145 0
    outer loop
      vertex -8.333553314208984 -12.472043991088867 20
      vertex -10.60660171508789 -10.60660171508789 12
      vertex -8.333553314208984 -12.472043991088867 12
    endloop
  endfacet
  facet normal -0.634393215655621 -0.7730105095858145 0
    outer loop
      vertex -10.60660171508789 -10.60660171508789 24
      vertex -8.333553314208984 -12.472043991088867 32
      vertex -10.60660171508789 -10.60660171508789 32
    endloop
  endfacet
  facet normal -0.634393215655621 -0.7730105095858145 0
    outer loop
      vertex -8.333553314208984 -12.472043991088867 32
      vertex -10.60660171508789 -10.60660171508789 24
      vertex -8.333553314208984 -12.472043991088867 24
    endloop
  endfacet
  facet normal -0.634393215655621 -0.7730105095858145 0
    outer loop
      vertex -10.60660171508789 -10.60660171508789 36
      vertex -8.333553314208984 -12.472043991088867 44
      vertex -10.60660171508789 -10.60660171508789 44
    endloop
  endfacet
  facet normal -0.634393215655621 -0.7730105095858145 0
    outer loop
      vertex -8.333553314208984 -12.472043991088867 44
      vertex -10.60660171508789 -10.60660171508789 36
      vertex -8.333553314208984 -12.472043991088867 36
    endloop
  endfacet
  facet normal 0.634393215655621 0.7730105095858145 0
    outer loop
      vertex 10.60660171508789 10.60660171508789 48
      vertex 8.333553314208984 12.472043991088867 80
      vertex 10.60660171508789 10.60660171508789 80
    endloop
  endfacet
  facet normal 0.634393215655621 0.7730105095858145 0
    outer loop
      vertex 8.333553314208984 12.472043991088867 80
      vertex 10.60660171508789 10.60660171508789 48
      vertex 8.333553314208984 12.472043991088867 48
    endloop
  endfacet
  facet normal 0.634393215655621 0.7730105095858145 0
    outer loop
      vertex 10.60660171508789 10.60660171508789 12
      vertex 8.333553314208984 12.472043991088867 20
      vertex 10.60660171508789 10.60660171508789 20
    endloop
  endfacet
  facet normal 0.634393215655621 0.7730105095858145 0
    outer loop
      vertex 8.333553314208984 12.472043991088867 20
      vertex 10.60660171508789 10.60660171508789 12
      vertex 8.333553314208984 12.472043991088867 12
    endloop
  endfacet
  facet normal 0.634393215655621 0.7730105095858145 0
    outer loop
      vertex 10.60660171508789 10.60660171508789 24
      vertex 8.333553314208984 12.472043991088867 32
      vertex 10.60660171508789 10.60660171508789 32
    endloop
  endfacet
  facet normal 0.634393215655621 0.7730105095858145 0
    outer loop
      vertex 8.333553314208984 12.472043991088867 32
      vertex 10.60660171508789 10.60660171508789 24
      vertex 8.333553314208984 12.472043991088867 24
    endloop
  endfacet
  facet normal 0.634393215655621 0.7730105095858145 0
    outer loop
      vertex 10.60660171508789 10.60660171508789 36
      vertex 8.333553314208984 12.472043991088867 44
      vertex 10.60660171508789 10.60660171508789 44
    endloop
  endfacet
  facet normal 0.634393215655621 0.7730105095858145 0
    outer loop
      vertex 8.333553314208984 12.472043991088867 44
      vertex 10.60660171508789 10.60660171508789 36
      vertex 8.333553314208984 12.472043991088867 36
    endloop
  endfacet
  facet normal 0.88192136806284 -0.4713965427897925 0
    outer loop
      vertex 12.472043991088867 -8.333553314208984 80
      vertex 13.858192443847656 -5.740250587463379 48
      vertex 13.858192443847656 -5.740250587463379 80
    endloop
  endfacet
  facet normal 0.88192136806284 -0.4713965427897925 0
    outer loop
      vertex 13.858192443847656 -5.740250587463379 48
      vertex 12.472043991088867 -8.333553314208984 80
      vertex 12.472043991088867 -8.333553314208984 48
    endloop
  endfacet
  facet normal 0.88192136806284 -0.4713965427897925 0
    outer loop
      vertex 12.472043991088867 -8.333553314208984 20
      vertex 13.858192443847656 -5.740250587463379 12
      vertex 13.858192443847656 -5.740250587463379 20
    endloop
  endfacet
  facet normal 0.88192136806284 -0.4713965427897925 0
    outer loop
      vertex 13.858192443847656 -5.740250587463379 12
      vertex 12.472043991088867 -8.333553314208984 20
      vertex 12.472043991088867 -8.333553314208984 12
    endloop
  endfacet
  facet normal 0.88192136806284 -0.4713965427897925 0
    outer loop
      vertex 12.472043991088867 -8.333553314208984 32
      vertex 13.858192443847656 -5.740250587463379 24
      vertex 13.858192443847656 -5.740250587463379 32
    endloop
  endfacet
  facet normal 0.88192136806284 -0.4713965427897925 0
    outer loop
      vertex 13.858192443847656 -5.740250587463379 24
      vertex 12.472043991088867 -8.333553314208984 32
      vertex 12.472043991088867 -8.333553314208984 24
    endloop
  endfacet
  facet normal 0.88192136806284 -0.4713965427897925 0
    outer loop
      vertex 12.472043991088867 -8.333553314208984 44
      vertex 13.858192443847656 -5.740250587463379 36
      vertex 13.858192443847656 -5.740250587463379 44
    endloop
  endfacet
  facet normal 0.88192136806284 -0.4713965427897925 0
    outer loop
      vertex 13.858192443847656 -5.740250587463379 36
      vertex 12.472043991088867 -8.333553314208984 44
      vertex 12.472043991088867 -8.333553314208984 36
    endloop
  endfacet
  facet normal -0.09801734472656298 -0.9951847065408281 0
    outer loop
      vertex -2.92635440826416 -14.71177864074707 48
      vertex 0 -15 80
      vertex -2.92635440826416 -14.71177864074707 80
    endloop
  endfacet
  facet normal -0.09801734472656298 -0.9951847065408281 0
    outer loop
      vertex 0 -15 80
      vertex -2.92635440826416 -14.71177864074707 48
      vertex 0 -15 48
    endloop
  endfacet
  facet normal -0.09801734472656298 -0.9951847065408281 0
    outer loop
      vertex -2.92635440826416 -14.71177864074707 12
      vertex 0 -15 20
      vertex -2.92635440826416 -14.71177864074707 20
    endloop
  endfacet
  facet normal -0.09801734472656298 -0.9951847065408281 0
    outer loop
      vertex 0 -15 20
      vertex -2.92635440826416 -14.71177864074707 12
      vertex 0 -15 12
    endloop
  endfacet
  facet normal -0.09801734472656298 -0.9951847065408281 0
    outer loop
      vertex -2.92635440826416 -14.71177864074707 24
      vertex 0 -15 32
      vertex -2.92635440826416 -14.71177864074707 32
    endloop
  endfacet
  facet normal -0.09801734472656298 -0.9951847065408281 0
    outer loop
      vertex 0 -15 32
      vertex -2.92635440826416 -14.71177864074707 24
      vertex 0 -15 24
    endloop
  endfacet
  facet normal -0.09801734472656298 -0.9951847065408281 0
    outer loop
      vertex -2.92635440826416 -14.71177864074707 36
      vertex 0 -15 44
      vertex -2.92635440826416 -14.71177864074707 44
    endloop
  endfacet
  facet normal -0.09801734472656298 -0.9951847065408281 0
    outer loop
      vertex 0 -15 44
      vertex -2.92635440826416 -14.71177864074707 36
      vertex 0 -15 36
    endloop
  endfacet
  facet normal -0.88192136806284 -0.4713965427897925 0
    outer loop
      vertex -12.472043991088867 -8.333553314208984 48
      vertex -13.858192443847656 -5.740250587463379 80
      vertex -13.858192443847656 -5.740250587463379 48
    endloop
  endfacet
  facet normal -0.88192136806284 -0.4713965427897925 0
    outer loop
      vertex -13.858192443847656 -5.740250587463379 80
      vertex -12.472043991088867 -8.333553314208984 48
      vertex -12.472043991088867 -8.333553314208984 80
    endloop
  endfacet
  facet normal -0.88192136806284 -0.4713965427897925 0
    outer loop
      vertex -12.472043991088867 -8.333553314208984 12
      vertex -13.858192443847656 -5.740250587463379 20
      vertex -13.858192443847656 -5.740250587463379 12
    endloop
  endfacet
  facet normal -0.88192136806284 -0.4713965427897925 0
    outer loop
      vertex -13.858192443847656 -5.740250587463379 20
      vertex -12.472043991088867 -8.333553314208984 12
      vertex -12.472043991088867 -8.333553314208984 20
    endloop
  endfacet
  facet normal -0.88192136806284 -0.4713965427897925 0
    outer loop
      vertex -12.472043991088867 -8.333553314208984 24
      vertex -13.858192443847656 -5.740250587463379 32
      vertex -13.858192443847656 -5.740250587463379 24
    endloop
  endfacet
  facet normal -0.88192136806284 -0.4713965427897925 0
    outer loop
      vertex -13.858192443847656 -5.740250587463379 32
      vertex -12.472043991088867 -8.333553314208984 24
      vertex -12.472043991088867 -8.333553314208984 32
    endloop
  endfacet
  facet normal -0.88192136806284 -0.4713965427897925 0
    outer loop
      vertex -12.472043991088867 -8.333553314208984 36
      vertex -13.858192443847656 -5.740250587463379 44
      vertex -13.858192443847656 -5.740250587463379 36
    endloop
  endfacet
  facet normal -0.88192136806284 -0.4713965427897925 0
    outer loop
      vertex -13.858192443847656 -5.740250587463379 44
      vertex -12.472043991088867 -8.333553314208984 36
      vertex -12.472043991088867 -8.333553314208984 44
    endloop
  endfacet
  facet normal 0.29028471553544205 -0.9569403241197998 0
    outer loop
      vertex 2.92635440826416 -14.71177864074707 48
      vertex 5.740250587463379 -13.858192443847656 80
      vertex 2.92635440826416 -14.71177864074707 80
    endloop
  endfacet
  facet normal 0.29028471553544205 -0.9569403241197998 0
    outer loop
      vertex 5.740250587463379 -13.858192443847656 80
      vertex 2.92635440826416 -14.71177864074707 48
      vertex 5.740250587463379 -13.858192443847656 48
    endloop
  endfacet
  facet normal 0.29028471553544205 -0.9569403241197998 0
    outer loop
      vertex 2.92635440826416 -14.71177864074707 12
      vertex 5.740250587463379 -13.858192443847656 20
      vertex 2.92635440826416 -14.71177864074707 20
    endloop
  endfacet
  facet normal 0.29028471553544205 -0.9569403241197998 0
    outer loop
      vertex 5.740250587463379 -13.858192443847656 20
      vertex 2.92635440826416 -14.71177864074707 12
      vertex 5.740250587463379 -13.858192443847656 12
    endloop
  endfacet
  facet normal 0.29028471553544205 -0.9569403241197998 0
    outer loop
      vertex 2.92635440826416 -14.71177864074707 24
      vertex 5.740250587463379 -13.858192443847656 32
      vertex 2.92635440826416 -14.71177864074707 32
    endloop
  endfacet
  facet normal 0.29028471553544205 -0.9569403241197998 0
    outer loop
      vertex 5.740250587463379 -13.858192443847656 32
      vertex 2.92635440826416 -14.71177864074707 24
      vertex 5.740250587463379 -13.858192443847656 24
    endloop
  endfacet
  facet normal 0.29028471553544205 -0.9569403241197998 0
    outer loop
      vertex 2.92635440826416 -14.71177864074707 36
      vertex 5.740250587463379 -13.858192443847656 44
      vertex 2.92635440826416 -14.71177864074707 44
    endloop
  endfacet
  facet normal 0.29028471553544205 -0.9569403241197998 0
    outer loop
      vertex 5.740250587463379 -13.858192443847656 44
      vertex 2.92635440826416 -14.71177864074707 36
      vertex 5.740250587463379 -13.858192443847656 36
    endloop
  endfacet
  facet normal 0.9569403241197998 -0.29028471553544205 0
    outer loop
      vertex 13.858192443847656 -5.740250587463379 80
      vertex 14.71177864074707 -2.92635440826416 60.709102630615234
      vertex 14.71177864074707 -2.92635440826416 80
    endloop
  endfacet
  facet normal 0.9569405115094469 -0.2902840977939173 9.83994521461174e-8
    outer loop
      vertex 14.71177864074707 -2.92635440826416 60.709102630615234
      vertex 13.858192443847656 -5.740250587463379 80
      vertex 14.590584754943848 -3.325878143310547 60.22228240966797
    endloop
  endfacet
  facet normal 0.9569401357455848 -0.2902853365211846 -6.673363404372588e-8
    outer loop
      vertex 14.590584754943848 -3.325878143310547 60.22228240966797
      vertex 13.858192443847656 -5.740250587463379 80
      vertex 14.478455543518066 -3.6955175399780273 59.530731201171875
    endloop
  endfacet
  facet normal 0.9569401532385117 -0.2902852788548704 -6.044310960910631e-8
    outer loop
      vertex 14.478455543518066 -3.6955175399780273 59.530731201171875
      vertex 13.858192443847656 -5.740250587463379 80
      vertex 14.409406661987305 -3.923140525817871 58.78036117553711
    endloop
  endfacet
  facet normal 0.9569414346519288 -0.2902810545767605 3.3458300844870027e-7
    outer loop
      vertex 14.409406661987305 -3.923140525817871 58.78036117553711
      vertex 13.858192443847656 -5.740250587463379 80
      vertex 14.386092185974121 -4 58
    endloop
  endfacet
  facet normal 0.9569404742249357 -0.2902842207046597 -2.085518479955932e-7
    outer loop
      vertex 13.858192443847656 -5.740250587463379 48
      vertex 14.71177864074707 -2.92635440826416 55.290897369384766
      vertex 14.590584754943848 -3.325878143310547 55.77771759033203
    endloop
  endfacet
  facet normal 0.9569401695956969 -0.290285224932551 1.3186784837131942e-7
    outer loop
      vertex 13.858192443847656 -5.740250587463379 48
      vertex 14.590584754943848 -3.325878143310547 55.77771759033203
      vertex 14.478455543518066 -3.6955175399780273 56.46926498413086
    endloop
  endfacet
  facet normal 0.9569401969077665 -0.2902851348969032 1.0813030635367763e-7
    outer loop
      vertex 13.858192443847656 -5.740250587463379 48
      vertex 14.478455543518066 -3.6955175399780273 56.46926498413086
      vertex 14.409406661987305 -3.923140525817871 57.21963882446289
    endloop
  endfacet
  facet normal 0.9569403241197998 -0.29028471553544205 0
    outer loop
      vertex 14.71177864074707 -2.92635440826416 55.290897369384766
      vertex 13.858192443847656 -5.740250587463379 48
      vertex 14.71177864074707 -2.92635440826416 48
    endloop
  endfacet
  facet normal 0.9569410253949616 -0.29028240373093456 -4.796913194482854e-7
    outer loop
      vertex 14.386092185974121 -4 58
      vertex 13.858192443847656 -5.740250587463379 48
      vertex 14.409406661987305 -3.923140525817871 57.21963882446289
    endloop
  endfacet
  facet normal 0.9569402596971018 -0.29028492790850036 0
    outer loop
      vertex 13.858192443847656 -5.740250587463379 48
      vertex 14.386092185974121 -4 58
      vertex 13.858192443847656 -5.740250587463379 80
    endloop
  endfacet
  facet normal 0.9569403241197998 -0.29028471553544205 0
    outer loop
      vertex 13.858192443847656 -5.740250587463379 20
      vertex 14.71177864074707 -2.92635440826416 12
      vertex 14.71177864074707 -2.92635440826416 20
    endloop
  endfacet
  facet normal 0.9569403241197998 -0.29028471553544205 0
    outer loop
      vertex 14.71177864074707 -2.92635440826416 12
      vertex 13.858192443847656 -5.740250587463379 20
      vertex 13.858192443847656 -5.740250587463379 12
    endloop
  endfacet
  facet normal 0.9569403241197998 -0.29028471553544205 0
    outer loop
      vertex 13.858192443847656 -5.740250587463379 32
      vertex 14.71177864074707 -2.92635440826416 24
      vertex 14.71177864074707 -2.92635440826416 32
    endloop
  endfacet
  facet normal 0.9569403241197998 -0.29028471553544205 0
    outer loop
      vertex 14.71177864074707 -2.92635440826416 24
      vertex 13.858192443847656 -5.740250587463379 32
      vertex 13.858192443847656 -5.740250587463379 24
    endloop
  endfacet
  facet normal 0.9569403241197998 -0.29028471553544205 0
    outer loop
      vertex 13.858192443847656 -5.740250587463379 44
      vertex 14.71177864074707 -2.92635440826416 36
      vertex 14.71177864074707 -2.92635440826416 44
    endloop
  endfacet
  facet normal 0.9569403241197998 -0.29028471553544205 0
    outer loop
      vertex 14.71177864074707 -2.92635440826416 36
      vertex 13.858192443847656 -5.740250587463379 44
      vertex 13.858192443847656 -5.740250587463379 36
    endloop
  endfacet
  facet normal -0.7730105095858145 -0.634393215655621 0
    outer loop
      vertex -10.60660171508789 -10.60660171508789 48
      vertex -12.472043991088867 -8.333553314208984 80
      vertex -12.472043991088867 -8.333553314208984 48
    endloop
  endfacet
  facet normal -0.7730105095858145 -0.634393215655621 0
    outer loop
      vertex -12.472043991088867 -8.333553314208984 80
      vertex -10.60660171508789 -10.60660171508789 48
      vertex -10.60660171508789 -10.60660171508789 80
    endloop
  endfacet
  facet normal -0.7730105095858145 -0.634393215655621 0
    outer loop
      vertex -10.60660171508789 -10.60660171508789 12
      vertex -12.472043991088867 -8.333553314208984 20
      vertex -12.472043991088867 -8.333553314208984 12
    endloop
  endfacet
  facet normal -0.7730105095858145 -0.634393215655621 0
    outer loop
      vertex -12.472043991088867 -8.333553314208984 20
      vertex -10.60660171508789 -10.60660171508789 12
      vertex -10.60660171508789 -10.60660171508789 20
    endloop
  endfacet
  facet normal -0.7730105095858145 -0.634393215655621 0
    outer loop
      vertex -10.60660171508789 -10.60660171508789 24
      vertex -12.472043991088867 -8.333553314208984 32
      vertex -12.472043991088867 -8.333553314208984 24
    endloop
  endfacet
  facet normal -0.7730105095858145 -0.634393215655621 0
    outer loop
      vertex -12.472043991088867 -8.333553314208984 32
      vertex -10.60660171508789 -10.60660171508789 24
      vertex -10.60660171508789 -10.60660171508789 32
    endloop
  endfacet
  facet normal -0.7730105095858145 -0.634393215655621 0
    outer loop
      vertex -10.60660171508789 -10.60660171508789 36
      vertex -12.472043991088867 -8.333553314208984 44
      vertex -12.472043991088867 -8.333553314208984 36
    endloop
  endfacet
  facet normal -0.7730105095858145 -0.634393215655621 0
    outer loop
      vertex -12.472043991088867 -8.333553314208984 44
      vertex -10.60660171508789 -10.60660171508789 36
      vertex -10.60660171508789 -10.60660171508789 44
    endloop
  endfacet
  facet normal -0.9569403241197998 0.29028471553544205 0
    outer loop
      vertex -14.71177864074707 2.92635440826416 48
      vertex -13.858192443847656 5.740250587463379 80
      vertex -13.858192443847656 5.740250587463379 48
    endloop
  endfacet
  facet normal -0.9569403241197998 0.29028471553544205 0
    outer loop
      vertex -13.858192443847656 5.740250587463379 80
      vertex -14.71177864074707 2.92635440826416 48
      vertex -14.71177864074707 2.92635440826416 80
    endloop
  endfacet
  facet normal -0.9569403241197998 0.29028471553544205 0
    outer loop
      vertex -14.71177864074707 2.92635440826416 12
      vertex -13.858192443847656 5.740250587463379 20
      vertex -13.858192443847656 5.740250587463379 12
    endloop
  endfacet
  facet normal -0.9569403241197998 0.29028471553544205 0
    outer loop
      vertex -13.858192443847656 5.740250587463379 20
      vertex -14.71177864074707 2.92635440826416 12
      vertex -14.71177864074707 2.92635440826416 20
    endloop
  endfacet
  facet normal -0.9569403241197998 0.29028471553544205 0
    outer loop
      vertex -14.71177864074707 2.92635440826416 24
      vertex -13.858192443847656 5.740250587463379 32
      vertex -13.858192443847656 5.740250587463379 24
    endloop
  endfacet
  facet normal -0.9569403241197998 0.29028471553544205 0
    outer loop
      vertex -13.858192443847656 5.740250587463379 32
      vertex -14.71177864074707 2.92635440826416 24
      vertex -14.71177864074707 2.92635440826416 32
    endloop
  endfacet
  facet normal -0.9569403241197998 0.29028471553544205 0
    outer loop
      vertex -14.71177864074707 2.92635440826416 36
      vertex -13.858192443847656 5.740250587463379 44
      vertex -13.858192443847656 5.740250587463379 36
    endloop
  endfacet
  facet normal -0.9569403241197998 0.29028471553544205 0
    outer loop
      vertex -13.858192443847656 5.740250587463379 44
      vertex -14.71177864074707 2.92635440826416 36
      vertex -14.71177864074707 2.92635440826416 44
    endloop
  endfacet
  facet normal -0.29028471553544205 0.9569403241197998 0
    outer loop
      vertex -2.92635440826416 14.71177864074707 48
      vertex -5.740250587463379 13.858192443847656 80
      vertex -2.92635440826416 14.71177864074707 80
    endloop
  endfacet
  facet normal -0.29028471553544205 0.9569403241197998 0
    outer loop
      vertex -5.740250587463379 13.858192443847656 80
      vertex -2.92635440826416 14.71177864074707 48
      vertex -5.740250587463379 13.858192443847656 48
    endloop
  endfacet
  facet normal -0.29028471553544205 0.9569403241197998 0
    outer loop
      vertex -2.92635440826416 14.71177864074707 12
      vertex -5.740250587463379 13.858192443847656 20
      vertex -2.92635440826416 14.71177864074707 20
    endloop
  endfacet
  facet normal -0.29028471553544205 0.9569403241197998 0
    outer loop
      vertex -5.740250587463379 13.858192443847656 20
      vertex -2.92635440826416 14.71177864074707 12
      vertex -5.740250587463379 13.858192443847656 12
    endloop
  endfacet
  facet normal -0.29028471553544205 0.9569403241197998 0
    outer loop
      vertex -2.92635440826416 14.71177864074707 24
      vertex -5.740250587463379 13.858192443847656 32
      vertex -2.92635440826416 14.71177864074707 32
    endloop
  endfacet
  facet normal -0.29028471553544205 0.9569403241197998 0
    outer loop
      vertex -5.740250587463379 13.858192443847656 32
      vertex -2.92635440826416 14.71177864074707 24
      vertex -5.740250587463379 13.858192443847656 24
    endloop
  endfacet
  facet normal -0.29028471553544205 0.9569403241197998 0
    outer loop
      vertex -2.92635440826416 14.71177864074707 36
      vertex -5.740250587463379 13.858192443847656 44
      vertex -2.92635440826416 14.71177864074707 44
    endloop
  endfacet
  facet normal -0.29028471553544205 0.9569403241197998 0
    outer loop
      vertex -5.740250587463379 13.858192443847656 44
      vertex -2.92635440826416 14.71177864074707 36
      vertex -5.740250587463379 13.858192443847656 36
    endloop
  endfacet
  facet normal -0.634393215655621 0.7730105095858145 0
    outer loop
      vertex -8.333553314208984 12.472043991088867 48
      vertex -10.60660171508789 10.60660171508789 80
      vertex -8.333553314208984 12.472043991088867 80
    endloop
  endfacet
  facet normal -0.634393215655621 0.7730105095858145 0
    outer loop
      vertex -10.60660171508789 10.60660171508789 80
      vertex -8.333553314208984 12.472043991088867 48
      vertex -10.60660171508789 10.60660171508789 48
    endloop
  endfacet
  facet normal -0.634393215655621 0.7730105095858145 0
    outer loop
      vertex -8.333553314208984 12.472043991088867 12
      vertex -10.60660171508789 10.60660171508789 20
      vertex -8.333553314208984 12.472043991088867 20
    endloop
  endfacet
  facet normal -0.634393215655621 0.7730105095858145 0
    outer loop
      vertex -10.60660171508789 10.60660171508789 20
      vertex -8.333553314208984 12.472043991088867 12
      vertex -10.60660171508789 10.60660171508789 12
    endloop
  endfacet
  facet normal -0.634393215655621 0.7730105095858145 0
    outer loop
      vertex -8.333553314208984 12.472043991088867 24
      vertex -10.60660171508789 10.60660171508789 32
      vertex -8.333553314208984 12.472043991088867 32
    endloop
  endfacet
  facet normal -0.634393215655621 0.7730105095858145 0
    outer loop
      vertex -10.60660171508789 10.60660171508789 32
      vertex -8.333553314208984 12.472043991088867 24
      vertex -10.60660171508789 10.60660171508789 24
    endloop
  endfacet
  facet normal -0.634393215655621 0.7730105095858145 0
    outer loop
      vertex -8.333553314208984 12.472043991088867 36
      vertex -10.60660171508789 10.60660171508789 44
      vertex -8.333553314208984 12.472043991088867 44
    endloop
  endfacet
  facet normal -0.634393215655621 0.7730105095858145 0
    outer loop
      vertex -10.60660171508789 10.60660171508789 44
      vertex -8.333553314208984 12.472043991088867 36
      vertex -10.60660171508789 10.60660171508789 36
    endloop
  endfacet
  facet normal -0.29028471553544205 -0.9569403241197998 0
    outer loop
      vertex -5.740250587463379 -13.858192443847656 48
      vertex -2.92635440826416 -14.71177864074707 80
      vertex -5.740250587463379 -13.858192443847656 80
    endloop
  endfacet
  facet normal -0.29028471553544205 -0.9569403241197998 0
    outer loop
      vertex -2.92635440826416 -14.71177864074707 80
      vertex -5.740250587463379 -13.858192443847656 48
      vertex -2.92635440826416 -14.71177864074707 48
    endloop
  endfacet
  facet normal -0.29028471553544205 -0.9569403241197998 0
    outer loop
      vertex -5.740250587463379 -13.858192443847656 12
      vertex -2.92635440826416 -14.71177864074707 20
      vertex -5.740250587463379 -13.858192443847656 20
    endloop
  endfacet
  facet normal -0.29028471553544205 -0.9569403241197998 0
    outer loop
      vertex -2.92635440826416 -14.71177864074707 20
      vertex -5.740250587463379 -13.858192443847656 12
      vertex -2.92635440826416 -14.71177864074707 12
    endloop
  endfacet
  facet normal -0.29028471553544205 -0.9569403241197998 0
    outer loop
      vertex -5.740250587463379 -13.858192443847656 24
      vertex -2.92635440826416 -14.71177864074707 32
      vertex -5.740250587463379 -13.858192443847656 32
    endloop
  endfacet
  facet normal -0.29028471553544205 -0.9569403241197998 0
    outer loop
      vertex -2.92635440826416 -14.71177864074707 32
      vertex -5.740250587463379 -13.858192443847656 24
      vertex -2.92635440826416 -14.71177864074707 24
    endloop
  endfacet
  facet normal -0.29028471553544205 -0.9569403241197998 0
    outer loop
      vertex -5.740250587463379 -13.858192443847656 36
      vertex -2.92635440826416 -14.71177864074707 44
      vertex -5.740250587463379 -13.858192443847656 44
    endloop
  endfacet
  facet normal -0.29028471553544205 -0.9569403241197998 0
    outer loop
      vertex -2.92635440826416 -14.71177864074707 44
      vertex -5.740250587463379 -13.858192443847656 36
      vertex -2.92635440826416 -14.71177864074707 36
    endloop
  endfacet
  facet normal 0.9569403565098176 0.2902846087598572 0
    outer loop
      vertex 15.888721466064453 3.1604623794555664 24
      vertex 14.966848373413086 6.199471473693848 20
      vertex 14.966848373413086 6.199471473693848 24
    endloop
  endfacet
  facet normal 0.9569403565098176 0.2902846087598572 0
    outer loop
      vertex 14.966848373413086 6.199471473693848 20
      vertex 15.888721466064453 3.1604623794555664 24
      vertex 15.888721466064453 3.1604623794555664 20
    endloop
  endfacet
  facet normal 0.9951846983565354 0.09801742782286979 0
    outer loop
      vertex 16.200000762939453 0 24
      vertex 15.888721466064453 3.1604623794555664 20
      vertex 15.888721466064453 3.1604623794555664 24
    endloop
  endfacet
  facet normal 0.9951846983565354 0.09801742782286979 0
    outer loop
      vertex 15.888721466064453 3.1604623794555664 20
      vertex 16.200000762939453 0 24
      vertex 16.200000762939453 0 20
    endloop
  endfacet
  facet normal 0.8819212464005153 0.47139677040404276 0
    outer loop
      vertex 14.966848373413086 6.199471473693848 24
      vertex 13.469807624816895 9.000237464904785 20
      vertex 13.469807624816895 9.000237464904785 24
    endloop
  endfacet
  facet normal 0.8819212464005153 0.47139677040404276 0
    outer loop
      vertex 13.469807624816895 9.000237464904785 20
      vertex 14.966848373413086 6.199471473693848 24
      vertex 14.966848373413086 6.199471473693848 20
    endloop
  endfacet
  facet normal 0.9951846983565354 -0.09801742782286979 0
    outer loop
      vertex 15.888721466064453 -3.1604623794555664 24
      vertex 16.200000762939453 0 20
      vertex 16.200000762939453 0 24
    endloop
  endfacet
  facet normal 0.9951846983565354 -0.09801742782286979 0
    outer loop
      vertex 16.200000762939453 0 20
      vertex 15.888721466064453 -3.1604623794555664 24
      vertex 15.888721466064453 -3.1604623794555664 20
    endloop
  endfacet
  facet normal 0.47139677040404276 0.8819212464005153 0
    outer loop
      vertex 9.000237464904785 13.469807624816895 20
      vertex 6.199471473693848 14.966848373413086 24
      vertex 9.000237464904785 13.469807624816895 24
    endloop
  endfacet
  facet normal 0.47139677040404276 0.8819212464005153 0
    outer loop
      vertex 6.199471473693848 14.966848373413086 24
      vertex 9.000237464904785 13.469807624816895 20
      vertex 6.199471473693848 14.966848373413086 20
    endloop
  endfacet
  facet normal 0.2902846087598572 0.9569403565098176 0
    outer loop
      vertex 6.199471473693848 14.966848373413086 20
      vertex 3.1604623794555664 15.888721466064453 24
      vertex 6.199471473693848 14.966848373413086 24
    endloop
  endfacet
  facet normal 0.2902846087598572 0.9569403565098176 0
    outer loop
      vertex 3.1604623794555664 15.888721466064453 24
      vertex 6.199471473693848 14.966848373413086 20
      vertex 3.1604623794555664 15.888721466064453 20
    endloop
  endfacet
  facet normal -0.2902846087598572 -0.9569403565098176 0
    outer loop
      vertex -6.199471473693848 -14.966848373413086 20
      vertex -3.1604623794555664 -15.888721466064453 24
      vertex -6.199471473693848 -14.966848373413086 24
    endloop
  endfacet
  facet normal -0.2902846087598572 -0.9569403565098176 0
    outer loop
      vertex -3.1604623794555664 -15.888721466064453 24
      vertex -6.199471473693848 -14.966848373413086 20
      vertex -3.1604623794555664 -15.888721466064453 20
    endloop
  endfacet
  facet normal 0.7730104420679431 0.6343932979263913 0
    outer loop
      vertex 13.469807624816895 9.000237464904785 24
      vertex 11.455129623413086 11.455129623413086 20
      vertex 11.455129623413086 11.455129623413086 24
    endloop
  endfacet
  facet normal 0.7730104420679431 0.6343932979263913 0
    outer loop
      vertex 11.455129623413086 11.455129623413086 20
      vertex 13.469807624816895 9.000237464904785 24
      vertex 13.469807624816895 9.000237464904785 20
    endloop
  endfacet
  facet normal 0.8819212464005153 -0.47139677040404276 0
    outer loop
      vertex 13.469807624816895 -9.000237464904785 24
      vertex 14.966848373413086 -6.199471473693848 20
      vertex 14.966848373413086 -6.199471473693848 24
    endloop
  endfacet
  facet normal 0.8819212464005153 -0.47139677040404276 0
    outer loop
      vertex 14.966848373413086 -6.199471473693848 20
      vertex 13.469807624816895 -9.000237464904785 24
      vertex 13.469807624816895 -9.000237464904785 20
    endloop
  endfacet
  facet normal 0.7730104420679431 -0.6343932979263913 0
    outer loop
      vertex 11.455129623413086 -11.455129623413086 24
      vertex 13.469807624816895 -9.000237464904785 20
      vertex 13.469807624816895 -9.000237464904785 24
    endloop
  endfacet
  facet normal 0.7730104420679431 -0.6343932979263913 0
    outer loop
      vertex 13.469807624816895 -9.000237464904785 20
      vertex 11.455129623413086 -11.455129623413086 24
      vertex 11.455129623413086 -11.455129623413086 20
    endloop
  endfacet
  facet normal -0.6343932979263913 -0.7730104420679431 0
    outer loop
      vertex -11.455129623413086 -11.455129623413086 20
      vertex -9.000237464904785 -13.469807624816895 24
      vertex -11.455129623413086 -11.455129623413086 24
    endloop
  endfacet
  facet normal -0.6343932979263913 -0.7730104420679431 0
    outer loop
      vertex -9.000237464904785 -13.469807624816895 24
      vertex -11.455129623413086 -11.455129623413086 20
      vertex -9.000237464904785 -13.469807624816895 20
    endloop
  endfacet
  facet normal 0 0 -1
    outer loop
      vertex 15 0 20
      vertex 16.200000762939453 0 20
      vertex 15.888721466064453 -3.1604623794555664 20
    endloop
  endfacet
  facet normal 0 0 -1
    outer loop
      vertex 16.200000762939453 0 20
      vertex 15 0 20
      vertex 15.888721466064453 3.1604623794555664 20
    endloop
  endfacet
  facet normal 0 0 -1
    outer loop
      vertex 14.71177864074707 -2.92635440826416 20
      vertex 15.888721466064453 -3.1604623794555664 20
      vertex 14.966848373413086 -6.199471473693848 20
    endloop
  endfacet
  facet normal 0 0 -1
    outer loop
      vertex 15.888721466064453 -3.1604623794555664 20
      vertex 14.71177864074707 -2.92635440826416 20
      vertex 15 0 20
    endloop
  endfacet
  facet normal 0 0 -1
    outer loop
      vertex 14.966848373413086 -6.199471473693848 20
      vertex 13.858192443847656 -5.740250587463379 20
      vertex 14.71177864074707 -2.92635440826416 20
    endloop
  endfacet
  facet normal 0 0 -1
    outer loop
      vertex 13.469807624816895 -9.000237464904785 20
      vertex 13.858192443847656 -5.740250587463379 20
      vertex 14.966848373413086 -6.199471473693848 20
    endloop
  endfacet
  facet normal 0 0 -1
    outer loop
      vertex 13.469807624816895 -9.000237464904785 20
      vertex 12.472043991088867 -8.333553314208984 20
      vertex 13.858192443847656 -5.740250587463379 20
    endloop
  endfacet
  facet normal 0 0 -1
    outer loop
      vertex 11.455129623413086 -11.455129623413086 20
      vertex 12.472043991088867 -8.333553314208984 20
      vertex 13.469807624816895 -9.000237464904785 20
    endloop
  endfacet
  facet normal 0 0 -1
    outer loop
      vertex 11.455129623413086 -11.455129623413086 20
      vertex 10.60660171508789 -10.60660171508789 20
      vertex 12.472043991088867 -8.333553314208984 20
    endloop
  endfacet
  facet normal 0 0 -1
    outer loop
      vertex 9.000237464904785 -13.469807624816895 20
      vertex 10.60660171508789 -10.60660171508789 20
      vertex 11.455129623413086 -11.455129623413086 20
    endloop
  endfacet
  facet normal 0 0 -1
    outer loop
      vertex 9.000237464904785 -13.469807624816895 20
      vertex 8.333553314208984 -12.472043991088867 20
      vertex 10.60660171508789 -10.60660171508789 20
    endloop
  endfacet
  facet normal 0 0 -1
    outer loop
      vertex 6.199471473693848 -14.966848373413086 20
      vertex 8.333553314208984 -12.472043991088867 20
      vertex 9.000237464904785 -13.469807624816895 20
    endloop
  endfacet
  facet normal 0 0 -1
    outer loop
      vertex 6.199471473693848 -14.966848373413086 20
      vertex 5.740250587463379 -13.858192443847656 20
      vertex 8.333553314208984 -12.472043991088867 20
    endloop
  endfacet
  facet normal 0 0 -1
    outer loop
      vertex 3.1604623794555664 -15.888721466064453 20
      vertex 5.740250587463379 -13.858192443847656 20
      vertex 6.199471473693848 -14.966848373413086 20
    endloop
  endfacet
  facet normal 0 0 -1
    outer loop
      vertex 3.1604623794555664 -15.888721466064453 20
      vertex 2.92635440826416 -14.71177864074707 20
      vertex 5.740250587463379 -13.858192443847656 20
    endloop
  endfacet
  facet normal 0 0 -1
    outer loop
      vertex 0 -16.200000762939453 20
      vertex 2.92635440826416 -14.71177864074707 20
      vertex 3.1604623794555664 -15.888721466064453 20
    endloop
  endfacet
  facet normal 0 0 -1
    outer loop
      vertex 0 -16.200000762939453 20
      vertex 0 -15 20
      vertex 2.92635440826416 -14.71177864074707 20
    endloop
  endfacet
  facet normal 0 0 -1
    outer loop
      vertex 0 -16.200000762939453 20
      vertex -2.92635440826416 -14.71177864074707 20
      vertex 0 -15 20
    endloop
  endfacet
  facet normal 0 0 -1
    outer loop
      vertex -3.1604623794555664 -15.888721466064453 20
      vertex -2.92635440826416 -14.71177864074707 20
      vertex 0 -16.200000762939453 20
    endloop
  endfacet
  facet normal 0 0 -1
    outer loop
      vertex -3.1604623794555664 -15.888721466064453 20
      vertex -5.740250587463379 -13.858192443847656 20
      vertex -2.92635440826416 -14.71177864074707 20
    endloop
  endfacet
  facet normal 0 0 -1
    outer loop
      vertex -6.199471473693848 -14.966848373413086 20
      vertex -5.740250587463379 -13.858192443847656 20
      vertex -3.1604623794555664 -15.888721466064453 20
    endloop
  endfacet
  facet normal 0 0 -1
    outer loop
      vertex -6.199471473693848 -14.966848373413086 20
      vertex -8.333553314208984 -12.472043991088867 20
      vertex -5.740250587463379 -13.858192443847656 20
    endloop
  endfacet
  facet normal 0 0 -1
    outer loop
      vertex -9.000237464904785 -13.469807624816895 20
      vertex -8.333553314208984 -12.472043991088867 20
      vertex -6.199471473693848 -14.966848373413086 20
    endloop
  endfacet
  facet normal 0 0 -1
    outer loop
      vertex -9.000237464904785 -13.469807624816895 20
      vertex -10.60660171508789 -10.60660171508789 20
      vertex -8.333553314208984 -12.472043991088867 20
    endloop
  endfacet
  facet normal 0 0 -1
    outer loop
      vertex -11.455129623413086 -11.455129623413086 20
      vertex -10.60660171508789 -10.60660171508789 20
      vertex -9.000237464904785 -13.469807624816895 20
    endloop
  endfacet
  facet normal 0 0 -1
    outer loop
      vertex -11.455129623413086 -11.455129623413086 20
      vertex -12.472043991088867 -8.333553314208984 20
      vertex -10.60660171508789 -10.60660171508789 20
    endloop
  endfacet
  facet normal 0 0 -1
    outer loop
      vertex -13.469807624816895 -9.000237464904785 20
      vertex -12.472043991088867 -8.333553314208984 20
      vertex -11.455129623413086 -11.455129623413086 20
    endloop
  endfacet
  facet normal 0 0 -1
    outer loop
      vertex -13.469807624816895 -9.000237464904785 20
      vertex -13.858192443847656 -5.740250587463379 20
      vertex -12.472043991088867 -8.333553314208984 20
    endloop
  endfacet
  facet normal 0 0 -1
    outer loop
      vertex -14.966848373413086 -6.199471473693848 20
      vertex -13.858192443847656 -5.740250587463379 20
      vertex -13.469807624816895 -9.000237464904785 20
    endloop
  endfacet
  facet normal 0 0 -1
    outer loop
      vertex -13.858192443847656 -5.740250587463379 20
      vertex -14.966848373413086 -6.199471473693848 20
      vertex -14.71177864074707 -2.92635440826416 20
    endloop
  endfacet
  facet normal 0 0 -1
    outer loop
      vertex -15.888721466064453 -3.1604623794555664 20
      vertex -14.71177864074707 -2.92635440826416 20
      vertex -14.966848373413086 -6.199471473693848 20
    endloop
  endfacet
  facet normal 0 0 -1
    outer loop
      vertex -14.71177864074707 -2.92635440826416 20
      vertex -15.888721466064453 -3.1604623794555664 20
      vertex -15 0 20
    endloop
  endfacet
  facet normal 0 0 -1
    outer loop
      vertex 14.71177864074707 2.92635440826416 20
      vertex 15.888721466064453 3.1604623794555664 20
      vertex 15 0 20
    endloop
  endfacet
  facet normal 0 0 -1
    outer loop
      vertex 15.888721466064453 3.1604623794555664 20
      vertex 14.71177864074707 2.92635440826416 20
      vertex 14.966848373413086 6.199471473693848 20
    endloop
  endfacet
  facet normal 0 0 -1
    outer loop
      vertex 13.858192443847656 5.740250587463379 20
      vertex 14.966848373413086 6.199471473693848 20
      vertex 14.71177864074707 2.92635440826416 20
    endloop
  endfacet
  facet normal 0 0 -1
    outer loop
      vertex 13.858192443847656 5.740250587463379 20
      vertex 13.469807624816895 9.000237464904785 20
      vertex 14.966848373413086 6.199471473693848 20
    endloop
  endfacet
  facet normal 0 0 -1
    outer loop
      vertex 12.472043991088867 8.333553314208984 20
      vertex 13.469807624816895 9.000237464904785 20
      vertex 13.858192443847656 5.740250587463379 20
    endloop
  endfacet
  facet normal 0 0 -1
    outer loop
      vertex 12.472043991088867 8.333553314208984 20
      vertex 11.455129623413086 11.455129623413086 20
      vertex 13.469807624816895 9.000237464904785 20
    endloop
  endfacet
  facet normal 0 0 -1
    outer loop
      vertex 10.60660171508789 10.60660171508789 20
      vertex 11.455129623413086 11.455129623413086 20
      vertex 12.472043991088867 8.333553314208984 20
    endloop
  endfacet
  facet normal 0 0 -1
    outer loop
      vertex 10.60660171508789 10.60660171508789 20
      vertex 9.000237464904785 13.469807624816895 20
      vertex 11.455129623413086 11.455129623413086 20
    endloop
  endfacet
  facet normal 0 0 -1
    outer loop
      vertex 8.333553314208984 12.472043991088867 20
      vertex 9.000237464904785 13.469807624816895 20
      vertex 10.60660171508789 10.60660171508789 20
    endloop
  endfacet
  facet normal 0 0 -1
    outer loop
      vertex 8.333553314208984 12.472043991088867 20
      vertex 6.199471473693848 14.966848373413086 20
      vertex 9.000237464904785 13.469807624816895 20
    endloop
  endfacet
  facet normal 0 0 -1
    outer loop
      vertex 5.740250587463379 13.858192443847656 20
      vertex 6.199471473693848 14.966848373413086 20
      vertex 8.333553314208984 12.472043991088867 20
    endloop
  endfacet
  facet normal 0 0 -1
    outer loop
      vertex 5.740250587463379 13.858192443847656 20
      vertex 3.1604623794555664 15.888721466064453 20
      vertex 6.199471473693848 14.966848373413086 20
    endloop
  endfacet
  facet normal 0 0 -1
    outer loop
      vertex 2.92635440826416 14.71177864074707 20
      vertex 3.1604623794555664 15.888721466064453 20
      vertex 5.740250587463379 13.858192443847656 20
    endloop
  endfacet
  facet normal 0 0 -1
    outer loop
      vertex 0 15 20
      vertex 3.1604623794555664 15.888721466064453 20
      vertex 2.92635440826416 14.71177864074707 20
    endloop
  endfacet
  facet normal 0 0 -1
    outer loop
      vertex 0 15 20
      vertex 0 16.200000762939453 20
      vertex 3.1604623794555664 15.888721466064453 20
    endloop
  endfacet
  facet normal 0 0 -1
    outer loop
      vertex -2.92635440826416 14.71177864074707 20
      vertex 0 16.200000762939453 20
      vertex 0 15 20
    endloop
  endfacet
  facet normal 0 0 -1
    outer loop
      vertex -2.92635440826416 14.71177864074707 20
      vertex -3.1604623794555664 15.888721466064453 20
      vertex 0 16.200000762939453 20
    endloop
  endfacet
  facet normal 0 0 -1
    outer loop
      vertex -5.740250587463379 13.858192443847656 20
      vertex -3.1604623794555664 15.888721466064453 20
      vertex -2.92635440826416 14.71177864074707 20
    endloop
  endfacet
  facet normal 0 0 -1
    outer loop
      vertex -5.740250587463379 13.858192443847656 20
      vertex -6.199471473693848 14.966848373413086 20
      vertex -3.1604623794555664 15.888721466064453 20
    endloop
  endfacet
  facet normal 0 0 -1
    outer loop
      vertex -8.333553314208984 12.472043991088867 20
      vertex -6.199471473693848 14.966848373413086 20
      vertex -5.740250587463379 13.858192443847656 20
    endloop
  endfacet
  facet normal 0 0 -1
    outer loop
      vertex -8.333553314208984 12.472043991088867 20
      vertex -9.000237464904785 13.469807624816895 20
      vertex -6.199471473693848 14.966848373413086 20
    endloop
  endfacet
  facet normal 0 0 -1
    outer loop
      vertex -10.60660171508789 10.60660171508789 20
      vertex -9.000237464904785 13.469807624816895 20
      vertex -8.333553314208984 12.472043991088867 20
    endloop
  endfacet
  facet normal 0 0 -1
    outer loop
      vertex -10.60660171508789 10.60660171508789 20
      vertex -11.455129623413086 11.455129623413086 20
      vertex -9.000237464904785 13.469807624816895 20
    endloop
  endfacet
  facet normal 0 0 -1
    outer loop
      vertex -12.472043991088867 8.333553314208984 20
      vertex -11.455129623413086 11.455129623413086 20
      vertex -10.60660171508789 10.60660171508789 20
    endloop
  endfacet
  facet normal 0 0 -1
    outer loop
      vertex -12.472043991088867 8.333553314208984 20
      vertex -13.469807624816895 9.000237464904785 20
      vertex -11.455129623413086 11.455129623413086 20
    endloop
  endfacet
  facet normal 0 0 -1
    outer loop
      vertex -13.858192443847656 5.740250587463379 20
      vertex -13.469807624816895 9.000237464904785 20
      vertex -12.472043991088867 8.333553314208984 20
    endloop
  endfacet
  facet normal 0 0 -1
    outer loop
      vertex -14.966848373413086 6.199471473693848 20
      vertex -13.858192443847656 5.740250587463379 20
      vertex -14.71177864074707 2.92635440826416 20
    endloop
  endfacet
  facet normal 0 0 -1
    outer loop
      vertex -13.858192443847656 5.740250587463379 20
      vertex -14.966848373413086 6.199471473693848 20
      vertex -13.469807624816895 9.000237464904785 20
    endloop
  endfacet
  facet normal 0 0 -1
    outer loop
      vertex -15.888721466064453 3.1604623794555664 20
      vertex -14.71177864074707 2.92635440826416 20
      vertex -15 0 20
    endloop
  endfacet
  facet normal 0 0 -1
    outer loop
      vertex -16.200000762939453 0 20
      vertex -15 0 20
      vertex -15.888721466064453 -3.1604623794555664 20
    endloop
  endfacet
  facet normal 0 0 -1
    outer loop
      vertex -14.71177864074707 2.92635440826416 20
      vertex -15.888721466064453 3.1604623794555664 20
      vertex -14.966848373413086 6.199471473693848 20
    endloop
  endfacet
  facet normal 0 0 -1
    outer loop
      vertex -15 0 20
      vertex -16.200000762939453 0 20
      vertex -15.888721466064453 3.1604623794555664 20
    endloop
  endfacet
  facet normal -0.8819212464005153 -0.47139677040404276 0
    outer loop
      vertex -13.469807624816895 -9.000237464904785 20
      vertex -14.966848373413086 -6.199471473693848 24
      vertex -14.966848373413086 -6.199471473693848 20
    endloop
  endfacet
  facet normal -0.8819212464005153 -0.47139677040404276 0
    outer loop
      vertex -14.966848373413086 -6.199471473693848 24
      vertex -13.469807624816895 -9.000237464904785 20
      vertex -13.469807624816895 -9.000237464904785 24
    endloop
  endfacet
  facet normal -0.9569403565098176 0.2902846087598572 0
    outer loop
      vertex -15.888721466064453 3.1604623794555664 20
      vertex -14.966848373413086 6.199471473693848 24
      vertex -14.966848373413086 6.199471473693848 20
    endloop
  endfacet
  facet normal -0.9569403565098176 0.2902846087598572 0
    outer loop
      vertex -14.966848373413086 6.199471473693848 24
      vertex -15.888721466064453 3.1604623794555664 20
      vertex -15.888721466064453 3.1604623794555664 24
    endloop
  endfacet
  facet normal -0.2902846087598572 0.9569403565098176 0
    outer loop
      vertex -3.1604623794555664 15.888721466064453 20
      vertex -6.199471473693848 14.966848373413086 24
      vertex -3.1604623794555664 15.888721466064453 24
    endloop
  endfacet
  facet normal -0.2902846087598572 0.9569403565098176 0
    outer loop
      vertex -6.199471473693848 14.966848373413086 24
      vertex -3.1604623794555664 15.888721466064453 20
      vertex -6.199471473693848 14.966848373413086 20
    endloop
  endfacet
  facet normal -0.7730104420679431 -0.6343932979263913 0
    outer loop
      vertex -11.455129623413086 -11.455129623413086 20
      vertex -13.469807624816895 -9.000237464904785 24
      vertex -13.469807624816895 -9.000237464904785 20
    endloop
  endfacet
  facet normal -0.7730104420679431 -0.6343932979263913 0
    outer loop
      vertex -13.469807624816895 -9.000237464904785 24
      vertex -11.455129623413086 -11.455129623413086 20
      vertex -11.455129623413086 -11.455129623413086 24
    endloop
  endfacet
  facet normal 0.6343932979263913 0.7730104420679431 0
    outer loop
      vertex 11.455129623413086 11.455129623413086 20
      vertex 9.000237464904785 13.469807624816895 24
      vertex 11.455129623413086 11.455129623413086 24
    endloop
  endfacet
  facet normal 0.6343932979263913 0.7730104420679431 0
    outer loop
      vertex 9.000237464904785 13.469807624816895 24
      vertex 11.455129623413086 11.455129623413086 20
      vertex 9.000237464904785 13.469807624816895 20
    endloop
  endfacet
  facet normal 0.9569403565098176 -0.2902846087598572 0
    outer loop
      vertex 14.966848373413086 -6.199471473693848 24
      vertex 15.888721466064453 -3.1604623794555664 20
      vertex 15.888721466064453 -3.1604623794555664 24
    endloop
  endfacet
  facet normal 0.9569403565098176 -0.2902846087598572 0
    outer loop
      vertex 15.888721466064453 -3.1604623794555664 20
      vertex 14.966848373413086 -6.199471473693848 24
      vertex 14.966848373413086 -6.199471473693848 20
    endloop
  endfacet
  facet normal 0.2902846087598572 -0.9569403565098176 0
    outer loop
      vertex 3.1604623794555664 -15.888721466064453 20
      vertex 6.199471473693848 -14.966848373413086 24
      vertex 3.1604623794555664 -15.888721466064453 24
    endloop
  endfacet
  facet normal 0.2902846087598572 -0.9569403565098176 0
    outer loop
      vertex 6.199471473693848 -14.966848373413086 24
      vertex 3.1604623794555664 -15.888721466064453 20
      vertex 6.199471473693848 -14.966848373413086 20
    endloop
  endfacet
  facet normal -0.47139677040404276 0.8819212464005153 0
    outer loop
      vertex -6.199471473693848 14.966848373413086 20
      vertex -9.000237464904785 13.469807624816895 24
      vertex -6.199471473693848 14.966848373413086 24
    endloop
  endfacet
  facet normal -0.47139677040404276 0.8819212464005153 0
    outer loop
      vertex -9.000237464904785 13.469807624816895 24
      vertex -6.199471473693848 14.966848373413086 20
      vertex -9.000237464904785 13.469807624816895 20
    endloop
  endfacet
  facet normal 0.09801742782286979 0.9951846983565354 0
    outer loop
      vertex 3.1604623794555664 15.888721466064453 20
      vertex 0 16.200000762939453 24
      vertex 3.1604623794555664 15.888721466064453 24
    endloop
  endfacet
  facet normal 0.09801742782286979 0.9951846983565354 0
    outer loop
      vertex 0 16.200000762939453 24
      vertex 3.1604623794555664 15.888721466064453 20
      vertex 0 16.200000762939453 20
    endloop
  endfacet
  facet normal -0.9951846983565354 -0.09801742782286979 0
    outer loop
      vertex -15.888721466064453 -3.1604623794555664 20
      vertex -16.200000762939453 0 24
      vertex -16.200000762939453 0 20
    endloop
  endfacet
  facet normal -0.9951846983565354 -0.09801742782286979 0
    outer loop
      vertex -16.200000762939453 0 24
      vertex -15.888721466064453 -3.1604623794555664 20
      vertex -15.888721466064453 -3.1604623794555664 24
    endloop
  endfacet
  facet normal -0.09801742782286979 -0.9951846983565354 0
    outer loop
      vertex -3.1604623794555664 -15.888721466064453 20
      vertex 0 -16.200000762939453 24
      vertex -3.1604623794555664 -15.888721466064453 24
    endloop
  endfacet
  facet normal -0.09801742782286979 -0.9951846983565354 0
    outer loop
      vertex 0 -16.200000762939453 24
      vertex -3.1604623794555664 -15.888721466064453 20
      vertex 0 -16.200000762939453 20
    endloop
  endfacet
  facet normal -0.09801742782286979 0.9951846983565354 0
    outer loop
      vertex 0 16.200000762939453 20
      vertex -3.1604623794555664 15.888721466064453 24
      vertex 0 16.200000762939453 24
    endloop
  endfacet
  facet normal -0.09801742782286979 0.9951846983565354 0
    outer loop
      vertex -3.1604623794555664 15.888721466064453 24
      vertex 0 16.200000762939453 20
      vertex -3.1604623794555664 15.888721466064453 20
    endloop
  endfacet
  facet normal -0.6343932979263913 0.7730104420679431 0
    outer loop
      vertex -9.000237464904785 13.469807624816895 20
      vertex -11.455129623413086 11.455129623413086 24
      vertex -9.000237464904785 13.469807624816895 24
    endloop
  endfacet
  facet normal -0.6343932979263913 0.7730104420679431 0
    outer loop
      vertex -11.455129623413086 11.455129623413086 24
      vertex -9.000237464904785 13.469807624816895 20
      vertex -11.455129623413086 11.455129623413086 20
    endloop
  endfacet
  facet normal 0.6343932979263913 -0.7730104420679431 0
    outer loop
      vertex 9.000237464904785 -13.469807624816895 20
      vertex 11.455129623413086 -11.455129623413086 24
      vertex 9.000237464904785 -13.469807624816895 24
    endloop
  endfacet
  facet normal 0.6343932979263913 -0.7730104420679431 0
    outer loop
      vertex 11.455129623413086 -11.455129623413086 24
      vertex 9.000237464904785 -13.469807624816895 20
      vertex 11.455129623413086 -11.455129623413086 20
    endloop
  endfacet
  facet normal 0.47139677040404276 -0.8819212464005153 0
    outer loop
      vertex 6.199471473693848 -14.966848373413086 20
      vertex 9.000237464904785 -13.469807624816895 24
      vertex 6.199471473693848 -14.966848373413086 24
    endloop
  endfacet
  facet normal 0.47139677040404276 -0.8819212464005153 0
    outer loop
      vertex 9.000237464904785 -13.469807624816895 24
      vertex 6.199471473693848 -14.966848373413086 20
      vertex 9.000237464904785 -13.469807624816895 20
    endloop
  endfacet
  facet normal -0.7730104420679431 0.6343932979263913 0
    outer loop
      vertex -13.469807624816895 9.000237464904785 20
      vertex -11.455129623413086 11.455129623413086 24
      vertex -11.455129623413086 11.455129623413086 20
    endloop
  endfacet
  facet normal -0.7730104420679431 0.6343932979263913 0
    outer loop
      vertex -11.455129623413086 11.455129623413086 24
      vertex -13.469807624816895 9.000237464904785 20
      vertex -13.469807624816895 9.000237464904785 24
    endloop
  endfacet
  facet normal -0.8819212464005153 0.47139677040404276 0
    outer loop
      vertex -14.966848373413086 6.199471473693848 20
      vertex -13.469807624816895 9.000237464904785 24
      vertex -13.469807624816895 9.000237464904785 20
    endloop
  endfacet
  facet normal -0.8819212464005153 0.47139677040404276 0
    outer loop
      vertex -13.469807624816895 9.000237464904785 24
      vertex -14.966848373413086 6.199471473693848 20
      vertex -14.966848373413086 6.199471473693848 24
    endloop
  endfacet
  facet normal -0.9951846983565354 0.09801742782286979 0
    outer loop
      vertex -16.200000762939453 0 20
      vertex -15.888721466064453 3.1604623794555664 24
      vertex -15.888721466064453 3.1604623794555664 20
    endloop
  endfacet
  facet normal -0.9951846983565354 0.09801742782286979 0
    outer loop
      vertex -15.888721466064453 3.1604623794555664 24
      vertex -16.200000762939453 0 20
      vertex -16.200000762939453 0 24
    endloop
  endfacet
  facet normal -0.9569403565098176 -0.2902846087598572 0
    outer loop
      vertex -14.966848373413086 -6.199471473693848 20
      vertex -15.888721466064453 -3.1604623794555664 24
      vertex -15.888721466064453 -3.1604623794555664 20
    endloop
  endfacet
  facet normal -0.9569403565098176 -0.2902846087598572 0
    outer loop
      vertex -15.888721466064453 -3.1604623794555664 24
      vertex -14.966848373413086 -6.199471473693848 20
      vertex -14.966848373413086 -6.199471473693848 24
    endloop
  endfacet
  facet normal -0.47139677040404276 -0.8819212464005153 0
    outer loop
      vertex -9.000237464904785 -13.469807624816895 20
      vertex -6.199471473693848 -14.966848373413086 24
      vertex -9.000237464904785 -13.469807624816895 24
    endloop
  endfacet
  facet normal -0.47139677040404276 -0.8819212464005153 0
    outer loop
      vertex -6.199471473693848 -14.966848373413086 24
      vertex -9.000237464904785 -13.469807624816895 20
      vertex -6.199471473693848 -14.966848373413086 20
    endloop
  endfacet
  facet normal 0.09801742782286979 -0.9951846983565354 0
    outer loop
      vertex 0 -16.200000762939453 20
      vertex 3.1604623794555664 -15.888721466064453 24
      vertex 0 -16.200000762939453 24
    endloop
  endfacet
  facet normal 0.09801742782286979 -0.9951846983565354 0
    outer loop
      vertex 3.1604623794555664 -15.888721466064453 24
      vertex 0 -16.200000762939453 20
      vertex 3.1604623794555664 -15.888721466064453 20
    endloop
  endfacet
  facet normal 0 0 1
    outer loop
      vertex 15 0 24
      vertex 16.200000762939453 0 24
      vertex 15.888721466064453 3.1604623794555664 24
    endloop
  endfacet
  facet normal 0 0 1
    outer loop
      vertex 16.200000762939453 0 24
      vertex 15 0 24
      vertex 15.888721466064453 -3.1604623794555664 24
    endloop
  endfacet
  facet normal 0 0 1
    outer loop
      vertex 14.71177864074707 2.92635440826416 24
      vertex 15.888721466064453 3.1604623794555664 24
      vertex 14.966848373413086 6.199471473693848 24
    endloop
  endfacet
  facet normal 0 0 1
    outer loop
      vertex 15.888721466064453 3.1604623794555664 24
      vertex 14.71177864074707 2.92635440826416 24
      vertex 15 0 24
    endloop
  endfacet
  facet normal 0 0 1
    outer loop
      vertex 14.966848373413086 6.199471473693848 24
      vertex 13.858192443847656 5.740250587463379 24
      vertex 14.71177864074707 2.92635440826416 24
    endloop
  endfacet
  facet normal 0 0 1
    outer loop
      vertex 13.469807624816895 9.000237464904785 24
      vertex 13.858192443847656 5.740250587463379 24
      vertex 14.966848373413086 6.199471473693848 24
    endloop
  endfacet
  facet normal 0 0 1
    outer loop
      vertex 13.469807624816895 9.000237464904785 24
      vertex 12.472043991088867 8.333553314208984 24
      vertex 13.858192443847656 5.740250587463379 24
    endloop
  endfacet
  facet normal 0 0 1
    outer loop
      vertex 11.455129623413086 11.455129623413086 24
      vertex 12.472043991088867 8.333553314208984 24
      vertex 13.469807624816895 9.000237464904785 24
    endloop
  endfacet
  facet normal 0 0 1
    outer loop
      vertex 11.455129623413086 11.455129623413086 24
      vertex 10.60660171508789 10.60660171508789 24
      vertex 12.472043991088867 8.333553314208984 24
    endloop
  endfacet
  facet normal 0 0 1
    outer loop
      vertex 9.000237464904785 13.469807624816895 24
      vertex 10.60660171508789 10.60660171508789 24
      vertex 11.455129623413086 11.455129623413086 24
    endloop
  endfacet
  facet normal 0 0 1
    outer loop
      vertex 9.000237464904785 13.469807624816895 24
      vertex 8.333553314208984 12.472043991088867 24
      vertex 10.60660171508789 10.60660171508789 24
    endloop
  endfacet
  facet normal 0 0 1
    outer loop
      vertex 6.199471473693848 14.966848373413086 24
      vertex 8.333553314208984 12.472043991088867 24
      vertex 9.000237464904785 13.469807624816895 24
    endloop
  endfacet
  facet normal 0 0 1
    outer loop
      vertex 6.199471473693848 14.966848373413086 24
      vertex 5.740250587463379 13.858192443847656 24
      vertex 8.333553314208984 12.472043991088867 24
    endloop
  endfacet
  facet normal 0 0 1
    outer loop
      vertex 3.1604623794555664 15.888721466064453 24
      vertex 5.740250587463379 13.858192443847656 24
      vertex 6.199471473693848 14.966848373413086 24
    endloop
  endfacet
  facet normal 0 0 1
    outer loop
      vertex 3.1604623794555664 15.888721466064453 24
      vertex 2.92635440826416 14.71177864074707 24
      vertex 5.740250587463379 13.858192443847656 24
    endloop
  endfacet
  facet normal 0 0 1
    outer loop
      vertex 0 16.200000762939453 24
      vertex 2.92635440826416 14.71177864074707 24
      vertex 3.1604623794555664 15.888721466064453 24
    endloop
  endfacet
  facet normal 0 0 1
    outer loop
      vertex 0 16.200000762939453 24
      vertex 0 15 24
      vertex 2.92635440826416 14.71177864074707 24
    endloop
  endfacet
  facet normal 0 0 1
    outer loop
      vertex 0 16.200000762939453 24
      vertex -2.92635440826416 14.71177864074707 24
      vertex 0 15 24
    endloop
  endfacet
  facet normal 0 0 1
    outer loop
      vertex -3.1604623794555664 15.888721466064453 24
      vertex -2.92635440826416 14.71177864074707 24
      vertex 0 16.200000762939453 24
    endloop
  endfacet
  facet normal 0 0 1
    outer loop
      vertex -3.1604623794555664 15.888721466064453 24
      vertex -5.740250587463379 13.858192443847656 24
      vertex -2.92635440826416 14.71177864074707 24
    endloop
  endfacet
  facet normal 0 0 1
    outer loop
      vertex -6.199471473693848 14.966848373413086 24
      vertex -5.740250587463379 13.858192443847656 24
      vertex -3.1604623794555664 15.888721466064453 24
    endloop
  endfacet
  facet normal 0 0 1
    outer loop
      vertex -6.199471473693848 14.966848373413086 24
      vertex -8.333553314208984 12.472043991088867 24
      vertex -5.740250587463379 13.858192443847656 24
    endloop
  endfacet
  facet normal 0 0 1
    outer loop
      vertex -9.000237464904785 13.469807624816895 24
      vertex -8.333553314208984 12.472043991088867 24
      vertex -6.199471473693848 14.966848373413086 24
    endloop
  endfacet
  facet normal 0 0 1
    outer loop
      vertex -9.000237464904785 13.469807624816895 24
      vertex -10.60660171508789 10.60660171508789 24
      vertex -8.333553314208984 12.472043991088867 24
    endloop
  endfacet
  facet normal 0 0 1
    outer loop
      vertex -11.455129623413086 11.455129623413086 24
      vertex -10.60660171508789 10.60660171508789 24
      vertex -9.000237464904785 13.469807624816895 24
    endloop
  endfacet
  facet normal 0 0 1
    outer loop
      vertex -11.455129623413086 11.455129623413086 24
      vertex -12.472043991088867 8.333553314208984 24
      vertex -10.60660171508789 10.60660171508789 24
    endloop
  endfacet
  facet normal 0 0 1
    outer loop
      vertex -13.469807624816895 9.000237464904785 24
      vertex -12.472043991088867 8.333553314208984 24
      vertex -11.455129623413086 11.455129623413086 24
    endloop
  endfacet
  facet normal 0 0 1
    outer loop
      vertex -13.469807624816895 9.000237464904785 24
      vertex -13.858192443847656 5.740250587463379 24
      vertex -12.472043991088867 8.333553314208984 24
    endloop
  endfacet
  facet normal 0 0 1
    outer loop
      vertex -14.966848373413086 6.199471473693848 24
      vertex -13.858192443847656 5.740250587463379 24
      vertex -13.469807624816895 9.000237464904785 24
    endloop
  endfacet
  facet normal 0 0 1
    outer loop
      vertex -13.858192443847656 5.740250587463379 24
      vertex -14.966848373413086 6.199471473693848 24
      vertex -14.71177864074707 2.92635440826416 24
    endloop
  endfacet
  facet normal 0 0 1
    outer loop
      vertex -15.888721466064453 3.1604623794555664 24
      vertex -14.71177864074707 2.92635440826416 24
      vertex -14.966848373413086 6.199471473693848 24
    endloop
  endfacet
  facet normal 0 0 1
    outer loop
      vertex -14.71177864074707 2.92635440826416 24
      vertex -15.888721466064453 3.1604623794555664 24
      vertex -15 0 24
    endloop
  endfacet
  facet normal 0 0 1
    outer loop
      vertex 14.71177864074707 -2.92635440826416 24
      vertex 15.888721466064453 -3.1604623794555664 24
      vertex 15 0 24
    endloop
  endfacet
  facet normal 0 0 1
    outer loop
      vertex 15.888721466064453 -3.1604623794555664 24
      vertex 14.71177864074707 -2.92635440826416 24
      vertex 14.966848373413086 -6.199471473693848 24
    endloop
  endfacet
  facet normal 0 0 1
    outer loop
      vertex 13.858192443847656 -5.740250587463379 24
      vertex 14.966848373413086 -6.199471473693848 24
      vertex 14.71177864074707 -2.92635440826416 24
    endloop
  endfacet
  facet normal 0 0 1
    outer loop
      vertex 13.858192443847656 -5.740250587463379 24
      vertex 13.469807624816895 -9.000237464904785 24
      vertex 14.966848373413086 -6.199471473693848 24
    endloop
  endfacet
  facet normal 0 0 1
    outer loop
      vertex 12.472043991088867 -8.333553314208984 24
      vertex 13.469807624816895 -9.000237464904785 24
      vertex 13.858192443847656 -5.740250587463379 24
    endloop
  endfacet
  facet normal 0 0 1
    outer loop
      vertex 12.472043991088867 -8.333553314208984 24
      vertex 11.455129623413086 -11.455129623413086 24
      vertex 13.469807624816895 -9.000237464904785 24
    endloop
  endfacet
  facet normal 0 0 1
    outer loop
      vertex 10.60660171508789 -10.60660171508789 24
      vertex 11.455129623413086 -11.455129623413086 24
      vertex 12.472043991088867 -8.333553314208984 24
    endloop
  endfacet
  facet normal 0 0 1
    outer loop
      vertex 10.60660171508789 -10.60660171508789 24
      vertex 9.000237464904785 -13.469807624816895 24
      vertex 11.455129623413086 -11.455129623413086 24
    endloop
  endfacet
  facet normal 0 0 1
    outer loop
      vertex 8.333553314208984 -12.472043991088867 24
      vertex 9.000237464904785 -13.469807624816895 24
      vertex 10.60660171508789 -10.60660171508789 24
    endloop
  endfacet
  facet normal 0 0 1
    outer loop
      vertex 8.333553314208984 -12.472043991088867 24
      vertex 6.199471473693848 -14.966848373413086 24
      vertex 9.000237464904785 -13.469807624816895 24
    endloop
  endfacet
  facet normal 0 0 1
    outer loop
      vertex 5.740250587463379 -13.858192443847656 24
      vertex 6.199471473693848 -14.966848373413086 24
      vertex 8.333553314208984 -12.472043991088867 24
    endloop
  endfacet
  facet normal 0 0 1
    outer loop
      vertex 5.740250587463379 -13.858192443847656 24
      vertex 3.1604623794555664 -15.888721466064453 24
      vertex 6.199471473693848 -14.966848373413086 24
    endloop
  endfacet
  facet normal 0 0 1
    outer loop
      vertex 2.92635440826416 -14.71177864074707 24
      vertex 3.1604623794555664 -15.888721466064453 24
      vertex 5.740250587463379 -13.858192443847656 24
    endloop
  endfacet
  facet normal 0 0 1
    outer loop
      vertex 0 -15 24
      vertex 3.1604623794555664 -15.888721466064453 24
      vertex 2.92635440826416 -14.71177864074707 24
    endloop
  endfacet
  facet normal 0 0 1
    outer loop
      vertex 0 -15 24
      vertex 0 -16.200000762939453 24
      vertex 3.1604623794555664 -15.888721466064453 24
    endloop
  endfacet
  facet normal 0 0 1
    outer loop
      vertex -2.92635440826416 -14.71177864074707 24
      vertex 0 -16.200000762939453 24
      vertex 0 -15 24
    endloop
  endfacet
  facet normal 0 0 1
    outer loop
      vertex -2.92635440826416 -14.71177864074707 24
      vertex -3.1604623794555664 -15.888721466064453 24
      vertex 0 -16.200000762939453 24
    endloop
  endfacet
  facet normal 0 0 1
    outer loop
      vertex -5.740250587463379 -13.858192443847656 24
      vertex -3.1604623794555664 -15.888721466064453 24
      vertex -2.92635440826416 -14.71177864074707 24
    endloop
  endfacet
  facet normal 0 0 1
    outer loop
      vertex -5.740250587463379 -13.858192443847656 24
      vertex -6.199471473693848 -14.966848373413086 24
      vertex -3.1604623794555664 -15.888721466064453 24
    endloop
  endfacet
  facet normal 0 0 1
    outer loop
      vertex -8.333553314208984 -12.472043991088867 24
      vertex -6.199471473693848 -14.966848373413086 24
      vertex -5.740250587463379 -13.858192443847656 24
    endloop
  endfacet
  facet normal 0 0 1
    outer loop
      vertex -8.333553314208984 -12.472043991088867 24
      vertex -9.000237464904785 -13.469807624816895 24
      vertex -6.199471473693848 -14.966848373413086 24
    endloop
  endfacet
  facet normal 0 0 1
    outer loop
      vertex -10.60660171508789 -10.60660171508789 24
      vertex -9.000237464904785 -13.469807624816895 24
      vertex -8.333553314208984 -12.472043991088867 24
    endloop
  endfacet
  facet normal 0 0 1
    outer loop
      vertex -10.60660171508789 -10.60660171508789 24
      vertex -11.455129623413086 -11.455129623413086 24
      vertex -9.000237464904785 -13.469807624816895 24
    endloop
  endfacet
  facet normal 0 0 1
    outer loop
      vertex -12.472043991088867 -8.333553314208984 24
      vertex -11.455129623413086 -11.455129623413086 24
      vertex -10.60660171508789 -10.60660171508789 24
    endloop
  endfacet
  facet normal 0 0 1
    outer loop
      vertex -12.472043991088867 -8.333553314208984 24
      vertex -13.469807624816895 -9.000237464904785 24
      vertex -11.455129623413086 -11.455129623413086 24
    endloop
  endfacet
  facet normal 0 0 1
    outer loop
      vertex -13.858192443847656 -5.740250587463379 24
      vertex -13.469807624816895 -9.000237464904785 24
      vertex -12.472043991088867 -8.333553314208984 24
    endloop
  endfacet
  facet normal 0 0 1
    outer loop
      vertex -14.966848373413086 -6.199471473693848 24
      vertex -13.858192443847656 -5.740250587463379 24
      vertex -14.71177864074707 -2.92635440826416 24
    endloop
  endfacet
  facet normal 0 0 1
    outer loop
      vertex -13.858192443847656 -5.740250587463379 24
      vertex -14.966848373413086 -6.199471473693848 24
      vertex -13.469807624816895 -9.000237464904785 24
    endloop
  endfacet
  facet normal 0 0 1
    outer loop
      vertex -15.888721466064453 -3.1604623794555664 24
      vertex -14.71177864074707 -2.92635440826416 24
      vertex -15 0 24
    endloop
  endfacet
  facet normal 0 0 1
    outer loop
      vertex -16.200000762939453 0 24
      vertex -15 0 24
      vertex -15.888721466064453 3.1604623794555664 24
    endloop
  endfacet
  facet normal 0 0 1
    outer loop
      vertex -14.71177864074707 -2.92635440826416 24
      vertex -15.888721466064453 -3.1604623794555664 24
      vertex -14.966848373413086 -6.199471473693848 24
    endloop
  endfacet
  facet normal 0 0 1
    outer loop
      vertex -15 0 24
      vertex -16.200000762939453 0 24
      vertex -15.888721466064453 -3.1604623794555664 24
    endloop
  endfacet
  facet normal 0.9951846983565354 0.09801742782286979 0
    outer loop
      vertex 16.200000762939453 0 36
      vertex 15.888721466064453 3.1604623794555664 32
      vertex 15.888721466064453 3.1604623794555664 36
    endloop
  endfacet
  facet normal 0.9951846983565354 0.09801742782286979 0
    outer loop
      vertex 15.888721466064453 3.1604623794555664 32
      vertex 16.200000762939453 0 36
      vertex 16.200000762939453 0 32
    endloop
  endfacet
  facet normal 0.7730104420679431 -0.6343932979263913 0
    outer loop
      vertex 11.455129623413086 -11.455129623413086 36
      vertex 13.469807624816895 -9.000237464904785 32
      vertex 13.469807624816895 -9.000237464904785 36
    endloop
  endfacet
  facet normal 0.7730104420679431 -0.6343932979263913 0
    outer loop
      vertex 13.469807624816895 -9.000237464904785 32
      vertex 11.455129623413086 -11.455129623413086 36
      vertex 11.455129623413086 -11.455129623413086 32
    endloop
  endfacet
  facet normal 0.8819212464005153 0.47139677040404276 0
    outer loop
      vertex 14.966848373413086 6.199471473693848 36
      vertex 13.469807624816895 9.000237464904785 32
      vertex 13.469807624816895 9.000237464904785 36
    endloop
  endfacet
  facet normal 0.8819212464005153 0.47139677040404276 0
    outer loop
      vertex 13.469807624816895 9.000237464904785 32
      vertex 14.966848373413086 6.199471473693848 36
      vertex 14.966848373413086 6.199471473693848 32
    endloop
  endfacet
  facet normal -0.09801742782286979 0.9951846983565354 0
    outer loop
      vertex 0 16.200000762939453 32
      vertex -3.1604623794555664 15.888721466064453 36
      vertex 0 16.200000762939453 36
    endloop
  endfacet
  facet normal -0.09801742782286979 0.9951846983565354 0
    outer loop
      vertex -3.1604623794555664 15.888721466064453 36
      vertex 0 16.200000762939453 32
      vertex -3.1604623794555664 15.888721466064453 32
    endloop
  endfacet
  facet normal -0.9569403565098176 -0.2902846087598572 0
    outer loop
      vertex -14.966848373413086 -6.199471473693848 32
      vertex -15.888721466064453 -3.1604623794555664 36
      vertex -15.888721466064453 -3.1604623794555664 32
    endloop
  endfacet
  facet normal -0.9569403565098176 -0.2902846087598572 0
    outer loop
      vertex -15.888721466064453 -3.1604623794555664 36
      vertex -14.966848373413086 -6.199471473693848 32
      vertex -14.966848373413086 -6.199471473693848 36
    endloop
  endfacet
  facet normal 0.6343932979263913 -0.7730104420679431 0
    outer loop
      vertex 9.000237464904785 -13.469807624816895 32
      vertex 11.455129623413086 -11.455129623413086 36
      vertex 9.000237464904785 -13.469807624816895 36
    endloop
  endfacet
  facet normal 0.6343932979263913 -0.7730104420679431 0
    outer loop
      vertex 11.455129623413086 -11.455129623413086 36
      vertex 9.000237464904785 -13.469807624816895 32
      vertex 11.455129623413086 -11.455129623413086 32
    endloop
  endfacet
  facet normal 0.6343932979263913 0.7730104420679431 0
    outer loop
      vertex 11.455129623413086 11.455129623413086 32
      vertex 9.000237464904785 13.469807624816895 36
      vertex 11.455129623413086 11.455129623413086 36
    endloop
  endfacet
  facet normal 0.6343932979263913 0.7730104420679431 0
    outer loop
      vertex 9.000237464904785 13.469807624816895 36
      vertex 11.455129623413086 11.455129623413086 32
      vertex 9.000237464904785 13.469807624816895 32
    endloop
  endfacet
  facet normal 0.9951846983565354 -0.09801742782286979 0
    outer loop
      vertex 15.888721466064453 -3.1604623794555664 36
      vertex 16.200000762939453 0 32
      vertex 16.200000762939453 0 36
    endloop
  endfacet
  facet normal 0.9951846983565354 -0.09801742782286979 0
    outer loop
      vertex 16.200000762939453 0 32
      vertex 15.888721466064453 -3.1604623794555664 36
      vertex 15.888721466064453 -3.1604623794555664 32
    endloop
  endfacet
  facet normal 0.09801742782286979 -0.9951846983565354 0
    outer loop
      vertex 0 -16.200000762939453 32
      vertex 3.1604623794555664 -15.888721466064453 36
      vertex 0 -16.200000762939453 36
    endloop
  endfacet
  facet normal 0.09801742782286979 -0.9951846983565354 0
    outer loop
      vertex 3.1604623794555664 -15.888721466064453 36
      vertex 0 -16.200000762939453 32
      vertex 3.1604623794555664 -15.888721466064453 32
    endloop
  endfacet
  facet normal 0.7730104420679431 0.6343932979263913 0
    outer loop
      vertex 13.469807624816895 9.000237464904785 36
      vertex 11.455129623413086 11.455129623413086 32
      vertex 11.455129623413086 11.455129623413086 36
    endloop
  endfacet
  facet normal 0.7730104420679431 0.6343932979263913 0
    outer loop
      vertex 11.455129623413086 11.455129623413086 32
      vertex 13.469807624816895 9.000237464904785 36
      vertex 13.469807624816895 9.000237464904785 32
    endloop
  endfacet
  facet normal 0.09801742782286979 0.9951846983565354 0
    outer loop
      vertex 3.1604623794555664 15.888721466064453 32
      vertex 0 16.200000762939453 36
      vertex 3.1604623794555664 15.888721466064453 36
    endloop
  endfacet
  facet normal 0.09801742782286979 0.9951846983565354 0
    outer loop
      vertex 0 16.200000762939453 36
      vertex 3.1604623794555664 15.888721466064453 32
      vertex 0 16.200000762939453 32
    endloop
  endfacet
  facet normal 0.9569403565098176 0.2902846087598572 0
    outer loop
      vertex 15.888721466064453 3.1604623794555664 36
      vertex 14.966848373413086 6.199471473693848 32
      vertex 14.966848373413086 6.199471473693848 36
    endloop
  endfacet
  facet normal 0.9569403565098176 0.2902846087598572 0
    outer loop
      vertex 14.966848373413086 6.199471473693848 32
      vertex 15.888721466064453 3.1604623794555664 36
      vertex 15.888721466064453 3.1604623794555664 32
    endloop
  endfacet
  facet normal 0 0 -1
    outer loop
      vertex 15 0 32
      vertex 16.200000762939453 0 32
      vertex 15.888721466064453 -3.1604623794555664 32
    endloop
  endfacet
  facet normal 0 0 -1
    outer loop
      vertex 16.200000762939453 0 32
      vertex 15 0 32
      vertex 15.888721466064453 3.1604623794555664 32
    endloop
  endfacet
  facet normal 0 0 -1
    outer loop
      vertex 14.71177864074707 -2.92635440826416 32
      vertex 15.888721466064453 -3.1604623794555664 32
      vertex 14.966848373413086 -6.199471473693848 32
    endloop
  endfacet
  facet normal 0 0 -1
    outer loop
      vertex 15.888721466064453 -3.1604623794555664 32
      vertex 14.71177864074707 -2.92635440826416 32
      vertex 15 0 32
    endloop
  endfacet
  facet normal 0 0 -1
    outer loop
      vertex 14.966848373413086 -6.199471473693848 32
      vertex 13.858192443847656 -5.740250587463379 32
      vertex 14.71177864074707 -2.92635440826416 32
    endloop
  endfacet
  facet normal 0 0 -1
    outer loop
      vertex 13.469807624816895 -9.000237464904785 32
      vertex 13.858192443847656 -5.740250587463379 32
      vertex 14.966848373413086 -6.199471473693848 32
    endloop
  endfacet
  facet normal 0 0 -1
    outer loop
      vertex 13.469807624816895 -9.000237464904785 32
      vertex 12.472043991088867 -8.333553314208984 32
      vertex 13.858192443847656 -5.740250587463379 32
    endloop
  endfacet
  facet normal 0 0 -1
    outer loop
      vertex 11.455129623413086 -11.455129623413086 32
      vertex 12.472043991088867 -8.333553314208984 32
      vertex 13.469807624816895 -9.000237464904785 32
    endloop
  endfacet
  facet normal 0 0 -1
    outer loop
      vertex 11.455129623413086 -11.455129623413086 32
      vertex 10.60660171508789 -10.60660171508789 32
      vertex 12.472043991088867 -8.333553314208984 32
    endloop
  endfacet
  facet normal 0 0 -1
    outer loop
      vertex 9.000237464904785 -13.469807624816895 32
      vertex 10.60660171508789 -10.60660171508789 32
      vertex 11.455129623413086 -11.455129623413086 32
    endloop
  endfacet
  facet normal 0 0 -1
    outer loop
      vertex 9.000237464904785 -13.469807624816895 32
      vertex 8.333553314208984 -12.472043991088867 32
      vertex 10.60660171508789 -10.60660171508789 32
    endloop
  endfacet
  facet normal 0 0 -1
    outer loop
      vertex 6.199471473693848 -14.966848373413086 32
      vertex 8.333553314208984 -12.472043991088867 32
      vertex 9.000237464904785 -13.469807624816895 32
    endloop
  endfacet
  facet normal 0 0 -1
    outer loop
      vertex 6.199471473693848 -14.966848373413086 32
      vertex 5.740250587463379 -13.858192443847656 32
      vertex 8.333553314208984 -12.472043991088867 32
    endloop
  endfacet
  facet normal 0 0 -1
    outer loop
      vertex 3.1604623794555664 -15.888721466064453 32
      vertex 5.740250587463379 -13.858192443847656 32
      vertex 6.199471473693848 -14.966848373413086 32
    endloop
  endfacet
  facet normal 0 0 -1
    outer loop
      vertex 3.1604623794555664 -15.888721466064453 32
      vertex 2.92635440826416 -14.71177864074707 32
      vertex 5.740250587463379 -13.858192443847656 32
    endloop
  endfacet
  facet normal 0 0 -1
    outer loop
      vertex 0 -16.200000762939453 32
      vertex 2.92635440826416 -14.71177864074707 32
      vertex 3.1604623794555664 -15.888721466064453 32
    endloop
  endfacet
  facet normal 0 0 -1
    outer loop
      vertex 0 -16.200000762939453 32
      vertex 0 -15 32
      vertex 2.92635440826416 -14.71177864074707 32
    endloop
  endfacet
  facet normal 0 0 -1
    outer loop
      vertex 0 -16.200000762939453 32
      vertex -2.92635440826416 -14.71177864074707 32
      vertex 0 -15 32
    endloop
  endfacet
  facet normal 0 0 -1
    outer loop
      vertex -3.1604623794555664 -15.888721466064453 32
      vertex -2.92635440826416 -14.71177864074707 32
      vertex 0 -16.200000762939453 32
    endloop
  endfacet
  facet normal 0 0 -1
    outer loop
      vertex -3.1604623794555664 -15.888721466064453 32
      vertex -5.740250587463379 -13.858192443847656 32
      vertex -2.92635440826416 -14.71177864074707 32
    endloop
  endfacet
  facet normal 0 0 -1
    outer loop
      vertex -6.199471473693848 -14.966848373413086 32
      vertex -5.740250587463379 -13.858192443847656 32
      vertex -3.1604623794555664 -15.888721466064453 32
    endloop
  endfacet
  facet normal 0 0 -1
    outer loop
      vertex -6.199471473693848 -14.966848373413086 32
      vertex -8.333553314208984 -12.472043991088867 32
      vertex -5.740250587463379 -13.858192443847656 32
    endloop
  endfacet
  facet normal 0 0 -1
    outer loop
      vertex -9.000237464904785 -13.469807624816895 32
      vertex -8.333553314208984 -12.472043991088867 32
      vertex -6.199471473693848 -14.966848373413086 32
    endloop
  endfacet
  facet normal 0 0 -1
    outer loop
      vertex -9.000237464904785 -13.469807624816895 32
      vertex -10.60660171508789 -10.60660171508789 32
      vertex -8.333553314208984 -12.472043991088867 32
    endloop
  endfacet
  facet normal 0 0 -1
    outer loop
      vertex -11.455129623413086 -11.455129623413086 32
      vertex -10.60660171508789 -10.60660171508789 32
      vertex -9.000237464904785 -13.469807624816895 32
    endloop
  endfacet
  facet normal 0 0 -1
    outer loop
      vertex -11.455129623413086 -11.455129623413086 32
      vertex -12.472043991088867 -8.333553314208984 32
      vertex -10.60660171508789 -10.60660171508789 32
    endloop
  endfacet
  facet normal 0 0 -1
    outer loop
      vertex -13.469807624816895 -9.000237464904785 32
      vertex -12.472043991088867 -8.333553314208984 32
      vertex -11.455129623413086 -11.455129623413086 32
    endloop
  endfacet
  facet normal 0 0 -1
    outer loop
      vertex -13.469807624816895 -9.000237464904785 32
      vertex -13.858192443847656 -5.740250587463379 32
      vertex -12.472043991088867 -8.333553314208984 32
    endloop
  endfacet
  facet normal 0 0 -1
    outer loop
      vertex -14.966848373413086 -6.199471473693848 32
      vertex -13.858192443847656 -5.740250587463379 32
      vertex -13.469807624816895 -9.000237464904785 32
    endloop
  endfacet
  facet normal 0 0 -1
    outer loop
      vertex -13.858192443847656 -5.740250587463379 32
      vertex -14.966848373413086 -6.199471473693848 32
      vertex -14.71177864074707 -2.92635440826416 32
    endloop
  endfacet
  facet normal 0 0 -1
    outer loop
      vertex -15.888721466064453 -3.1604623794555664 32
      vertex -14.71177864074707 -2.92635440826416 32
      vertex -14.966848373413086 -6.199471473693848 32
    endloop
  endfacet
  facet normal 0 0 -1
    outer loop
      vertex -14.71177864074707 -2.92635440826416 32
      vertex -15.888721466064453 -3.1604623794555664 32
      vertex -15 0 32
    endloop
  endfacet
  facet normal 0 0 -1
    outer loop
      vertex 14.71177864074707 2.92635440826416 32
      vertex 15.888721466064453 3.1604623794555664 32
      vertex 15 0 32
    endloop
  endfacet
  facet normal 0 0 -1
    outer loop
      vertex 15.888721466064453 3.1604623794555664 32
      vertex 14.71177864074707 2.92635440826416 32
      vertex 14.966848373413086 6.199471473693848 32
    endloop
  endfacet
  facet normal 0 0 -1
    outer loop
      vertex 13.858192443847656 5.740250587463379 32
      vertex 14.966848373413086 6.199471473693848 32
      vertex 14.71177864074707 2.92635440826416 32
    endloop
  endfacet
  facet normal 0 0 -1
    outer loop
      vertex 13.858192443847656 5.740250587463379 32
      vertex 13.469807624816895 9.000237464904785 32
      vertex 14.966848373413086 6.199471473693848 32
    endloop
  endfacet
  facet normal 0 0 -1
    outer loop
      vertex 12.472043991088867 8.333553314208984 32
      vertex 13.469807624816895 9.000237464904785 32
      vertex 13.858192443847656 5.740250587463379 32
    endloop
  endfacet
  facet normal 0 0 -1
    outer loop
      vertex 12.472043991088867 8.333553314208984 32
      vertex 11.455129623413086 11.455129623413086 32
      vertex 13.469807624816895 9.000237464904785 32
    endloop
  endfacet
  facet normal 0 0 -1
    outer loop
      vertex 10.60660171508789 10.60660171508789 32
      vertex 11.455129623413086 11.455129623413086 32
      vertex 12.472043991088867 8.333553314208984 32
    endloop
  endfacet
  facet normal 0 0 -1
    outer loop
      vertex 10.60660171508789 10.60660171508789 32
      vertex 9.000237464904785 13.469807624816895 32
      vertex 11.455129623413086 11.455129623413086 32
    endloop
  endfacet
  facet normal 0 0 -1
    outer loop
      vertex 8.333553314208984 12.472043991088867 32
      vertex 9.000237464904785 13.469807624816895 32
      vertex 10.60660171508789 10.60660171508789 32
    endloop
  endfacet
  facet normal 0 0 -1
    outer loop
      vertex 8.333553314208984 12.472043991088867 32
      vertex 6.199471473693848 14.966848373413086 32
      vertex 9.000237464904785 13.469807624816895 32
    endloop
  endfacet
  facet normal 0 0 -1
    outer loop
      vertex 5.740250587463379 13.858192443847656 32
      vertex 6.199471473693848 14.966848373413086 32
      vertex 8.333553314208984 12.472043991088867 32
    endloop
  endfacet
  facet normal 0 0 -1
    outer loop
      vertex 5.740250587463379 13.858192443847656 32
      vertex 3.1604623794555664 15.888721466064453 32
      vertex 6.199471473693848 14.966848373413086 32
    endloop
  endfacet
  facet normal 0 0 -1
    outer loop
      vertex 2.92635440826416 14.71177864074707 32
      vertex 3.1604623794555664 15.888721466064453 32
      vertex 5.740250587463379 13.858192443847656 32
    endloop
  endfacet
  facet normal 0 0 -1
    outer loop
      vertex 0 15 32
      vertex 3.1604623794555664 15.888721466064453 32
      vertex 2.92635440826416 14.71177864074707 32
    endloop
  endfacet
  facet normal 0 0 -1
    outer loop
      vertex 0 15 32
      vertex 0 16.200000762939453 32
      vertex 3.1604623794555664 15.888721466064453 32
    endloop
  endfacet
  facet normal 0 0 -1
    outer loop
      vertex -2.92635440826416 14.71177864074707 32
      vertex 0 16.200000762939453 32
      vertex 0 15 32
    endloop
  endfacet
  facet normal 0 0 -1
    outer loop
      vertex -2.92635440826416 14.71177864074707 32
      vertex -3.1604623794555664 15.888721466064453 32
      vertex 0 16.200000762939453 32
    endloop
  endfacet
  facet normal 0 0 -1
    outer loop
      vertex -5.740250587463379 13.858192443847656 32
      vertex -3.1604623794555664 15.888721466064453 32
      vertex -2.92635440826416 14.71177864074707 32
    endloop
  endfacet
  facet normal 0 0 -1
    outer loop
      vertex -5.740250587463379 13.858192443847656 32
      vertex -6.199471473693848 14.966848373413086 32
      vertex -3.1604623794555664 15.888721466064453 32
    endloop
  endfacet
  facet normal 0 0 -1
    outer loop
      vertex -8.333553314208984 12.472043991088867 32
      vertex -6.199471473693848 14.966848373413086 32
      vertex -5.740250587463379 13.858192443847656 32
    endloop
  endfacet
  facet normal 0 0 -1
    outer loop
      vertex -8.333553314208984 12.472043991088867 32
      vertex -9.000237464904785 13.469807624816895 32
      vertex -6.199471473693848 14.966848373413086 32
    endloop
  endfacet
  facet normal 0 0 -1
    outer loop
      vertex -10.60660171508789 10.60660171508789 32
      vertex -9.000237464904785 13.469807624816895 32
      vertex -8.333553314208984 12.472043991088867 32
    endloop
  endfacet
  facet normal 0 0 -1
    outer loop
      vertex -10.60660171508789 10.60660171508789 32
      vertex -11.455129623413086 11.455129623413086 32
      vertex -9.000237464904785 13.469807624816895 32
    endloop
  endfacet
  facet normal 0 0 -1
    outer loop
      vertex -12.472043991088867 8.333553314208984 32
      vertex -11.455129623413086 11.455129623413086 32
      vertex -10.60660171508789 10.60660171508789 32
    endloop
  endfacet
  facet normal 0 0 -1
    outer loop
      vertex -12.472043991088867 8.333553314208984 32
      vertex -13.469807624816895 9.000237464904785 32
      vertex -11.455129623413086 11.455129623413086 32
    endloop
  endfacet
  facet normal 0 0 -1
    outer loop
      vertex -13.858192443847656 5.740250587463379 32
      vertex -13.469807624816895 9.000237464904785 32
      vertex -12.472043991088867 8.333553314208984 32
    endloop
  endfacet
  facet normal 0 0 -1
    outer loop
      vertex -14.966848373413086 6.199471473693848 32
      vertex -13.858192443847656 5.740250587463379 32
      vertex -14.71177864074707 2.92635440826416 32
    endloop
  endfacet
  facet normal 0 0 -1
    outer loop
      vertex -13.858192443847656 5.740250587463379 32
      vertex -14.966848373413086 6.199471473693848 32
      vertex -13.469807624816895 9.000237464904785 32
    endloop
  endfacet
  facet normal 0 0 -1
    outer loop
      vertex -15.888721466064453 3.1604623794555664 32
      vertex -14.71177864074707 2.92635440826416 32
      vertex -15 0 32
    endloop
  endfacet
  facet normal 0 0 -1
    outer loop
      vertex -16.200000762939453 0 32
      vertex -15 0 32
      vertex -15.888721466064453 -3.1604623794555664 32
    endloop
  endfacet
  facet normal 0 0 -1
    outer loop
      vertex -14.71177864074707 2.92635440826416 32
      vertex -15.888721466064453 3.1604623794555664 32
      vertex -14.966848373413086 6.199471473693848 32
    endloop
  endfacet
  facet normal 0 0 -1
    outer loop
      vertex -15 0 32
      vertex -16.200000762939453 0 32
      vertex -15.888721466064453 3.1604623794555664 32
    endloop
  endfacet
  facet normal -0.8819212464005153 0.47139677040404276 0
    outer loop
      vertex -14.966848373413086 6.199471473693848 32
      vertex -13.469807624816895 9.000237464904785 36
      vertex -13.469807624816895 9.000237464904785 32
    endloop
  endfacet
  facet normal -0.8819212464005153 0.47139677040404276 0
    outer loop
      vertex -13.469807624816895 9.000237464904785 36
      vertex -14.966848373413086 6.199471473693848 32
      vertex -14.966848373413086 6.199471473693848 36
    endloop
  endfacet
  facet normal -0.6343932979263913 -0.7730104420679431 0
    outer loop
      vertex -11.455129623413086 -11.455129623413086 32
      vertex -9.000237464904785 -13.469807624816895 36
      vertex -11.455129623413086 -11.455129623413086 36
    endloop
  endfacet
  facet normal -0.6343932979263913 -0.7730104420679431 0
    outer loop
      vertex -9.000237464904785 -13.469807624816895 36
      vertex -11.455129623413086 -11.455129623413086 32
      vertex -9.000237464904785 -13.469807624816895 32
    endloop
  endfacet
  facet normal -0.2902846087598572 -0.9569403565098176 0
    outer loop
      vertex -6.199471473693848 -14.966848373413086 32
      vertex -3.1604623794555664 -15.888721466064453 36
      vertex -6.199471473693848 -14.966848373413086 36
    endloop
  endfacet
  facet normal -0.2902846087598572 -0.9569403565098176 0
    outer loop
      vertex -3.1604623794555664 -15.888721466064453 36
      vertex -6.199471473693848 -14.966848373413086 32
      vertex -3.1604623794555664 -15.888721466064453 32
    endloop
  endfacet
  facet normal 0.47139677040404276 -0.8819212464005153 0
    outer loop
      vertex 6.199471473693848 -14.966848373413086 32
      vertex 9.000237464904785 -13.469807624816895 36
      vertex 6.199471473693848 -14.966848373413086 36
    endloop
  endfacet
  facet normal 0.47139677040404276 -0.8819212464005153 0
    outer loop
      vertex 9.000237464904785 -13.469807624816895 36
      vertex 6.199471473693848 -14.966848373413086 32
      vertex 9.000237464904785 -13.469807624816895 32
    endloop
  endfacet
  facet normal -0.9951846983565354 -0.09801742782286979 0
    outer loop
      vertex -15.888721466064453 -3.1604623794555664 32
      vertex -16.200000762939453 0 36
      vertex -16.200000762939453 0 32
    endloop
  endfacet
  facet normal -0.9951846983565354 -0.09801742782286979 0
    outer loop
      vertex -16.200000762939453 0 36
      vertex -15.888721466064453 -3.1604623794555664 32
      vertex -15.888721466064453 -3.1604623794555664 36
    endloop
  endfacet
  facet normal 0.2902846087598572 -0.9569403565098176 0
    outer loop
      vertex 3.1604623794555664 -15.888721466064453 32
      vertex 6.199471473693848 -14.966848373413086 36
      vertex 3.1604623794555664 -15.888721466064453 36
    endloop
  endfacet
  facet normal 0.2902846087598572 -0.9569403565098176 0
    outer loop
      vertex 6.199471473693848 -14.966848373413086 36
      vertex 3.1604623794555664 -15.888721466064453 32
      vertex 6.199471473693848 -14.966848373413086 32
    endloop
  endfacet
  facet normal -0.9569403565098176 0.2902846087598572 0
    outer loop
      vertex -15.888721466064453 3.1604623794555664 32
      vertex -14.966848373413086 6.199471473693848 36
      vertex -14.966848373413086 6.199471473693848 32
    endloop
  endfacet
  facet normal -0.9569403565098176 0.2902846087598572 0
    outer loop
      vertex -14.966848373413086 6.199471473693848 36
      vertex -15.888721466064453 3.1604623794555664 32
      vertex -15.888721466064453 3.1604623794555664 36
    endloop
  endfacet
  facet normal -0.47139677040404276 0.8819212464005153 0
    outer loop
      vertex -6.199471473693848 14.966848373413086 32
      vertex -9.000237464904785 13.469807624816895 36
      vertex -6.199471473693848 14.966848373413086 36
    endloop
  endfacet
  facet normal -0.47139677040404276 0.8819212464005153 0
    outer loop
      vertex -9.000237464904785 13.469807624816895 36
      vertex -6.199471473693848 14.966848373413086 32
      vertex -9.000237464904785 13.469807624816895 32
    endloop
  endfacet
  facet normal 0.2902846087598572 0.9569403565098176 0
    outer loop
      vertex 6.199471473693848 14.966848373413086 32
      vertex 3.1604623794555664 15.888721466064453 36
      vertex 6.199471473693848 14.966848373413086 36
    endloop
  endfacet
  facet normal 0.2902846087598572 0.9569403565098176 0
    outer loop
      vertex 3.1604623794555664 15.888721466064453 36
      vertex 6.199471473693848 14.966848373413086 32
      vertex 3.1604623794555664 15.888721466064453 32
    endloop
  endfacet
  facet normal -0.6343932979263913 0.7730104420679431 0
    outer loop
      vertex -9.000237464904785 13.469807624816895 32
      vertex -11.455129623413086 11.455129623413086 36
      vertex -9.000237464904785 13.469807624816895 36
    endloop
  endfacet
  facet normal -0.6343932979263913 0.7730104420679431 0
    outer loop
      vertex -11.455129623413086 11.455129623413086 36
      vertex -9.000237464904785 13.469807624816895 32
      vertex -11.455129623413086 11.455129623413086 32
    endloop
  endfacet
  facet normal 0.47139677040404276 0.8819212464005153 0
    outer loop
      vertex 9.000237464904785 13.469807624816895 32
      vertex 6.199471473693848 14.966848373413086 36
      vertex 9.000237464904785 13.469807624816895 36
    endloop
  endfacet
  facet normal 0.47139677040404276 0.8819212464005153 0
    outer loop
      vertex 6.199471473693848 14.966848373413086 36
      vertex 9.000237464904785 13.469807624816895 32
      vertex 6.199471473693848 14.966848373413086 32
    endloop
  endfacet
  facet normal 0.8819212464005153 -0.47139677040404276 0
    outer loop
      vertex 13.469807624816895 -9.000237464904785 36
      vertex 14.966848373413086 -6.199471473693848 32
      vertex 14.966848373413086 -6.199471473693848 36
    endloop
  endfacet
  facet normal 0.8819212464005153 -0.47139677040404276 0
    outer loop
      vertex 14.966848373413086 -6.199471473693848 32
      vertex 13.469807624816895 -9.000237464904785 36
      vertex 13.469807624816895 -9.000237464904785 32
    endloop
  endfacet
  facet normal 0.9569403565098176 -0.2902846087598572 0
    outer loop
      vertex 14.966848373413086 -6.199471473693848 36
      vertex 15.888721466064453 -3.1604623794555664 32
      vertex 15.888721466064453 -3.1604623794555664 36
    endloop
  endfacet
  facet normal 0.9569403565098176 -0.2902846087598572 0
    outer loop
      vertex 15.888721466064453 -3.1604623794555664 32
      vertex 14.966848373413086 -6.199471473693848 36
      vertex 14.966848373413086 -6.199471473693848 32
    endloop
  endfacet
  facet normal -0.2902846087598572 0.9569403565098176 0
    outer loop
      vertex -3.1604623794555664 15.888721466064453 32
      vertex -6.199471473693848 14.966848373413086 36
      vertex -3.1604623794555664 15.888721466064453 36
    endloop
  endfacet
  facet normal -0.2902846087598572 0.9569403565098176 0
    outer loop
      vertex -6.199471473693848 14.966848373413086 36
      vertex -3.1604623794555664 15.888721466064453 32
      vertex -6.199471473693848 14.966848373413086 32
    endloop
  endfacet
  facet normal -0.9951846983565354 0.09801742782286979 0
    outer loop
      vertex -16.200000762939453 0 32
      vertex -15.888721466064453 3.1604623794555664 36
      vertex -15.888721466064453 3.1604623794555664 32
    endloop
  endfacet
  facet normal -0.9951846983565354 0.09801742782286979 0
    outer loop
      vertex -15.888721466064453 3.1604623794555664 36
      vertex -16.200000762939453 0 32
      vertex -16.200000762939453 0 36
    endloop
  endfacet
  facet normal 0 0 1
    outer loop
      vertex 15 0 36
      vertex 16.200000762939453 0 36
      vertex 15.888721466064453 3.1604623794555664 36
    endloop
  endfacet
  facet normal 0 0 1
    outer loop
      vertex 16.200000762939453 0 36
      vertex 15 0 36
      vertex 15.888721466064453 -3.1604623794555664 36
    endloop
  endfacet
  facet normal 0 0 1
    outer loop
      vertex 14.71177864074707 2.92635440826416 36
      vertex 15.888721466064453 3.1604623794555664 36
      vertex 14.966848373413086 6.199471473693848 36
    endloop
  endfacet
  facet normal 0 0 1
    outer loop
      vertex 15.888721466064453 3.1604623794555664 36
      vertex 14.71177864074707 2.92635440826416 36
      vertex 15 0 36
    endloop
  endfacet
  facet normal 0 0 1
    outer loop
      vertex 14.966848373413086 6.199471473693848 36
      vertex 13.858192443847656 5.740250587463379 36
      vertex 14.71177864074707 2.92635440826416 36
    endloop
  endfacet
  facet normal 0 0 1
    outer loop
      vertex 13.469807624816895 9.000237464904785 36
      vertex 13.858192443847656 5.740250587463379 36
      vertex 14.966848373413086 6.199471473693848 36
    endloop
  endfacet
  facet normal 0 0 1
    outer loop
      vertex 13.469807624816895 9.000237464904785 36
      vertex 12.472043991088867 8.333553314208984 36
      vertex 13.858192443847656 5.740250587463379 36
    endloop
  endfacet
  facet normal 0 0 1
    outer loop
      vertex 11.455129623413086 11.455129623413086 36
      vertex 12.472043991088867 8.333553314208984 36
      vertex 13.469807624816895 9.000237464904785 36
    endloop
  endfacet
  facet normal 0 0 1
    outer loop
      vertex 11.455129623413086 11.455129623413086 36
      vertex 10.60660171508789 10.60660171508789 36
      vertex 12.472043991088867 8.333553314208984 36
    endloop
  endfacet
  facet normal 0 0 1
    outer loop
      vertex 9.000237464904785 13.469807624816895 36
      vertex 10.60660171508789 10.60660171508789 36
      vertex 11.455129623413086 11.455129623413086 36
    endloop
  endfacet
  facet normal 0 0 1
    outer loop
      vertex 9.000237464904785 13.469807624816895 36
      vertex 8.333553314208984 12.472043991088867 36
      vertex 10.60660171508789 10.60660171508789 36
    endloop
  endfacet
  facet normal 0 0 1
    outer loop
      vertex 6.199471473693848 14.966848373413086 36
      vertex 8.333553314208984 12.472043991088867 36
      vertex 9.000237464904785 13.469807624816895 36
    endloop
  endfacet
  facet normal 0 0 1
    outer loop
      vertex 6.199471473693848 14.966848373413086 36
      vertex 5.740250587463379 13.858192443847656 36
      vertex 8.333553314208984 12.472043991088867 36
    endloop
  endfacet
  facet normal 0 0 1
    outer loop
      vertex 3.1604623794555664 15.888721466064453 36
      vertex 5.740250587463379 13.858192443847656 36
      vertex 6.199471473693848 14.966848373413086 36
    endloop
  endfacet
  facet normal 0 0 1
    outer loop
      vertex 3.1604623794555664 15.888721466064453 36
      vertex 2.92635440826416 14.71177864074707 36
      vertex 5.740250587463379 13.858192443847656 36
    endloop
  endfacet
  facet normal 0 0 1
    outer loop
      vertex 0 16.200000762939453 36
      vertex 2.92635440826416 14.71177864074707 36
      vertex 3.1604623794555664 15.888721466064453 36
    endloop
  endfacet
  facet normal 0 0 1
    outer loop
      vertex 0 16.200000762939453 36
      vertex 0 15 36
      vertex 2.92635440826416 14.71177864074707 36
    endloop
  endfacet
  facet normal 0 0 1
    outer loop
      vertex 0 16.200000762939453 36
      vertex -2.92635440826416 14.71177864074707 36
      vertex 0 15 36
    endloop
  endfacet
  facet normal 0 0 1
    outer loop
      vertex -3.1604623794555664 15.888721466064453 36
      vertex -2.92635440826416 14.71177864074707 36
      vertex 0 16.200000762939453 36
    endloop
  endfacet
  facet normal 0 0 1
    outer loop
      vertex -3.1604623794555664 15.888721466064453 36
      vertex -5.740250587463379 13.858192443847656 36
      vertex -2.92635440826416 14.71177864074707 36
    endloop
  endfacet
  facet normal 0 0 1
    outer loop
      vertex -6.199471473693848 14.966848373413086 36
      vertex -5.740250587463379 13.858192443847656 36
      vertex -3.1604623794555664 15.888721466064453 36
    endloop
  endfacet
  facet normal 0 0 1
    outer loop
      vertex -6.199471473693848 14.966848373413086 36
      vertex -8.333553314208984 12.472043991088867 36
      vertex -5.740250587463379 13.858192443847656 36
    endloop
  endfacet
  facet normal 0 0 1
    outer loop
      vertex -9.000237464904785 13.469807624816895 36
      vertex -8.333553314208984 12.472043991088867 36
      vertex -6.199471473693848 14.966848373413086 36
    endloop
  endfacet
  facet normal 0 0 1
    outer loop
      vertex -9.000237464904785 13.469807624816895 36
      vertex -10.60660171508789 10.60660171508789 36
      vertex -8.333553314208984 12.472043991088867 36
    endloop
  endfacet
  facet normal 0 0 1
    outer loop
      vertex -11.455129623413086 11.455129623413086 36
      vertex -10.60660171508789 10.60660171508789 36
      vertex -9.000237464904785 13.469807624816895 36
    endloop
  endfacet
  facet normal 0 0 1
    outer loop
      vertex -11.455129623413086 11.455129623413086 36
      vertex -12.472043991088867 8.333553314208984 36
      vertex -10.60660171508789 10.60660171508789 36
    endloop
  endfacet
  facet normal 0 0 1
    outer loop
      vertex -13.469807624816895 9.000237464904785 36
      vertex -12.472043991088867 8.333553314208984 36
      vertex -11.455129623413086 11.455129623413086 36
    endloop
  endfacet
  facet normal 0 0 1
    outer loop
      vertex -13.469807624816895 9.000237464904785 36
      vertex -13.858192443847656 5.740250587463379 36
      vertex -12.472043991088867 8.333553314208984 36
    endloop
  endfacet
  facet normal 0 0 1
    outer loop
      vertex -14.966848373413086 6.199471473693848 36
      vertex -13.858192443847656 5.740250587463379 36
      vertex -13.469807624816895 9.000237464904785 36
    endloop
  endfacet
  facet normal 0 0 1
    outer loop
      vertex -13.858192443847656 5.740250587463379 36
      vertex -14.966848373413086 6.199471473693848 36
      vertex -14.71177864074707 2.92635440826416 36
    endloop
  endfacet
  facet normal 0 0 1
    outer loop
      vertex -15.888721466064453 3.1604623794555664 36
      vertex -14.71177864074707 2.92635440826416 36
      vertex -14.966848373413086 6.199471473693848 36
    endloop
  endfacet
  facet normal 0 0 1
    outer loop
      vertex -14.71177864074707 2.92635440826416 36
      vertex -15.888721466064453 3.1604623794555664 36
      vertex -15 0 36
    endloop
  endfacet
  facet normal 0 0 1
    outer loop
      vertex 14.71177864074707 -2.92635440826416 36
      vertex 15.888721466064453 -3.1604623794555664 36
      vertex 15 0 36
    endloop
  endfacet
  facet normal 0 0 1
    outer loop
      vertex 15.888721466064453 -3.1604623794555664 36
      vertex 14.71177864074707 -2.92635440826416 36
      vertex 14.966848373413086 -6.199471473693848 36
    endloop
  endfacet
  facet normal 0 0 1
    outer loop
      vertex 13.858192443847656 -5.740250587463379 36
      vertex 14.966848373413086 -6.199471473693848 36
      vertex 14.71177864074707 -2.92635440826416 36
    endloop
  endfacet
  facet normal 0 0 1
    outer loop
      vertex 13.858192443847656 -5.740250587463379 36
      vertex 13.469807624816895 -9.000237464904785 36
      vertex 14.966848373413086 -6.199471473693848 36
    endloop
  endfacet
  facet normal 0 0 1
    outer loop
      vertex 12.472043991088867 -8.333553314208984 36
      vertex 13.469807624816895 -9.000237464904785 36
      vertex 13.858192443847656 -5.740250587463379 36
    endloop
  endfacet
  facet normal 0 0 1
    outer loop
      vertex 12.472043991088867 -8.333553314208984 36
      vertex 11.455129623413086 -11.455129623413086 36
      vertex 13.469807624816895 -9.000237464904785 36
    endloop
  endfacet
  facet normal 0 0 1
    outer loop
      vertex 10.60660171508789 -10.60660171508789 36
      vertex 11.455129623413086 -11.455129623413086 36
      vertex 12.472043991088867 -8.333553314208984 36
    endloop
  endfacet
  facet normal 0 0 1
    outer loop
      vertex 10.60660171508789 -10.60660171508789 36
      vertex 9.000237464904785 -13.469807624816895 36
      vertex 11.455129623413086 -11.455129623413086 36
    endloop
  endfacet
  facet normal 0 0 1
    outer loop
      vertex 8.333553314208984 -12.472043991088867 36
      vertex 9.000237464904785 -13.469807624816895 36
      vertex 10.60660171508789 -10.60660171508789 36
    endloop
  endfacet
  facet normal 0 0 1
    outer loop
      vertex 8.333553314208984 -12.472043991088867 36
      vertex 6.199471473693848 -14.966848373413086 36
      vertex 9.000237464904785 -13.469807624816895 36
    endloop
  endfacet
  facet normal 0 0 1
    outer loop
      vertex 5.740250587463379 -13.858192443847656 36
      vertex 6.199471473693848 -14.966848373413086 36
      vertex 8.333553314208984 -12.472043991088867 36
    endloop
  endfacet
  facet normal 0 0 1
    outer loop
      vertex 5.740250587463379 -13.858192443847656 36
      vertex 3.1604623794555664 -15.888721466064453 36
      vertex 6.199471473693848 -14.966848373413086 36
    endloop
  endfacet
  facet normal 0 0 1
    outer loop
      vertex 2.92635440826416 -14.71177864074707 36
      vertex 3.1604623794555664 -15.888721466064453 36
      vertex 5.740250587463379 -13.858192443847656 36
    endloop
  endfacet
  facet normal 0 0 1
    outer loop
      vertex 0 -15 36
      vertex 3.1604623794555664 -15.888721466064453 36
      vertex 2.92635440826416 -14.71177864074707 36
    endloop
  endfacet
  facet normal 0 0 1
    outer loop
      vertex 0 -15 36
      vertex 0 -16.200000762939453 36
      vertex 3.1604623794555664 -15.888721466064453 36
    endloop
  endfacet
  facet normal 0 0 1
    outer loop
      vertex -2.92635440826416 -14.71177864074707 36
      vertex 0 -16.200000762939453 36
      vertex 0 -15 36
    endloop
  endfacet
  facet normal 0 0 1
    outer loop
      vertex -2.92635440826416 -14.71177864074707 36
      vertex -3.1604623794555664 -15.888721466064453 36
      vertex 0 -16.200000762939453 36
    endloop
  endfacet
  facet normal 0 0 1
    outer loop
      vertex -5.740250587463379 -13.858192443847656 36
      vertex -3.1604623794555664 -15.888721466064453 36
      vertex -2.92635440826416 -14.71177864074707 36
    endloop
  endfacet
  facet normal 0 0 1
    outer loop
      vertex -5.740250587463379 -13.858192443847656 36
      vertex -6.199471473693848 -14.966848373413086 36
      vertex -3.1604623794555664 -15.888721466064453 36
    endloop
  endfacet
  facet normal 0 0 1
    outer loop
      vertex -8.333553314208984 -12.472043991088867 36
      vertex -6.199471473693848 -14.966848373413086 36
      vertex -5.740250587463379 -13.858192443847656 36
    endloop
  endfacet
  facet normal 0 0 1
    outer loop
      vertex -8.333553314208984 -12.472043991088867 36
      vertex -9.000237464904785 -13.469807624816895 36
      vertex -6.199471473693848 -14.966848373413086 36
    endloop
  endfacet
  facet normal 0 0 1
    outer loop
      vertex -10.60660171508789 -10.60660171508789 36
      vertex -9.000237464904785 -13.469807624816895 36
      vertex -8.333553314208984 -12.472043991088867 36
    endloop
  endfacet
  facet normal 0 0 1
    outer loop
      vertex -10.60660171508789 -10.60660171508789 36
      vertex -11.455129623413086 -11.455129623413086 36
      vertex -9.000237464904785 -13.469807624816895 36
    endloop
  endfacet
  facet normal 0 0 1
    outer loop
      vertex -12.472043991088867 -8.333553314208984 36
      vertex -11.455129623413086 -11.455129623413086 36
      vertex -10.60660171508789 -10.60660171508789 36
    endloop
  endfacet
  facet normal 0 0 1
    outer loop
      vertex -12.472043991088867 -8.333553314208984 36
      vertex -13.469807624816895 -9.000237464904785 36
      vertex -11.455129623413086 -11.455129623413086 36
    endloop
  endfacet
  facet normal 0 0 1
    outer loop
      vertex -13.858192443847656 -5.740250587463379 36
      vertex -13.469807624816895 -9.000237464904785 36
      vertex -12.472043991088867 -8.333553314208984 36
    endloop
  endfacet
  facet normal 0 0 1
    outer loop
      vertex -14.966848373413086 -6.199471473693848 36
      vertex -13.858192443847656 -5.740250587463379 36
      vertex -14.71177864074707 -2.92635440826416 36
    endloop
  endfacet
  facet normal 0 0 1
    outer loop
      vertex -13.858192443847656 -5.740250587463379 36
      vertex -14.966848373413086 -6.199471473693848 36
      vertex -13.469807624816895 -9.000237464904785 36
    endloop
  endfacet
  facet normal 0 0 1
    outer loop
      vertex -15.888721466064453 -3.1604623794555664 36
      vertex -14.71177864074707 -2.92635440826416 36
      vertex -15 0 36
    endloop
  endfacet
  facet normal 0 0 1
    outer loop
      vertex -16.200000762939453 0 36
      vertex -15 0 36
      vertex -15.888721466064453 3.1604623794555664 36
    endloop
  endfacet
  facet normal 0 0 1
    outer loop
      vertex -14.71177864074707 -2.92635440826416 36
      vertex -15.888721466064453 -3.1604623794555664 36
      vertex -14.966848373413086 -6.199471473693848 36
    endloop
  endfacet
  facet normal 0 0 1
    outer loop
      vertex -15 0 36
      vertex -16.200000762939453 0 36
      vertex -15.888721466064453 -3.1604623794555664 36
    endloop
  endfacet
  facet normal -0.7730104420679431 0.6343932979263913 0
    outer loop
      vertex -13.469807624816895 9.000237464904785 32
      vertex -11.455129623413086 11.455129623413086 36
      vertex -11.455129623413086 11.455129623413086 32
    endloop
  endfacet
  facet normal -0.7730104420679431 0.6343932979263913 0
    outer loop
      vertex -11.455129623413086 11.455129623413086 36
      vertex -13.469807624816895 9.000237464904785 32
      vertex -13.469807624816895 9.000237464904785 36
    endloop
  endfacet
  facet normal -0.09801742782286979 -0.9951846983565354 0
    outer loop
      vertex -3.1604623794555664 -15.888721466064453 32
      vertex 0 -16.200000762939453 36
      vertex -3.1604623794555664 -15.888721466064453 36
    endloop
  endfacet
  facet normal -0.09801742782286979 -0.9951846983565354 0
    outer loop
      vertex 0 -16.200000762939453 36
      vertex -3.1604623794555664 -15.888721466064453 32
      vertex 0 -16.200000762939453 32
    endloop
  endfacet
  facet normal -0.47139677040404276 -0.8819212464005153 0
    outer loop
      vertex -9.000237464904785 -13.469807624816895 32
      vertex -6.199471473693848 -14.966848373413086 36
      vertex -9.000237464904785 -13.469807624816895 36
    endloop
  endfacet
  facet normal -0.47139677040404276 -0.8819212464005153 0
    outer loop
      vertex -6.199471473693848 -14.966848373413086 36
      vertex -9.000237464904785 -13.469807624816895 32
      vertex -6.199471473693848 -14.966848373413086 32
    endloop
  endfacet
  facet normal -0.8819212464005153 -0.47139677040404276 0
    outer loop
      vertex -13.469807624816895 -9.000237464904785 32
      vertex -14.966848373413086 -6.199471473693848 36
      vertex -14.966848373413086 -6.199471473693848 32
    endloop
  endfacet
  facet normal -0.8819212464005153 -0.47139677040404276 0
    outer loop
      vertex -14.966848373413086 -6.199471473693848 36
      vertex -13.469807624816895 -9.000237464904785 32
      vertex -13.469807624816895 -9.000237464904785 36
    endloop
  endfacet
  facet normal -0.7730104420679431 -0.6343932979263913 0
    outer loop
      vertex -11.455129623413086 -11.455129623413086 32
      vertex -13.469807624816895 -9.000237464904785 36
      vertex -13.469807624816895 -9.000237464904785 32
    endloop
  endfacet
  facet normal -0.7730104420679431 -0.6343932979263913 0
    outer loop
      vertex -13.469807624816895 -9.000237464904785 36
      vertex -11.455129623413086 -11.455129623413086 32
      vertex -11.455129623413086 -11.455129623413086 36
    endloop
  endfacet
  facet normal 0.9569403565098176 0.2902846087598572 0
    outer loop
      vertex 15.888721466064453 3.1604623794555664 48
      vertex 14.966848373413086 6.199471473693848 44
      vertex 14.966848373413086 6.199471473693848 48
    endloop
  endfacet
  facet normal 0.9569403565098176 0.2902846087598572 0
    outer loop
      vertex 14.966848373413086 6.199471473693848 44
      vertex 15.888721466064453 3.1604623794555664 48
      vertex 15.888721466064453 3.1604623794555664 44
    endloop
  endfacet
  facet normal 0.9951846983565354 0.09801742782286979 0
    outer loop
      vertex 16.200000762939453 0 48
      vertex 15.888721466064453 3.1604623794555664 44
      vertex 15.888721466064453 3.1604623794555664 48
    endloop
  endfacet
  facet normal 0.9951846983565354 0.09801742782286979 0
    outer loop
      vertex 15.888721466064453 3.1604623794555664 44
      vertex 16.200000762939453 0 48
      vertex 16.200000762939453 0 44
    endloop
  endfacet
  facet normal 0.8819212464005153 0.47139677040404276 0
    outer loop
      vertex 14.966848373413086 6.199471473693848 48
      vertex 13.469807624816895 9.000237464904785 44
      vertex 13.469807624816895 9.000237464904785 48
    endloop
  endfacet
  facet normal 0.8819212464005153 0.47139677040404276 0
    outer loop
      vertex 13.469807624816895 9.000237464904785 44
      vertex 14.966848373413086 6.199471473693848 48
      vertex 14.966848373413086 6.199471473693848 44
    endloop
  endfacet
  facet normal 0.9951846983565354 -0.09801742782286979 0
    outer loop
      vertex 15.888721466064453 -3.1604623794555664 48
      vertex 16.200000762939453 0 44
      vertex 16.200000762939453 0 48
    endloop
  endfacet
  facet normal 0.9951846983565354 -0.09801742782286979 0
    outer loop
      vertex 16.200000762939453 0 44
      vertex 15.888721466064453 -3.1604623794555664 48
      vertex 15.888721466064453 -3.1604623794555664 44
    endloop
  endfacet
  facet normal 0.47139677040404276 0.8819212464005153 0
    outer loop
      vertex 9.000237464904785 13.469807624816895 44
      vertex 6.199471473693848 14.966848373413086 48
      vertex 9.000237464904785 13.469807624816895 48
    endloop
  endfacet
  facet normal 0.47139677040404276 0.8819212464005153 0
    outer loop
      vertex 6.199471473693848 14.966848373413086 48
      vertex 9.000237464904785 13.469807624816895 44
      vertex 6.199471473693848 14.966848373413086 44
    endloop
  endfacet
  facet normal 0.2902846087598572 0.9569403565098176 0
    outer loop
      vertex 6.199471473693848 14.966848373413086 44
      vertex 3.1604623794555664 15.888721466064453 48
      vertex 6.199471473693848 14.966848373413086 48
    endloop
  endfacet
  facet normal 0.2902846087598572 0.9569403565098176 0
    outer loop
      vertex 3.1604623794555664 15.888721466064453 48
      vertex 6.199471473693848 14.966848373413086 44
      vertex 3.1604623794555664 15.888721466064453 44
    endloop
  endfacet
  facet normal -0.2902846087598572 -0.9569403565098176 0
    outer loop
      vertex -6.199471473693848 -14.966848373413086 44
      vertex -3.1604623794555664 -15.888721466064453 48
      vertex -6.199471473693848 -14.966848373413086 48
    endloop
  endfacet
  facet normal -0.2902846087598572 -0.9569403565098176 0
    outer loop
      vertex -3.1604623794555664 -15.888721466064453 48
      vertex -6.199471473693848 -14.966848373413086 44
      vertex -3.1604623794555664 -15.888721466064453 44
    endloop
  endfacet
  facet normal 0.7730104420679431 0.6343932979263913 0
    outer loop
      vertex 13.469807624816895 9.000237464904785 48
      vertex 11.455129623413086 11.455129623413086 44
      vertex 11.455129623413086 11.455129623413086 48
    endloop
  endfacet
  facet normal 0.7730104420679431 0.6343932979263913 0
    outer loop
      vertex 11.455129623413086 11.455129623413086 44
      vertex 13.469807624816895 9.000237464904785 48
      vertex 13.469807624816895 9.000237464904785 44
    endloop
  endfacet
  facet normal 0.8819212464005153 -0.47139677040404276 0
    outer loop
      vertex 13.469807624816895 -9.000237464904785 48
      vertex 14.966848373413086 -6.199471473693848 44
      vertex 14.966848373413086 -6.199471473693848 48
    endloop
  endfacet
  facet normal 0.8819212464005153 -0.47139677040404276 0
    outer loop
      vertex 14.966848373413086 -6.199471473693848 44
      vertex 13.469807624816895 -9.000237464904785 48
      vertex 13.469807624816895 -9.000237464904785 44
    endloop
  endfacet
  facet normal 0.7730104420679431 -0.6343932979263913 0
    outer loop
      vertex 11.455129623413086 -11.455129623413086 48
      vertex 13.469807624816895 -9.000237464904785 44
      vertex 13.469807624816895 -9.000237464904785 48
    endloop
  endfacet
  facet normal 0.7730104420679431 -0.6343932979263913 0
    outer loop
      vertex 13.469807624816895 -9.000237464904785 44
      vertex 11.455129623413086 -11.455129623413086 48
      vertex 11.455129623413086 -11.455129623413086 44
    endloop
  endfacet
  facet normal -0.6343932979263913 -0.7730104420679431 0
    outer loop
      vertex -11.455129623413086 -11.455129623413086 44
      vertex -9.000237464904785 -13.469807624816895 48
      vertex -11.455129623413086 -11.455129623413086 48
    endloop
  endfacet
  facet normal -0.6343932979263913 -0.7730104420679431 0
    outer loop
      vertex -9.000237464904785 -13.469807624816895 48
      vertex -11.455129623413086 -11.455129623413086 44
      vertex -9.000237464904785 -13.469807624816895 44
    endloop
  endfacet
  facet normal 0 0 -1
    outer loop
      vertex 15 0 44
      vertex 16.200000762939453 0 44
      vertex 15.888721466064453 -3.1604623794555664 44
    endloop
  endfacet
  facet normal 0 0 -1
    outer loop
      vertex 16.200000762939453 0 44
      vertex 15 0 44
      vertex 15.888721466064453 3.1604623794555664 44
    endloop
  endfacet
  facet normal 0 0 -1
    outer loop
      vertex 14.71177864074707 -2.92635440826416 44
      vertex 15.888721466064453 -3.1604623794555664 44
      vertex 14.966848373413086 -6.199471473693848 44
    endloop
  endfacet
  facet normal 0 0 -1
    outer loop
      vertex 15.888721466064453 -3.1604623794555664 44
      vertex 14.71177864074707 -2.92635440826416 44
      vertex 15 0 44
    endloop
  endfacet
  facet normal 0 0 -1
    outer loop
      vertex 14.966848373413086 -6.199471473693848 44
      vertex 13.858192443847656 -5.740250587463379 44
      vertex 14.71177864074707 -2.92635440826416 44
    endloop
  endfacet
  facet normal 0 0 -1
    outer loop
      vertex 13.469807624816895 -9.000237464904785 44
      vertex 13.858192443847656 -5.740250587463379 44
      vertex 14.966848373413086 -6.199471473693848 44
    endloop
  endfacet
  facet normal 0 0 -1
    outer loop
      vertex 13.469807624816895 -9.000237464904785 44
      vertex 12.472043991088867 -8.333553314208984 44
      vertex 13.858192443847656 -5.740250587463379 44
    endloop
  endfacet
  facet normal 0 0 -1
    outer loop
      vertex 11.455129623413086 -11.455129623413086 44
      vertex 12.472043991088867 -8.333553314208984 44
      vertex 13.469807624816895 -9.000237464904785 44
    endloop
  endfacet
  facet normal 0 0 -1
    outer loop
      vertex 11.455129623413086 -11.455129623413086 44
      vertex 10.60660171508789 -10.60660171508789 44
      vertex 12.472043991088867 -8.333553314208984 44
    endloop
  endfacet
  facet normal 0 0 -1
    outer loop
      vertex 9.000237464904785 -13.469807624816895 44
      vertex 10.60660171508789 -10.60660171508789 44
      vertex 11.455129623413086 -11.455129623413086 44
    endloop
  endfacet
  facet normal 0 0 -1
    outer loop
      vertex 9.000237464904785 -13.469807624816895 44
      vertex 8.333553314208984 -12.472043991088867 44
      vertex 10.60660171508789 -10.60660171508789 44
    endloop
  endfacet
  facet normal 0 0 -1
    outer loop
      vertex 6.199471473693848 -14.966848373413086 44
      vertex 8.333553314208984 -12.472043991088867 44
      vertex 9.000237464904785 -13.469807624816895 44
    endloop
  endfacet
  facet normal 0 0 -1
    outer loop
      vertex 6.199471473693848 -14.966848373413086 44
      vertex 5.740250587463379 -13.858192443847656 44
      vertex 8.333553314208984 -12.472043991088867 44
    endloop
  endfacet
  facet normal 0 0 -1
    outer loop
      vertex 3.1604623794555664 -15.888721466064453 44
      vertex 5.740250587463379 -13.858192443847656 44
      vertex 6.199471473693848 -14.966848373413086 44
    endloop
  endfacet
  facet normal 0 0 -1
    outer loop
      vertex 3.1604623794555664 -15.888721466064453 44
      vertex 2.92635440826416 -14.71177864074707 44
      vertex 5.740250587463379 -13.858192443847656 44
    endloop
  endfacet
  facet normal 0 0 -1
    outer loop
      vertex 0 -16.200000762939453 44
      vertex 2.92635440826416 -14.71177864074707 44
      vertex 3.1604623794555664 -15.888721466064453 44
    endloop
  endfacet
  facet normal 0 0 -1
    outer loop
      vertex 0 -16.200000762939453 44
      vertex 0 -15 44
      vertex 2.92635440826416 -14.71177864074707 44
    endloop
  endfacet
  facet normal 0 0 -1
    outer loop
      vertex 0 -16.200000762939453 44
      vertex -2.92635440826416 -14.71177864074707 44
      vertex 0 -15 44
    endloop
  endfacet
  facet normal 0 0 -1
    outer loop
      vertex -3.1604623794555664 -15.888721466064453 44
      vertex -2.92635440826416 -14.71177864074707 44
      vertex 0 -16.200000762939453 44
    endloop
  endfacet
  facet normal 0 0 -1
    outer loop
      vertex -3.1604623794555664 -15.888721466064453 44
      vertex -5.740250587463379 -13.858192443847656 44
      vertex -2.92635440826416 -14.71177864074707 44
    endloop
  endfacet
  facet normal 0 0 -1
    outer loop
      vertex -6.199471473693848 -14.966848373413086 44
      vertex -5.740250587463379 -13.858192443847656 44
      vertex -3.1604623794555664 -15.888721466064453 44
    endloop
  endfacet
  facet normal 0 0 -1
    outer loop
      vertex -6.199471473693848 -14.966848373413086 44
      vertex -8.333553314208984 -12.472043991088867 44
      vertex -5.740250587463379 -13.858192443847656 44
    endloop
  endfacet
  facet normal 0 0 -1
    outer loop
      vertex -9.000237464904785 -13.469807624816895 44
      vertex -8.333553314208984 -12.472043991088867 44
      vertex -6.199471473693848 -14.966848373413086 44
    endloop
  endfacet
  facet normal 0 0 -1
    outer loop
      vertex -9.000237464904785 -13.469807624816895 44
      vertex -10.60660171508789 -10.60660171508789 44
      vertex -8.333553314208984 -12.472043991088867 44
    endloop
  endfacet
  facet normal 0 0 -1
    outer loop
      vertex -11.455129623413086 -11.455129623413086 44
      vertex -10.60660171508789 -10.60660171508789 44
      vertex -9.000237464904785 -13.469807624816895 44
    endloop
  endfacet
  facet normal 0 0 -1
    outer loop
      vertex -11.455129623413086 -11.455129623413086 44
      vertex -12.472043991088867 -8.333553314208984 44
      vertex -10.60660171508789 -10.60660171508789 44
    endloop
  endfacet
  facet normal 0 0 -1
    outer loop
      vertex -13.469807624816895 -9.000237464904785 44
      vertex -12.472043991088867 -8.333553314208984 44
      vertex -11.455129623413086 -11.455129623413086 44
    endloop
  endfacet
  facet normal 0 0 -1
    outer loop
      vertex -13.469807624816895 -9.000237464904785 44
      vertex -13.858192443847656 -5.740250587463379 44
      vertex -12.472043991088867 -8.333553314208984 44
    endloop
  endfacet
  facet normal 0 0 -1
    outer loop
      vertex -14.966848373413086 -6.199471473693848 44
      vertex -13.858192443847656 -5.740250587463379 44
      vertex -13.469807624816895 -9.000237464904785 44
    endloop
  endfacet
  facet normal 0 0 -1
    outer loop
      vertex -13.858192443847656 -5.740250587463379 44
      vertex -14.966848373413086 -6.199471473693848 44
      vertex -14.71177864074707 -2.92635440826416 44
    endloop
  endfacet
  facet normal 0 0 -1
    outer loop
      vertex -15.888721466064453 -3.1604623794555664 44
      vertex -14.71177864074707 -2.92635440826416 44
      vertex -14.966848373413086 -6.199471473693848 44
    endloop
  endfacet
  facet normal 0 0 -1
    outer loop
      vertex -14.71177864074707 -2.92635440826416 44
      vertex -15.888721466064453 -3.1604623794555664 44
      vertex -15 0 44
    endloop
  endfacet
  facet normal 0 0 -1
    outer loop
      vertex 14.71177864074707 2.92635440826416 44
      vertex 15.888721466064453 3.1604623794555664 44
      vertex 15 0 44
    endloop
  endfacet
  facet normal 0 0 -1
    outer loop
      vertex 15.888721466064453 3.1604623794555664 44
      vertex 14.71177864074707 2.92635440826416 44
      vertex 14.966848373413086 6.199471473693848 44
    endloop
  endfacet
  facet normal 0 0 -1
    outer loop
      vertex 13.858192443847656 5.740250587463379 44
      vertex 14.966848373413086 6.199471473693848 44
      vertex 14.71177864074707 2.92635440826416 44
    endloop
  endfacet
  facet normal 0 0 -1
    outer loop
      vertex 13.858192443847656 5.740250587463379 44
      vertex 13.469807624816895 9.000237464904785 44
      vertex 14.966848373413086 6.199471473693848 44
    endloop
  endfacet
  facet normal 0 0 -1
    outer loop
      vertex 12.472043991088867 8.333553314208984 44
      vertex 13.469807624816895 9.000237464904785 44
      vertex 13.858192443847656 5.740250587463379 44
    endloop
  endfacet
  facet normal 0 0 -1
    outer loop
      vertex 12.472043991088867 8.333553314208984 44
      vertex 11.455129623413086 11.455129623413086 44
      vertex 13.469807624816895 9.000237464904785 44
    endloop
  endfacet
  facet normal 0 0 -1
    outer loop
      vertex 10.60660171508789 10.60660171508789 44
      vertex 11.455129623413086 11.455129623413086 44
      vertex 12.472043991088867 8.333553314208984 44
    endloop
  endfacet
  facet normal 0 0 -1
    outer loop
      vertex 10.60660171508789 10.60660171508789 44
      vertex 9.000237464904785 13.469807624816895 44
      vertex 11.455129623413086 11.455129623413086 44
    endloop
  endfacet
  facet normal 0 0 -1
    outer loop
      vertex 8.333553314208984 12.472043991088867 44
      vertex 9.000237464904785 13.469807624816895 44
      vertex 10.60660171508789 10.60660171508789 44
    endloop
  endfacet
  facet normal 0 0 -1
    outer loop
      vertex 8.333553314208984 12.472043991088867 44
      vertex 6.199471473693848 14.966848373413086 44
      vertex 9.000237464904785 13.469807624816895 44
    endloop
  endfacet
  facet normal 0 0 -1
    outer loop
      vertex 5.740250587463379 13.858192443847656 44
      vertex 6.199471473693848 14.966848373413086 44
      vertex 8.333553314208984 12.472043991088867 44
    endloop
  endfacet
  facet normal 0 0 -1
    outer loop
      vertex 5.740250587463379 13.858192443847656 44
      vertex 3.1604623794555664 15.888721466064453 44
      vertex 6.199471473693848 14.966848373413086 44
    endloop
  endfacet
  facet normal 0 0 -1
    outer loop
      vertex 2.92635440826416 14.71177864074707 44
      vertex 3.1604623794555664 15.888721466064453 44
      vertex 5.740250587463379 13.858192443847656 44
    endloop
  endfacet
  facet normal 0 0 -1
    outer loop
      vertex 0 15 44
      vertex 3.1604623794555664 15.888721466064453 44
      vertex 2.92635440826416 14.71177864074707 44
    endloop
  endfacet
  facet normal 0 0 -1
    outer loop
      vertex 0 15 44
      vertex 0 16.200000762939453 44
      vertex 3.1604623794555664 15.888721466064453 44
    endloop
  endfacet
  facet normal 0 0 -1
    outer loop
      vertex -2.92635440826416 14.71177864074707 44
      vertex 0 16.200000762939453 44
      vertex 0 15 44
    endloop
  endfacet
  facet normal 0 0 -1
    outer loop
      vertex -2.92635440826416 14.71177864074707 44
      vertex -3.1604623794555664 15.888721466064453 44
      vertex 0 16.200000762939453 44
    endloop
  endfacet
  facet normal 0 0 -1
    outer loop
      vertex -5.740250587463379 13.858192443847656 44
      vertex -3.1604623794555664 15.888721466064453 44
      vertex -2.92635440826416 14.71177864074707 44
    endloop
  endfacet
  facet normal 0 0 -1
    outer loop
      vertex -5.740250587463379 13.858192443847656 44
      vertex -6.199471473693848 14.966848373413086 44
      vertex -3.1604623794555664 15.888721466064453 44
    endloop
  endfacet
  facet normal 0 0 -1
    outer loop
      vertex -8.333553314208984 12.472043991088867 44
      vertex -6.199471473693848 14.966848373413086 44
      vertex -5.740250587463379 13.858192443847656 44
    endloop
  endfacet
  facet normal 0 0 -1
    outer loop
      vertex -8.333553314208984 12.472043991088867 44
      vertex -9.000237464904785 13.469807624816895 44
      vertex -6.199471473693848 14.966848373413086 44
    endloop
  endfacet
  facet normal 0 0 -1
    outer loop
      vertex -10.60660171508789 10.60660171508789 44
      vertex -9.000237464904785 13.469807624816895 44
      vertex -8.333553314208984 12.472043991088867 44
    endloop
  endfacet
  facet normal 0 0 -1
    outer loop
      vertex -10.60660171508789 10.60660171508789 44
      vertex -11.455129623413086 11.455129623413086 44
      vertex -9.000237464904785 13.469807624816895 44
    endloop
  endfacet
  facet normal 0 0 -1
    outer loop
      vertex -12.472043991088867 8.333553314208984 44
      vertex -11.455129623413086 11.455129623413086 44
      vertex -10.60660171508789 10.60660171508789 44
    endloop
  endfacet
  facet normal 0 0 -1
    outer loop
      vertex -12.472043991088867 8.333553314208984 44
      vertex -13.469807624816895 9.000237464904785 44
      vertex -11.455129623413086 11.455129623413086 44
    endloop
  endfacet
  facet normal 0 0 -1
    outer loop
      vertex -13.858192443847656 5.740250587463379 44
      vertex -13.469807624816895 9.000237464904785 44
      vertex -12.472043991088867 8.333553314208984 44
    endloop
  endfacet
  facet normal 0 0 -1
    outer loop
      vertex -14.966848373413086 6.199471473693848 44
      vertex -13.858192443847656 5.740250587463379 44
      vertex -14.71177864074707 2.92635440826416 44
    endloop
  endfacet
  facet normal 0 0 -1
    outer loop
      vertex -13.858192443847656 5.740250587463379 44
      vertex -14.966848373413086 6.199471473693848 44
      vertex -13.469807624816895 9.000237464904785 44
    endloop
  endfacet
  facet normal 0 0 -1
    outer loop
      vertex -15.888721466064453 3.1604623794555664 44
      vertex -14.71177864074707 2.92635440826416 44
      vertex -15 0 44
    endloop
  endfacet
  facet normal 0 0 -1
    outer loop
      vertex -16.200000762939453 0 44
      vertex -15 0 44
      vertex -15.888721466064453 -3.1604623794555664 44
    endloop
  endfacet
  facet normal 0 0 -1
    outer loop
      vertex -14.71177864074707 2.92635440826416 44
      vertex -15.888721466064453 3.1604623794555664 44
      vertex -14.966848373413086 6.199471473693848 44
    endloop
  endfacet
  facet normal 0 0 -1
    outer loop
      vertex -15 0 44
      vertex -16.200000762939453 0 44
      vertex -15.888721466064453 3.1604623794555664 44
    endloop
  endfacet
  facet normal -0.8819212464005153 -0.47139677040404276 0
    outer loop
      vertex -13.469807624816895 -9.000237464904785 44
      vertex -14.966848373413086 -6.199471473693848 48
      vertex -14.966848373413086 -6.199471473693848 44
    endloop
  endfacet
  facet normal -0.8819212464005153 -0.47139677040404276 0
    outer loop
      vertex -14.966848373413086 -6.199471473693848 48
      vertex -13.469807624816895 -9.000237464904785 44
      vertex -13.469807624816895 -9.000237464904785 48
    endloop
  endfacet
  facet normal -0.9569403565098176 0.2902846087598572 0
    outer loop
      vertex -15.888721466064453 3.1604623794555664 44
      vertex -14.966848373413086 6.199471473693848 48
      vertex -14.966848373413086 6.199471473693848 44
    endloop
  endfacet
  facet normal -0.9569403565098176 0.2902846087598572 0
    outer loop
      vertex -14.966848373413086 6.199471473693848 48
      vertex -15.888721466064453 3.1604623794555664 44
      vertex -15.888721466064453 3.1604623794555664 48
    endloop
  endfacet
  facet normal -0.2902846087598572 0.9569403565098176 0
    outer loop
      vertex -3.1604623794555664 15.888721466064453 44
      vertex -6.199471473693848 14.966848373413086 48
      vertex -3.1604623794555664 15.888721466064453 48
    endloop
  endfacet
  facet normal -0.2902846087598572 0.9569403565098176 0
    outer loop
      vertex -6.199471473693848 14.966848373413086 48
      vertex -3.1604623794555664 15.888721466064453 44
      vertex -6.199471473693848 14.966848373413086 44
    endloop
  endfacet
  facet normal -0.7730104420679431 -0.6343932979263913 0
    outer loop
      vertex -11.455129623413086 -11.455129623413086 44
      vertex -13.469807624816895 -9.000237464904785 48
      vertex -13.469807624816895 -9.000237464904785 44
    endloop
  endfacet
  facet normal -0.7730104420679431 -0.6343932979263913 0
    outer loop
      vertex -13.469807624816895 -9.000237464904785 48
      vertex -11.455129623413086 -11.455129623413086 44
      vertex -11.455129623413086 -11.455129623413086 48
    endloop
  endfacet
  facet normal 0.6343932979263913 0.7730104420679431 0
    outer loop
      vertex 11.455129623413086 11.455129623413086 44
      vertex 9.000237464904785 13.469807624816895 48
      vertex 11.455129623413086 11.455129623413086 48
    endloop
  endfacet
  facet normal 0.6343932979263913 0.7730104420679431 0
    outer loop
      vertex 9.000237464904785 13.469807624816895 48
      vertex 11.455129623413086 11.455129623413086 44
      vertex 9.000237464904785 13.469807624816895 44
    endloop
  endfacet
  facet normal 0.9569403565098176 -0.2902846087598572 0
    outer loop
      vertex 14.966848373413086 -6.199471473693848 48
      vertex 15.888721466064453 -3.1604623794555664 44
      vertex 15.888721466064453 -3.1604623794555664 48
    endloop
  endfacet
  facet normal 0.9569403565098176 -0.2902846087598572 0
    outer loop
      vertex 15.888721466064453 -3.1604623794555664 44
      vertex 14.966848373413086 -6.199471473693848 48
      vertex 14.966848373413086 -6.199471473693848 44
    endloop
  endfacet
  facet normal 0.2902846087598572 -0.9569403565098176 0
    outer loop
      vertex 3.1604623794555664 -15.888721466064453 44
      vertex 6.199471473693848 -14.966848373413086 48
      vertex 3.1604623794555664 -15.888721466064453 48
    endloop
  endfacet
  facet normal 0.2902846087598572 -0.9569403565098176 0
    outer loop
      vertex 6.199471473693848 -14.966848373413086 48
      vertex 3.1604623794555664 -15.888721466064453 44
      vertex 6.199471473693848 -14.966848373413086 44
    endloop
  endfacet
  facet normal -0.47139677040404276 0.8819212464005153 0
    outer loop
      vertex -6.199471473693848 14.966848373413086 44
      vertex -9.000237464904785 13.469807624816895 48
      vertex -6.199471473693848 14.966848373413086 48
    endloop
  endfacet
  facet normal -0.47139677040404276 0.8819212464005153 0
    outer loop
      vertex -9.000237464904785 13.469807624816895 48
      vertex -6.199471473693848 14.966848373413086 44
      vertex -9.000237464904785 13.469807624816895 44
    endloop
  endfacet
  facet normal -0.8819212464005153 0.47139677040404276 0
    outer loop
      vertex -14.966848373413086 6.199471473693848 44
      vertex -13.469807624816895 9.000237464904785 48
      vertex -13.469807624816895 9.000237464904785 44
    endloop
  endfacet
  facet normal -0.8819212464005153 0.47139677040404276 0
    outer loop
      vertex -13.469807624816895 9.000237464904785 48
      vertex -14.966848373413086 6.199471473693848 44
      vertex -14.966848373413086 6.199471473693848 48
    endloop
  endfacet
  facet normal 0.09801742782286979 0.9951846983565354 0
    outer loop
      vertex 3.1604623794555664 15.888721466064453 44
      vertex 0 16.200000762939453 48
      vertex 3.1604623794555664 15.888721466064453 48
    endloop
  endfacet
  facet normal 0.09801742782286979 0.9951846983565354 0
    outer loop
      vertex 0 16.200000762939453 48
      vertex 3.1604623794555664 15.888721466064453 44
      vertex 0 16.200000762939453 44
    endloop
  endfacet
  facet normal -0.9951846983565354 -0.09801742782286979 0
    outer loop
      vertex -15.888721466064453 -3.1604623794555664 44
      vertex -16.200000762939453 0 48
      vertex -16.200000762939453 0 44
    endloop
  endfacet
  facet normal -0.9951846983565354 -0.09801742782286979 0
    outer loop
      vertex -16.200000762939453 0 48
      vertex -15.888721466064453 -3.1604623794555664 44
      vertex -15.888721466064453 -3.1604623794555664 48
    endloop
  endfacet
  facet normal -0.09801742782286979 -0.9951846983565354 0
    outer loop
      vertex -3.1604623794555664 -15.888721466064453 44
      vertex 0 -16.200000762939453 48
      vertex -3.1604623794555664 -15.888721466064453 48
    endloop
  endfacet
  facet normal -0.09801742782286979 -0.9951846983565354 0
    outer loop
      vertex 0 -16.200000762939453 48
      vertex -3.1604623794555664 -15.888721466064453 44
      vertex 0 -16.200000762939453 44
    endloop
  endfacet
  facet normal -0.09801742782286979 0.9951846983565354 0
    outer loop
      vertex 0 16.200000762939453 44
      vertex -3.1604623794555664 15.888721466064453 48
      vertex 0 16.200000762939453 48
    endloop
  endfacet
  facet normal -0.09801742782286979 0.9951846983565354 0
    outer loop
      vertex -3.1604623794555664 15.888721466064453 48
      vertex 0 16.200000762939453 44
      vertex -3.1604623794555664 15.888721466064453 44
    endloop
  endfacet
  facet normal -0.6343932979263913 0.7730104420679431 0
    outer loop
      vertex -9.000237464904785 13.469807624816895 44
      vertex -11.455129623413086 11.455129623413086 48
      vertex -9.000237464904785 13.469807624816895 48
    endloop
  endfacet
  facet normal -0.6343932979263913 0.7730104420679431 0
    outer loop
      vertex -11.455129623413086 11.455129623413086 48
      vertex -9.000237464904785 13.469807624816895 44
      vertex -11.455129623413086 11.455129623413086 44
    endloop
  endfacet
  facet normal 0.6343932979263913 -0.7730104420679431 0
    outer loop
      vertex 9.000237464904785 -13.469807624816895 44
      vertex 11.455129623413086 -11.455129623413086 48
      vertex 9.000237464904785 -13.469807624816895 48
    endloop
  endfacet
  facet normal 0.6343932979263913 -0.7730104420679431 0
    outer loop
      vertex 11.455129623413086 -11.455129623413086 48
      vertex 9.000237464904785 -13.469807624816895 44
      vertex 11.455129623413086 -11.455129623413086 44
    endloop
  endfacet
  facet normal 0.47139677040404276 -0.8819212464005153 0
    outer loop
      vertex 6.199471473693848 -14.966848373413086 44
      vertex 9.000237464904785 -13.469807624816895 48
      vertex 6.199471473693848 -14.966848373413086 48
    endloop
  endfacet
  facet normal 0.47139677040404276 -0.8819212464005153 0
    outer loop
      vertex 9.000237464904785 -13.469807624816895 48
      vertex 6.199471473693848 -14.966848373413086 44
      vertex 9.000237464904785 -13.469807624816895 44
    endloop
  endfacet
  facet normal -0.7730104420679431 0.6343932979263913 0
    outer loop
      vertex -13.469807624816895 9.000237464904785 44
      vertex -11.455129623413086 11.455129623413086 48
      vertex -11.455129623413086 11.455129623413086 44
    endloop
  endfacet
  facet normal -0.7730104420679431 0.6343932979263913 0
    outer loop
      vertex -11.455129623413086 11.455129623413086 48
      vertex -13.469807624816895 9.000237464904785 44
      vertex -13.469807624816895 9.000237464904785 48
    endloop
  endfacet
  facet normal -0.9951846983565354 0.09801742782286979 0
    outer loop
      vertex -16.200000762939453 0 44
      vertex -15.888721466064453 3.1604623794555664 48
      vertex -15.888721466064453 3.1604623794555664 44
    endloop
  endfacet
  facet normal -0.9951846983565354 0.09801742782286979 0
    outer loop
      vertex -15.888721466064453 3.1604623794555664 48
      vertex -16.200000762939453 0 44
      vertex -16.200000762939453 0 48
    endloop
  endfacet
  facet normal -0.9569403565098176 -0.2902846087598572 0
    outer loop
      vertex -14.966848373413086 -6.199471473693848 44
      vertex -15.888721466064453 -3.1604623794555664 48
      vertex -15.888721466064453 -3.1604623794555664 44
    endloop
  endfacet
  facet normal -0.9569403565098176 -0.2902846087598572 0
    outer loop
      vertex -15.888721466064453 -3.1604623794555664 48
      vertex -14.966848373413086 -6.199471473693848 44
      vertex -14.966848373413086 -6.199471473693848 48
    endloop
  endfacet
  facet normal -0.47139677040404276 -0.8819212464005153 0
    outer loop
      vertex -9.000237464904785 -13.469807624816895 44
      vertex -6.199471473693848 -14.966848373413086 48
      vertex -9.000237464904785 -13.469807624816895 48
    endloop
  endfacet
  facet normal -0.47139677040404276 -0.8819212464005153 0
    outer loop
      vertex -6.199471473693848 -14.966848373413086 48
      vertex -9.000237464904785 -13.469807624816895 44
      vertex -6.199471473693848 -14.966848373413086 44
    endloop
  endfacet
  facet normal 0.09801742782286979 -0.9951846983565354 0
    outer loop
      vertex 0 -16.200000762939453 44
      vertex 3.1604623794555664 -15.888721466064453 48
      vertex 0 -16.200000762939453 48
    endloop
  endfacet
  facet normal 0.09801742782286979 -0.9951846983565354 0
    outer loop
      vertex 3.1604623794555664 -15.888721466064453 48
      vertex 0 -16.200000762939453 44
      vertex 3.1604623794555664 -15.888721466064453 44
    endloop
  endfacet
  facet normal 0 0 1
    outer loop
      vertex 15 0 48
      vertex 16.200000762939453 0 48
      vertex 15.888721466064453 3.1604623794555664 48
    endloop
  endfacet
  facet normal 0 0 1
    outer loop
      vertex 16.200000762939453 0 48
      vertex 15 0 48
      vertex 15.888721466064453 -3.1604623794555664 48
    endloop
  endfacet
  facet normal 0 0 1
    outer loop
      vertex 14.71177864074707 2.92635440826416 48
      vertex 15.888721466064453 3.1604623794555664 48
      vertex 14.966848373413086 6.199471473693848 48
    endloop
  endfacet
  facet normal 0 0 1
    outer loop
      vertex 15.888721466064453 3.1604623794555664 48
      vertex 14.71177864074707 2.92635440826416 48
      vertex 15 0 48
    endloop
  endfacet
  facet normal 0 0 1
    outer loop
      vertex 14.966848373413086 6.199471473693848 48
      vertex 13.858192443847656 5.740250587463379 48
      vertex 14.71177864074707 2.92635440826416 48
    endloop
  endfacet
  facet normal 0 0 1
    outer loop
      vertex 13.469807624816895 9.000237464904785 48
      vertex 13.858192443847656 5.740250587463379 48
      vertex 14.966848373413086 6.199471473693848 48
    endloop
  endfacet
  facet normal 0 0 1
    outer loop
      vertex 13.469807624816895 9.000237464904785 48
      vertex 12.472043991088867 8.333553314208984 48
      vertex 13.858192443847656 5.740250587463379 48
    endloop
  endfacet
  facet normal 0 0 1
    outer loop
      vertex 11.455129623413086 11.455129623413086 48
      vertex 12.472043991088867 8.333553314208984 48
      vertex 13.469807624816895 9.000237464904785 48
    endloop
  endfacet
  facet normal 0 0 1
    outer loop
      vertex 11.455129623413086 11.455129623413086 48
      vertex 10.60660171508789 10.60660171508789 48
      vertex 12.472043991088867 8.333553314208984 48
    endloop
  endfacet
  facet normal 0 0 1
    outer loop
      vertex 9.000237464904785 13.469807624816895 48
      vertex 10.60660171508789 10.60660171508789 48
      vertex 11.455129623413086 11.455129623413086 48
    endloop
  endfacet
  facet normal 0 0 1
    outer loop
      vertex 9.000237464904785 13.469807624816895 48
      vertex 8.333553314208984 12.472043991088867 48
      vertex 10.60660171508789 10.60660171508789 48
    endloop
  endfacet
  facet normal 0 0 1
    outer loop
      vertex 6.199471473693848 14.966848373413086 48
      vertex 8.333553314208984 12.472043991088867 48
      vertex 9.000237464904785 13.469807624816895 48
    endloop
  endfacet
  facet normal 0 0 1
    outer loop
      vertex 6.199471473693848 14.966848373413086 48
      vertex 5.740250587463379 13.858192443847656 48
      vertex 8.333553314208984 12.472043991088867 48
    endloop
  endfacet
  facet normal 0 0 1
    outer loop
      vertex 3.1604623794555664 15.888721466064453 48
      vertex 5.740250587463379 13.858192443847656 48
      vertex 6.199471473693848 14.966848373413086 48
    endloop
  endfacet
  facet normal 0 0 1
    outer loop
      vertex 3.1604623794555664 15.888721466064453 48
      vertex 2.92635440826416 14.71177864074707 48
      vertex 5.740250587463379 13.858192443847656 48
    endloop
  endfacet
  facet normal 0 0 1
    outer loop
      vertex 0 16.200000762939453 48
      vertex 2.92635440826416 14.71177864074707 48
      vertex 3.1604623794555664 15.888721466064453 48
    endloop
  endfacet
  facet normal 0 0 1
    outer loop
      vertex 0 16.200000762939453 48
      vertex 0 15 48
      vertex 2.92635440826416 14.71177864074707 48
    endloop
  endfacet
  facet normal 0 0 1
    outer loop
      vertex 0 16.200000762939453 48
      vertex -2.92635440826416 14.71177864074707 48
      vertex 0 15 48
    endloop
  endfacet
  facet normal 0 0 1
    outer loop
      vertex -3.1604623794555664 15.888721466064453 48
      vertex -2.92635440826416 14.71177864074707 48
      vertex 0 16.200000762939453 48
    endloop
  endfacet
  facet normal 0 0 1
    outer loop
      vertex -3.1604623794555664 15.888721466064453 48
      vertex -5.740250587463379 13.858192443847656 48
      vertex -2.92635440826416 14.71177864074707 48
    endloop
  endfacet
  facet normal 0 0 1
    outer loop
      vertex -6.199471473693848 14.966848373413086 48
      vertex -5.740250587463379 13.858192443847656 48
      vertex -3.1604623794555664 15.888721466064453 48
    endloop
  endfacet
  facet normal 0 0 1
    outer loop
      vertex -6.199471473693848 14.966848373413086 48
      vertex -8.333553314208984 12.472043991088867 48
      vertex -5.740250587463379 13.858192443847656 48
    endloop
  endfacet
  facet normal 0 0 1
    outer loop
      vertex -9.000237464904785 13.469807624816895 48
      vertex -8.333553314208984 12.472043991088867 48
      vertex -6.199471473693848 14.966848373413086 48
    endloop
  endfacet
  facet normal 0 0 1
    outer loop
      vertex -9.000237464904785 13.469807624816895 48
      vertex -10.60660171508789 10.60660171508789 48
      vertex -8.333553314208984 12.472043991088867 48
    endloop
  endfacet
  facet normal 0 0 1
    outer loop
      vertex -11.455129623413086 11.455129623413086 48
      vertex -10.60660171508789 10.60660171508789 48
      vertex -9.000237464904785 13.469807624816895 48
    endloop
  endfacet
  facet normal 0 0 1
    outer loop
      vertex -11.455129623413086 11.455129623413086 48
      vertex -12.472043991088867 8.333553314208984 48
      vertex -10.60660171508789 10.60660171508789 48
    endloop
  endfacet
  facet normal 0 0 1
    outer loop
      vertex -13.469807624816895 9.000237464904785 48
      vertex -12.472043991088867 8.333553314208984 48
      vertex -11.455129623413086 11.455129623413086 48
    endloop
  endfacet
  facet normal 0 0 1
    outer loop
      vertex -13.469807624816895 9.000237464904785 48
      vertex -13.858192443847656 5.740250587463379 48
      vertex -12.472043991088867 8.333553314208984 48
    endloop
  endfacet
  facet normal 0 0 1
    outer loop
      vertex -14.966848373413086 6.199471473693848 48
      vertex -13.858192443847656 5.740250587463379 48
      vertex -13.469807624816895 9.000237464904785 48
    endloop
  endfacet
  facet normal 0 0 1
    outer loop
      vertex -13.858192443847656 5.740250587463379 48
      vertex -14.966848373413086 6.199471473693848 48
      vertex -14.71177864074707 2.92635440826416 48
    endloop
  endfacet
  facet normal 0 0 1
    outer loop
      vertex -15.888721466064453 3.1604623794555664 48
      vertex -14.71177864074707 2.92635440826416 48
      vertex -14.966848373413086 6.199471473693848 48
    endloop
  endfacet
  facet normal 0 0 1
    outer loop
      vertex -14.71177864074707 2.92635440826416 48
      vertex -15.888721466064453 3.1604623794555664 48
      vertex -15 0 48
    endloop
  endfacet
  facet normal 0 0 1
    outer loop
      vertex 14.71177864074707 -2.92635440826416 48
      vertex 15.888721466064453 -3.1604623794555664 48
      vertex 15 0 48
    endloop
  endfacet
  facet normal 0 0 1
    outer loop
      vertex 15.888721466064453 -3.1604623794555664 48
      vertex 14.71177864074707 -2.92635440826416 48
      vertex 14.966848373413086 -6.199471473693848 48
    endloop
  endfacet
  facet normal 0 0 1
    outer loop
      vertex 13.858192443847656 -5.740250587463379 48
      vertex 14.966848373413086 -6.199471473693848 48
      vertex 14.71177864074707 -2.92635440826416 48
    endloop
  endfacet
  facet normal 0 0 1
    outer loop
      vertex 13.858192443847656 -5.740250587463379 48
      vertex 13.469807624816895 -9.000237464904785 48
      vertex 14.966848373413086 -6.199471473693848 48
    endloop
  endfacet
  facet normal 0 0 1
    outer loop
      vertex 12.472043991088867 -8.333553314208984 48
      vertex 13.469807624816895 -9.000237464904785 48
      vertex 13.858192443847656 -5.740250587463379 48
    endloop
  endfacet
  facet normal 0 0 1
    outer loop
      vertex 12.472043991088867 -8.333553314208984 48
      vertex 11.455129623413086 -11.455129623413086 48
      vertex 13.469807624816895 -9.000237464904785 48
    endloop
  endfacet
  facet normal 0 0 1
    outer loop
      vertex 10.60660171508789 -10.60660171508789 48
      vertex 11.455129623413086 -11.455129623413086 48
      vertex 12.472043991088867 -8.333553314208984 48
    endloop
  endfacet
  facet normal 0 0 1
    outer loop
      vertex 10.60660171508789 -10.60660171508789 48
      vertex 9.000237464904785 -13.469807624816895 48
      vertex 11.455129623413086 -11.455129623413086 48
    endloop
  endfacet
  facet normal 0 0 1
    outer loop
      vertex 8.333553314208984 -12.472043991088867 48
      vertex 9.000237464904785 -13.469807624816895 48
      vertex 10.60660171508789 -10.60660171508789 48
    endloop
  endfacet
  facet normal 0 0 1
    outer loop
      vertex 8.333553314208984 -12.472043991088867 48
      vertex 6.199471473693848 -14.966848373413086 48
      vertex 9.000237464904785 -13.469807624816895 48
    endloop
  endfacet
  facet normal 0 0 1
    outer loop
      vertex 5.740250587463379 -13.858192443847656 48
      vertex 6.199471473693848 -14.966848373413086 48
      vertex 8.333553314208984 -12.472043991088867 48
    endloop
  endfacet
  facet normal 0 0 1
    outer loop
      vertex 5.740250587463379 -13.858192443847656 48
      vertex 3.1604623794555664 -15.888721466064453 48
      vertex 6.199471473693848 -14.966848373413086 48
    endloop
  endfacet
  facet normal 0 0 1
    outer loop
      vertex 2.92635440826416 -14.71177864074707 48
      vertex 3.1604623794555664 -15.888721466064453 48
      vertex 5.740250587463379 -13.858192443847656 48
    endloop
  endfacet
  facet normal 0 0 1
    outer loop
      vertex 0 -15 48
      vertex 3.1604623794555664 -15.888721466064453 48
      vertex 2.92635440826416 -14.71177864074707 48
    endloop
  endfacet
  facet normal 0 0 1
    outer loop
      vertex 0 -15 48
      vertex 0 -16.200000762939453 48
      vertex 3.1604623794555664 -15.888721466064453 48
    endloop
  endfacet
  facet normal 0 0 1
    outer loop
      vertex -2.92635440826416 -14.71177864074707 48
      vertex 0 -16.200000762939453 48
      vertex 0 -15 48
    endloop
  endfacet
  facet normal 0 0 1
    outer loop
      vertex -2.92635440826416 -14.71177864074707 48
      vertex -3.1604623794555664 -15.888721466064453 48
      vertex 0 -16.200000762939453 48
    endloop
  endfacet
  facet normal 0 0 1
    outer loop
      vertex -5.740250587463379 -13.858192443847656 48
      vertex -3.1604623794555664 -15.888721466064453 48
      vertex -2.92635440826416 -14.71177864074707 48
    endloop
  endfacet
  facet normal 0 0 1
    outer loop
      vertex -5.740250587463379 -13.858192443847656 48
      vertex -6.199471473693848 -14.966848373413086 48
      vertex -3.1604623794555664 -15.888721466064453 48
    endloop
  endfacet
  facet normal 0 0 1
    outer loop
      vertex -8.333553314208984 -12.472043991088867 48
      vertex -6.199471473693848 -14.966848373413086 48
      vertex -5.740250587463379 -13.858192443847656 48
    endloop
  endfacet
  facet normal 0 0 1
    outer loop
      vertex -8.333553314208984 -12.472043991088867 48
      vertex -9.000237464904785 -13.469807624816895 48
      vertex -6.199471473693848 -14.966848373413086 48
    endloop
  endfacet
  facet normal 0 0 1
    outer loop
      vertex -10.60660171508789 -10.60660171508789 48
      vertex -9.000237464904785 -13.469807624816895 48
      vertex -8.333553314208984 -12.472043991088867 48
    endloop
  endfacet
  facet normal 0 0 1
    outer loop
      vertex -10.60660171508789 -10.60660171508789 48
      vertex -11.455129623413086 -11.455129623413086 48
      vertex -9.000237464904785 -13.469807624816895 48
    endloop
  endfacet
  facet normal 0 0 1
    outer loop
      vertex -12.472043991088867 -8.333553314208984 48
      vertex -11.455129623413086 -11.455129623413086 48
      vertex -10.60660171508789 -10.60660171508789 48
    endloop
  endfacet
  facet normal 0 0 1
    outer loop
      vertex -12.472043991088867 -8.333553314208984 48
      vertex -13.469807624816895 -9.000237464904785 48
      vertex -11.455129623413086 -11.455129623413086 48
    endloop
  endfacet
  facet normal 0 0 1
    outer loop
      vertex -13.858192443847656 -5.740250587463379 48
      vertex -13.469807624816895 -9.000237464904785 48
      vertex -12.472043991088867 -8.333553314208984 48
    endloop
  endfacet
  facet normal 0 0 1
    outer loop
      vertex -14.966848373413086 -6.199471473693848 48
      vertex -13.858192443847656 -5.740250587463379 48
      vertex -14.71177864074707 -2.92635440826416 48
    endloop
  endfacet
  facet normal 0 0 1
    outer loop
      vertex -13.858192443847656 -5.740250587463379 48
      vertex -14.966848373413086 -6.199471473693848 48
      vertex -13.469807624816895 -9.000237464904785 48
    endloop
  endfacet
  facet normal 0 0 1
    outer loop
      vertex -15.888721466064453 -3.1604623794555664 48
      vertex -14.71177864074707 -2.92635440826416 48
      vertex -15 0 48
    endloop
  endfacet
  facet normal 0 0 1
    outer loop
      vertex -16.200000762939453 0 48
      vertex -15 0 48
      vertex -15.888721466064453 3.1604623794555664 48
    endloop
  endfacet
  facet normal 0 0 1
    outer loop
      vertex -14.71177864074707 -2.92635440826416 48
      vertex -15.888721466064453 -3.1604623794555664 48
      vertex -14.966848373413086 -6.199471473693848 48
    endloop
  endfacet
  facet normal 0 0 1
    outer loop
      vertex -15 0 48
      vertex -16.200000762939453 0 48
      vertex -15.888721466064453 -3.1604623794555664 48
    endloop
  endfacet
  facet normal 0 -0.6343938418177705 0.7730099957074874
    outer loop
      vertex 14.781124114990234 -2.222280502319336 61.32587814331055
      vertex 18 -2.8284263610839844 60.828426361083984
      vertex 18 -2.222280502319336 61.32587814331055
    endloop
  endfacet
  facet normal 0 -0.6343938418177706 0.7730099957074874
    outer loop
      vertex 18 -2.8284263610839844 60.828426361083984
      vertex 14.781124114990234 -2.222280502319336 61.32587814331055
      vertex 14.721424102783203 -2.8284263610839844 60.828426361083984
    endloop
  endfacet
  facet normal 0 0.09801670231362046 -0.9951847698129043
    outer loop
      vertex 15 0 54
      vertex 18 0.7803611755371094 54.07685852050781
      vertex 18 0 54
    endloop
  endfacet
  facet normal 0 0.09801670231362045 -0.9951847698129042
    outer loop
      vertex 18 0.7803611755371094 54.07685852050781
      vertex 15 0 54
      vertex 14.923140525817871 0.7803611755371094 54.07685852050781
    endloop
  endfacet
  facet normal 0 -0.8819214691868353 -0.47139635359995513
    outer loop
      vertex 14.590584754943848 -3.325878143310547 55.77771759033203
      vertex 18 -3.6955175399780273 56.46926498413086
      vertex 14.478455543518066 -3.6955175399780273 56.46926498413086
    endloop
  endfacet
  facet normal 0 -0.8819214691868353 -0.47139635359995513
    outer loop
      vertex 18 -3.6955175399780273 56.46926498413086
      vertex 14.590584754943848 -3.325878143310547 55.77771759033203
      vertex 18 -3.325878143310547 55.77771759033203
    endloop
  endfacet
  facet normal 0 0.09801670231362046 0.9951847698129043
    outer loop
      vertex 18 0.7803611755371094 61.92314147949219
      vertex 15 0 62
      vertex 18 0 62
    endloop
  endfacet
  facet normal 0 0.09801670231362045 0.9951847698129042
    outer loop
      vertex 15 0 62
      vertex 18 0.7803611755371094 61.92314147949219
      vertex 14.923140525817871 0.7803611755371094 61.92314147949219
    endloop
  endfacet
  facet normal 0 0.47139729954849113 -0.881920963566685
    outer loop
      vertex 14.849235534667969 1.5307331085205078 54.304481506347656
      vertex 18 2.222280502319336 54.67412185668945
      vertex 18 1.5307331085205078 54.304481506347656
    endloop
  endfacet
  facet normal 0 0.47139729954849113 -0.881920963566685
    outer loop
      vertex 18 2.222280502319336 54.67412185668945
      vertex 14.849235534667969 1.5307331085205078 54.304481506347656
      vertex 14.781124114990234 2.222280502319336 54.67412185668945
    endloop
  endfacet
  facet normal 0 -0.9951846511774279 -0.09801790683778719
    outer loop
      vertex 14.409406661987305 -3.923140525817871 57.21963882446289
      vertex 18 -4 58
      vertex 14.386092185974121 -4 58
    endloop
  endfacet
  facet normal 0 -0.9951846511774279 -0.09801790683778719
    outer loop
      vertex 18 -4 58
      vertex 14.409406661987305 -3.923140525817871 57.21963882446289
      vertex 18 -3.923140525817871 57.21963882446289
    endloop
  endfacet
  facet normal 0 0.9569400781569364 0.2902855263649851
    outer loop
      vertex 18 3.923140525817871 58.78036117553711
      vertex 14.478455543518066 3.6955175399780273 59.530731201171875
      vertex 18 3.6955175399780273 59.530731201171875
    endloop
  endfacet
  facet normal 0 0.9569400781569363 0.29028552636498506
    outer loop
      vertex 14.478455543518066 3.6955175399780273 59.530731201171875
      vertex 18 3.923140525817871 58.78036117553711
      vertex 14.409406661987305 3.923140525817871 58.78036117553711
    endloop
  endfacet
  facet normal 0 -0.8819225502166871 0.4713943311276613
    outer loop
      vertex 18 -3.6955175399780273 59.530731201171875
      vertex 14.590584754943848 -3.325878143310547 60.22228240966797
      vertex 14.478455543518066 -3.6955175399780273 59.530731201171875
    endloop
  endfacet
  facet normal 0 -0.881922550216687 0.47139433112766127
    outer loop
      vertex 14.590584754943848 -3.325878143310547 60.22228240966797
      vertex 18 -3.6955175399780273 59.530731201171875
      vertex 18 -3.325878143310547 60.22228240966797
    endloop
  endfacet
  facet normal 0 -0.9569400781569363 0.29028552636498506
    outer loop
      vertex 18 -3.923140525817871 58.78036117553711
      vertex 14.478455543518066 -3.6955175399780273 59.530731201171875
      vertex 14.409406661987305 -3.923140525817871 58.78036117553711
    endloop
  endfacet
  facet normal 0 -0.9569400781569364 0.2902855263649851
    outer loop
      vertex 14.478455543518066 -3.6955175399780273 59.530731201171875
      vertex 18 -3.923140525817871 58.78036117553711
      vertex 18 -3.6955175399780273 59.530731201171875
    endloop
  endfacet
  facet normal 0 -0.9951846511774279 0.09801790683778719
    outer loop
      vertex 18 -4 58
      vertex 14.409406661987305 -3.923140525817871 58.78036117553711
      vertex 14.386092185974121 -4 58
    endloop
  endfacet
  facet normal 0 -0.9951846511774279 0.09801790683778719
    outer loop
      vertex 14.409406661987305 -3.923140525817871 58.78036117553711
      vertex 18 -4 58
      vertex 18 -3.923140525817871 58.78036117553711
    endloop
  endfacet
  facet normal 0 -0.47139729954849113 0.881920963566685
    outer loop
      vertex 14.849235534667969 -1.5307331085205078 61.695518493652344
      vertex 18 -2.222280502319336 61.32587814331055
      vertex 18 -1.5307331085205078 61.695518493652344
    endloop
  endfacet
  facet normal 0 -0.47139729954849113 0.881920963566685
    outer loop
      vertex 18 -2.222280502319336 61.32587814331055
      vertex 14.849235534667969 -1.5307331085205078 61.695518493652344
      vertex 14.781124114990234 -2.222280502319336 61.32587814331055
    endloop
  endfacet
  facet normal 0 0.6343938418177705 -0.7730099957074874
    outer loop
      vertex 14.781124114990234 2.222280502319336 54.67412185668945
      vertex 18 2.8284263610839844 55.171573638916016
      vertex 18 2.222280502319336 54.67412185668945
    endloop
  endfacet
  facet normal 0 0.6343938418177706 -0.7730099957074874
    outer loop
      vertex 18 2.8284263610839844 55.171573638916016
      vertex 14.781124114990234 2.222280502319336 54.67412185668945
      vertex 14.721424102783203 2.8284263610839844 55.171573638916016
    endloop
  endfacet
  facet normal 0 0.9951846511774279 -0.09801790683778719
    outer loop
      vertex 14.409406661987305 3.923140525817871 57.21963882446289
      vertex 18 4 58
      vertex 18 3.923140525817871 57.21963882446289
    endloop
  endfacet
  facet normal 0 0.9951846511774279 -0.09801790683778719
    outer loop
      vertex 18 4 58
      vertex 14.409406661987305 3.923140525817871 57.21963882446289
      vertex 14.386092185974121 4 58
    endloop
  endfacet
  facet normal 0 -0.773005394672536 0.6343994481453753
    outer loop
      vertex 14.71177864074707 -2.92635440826416 60.709102630615234
      vertex 18 -2.8284263610839844 60.828426361083984
      vertex 14.721424102783203 -2.8284263610839844 60.828426361083984
    endloop
  endfacet
  facet normal 0 -0.7730099045716212 0.6343939528669649
    outer loop
      vertex 18 -3.325878143310547 60.22228240966797
      vertex 14.71177864074707 -2.92635440826416 60.709102630615234
      vertex 14.590584754943848 -3.325878143310547 60.22228240966797
    endloop
  endfacet
  facet normal 2.680288201816724e-7 -0.7730090167649408 0.6343950346590266
    outer loop
      vertex 14.71177864074707 -2.92635440826416 60.709102630615234
      vertex 18 -3.325878143310547 60.22228240966797
      vertex 18 -2.8284263610839844 60.828426361083984
    endloop
  endfacet
  facet normal 0 0.9951846511774279 0.09801790683778719
    outer loop
      vertex 18 4 58
      vertex 14.409406661987305 3.923140525817871 58.78036117553711
      vertex 18 3.923140525817871 58.78036117553711
    endloop
  endfacet
  facet normal 0 0.9951846511774279 0.09801790683778719
    outer loop
      vertex 14.409406661987305 3.923140525817871 58.78036117553711
      vertex 18 4 58
      vertex 14.386092185974121 4 58
    endloop
  endfacet
  facet normal 0 -0.9569404880938971 -0.29028417498481407
    outer loop
      vertex 14.478455543518066 -3.6955175399780273 56.46926498413086
      vertex 18 -3.923140525817871 57.21963882446289
      vertex 14.409406661987305 -3.923140525817871 57.21963882446289
    endloop
  endfacet
  facet normal 0 -0.956940488093897 -0.29028417498481407
    outer loop
      vertex 18 -3.923140525817871 57.21963882446289
      vertex 14.478455543518066 -3.6955175399780273 56.46926498413086
      vertex 18 -3.6955175399780273 56.46926498413086
    endloop
  endfacet
  facet normal 0 0.7730099045716212 -0.6343939528669649
    outer loop
      vertex 18 3.325878143310547 55.77771759033203
      vertex 14.71177864074707 2.92635440826416 55.290897369384766
      vertex 14.590584754943848 3.325878143310547 55.77771759033203
    endloop
  endfacet
  facet normal 2.680288201816724e-7 0.7730090167649408 -0.6343950346590266
    outer loop
      vertex 18 2.8284263610839844 55.171573638916016
      vertex 14.71177864074707 2.92635440826416 55.290897369384766
      vertex 18 3.325878143310547 55.77771759033203
    endloop
  endfacet
  facet normal 0 0.773005394672536 -0.6343994481453753
    outer loop
      vertex 14.71177864074707 2.92635440826416 55.290897369384766
      vertex 18 2.8284263610839844 55.171573638916016
      vertex 14.721424102783203 2.8284263610839844 55.171573638916016
    endloop
  endfacet
  facet normal 0 0.8819214691868353 -0.47139635359995513
    outer loop
      vertex 14.590584754943848 3.325878143310547 55.77771759033203
      vertex 18 3.6955175399780273 56.46926498413086
      vertex 18 3.325878143310547 55.77771759033203
    endloop
  endfacet
  facet normal 0 0.8819214691868353 -0.47139635359995513
    outer loop
      vertex 18 3.6955175399780273 56.46926498413086
      vertex 14.590584754943848 3.325878143310547 55.77771759033203
      vertex 14.478455543518066 3.6955175399780273 56.46926498413086
    endloop
  endfacet
  facet normal 0 -0.6343938418177705 -0.7730099957074874
    outer loop
      vertex 18 -2.8284263610839844 55.171573638916016
      vertex 14.781124114990234 -2.222280502319336 54.67412185668945
      vertex 18 -2.222280502319336 54.67412185668945
    endloop
  endfacet
  facet normal 0 -0.6343938418177706 -0.7730099957074874
    outer loop
      vertex 14.781124114990234 -2.222280502319336 54.67412185668945
      vertex 18 -2.8284263610839844 55.171573638916016
      vertex 14.721424102783203 -2.8284263610839844 55.171573638916016
    endloop
  endfacet
  facet normal 0 -0.29028485067339915 -0.9569402831261324
    outer loop
      vertex 18 -1.5307331085205078 54.304481506347656
      vertex 14.923140525817871 -0.7803611755371094 54.07685852050781
      vertex 18 -0.7803611755371094 54.07685852050781
    endloop
  endfacet
  facet normal 0 -0.29028485067339915 -0.9569402831261324
    outer loop
      vertex 14.923140525817871 -0.7803611755371094 54.07685852050781
      vertex 18 -1.5307331085205078 54.304481506347656
      vertex 14.849235534667969 -1.5307331085205078 54.304481506347656
    endloop
  endfacet
  facet normal 0 -0.47139729954849113 -0.881920963566685
    outer loop
      vertex 18 -2.222280502319336 54.67412185668945
      vertex 14.849235534667969 -1.5307331085205078 54.304481506347656
      vertex 18 -1.5307331085205078 54.304481506347656
    endloop
  endfacet
  facet normal 0 -0.47139729954849113 -0.881920963566685
    outer loop
      vertex 14.849235534667969 -1.5307331085205078 54.304481506347656
      vertex 18 -2.222280502319336 54.67412185668945
      vertex 14.781124114990234 -2.222280502319336 54.67412185668945
    endloop
  endfacet
  facet normal 0 0.956940488093897 -0.29028417498481407
    outer loop
      vertex 14.478455543518066 3.6955175399780273 56.46926498413086
      vertex 18 3.923140525817871 57.21963882446289
      vertex 18 3.6955175399780273 56.46926498413086
    endloop
  endfacet
  facet normal 0 0.9569404880938971 -0.29028417498481407
    outer loop
      vertex 18 3.923140525817871 57.21963882446289
      vertex 14.478455543518066 3.6955175399780273 56.46926498413086
      vertex 14.409406661987305 3.923140525817871 57.21963882446289
    endloop
  endfacet
  facet normal 0 -0.09801670231362046 -0.9951847698129043
    outer loop
      vertex 18 -0.7803611755371094 54.07685852050781
      vertex 15 0 54
      vertex 18 0 54
    endloop
  endfacet
  facet normal 0 -0.09801670231362045 -0.9951847698129042
    outer loop
      vertex 15 0 54
      vertex 18 -0.7803611755371094 54.07685852050781
      vertex 14.923140525817871 -0.7803611755371094 54.07685852050781
    endloop
  endfacet
  facet normal 0 0.773005394672536 0.6343994481453753
    outer loop
      vertex 18 2.8284263610839844 60.828426361083984
      vertex 14.71177864074707 2.92635440826416 60.709102630615234
      vertex 14.721424102783203 2.8284263610839844 60.828426361083984
    endloop
  endfacet
  facet normal 2.680288201816724e-7 0.7730090167649408 0.6343950346590266
    outer loop
      vertex 18 3.325878143310547 60.22228240966797
      vertex 14.71177864074707 2.92635440826416 60.709102630615234
      vertex 18 2.8284263610839844 60.828426361083984
    endloop
  endfacet
  facet normal 0 0.7730099045716212 0.6343939528669649
    outer loop
      vertex 14.71177864074707 2.92635440826416 60.709102630615234
      vertex 18 3.325878143310547 60.22228240966797
      vertex 14.590584754943848 3.325878143310547 60.22228240966797
    endloop
  endfacet
  facet normal 0 0.6343938418177705 0.7730099957074874
    outer loop
      vertex 18 2.8284263610839844 60.828426361083984
      vertex 14.781124114990234 2.222280502319336 61.32587814331055
      vertex 18 2.222280502319336 61.32587814331055
    endloop
  endfacet
  facet normal 0 0.6343938418177706 0.7730099957074874
    outer loop
      vertex 14.781124114990234 2.222280502319336 61.32587814331055
      vertex 18 2.8284263610839844 60.828426361083984
      vertex 14.721424102783203 2.8284263610839844 60.828426361083984
    endloop
  endfacet
  facet normal 0 0.29028485067339915 0.9569402831261324
    outer loop
      vertex 18 1.5307331085205078 61.695518493652344
      vertex 14.923140525817871 0.7803611755371094 61.92314147949219
      vertex 18 0.7803611755371094 61.92314147949219
    endloop
  endfacet
  facet normal 0 0.29028485067339915 0.9569402831261324
    outer loop
      vertex 14.923140525817871 0.7803611755371094 61.92314147949219
      vertex 18 1.5307331085205078 61.695518493652344
      vertex 14.849235534667969 1.5307331085205078 61.695518493652344
    endloop
  endfacet
  facet normal 0 -0.29028485067339915 0.9569402831261324
    outer loop
      vertex 14.923140525817871 -0.7803611755371094 61.92314147949219
      vertex 18 -1.5307331085205078 61.695518493652344
      vertex 18 -0.7803611755371094 61.92314147949219
    endloop
  endfacet
  facet normal 0 -0.29028485067339915 0.9569402831261324
    outer loop
      vertex 18 -1.5307331085205078 61.695518493652344
      vertex 14.923140525817871 -0.7803611755371094 61.92314147949219
      vertex 14.849235534667969 -1.5307331085205078 61.695518493652344
    endloop
  endfacet
  facet normal 0 -0.09801670231362046 0.9951847698129043
    outer loop
      vertex 15 0 62
      vertex 18 -0.7803611755371094 61.92314147949219
      vertex 18 0 62
    endloop
  endfacet
  facet normal 0 -0.09801670231362045 0.9951847698129042
    outer loop
      vertex 18 -0.7803611755371094 61.92314147949219
      vertex 15 0 62
      vertex 14.923140525817871 -0.7803611755371094 61.92314147949219
    endloop
  endfacet
  facet normal 0 0.29028485067339915 -0.9569402831261324
    outer loop
      vertex 14.923140525817871 0.7803611755371094 54.07685852050781
      vertex 18 1.5307331085205078 54.304481506347656
      vertex 18 0.7803611755371094 54.07685852050781
    endloop
  endfacet
  facet normal 0 0.29028485067339915 -0.9569402831261324
    outer loop
      vertex 18 1.5307331085205078 54.304481506347656
      vertex 14.923140525817871 0.7803611755371094 54.07685852050781
      vertex 14.849235534667969 1.5307331085205078 54.304481506347656
    endloop
  endfacet
  facet normal 0 0.47139729954849113 0.881920963566685
    outer loop
      vertex 18 2.222280502319336 61.32587814331055
      vertex 14.849235534667969 1.5307331085205078 61.695518493652344
      vertex 18 1.5307331085205078 61.695518493652344
    endloop
  endfacet
  facet normal 0 0.47139729954849113 0.881920963566685
    outer loop
      vertex 14.849235534667969 1.5307331085205078 61.695518493652344
      vertex 18 2.222280502319336 61.32587814331055
      vertex 14.781124114990234 2.222280502319336 61.32587814331055
    endloop
  endfacet
  facet normal 0 -0.7730099045716212 -0.6343939528669649
    outer loop
      vertex 14.71177864074707 -2.92635440826416 55.290897369384766
      vertex 18 -3.325878143310547 55.77771759033203
      vertex 14.590584754943848 -3.325878143310547 55.77771759033203
    endloop
  endfacet
  facet normal 0 -0.773005394672536 -0.6343994481453753
    outer loop
      vertex 18 -2.8284263610839844 55.171573638916016
      vertex 14.71177864074707 -2.92635440826416 55.290897369384766
      vertex 14.721424102783203 -2.8284263610839844 55.171573638916016
    endloop
  endfacet
  facet normal 2.680288201816724e-7 -0.7730090167649408 -0.6343950346590266
    outer loop
      vertex 14.71177864074707 -2.92635440826416 55.290897369384766
      vertex 18 -2.8284263610839844 55.171573638916016
      vertex 18 -3.325878143310547 55.77771759033203
    endloop
  endfacet
  facet normal 1 0 0
    outer loop
      vertex 18 3.923140525817871 58.78036117553711
      vertex 18 3.923140525817871 57.21963882446289
      vertex 18 4 58
    endloop
  endfacet
  facet normal 1 0 0
    outer loop
      vertex 18 3.6955175399780273 59.530731201171875
      vertex 18 3.923140525817871 57.21963882446289
      vertex 18 3.923140525817871 58.78036117553711
    endloop
  endfacet
  facet normal 1 0 0
    outer loop
      vertex 18 3.6955175399780273 59.530731201171875
      vertex 18 3.6955175399780273 56.46926498413086
      vertex 18 3.923140525817871 57.21963882446289
    endloop
  endfacet
  facet normal 1 0 0
    outer loop
      vertex 18 3.325878143310547 60.22228240966797
      vertex 18 3.6955175399780273 56.46926498413086
      vertex 18 3.6955175399780273 59.530731201171875
    endloop
  endfacet
  facet normal 1 0 0
    outer loop
      vertex 18 3.325878143310547 60.22228240966797
      vertex 18 3.325878143310547 55.77771759033203
      vertex 18 3.6955175399780273 56.46926498413086
    endloop
  endfacet
  facet normal 1 0 0
    outer loop
      vertex 18 2.8284263610839844 60.828426361083984
      vertex 18 3.325878143310547 55.77771759033203
      vertex 18 3.325878143310547 60.22228240966797
    endloop
  endfacet
  facet normal 1 0 0
    outer loop
      vertex 18 2.8284263610839844 60.828426361083984
      vertex 18 2.8284263610839844 55.171573638916016
      vertex 18 3.325878143310547 55.77771759033203
    endloop
  endfacet
  facet normal 1 0 0
    outer loop
      vertex 18 2.222280502319336 61.32587814331055
      vertex 18 2.8284263610839844 55.171573638916016
      vertex 18 2.8284263610839844 60.828426361083984
    endloop
  endfacet
  facet normal 1 0 0
    outer loop
      vertex 18 2.222280502319336 61.32587814331055
      vertex 18 2.222280502319336 54.67412185668945
      vertex 18 2.8284263610839844 55.171573638916016
    endloop
  endfacet
  facet normal 1 0 0
    outer loop
      vertex 18 1.5307331085205078 61.695518493652344
      vertex 18 2.222280502319336 54.67412185668945
      vertex 18 2.222280502319336 61.32587814331055
    endloop
  endfacet
  facet normal 1 0 0
    outer loop
      vertex 18 1.5307331085205078 61.695518493652344
      vertex 18 1.5307331085205078 54.304481506347656
      vertex 18 2.222280502319336 54.67412185668945
    endloop
  endfacet
  facet normal 1 0 0
    outer loop
      vertex 18 0.7803611755371094 61.92314147949219
      vertex 18 1.5307331085205078 54.304481506347656
      vertex 18 1.5307331085205078 61.695518493652344
    endloop
  endfacet
  facet normal 1 0 0
    outer loop
      vertex 18 0.7803611755371094 61.92314147949219
      vertex 18 0.7803611755371094 54.07685852050781
      vertex 18 1.5307331085205078 54.304481506347656
    endloop
  endfacet
  facet normal 1 0 0
    outer loop
      vertex 18 0 62
      vertex 18 0.7803611755371094 54.07685852050781
      vertex 18 0.7803611755371094 61.92314147949219
    endloop
  endfacet
  facet normal 1 0 0
    outer loop
      vertex 18 0 62
      vertex 18 0 54
      vertex 18 0.7803611755371094 54.07685852050781
    endloop
  endfacet
  facet normal 1 0 0
    outer loop
      vertex 18 -0.7803611755371094 61.92314147949219
      vertex 18 0 54
      vertex 18 0 62
    endloop
  endfacet
  facet normal 1 0 0
    outer loop
      vertex 18 -0.7803611755371094 61.92314147949219
      vertex 18 -0.7803611755371094 54.07685852050781
      vertex 18 0 54
    endloop
  endfacet
  facet normal 1 0 0
    outer loop
      vertex 18 -1.5307331085205078 61.695518493652344
      vertex 18 -0.7803611755371094 54.07685852050781
      vertex 18 -0.7803611755371094 61.92314147949219
    endloop
  endfacet
  facet normal 1 0 0
    outer loop
      vertex 18 -1.5307331085205078 61.695518493652344
      vertex 18 -1.5307331085205078 54.304481506347656
      vertex 18 -0.7803611755371094 54.07685852050781
    endloop
  endfacet
  facet normal 1 0 0
    outer loop
      vertex 18 -2.222280502319336 61.32587814331055
      vertex 18 -1.5307331085205078 54.304481506347656
      vertex 18 -1.5307331085205078 61.695518493652344
    endloop
  endfacet
  facet normal 1 0 0
    outer loop
      vertex 18 -2.222280502319336 61.32587814331055
      vertex 18 -2.222280502319336 54.67412185668945
      vertex 18 -1.5307331085205078 54.304481506347656
    endloop
  endfacet
  facet normal 1 0 0
    outer loop
      vertex 18 -2.8284263610839844 60.828426361083984
      vertex 18 -2.222280502319336 54.67412185668945
      vertex 18 -2.222280502319336 61.32587814331055
    endloop
  endfacet
  facet normal 1 0 0
    outer loop
      vertex 18 -2.8284263610839844 60.828426361083984
      vertex 18 -2.8284263610839844 55.171573638916016
      vertex 18 -2.222280502319336 54.67412185668945
    endloop
  endfacet
  facet normal 1 0 0
    outer loop
      vertex 18 -3.325878143310547 60.22228240966797
      vertex 18 -2.8284263610839844 55.171573638916016
      vertex 18 -2.8284263610839844 60.828426361083984
    endloop
  endfacet
  facet normal 1 0 0
    outer loop
      vertex 18 -3.325878143310547 60.22228240966797
      vertex 18 -3.325878143310547 55.77771759033203
      vertex 18 -2.8284263610839844 55.171573638916016
    endloop
  endfacet
  facet normal 1 0 0
    outer loop
      vertex 18 -3.6955175399780273 59.530731201171875
      vertex 18 -3.325878143310547 55.77771759033203
      vertex 18 -3.325878143310547 60.22228240966797
    endloop
  endfacet
  facet normal 1 0 0
    outer loop
      vertex 18 -3.6955175399780273 59.530731201171875
      vertex 18 -3.6955175399780273 56.46926498413086
      vertex 18 -3.325878143310547 55.77771759033203
    endloop
  endfacet
  facet normal 1 0 0
    outer loop
      vertex 18 -3.923140525817871 58.78036117553711
      vertex 18 -3.6955175399780273 56.46926498413086
      vertex 18 -3.6955175399780273 59.530731201171875
    endloop
  endfacet
  facet normal 1 0 0
    outer loop
      vertex 18 -3.923140525817871 58.78036117553711
      vertex 18 -3.923140525817871 57.21963882446289
      vertex 18 -3.6955175399780273 56.46926498413086
    endloop
  endfacet
  facet normal 1 0 0
    outer loop
      vertex 18 -3.923140525817871 57.21963882446289
      vertex 18 -3.923140525817871 58.78036117553711
      vertex 18 -4 58
    endloop
  endfacet
  facet normal 0 0.881922550216687 0.47139433112766127
    outer loop
      vertex 18 3.6955175399780273 59.530731201171875
      vertex 14.590584754943848 3.325878143310547 60.22228240966797
      vertex 18 3.325878143310547 60.22228240966797
    endloop
  endfacet
  facet normal 0 0.8819225502166871 0.4713943311276613
    outer loop
      vertex 14.590584754943848 3.325878143310547 60.22228240966797
      vertex 18 3.6955175399780273 59.530731201171875
      vertex 14.478455543518066 3.6955175399780273 59.530731201171875
    endloop
  endfacet
  facet normal 0.9398062750553695 0.09256242125961463 -0.3289321564351968
    outer loop
      vertex 15 0 80
      vertex 21.271177291870117 0.292635440826416 98
      vertex 21.299999237060547 0 98
    endloop
  endfacet
  facet normal 0.939806218690513 0.09256302825808796 -0.3289321466660444
    outer loop
      vertex 21.271177291870117 0.292635440826416 98
      vertex 15 0 80
      vertex 14.71177864074707 2.92635440826416 80
    endloop
  endfacet
  facet normal 0.4451650005055949 -0.8328455782389128 -0.32893215886067556
    outer loop
      vertex 8.333553314208984 -12.472043991088867 80
      vertex 8.151156425476074 -19.678632736206055 98
      vertex 5.740250587463379 -13.858192443847656 80
    endloop
  endfacet
  facet normal 0.4451638508982504 -0.8328461048453328 -0.32893238134515906
    outer loop
      vertex 8.151156425476074 -19.678632736206055 98
      vertex 8.333553314208984 -12.472043991088867 80
      vertex 8.410487174987793 -19.54001808166504 98
    endloop
  endfacet
  facet normal 0.9398062286719964 0.09256279021890086 -0.32893218513275835
    outer loop
      vertex 21.271177291870117 0.292635440826416 98
      vertex 14.71177864074707 2.92635440826416 80
      vertex 20.89072608947754 4.155423164367676 98
    endloop
  endfacet
  facet normal 0.9036899998080702 0.27413136028987617 -0.3289321838198753
    outer loop
      vertex 20.89072608947754 4.155423164367676 98
      vertex 14.71177864074707 2.92635440826416 80
      vertex 19.763992309570312 7.869766712188721 98
    endloop
  endfacet
  facet normal 0.7299952173932888 -0.5990914840517337 -0.32893217586550644
    outer loop
      vertex 17.710302352905273 -11.833645820617676 98
      vertex 10.60660171508789 -10.60660171508789 80
      vertex 12.472043991088867 -8.333553314208984 80
    endloop
  endfacet
  facet normal 0.7299944833182007 -0.5990924995759944 -0.32893195539013903
    outer loop
      vertex 10.60660171508789 -10.60660171508789 80
      vertex 17.710302352905273 -11.833645820617676 98
      vertex 17.523757934570312 -12.06095027923584 98
    endloop
  endfacet
  facet normal -0.5990916090434346 0.7299951339244007 -0.3289321334568042
    outer loop
      vertex -10.60660171508789 10.60660171508789 80
      vertex -15.061373710632324 15.061373710632324 98
      vertex -12.06095027923584 17.523757934570312 98
    endloop
  endfacet
  facet normal -0.5990914840517337 0.7299952173932888 -0.32893217586550644
    outer loop
      vertex -10.60660171508789 10.60660171508789 80
      vertex -11.833645820617676 17.710302352905273 98
      vertex -8.333553314208984 12.472043991088867 80
    endloop
  endfacet
  facet normal -0.5990924995759944 0.7299944833182007 -0.32893195539013903
    outer loop
      vertex -11.833645820617676 17.710302352905273 98
      vertex -10.60660171508789 10.60660171508789 80
      vertex -12.06095027923584 17.523757934570312 98
    endloop
  endfacet
  facet normal 0.4451638508982504 0.8328461048453328 -0.32893238134515906
    outer loop
      vertex 8.333553314208984 12.472043991088867 80
      vertex 8.151156425476074 19.678632736206055 98
      vertex 8.410487174987793 19.54001808166504 98
    endloop
  endfacet
  facet normal 0.4451650005055949 0.8328455782389128 -0.32893215886067556
    outer loop
      vertex 8.151156425476074 19.678632736206055 98
      vertex 8.333553314208984 12.472043991088867 80
      vertex 5.740250587463379 13.858192443847656 80
    endloop
  endfacet
  facet normal 0.9398062286719964 -0.09256279021890086 -0.32893218513275835
    outer loop
      vertex 20.89072608947754 -4.155423164367676 98
      vertex 14.71177864074707 -2.92635440826416 80
      vertex 21.271177291870117 -0.292635440826416 98
    endloop
  endfacet
  facet normal 0.2741341145464038 0.9036891452739491 -0.32893223611543226
    outer loop
      vertex 5.740250587463379 13.858192443847656 80
      vertex 7.869766712188721 19.763992309570312 98
      vertex 8.151156425476074 19.678632736206055 98
    endloop
  endfacet
  facet normal 0.2741313995682496 0.9036899854350977 -0.32893219057286793
    outer loop
      vertex 7.869766712188721 19.763992309570312 98
      vertex 5.740250587463379 13.858192443847656 80
      vertex 2.92635440826416 14.71177864074707 80
    endloop
  endfacet
  facet normal -0.939806218690513 0.09256302825808796 -0.3289321466660444
    outer loop
      vertex -15 0 80
      vertex -21.271177291870117 0.292635440826416 98
      vertex -14.71177864074707 2.92635440826416 80
    endloop
  endfacet
  facet normal -0.9398062750553695 0.09256242125961463 -0.3289321564351968
    outer loop
      vertex -21.271177291870117 0.292635440826416 98
      vertex -15 0 80
      vertex -21.299999237060547 0 98
    endloop
  endfacet
  facet normal 0.44516505223612657 0.8328455471754067 -0.32893216750221305
    outer loop
      vertex 11.833645820617676 17.710302352905273 98
      vertex 8.333553314208984 12.472043991088867 80
      vertex 8.410487174987793 19.54001808166504 98
    endloop
  endfacet
  facet normal 0.5990914840517337 -0.7299952173932888 -0.32893217586550644
    outer loop
      vertex 10.60660171508789 -10.60660171508789 80
      vertex 11.833645820617676 -17.710302352905273 98
      vertex 8.333553314208984 -12.472043991088867 80
    endloop
  endfacet
  facet normal 0.5990924995759944 -0.7299944833182007 -0.32893195539013903
    outer loop
      vertex 11.833645820617676 -17.710302352905273 98
      vertex 10.60660171508789 -10.60660171508789 80
      vertex 12.06095027923584 -17.523757934570312 98
    endloop
  endfacet
  facet normal 0.09256279021890086 -0.9398062286719964 -0.32893218513275835
    outer loop
      vertex 4.155423164367676 -20.89072608947754 98
      vertex 0.292635440826416 -21.271177291870117 98
      vertex 2.92635440826416 -14.71177864074707 80
    endloop
  endfacet
  facet normal -0.9398062286719964 0.09256279021890086 -0.32893218513275835
    outer loop
      vertex -14.71177864074707 2.92635440826416 80
      vertex -21.271177291870117 0.292635440826416 98
      vertex -20.89072608947754 4.155423164367676 98
    endloop
  endfacet
  facet normal -0.9398062750553695 -0.09256242125961463 -0.3289321564351968
    outer loop
      vertex -15 0 80
      vertex -21.271177291870117 -0.292635440826416 98
      vertex -21.299999237060547 0 98
    endloop
  endfacet
  facet normal -0.939806218690513 -0.09256302825808796 -0.3289321466660444
    outer loop
      vertex -21.271177291870117 -0.292635440826416 98
      vertex -15 0 80
      vertex -14.71177864074707 -2.92635440826416 80
    endloop
  endfacet
  facet normal -0.9036899998080702 0.27413136028987617 -0.3289321838198753
    outer loop
      vertex -14.71177864074707 2.92635440826416 80
      vertex -20.89072608947754 4.155423164367676 98
      vertex -19.763992309570312 7.869766712188721 98
    endloop
  endfacet
  facet normal -0.7299944833182007 0.5990924995759944 -0.32893195539013903
    outer loop
      vertex -10.60660171508789 10.60660171508789 80
      vertex -17.710302352905273 11.833645820617676 98
      vertex -17.523757934570312 12.06095027923584 98
    endloop
  endfacet
  facet normal -0.7299952173932888 0.5990914840517337 -0.32893217586550644
    outer loop
      vertex -17.710302352905273 11.833645820617676 98
      vertex -10.60660171508789 10.60660171508789 80
      vertex -12.472043991088867 8.333553314208984 80
    endloop
  endfacet
  facet normal -0.7299952173932888 -0.5990914840517337 -0.32893217586550644
    outer loop
      vertex -10.60660171508789 -10.60660171508789 80
      vertex -17.710302352905273 -11.833645820617676 98
      vertex -12.472043991088867 -8.333553314208984 80
    endloop
  endfacet
  facet normal -0.7299944833182007 -0.5990924995759944 -0.32893195539013903
    outer loop
      vertex -17.710302352905273 -11.833645820617676 98
      vertex -10.60660171508789 -10.60660171508789 80
      vertex -17.523757934570312 -12.06095027923584 98
    endloop
  endfacet
  facet normal -0.8328455782389128 -0.4451650005055949 -0.32893215886067556
    outer loop
      vertex -12.472043991088867 -8.333553314208984 80
      vertex -19.678632736206055 -8.151156425476074 98
      vertex -13.858192443847656 -5.740250587463379 80
    endloop
  endfacet
  facet normal -0.8328461048453328 -0.4451638508982504 -0.32893238134515906
    outer loop
      vertex -19.678632736206055 -8.151156425476074 98
      vertex -12.472043991088867 -8.333553314208984 80
      vertex -19.54001808166504 -8.410487174987793 98
    endloop
  endfacet
  facet normal -0.8328461048453328 0.4451638508982504 -0.32893238134515906
    outer loop
      vertex -12.472043991088867 8.333553314208984 80
      vertex -19.678632736206055 8.151156425476074 98
      vertex -19.54001808166504 8.410487174987793 98
    endloop
  endfacet
  facet normal -0.8328455782389128 0.4451650005055949 -0.32893215886067556
    outer loop
      vertex -19.678632736206055 8.151156425476074 98
      vertex -12.472043991088867 8.333553314208984 80
      vertex -13.858192443847656 5.740250587463379 80
    endloop
  endfacet
  facet normal 0.9398062750553695 -0.09256242125961463 -0.3289321564351968
    outer loop
      vertex 21.271177291870117 -0.292635440826416 98
      vertex 15 0 80
      vertex 21.299999237060547 0 98
    endloop
  endfacet
  facet normal 0.939806218690513 -0.09256302825808796 -0.3289321466660444
    outer loop
      vertex 15 0 80
      vertex 21.271177291870117 -0.292635440826416 98
      vertex 14.71177864074707 -2.92635440826416 80
    endloop
  endfacet
  facet normal 0.44516505223612657 -0.8328455471754067 -0.32893216750221305
    outer loop
      vertex 8.410487174987793 -19.54001808166504 98
      vertex 8.333553314208984 -12.472043991088867 80
      vertex 11.833645820617676 -17.710302352905273 98
    endloop
  endfacet
  facet normal -0.9036899998080702 -0.27413136028987617 -0.3289321838198753
    outer loop
      vertex -19.763992309570312 -7.869766712188721 98
      vertex -20.89072608947754 -4.155423164367676 98
      vertex -14.71177864074707 -2.92635440826416 80
    endloop
  endfacet
  facet normal -0.9398062286719964 -0.09256279021890086 -0.32893218513275835
    outer loop
      vertex -20.89072608947754 -4.155423164367676 98
      vertex -21.271177291870117 -0.292635440826416 98
      vertex -14.71177864074707 -2.92635440826416 80
    endloop
  endfacet
  facet normal -0.7299951339244007 -0.5990916090434346 -0.3289321334568042
    outer loop
      vertex -15.061373710632324 -15.061373710632324 98
      vertex -17.523757934570312 -12.06095027923584 98
      vertex -10.60660171508789 -10.60660171508789 80
    endloop
  endfacet
  facet normal -0.8328455471754067 -0.44516505223612657 -0.32893216750221305
    outer loop
      vertex -17.710302352905273 -11.833645820617676 98
      vertex -19.54001808166504 -8.410487174987793 98
      vertex -12.472043991088867 -8.333553314208984 80
    endloop
  endfacet
  facet normal -0.4451638508982504 -0.8328461048453328 -0.32893238134515906
    outer loop
      vertex -8.333553314208984 -12.472043991088867 80
      vertex -8.151156425476074 -19.678632736206055 98
      vertex -8.410487174987793 -19.54001808166504 98
    endloop
  endfacet
  facet normal -0.4451650005055949 -0.8328455782389128 -0.32893215886067556
    outer loop
      vertex -8.151156425476074 -19.678632736206055 98
      vertex -8.333553314208984 -12.472043991088867 80
      vertex -5.740250587463379 -13.858192443847656 80
    endloop
  endfacet
  facet normal 0.9036899998080702 -0.27413136028987617 -0.3289321838198753
    outer loop
      vertex 19.763992309570312 -7.869766712188721 98
      vertex 14.71177864074707 -2.92635440826416 80
      vertex 20.89072608947754 -4.155423164367676 98
    endloop
  endfacet
  facet normal 0.8328455471754067 -0.44516505223612657 -0.32893216750221305
    outer loop
      vertex 17.710302352905273 -11.833645820617676 98
      vertex 12.472043991088867 -8.333553314208984 80
      vertex 19.54001808166504 -8.410487174987793 98
    endloop
  endfacet
  facet normal 0.27413136028987617 0.9036899998080702 -0.3289321838198753
    outer loop
      vertex 7.869766712188721 19.763992309570312 98
      vertex 2.92635440826416 14.71177864074707 80
      vertex 4.155423164367676 20.89072608947754 98
    endloop
  endfacet
  facet normal -0.09256279021890086 -0.9398062286719964 -0.32893218513275835
    outer loop
      vertex -0.292635440826416 -21.271177291870117 98
      vertex -4.155423164367676 -20.89072608947754 98
      vertex -2.92635440826416 -14.71177864074707 80
    endloop
  endfacet
  facet normal 0.5990916090434346 -0.7299951339244007 -0.3289321334568042
    outer loop
      vertex 12.06095027923584 -17.523757934570312 98
      vertex 10.60660171508789 -10.60660171508789 80
      vertex 15.061373710632324 -15.061373710632324 98
    endloop
  endfacet
  facet normal -0.2741313995682496 0.9036899854350977 -0.32893219057286793
    outer loop
      vertex -5.740250587463379 13.858192443847656 80
      vertex -7.869766712188721 19.763992309570312 98
      vertex -2.92635440826416 14.71177864074707 80
    endloop
  endfacet
  facet normal -0.2741341145464038 0.9036891452739491 -0.32893223611543226
    outer loop
      vertex -7.869766712188721 19.763992309570312 98
      vertex -5.740250587463379 13.858192443847656 80
      vertex -8.151156425476074 19.678632736206055 98
    endloop
  endfacet
  facet normal 0.7299944833182007 0.5990924995759944 -0.32893195539013903
    outer loop
      vertex 17.710302352905273 11.833645820617676 98
      vertex 10.60660171508789 10.60660171508789 80
      vertex 17.523757934570312 12.06095027923584 98
    endloop
  endfacet
  facet normal 0.7299952173932888 0.5990914840517337 -0.32893217586550644
    outer loop
      vertex 10.60660171508789 10.60660171508789 80
      vertex 17.710302352905273 11.833645820617676 98
      vertex 12.472043991088867 8.333553314208984 80
    endloop
  endfacet
  facet normal -0.09256279021890086 0.9398062286719964 -0.32893218513275835
    outer loop
      vertex -2.92635440826416 14.71177864074707 80
      vertex -4.155423164367676 20.89072608947754 98
      vertex -0.292635440826416 21.271177291870117 98
    endloop
  endfacet
  facet normal 0.7299951339244007 0.5990916090434346 -0.3289321334568042
    outer loop
      vertex 17.523757934570312 12.06095027923584 98
      vertex 10.60660171508789 10.60660171508789 80
      vertex 15.061373710632324 15.061373710632324 98
    endloop
  endfacet
  facet normal 0.09256242125961463 -0.9398062750553695 -0.3289321564351968
    outer loop
      vertex 0 -15 80
      vertex 0.292635440826416 -21.271177291870117 98
      vertex 0 -21.299999237060547 98
    endloop
  endfacet
  facet normal 0.09256302825808796 -0.939806218690513 -0.3289321466660444
    outer loop
      vertex 0.292635440826416 -21.271177291870117 98
      vertex 0 -15 80
      vertex 2.92635440826416 -14.71177864074707 80
    endloop
  endfacet
  facet normal -0.9036891452739491 0.2741341145464038 -0.32893223611543226
    outer loop
      vertex -13.858192443847656 5.740250587463379 80
      vertex -19.763992309570312 7.869766712188721 98
      vertex -19.678632736206055 8.151156425476074 98
    endloop
  endfacet
  facet normal -0.9036899854350977 0.2741313995682496 -0.32893219057286793
    outer loop
      vertex -19.763992309570312 7.869766712188721 98
      vertex -13.858192443847656 5.740250587463379 80
      vertex -14.71177864074707 2.92635440826416 80
    endloop
  endfacet
  facet normal -0.4451650005055949 0.8328455782389128 -0.32893215886067556
    outer loop
      vertex -8.333553314208984 12.472043991088867 80
      vertex -8.151156425476074 19.678632736206055 98
      vertex -5.740250587463379 13.858192443847656 80
    endloop
  endfacet
  facet normal -0.4451638508982504 0.8328461048453328 -0.32893238134515906
    outer loop
      vertex -8.151156425476074 19.678632736206055 98
      vertex -8.333553314208984 12.472043991088867 80
      vertex -8.410487174987793 19.54001808166504 98
    endloop
  endfacet
  facet normal 0.7299951339244007 -0.5990916090434346 -0.3289321334568042
    outer loop
      vertex 15.061373710632324 -15.061373710632324 98
      vertex 10.60660171508789 -10.60660171508789 80
      vertex 17.523757934570312 -12.06095027923584 98
    endloop
  endfacet
  facet normal 0.9036891452739491 0.2741341145464038 -0.32893223611543226
    outer loop
      vertex 19.763992309570312 7.869766712188721 98
      vertex 13.858192443847656 5.740250587463379 80
      vertex 19.678632736206055 8.151156425476074 98
    endloop
  endfacet
  facet normal 0.9036899854350977 0.2741313995682496 -0.32893219057286793
    outer loop
      vertex 13.858192443847656 5.740250587463379 80
      vertex 19.763992309570312 7.869766712188721 98
      vertex 14.71177864074707 2.92635440826416 80
    endloop
  endfacet
  facet normal -0.44516505223612657 0.8328455471754067 -0.32893216750221305
    outer loop
      vertex -8.333553314208984 12.472043991088867 80
      vertex -11.833645820617676 17.710302352905273 98
      vertex -8.410487174987793 19.54001808166504 98
    endloop
  endfacet
  facet normal 0.8328461048453328 0.4451638508982504 -0.32893238134515906
    outer loop
      vertex 19.678632736206055 8.151156425476074 98
      vertex 12.472043991088867 8.333553314208984 80
      vertex 19.54001808166504 8.410487174987793 98
    endloop
  endfacet
  facet normal 0.8328455782389128 0.4451650005055949 -0.32893215886067556
    outer loop
      vertex 12.472043991088867 8.333553314208984 80
      vertex 19.678632736206055 8.151156425476074 98
      vertex 13.858192443847656 5.740250587463379 80
    endloop
  endfacet
  facet normal -0.09256242125961463 0.9398062750553695 -0.3289321564351968
    outer loop
      vertex 0 15 80
      vertex -0.292635440826416 21.271177291870117 98
      vertex 0 21.299999237060547 98
    endloop
  endfacet
  facet normal -0.09256302825808796 0.939806218690513 -0.3289321466660444
    outer loop
      vertex -0.292635440826416 21.271177291870117 98
      vertex 0 15 80
      vertex -2.92635440826416 14.71177864074707 80
    endloop
  endfacet
  facet normal -0.44516505223612657 -0.8328455471754067 -0.32893216750221305
    outer loop
      vertex -8.410487174987793 -19.54001808166504 98
      vertex -11.833645820617676 -17.710302352905273 98
      vertex -8.333553314208984 -12.472043991088867 80
    endloop
  endfacet
  facet normal 0.5990916090434346 0.7299951339244007 -0.3289321334568042
    outer loop
      vertex 15.061373710632324 15.061373710632324 98
      vertex 10.60660171508789 10.60660171508789 80
      vertex 12.06095027923584 17.523757934570312 98
    endloop
  endfacet
  facet normal -0.8328455471754067 0.44516505223612657 -0.32893216750221305
    outer loop
      vertex -12.472043991088867 8.333553314208984 80
      vertex -19.54001808166504 8.410487174987793 98
      vertex -17.710302352905273 11.833645820617676 98
    endloop
  endfacet
  facet normal 0.9036899854350977 -0.2741313995682496 -0.32893219057286793
    outer loop
      vertex 19.763992309570312 -7.869766712188721 98
      vertex 13.858192443847656 -5.740250587463379 80
      vertex 14.71177864074707 -2.92635440826416 80
    endloop
  endfacet
  facet normal 0.9036891452739491 -0.2741341145464038 -0.32893223611543226
    outer loop
      vertex 13.858192443847656 -5.740250587463379 80
      vertex 19.763992309570312 -7.869766712188721 98
      vertex 19.678632736206055 -8.151156425476074 98
    endloop
  endfacet
  facet normal -0.27413136028987617 0.9036899998080702 -0.3289321838198753
    outer loop
      vertex -2.92635440826416 14.71177864074707 80
      vertex -7.869766712188721 19.763992309570312 98
      vertex -4.155423164367676 20.89072608947754 98
    endloop
  endfacet
  facet normal -0.27413136028987617 -0.9036899998080702 -0.3289321838198753
    outer loop
      vertex -4.155423164367676 -20.89072608947754 98
      vertex -7.869766712188721 -19.763992309570312 98
      vertex -2.92635440826416 -14.71177864074707 80
    endloop
  endfacet
  facet normal -0.09256302825808796 -0.939806218690513 -0.3289321466660444
    outer loop
      vertex 0 -15 80
      vertex -0.292635440826416 -21.271177291870117 98
      vertex -2.92635440826416 -14.71177864074707 80
    endloop
  endfacet
  facet normal -0.09256242125961463 -0.9398062750553695 -0.3289321564351968
    outer loop
      vertex -0.292635440826416 -21.271177291870117 98
      vertex 0 -15 80
      vertex 0 -21.299999237060547 98
    endloop
  endfacet
  facet normal -0.2741341145464038 -0.9036891452739491 -0.32893223611543226
    outer loop
      vertex -5.740250587463379 -13.858192443847656 80
      vertex -7.869766712188721 -19.763992309570312 98
      vertex -8.151156425476074 -19.678632736206055 98
    endloop
  endfacet
  facet normal -0.2741313995682496 -0.9036899854350977 -0.32893219057286793
    outer loop
      vertex -7.869766712188721 -19.763992309570312 98
      vertex -5.740250587463379 -13.858192443847656 80
      vertex -2.92635440826416 -14.71177864074707 80
    endloop
  endfacet
  facet normal 0.8328455782389128 -0.4451650005055949 -0.32893215886067556
    outer loop
      vertex 19.678632736206055 -8.151156425476074 98
      vertex 12.472043991088867 -8.333553314208984 80
      vertex 13.858192443847656 -5.740250587463379 80
    endloop
  endfacet
  facet normal 0.8328461048453328 -0.4451638508982504 -0.32893238134515906
    outer loop
      vertex 12.472043991088867 -8.333553314208984 80
      vertex 19.678632736206055 -8.151156425476074 98
      vertex 19.54001808166504 -8.410487174987793 98
    endloop
  endfacet
  facet normal -0.9036899854350977 -0.2741313995682496 -0.32893219057286793
    outer loop
      vertex -13.858192443847656 -5.740250587463379 80
      vertex -19.763992309570312 -7.869766712188721 98
      vertex -14.71177864074707 -2.92635440826416 80
    endloop
  endfacet
  facet normal -0.9036891452739491 -0.2741341145464038 -0.32893223611543226
    outer loop
      vertex -19.763992309570312 -7.869766712188721 98
      vertex -13.858192443847656 -5.740250587463379 80
      vertex -19.678632736206055 -8.151156425476074 98
    endloop
  endfacet
  facet normal 0.2741313995682496 -0.9036899854350977 -0.32893219057286793
    outer loop
      vertex 5.740250587463379 -13.858192443847656 80
      vertex 7.869766712188721 -19.763992309570312 98
      vertex 2.92635440826416 -14.71177864074707 80
    endloop
  endfacet
  facet normal 0.2741341145464038 -0.9036891452739491 -0.32893223611543226
    outer loop
      vertex 7.869766712188721 -19.763992309570312 98
      vertex 5.740250587463379 -13.858192443847656 80
      vertex 8.151156425476074 -19.678632736206055 98
    endloop
  endfacet
  facet normal 0.27413136028987617 -0.9036899998080702 -0.3289321838198753
    outer loop
      vertex 4.155423164367676 -20.89072608947754 98
      vertex 2.92635440826416 -14.71177864074707 80
      vertex 7.869766712188721 -19.763992309570312 98
    endloop
  endfacet
  facet normal -0.5990924995759944 -0.7299944833182007 -0.32893195539013903
    outer loop
      vertex -10.60660171508789 -10.60660171508789 80
      vertex -11.833645820617676 -17.710302352905273 98
      vertex -12.06095027923584 -17.523757934570312 98
    endloop
  endfacet
  facet normal -0.5990914840517337 -0.7299952173932888 -0.32893217586550644
    outer loop
      vertex -11.833645820617676 -17.710302352905273 98
      vertex -10.60660171508789 -10.60660171508789 80
      vertex -8.333553314208984 -12.472043991088867 80
    endloop
  endfacet
  facet normal -0.5990916090434346 -0.7299951339244007 -0.3289321334568042
    outer loop
      vertex -12.06095027923584 -17.523757934570312 98
      vertex -15.061373710632324 -15.061373710632324 98
      vertex -10.60660171508789 -10.60660171508789 80
    endloop
  endfacet
  facet normal -0.7299951339244007 0.5990916090434346 -0.3289321334568042
    outer loop
      vertex -10.60660171508789 10.60660171508789 80
      vertex -17.523757934570312 12.06095027923584 98
      vertex -15.061373710632324 15.061373710632324 98
    endloop
  endfacet
  facet normal 0.09256279021890086 0.9398062286719964 -0.32893218513275835
    outer loop
      vertex 2.92635440826416 14.71177864074707 80
      vertex 0.292635440826416 21.271177291870117 98
      vertex 4.155423164367676 20.89072608947754 98
    endloop
  endfacet
  facet normal 0.09256302825808796 0.939806218690513 -0.3289321466660444
    outer loop
      vertex 0 15 80
      vertex 0.292635440826416 21.271177291870117 98
      vertex 2.92635440826416 14.71177864074707 80
    endloop
  endfacet
  facet normal 0.09256242125961463 0.9398062750553695 -0.3289321564351968
    outer loop
      vertex 0.292635440826416 21.271177291870117 98
      vertex 0 15 80
      vertex 0 21.299999237060547 98
    endloop
  endfacet
  facet normal 0.5990924995759944 0.7299944833182007 -0.32893195539013903
    outer loop
      vertex 10.60660171508789 10.60660171508789 80
      vertex 11.833645820617676 17.710302352905273 98
      vertex 12.06095027923584 17.523757934570312 98
    endloop
  endfacet
  facet normal 0.5990914840517337 0.7299952173932888 -0.32893217586550644
    outer loop
      vertex 11.833645820617676 17.710302352905273 98
      vertex 10.60660171508789 10.60660171508789 80
      vertex 8.333553314208984 12.472043991088867 80
    endloop
  endfacet
  facet normal 0.8328455471754067 0.44516505223612657 -0.32893216750221305
    outer loop
      vertex 19.54001808166504 8.410487174987793 98
      vertex 12.472043991088867 8.333553314208984 80
      vertex 17.710302352905273 11.833645820617676 98
    endloop
  endfacet
  facet normal 0 0 -1
    outer loop
      vertex 21.271177291870117 -0.292635440826416 98
      vertex 22 0 98
      vertex 21.577274322509766 -4.291986465454102 98
    endloop
  endfacet
  facet normal 0 0 -1
    outer loop
      vertex 21.271177291870117 0.292635440826416 98
      vertex 22 0 98
      vertex 21.299999237060547 0 98
    endloop
  endfacet
  facet normal 0 0 -1
    outer loop
      vertex 22 0 98
      vertex 21.271177291870117 -0.292635440826416 98
      vertex 21.299999237060547 0 98
    endloop
  endfacet
  facet normal 0 0 -1
    outer loop
      vertex 21.577274322509766 -4.291986465454102 98
      vertex 20.89072608947754 -4.155423164367676 98
      vertex 21.271177291870117 -0.292635440826416 98
    endloop
  endfacet
  facet normal 0 0 -1
    outer loop
      vertex 19.763992309570312 -7.869766712188721 98
      vertex 21.577274322509766 -4.291986465454102 98
      vertex 20.325347900390625 -8.419034957885742 98
    endloop
  endfacet
  facet normal 0 0 -1
    outer loop
      vertex 21.577274322509766 -4.291986465454102 98
      vertex 19.763992309570312 -7.869766712188721 98
      vertex 20.89072608947754 -4.155423164367676 98
    endloop
  endfacet
  facet normal 0 0 -1
    outer loop
      vertex 20.325347900390625 -8.419034957885742 98
      vertex 19.678632736206055 -8.151156425476074 98
      vertex 19.763992309570312 -7.869766712188721 98
    endloop
  endfacet
  facet normal 0 0 -1
    outer loop
      vertex 20.325347900390625 -8.419034957885742 98
      vertex 19.54001808166504 -8.410487174987793 98
      vertex 19.678632736206055 -8.151156425476074 98
    endloop
  endfacet
  facet normal 0 0 -1
    outer loop
      vertex 18.29233169555664 -12.22254467010498 98
      vertex 19.54001808166504 -8.410487174987793 98
      vertex 20.325347900390625 -8.419034957885742 98
    endloop
  endfacet
  facet normal 0 0 -1
    outer loop
      vertex 18.29233169555664 -12.22254467010498 98
      vertex 17.710302352905273 -11.833645820617676 98
      vertex 19.54001808166504 -8.410487174987793 98
    endloop
  endfacet
  facet normal 0 0 -1
    outer loop
      vertex 18.29233169555664 -12.22254467010498 98
      vertex 17.523757934570312 -12.06095027923584 98
      vertex 17.710302352905273 -11.833645820617676 98
    endloop
  endfacet
  facet normal 0 0 -1
    outer loop
      vertex 15.55634880065918 -15.55634880065918 98
      vertex 17.523757934570312 -12.06095027923584 98
      vertex 18.29233169555664 -12.22254467010498 98
    endloop
  endfacet
  facet normal 0 0 -1
    outer loop
      vertex 15.55634880065918 -15.55634880065918 98
      vertex 15.061373710632324 -15.061373710632324 98
      vertex 17.523757934570312 -12.06095027923584 98
    endloop
  endfacet
  facet normal 0 0 -1
    outer loop
      vertex 12.06095027923584 -17.523757934570312 98
      vertex 15.55634880065918 -15.55634880065918 98
      vertex 12.22254467010498 -18.29233169555664 98
    endloop
  endfacet
  facet normal 0 0 -1
    outer loop
      vertex 15.55634880065918 -15.55634880065918 98
      vertex 12.06095027923584 -17.523757934570312 98
      vertex 15.061373710632324 -15.061373710632324 98
    endloop
  endfacet
  facet normal 0 0 -1
    outer loop
      vertex 12.22254467010498 -18.29233169555664 98
      vertex 11.833645820617676 -17.710302352905273 98
      vertex 12.06095027923584 -17.523757934570312 98
    endloop
  endfacet
  facet normal 0 0 -1
    outer loop
      vertex 8.410487174987793 -19.54001808166504 98
      vertex 12.22254467010498 -18.29233169555664 98
      vertex 8.419034957885742 -20.325347900390625 98
    endloop
  endfacet
  facet normal 0 0 -1
    outer loop
      vertex 12.22254467010498 -18.29233169555664 98
      vertex 8.410487174987793 -19.54001808166504 98
      vertex 11.833645820617676 -17.710302352905273 98
    endloop
  endfacet
  facet normal 0 0 -1
    outer loop
      vertex 8.419034957885742 -20.325347900390625 98
      vertex 8.151156425476074 -19.678632736206055 98
      vertex 8.410487174987793 -19.54001808166504 98
    endloop
  endfacet
  facet normal 0 0 -1
    outer loop
      vertex 8.419034957885742 -20.325347900390625 98
      vertex 7.869766712188721 -19.763992309570312 98
      vertex 8.151156425476074 -19.678632736206055 98
    endloop
  endfacet
  facet normal 0 0 -1
    outer loop
      vertex 4.291986465454102 -21.577274322509766 98
      vertex 7.869766712188721 -19.763992309570312 98
      vertex 8.419034957885742 -20.325347900390625 98
    endloop
  endfacet
  facet normal 0 0 -1
    outer loop
      vertex 4.291986465454102 -21.577274322509766 98
      vertex 4.155423164367676 -20.89072608947754 98
      vertex 7.869766712188721 -19.763992309570312 98
    endloop
  endfacet
  facet normal 0 0 -1
    outer loop
      vertex 4.291986465454102 -21.577274322509766 98
      vertex 0.292635440826416 -21.271177291870117 98
      vertex 4.155423164367676 -20.89072608947754 98
    endloop
  endfacet
  facet normal 0 0 -1
    outer loop
      vertex 0 -22 98
      vertex 0.292635440826416 -21.271177291870117 98
      vertex 4.291986465454102 -21.577274322509766 98
    endloop
  endfacet
  facet normal 0 0 -1
    outer loop
      vertex 0 -22 98
      vertex 0 -21.299999237060547 98
      vertex 0.292635440826416 -21.271177291870117 98
    endloop
  endfacet
  facet normal 0 0 -1
    outer loop
      vertex 0 -22 98
      vertex -0.292635440826416 -21.271177291870117 98
      vertex 0 -21.299999237060547 98
    endloop
  endfacet
  facet normal 0 0 -1
    outer loop
      vertex -4.291986465454102 -21.577274322509766 98
      vertex -0.292635440826416 -21.271177291870117 98
      vertex 0 -22 98
    endloop
  endfacet
  facet normal 0 0 -1
    outer loop
      vertex -0.292635440826416 -21.271177291870117 98
      vertex -4.291986465454102 -21.577274322509766 98
      vertex -4.155423164367676 -20.89072608947754 98
    endloop
  endfacet
  facet normal 0 0 -1
    outer loop
      vertex -4.291986465454102 -21.577274322509766 98
      vertex -7.869766712188721 -19.763992309570312 98
      vertex -4.155423164367676 -20.89072608947754 98
    endloop
  endfacet
  facet normal 0 0 -1
    outer loop
      vertex -8.419034957885742 -20.325347900390625 98
      vertex -7.869766712188721 -19.763992309570312 98
      vertex -4.291986465454102 -21.577274322509766 98
    endloop
  endfacet
  facet normal 0 0 -1
    outer loop
      vertex -7.869766712188721 -19.763992309570312 98
      vertex -8.419034957885742 -20.325347900390625 98
      vertex -8.151156425476074 -19.678632736206055 98
    endloop
  endfacet
  facet normal 0 0 -1
    outer loop
      vertex -8.419034957885742 -20.325347900390625 98
      vertex -8.410487174987793 -19.54001808166504 98
      vertex -8.151156425476074 -19.678632736206055 98
    endloop
  endfacet
  facet normal 0 0 -1
    outer loop
      vertex -12.22254467010498 -18.29233169555664 98
      vertex -8.410487174987793 -19.54001808166504 98
      vertex -8.419034957885742 -20.325347900390625 98
    endloop
  endfacet
  facet normal 0 0 -1
    outer loop
      vertex -8.410487174987793 -19.54001808166504 98
      vertex -12.22254467010498 -18.29233169555664 98
      vertex -11.833645820617676 -17.710302352905273 98
    endloop
  endfacet
  facet normal 0 0 -1
    outer loop
      vertex -12.22254467010498 -18.29233169555664 98
      vertex -12.06095027923584 -17.523757934570312 98
      vertex -11.833645820617676 -17.710302352905273 98
    endloop
  endfacet
  facet normal 0 0 -1
    outer loop
      vertex -15.55634880065918 -15.55634880065918 98
      vertex -12.06095027923584 -17.523757934570312 98
      vertex -12.22254467010498 -18.29233169555664 98
    endloop
  endfacet
  facet normal 0 0 -1
    outer loop
      vertex -12.06095027923584 -17.523757934570312 98
      vertex -15.55634880065918 -15.55634880065918 98
      vertex -15.061373710632324 -15.061373710632324 98
    endloop
  endfacet
  facet normal 0 0 -1
    outer loop
      vertex -15.55634880065918 -15.55634880065918 98
      vertex -17.523757934570312 -12.06095027923584 98
      vertex -15.061373710632324 -15.061373710632324 98
    endloop
  endfacet
  facet normal 0 0 -1
    outer loop
      vertex -18.29233169555664 -12.22254467010498 98
      vertex -17.523757934570312 -12.06095027923584 98
      vertex -15.55634880065918 -15.55634880065918 98
    endloop
  endfacet
  facet normal 0 0 -1
    outer loop
      vertex -17.523757934570312 -12.06095027923584 98
      vertex -18.29233169555664 -12.22254467010498 98
      vertex -17.710302352905273 -11.833645820617676 98
    endloop
  endfacet
  facet normal 0 0 -1
    outer loop
      vertex -18.29233169555664 -12.22254467010498 98
      vertex -19.54001808166504 -8.410487174987793 98
      vertex -17.710302352905273 -11.833645820617676 98
    endloop
  endfacet
  facet normal 0 0 -1
    outer loop
      vertex -20.325347900390625 -8.419034957885742 98
      vertex -19.54001808166504 -8.410487174987793 98
      vertex -18.29233169555664 -12.22254467010498 98
    endloop
  endfacet
  facet normal 0 0 -1
    outer loop
      vertex -19.54001808166504 -8.410487174987793 98
      vertex -20.325347900390625 -8.419034957885742 98
      vertex -19.678632736206055 -8.151156425476074 98
    endloop
  endfacet
  facet normal 0 0 -1
    outer loop
      vertex -20.325347900390625 -8.419034957885742 98
      vertex -19.763992309570312 -7.869766712188721 98
      vertex -19.678632736206055 -8.151156425476074 98
    endloop
  endfacet
  facet normal 0 0 -1
    outer loop
      vertex -21.577274322509766 -4.291986465454102 98
      vertex -19.763992309570312 -7.869766712188721 98
      vertex -20.325347900390625 -8.419034957885742 98
    endloop
  endfacet
  facet normal 0 0 -1
    outer loop
      vertex -22 0 98
      vertex -21.271177291870117 -0.292635440826416 98
      vertex -21.577274322509766 -4.291986465454102 98
    endloop
  endfacet
  facet normal 0 0 -1
    outer loop
      vertex -20.89072608947754 -4.155423164367676 98
      vertex -21.577274322509766 -4.291986465454102 98
      vertex -21.271177291870117 -0.292635440826416 98
    endloop
  endfacet
  facet normal 0 0 -1
    outer loop
      vertex -19.763992309570312 -7.869766712188721 98
      vertex -21.577274322509766 -4.291986465454102 98
      vertex -20.89072608947754 -4.155423164367676 98
    endloop
  endfacet
  facet normal 0 0 -1
    outer loop
      vertex 22 0 98
      vertex 21.271177291870117 0.292635440826416 98
      vertex 21.577274322509766 4.291986465454102 98
    endloop
  endfacet
  facet normal 0 0 -1
    outer loop
      vertex 20.89072608947754 4.155423164367676 98
      vertex 21.577274322509766 4.291986465454102 98
      vertex 21.271177291870117 0.292635440826416 98
    endloop
  endfacet
  facet normal 0 0 -1
    outer loop
      vertex 19.763992309570312 7.869766712188721 98
      vertex 21.577274322509766 4.291986465454102 98
      vertex 20.89072608947754 4.155423164367676 98
    endloop
  endfacet
  facet normal 0 0 -1
    outer loop
      vertex 21.577274322509766 4.291986465454102 98
      vertex 19.763992309570312 7.869766712188721 98
      vertex 20.325347900390625 8.419034957885742 98
    endloop
  endfacet
  facet normal 0 0 -1
    outer loop
      vertex 19.678632736206055 8.151156425476074 98
      vertex 20.325347900390625 8.419034957885742 98
      vertex 19.763992309570312 7.869766712188721 98
    endloop
  endfacet
  facet normal 0 0 -1
    outer loop
      vertex 19.54001808166504 8.410487174987793 98
      vertex 20.325347900390625 8.419034957885742 98
      vertex 19.678632736206055 8.151156425476074 98
    endloop
  endfacet
  facet normal 0 0 -1
    outer loop
      vertex 19.54001808166504 8.410487174987793 98
      vertex 18.29233169555664 12.22254467010498 98
      vertex 20.325347900390625 8.419034957885742 98
    endloop
  endfacet
  facet normal 0 0 -1
    outer loop
      vertex 17.710302352905273 11.833645820617676 98
      vertex 18.29233169555664 12.22254467010498 98
      vertex 19.54001808166504 8.410487174987793 98
    endloop
  endfacet
  facet normal 0 0 -1
    outer loop
      vertex 17.523757934570312 12.06095027923584 98
      vertex 18.29233169555664 12.22254467010498 98
      vertex 17.710302352905273 11.833645820617676 98
    endloop
  endfacet
  facet normal 0 0 -1
    outer loop
      vertex 17.523757934570312 12.06095027923584 98
      vertex 15.55634880065918 15.55634880065918 98
      vertex 18.29233169555664 12.22254467010498 98
    endloop
  endfacet
  facet normal 0 0 -1
    outer loop
      vertex 15.061373710632324 15.061373710632324 98
      vertex 15.55634880065918 15.55634880065918 98
      vertex 17.523757934570312 12.06095027923584 98
    endloop
  endfacet
  facet normal 0 0 -1
    outer loop
      vertex 12.06095027923584 17.523757934570312 98
      vertex 15.55634880065918 15.55634880065918 98
      vertex 15.061373710632324 15.061373710632324 98
    endloop
  endfacet
  facet normal 0 0 -1
    outer loop
      vertex 15.55634880065918 15.55634880065918 98
      vertex 12.06095027923584 17.523757934570312 98
      vertex 12.22254467010498 18.29233169555664 98
    endloop
  endfacet
  facet normal 0 0 -1
    outer loop
      vertex 11.833645820617676 17.710302352905273 98
      vertex 12.22254467010498 18.29233169555664 98
      vertex 12.06095027923584 17.523757934570312 98
    endloop
  endfacet
  facet normal 0 0 -1
    outer loop
      vertex 8.410487174987793 19.54001808166504 98
      vertex 12.22254467010498 18.29233169555664 98
      vertex 11.833645820617676 17.710302352905273 98
    endloop
  endfacet
  facet normal 0 0 -1
    outer loop
      vertex 12.22254467010498 18.29233169555664 98
      vertex 8.410487174987793 19.54001808166504 98
      vertex 8.419034957885742 20.325347900390625 98
    endloop
  endfacet
  facet normal 0 0 -1
    outer loop
      vertex 8.151156425476074 19.678632736206055 98
      vertex 8.419034957885742 20.325347900390625 98
      vertex 8.410487174987793 19.54001808166504 98
    endloop
  endfacet
  facet normal 0 0 -1
    outer loop
      vertex 7.869766712188721 19.763992309570312 98
      vertex 8.419034957885742 20.325347900390625 98
      vertex 8.151156425476074 19.678632736206055 98
    endloop
  endfacet
  facet normal 0 0 -1
    outer loop
      vertex 7.869766712188721 19.763992309570312 98
      vertex 4.291986465454102 21.577274322509766 98
      vertex 8.419034957885742 20.325347900390625 98
    endloop
  endfacet
  facet normal 0 0 -1
    outer loop
      vertex 4.155423164367676 20.89072608947754 98
      vertex 4.291986465454102 21.577274322509766 98
      vertex 7.869766712188721 19.763992309570312 98
    endloop
  endfacet
  facet normal 0 0 -1
    outer loop
      vertex 0.292635440826416 21.271177291870117 98
      vertex 4.291986465454102 21.577274322509766 98
      vertex 4.155423164367676 20.89072608947754 98
    endloop
  endfacet
  facet normal 0 0 -1
    outer loop
      vertex 0 22 98
      vertex 0.292635440826416 21.271177291870117 98
      vertex 0 21.299999237060547 98
    endloop
  endfacet
  facet normal 0 0 -1
    outer loop
      vertex 0.292635440826416 21.271177291870117 98
      vertex 0 22 98
      vertex 4.291986465454102 21.577274322509766 98
    endloop
  endfacet
  facet normal 0 0 -1
    outer loop
      vertex -0.292635440826416 21.271177291870117 98
      vertex 0 22 98
      vertex 0 21.299999237060547 98
    endloop
  endfacet
  facet normal 0 0 -1
    outer loop
      vertex -4.291986465454102 21.577274322509766 98
      vertex -0.292635440826416 21.271177291870117 98
      vertex -4.155423164367676 20.89072608947754 98
    endloop
  endfacet
  facet normal 0 0 -1
    outer loop
      vertex -0.292635440826416 21.271177291870117 98
      vertex -4.291986465454102 21.577274322509766 98
      vertex 0 22 98
    endloop
  endfacet
  facet normal 0 0 -1
    outer loop
      vertex -7.869766712188721 19.763992309570312 98
      vertex -4.291986465454102 21.577274322509766 98
      vertex -4.155423164367676 20.89072608947754 98
    endloop
  endfacet
  facet normal 0 0 -1
    outer loop
      vertex -8.419034957885742 20.325347900390625 98
      vertex -7.869766712188721 19.763992309570312 98
      vertex -8.151156425476074 19.678632736206055 98
    endloop
  endfacet
  facet normal 0 0 -1
    outer loop
      vertex -7.869766712188721 19.763992309570312 98
      vertex -8.419034957885742 20.325347900390625 98
      vertex -4.291986465454102 21.577274322509766 98
    endloop
  endfacet
  facet normal 0 0 -1
    outer loop
      vertex -8.410487174987793 19.54001808166504 98
      vertex -8.419034957885742 20.325347900390625 98
      vertex -8.151156425476074 19.678632736206055 98
    endloop
  endfacet
  facet normal 0 0 -1
    outer loop
      vertex -12.22254467010498 18.29233169555664 98
      vertex -8.410487174987793 19.54001808166504 98
      vertex -11.833645820617676 17.710302352905273 98
    endloop
  endfacet
  facet normal 0 0 -1
    outer loop
      vertex -8.410487174987793 19.54001808166504 98
      vertex -12.22254467010498 18.29233169555664 98
      vertex -8.419034957885742 20.325347900390625 98
    endloop
  endfacet
  facet normal 0 0 -1
    outer loop
      vertex -12.06095027923584 17.523757934570312 98
      vertex -12.22254467010498 18.29233169555664 98
      vertex -11.833645820617676 17.710302352905273 98
    endloop
  endfacet
  facet normal 0 0 -1
    outer loop
      vertex -15.55634880065918 15.55634880065918 98
      vertex -12.06095027923584 17.523757934570312 98
      vertex -15.061373710632324 15.061373710632324 98
    endloop
  endfacet
  facet normal 0 0 -1
    outer loop
      vertex -12.06095027923584 17.523757934570312 98
      vertex -15.55634880065918 15.55634880065918 98
      vertex -12.22254467010498 18.29233169555664 98
    endloop
  endfacet
  facet normal 0 0 -1
    outer loop
      vertex -17.523757934570312 12.06095027923584 98
      vertex -15.55634880065918 15.55634880065918 98
      vertex -15.061373710632324 15.061373710632324 98
    endloop
  endfacet
  facet normal 0 0 -1
    outer loop
      vertex -18.29233169555664 12.22254467010498 98
      vertex -17.523757934570312 12.06095027923584 98
      vertex -17.710302352905273 11.833645820617676 98
    endloop
  endfacet
  facet normal 0 0 -1
    outer loop
      vertex -17.523757934570312 12.06095027923584 98
      vertex -18.29233169555664 12.22254467010498 98
      vertex -15.55634880065918 15.55634880065918 98
    endloop
  endfacet
  facet normal 0 0 -1
    outer loop
      vertex -19.54001808166504 8.410487174987793 98
      vertex -18.29233169555664 12.22254467010498 98
      vertex -17.710302352905273 11.833645820617676 98
    endloop
  endfacet
  facet normal 0 0 -1
    outer loop
      vertex -20.325347900390625 8.419034957885742 98
      vertex -19.54001808166504 8.410487174987793 98
      vertex -19.678632736206055 8.151156425476074 98
    endloop
  endfacet
  facet normal 0 0 -1
    outer loop
      vertex -19.54001808166504 8.410487174987793 98
      vertex -20.325347900390625 8.419034957885742 98
      vertex -18.29233169555664 12.22254467010498 98
    endloop
  endfacet
  facet normal 0 0 -1
    outer loop
      vertex -19.763992309570312 7.869766712188721 98
      vertex -20.325347900390625 8.419034957885742 98
      vertex -19.678632736206055 8.151156425476074 98
    endloop
  endfacet
  facet normal 0 0 -1
    outer loop
      vertex -21.577274322509766 4.291986465454102 98
      vertex -19.763992309570312 7.869766712188721 98
      vertex -20.89072608947754 4.155423164367676 98
    endloop
  endfacet
  facet normal 0 0 -1
    outer loop
      vertex -19.763992309570312 7.869766712188721 98
      vertex -21.577274322509766 4.291986465454102 98
      vertex -20.325347900390625 8.419034957885742 98
    endloop
  endfacet
  facet normal 0 0 -1
    outer loop
      vertex -21.271177291870117 0.292635440826416 98
      vertex -21.577274322509766 4.291986465454102 98
      vertex -20.89072608947754 4.155423164367676 98
    endloop
  endfacet
  facet normal 0 0 -1
    outer loop
      vertex -22 0 98
      vertex -21.271177291870117 0.292635440826416 98
      vertex -21.299999237060547 0 98
    endloop
  endfacet
  facet normal 0 0 -1
    outer loop
      vertex -21.271177291870117 -0.292635440826416 98
      vertex -22 0 98
      vertex -21.299999237060547 0 98
    endloop
  endfacet
  facet normal 0 0 -1
    outer loop
      vertex -21.271177291870117 0.292635440826416 98
      vertex -22 0 98
      vertex -21.577274322509766 4.291986465454102 98
    endloop
  endfacet
  facet normal 0.9569403390265737 0.29028466639439654 0
    outer loop
      vertex 21.577274322509766 4.291986465454102 122
      vertex 20.325347900390625 8.419034957885742 98
      vertex 20.325347900390625 8.419034957885742 122
    endloop
  endfacet
  facet normal 0.9569403390265737 0.29028466639439654 0
    outer loop
      vertex 20.325347900390625 8.419034957885742 98
      vertex 21.577274322509766 4.291986465454102 122
      vertex 21.577274322509766 4.291986465454102 98
    endloop
  endfacet
  facet normal 0.9951846835326996 0.09801757833123899 0
    outer loop
      vertex 22 0 122
      vertex 21.577274322509766 4.291986465454102 98
      vertex 21.577274322509766 4.291986465454102 122
    endloop
  endfacet
  facet normal 0.9951846835326996 0.09801757833123899 0
    outer loop
      vertex 21.577274322509766 4.291986465454102 98
      vertex 22 0 122
      vertex 22 0 98
    endloop
  endfacet
  facet normal -0.29028466639439654 0.9569403390265737 0
    outer loop
      vertex -4.291986465454102 21.577274322509766 98
      vertex -8.419034957885742 20.325347900390625 122
      vertex -4.291986465454102 21.577274322509766 122
    endloop
  endfacet
  facet normal -0.29028466639439654 0.9569403390265737 0
    outer loop
      vertex -8.419034957885742 20.325347900390625 122
      vertex -4.291986465454102 21.577274322509766 98
      vertex -8.419034957885742 20.325347900390625 98
    endloop
  endfacet
  facet normal -0.9951846835326996 0.09801757833123899 0
    outer loop
      vertex -22 0 98
      vertex -21.577274322509766 4.291986465454102 122
      vertex -21.577274322509766 4.291986465454102 98
    endloop
  endfacet
  facet normal -0.9951846835326996 0.09801757833123899 0
    outer loop
      vertex -21.577274322509766 4.291986465454102 122
      vertex -22 0 98
      vertex -22 0 122
    endloop
  endfacet
  facet normal -0.09801757833123899 0.9951846835326996 0
    outer loop
      vertex 0 22 98
      vertex -4.291986465454102 21.577274322509766 122
      vertex 0 22 122
    endloop
  endfacet
  facet normal -0.09801757833123899 0.9951846835326996 0
    outer loop
      vertex -4.291986465454102 21.577274322509766 122
      vertex 0 22 98
      vertex -4.291986465454102 21.577274322509766 98
    endloop
  endfacet
  facet normal 0.9569403390265737 -0.29028466639439654 0
    outer loop
      vertex 20.325347900390625 -8.419034957885742 122
      vertex 21.577274322509766 -4.291986465454102 98
      vertex 21.577274322509766 -4.291986465454102 122
    endloop
  endfacet
  facet normal 0.9569403390265737 -0.29028466639439654 0
    outer loop
      vertex 21.577274322509766 -4.291986465454102 98
      vertex 20.325347900390625 -8.419034957885742 122
      vertex 20.325347900390625 -8.419034957885742 98
    endloop
  endfacet
  facet normal 0.471396359535458 -0.8819214660142461 0
    outer loop
      vertex 8.419034957885742 -20.325347900390625 98
      vertex 12.22254467010498 -18.29233169555664 122
      vertex 8.419034957885742 -20.325347900390625 122
    endloop
  endfacet
  facet normal 0.471396359535458 -0.8819214660142461 0
    outer loop
      vertex 12.22254467010498 -18.29233169555664 122
      vertex 8.419034957885742 -20.325347900390625 98
      vertex 12.22254467010498 -18.29233169555664 98
    endloop
  endfacet
  facet normal 0.8819214660142461 0.471396359535458 0
    outer loop
      vertex 20.325347900390625 8.419034957885742 122
      vertex 18.29233169555664 12.22254467010498 98
      vertex 18.29233169555664 12.22254467010498 122
    endloop
  endfacet
  facet normal 0.8819214660142461 0.471396359535458 0
    outer loop
      vertex 18.29233169555664 12.22254467010498 98
      vertex 20.325347900390625 8.419034957885742 122
      vertex 20.325347900390625 8.419034957885742 98
    endloop
  endfacet
  facet normal 0.09801757833123899 -0.9951846835326996 0
    outer loop
      vertex 0 -22 98
      vertex 4.291986465454102 -21.577274322509766 122
      vertex 0 -22 122
    endloop
  endfacet
  facet normal 0.09801757833123899 -0.9951846835326996 0
    outer loop
      vertex 4.291986465454102 -21.577274322509766 122
      vertex 0 -22 98
      vertex 4.291986465454102 -21.577274322509766 98
    endloop
  endfacet
  facet normal -0.9569403390265737 -0.29028466639439654 0
    outer loop
      vertex -20.325347900390625 -8.419034957885742 98
      vertex -21.577274322509766 -4.291986465454102 122
      vertex -21.577274322509766 -4.291986465454102 98
    endloop
  endfacet
  facet normal -0.9569403390265737 -0.29028466639439654 0
    outer loop
      vertex -21.577274322509766 -4.291986465454102 122
      vertex -20.325347900390625 -8.419034957885742 98
      vertex -20.325347900390625 -8.419034957885742 122
    endloop
  endfacet
  facet normal -0.6343933606691053 -0.7730103905763224 0
    outer loop
      vertex -15.55634880065918 -15.55634880065918 98
      vertex -12.22254467010498 -18.29233169555664 122
      vertex -15.55634880065918 -15.55634880065918 122
    endloop
  endfacet
  facet normal -0.6343933606691053 -0.7730103905763224 0
    outer loop
      vertex -12.22254467010498 -18.29233169555664 122
      vertex -15.55634880065918 -15.55634880065918 98
      vertex -12.22254467010498 -18.29233169555664 98
    endloop
  endfacet
  facet normal -0.9569403390265737 0.29028466639439654 0
    outer loop
      vertex -21.577274322509766 4.291986465454102 98
      vertex -20.325347900390625 8.419034957885742 122
      vertex -20.325347900390625 8.419034957885742 98
    endloop
  endfacet
  facet normal -0.9569403390265737 0.29028466639439654 0
    outer loop
      vertex -20.325347900390625 8.419034957885742 122
      vertex -21.577274322509766 4.291986465454102 98
      vertex -21.577274322509766 4.291986465454102 122
    endloop
  endfacet
  facet normal 0.09801757833123899 0.9951846835326996 0
    outer loop
      vertex 4.291986465454102 21.577274322509766 98
      vertex 0 22 122
      vertex 4.291986465454102 21.577274322509766 122
    endloop
  endfacet
  facet normal 0.09801757833123899 0.9951846835326996 0
    outer loop
      vertex 0 22 122
      vertex 4.291986465454102 21.577274322509766 98
      vertex 0 22 98
    endloop
  endfacet
  facet normal -0.471396359535458 -0.8819214660142461 0
    outer loop
      vertex -12.22254467010498 -18.29233169555664 98
      vertex -8.419034957885742 -20.325347900390625 122
      vertex -12.22254467010498 -18.29233169555664 122
    endloop
  endfacet
  facet normal -0.471396359535458 -0.8819214660142461 0
    outer loop
      vertex -8.419034957885742 -20.325347900390625 122
      vertex -12.22254467010498 -18.29233169555664 98
      vertex -8.419034957885742 -20.325347900390625 98
    endloop
  endfacet
  facet normal 0.29028466639439654 -0.9569403390265737 0
    outer loop
      vertex 4.291986465454102 -21.577274322509766 98
      vertex 8.419034957885742 -20.325347900390625 122
      vertex 4.291986465454102 -21.577274322509766 122
    endloop
  endfacet
  facet normal 0.29028466639439654 -0.9569403390265737 0
    outer loop
      vertex 8.419034957885742 -20.325347900390625 122
      vertex 4.291986465454102 -21.577274322509766 98
      vertex 8.419034957885742 -20.325347900390625 98
    endloop
  endfacet
  facet normal 0.6343933606691053 0.7730103905763224 0
    outer loop
      vertex 15.55634880065918 15.55634880065918 98
      vertex 12.22254467010498 18.29233169555664 122
      vertex 15.55634880065918 15.55634880065918 122
    endloop
  endfacet
  facet normal 0.6343933606691053 0.7730103905763224 0
    outer loop
      vertex 12.22254467010498 18.29233169555664 122
      vertex 15.55634880065918 15.55634880065918 98
      vertex 12.22254467010498 18.29233169555664 98
    endloop
  endfacet
  facet normal -0.7730103905763224 0.6343933606691053 0
    outer loop
      vertex -18.29233169555664 12.22254467010498 98
      vertex -15.55634880065918 15.55634880065918 122
      vertex -15.55634880065918 15.55634880065918 98
    endloop
  endfacet
  facet normal -0.7730103905763224 0.6343933606691053 0
    outer loop
      vertex -15.55634880065918 15.55634880065918 122
      vertex -18.29233169555664 12.22254467010498 98
      vertex -18.29233169555664 12.22254467010498 122
    endloop
  endfacet
  facet normal 0.29028466639439654 0.9569403390265737 0
    outer loop
      vertex 8.419034957885742 20.325347900390625 98
      vertex 4.291986465454102 21.577274322509766 122
      vertex 8.419034957885742 20.325347900390625 122
    endloop
  endfacet
  facet normal 0.29028466639439654 0.9569403390265737 0
    outer loop
      vertex 4.291986465454102 21.577274322509766 122
      vertex 8.419034957885742 20.325347900390625 98
      vertex 4.291986465454102 21.577274322509766 98
    endloop
  endfacet
  facet normal -0.6343933606691053 0.7730103905763224 0
    outer loop
      vertex -12.22254467010498 18.29233169555664 98
      vertex -15.55634880065918 15.55634880065918 122
      vertex -12.22254467010498 18.29233169555664 122
    endloop
  endfacet
  facet normal -0.6343933606691053 0.7730103905763224 0
    outer loop
      vertex -15.55634880065918 15.55634880065918 122
      vertex -12.22254467010498 18.29233169555664 98
      vertex -15.55634880065918 15.55634880065918 98
    endloop
  endfacet
  facet normal 0.7730103905763224 -0.6343933606691053 0
    outer loop
      vertex 15.55634880065918 -15.55634880065918 122
      vertex 18.29233169555664 -12.22254467010498 98
      vertex 18.29233169555664 -12.22254467010498 122
    endloop
  endfacet
  facet normal 0.7730103905763224 -0.6343933606691053 0
    outer loop
      vertex 18.29233169555664 -12.22254467010498 98
      vertex 15.55634880065918 -15.55634880065918 122
      vertex 15.55634880065918 -15.55634880065918 98
    endloop
  endfacet
  facet normal 0.471396359535458 0.8819214660142461 0
    outer loop
      vertex 12.22254467010498 18.29233169555664 98
      vertex 8.419034957885742 20.325347900390625 122
      vertex 12.22254467010498 18.29233169555664 122
    endloop
  endfacet
  facet normal 0.471396359535458 0.8819214660142461 0
    outer loop
      vertex 8.419034957885742 20.325347900390625 122
      vertex 12.22254467010498 18.29233169555664 98
      vertex 8.419034957885742 20.325347900390625 98
    endloop
  endfacet
  facet normal -0.29028466639439654 -0.9569403390265737 0
    outer loop
      vertex -8.419034957885742 -20.325347900390625 98
      vertex -4.291986465454102 -21.577274322509766 122
      vertex -8.419034957885742 -20.325347900390625 122
    endloop
  endfacet
  facet normal -0.29028466639439654 -0.9569403390265737 0
    outer loop
      vertex -4.291986465454102 -21.577274322509766 122
      vertex -8.419034957885742 -20.325347900390625 98
      vertex -4.291986465454102 -21.577274322509766 98
    endloop
  endfacet
  facet normal -0.7730103905763224 -0.6343933606691053 0
    outer loop
      vertex -15.55634880065918 -15.55634880065918 98
      vertex -18.29233169555664 -12.22254467010498 122
      vertex -18.29233169555664 -12.22254467010498 98
    endloop
  endfacet
  facet normal -0.7730103905763224 -0.6343933606691053 0
    outer loop
      vertex -18.29233169555664 -12.22254467010498 122
      vertex -15.55634880065918 -15.55634880065918 98
      vertex -15.55634880065918 -15.55634880065918 122
    endloop
  endfacet
  facet normal -0.8819214660142461 0.471396359535458 0
    outer loop
      vertex -20.325347900390625 8.419034957885742 98
      vertex -18.29233169555664 12.22254467010498 122
      vertex -18.29233169555664 12.22254467010498 98
    endloop
  endfacet
  facet normal -0.8819214660142461 0.471396359535458 0
    outer loop
      vertex -18.29233169555664 12.22254467010498 122
      vertex -20.325347900390625 8.419034957885742 98
      vertex -20.325347900390625 8.419034957885742 122
    endloop
  endfacet
  facet normal 0.6343933606691053 -0.7730103905763224 0
    outer loop
      vertex 12.22254467010498 -18.29233169555664 98
      vertex 15.55634880065918 -15.55634880065918 122
      vertex 12.22254467010498 -18.29233169555664 122
    endloop
  endfacet
  facet normal 0.6343933606691053 -0.7730103905763224 0
    outer loop
      vertex 15.55634880065918 -15.55634880065918 122
      vertex 12.22254467010498 -18.29233169555664 98
      vertex 15.55634880065918 -15.55634880065918 98
    endloop
  endfacet
  facet normal -0.9951846835326996 -0.09801757833123899 0
    outer loop
      vertex -21.577274322509766 -4.291986465454102 98
      vertex -22 0 122
      vertex -22 0 98
    endloop
  endfacet
  facet normal -0.9951846835326996 -0.09801757833123899 0
    outer loop
      vertex -22 0 122
      vertex -21.577274322509766 -4.291986465454102 98
      vertex -21.577274322509766 -4.291986465454102 122
    endloop
  endfacet
  facet normal 0.8819214660142461 -0.471396359535458 0
    outer loop
      vertex 18.29233169555664 -12.22254467010498 122
      vertex 20.325347900390625 -8.419034957885742 98
      vertex 20.325347900390625 -8.419034957885742 122
    endloop
  endfacet
  facet normal 0.8819214660142461 -0.471396359535458 0
    outer loop
      vertex 20.325347900390625 -8.419034957885742 98
      vertex 18.29233169555664 -12.22254467010498 122
      vertex 18.29233169555664 -12.22254467010498 98
    endloop
  endfacet
  facet normal 0.7730103905763224 0.6343933606691053 0
    outer loop
      vertex 18.29233169555664 12.22254467010498 122
      vertex 15.55634880065918 15.55634880065918 98
      vertex 15.55634880065918 15.55634880065918 122
    endloop
  endfacet
  facet normal 0.7730103905763224 0.6343933606691053 0
    outer loop
      vertex 15.55634880065918 15.55634880065918 98
      vertex 18.29233169555664 12.22254467010498 122
      vertex 18.29233169555664 12.22254467010498 98
    endloop
  endfacet
  facet normal -0.471396359535458 0.8819214660142461 0
    outer loop
      vertex -8.419034957885742 20.325347900390625 98
      vertex -12.22254467010498 18.29233169555664 122
      vertex -8.419034957885742 20.325347900390625 122
    endloop
  endfacet
  facet normal -0.471396359535458 0.8819214660142461 0
    outer loop
      vertex -12.22254467010498 18.29233169555664 122
      vertex -8.419034957885742 20.325347900390625 98
      vertex -12.22254467010498 18.29233169555664 98
    endloop
  endfacet
  facet normal 0.9951846835326996 -0.09801757833123899 0
    outer loop
      vertex 21.577274322509766 -4.291986465454102 122
      vertex 22 0 98
      vertex 22 0 122
    endloop
  endfacet
  facet normal 0.9951846835326996 -0.09801757833123899 0
    outer loop
      vertex 22 0 98
      vertex 21.577274322509766 -4.291986465454102 122
      vertex 21.577274322509766 -4.291986465454102 98
    endloop
  endfacet
  facet normal -0.8819214660142461 -0.471396359535458 0
    outer loop
      vertex -18.29233169555664 -12.22254467010498 98
      vertex -20.325347900390625 -8.419034957885742 122
      vertex -20.325347900390625 -8.419034957885742 98
    endloop
  endfacet
  facet normal -0.8819214660142461 -0.471396359535458 0
    outer loop
      vertex -20.325347900390625 -8.419034957885742 122
      vertex -18.29233169555664 -12.22254467010498 98
      vertex -18.29233169555664 -12.22254467010498 122
    endloop
  endfacet
  facet normal -0.09801757833123899 -0.9951846835326996 0
    outer loop
      vertex -4.291986465454102 -21.577274322509766 98
      vertex 0 -22 122
      vertex -4.291986465454102 -21.577274322509766 122
    endloop
  endfacet
  facet normal -0.09801757833123899 -0.9951846835326996 0
    outer loop
      vertex 0 -22 122
      vertex -4.291986465454102 -21.577274322509766 98
      vertex 0 -22 98
    endloop
  endfacet
  facet normal 0.9569404630188739 0.2902842576462308 0
    outer loop
      vertex 22.558059692382812 4.487076759338379 128
      vertex 21.249229431152344 8.801718711853027 122
      vertex 21.249229431152344 8.801718711853027 128
    endloop
  endfacet
  facet normal 0.9569404630188739 0.2902842576462308 0
    outer loop
      vertex 21.249229431152344 8.801718711853027 122
      vertex 22.558059692382812 4.487076759338379 128
      vertex 22.558059692382812 4.487076759338379 122
    endloop
  endfacet
  facet normal 0.9951846872840285 0.09801754024352116 0
    outer loop
      vertex 23 0 128
      vertex 22.558059692382812 4.487076759338379 122
      vertex 22.558059692382812 4.487076759338379 128
    endloop
  endfacet
  facet normal 0.9951846872840285 0.09801754024352116 0
    outer loop
      vertex 22.558059692382812 4.487076759338379 122
      vertex 23 0 128
      vertex 23 0 122
    endloop
  endfacet
  facet normal -0.7730102457204706 0.6343935371763946 0
    outer loop
      vertex -19.12380027770996 12.778115272521973 122
      vertex -16.26345443725586 16.26345443725586 128
      vertex -16.26345443725586 16.26345443725586 122
    endloop
  endfacet
  facet normal -0.7730102457204706 0.6343935371763946 0
    outer loop
      vertex -16.26345443725586 16.26345443725586 128
      vertex -19.12380027770996 12.778115272521973 122
      vertex -19.12380027770996 12.778115272521973 128
    endloop
  endfacet
  facet normal 0.881921180366866 -0.4713968939442791 0
    outer loop
      vertex 19.12380027770996 -12.778115272521973 128
      vertex 21.249229431152344 -8.801718711853027 122
      vertex 21.249229431152344 -8.801718711853027 128
    endloop
  endfacet
  facet normal 0.881921180366866 -0.4713968939442791 0
    outer loop
      vertex 21.249229431152344 -8.801718711853027 122
      vertex 19.12380027770996 -12.778115272521973 128
      vertex 19.12380027770996 -12.778115272521973 122
    endloop
  endfacet
  facet normal -0.9951846872840285 0.09801754024352116 0
    outer loop
      vertex -23 0 122
      vertex -22.558059692382812 4.487076759338379 128
      vertex -22.558059692382812 4.487076759338379 122
    endloop
  endfacet
  facet normal -0.9951846872840285 0.09801754024352116 0
    outer loop
      vertex -22.558059692382812 4.487076759338379 128
      vertex -23 0 122
      vertex -23 0 128
    endloop
  endfacet
  facet normal -0.881921180366866 0.4713968939442791 0
    outer loop
      vertex -21.249229431152344 8.801718711853027 122
      vertex -19.12380027770996 12.778115272521973 128
      vertex -19.12380027770996 12.778115272521973 122
    endloop
  endfacet
  facet normal -0.881921180366866 0.4713968939442791 0
    outer loop
      vertex -19.12380027770996 12.778115272521973 128
      vertex -21.249229431152344 8.801718711853027 122
      vertex -21.249229431152344 8.801718711853027 128
    endloop
  endfacet
  facet normal -0.9569404630188739 0.2902842576462308 0
    outer loop
      vertex -22.558059692382812 4.487076759338379 122
      vertex -21.249229431152344 8.801718711853027 128
      vertex -21.249229431152344 8.801718711853027 122
    endloop
  endfacet
  facet normal -0.9569404630188739 0.2902842576462308 0
    outer loop
      vertex -21.249229431152344 8.801718711853027 128
      vertex -22.558059692382812 4.487076759338379 122
      vertex -22.558059692382812 4.487076759338379 128
    endloop
  endfacet
  facet normal 0 0 -1
    outer loop
      vertex 22 0 122
      vertex 23 0 122
      vertex 22.558059692382812 -4.487076759338379 122
    endloop
  endfacet
  facet normal 0 0 -1
    outer loop
      vertex 23 0 122
      vertex 22 0 122
      vertex 22.558059692382812 4.487076759338379 122
    endloop
  endfacet
  facet normal 0 0 -1
    outer loop
      vertex 22.558059692382812 -4.487076759338379 122
      vertex 21.577274322509766 -4.291986465454102 122
      vertex 22 0 122
    endloop
  endfacet
  facet normal 0 0 -1
    outer loop
      vertex 21.249229431152344 -8.801718711853027 122
      vertex 21.577274322509766 -4.291986465454102 122
      vertex 22.558059692382812 -4.487076759338379 122
    endloop
  endfacet
  facet normal 0 0 -1
    outer loop
      vertex 21.249229431152344 -8.801718711853027 122
      vertex 20.325347900390625 -8.419034957885742 122
      vertex 21.577274322509766 -4.291986465454102 122
    endloop
  endfacet
  facet normal 0 0 -1
    outer loop
      vertex 19.12380027770996 -12.778115272521973 122
      vertex 20.325347900390625 -8.419034957885742 122
      vertex 21.249229431152344 -8.801718711853027 122
    endloop
  endfacet
  facet normal 0 0 -1
    outer loop
      vertex 19.12380027770996 -12.778115272521973 122
      vertex 18.29233169555664 -12.22254467010498 122
      vertex 20.325347900390625 -8.419034957885742 122
    endloop
  endfacet
  facet normal 0 0 -1
    outer loop
      vertex 16.26345443725586 -16.26345443725586 122
      vertex 18.29233169555664 -12.22254467010498 122
      vertex 19.12380027770996 -12.778115272521973 122
    endloop
  endfacet
  facet normal 0 0 -1
    outer loop
      vertex 16.26345443725586 -16.26345443725586 122
      vertex 15.55634880065918 -15.55634880065918 122
      vertex 18.29233169555664 -12.22254467010498 122
    endloop
  endfacet
  facet normal 0 0 -1
    outer loop
      vertex 12.778115272521973 -19.12380027770996 122
      vertex 15.55634880065918 -15.55634880065918 122
      vertex 16.26345443725586 -16.26345443725586 122
    endloop
  endfacet
  facet normal 0 0 -1
    outer loop
      vertex 12.778115272521973 -19.12380027770996 122
      vertex 12.22254467010498 -18.29233169555664 122
      vertex 15.55634880065918 -15.55634880065918 122
    endloop
  endfacet
  facet normal 0 0 -1
    outer loop
      vertex 8.801718711853027 -21.249229431152344 122
      vertex 12.22254467010498 -18.29233169555664 122
      vertex 12.778115272521973 -19.12380027770996 122
    endloop
  endfacet
  facet normal 0 0 -1
    outer loop
      vertex 8.801718711853027 -21.249229431152344 122
      vertex 8.419034957885742 -20.325347900390625 122
      vertex 12.22254467010498 -18.29233169555664 122
    endloop
  endfacet
  facet normal 0 0 -1
    outer loop
      vertex 4.487076759338379 -22.558059692382812 122
      vertex 8.419034957885742 -20.325347900390625 122
      vertex 8.801718711853027 -21.249229431152344 122
    endloop
  endfacet
  facet normal 0 0 -1
    outer loop
      vertex 4.487076759338379 -22.558059692382812 122
      vertex 4.291986465454102 -21.577274322509766 122
      vertex 8.419034957885742 -20.325347900390625 122
    endloop
  endfacet
  facet normal 0 0 -1
    outer loop
      vertex 0 -23 122
      vertex 4.291986465454102 -21.577274322509766 122
      vertex 4.487076759338379 -22.558059692382812 122
    endloop
  endfacet
  facet normal 0 0 -1
    outer loop
      vertex 0 -23 122
      vertex 0 -22 122
      vertex 4.291986465454102 -21.577274322509766 122
    endloop
  endfacet
  facet normal 0 0 -1
    outer loop
      vertex 0 -23 122
      vertex -4.291986465454102 -21.577274322509766 122
      vertex 0 -22 122
    endloop
  endfacet
  facet normal 0 0 -1
    outer loop
      vertex -4.487076759338379 -22.558059692382812 122
      vertex -4.291986465454102 -21.577274322509766 122
      vertex 0 -23 122
    endloop
  endfacet
  facet normal 0 0 -1
    outer loop
      vertex -4.487076759338379 -22.558059692382812 122
      vertex -8.419034957885742 -20.325347900390625 122
      vertex -4.291986465454102 -21.577274322509766 122
    endloop
  endfacet
  facet normal 0 0 -1
    outer loop
      vertex -8.801718711853027 -21.249229431152344 122
      vertex -8.419034957885742 -20.325347900390625 122
      vertex -4.487076759338379 -22.558059692382812 122
    endloop
  endfacet
  facet normal 0 0 -1
    outer loop
      vertex -8.801718711853027 -21.249229431152344 122
      vertex -12.22254467010498 -18.29233169555664 122
      vertex -8.419034957885742 -20.325347900390625 122
    endloop
  endfacet
  facet normal 0 0 -1
    outer loop
      vertex -12.778115272521973 -19.12380027770996 122
      vertex -12.22254467010498 -18.29233169555664 122
      vertex -8.801718711853027 -21.249229431152344 122
    endloop
  endfacet
  facet normal 0 0 -1
    outer loop
      vertex -12.778115272521973 -19.12380027770996 122
      vertex -15.55634880065918 -15.55634880065918 122
      vertex -12.22254467010498 -18.29233169555664 122
    endloop
  endfacet
  facet normal 0 0 -1
    outer loop
      vertex -16.26345443725586 -16.26345443725586 122
      vertex -15.55634880065918 -15.55634880065918 122
      vertex -12.778115272521973 -19.12380027770996 122
    endloop
  endfacet
  facet normal 0 0 -1
    outer loop
      vertex -16.26345443725586 -16.26345443725586 122
      vertex -18.29233169555664 -12.22254467010498 122
      vertex -15.55634880065918 -15.55634880065918 122
    endloop
  endfacet
  facet normal 0 0 -1
    outer loop
      vertex -19.12380027770996 -12.778115272521973 122
      vertex -18.29233169555664 -12.22254467010498 122
      vertex -16.26345443725586 -16.26345443725586 122
    endloop
  endfacet
  facet normal 0 0 -1
    outer loop
      vertex -19.12380027770996 -12.778115272521973 122
      vertex -20.325347900390625 -8.419034957885742 122
      vertex -18.29233169555664 -12.22254467010498 122
    endloop
  endfacet
  facet normal 0 0 -1
    outer loop
      vertex -21.249229431152344 -8.801718711853027 122
      vertex -20.325347900390625 -8.419034957885742 122
      vertex -19.12380027770996 -12.778115272521973 122
    endloop
  endfacet
  facet normal 0 0 -1
    outer loop
      vertex -21.249229431152344 -8.801718711853027 122
      vertex -21.577274322509766 -4.291986465454102 122
      vertex -20.325347900390625 -8.419034957885742 122
    endloop
  endfacet
  facet normal 0 0 -1
    outer loop
      vertex -22.558059692382812 -4.487076759338379 122
      vertex -21.577274322509766 -4.291986465454102 122
      vertex -21.249229431152344 -8.801718711853027 122
    endloop
  endfacet
  facet normal 0 0 -1
    outer loop
      vertex -21.577274322509766 -4.291986465454102 122
      vertex -22.558059692382812 -4.487076759338379 122
      vertex -22 0 122
    endloop
  endfacet
  facet normal 0 0 -1
    outer loop
      vertex 21.577274322509766 4.291986465454102 122
      vertex 22.558059692382812 4.487076759338379 122
      vertex 22 0 122
    endloop
  endfacet
  facet normal 0 0 -1
    outer loop
      vertex 21.577274322509766 4.291986465454102 122
      vertex 21.249229431152344 8.801718711853027 122
      vertex 22.558059692382812 4.487076759338379 122
    endloop
  endfacet
  facet normal 0 0 -1
    outer loop
      vertex 20.325347900390625 8.419034957885742 122
      vertex 21.249229431152344 8.801718711853027 122
      vertex 21.577274322509766 4.291986465454102 122
    endloop
  endfacet
  facet normal 0 0 -1
    outer loop
      vertex 20.325347900390625 8.419034957885742 122
      vertex 19.12380027770996 12.778115272521973 122
      vertex 21.249229431152344 8.801718711853027 122
    endloop
  endfacet
  facet normal 0 0 -1
    outer loop
      vertex 18.29233169555664 12.22254467010498 122
      vertex 19.12380027770996 12.778115272521973 122
      vertex 20.325347900390625 8.419034957885742 122
    endloop
  endfacet
  facet normal 0 0 -1
    outer loop
      vertex 18.29233169555664 12.22254467010498 122
      vertex 16.26345443725586 16.26345443725586 122
      vertex 19.12380027770996 12.778115272521973 122
    endloop
  endfacet
  facet normal 0 0 -1
    outer loop
      vertex 15.55634880065918 15.55634880065918 122
      vertex 16.26345443725586 16.26345443725586 122
      vertex 18.29233169555664 12.22254467010498 122
    endloop
  endfacet
  facet normal 0 0 -1
    outer loop
      vertex 15.55634880065918 15.55634880065918 122
      vertex 12.778115272521973 19.12380027770996 122
      vertex 16.26345443725586 16.26345443725586 122
    endloop
  endfacet
  facet normal 0 0 -1
    outer loop
      vertex 12.22254467010498 18.29233169555664 122
      vertex 12.778115272521973 19.12380027770996 122
      vertex 15.55634880065918 15.55634880065918 122
    endloop
  endfacet
  facet normal 0 0 -1
    outer loop
      vertex 12.22254467010498 18.29233169555664 122
      vertex 8.801718711853027 21.249229431152344 122
      vertex 12.778115272521973 19.12380027770996 122
    endloop
  endfacet
  facet normal 0 0 -1
    outer loop
      vertex 8.419034957885742 20.325347900390625 122
      vertex 8.801718711853027 21.249229431152344 122
      vertex 12.22254467010498 18.29233169555664 122
    endloop
  endfacet
  facet normal 0 0 -1
    outer loop
      vertex 8.419034957885742 20.325347900390625 122
      vertex 4.487076759338379 22.558059692382812 122
      vertex 8.801718711853027 21.249229431152344 122
    endloop
  endfacet
  facet normal 0 0 -1
    outer loop
      vertex 4.291986465454102 21.577274322509766 122
      vertex 4.487076759338379 22.558059692382812 122
      vertex 8.419034957885742 20.325347900390625 122
    endloop
  endfacet
  facet normal 0 0 -1
    outer loop
      vertex 0 22 122
      vertex 4.487076759338379 22.558059692382812 122
      vertex 4.291986465454102 21.577274322509766 122
    endloop
  endfacet
  facet normal 0 0 -1
    outer loop
      vertex 0 22 122
      vertex 0 23 122
      vertex 4.487076759338379 22.558059692382812 122
    endloop
  endfacet
  facet normal 0 0 -1
    outer loop
      vertex -4.291986465454102 21.577274322509766 122
      vertex 0 23 122
      vertex 0 22 122
    endloop
  endfacet
  facet normal 0 0 -1
    outer loop
      vertex -4.291986465454102 21.577274322509766 122
      vertex -4.487076759338379 22.558059692382812 122
      vertex 0 23 122
    endloop
  endfacet
  facet normal 0 0 -1
    outer loop
      vertex -8.419034957885742 20.325347900390625 122
      vertex -4.487076759338379 22.558059692382812 122
      vertex -4.291986465454102 21.577274322509766 122
    endloop
  endfacet
  facet normal 0 0 -1
    outer loop
      vertex -8.419034957885742 20.325347900390625 122
      vertex -8.801718711853027 21.249229431152344 122
      vertex -4.487076759338379 22.558059692382812 122
    endloop
  endfacet
  facet normal 0 0 -1
    outer loop
      vertex -12.22254467010498 18.29233169555664 122
      vertex -8.801718711853027 21.249229431152344 122
      vertex -8.419034957885742 20.325347900390625 122
    endloop
  endfacet
  facet normal 0 0 -1
    outer loop
      vertex -12.22254467010498 18.29233169555664 122
      vertex -12.778115272521973 19.12380027770996 122
      vertex -8.801718711853027 21.249229431152344 122
    endloop
  endfacet
  facet normal 0 0 -1
    outer loop
      vertex -15.55634880065918 15.55634880065918 122
      vertex -12.778115272521973 19.12380027770996 122
      vertex -12.22254467010498 18.29233169555664 122
    endloop
  endfacet
  facet normal 0 0 -1
    outer loop
      vertex -15.55634880065918 15.55634880065918 122
      vertex -16.26345443725586 16.26345443725586 122
      vertex -12.778115272521973 19.12380027770996 122
    endloop
  endfacet
  facet normal 0 0 -1
    outer loop
      vertex -18.29233169555664 12.22254467010498 122
      vertex -16.26345443725586 16.26345443725586 122
      vertex -15.55634880065918 15.55634880065918 122
    endloop
  endfacet
  facet normal 0 0 -1
    outer loop
      vertex -18.29233169555664 12.22254467010498 122
      vertex -19.12380027770996 12.778115272521973 122
      vertex -16.26345443725586 16.26345443725586 122
    endloop
  endfacet
  facet normal 0 0 -1
    outer loop
      vertex -20.325347900390625 8.419034957885742 122
      vertex -19.12380027770996 12.778115272521973 122
      vertex -18.29233169555664 12.22254467010498 122
    endloop
  endfacet
  facet normal 0 0 -1
    outer loop
      vertex -20.325347900390625 8.419034957885742 122
      vertex -21.249229431152344 8.801718711853027 122
      vertex -19.12380027770996 12.778115272521973 122
    endloop
  endfacet
  facet normal 0 0 -1
    outer loop
      vertex -21.577274322509766 4.291986465454102 122
      vertex -21.249229431152344 8.801718711853027 122
      vertex -20.325347900390625 8.419034957885742 122
    endloop
  endfacet
  facet normal 0 0 -1
    outer loop
      vertex -22.558059692382812 4.487076759338379 122
      vertex -21.577274322509766 4.291986465454102 122
      vertex -22 0 122
    endloop
  endfacet
  facet normal 0 0 -1
    outer loop
      vertex -23 0 122
      vertex -22 0 122
      vertex -22.558059692382812 -4.487076759338379 122
    endloop
  endfacet
  facet normal 0 0 -1
    outer loop
      vertex -21.577274322509766 4.291986465454102 122
      vertex -22.558059692382812 4.487076759338379 122
      vertex -21.249229431152344 8.801718711853027 122
    endloop
  endfacet
  facet normal 0 0 -1
    outer loop
      vertex -22 0 122
      vertex -23 0 122
      vertex -22.558059692382812 4.487076759338379 122
    endloop
  endfacet
  facet normal 0.881921180366866 0.4713968939442791 0
    outer loop
      vertex 21.249229431152344 8.801718711853027 128
      vertex 19.12380027770996 12.778115272521973 122
      vertex 19.12380027770996 12.778115272521973 128
    endloop
  endfacet
  facet normal 0.881921180366866 0.4713968939442791 0
    outer loop
      vertex 19.12380027770996 12.778115272521973 122
      vertex 21.249229431152344 8.801718711853027 128
      vertex 21.249229431152344 8.801718711853027 122
    endloop
  endfacet
  facet normal -0.2902842576462308 -0.9569404630188739 0
    outer loop
      vertex -8.801718711853027 -21.249229431152344 122
      vertex -4.487076759338379 -22.558059692382812 128
      vertex -8.801718711853027 -21.249229431152344 128
    endloop
  endfacet
  facet normal -0.2902842576462308 -0.9569404630188739 0
    outer loop
      vertex -4.487076759338379 -22.558059692382812 128
      vertex -8.801718711853027 -21.249229431152344 122
      vertex -4.487076759338379 -22.558059692382812 122
    endloop
  endfacet
  facet normal 0.4713968939442791 0.881921180366866 0
    outer loop
      vertex 12.778115272521973 19.12380027770996 122
      vertex 8.801718711853027 21.249229431152344 128
      vertex 12.778115272521973 19.12380027770996 128
    endloop
  endfacet
  facet normal 0.4713968939442791 0.881921180366866 0
    outer loop
      vertex 8.801718711853027 21.249229431152344 128
      vertex 12.778115272521973 19.12380027770996 122
      vertex 8.801718711853027 21.249229431152344 122
    endloop
  endfacet
  facet normal -0.4713968939442791 -0.881921180366866 0
    outer loop
      vertex -12.778115272521973 -19.12380027770996 122
      vertex -8.801718711853027 -21.249229431152344 128
      vertex -12.778115272521973 -19.12380027770996 128
    endloop
  endfacet
  facet normal -0.4713968939442791 -0.881921180366866 0
    outer loop
      vertex -8.801718711853027 -21.249229431152344 128
      vertex -12.778115272521973 -19.12380027770996 122
      vertex -8.801718711853027 -21.249229431152344 122
    endloop
  endfacet
  facet normal 0.9951846872840285 -0.09801754024352116 0
    outer loop
      vertex 22.558059692382812 -4.487076759338379 128
      vertex 23 0 122
      vertex 23 0 128
    endloop
  endfacet
  facet normal 0.9951846872840285 -0.09801754024352116 0
    outer loop
      vertex 23 0 122
      vertex 22.558059692382812 -4.487076759338379 128
      vertex 22.558059692382812 -4.487076759338379 122
    endloop
  endfacet
  facet normal 0.09801754024352116 0.9951846872840285 0
    outer loop
      vertex 4.487076759338379 22.558059692382812 122
      vertex 0 23 128
      vertex 4.487076759338379 22.558059692382812 128
    endloop
  endfacet
  facet normal 0.09801754024352116 0.9951846872840285 0
    outer loop
      vertex 0 23 128
      vertex 4.487076759338379 22.558059692382812 122
      vertex 0 23 122
    endloop
  endfacet
  facet normal 0.7730102457204706 0.6343935371763946 0
    outer loop
      vertex 19.12380027770996 12.778115272521973 128
      vertex 16.26345443725586 16.26345443725586 122
      vertex 16.26345443725586 16.26345443725586 128
    endloop
  endfacet
  facet normal 0.7730102457204706 0.6343935371763946 0
    outer loop
      vertex 16.26345443725586 16.26345443725586 122
      vertex 19.12380027770996 12.778115272521973 128
      vertex 19.12380027770996 12.778115272521973 122
    endloop
  endfacet
  facet normal 0.9569404630188739 -0.2902842576462308 0
    outer loop
      vertex 21.249229431152344 -8.801718711853027 128
      vertex 22.558059692382812 -4.487076759338379 122
      vertex 22.558059692382812 -4.487076759338379 128
    endloop
  endfacet
  facet normal 0.9569404630188739 -0.2902842576462308 0
    outer loop
      vertex 22.558059692382812 -4.487076759338379 122
      vertex 21.249229431152344 -8.801718711853027 128
      vertex 21.249229431152344 -8.801718711853027 122
    endloop
  endfacet
  facet normal 0.2902842576462308 -0.9569404630188739 0
    outer loop
      vertex 4.487076759338379 -22.558059692382812 122
      vertex 8.801718711853027 -21.249229431152344 128
      vertex 4.487076759338379 -22.558059692382812 128
    endloop
  endfacet
  facet normal 0.2902842576462308 -0.9569404630188739 0
    outer loop
      vertex 8.801718711853027 -21.249229431152344 128
      vertex 4.487076759338379 -22.558059692382812 122
      vertex 8.801718711853027 -21.249229431152344 122
    endloop
  endfacet
  facet normal 0.09801754024352116 -0.9951846872840285 0
    outer loop
      vertex 0 -23 122
      vertex 4.487076759338379 -22.558059692382812 128
      vertex 0 -23 128
    endloop
  endfacet
  facet normal 0.09801754024352116 -0.9951846872840285 0
    outer loop
      vertex 4.487076759338379 -22.558059692382812 128
      vertex 0 -23 122
      vertex 4.487076759338379 -22.558059692382812 122
    endloop
  endfacet
  facet normal -0.09801754024352116 -0.9951846872840285 0
    outer loop
      vertex -4.487076759338379 -22.558059692382812 122
      vertex 0 -23 128
      vertex -4.487076759338379 -22.558059692382812 128
    endloop
  endfacet
  facet normal -0.09801754024352116 -0.9951846872840285 0
    outer loop
      vertex 0 -23 128
      vertex -4.487076759338379 -22.558059692382812 122
      vertex 0 -23 122
    endloop
  endfacet
  facet normal -0.09801754024352116 0.9951846872840285 0
    outer loop
      vertex 0 23 122
      vertex -4.487076759338379 22.558059692382812 128
      vertex 0 23 128
    endloop
  endfacet
  facet normal -0.09801754024352116 0.9951846872840285 0
    outer loop
      vertex -4.487076759338379 22.558059692382812 128
      vertex 0 23 122
      vertex -4.487076759338379 22.558059692382812 122
    endloop
  endfacet
  facet normal 0.6343935371763946 0.7730102457204706 0
    outer loop
      vertex 16.26345443725586 16.26345443725586 122
      vertex 12.778115272521973 19.12380027770996 128
      vertex 16.26345443725586 16.26345443725586 128
    endloop
  endfacet
  facet normal 0.6343935371763946 0.7730102457204706 0
    outer loop
      vertex 12.778115272521973 19.12380027770996 128
      vertex 16.26345443725586 16.26345443725586 122
      vertex 12.778115272521973 19.12380027770996 122
    endloop
  endfacet
  facet normal -0.2902842576462308 0.9569404630188739 0
    outer loop
      vertex -4.487076759338379 22.558059692382812 122
      vertex -8.801718711853027 21.249229431152344 128
      vertex -4.487076759338379 22.558059692382812 128
    endloop
  endfacet
  facet normal -0.2902842576462308 0.9569404630188739 0
    outer loop
      vertex -8.801718711853027 21.249229431152344 128
      vertex -4.487076759338379 22.558059692382812 122
      vertex -8.801718711853027 21.249229431152344 122
    endloop
  endfacet
  facet normal 0.2902842576462308 0.9569404630188739 0
    outer loop
      vertex 8.801718711853027 21.249229431152344 122
      vertex 4.487076759338379 22.558059692382812 128
      vertex 8.801718711853027 21.249229431152344 128
    endloop
  endfacet
  facet normal 0.2902842576462308 0.9569404630188739 0
    outer loop
      vertex 4.487076759338379 22.558059692382812 128
      vertex 8.801718711853027 21.249229431152344 122
      vertex 4.487076759338379 22.558059692382812 122
    endloop
  endfacet
  facet normal 0.7730102457204706 -0.6343935371763946 0
    outer loop
      vertex 16.26345443725586 -16.26345443725586 128
      vertex 19.12380027770996 -12.778115272521973 122
      vertex 19.12380027770996 -12.778115272521973 128
    endloop
  endfacet
  facet normal 0.7730102457204706 -0.6343935371763946 0
    outer loop
      vertex 19.12380027770996 -12.778115272521973 122
      vertex 16.26345443725586 -16.26345443725586 128
      vertex 16.26345443725586 -16.26345443725586 122
    endloop
  endfacet
  facet normal -0.7730102457204706 -0.6343935371763946 0
    outer loop
      vertex -16.26345443725586 -16.26345443725586 122
      vertex -19.12380027770996 -12.778115272521973 128
      vertex -19.12380027770996 -12.778115272521973 122
    endloop
  endfacet
  facet normal -0.7730102457204706 -0.6343935371763946 0
    outer loop
      vertex -19.12380027770996 -12.778115272521973 128
      vertex -16.26345443725586 -16.26345443725586 122
      vertex -16.26345443725586 -16.26345443725586 128
    endloop
  endfacet
  facet normal -0.6343935371763946 0.7730102457204706 0
    outer loop
      vertex -12.778115272521973 19.12380027770996 122
      vertex -16.26345443725586 16.26345443725586 128
      vertex -12.778115272521973 19.12380027770996 128
    endloop
  endfacet
  facet normal -0.6343935371763946 0.7730102457204706 0
    outer loop
      vertex -16.26345443725586 16.26345443725586 128
      vertex -12.778115272521973 19.12380027770996 122
      vertex -16.26345443725586 16.26345443725586 122
    endloop
  endfacet
  facet normal 0.4713968939442791 -0.881921180366866 0
    outer loop
      vertex 8.801718711853027 -21.249229431152344 122
      vertex 12.778115272521973 -19.12380027770996 128
      vertex 8.801718711853027 -21.249229431152344 128
    endloop
  endfacet
  facet normal 0.4713968939442791 -0.881921180366866 0
    outer loop
      vertex 12.778115272521973 -19.12380027770996 128
      vertex 8.801718711853027 -21.249229431152344 122
      vertex 12.778115272521973 -19.12380027770996 122
    endloop
  endfacet
  facet normal -0.9569404630188739 -0.2902842576462308 0
    outer loop
      vertex -21.249229431152344 -8.801718711853027 122
      vertex -22.558059692382812 -4.487076759338379 128
      vertex -22.558059692382812 -4.487076759338379 122
    endloop
  endfacet
  facet normal -0.9569404630188739 -0.2902842576462308 0
    outer loop
      vertex -22.558059692382812 -4.487076759338379 128
      vertex -21.249229431152344 -8.801718711853027 122
      vertex -21.249229431152344 -8.801718711853027 128
    endloop
  endfacet
  facet normal -0.6343935371763946 -0.7730102457204706 0
    outer loop
      vertex -16.26345443725586 -16.26345443725586 122
      vertex -12.778115272521973 -19.12380027770996 128
      vertex -16.26345443725586 -16.26345443725586 128
    endloop
  endfacet
  facet normal -0.6343935371763946 -0.7730102457204706 0
    outer loop
      vertex -12.778115272521973 -19.12380027770996 128
      vertex -16.26345443725586 -16.26345443725586 122
      vertex -12.778115272521973 -19.12380027770996 122
    endloop
  endfacet
  facet normal 0.6343935371763946 -0.7730102457204706 0
    outer loop
      vertex 12.778115272521973 -19.12380027770996 122
      vertex 16.26345443725586 -16.26345443725586 128
      vertex 12.778115272521973 -19.12380027770996 128
    endloop
  endfacet
  facet normal 0.6343935371763946 -0.7730102457204706 0
    outer loop
      vertex 16.26345443725586 -16.26345443725586 128
      vertex 12.778115272521973 -19.12380027770996 122
      vertex 16.26345443725586 -16.26345443725586 122
    endloop
  endfacet
  facet normal -0.4713968939442791 0.881921180366866 0
    outer loop
      vertex -8.801718711853027 21.249229431152344 122
      vertex -12.778115272521973 19.12380027770996 128
      vertex -8.801718711853027 21.249229431152344 128
    endloop
  endfacet
  facet normal -0.4713968939442791 0.881921180366866 0
    outer loop
      vertex -12.778115272521973 19.12380027770996 128
      vertex -8.801718711853027 21.249229431152344 122
      vertex -12.778115272521973 19.12380027770996 122
    endloop
  endfacet
  facet normal -0.881921180366866 -0.4713968939442791 0
    outer loop
      vertex -19.12380027770996 -12.778115272521973 122
      vertex -21.249229431152344 -8.801718711853027 128
      vertex -21.249229431152344 -8.801718711853027 122
    endloop
  endfacet
  facet normal -0.881921180366866 -0.4713968939442791 0
    outer loop
      vertex -21.249229431152344 -8.801718711853027 128
      vertex -19.12380027770996 -12.778115272521973 122
      vertex -19.12380027770996 -12.778115272521973 128
    endloop
  endfacet
  facet normal -0.9951846872840285 -0.09801754024352116 0
    outer loop
      vertex -22.558059692382812 -4.487076759338379 122
      vertex -23 0 128
      vertex -23 0 122
    endloop
  endfacet
  facet normal -0.9951846872840285 -0.09801754024352116 0
    outer loop
      vertex -23 0 128
      vertex -22.558059692382812 -4.487076759338379 122
      vertex -22.558059692382812 -4.487076759338379 128
    endloop
  endfacet
  facet normal 0 0 1
    outer loop
      vertex 21 0 128
      vertex 23 0 128
      vertex 22.558059692382812 4.487076759338379 128
    endloop
  endfacet
  facet normal 0 0 1
    outer loop
      vertex 20.59649085998535 4.096896171569824 128
      vertex 22.558059692382812 4.487076759338379 128
      vertex 21.249229431152344 8.801718711853027 128
    endloop
  endfacet
  facet normal 0 0 1
    outer loop
      vertex 23 0 128
      vertex 21 0 128
      vertex 22.558059692382812 -4.487076759338379 128
    endloop
  endfacet
  facet normal 0 0 1
    outer loop
      vertex 20.59649085998535 -4.096896171569824 128
      vertex 22.558059692382812 -4.487076759338379 128
      vertex 21 0 128
    endloop
  endfacet
  facet normal 0 0 1
    outer loop
      vertex 22.558059692382812 4.487076759338379 128
      vertex 20.59649085998535 4.096896171569824 128
      vertex 21 0 128
    endloop
  endfacet
  facet normal 0 0 1
    outer loop
      vertex 21.249229431152344 8.801718711853027 128
      vertex 19.401470184326172 8.036351203918457 128
      vertex 20.59649085998535 4.096896171569824 128
    endloop
  endfacet
  facet normal 0 0 1
    outer loop
      vertex 19.12380027770996 12.778115272521973 128
      vertex 19.401470184326172 8.036351203918457 128
      vertex 21.249229431152344 8.801718711853027 128
    endloop
  endfacet
  facet normal 0 0 1
    outer loop
      vertex 19.12380027770996 12.778115272521973 128
      vertex 17.460861206054688 11.666974067687988 128
      vertex 19.401470184326172 8.036351203918457 128
    endloop
  endfacet
  facet normal 0 0 1
    outer loop
      vertex 16.26345443725586 16.26345443725586 128
      vertex 17.460861206054688 11.666974067687988 128
      vertex 19.12380027770996 12.778115272521973 128
    endloop
  endfacet
  facet normal 0 0 1
    outer loop
      vertex 16.26345443725586 16.26345443725586 128
      vertex 14.849242210388184 14.849242210388184 128
      vertex 17.460861206054688 11.666974067687988 128
    endloop
  endfacet
  facet normal 0 0 1
    outer loop
      vertex 12.778115272521973 19.12380027770996 128
      vertex 14.849242210388184 14.849242210388184 128
      vertex 16.26345443725586 16.26345443725586 128
    endloop
  endfacet
  facet normal 0 0 1
    outer loop
      vertex 12.778115272521973 19.12380027770996 128
      vertex 11.666974067687988 17.460861206054688 128
      vertex 14.849242210388184 14.849242210388184 128
    endloop
  endfacet
  facet normal 0 0 1
    outer loop
      vertex 8.801718711853027 21.249229431152344 128
      vertex 11.666974067687988 17.460861206054688 128
      vertex 12.778115272521973 19.12380027770996 128
    endloop
  endfacet
  facet normal 0 0 1
    outer loop
      vertex 8.801718711853027 21.249229431152344 128
      vertex 8.036351203918457 19.401470184326172 128
      vertex 11.666974067687988 17.460861206054688 128
    endloop
  endfacet
  facet normal 0 0 1
    outer loop
      vertex 4.487076759338379 22.558059692382812 128
      vertex 8.036351203918457 19.401470184326172 128
      vertex 8.801718711853027 21.249229431152344 128
    endloop
  endfacet
  facet normal 0 0 1
    outer loop
      vertex 4.487076759338379 22.558059692382812 128
      vertex 4.096896171569824 20.59649085998535 128
      vertex 8.036351203918457 19.401470184326172 128
    endloop
  endfacet
  facet normal 0 0 1
    outer loop
      vertex 0 23 128
      vertex 4.096896171569824 20.59649085998535 128
      vertex 4.487076759338379 22.558059692382812 128
    endloop
  endfacet
  facet normal 0 0 1
    outer loop
      vertex 0 23 128
      vertex 0 21 128
      vertex 4.096896171569824 20.59649085998535 128
    endloop
  endfacet
  facet normal 0 0 1
    outer loop
      vertex 0 23 128
      vertex -4.096896171569824 20.59649085998535 128
      vertex 0 21 128
    endloop
  endfacet
  facet normal 0 0 1
    outer loop
      vertex -4.487076759338379 22.558059692382812 128
      vertex -4.096896171569824 20.59649085998535 128
      vertex 0 23 128
    endloop
  endfacet
  facet normal 0 0 1
    outer loop
      vertex -4.487076759338379 22.558059692382812 128
      vertex -8.036351203918457 19.401470184326172 128
      vertex -4.096896171569824 20.59649085998535 128
    endloop
  endfacet
  facet normal 0 0 1
    outer loop
      vertex -8.801718711853027 21.249229431152344 128
      vertex -8.036351203918457 19.401470184326172 128
      vertex -4.487076759338379 22.558059692382812 128
    endloop
  endfacet
  facet normal 0 0 1
    outer loop
      vertex -8.801718711853027 21.249229431152344 128
      vertex -11.666974067687988 17.460861206054688 128
      vertex -8.036351203918457 19.401470184326172 128
    endloop
  endfacet
  facet normal 0 0 1
    outer loop
      vertex -12.778115272521973 19.12380027770996 128
      vertex -11.666974067687988 17.460861206054688 128
      vertex -8.801718711853027 21.249229431152344 128
    endloop
  endfacet
  facet normal 0 0 1
    outer loop
      vertex -12.778115272521973 19.12380027770996 128
      vertex -14.849242210388184 14.849242210388184 128
      vertex -11.666974067687988 17.460861206054688 128
    endloop
  endfacet
  facet normal 0 0 1
    outer loop
      vertex -16.26345443725586 16.26345443725586 128
      vertex -14.849242210388184 14.849242210388184 128
      vertex -12.778115272521973 19.12380027770996 128
    endloop
  endfacet
  facet normal 0 0 1
    outer loop
      vertex -16.26345443725586 16.26345443725586 128
      vertex -17.460861206054688 11.666974067687988 128
      vertex -14.849242210388184 14.849242210388184 128
    endloop
  endfacet
  facet normal 0 0 1
    outer loop
      vertex -19.12380027770996 12.778115272521973 128
      vertex -17.460861206054688 11.666974067687988 128
      vertex -16.26345443725586 16.26345443725586 128
    endloop
  endfacet
  facet normal 0 0 1
    outer loop
      vertex -19.12380027770996 12.778115272521973 128
      vertex -19.401470184326172 8.036351203918457 128
      vertex -17.460861206054688 11.666974067687988 128
    endloop
  endfacet
  facet normal 0 0 1
    outer loop
      vertex -21.249229431152344 8.801718711853027 128
      vertex -19.401470184326172 8.036351203918457 128
      vertex -19.12380027770996 12.778115272521973 128
    endloop
  endfacet
  facet normal 0 0 1
    outer loop
      vertex -22.558059692382812 4.487076759338379 128
      vertex -20.59649085998535 4.096896171569824 128
      vertex -21.249229431152344 8.801718711853027 128
    endloop
  endfacet
  facet normal 0 0 1
    outer loop
      vertex -19.401470184326172 8.036351203918457 128
      vertex -21.249229431152344 8.801718711853027 128
      vertex -20.59649085998535 4.096896171569824 128
    endloop
  endfacet
  facet normal 0 0 1
    outer loop
      vertex 22.558059692382812 -4.487076759338379 128
      vertex 20.59649085998535 -4.096896171569824 128
      vertex 21.249229431152344 -8.801718711853027 128
    endloop
  endfacet
  facet normal 0 0 1
    outer loop
      vertex 19.401470184326172 -8.036351203918457 128
      vertex 21.249229431152344 -8.801718711853027 128
      vertex 20.59649085998535 -4.096896171569824 128
    endloop
  endfacet
  facet normal 0 0 1
    outer loop
      vertex 19.401470184326172 -8.036351203918457 128
      vertex 19.12380027770996 -12.778115272521973 128
      vertex 21.249229431152344 -8.801718711853027 128
    endloop
  endfacet
  facet normal 0 0 1
    outer loop
      vertex 17.460861206054688 -11.666974067687988 128
      vertex 19.12380027770996 -12.778115272521973 128
      vertex 19.401470184326172 -8.036351203918457 128
    endloop
  endfacet
  facet normal 0 0 1
    outer loop
      vertex 17.460861206054688 -11.666974067687988 128
      vertex 16.26345443725586 -16.26345443725586 128
      vertex 19.12380027770996 -12.778115272521973 128
    endloop
  endfacet
  facet normal 0 0 1
    outer loop
      vertex 14.849242210388184 -14.849242210388184 128
      vertex 16.26345443725586 -16.26345443725586 128
      vertex 17.460861206054688 -11.666974067687988 128
    endloop
  endfacet
  facet normal 0 0 1
    outer loop
      vertex 14.849242210388184 -14.849242210388184 128
      vertex 12.778115272521973 -19.12380027770996 128
      vertex 16.26345443725586 -16.26345443725586 128
    endloop
  endfacet
  facet normal 0 0 1
    outer loop
      vertex 11.666974067687988 -17.460861206054688 128
      vertex 12.778115272521973 -19.12380027770996 128
      vertex 14.849242210388184 -14.849242210388184 128
    endloop
  endfacet
  facet normal 0 0 1
    outer loop
      vertex 11.666974067687988 -17.460861206054688 128
      vertex 8.801718711853027 -21.249229431152344 128
      vertex 12.778115272521973 -19.12380027770996 128
    endloop
  endfacet
  facet normal 0 0 1
    outer loop
      vertex 8.036351203918457 -19.401470184326172 128
      vertex 8.801718711853027 -21.249229431152344 128
      vertex 11.666974067687988 -17.460861206054688 128
    endloop
  endfacet
  facet normal 0 0 1
    outer loop
      vertex 8.036351203918457 -19.401470184326172 128
      vertex 4.487076759338379 -22.558059692382812 128
      vertex 8.801718711853027 -21.249229431152344 128
    endloop
  endfacet
  facet normal 0 0 1
    outer loop
      vertex 4.096896171569824 -20.59649085998535 128
      vertex 4.487076759338379 -22.558059692382812 128
      vertex 8.036351203918457 -19.401470184326172 128
    endloop
  endfacet
  facet normal 0 0 1
    outer loop
      vertex 0 -21 128
      vertex 4.487076759338379 -22.558059692382812 128
      vertex 4.096896171569824 -20.59649085998535 128
    endloop
  endfacet
  facet normal 0 0 1
    outer loop
      vertex 0 -21 128
      vertex 0 -23 128
      vertex 4.487076759338379 -22.558059692382812 128
    endloop
  endfacet
  facet normal 0 0 1
    outer loop
      vertex -4.096896171569824 -20.59649085998535 128
      vertex 0 -23 128
      vertex 0 -21 128
    endloop
  endfacet
  facet normal 0 0 1
    outer loop
      vertex -4.096896171569824 -20.59649085998535 128
      vertex -4.487076759338379 -22.558059692382812 128
      vertex 0 -23 128
    endloop
  endfacet
  facet normal 0 0 1
    outer loop
      vertex -8.036351203918457 -19.401470184326172 128
      vertex -4.487076759338379 -22.558059692382812 128
      vertex -4.096896171569824 -20.59649085998535 128
    endloop
  endfacet
  facet normal 0 0 1
    outer loop
      vertex -8.036351203918457 -19.401470184326172 128
      vertex -8.801718711853027 -21.249229431152344 128
      vertex -4.487076759338379 -22.558059692382812 128
    endloop
  endfacet
  facet normal 0 0 1
    outer loop
      vertex -11.666974067687988 -17.460861206054688 128
      vertex -8.801718711853027 -21.249229431152344 128
      vertex -8.036351203918457 -19.401470184326172 128
    endloop
  endfacet
  facet normal 0 0 1
    outer loop
      vertex -11.666974067687988 -17.460861206054688 128
      vertex -12.778115272521973 -19.12380027770996 128
      vertex -8.801718711853027 -21.249229431152344 128
    endloop
  endfacet
  facet normal 0 0 1
    outer loop
      vertex -14.849242210388184 -14.849242210388184 128
      vertex -12.778115272521973 -19.12380027770996 128
      vertex -11.666974067687988 -17.460861206054688 128
    endloop
  endfacet
  facet normal 0 0 1
    outer loop
      vertex -14.849242210388184 -14.849242210388184 128
      vertex -16.26345443725586 -16.26345443725586 128
      vertex -12.778115272521973 -19.12380027770996 128
    endloop
  endfacet
  facet normal 0 0 1
    outer loop
      vertex -17.460861206054688 -11.666974067687988 128
      vertex -16.26345443725586 -16.26345443725586 128
      vertex -14.849242210388184 -14.849242210388184 128
    endloop
  endfacet
  facet normal 0 0 1
    outer loop
      vertex -17.460861206054688 -11.666974067687988 128
      vertex -19.12380027770996 -12.778115272521973 128
      vertex -16.26345443725586 -16.26345443725586 128
    endloop
  endfacet
  facet normal 0 0 1
    outer loop
      vertex -19.401470184326172 -8.036351203918457 128
      vertex -19.12380027770996 -12.778115272521973 128
      vertex -17.460861206054688 -11.666974067687988 128
    endloop
  endfacet
  facet normal 0 0 1
    outer loop
      vertex -21.249229431152344 -8.801718711853027 128
      vertex -19.401470184326172 -8.036351203918457 128
      vertex -20.59649085998535 -4.096896171569824 128
    endloop
  endfacet
  facet normal 0 0 1
    outer loop
      vertex -19.401470184326172 -8.036351203918457 128
      vertex -21.249229431152344 -8.801718711853027 128
      vertex -19.12380027770996 -12.778115272521973 128
    endloop
  endfacet
  facet normal 0 0 1
    outer loop
      vertex -22.558059692382812 -4.487076759338379 128
      vertex -20.59649085998535 -4.096896171569824 128
      vertex -21 0 128
    endloop
  endfacet
  facet normal 0 0 1
    outer loop
      vertex -20.59649085998535 4.096896171569824 128
      vertex -22.558059692382812 4.487076759338379 128
      vertex -21 0 128
    endloop
  endfacet
  facet normal 0 0 1
    outer loop
      vertex -23 0 128
      vertex -21 0 128
      vertex -22.558059692382812 4.487076759338379 128
    endloop
  endfacet
  facet normal 0 0 1
    outer loop
      vertex -20.59649085998535 -4.096896171569824 128
      vertex -22.558059692382812 -4.487076759338379 128
      vertex -21.249229431152344 -8.801718711853027 128
    endloop
  endfacet
  facet normal 0 0 1
    outer loop
      vertex -21 0 128
      vertex -23 0 128
      vertex -22.558059692382812 -4.487076759338379 128
    endloop
  endfacet
  facet normal -0.7730105695994308 -0.6343931425287977 0
    outer loop
      vertex 17.460861206054688 11.666974067687988 122
      vertex 14.849242210388184 14.849242210388184 128
      vertex 14.849242210388184 14.849242210388184 122
    endloop
  endfacet
  facet normal -0.7730105695994308 -0.6343931425287977 0
    outer loop
      vertex 14.849242210388184 14.849242210388184 128
      vertex 17.460861206054688 11.666974067687988 122
      vertex 17.460861206054688 11.666974067687988 128
    endloop
  endfacet
  facet normal -0.9569403319281109 -0.2902846897948924 0
    outer loop
      vertex 20.59649085998535 4.096896171569824 122
      vertex 19.401470184326172 8.036351203918457 128
      vertex 19.401470184326172 8.036351203918457 122
    endloop
  endfacet
  facet normal -0.9569403319281109 -0.2902846897948924 0
    outer loop
      vertex 19.401470184326172 8.036351203918457 128
      vertex 20.59649085998535 4.096896171569824 122
      vertex 20.59649085998535 4.096896171569824 128
    endloop
  endfacet
  facet normal -0.9951847246186056 -0.09801716118002048 0
    outer loop
      vertex 21 0 122
      vertex 20.59649085998535 4.096896171569824 128
      vertex 20.59649085998535 4.096896171569824 122
    endloop
  endfacet
  facet normal -0.9951847246186056 -0.09801716118002048 0
    outer loop
      vertex 20.59649085998535 4.096896171569824 128
      vertex 21 0 122
      vertex 21 0 128
    endloop
  endfacet
  facet normal 0.09801716118002048 -0.9951847246186056 0
    outer loop
      vertex -4.096896171569824 20.59649085998535 122
      vertex 0 21 128
      vertex -4.096896171569824 20.59649085998535 128
    endloop
  endfacet
  facet normal 0.09801716118002048 -0.9951847246186056 0
    outer loop
      vertex 0 21 128
      vertex -4.096896171569824 20.59649085998535 122
      vertex 0 21 122
    endloop
  endfacet
  facet normal 0.9569403319281109 -0.2902846897948924 0
    outer loop
      vertex -20.59649085998535 4.096896171569824 128
      vertex -19.401470184326172 8.036351203918457 122
      vertex -19.401470184326172 8.036351203918457 128
    endloop
  endfacet
  facet normal 0.9569403319281109 -0.2902846897948924 0
    outer loop
      vertex -19.401470184326172 8.036351203918457 122
      vertex -20.59649085998535 4.096896171569824 128
      vertex -20.59649085998535 4.096896171569824 122
    endloop
  endfacet
  facet normal -0.09801716118002048 0.9951847246186056 0
    outer loop
      vertex 4.096896171569824 -20.59649085998535 122
      vertex 0 -21 128
      vertex 4.096896171569824 -20.59649085998535 128
    endloop
  endfacet
  facet normal -0.09801716118002048 0.9951847246186056 0
    outer loop
      vertex 0 -21 128
      vertex 4.096896171569824 -20.59649085998535 122
      vertex 0 -21 122
    endloop
  endfacet
  facet normal -0.9951847246186056 0.09801716118002048 0
    outer loop
      vertex 20.59649085998535 -4.096896171569824 122
      vertex 21 0 128
      vertex 21 0 122
    endloop
  endfacet
  facet normal -0.9951847246186056 0.09801716118002048 0
    outer loop
      vertex 21 0 128
      vertex 20.59649085998535 -4.096896171569824 122
      vertex 20.59649085998535 -4.096896171569824 128
    endloop
  endfacet
  facet normal 0.47139685531528075 0.8819212010145034 0
    outer loop
      vertex -8.036351203918457 -19.401470184326172 122
      vertex -11.666974067687988 -17.460861206054688 128
      vertex -8.036351203918457 -19.401470184326172 128
    endloop
  endfacet
  facet normal 0.47139685531528075 0.8819212010145034 0
    outer loop
      vertex -11.666974067687988 -17.460861206054688 128
      vertex -8.036351203918457 -19.401470184326172 122
      vertex -11.666974067687988 -17.460861206054688 122
    endloop
  endfacet
  facet normal -0.8819212010145034 -0.47139685531528075 0
    outer loop
      vertex 19.401470184326172 8.036351203918457 122
      vertex 17.460861206054688 11.666974067687988 128
      vertex 17.460861206054688 11.666974067687988 122
    endloop
  endfacet
  facet normal -0.8819212010145034 -0.47139685531528075 0
    outer loop
      vertex 17.460861206054688 11.666974067687988 128
      vertex 19.401470184326172 8.036351203918457 122
      vertex 19.401470184326172 8.036351203918457 128
    endloop
  endfacet
  facet normal -0.6343931425287977 0.7730105695994308 0
    outer loop
      vertex 14.849242210388184 -14.849242210388184 122
      vertex 11.666974067687988 -17.460861206054688 128
      vertex 14.849242210388184 -14.849242210388184 128
    endloop
  endfacet
  facet normal -0.6343931425287977 0.7730105695994308 0
    outer loop
      vertex 11.666974067687988 -17.460861206054688 128
      vertex 14.849242210388184 -14.849242210388184 122
      vertex 11.666974067687988 -17.460861206054688 122
    endloop
  endfacet
  facet normal -0.47139685531528075 0.8819212010145034 0
    outer loop
      vertex 11.666974067687988 -17.460861206054688 122
      vertex 8.036351203918457 -19.401470184326172 128
      vertex 11.666974067687988 -17.460861206054688 128
    endloop
  endfacet
  facet normal -0.47139685531528075 0.8819212010145034 0
    outer loop
      vertex 8.036351203918457 -19.401470184326172 128
      vertex 11.666974067687988 -17.460861206054688 122
      vertex 8.036351203918457 -19.401470184326172 122
    endloop
  endfacet
  facet normal -0.09801716118002048 -0.9951847246186056 0
    outer loop
      vertex 0 21 122
      vertex 4.096896171569824 20.59649085998535 128
      vertex 0 21 128
    endloop
  endfacet
  facet normal -0.09801716118002048 -0.9951847246186056 0
    outer loop
      vertex 4.096896171569824 20.59649085998535 128
      vertex 0 21 122
      vertex 4.096896171569824 20.59649085998535 122
    endloop
  endfacet
  facet normal 0.9951847246186056 -0.09801716118002048 0
    outer loop
      vertex -21 0 128
      vertex -20.59649085998535 4.096896171569824 122
      vertex -20.59649085998535 4.096896171569824 128
    endloop
  endfacet
  facet normal 0.9951847246186056 -0.09801716118002048 0
    outer loop
      vertex -20.59649085998535 4.096896171569824 122
      vertex -21 0 128
      vertex -21 0 122
    endloop
  endfacet
  facet normal 0.7730105695994308 -0.6343931425287977 0
    outer loop
      vertex -17.460861206054688 11.666974067687988 128
      vertex -14.849242210388184 14.849242210388184 122
      vertex -14.849242210388184 14.849242210388184 128
    endloop
  endfacet
  facet normal 0.7730105695994308 -0.6343931425287977 0
    outer loop
      vertex -14.849242210388184 14.849242210388184 122
      vertex -17.460861206054688 11.666974067687988 128
      vertex -17.460861206054688 11.666974067687988 122
    endloop
  endfacet
  facet normal -0.47139685531528075 -0.8819212010145034 0
    outer loop
      vertex 8.036351203918457 19.401470184326172 122
      vertex 11.666974067687988 17.460861206054688 128
      vertex 8.036351203918457 19.401470184326172 128
    endloop
  endfacet
  facet normal -0.47139685531528075 -0.8819212010145034 0
    outer loop
      vertex 11.666974067687988 17.460861206054688 128
      vertex 8.036351203918457 19.401470184326172 122
      vertex 11.666974067687988 17.460861206054688 122
    endloop
  endfacet
  facet normal -0.7730105695994308 0.6343931425287977 0
    outer loop
      vertex 14.849242210388184 -14.849242210388184 122
      vertex 17.460861206054688 -11.666974067687988 128
      vertex 17.460861206054688 -11.666974067687988 122
    endloop
  endfacet
  facet normal -0.7730105695994308 0.6343931425287977 0
    outer loop
      vertex 17.460861206054688 -11.666974067687988 128
      vertex 14.849242210388184 -14.849242210388184 122
      vertex 14.849242210388184 -14.849242210388184 128
    endloop
  endfacet
  facet normal 0.6343931425287977 -0.7730105695994308 0
    outer loop
      vertex -14.849242210388184 14.849242210388184 122
      vertex -11.666974067687988 17.460861206054688 128
      vertex -14.849242210388184 14.849242210388184 128
    endloop
  endfacet
  facet normal 0.6343931425287977 -0.7730105695994308 0
    outer loop
      vertex -11.666974067687988 17.460861206054688 128
      vertex -14.849242210388184 14.849242210388184 122
      vertex -11.666974067687988 17.460861206054688 122
    endloop
  endfacet
  facet normal 0.2902846897948924 0.9569403319281109 0
    outer loop
      vertex -4.096896171569824 -20.59649085998535 122
      vertex -8.036351203918457 -19.401470184326172 128
      vertex -4.096896171569824 -20.59649085998535 128
    endloop
  endfacet
  facet normal 0.2902846897948924 0.9569403319281109 0
    outer loop
      vertex -8.036351203918457 -19.401470184326172 128
      vertex -4.096896171569824 -20.59649085998535 122
      vertex -8.036351203918457 -19.401470184326172 122
    endloop
  endfacet
  facet normal 0.9569403319281109 0.2902846897948924 0
    outer loop
      vertex -19.401470184326172 -8.036351203918457 128
      vertex -20.59649085998535 -4.096896171569824 122
      vertex -20.59649085998535 -4.096896171569824 128
    endloop
  endfacet
  facet normal 0.9569403319281109 0.2902846897948924 0
    outer loop
      vertex -20.59649085998535 -4.096896171569824 122
      vertex -19.401470184326172 -8.036351203918457 128
      vertex -19.401470184326172 -8.036351203918457 122
    endloop
  endfacet
  facet normal -0.6343931425287977 -0.7730105695994308 0
    outer loop
      vertex 11.666974067687988 17.460861206054688 122
      vertex 14.849242210388184 14.849242210388184 128
      vertex 11.666974067687988 17.460861206054688 128
    endloop
  endfacet
  facet normal -0.6343931425287977 -0.7730105695994308 0
    outer loop
      vertex 14.849242210388184 14.849242210388184 128
      vertex 11.666974067687988 17.460861206054688 122
      vertex 14.849242210388184 14.849242210388184 122
    endloop
  endfacet
  facet normal -0.8819212010145034 0.47139685531528075 0
    outer loop
      vertex 17.460861206054688 -11.666974067687988 122
      vertex 19.401470184326172 -8.036351203918457 128
      vertex 19.401470184326172 -8.036351203918457 122
    endloop
  endfacet
  facet normal -0.8819212010145034 0.47139685531528075 0
    outer loop
      vertex 19.401470184326172 -8.036351203918457 128
      vertex 17.460861206054688 -11.666974067687988 122
      vertex 17.460861206054688 -11.666974067687988 128
    endloop
  endfacet
  facet normal 0.09801716118002048 0.9951847246186056 0
    outer loop
      vertex 0 -21 122
      vertex -4.096896171569824 -20.59649085998535 128
      vertex 0 -21 128
    endloop
  endfacet
  facet normal 0.09801716118002048 0.9951847246186056 0
    outer loop
      vertex -4.096896171569824 -20.59649085998535 128
      vertex 0 -21 122
      vertex -4.096896171569824 -20.59649085998535 122
    endloop
  endfacet
  facet normal -0.9569403319281109 0.2902846897948924 0
    outer loop
      vertex 19.401470184326172 -8.036351203918457 122
      vertex 20.59649085998535 -4.096896171569824 128
      vertex 20.59649085998535 -4.096896171569824 122
    endloop
  endfacet
  facet normal -0.9569403319281109 0.2902846897948924 0
    outer loop
      vertex 20.59649085998535 -4.096896171569824 128
      vertex 19.401470184326172 -8.036351203918457 122
      vertex 19.401470184326172 -8.036351203918457 128
    endloop
  endfacet
  facet normal 0.8819212010145034 0.47139685531528075 0
    outer loop
      vertex -17.460861206054688 -11.666974067687988 128
      vertex -19.401470184326172 -8.036351203918457 122
      vertex -19.401470184326172 -8.036351203918457 128
    endloop
  endfacet
  facet normal 0.8819212010145034 0.47139685531528075 0
    outer loop
      vertex -19.401470184326172 -8.036351203918457 122
      vertex -17.460861206054688 -11.666974067687988 128
      vertex -17.460861206054688 -11.666974067687988 122
    endloop
  endfacet
  facet normal 0.9951847246186056 0.09801716118002048 0
    outer loop
      vertex -20.59649085998535 -4.096896171569824 128
      vertex -21 0 122
      vertex -21 0 128
    endloop
  endfacet
  facet normal 0.9951847246186056 0.09801716118002048 0
    outer loop
      vertex -21 0 122
      vertex -20.59649085998535 -4.096896171569824 128
      vertex -20.59649085998535 -4.096896171569824 122
    endloop
  endfacet
  facet normal -0.2902846897948924 -0.9569403319281109 0
    outer loop
      vertex 4.096896171569824 20.59649085998535 122
      vertex 8.036351203918457 19.401470184326172 128
      vertex 4.096896171569824 20.59649085998535 128
    endloop
  endfacet
  facet normal -0.2902846897948924 -0.9569403319281109 0
    outer loop
      vertex 8.036351203918457 19.401470184326172 128
      vertex 4.096896171569824 20.59649085998535 122
      vertex 8.036351203918457 19.401470184326172 122
    endloop
  endfacet
  facet normal -0.2902846897948924 0.9569403319281109 0
    outer loop
      vertex 8.036351203918457 -19.401470184326172 122
      vertex 4.096896171569824 -20.59649085998535 128
      vertex 8.036351203918457 -19.401470184326172 128
    endloop
  endfacet
  facet normal -0.2902846897948924 0.9569403319281109 0
    outer loop
      vertex 4.096896171569824 -20.59649085998535 128
      vertex 8.036351203918457 -19.401470184326172 122
      vertex 4.096896171569824 -20.59649085998535 122
    endloop
  endfacet
  facet normal 0.7730105695994308 0.6343931425287977 0
    outer loop
      vertex -14.849242210388184 -14.849242210388184 128
      vertex -17.460861206054688 -11.666974067687988 122
      vertex -17.460861206054688 -11.666974067687988 128
    endloop
  endfacet
  facet normal 0.7730105695994308 0.6343931425287977 0
    outer loop
      vertex -17.460861206054688 -11.666974067687988 122
      vertex -14.849242210388184 -14.849242210388184 128
      vertex -14.849242210388184 -14.849242210388184 122
    endloop
  endfacet
  facet normal 0.6343931425287977 0.7730105695994308 0
    outer loop
      vertex -11.666974067687988 -17.460861206054688 122
      vertex -14.849242210388184 -14.849242210388184 128
      vertex -11.666974067687988 -17.460861206054688 128
    endloop
  endfacet
  facet normal 0.6343931425287977 0.7730105695994308 0
    outer loop
      vertex -14.849242210388184 -14.849242210388184 128
      vertex -11.666974067687988 -17.460861206054688 122
      vertex -14.849242210388184 -14.849242210388184 122
    endloop
  endfacet
  facet normal 0 0 1
    outer loop
      vertex 17 0 122
      vertex 21 0 122
      vertex 20.59649085998535 4.096896171569824 122
    endloop
  endfacet
  facet normal 0 0 1
    outer loop
      vertex 16.673349380493164 3.316534996032715 122
      vertex 20.59649085998535 4.096896171569824 122
      vertex 19.401470184326172 8.036351203918457 122
    endloop
  endfacet
  facet normal 0 0 1
    outer loop
      vertex 21 0 122
      vertex 17 0 122
      vertex 20.59649085998535 -4.096896171569824 122
    endloop
  endfacet
  facet normal 0 0 1
    outer loop
      vertex 15.705951690673828 6.505618095397949 122
      vertex 19.401470184326172 8.036351203918457 122
      vertex 17.460861206054688 11.666974067687988 122
    endloop
  endfacet
  facet normal 0 0 1
    outer loop
      vertex 16.673349380493164 -3.316534996032715 122
      vertex 20.59649085998535 -4.096896171569824 122
      vertex 17 0 122
    endloop
  endfacet
  facet normal 0 0 1
    outer loop
      vertex 20.59649085998535 -4.096896171569824 122
      vertex 16.673349380493164 -3.316534996032715 122
      vertex 19.401470184326172 -8.036351203918457 122
    endloop
  endfacet
  facet normal 0 0 1
    outer loop
      vertex 20.59649085998535 4.096896171569824 122
      vertex 16.673349380493164 3.316534996032715 122
      vertex 17 0 122
    endloop
  endfacet
  facet normal 0 0 1
    outer loop
      vertex 19.401470184326172 8.036351203918457 122
      vertex 15.705951690673828 6.505618095397949 122
      vertex 16.673349380493164 3.316534996032715 122
    endloop
  endfacet
  facet normal 0 0 1
    outer loop
      vertex 14.13498306274414 9.444693565368652 122
      vertex 17.460861206054688 11.666974067687988 122
      vertex 14.849242210388184 14.849242210388184 122
    endloop
  endfacet
  facet normal 0 0 1
    outer loop
      vertex 17.460861206054688 11.666974067687988 122
      vertex 14.13498306274414 9.444693565368652 122
      vertex 15.705951690673828 6.505618095397949 122
    endloop
  endfacet
  facet normal 0 0 1
    outer loop
      vertex 14.849242210388184 14.849242210388184 122
      vertex 12.020814895629883 12.020814895629883 122
      vertex 14.13498306274414 9.444693565368652 122
    endloop
  endfacet
  facet normal 0 0 1
    outer loop
      vertex 11.666974067687988 17.460861206054688 122
      vertex 12.020814895629883 12.020814895629883 122
      vertex 14.849242210388184 14.849242210388184 122
    endloop
  endfacet
  facet normal 0 0 1
    outer loop
      vertex 11.666974067687988 17.460861206054688 122
      vertex 9.444693565368652 14.13498306274414 122
      vertex 12.020814895629883 12.020814895629883 122
    endloop
  endfacet
  facet normal 0 0 1
    outer loop
      vertex 8.036351203918457 19.401470184326172 122
      vertex 9.444693565368652 14.13498306274414 122
      vertex 11.666974067687988 17.460861206054688 122
    endloop
  endfacet
  facet normal 0 0 1
    outer loop
      vertex 8.036351203918457 19.401470184326172 122
      vertex 6.505618095397949 15.705951690673828 122
      vertex 9.444693565368652 14.13498306274414 122
    endloop
  endfacet
  facet normal 0 0 1
    outer loop
      vertex 4.096896171569824 20.59649085998535 122
      vertex 6.505618095397949 15.705951690673828 122
      vertex 8.036351203918457 19.401470184326172 122
    endloop
  endfacet
  facet normal 0 0 1
    outer loop
      vertex 4.096896171569824 20.59649085998535 122
      vertex 3.316534996032715 16.673349380493164 122
      vertex 6.505618095397949 15.705951690673828 122
    endloop
  endfacet
  facet normal 0 0 1
    outer loop
      vertex 0 21 122
      vertex 3.316534996032715 16.673349380493164 122
      vertex 4.096896171569824 20.59649085998535 122
    endloop
  endfacet
  facet normal 0 0 1
    outer loop
      vertex 0 21 122
      vertex 0 17 122
      vertex 3.316534996032715 16.673349380493164 122
    endloop
  endfacet
  facet normal 0 0 1
    outer loop
      vertex 0 21 122
      vertex -3.316534996032715 16.673349380493164 122
      vertex 0 17 122
    endloop
  endfacet
  facet normal 0 0 1
    outer loop
      vertex -4.096896171569824 20.59649085998535 122
      vertex -3.316534996032715 16.673349380493164 122
      vertex 0 21 122
    endloop
  endfacet
  facet normal 0 0 1
    outer loop
      vertex -4.096896171569824 20.59649085998535 122
      vertex -6.505618095397949 15.705951690673828 122
      vertex -3.316534996032715 16.673349380493164 122
    endloop
  endfacet
  facet normal 0 0 1
    outer loop
      vertex -8.036351203918457 19.401470184326172 122
      vertex -6.505618095397949 15.705951690673828 122
      vertex -4.096896171569824 20.59649085998535 122
    endloop
  endfacet
  facet normal 0 0 1
    outer loop
      vertex -8.036351203918457 19.401470184326172 122
      vertex -9.444693565368652 14.13498306274414 122
      vertex -6.505618095397949 15.705951690673828 122
    endloop
  endfacet
  facet normal 0 0 1
    outer loop
      vertex -11.666974067687988 17.460861206054688 122
      vertex -9.444693565368652 14.13498306274414 122
      vertex -8.036351203918457 19.401470184326172 122
    endloop
  endfacet
  facet normal 0 0 1
    outer loop
      vertex -11.666974067687988 17.460861206054688 122
      vertex -12.020814895629883 12.020814895629883 122
      vertex -9.444693565368652 14.13498306274414 122
    endloop
  endfacet
  facet normal 0 0 1
    outer loop
      vertex -14.849242210388184 14.849242210388184 122
      vertex -12.020814895629883 12.020814895629883 122
      vertex -11.666974067687988 17.460861206054688 122
    endloop
  endfacet
  facet normal 0 0 1
    outer loop
      vertex -12.020814895629883 12.020814895629883 122
      vertex -14.849242210388184 14.849242210388184 122
      vertex -14.13498306274414 9.444693565368652 122
    endloop
  endfacet
  facet normal 0 0 1
    outer loop
      vertex -17.460861206054688 11.666974067687988 122
      vertex -14.13498306274414 9.444693565368652 122
      vertex -14.849242210388184 14.849242210388184 122
    endloop
  endfacet
  facet normal 0 0 1
    outer loop
      vertex -14.13498306274414 9.444693565368652 122
      vertex -17.460861206054688 11.666974067687988 122
      vertex -15.705951690673828 6.505618095397949 122
    endloop
  endfacet
  facet normal 0 0 1
    outer loop
      vertex -15.705951690673828 6.505618095397949 122
      vertex -19.401470184326172 8.036351203918457 122
      vertex -16.673349380493164 3.316534996032715 122
    endloop
  endfacet
  facet normal 0 0 1
    outer loop
      vertex -19.401470184326172 8.036351203918457 122
      vertex -15.705951690673828 6.505618095397949 122
      vertex -17.460861206054688 11.666974067687988 122
    endloop
  endfacet
  facet normal 0 0 1
    outer loop
      vertex 15.705951690673828 -6.505618095397949 122
      vertex 19.401470184326172 -8.036351203918457 122
      vertex 16.673349380493164 -3.316534996032715 122
    endloop
  endfacet
  facet normal 0 0 1
    outer loop
      vertex 19.401470184326172 -8.036351203918457 122
      vertex 15.705951690673828 -6.505618095397949 122
      vertex 17.460861206054688 -11.666974067687988 122
    endloop
  endfacet
  facet normal 0 0 1
    outer loop
      vertex 14.13498306274414 -9.444693565368652 122
      vertex 17.460861206054688 -11.666974067687988 122
      vertex 15.705951690673828 -6.505618095397949 122
    endloop
  endfacet
  facet normal 0 0 1
    outer loop
      vertex 17.460861206054688 -11.666974067687988 122
      vertex 14.13498306274414 -9.444693565368652 122
      vertex 14.849242210388184 -14.849242210388184 122
    endloop
  endfacet
  facet normal 0 0 1
    outer loop
      vertex 12.020814895629883 -12.020814895629883 122
      vertex 14.849242210388184 -14.849242210388184 122
      vertex 14.13498306274414 -9.444693565368652 122
    endloop
  endfacet
  facet normal 0 0 1
    outer loop
      vertex 12.020814895629883 -12.020814895629883 122
      vertex 11.666974067687988 -17.460861206054688 122
      vertex 14.849242210388184 -14.849242210388184 122
    endloop
  endfacet
  facet normal 0 0 1
    outer loop
      vertex 9.444693565368652 -14.13498306274414 122
      vertex 11.666974067687988 -17.460861206054688 122
      vertex 12.020814895629883 -12.020814895629883 122
    endloop
  endfacet
  facet normal 0 0 1
    outer loop
      vertex 9.444693565368652 -14.13498306274414 122
      vertex 8.036351203918457 -19.401470184326172 122
      vertex 11.666974067687988 -17.460861206054688 122
    endloop
  endfacet
  facet normal 0 0 1
    outer loop
      vertex 6.505618095397949 -15.705951690673828 122
      vertex 8.036351203918457 -19.401470184326172 122
      vertex 9.444693565368652 -14.13498306274414 122
    endloop
  endfacet
  facet normal 0 0 1
    outer loop
      vertex 6.505618095397949 -15.705951690673828 122
      vertex 4.096896171569824 -20.59649085998535 122
      vertex 8.036351203918457 -19.401470184326172 122
    endloop
  endfacet
  facet normal 0 0 1
    outer loop
      vertex 3.316534996032715 -16.673349380493164 122
      vertex 4.096896171569824 -20.59649085998535 122
      vertex 6.505618095397949 -15.705951690673828 122
    endloop
  endfacet
  facet normal 0 0 1
    outer loop
      vertex 0 -17 122
      vertex 4.096896171569824 -20.59649085998535 122
      vertex 3.316534996032715 -16.673349380493164 122
    endloop
  endfacet
  facet normal 0 0 1
    outer loop
      vertex 0 -17 122
      vertex 0 -21 122
      vertex 4.096896171569824 -20.59649085998535 122
    endloop
  endfacet
  facet normal 0 0 1
    outer loop
      vertex -3.316534996032715 -16.673349380493164 122
      vertex 0 -21 122
      vertex 0 -17 122
    endloop
  endfacet
  facet normal 0 0 1
    outer loop
      vertex -3.316534996032715 -16.673349380493164 122
      vertex -4.096896171569824 -20.59649085998535 122
      vertex 0 -21 122
    endloop
  endfacet
  facet normal 0 0 1
    outer loop
      vertex -6.505618095397949 -15.705951690673828 122
      vertex -4.096896171569824 -20.59649085998535 122
      vertex -3.316534996032715 -16.673349380493164 122
    endloop
  endfacet
  facet normal 0 0 1
    outer loop
      vertex -6.505618095397949 -15.705951690673828 122
      vertex -8.036351203918457 -19.401470184326172 122
      vertex -4.096896171569824 -20.59649085998535 122
    endloop
  endfacet
  facet normal 0 0 1
    outer loop
      vertex -9.444693565368652 -14.13498306274414 122
      vertex -8.036351203918457 -19.401470184326172 122
      vertex -6.505618095397949 -15.705951690673828 122
    endloop
  endfacet
  facet normal 0 0 1
    outer loop
      vertex -9.444693565368652 -14.13498306274414 122
      vertex -11.666974067687988 -17.460861206054688 122
      vertex -8.036351203918457 -19.401470184326172 122
    endloop
  endfacet
  facet normal 0 0 1
    outer loop
      vertex -12.020814895629883 -12.020814895629883 122
      vertex -11.666974067687988 -17.460861206054688 122
      vertex -9.444693565368652 -14.13498306274414 122
    endloop
  endfacet
  facet normal 0 0 1
    outer loop
      vertex -14.849242210388184 -14.849242210388184 122
      vertex -12.020814895629883 -12.020814895629883 122
      vertex -14.13498306274414 -9.444693565368652 122
    endloop
  endfacet
  facet normal 0 0 1
    outer loop
      vertex -12.020814895629883 -12.020814895629883 122
      vertex -14.849242210388184 -14.849242210388184 122
      vertex -11.666974067687988 -17.460861206054688 122
    endloop
  endfacet
  facet normal 0 0 1
    outer loop
      vertex -17.460861206054688 -11.666974067687988 122
      vertex -14.13498306274414 -9.444693565368652 122
      vertex -15.705951690673828 -6.505618095397949 122
    endloop
  endfacet
  facet normal 0 0 1
    outer loop
      vertex -19.401470184326172 -8.036351203918457 122
      vertex -15.705951690673828 -6.505618095397949 122
      vertex -16.673349380493164 -3.316534996032715 122
    endloop
  endfacet
  facet normal 0 0 1
    outer loop
      vertex -14.13498306274414 -9.444693565368652 122
      vertex -17.460861206054688 -11.666974067687988 122
      vertex -14.849242210388184 -14.849242210388184 122
    endloop
  endfacet
  facet normal 0 0 1
    outer loop
      vertex -20.59649085998535 -4.096896171569824 122
      vertex -16.673349380493164 -3.316534996032715 122
      vertex -17 0 122
    endloop
  endfacet
  facet normal 0 0 1
    outer loop
      vertex -20.59649085998535 4.096896171569824 122
      vertex -16.673349380493164 3.316534996032715 122
      vertex -19.401470184326172 8.036351203918457 122
    endloop
  endfacet
  facet normal 0 0 1
    outer loop
      vertex -16.673349380493164 3.316534996032715 122
      vertex -20.59649085998535 4.096896171569824 122
      vertex -17 0 122
    endloop
  endfacet
  facet normal 0 0 1
    outer loop
      vertex -15.705951690673828 -6.505618095397949 122
      vertex -19.401470184326172 -8.036351203918457 122
      vertex -17.460861206054688 -11.666974067687988 122
    endloop
  endfacet
  facet normal 0 0 1
    outer loop
      vertex -21 0 122
      vertex -17 0 122
      vertex -20.59649085998535 4.096896171569824 122
    endloop
  endfacet
  facet normal 0 0 1
    outer loop
      vertex -16.673349380493164 -3.316534996032715 122
      vertex -20.59649085998535 -4.096896171569824 122
      vertex -19.401470184326172 -8.036351203918457 122
    endloop
  endfacet
  facet normal 0 0 1
    outer loop
      vertex -17 0 122
      vertex -21 0 122
      vertex -20.59649085998535 -4.096896171569824 122
    endloop
  endfacet
  facet normal 0.8819212010145034 -0.47139685531528075 0
    outer loop
      vertex -19.401470184326172 8.036351203918457 128
      vertex -17.460861206054688 11.666974067687988 122
      vertex -17.460861206054688 11.666974067687988 128
    endloop
  endfacet
  facet normal 0.8819212010145034 -0.47139685531528075 0
    outer loop
      vertex -17.460861206054688 11.666974067687988 122
      vertex -19.401470184326172 8.036351203918457 128
      vertex -19.401470184326172 8.036351203918457 122
    endloop
  endfacet
  facet normal 0.47139685531528075 -0.8819212010145034 0
    outer loop
      vertex -11.666974067687988 17.460861206054688 122
      vertex -8.036351203918457 19.401470184326172 128
      vertex -11.666974067687988 17.460861206054688 128
    endloop
  endfacet
  facet normal 0.47139685531528075 -0.8819212010145034 0
    outer loop
      vertex -8.036351203918457 19.401470184326172 128
      vertex -11.666974067687988 17.460861206054688 122
      vertex -8.036351203918457 19.401470184326172 122
    endloop
  endfacet
  facet normal 0.2902846897948924 -0.9569403319281109 0
    outer loop
      vertex -8.036351203918457 19.401470184326172 122
      vertex -4.096896171569824 20.59649085998535 128
      vertex -8.036351203918457 19.401470184326172 128
    endloop
  endfacet
  facet normal 0.2902846897948924 -0.9569403319281109 0
    outer loop
      vertex -4.096896171569824 20.59649085998535 128
      vertex -8.036351203918457 19.401470184326172 122
      vertex -4.096896171569824 20.59649085998535 122
    endloop
  endfacet
  facet normal -0.9569403434109176 -0.2902846519411509 0
    outer loop
      vertex 16.673349380493164 3.316534996032715 114
      vertex 15.705951690673828 6.505618095397949 122
      vertex 15.705951690673828 6.505618095397949 114
    endloop
  endfacet
  facet normal -0.9569403434109176 -0.2902846519411509 0
    outer loop
      vertex 15.705951690673828 6.505618095397949 122
      vertex 16.673349380493164 3.316534996032715 114
      vertex 16.673349380493164 3.316534996032715 122
    endloop
  endfacet
  facet normal -0.9951847139846229 -0.09801726914857611 0
    outer loop
      vertex 17 0 114
      vertex 16.673349380493164 3.316534996032715 122
      vertex 16.673349380493164 3.316534996032715 114
    endloop
  endfacet
  facet normal -0.9951847139846229 -0.09801726914857611 0
    outer loop
      vertex 16.673349380493164 3.316534996032715 122
      vertex 17 0 114
      vertex 17 0 122
    endloop
  endfacet
  facet normal -0.4713967507897335 0.8819212568845827 0
    outer loop
      vertex 9.444693565368652 -14.13498306274414 114
      vertex 6.505618095397949 -15.705951690673828 122
      vertex 9.444693565368652 -14.13498306274414 122
    endloop
  endfacet
  facet normal -0.4713967507897335 0.8819212568845827 0
    outer loop
      vertex 6.505618095397949 -15.705951690673828 122
      vertex 9.444693565368652 -14.13498306274414 114
      vertex 6.505618095397949 -15.705951690673828 114
    endloop
  endfacet
  facet normal 0.6343932893217802 0.7730104491295652 0
    outer loop
      vertex -9.444693565368652 -14.13498306274414 114
      vertex -12.020814895629883 -12.020814895629883 122
      vertex -9.444693565368652 -14.13498306274414 122
    endloop
  endfacet
  facet normal 0.6343932893217802 0.7730104491295652 0
    outer loop
      vertex -12.020814895629883 -12.020814895629883 122
      vertex -9.444693565368652 -14.13498306274414 114
      vertex -12.020814895629883 -12.020814895629883 114
    endloop
  endfacet
  facet normal 0.9951847139846229 -0.09801726914857611 0
    outer loop
      vertex -17 0 122
      vertex -16.673349380493164 3.316534996032715 114
      vertex -16.673349380493164 3.316534996032715 122
    endloop
  endfacet
  facet normal 0.9951847139846229 -0.09801726914857611 0
    outer loop
      vertex -16.673349380493164 3.316534996032715 114
      vertex -17 0 122
      vertex -17 0 114
    endloop
  endfacet
  facet normal -0.4713967507897335 -0.8819212568845827 0
    outer loop
      vertex 6.505618095397949 15.705951690673828 114
      vertex 9.444693565368652 14.13498306274414 122
      vertex 6.505618095397949 15.705951690673828 122
    endloop
  endfacet
  facet normal -0.4713967507897335 -0.8819212568845827 0
    outer loop
      vertex 9.444693565368652 14.13498306274414 122
      vertex 6.505618095397949 15.705951690673828 114
      vertex 9.444693565368652 14.13498306274414 114
    endloop
  endfacet
  facet normal 0.8819212568845827 -0.4713967507897335 0
    outer loop
      vertex -15.705951690673828 6.505618095397949 122
      vertex -14.13498306274414 9.444693565368652 114
      vertex -14.13498306274414 9.444693565368652 122
    endloop
  endfacet
  facet normal 0.8819212568845827 -0.4713967507897335 0
    outer loop
      vertex -14.13498306274414 9.444693565368652 114
      vertex -15.705951690673828 6.505618095397949 122
      vertex -15.705951690673828 6.505618095397949 114
    endloop
  endfacet
  facet normal 0.6343932893217802 -0.7730104491295652 0
    outer loop
      vertex -12.020814895629883 12.020814895629883 114
      vertex -9.444693565368652 14.13498306274414 122
      vertex -12.020814895629883 12.020814895629883 122
    endloop
  endfacet
  facet normal 0.6343932893217802 -0.7730104491295652 0
    outer loop
      vertex -9.444693565368652 14.13498306274414 122
      vertex -12.020814895629883 12.020814895629883 114
      vertex -9.444693565368652 14.13498306274414 114
    endloop
  endfacet
  facet normal 0.9569403434109176 -0.2902846519411509 0
    outer loop
      vertex -16.673349380493164 3.316534996032715 122
      vertex -15.705951690673828 6.505618095397949 114
      vertex -15.705951690673828 6.505618095397949 122
    endloop
  endfacet
  facet normal 0.9569403434109176 -0.2902846519411509 0
    outer loop
      vertex -15.705951690673828 6.505618095397949 114
      vertex -16.673349380493164 3.316534996032715 122
      vertex -16.673349380493164 3.316534996032715 114
    endloop
  endfacet
  facet normal -0.8819212568845827 -0.4713967507897335 0
    outer loop
      vertex 15.705951690673828 6.505618095397949 114
      vertex 14.13498306274414 9.444693565368652 122
      vertex 14.13498306274414 9.444693565368652 114
    endloop
  endfacet
  facet normal -0.8819212568845827 -0.4713967507897335 0
    outer loop
      vertex 14.13498306274414 9.444693565368652 122
      vertex 15.705951690673828 6.505618095397949 114
      vertex 15.705951690673828 6.505618095397949 122
    endloop
  endfacet
  facet normal 0 0 1
    outer loop
      vertex 16.673349380493164 3.316534996032715 114
      vertex 16.673349380493164 -3.316534996032715 114
      vertex 17 0 114
    endloop
  endfacet
  facet normal 0 0 1
    outer loop
      vertex 15.705951690673828 6.505618095397949 114
      vertex 16.673349380493164 -3.316534996032715 114
      vertex 16.673349380493164 3.316534996032715 114
    endloop
  endfacet
  facet normal 0 0 1
    outer loop
      vertex 15.705951690673828 6.505618095397949 114
      vertex 15.705951690673828 -6.505618095397949 114
      vertex 16.673349380493164 -3.316534996032715 114
    endloop
  endfacet
  facet normal 0 0 1
    outer loop
      vertex 14.13498306274414 9.444693565368652 114
      vertex 15.705951690673828 -6.505618095397949 114
      vertex 15.705951690673828 6.505618095397949 114
    endloop
  endfacet
  facet normal 0 0 1
    outer loop
      vertex 14.13498306274414 9.444693565368652 114
      vertex 14.13498306274414 -9.444693565368652 114
      vertex 15.705951690673828 -6.505618095397949 114
    endloop
  endfacet
  facet normal 0 0 1
    outer loop
      vertex 12.020814895629883 12.020814895629883 114
      vertex 14.13498306274414 -9.444693565368652 114
      vertex 14.13498306274414 9.444693565368652 114
    endloop
  endfacet
  facet normal 0 0 1
    outer loop
      vertex 12.020814895629883 12.020814895629883 114
      vertex 12.020814895629883 -12.020814895629883 114
      vertex 14.13498306274414 -9.444693565368652 114
    endloop
  endfacet
  facet normal 0 0 1
    outer loop
      vertex 9.444693565368652 14.13498306274414 114
      vertex 12.020814895629883 -12.020814895629883 114
      vertex 12.020814895629883 12.020814895629883 114
    endloop
  endfacet
  facet normal 0 0 1
    outer loop
      vertex 9.444693565368652 14.13498306274414 114
      vertex 9.444693565368652 -14.13498306274414 114
      vertex 12.020814895629883 -12.020814895629883 114
    endloop
  endfacet
  facet normal 0 0 1
    outer loop
      vertex 6.505618095397949 15.705951690673828 114
      vertex 9.444693565368652 -14.13498306274414 114
      vertex 9.444693565368652 14.13498306274414 114
    endloop
  endfacet
  facet normal 0 0 1
    outer loop
      vertex 6.505618095397949 15.705951690673828 114
      vertex 6.505618095397949 -15.705951690673828 114
      vertex 9.444693565368652 -14.13498306274414 114
    endloop
  endfacet
  facet normal 0 0 1
    outer loop
      vertex 3.316534996032715 16.673349380493164 114
      vertex 6.505618095397949 -15.705951690673828 114
      vertex 6.505618095397949 15.705951690673828 114
    endloop
  endfacet
  facet normal 0 0 1
    outer loop
      vertex 3.316534996032715 16.673349380493164 114
      vertex 3.316534996032715 -16.673349380493164 114
      vertex 6.505618095397949 -15.705951690673828 114
    endloop
  endfacet
  facet normal 0 0 1
    outer loop
      vertex 0 17 114
      vertex 3.316534996032715 -16.673349380493164 114
      vertex 3.316534996032715 16.673349380493164 114
    endloop
  endfacet
  facet normal 0 0 1
    outer loop
      vertex 0 17 114
      vertex 0 -17 114
      vertex 3.316534996032715 -16.673349380493164 114
    endloop
  endfacet
  facet normal 0 0 1
    outer loop
      vertex -3.316534996032715 16.673349380493164 114
      vertex 0 -17 114
      vertex 0 17 114
    endloop
  endfacet
  facet normal 0 0 1
    outer loop
      vertex -3.316534996032715 16.673349380493164 114
      vertex -3.316534996032715 -16.673349380493164 114
      vertex 0 -17 114
    endloop
  endfacet
  facet normal 0 0 1
    outer loop
      vertex -6.505618095397949 15.705951690673828 114
      vertex -3.316534996032715 -16.673349380493164 114
      vertex -3.316534996032715 16.673349380493164 114
    endloop
  endfacet
  facet normal 0 0 1
    outer loop
      vertex -6.505618095397949 15.705951690673828 114
      vertex -6.505618095397949 -15.705951690673828 114
      vertex -3.316534996032715 -16.673349380493164 114
    endloop
  endfacet
  facet normal 0 0 1
    outer loop
      vertex -9.444693565368652 14.13498306274414 114
      vertex -6.505618095397949 -15.705951690673828 114
      vertex -6.505618095397949 15.705951690673828 114
    endloop
  endfacet
  facet normal 0 0 1
    outer loop
      vertex -9.444693565368652 14.13498306274414 114
      vertex -9.444693565368652 -14.13498306274414 114
      vertex -6.505618095397949 -15.705951690673828 114
    endloop
  endfacet
  facet normal 0 0 1
    outer loop
      vertex -12.020814895629883 12.020814895629883 114
      vertex -9.444693565368652 -14.13498306274414 114
      vertex -9.444693565368652 14.13498306274414 114
    endloop
  endfacet
  facet normal 0 0 1
    outer loop
      vertex -12.020814895629883 12.020814895629883 114
      vertex -12.020814895629883 -12.020814895629883 114
      vertex -9.444693565368652 -14.13498306274414 114
    endloop
  endfacet
  facet normal 0 0 1
    outer loop
      vertex -14.13498306274414 9.444693565368652 114
      vertex -12.020814895629883 -12.020814895629883 114
      vertex -12.020814895629883 12.020814895629883 114
    endloop
  endfacet
  facet normal 0 0 1
    outer loop
      vertex -14.13498306274414 9.444693565368652 114
      vertex -14.13498306274414 -9.444693565368652 114
      vertex -12.020814895629883 -12.020814895629883 114
    endloop
  endfacet
  facet normal 0 0 1
    outer loop
      vertex -15.705951690673828 6.505618095397949 114
      vertex -14.13498306274414 -9.444693565368652 114
      vertex -14.13498306274414 9.444693565368652 114
    endloop
  endfacet
  facet normal 0 0 1
    outer loop
      vertex -15.705951690673828 6.505618095397949 114
      vertex -15.705951690673828 -6.505618095397949 114
      vertex -14.13498306274414 -9.444693565368652 114
    endloop
  endfacet
  facet normal 0 0 1
    outer loop
      vertex -16.673349380493164 3.316534996032715 114
      vertex -15.705951690673828 -6.505618095397949 114
      vertex -15.705951690673828 6.505618095397949 114
    endloop
  endfacet
  facet normal 0 0 1
    outer loop
      vertex -16.673349380493164 3.316534996032715 114
      vertex -16.673349380493164 -3.316534996032715 114
      vertex -15.705951690673828 -6.505618095397949 114
    endloop
  endfacet
  facet normal 0 0 1
    outer loop
      vertex -16.673349380493164 -3.316534996032715 114
      vertex -16.673349380493164 3.316534996032715 114
      vertex -17 0 114
    endloop
  endfacet
  facet normal 0.4713967507897335 -0.8819212568845827 0
    outer loop
      vertex -9.444693565368652 14.13498306274414 114
      vertex -6.505618095397949 15.705951690673828 122
      vertex -9.444693565368652 14.13498306274414 122
    endloop
  endfacet
  facet normal 0.4713967507897335 -0.8819212568845827 0
    outer loop
      vertex -6.505618095397949 15.705951690673828 122
      vertex -9.444693565368652 14.13498306274414 114
      vertex -6.505618095397949 15.705951690673828 114
    endloop
  endfacet
  facet normal -0.6343932893217802 -0.7730104491295652 0
    outer loop
      vertex 9.444693565368652 14.13498306274414 114
      vertex 12.020814895629883 12.020814895629883 122
      vertex 9.444693565368652 14.13498306274414 122
    endloop
  endfacet
  facet normal -0.6343932893217802 -0.7730104491295652 0
    outer loop
      vertex 12.020814895629883 12.020814895629883 122
      vertex 9.444693565368652 14.13498306274414 114
      vertex 12.020814895629883 12.020814895629883 114
    endloop
  endfacet
  facet normal -0.7730104491295652 -0.6343932893217802 0
    outer loop
      vertex 14.13498306274414 9.444693565368652 114
      vertex 12.020814895629883 12.020814895629883 122
      vertex 12.020814895629883 12.020814895629883 114
    endloop
  endfacet
  facet normal -0.7730104491295652 -0.6343932893217802 0
    outer loop
      vertex 12.020814895629883 12.020814895629883 122
      vertex 14.13498306274414 9.444693565368652 114
      vertex 14.13498306274414 9.444693565368652 122
    endloop
  endfacet
  facet normal 0.8819212568845827 0.4713967507897335 0
    outer loop
      vertex -14.13498306274414 -9.444693565368652 122
      vertex -15.705951690673828 -6.505618095397949 114
      vertex -15.705951690673828 -6.505618095397949 122
    endloop
  endfacet
  facet normal 0.8819212568845827 0.4713967507897335 0
    outer loop
      vertex -15.705951690673828 -6.505618095397949 114
      vertex -14.13498306274414 -9.444693565368652 122
      vertex -14.13498306274414 -9.444693565368652 114
    endloop
  endfacet
  facet normal -0.9951847139846229 0.09801726914857611 0
    outer loop
      vertex 16.673349380493164 -3.316534996032715 114
      vertex 17 0 122
      vertex 17 0 114
    endloop
  endfacet
  facet normal -0.9951847139846229 0.09801726914857611 0
    outer loop
      vertex 17 0 122
      vertex 16.673349380493164 -3.316534996032715 114
      vertex 16.673349380493164 -3.316534996032715 122
    endloop
  endfacet
  facet normal -0.2902846519411509 0.9569403434109176 0
    outer loop
      vertex 6.505618095397949 -15.705951690673828 114
      vertex 3.316534996032715 -16.673349380493164 122
      vertex 6.505618095397949 -15.705951690673828 122
    endloop
  endfacet
  facet normal -0.2902846519411509 0.9569403434109176 0
    outer loop
      vertex 3.316534996032715 -16.673349380493164 122
      vertex 6.505618095397949 -15.705951690673828 114
      vertex 3.316534996032715 -16.673349380493164 114
    endloop
  endfacet
  facet normal -0.9569403434109176 0.2902846519411509 0
    outer loop
      vertex 15.705951690673828 -6.505618095397949 114
      vertex 16.673349380493164 -3.316534996032715 122
      vertex 16.673349380493164 -3.316534996032715 114
    endloop
  endfacet
  facet normal -0.9569403434109176 0.2902846519411509 0
    outer loop
      vertex 16.673349380493164 -3.316534996032715 122
      vertex 15.705951690673828 -6.505618095397949 114
      vertex 15.705951690673828 -6.505618095397949 122
    endloop
  endfacet
  facet normal -0.8819212568845827 0.4713967507897335 0
    outer loop
      vertex 14.13498306274414 -9.444693565368652 114
      vertex 15.705951690673828 -6.505618095397949 122
      vertex 15.705951690673828 -6.505618095397949 114
    endloop
  endfacet
  facet normal -0.8819212568845827 0.4713967507897335 0
    outer loop
      vertex 15.705951690673828 -6.505618095397949 122
      vertex 14.13498306274414 -9.444693565368652 114
      vertex 14.13498306274414 -9.444693565368652 122
    endloop
  endfacet
  facet normal 0.9569403434109176 0.2902846519411509 0
    outer loop
      vertex -15.705951690673828 -6.505618095397949 122
      vertex -16.673349380493164 -3.316534996032715 114
      vertex -16.673349380493164 -3.316534996032715 122
    endloop
  endfacet
  facet normal 0.9569403434109176 0.2902846519411509 0
    outer loop
      vertex -16.673349380493164 -3.316534996032715 114
      vertex -15.705951690673828 -6.505618095397949 122
      vertex -15.705951690673828 -6.505618095397949 114
    endloop
  endfacet
  facet normal -0.6343932893217802 0.7730104491295652 0
    outer loop
      vertex 12.020814895629883 -12.020814895629883 114
      vertex 9.444693565368652 -14.13498306274414 122
      vertex 12.020814895629883 -12.020814895629883 122
    endloop
  endfacet
  facet normal -0.6343932893217802 0.7730104491295652 0
    outer loop
      vertex 9.444693565368652 -14.13498306274414 122
      vertex 12.020814895629883 -12.020814895629883 114
      vertex 9.444693565368652 -14.13498306274414 114
    endloop
  endfacet
  facet normal -0.2902846519411509 -0.9569403434109176 0
    outer loop
      vertex 3.316534996032715 16.673349380493164 114
      vertex 6.505618095397949 15.705951690673828 122
      vertex 3.316534996032715 16.673349380493164 122
    endloop
  endfacet
  facet normal -0.2902846519411509 -0.9569403434109176 0
    outer loop
      vertex 6.505618095397949 15.705951690673828 122
      vertex 3.316534996032715 16.673349380493164 114
      vertex 6.505618095397949 15.705951690673828 114
    endloop
  endfacet
  facet normal 0.7730104491295652 -0.6343932893217802 0
    outer loop
      vertex -14.13498306274414 9.444693565368652 122
      vertex -12.020814895629883 12.020814895629883 114
      vertex -12.020814895629883 12.020814895629883 122
    endloop
  endfacet
  facet normal 0.7730104491295652 -0.6343932893217802 0
    outer loop
      vertex -12.020814895629883 12.020814895629883 114
      vertex -14.13498306274414 9.444693565368652 122
      vertex -14.13498306274414 9.444693565368652 114
    endloop
  endfacet
  facet normal 0.9951847139846229 0.09801726914857611 0
    outer loop
      vertex -16.673349380493164 -3.316534996032715 122
      vertex -17 0 114
      vertex -17 0 122
    endloop
  endfacet
  facet normal 0.9951847139846229 0.09801726914857611 0
    outer loop
      vertex -17 0 114
      vertex -16.673349380493164 -3.316534996032715 122
      vertex -16.673349380493164 -3.316534996032715 114
    endloop
  endfacet
  facet normal 0.2902846519411509 -0.9569403434109176 0
    outer loop
      vertex -6.505618095397949 15.705951690673828 114
      vertex -3.316534996032715 16.673349380493164 122
      vertex -6.505618095397949 15.705951690673828 122
    endloop
  endfacet
  facet normal 0.2902846519411509 -0.9569403434109176 0
    outer loop
      vertex -3.316534996032715 16.673349380493164 122
      vertex -6.505618095397949 15.705951690673828 114
      vertex -3.316534996032715 16.673349380493164 114
    endloop
  endfacet
  facet normal 0.7730104491295652 0.6343932893217802 0
    outer loop
      vertex -12.020814895629883 -12.020814895629883 122
      vertex -14.13498306274414 -9.444693565368652 114
      vertex -14.13498306274414 -9.444693565368652 122
    endloop
  endfacet
  facet normal 0.7730104491295652 0.6343932893217802 0
    outer loop
      vertex -14.13498306274414 -9.444693565368652 114
      vertex -12.020814895629883 -12.020814895629883 122
      vertex -12.020814895629883 -12.020814895629883 114
    endloop
  endfacet
  facet normal 0.4713967507897335 0.8819212568845827 0
    outer loop
      vertex -6.505618095397949 -15.705951690673828 114
      vertex -9.444693565368652 -14.13498306274414 122
      vertex -6.505618095397949 -15.705951690673828 122
    endloop
  endfacet
  facet normal 0.4713967507897335 0.8819212568845827 0
    outer loop
      vertex -9.444693565368652 -14.13498306274414 122
      vertex -6.505618095397949 -15.705951690673828 114
      vertex -9.444693565368652 -14.13498306274414 114
    endloop
  endfacet
  facet normal 0.09801726914857611 -0.9951847139846229 0
    outer loop
      vertex -3.316534996032715 16.673349380493164 114
      vertex 0 17 122
      vertex -3.316534996032715 16.673349380493164 122
    endloop
  endfacet
  facet normal 0.09801726914857611 -0.9951847139846229 0
    outer loop
      vertex 0 17 122
      vertex -3.316534996032715 16.673349380493164 114
      vertex 0 17 114
    endloop
  endfacet
  facet normal -0.09801726914857611 -0.9951847139846229 0
    outer loop
      vertex 0 17 114
      vertex 3.316534996032715 16.673349380493164 122
      vertex 0 17 122
    endloop
  endfacet
  facet normal -0.09801726914857611 -0.9951847139846229 0
    outer loop
      vertex 3.316534996032715 16.673349380493164 122
      vertex 0 17 114
      vertex 3.316534996032715 16.673349380493164 114
    endloop
  endfacet
  facet normal 0.09801726914857611 0.9951847139846229 0
    outer loop
      vertex 0 -17 114
      vertex -3.316534996032715 -16.673349380493164 122
      vertex 0 -17 122
    endloop
  endfacet
  facet normal 0.09801726914857611 0.9951847139846229 0
    outer loop
      vertex -3.316534996032715 -16.673349380493164 122
      vertex 0 -17 114
      vertex -3.316534996032715 -16.673349380493164 114
    endloop
  endfacet
  facet normal -0.7730104491295652 0.6343932893217802 0
    outer loop
      vertex 12.020814895629883 -12.020814895629883 114
      vertex 14.13498306274414 -9.444693565368652 122
      vertex 14.13498306274414 -9.444693565368652 114
    endloop
  endfacet
  facet normal -0.7730104491295652 0.6343932893217802 0
    outer loop
      vertex 14.13498306274414 -9.444693565368652 122
      vertex 12.020814895629883 -12.020814895629883 114
      vertex 12.020814895629883 -12.020814895629883 122
    endloop
  endfacet
  facet normal -0.09801726914857611 0.9951847139846229 0
    outer loop
      vertex 3.316534996032715 -16.673349380493164 114
      vertex 0 -17 122
      vertex 3.316534996032715 -16.673349380493164 122
    endloop
  endfacet
  facet normal -0.09801726914857611 0.9951847139846229 0
    outer loop
      vertex 0 -17 122
      vertex 3.316534996032715 -16.673349380493164 114
      vertex 0 -17 114
    endloop
  endfacet
  facet normal 0.2902846519411509 0.9569403434109176 0
    outer loop
      vertex -3.316534996032715 -16.673349380493164 114
      vertex -6.505618095397949 -15.705951690673828 122
      vertex -3.316534996032715 -16.673349380493164 122
    endloop
  endfacet
  facet normal 0.2902846519411509 0.9569403434109176 0
    outer loop
      vertex -6.505618095397949 -15.705951690673828 122
      vertex -3.316534996032715 -16.673349380493164 114
      vertex -6.505618095397949 -15.705951690673828 114
    endloop
  endfacet
endsolid OpenSCAD_Model
