solid OpenSCAD_Model
  facet normal 0.956940337784343 0.29028467048948303 0
    outer loop
      vertex 29.42355728149414 5.85270881652832 10
      vertex 27.716384887695312 11.480502128601074 0
      vertex 27.716384887695312 11.480502128601074 10
    endloop
  endfacet
  facet normal 0.956940337784343 0.29028467048948303 0
    outer loop
      vertex 27.716384887695312 11.480502128601074 0
      vertex 29.42355728149414 5.85270881652832 10
      vertex 29.42355728149414 5.85270881652832 0
    endloop
  endfacet
  facet normal 0.9951847065408281 0.09801734472656298 0
    outer loop
      vertex 30 0 10
      vertex 29.42355728149414 5.85270881652832 0
      vertex 29.42355728149414 5.85270881652832 10
    endloop
  endfacet
  facet normal 0.9951847065408281 0.09801734472656298 0
    outer loop
      vertex 29.42355728149414 5.85270881652832 0
      vertex 30 0 10
      vertex 30 0 0
    endloop
  endfacet
  facet normal -0.956940337784343 0.29028467048948303 0
    outer loop
      vertex -29.42355728149414 5.85270881652832 0
      vertex -27.716384887695312 11.480502128601074 10
      vertex -27.716384887695312 11.480502128601074 0
    endloop
  endfacet
  facet normal -0.956940337784343 0.29028467048948303 0
    outer loop
      vertex -27.716384887695312 11.480502128601074 10
      vertex -29.42355728149414 5.85270881652832 0
      vertex -29.42355728149414 5.85270881652832 10
    endloop
  endfacet
  facet normal 0.09801734472656233 0.9951847065408215 -1.153730584241189e-7
    outer loop
      vertex 5.85270881652832 29.42355728149414 10
      vertex 4 29.606033325195312 8
      vertex 0 30 10
    endloop
  endfacet
  facet normal 0.09801722137784852 0.995184718689634 0
    outer loop
      vertex 5.85270881652832 29.42355728149414 10
      vertex 4 29.606033325195312 2
      vertex 4 29.606033325195312 8
    endloop
  endfacet
  facet normal 0.0980172213778485 0.995184718689634 0
    outer loop
      vertex 5.85270881652832 29.42355728149414 0
      vertex 4 29.606033325195312 2
      vertex 5.85270881652832 29.42355728149414 10
    endloop
  endfacet
  facet normal 0.09801734472656233 0.9951847065408215 1.153730584241189e-7
    outer loop
      vertex 0 30 0
      vertex 4 29.606033325195312 2
      vertex 5.85270881652832 29.42355728149414 0
    endloop
  endfacet
  facet normal 0.09801740185887417 0.9951847009137731 0
    outer loop
      vertex 4 29.606033325195312 2
      vertex 0 30 0
      vertex 0 30 2
    endloop
  endfacet
  facet normal 0.09801740185887417 0.9951847009137731 0
    outer loop
      vertex 0 30 10
      vertex 4 29.606033325195312 8
      vertex 0 30 8
    endloop
  endfacet
  facet normal -0.9951847065408281 0.09801734472656298 0
    outer loop
      vertex -30 0 0
      vertex -29.42355728149414 5.85270881652832 10
      vertex -29.42355728149414 5.85270881652832 0
    endloop
  endfacet
  facet normal -0.9951847065408281 0.09801734472656298 0
    outer loop
      vertex -29.42355728149414 5.85270881652832 10
      vertex -30 0 0
      vertex -30 0 10
    endloop
  endfacet
  facet normal 0.956940337784343 -0.29028467048948303 0
    outer loop
      vertex 27.716384887695312 -11.480502128601074 10
      vertex 29.42355728149414 -5.85270881652832 0
      vertex 29.42355728149414 -5.85270881652832 10
    endloop
  endfacet
  facet normal 0.956940337784343 -0.29028467048948303 0
    outer loop
      vertex 29.42355728149414 -5.85270881652832 0
      vertex 27.716384887695312 -11.480502128601074 10
      vertex 27.716384887695312 -11.480502128601074 0
    endloop
  endfacet
  facet normal 0.4713966102058033 -0.8819213320282472 0
    outer loop
      vertex 11.480502128601074 -27.716384887695312 0
      vertex 16.66710662841797 -24.944087982177734 10
      vertex 11.480502128601074 -27.716384887695312 10
    endloop
  endfacet
  facet normal 0.4713966102058033 -0.8819213320282472 0
    outer loop
      vertex 16.66710662841797 -24.944087982177734 10
      vertex 11.480502128601074 -27.716384887695312 0
      vertex 16.66710662841797 -24.944087982177734 0
    endloop
  endfacet
  facet normal -0.29028467048948303 -0.956940337784343 0
    outer loop
      vertex -11.480502128601074 -27.716384887695312 0
      vertex -5.85270881652832 -29.42355728149414 10
      vertex -11.480502128601074 -27.716384887695312 10
    endloop
  endfacet
  facet normal -0.29028467048948303 -0.956940337784343 0
    outer loop
      vertex -5.85270881652832 -29.42355728149414 10
      vertex -11.480502128601074 -27.716384887695312 0
      vertex -5.85270881652832 -29.42355728149414 0
    endloop
  endfacet
  facet normal -0.4713966102058033 0.8819213320282472 0
    outer loop
      vertex -11.480502128601074 27.716384887695312 0
      vertex -16.66710662841797 24.944087982177734 10
      vertex -11.480502128601074 27.716384887695312 10
    endloop
  endfacet
  facet normal -0.4713966102058033 0.8819213320282472 0
    outer loop
      vertex -16.66710662841797 24.944087982177734 10
      vertex -11.480502128601074 27.716384887695312 0
      vertex -16.66710662841797 24.944087982177734 0
    endloop
  endfacet
  facet normal 0.8819213320282472 0.4713966102058033 0
    outer loop
      vertex 27.716384887695312 11.480502128601074 10
      vertex 24.944087982177734 16.66710662841797 0
      vertex 24.944087982177734 16.66710662841797 10
    endloop
  endfacet
  facet normal 0.8819213320282472 0.4713966102058033 0
    outer loop
      vertex 24.944087982177734 16.66710662841797 0
      vertex 27.716384887695312 11.480502128601074 10
      vertex 27.716384887695312 11.480502128601074 0
    endloop
  endfacet
  facet normal 0.09801734472656298 -0.9951847065408281 0
    outer loop
      vertex 0 -30 0
      vertex 5.85270881652832 -29.42355728149414 10
      vertex 0 -30 10
    endloop
  endfacet
  facet normal 0.09801734472656298 -0.9951847065408281 0
    outer loop
      vertex 5.85270881652832 -29.42355728149414 10
      vertex 0 -30 0
      vertex 5.85270881652832 -29.42355728149414 0
    endloop
  endfacet
  facet normal 0.7730105095858146 0.6343932156556211 0
    outer loop
      vertex 24.944087982177734 16.66710662841797 10
      vertex 21.21320343017578 21.21320343017578 0
      vertex 21.21320343017578 21.21320343017578 10
    endloop
  endfacet
  facet normal 0.7730105095858146 0.6343932156556211 0
    outer loop
      vertex 21.21320343017578 21.21320343017578 0
      vertex 24.944087982177734 16.66710662841797 10
      vertex 24.944087982177734 16.66710662841797 0
    endloop
  endfacet
  facet normal -0.09801734472656298 -0.9951847065408281 0
    outer loop
      vertex -5.85270881652832 -29.42355728149414 0
      vertex 0 -30 10
      vertex -5.85270881652832 -29.42355728149414 10
    endloop
  endfacet
  facet normal -0.09801734472656298 -0.9951847065408281 0
    outer loop
      vertex 0 -30 10
      vertex -5.85270881652832 -29.42355728149414 0
      vertex 0 -30 0
    endloop
  endfacet
  facet normal 0.29028467048948303 -0.956940337784343 0
    outer loop
      vertex 5.85270881652832 -29.42355728149414 0
      vertex 11.480502128601074 -27.716384887695312 10
      vertex 5.85270881652832 -29.42355728149414 10
    endloop
  endfacet
  facet normal 0.29028467048948303 -0.956940337784343 0
    outer loop
      vertex 11.480502128601074 -27.716384887695312 10
      vertex 5.85270881652832 -29.42355728149414 0
      vertex 11.480502128601074 -27.716384887695312 0
    endloop
  endfacet
  facet normal -0.8819213320282472 -0.4713966102058033 0
    outer loop
      vertex -24.944087982177734 -16.66710662841797 0
      vertex -27.716384887695312 -11.480502128601074 10
      vertex -27.716384887695312 -11.480502128601074 0
    endloop
  endfacet
  facet normal -0.8819213320282472 -0.4713966102058033 0
    outer loop
      vertex -27.716384887695312 -11.480502128601074 10
      vertex -24.944087982177734 -16.66710662841797 0
      vertex -24.944087982177734 -16.66710662841797 10
    endloop
  endfacet
  facet normal 0.6343932156556211 0.7730105095858146 0
    outer loop
      vertex 21.21320343017578 21.21320343017578 0
      vertex 16.66710662841797 24.944087982177734 10
      vertex 21.21320343017578 21.21320343017578 10
    endloop
  endfacet
  facet normal 0.6343932156556211 0.7730105095858146 0
    outer loop
      vertex 16.66710662841797 24.944087982177734 10
      vertex 21.21320343017578 21.21320343017578 0
      vertex 16.66710662841797 24.944087982177734 0
    endloop
  endfacet
  facet normal -0.6343932156556211 -0.7730105095858146 0
    outer loop
      vertex -21.21320343017578 -21.21320343017578 0
      vertex -16.66710662841797 -24.944087982177734 10
      vertex -21.21320343017578 -21.21320343017578 10
    endloop
  endfacet
  facet normal -0.6343932156556211 -0.7730105095858146 0
    outer loop
      vertex -16.66710662841797 -24.944087982177734 10
      vertex -21.21320343017578 -21.21320343017578 0
      vertex -16.66710662841797 -24.944087982177734 0
    endloop
  endfacet
  facet normal -0.7730105095858146 0.6343932156556211 0
    outer loop
      vertex -24.944087982177734 16.66710662841797 0
      vertex -21.21320343017578 21.21320343017578 10
      vertex -21.21320343017578 21.21320343017578 0
    endloop
  endfacet
  facet normal -0.7730105095858146 0.6343932156556211 0
    outer loop
      vertex -21.21320343017578 21.21320343017578 10
      vertex -24.944087982177734 16.66710662841797 0
      vertex -24.944087982177734 16.66710662841797 10
    endloop
  endfacet
  facet normal 0.29028467048948303 0.956940337784343 0
    outer loop
      vertex 11.480502128601074 27.716384887695312 0
      vertex 5.85270881652832 29.42355728149414 10
      vertex 11.480502128601074 27.716384887695312 10
    endloop
  endfacet
  facet normal 0.29028467048948303 0.956940337784343 0
    outer loop
      vertex 5.85270881652832 29.42355728149414 10
      vertex 11.480502128601074 27.716384887695312 0
      vertex 5.85270881652832 29.42355728149414 0
    endloop
  endfacet
  facet normal -0.4713966102058033 -0.8819213320282472 0
    outer loop
      vertex -16.66710662841797 -24.944087982177734 0
      vertex -11.480502128601074 -27.716384887695312 10
      vertex -16.66710662841797 -24.944087982177734 10
    endloop
  endfacet
  facet normal -0.4713966102058033 -0.8819213320282472 0
    outer loop
      vertex -11.480502128601074 -27.716384887695312 10
      vertex -16.66710662841797 -24.944087982177734 0
      vertex -11.480502128601074 -27.716384887695312 0
    endloop
  endfacet
  facet normal -0.29028467048948303 0.956940337784343 0
    outer loop
      vertex -5.85270881652832 29.42355728149414 0
      vertex -11.480502128601074 27.716384887695312 10
      vertex -5.85270881652832 29.42355728149414 10
    endloop
  endfacet
  facet normal -0.29028467048948303 0.956940337784343 0
    outer loop
      vertex -11.480502128601074 27.716384887695312 10
      vertex -5.85270881652832 29.42355728149414 0
      vertex -11.480502128601074 27.716384887695312 0
    endloop
  endfacet
  facet normal -0.09801740185887417 0.9951847009137731 0
    outer loop
      vertex 0 30 2
      vertex 0 30 0
      vertex -4 29.606033325195312 2
    endloop
  endfacet
  facet normal -0.09801740185887417 0.9951847009137731 0
    outer loop
      vertex -4 29.606033325195312 8
      vertex 0 30 10
      vertex 0 30 8
    endloop
  endfacet
  facet normal -0.09801734472656233 0.9951847065408215 -1.153730584241189e-7
    outer loop
      vertex 0 30 10
      vertex -4 29.606033325195312 8
      vertex -5.85270881652832 29.42355728149414 10
    endloop
  endfacet
  facet normal -0.09801722137784852 0.995184718689634 0
    outer loop
      vertex -4 29.606033325195312 2
      vertex -5.85270881652832 29.42355728149414 10
      vertex -4 29.606033325195312 8
    endloop
  endfacet
  facet normal -0.0980172213778485 0.995184718689634 0
    outer loop
      vertex -4 29.606033325195312 2
      vertex -5.85270881652832 29.42355728149414 0
      vertex -5.85270881652832 29.42355728149414 10
    endloop
  endfacet
  facet normal -0.09801734472656233 0.9951847065408215 1.153730584241189e-7
    outer loop
      vertex -5.85270881652832 29.42355728149414 0
      vertex -4 29.606033325195312 2
      vertex 0 30 0
    endloop
  endfacet
  facet normal 0.7730105095858146 -0.6343932156556211 0
    outer loop
      vertex 21.21320343017578 -21.21320343017578 10
      vertex 24.944087982177734 -16.66710662841797 0
      vertex 24.944087982177734 -16.66710662841797 10
    endloop
  endfacet
  facet normal 0.7730105095858146 -0.6343932156556211 0
    outer loop
      vertex 24.944087982177734 -16.66710662841797 0
      vertex 21.21320343017578 -21.21320343017578 10
      vertex 21.21320343017578 -21.21320343017578 0
    endloop
  endfacet
  facet normal 0.4713966102058033 0.8819213320282472 0
    outer loop
      vertex 16.66710662841797 24.944087982177734 0
      vertex 11.480502128601074 27.716384887695312 10
      vertex 16.66710662841797 24.944087982177734 10
    endloop
  endfacet
  facet normal 0.4713966102058033 0.8819213320282472 0
    outer loop
      vertex 11.480502128601074 27.716384887695312 10
      vertex 16.66710662841797 24.944087982177734 0
      vertex 11.480502128601074 27.716384887695312 0
    endloop
  endfacet
  facet normal -0.7730105095858146 -0.6343932156556211 0
    outer loop
      vertex -21.21320343017578 -21.21320343017578 0
      vertex -24.944087982177734 -16.66710662841797 10
      vertex -24.944087982177734 -16.66710662841797 0
    endloop
  endfacet
  facet normal -0.7730105095858146 -0.6343932156556211 0
    outer loop
      vertex -24.944087982177734 -16.66710662841797 10
      vertex -21.21320343017578 -21.21320343017578 0
      vertex -21.21320343017578 -21.21320343017578 10
    endloop
  endfacet
  facet normal -0.8819213320282472 0.4713966102058033 0
    outer loop
      vertex -27.716384887695312 11.480502128601074 0
      vertex -24.944087982177734 16.66710662841797 10
      vertex -24.944087982177734 16.66710662841797 0
    endloop
  endfacet
  facet normal -0.8819213320282472 0.4713966102058033 0
    outer loop
      vertex -24.944087982177734 16.66710662841797 10
      vertex -27.716384887695312 11.480502128601074 0
      vertex -27.716384887695312 11.480502128601074 10
    endloop
  endfacet
  facet normal -0.956940337784343 -0.29028467048948303 0
    outer loop
      vertex -27.716384887695312 -11.480502128601074 0
      vertex -29.42355728149414 -5.85270881652832 10
      vertex -29.42355728149414 -5.85270881652832 0
    endloop
  endfacet
  facet normal -0.956940337784343 -0.29028467048948303 0
    outer loop
      vertex -29.42355728149414 -5.85270881652832 10
      vertex -27.716384887695312 -11.480502128601074 0
      vertex -27.716384887695312 -11.480502128601074 10
    endloop
  endfacet
  facet normal 0.6343932156556211 -0.7730105095858146 0
    outer loop
      vertex 16.66710662841797 -24.944087982177734 0
      vertex 21.21320343017578 -21.21320343017578 10
      vertex 16.66710662841797 -24.944087982177734 10
    endloop
  endfacet
  facet normal 0.6343932156556211 -0.7730105095858146 0
    outer loop
      vertex 21.21320343017578 -21.21320343017578 10
      vertex 16.66710662841797 -24.944087982177734 0
      vertex 21.21320343017578 -21.21320343017578 0
    endloop
  endfacet
  facet normal -0.9951847065408281 -0.09801734472656298 0
    outer loop
      vertex -29.42355728149414 -5.85270881652832 0
      vertex -30 0 10
      vertex -30 0 0
    endloop
  endfacet
  facet normal -0.9951847065408281 -0.09801734472656298 0
    outer loop
      vertex -30 0 10
      vertex -29.42355728149414 -5.85270881652832 0
      vertex -29.42355728149414 -5.85270881652832 10
    endloop
  endfacet
  facet normal 0 0 -1
    outer loop
      vertex 29.42355728149414 -5.85270881652832 0
      vertex 29.42355728149414 5.85270881652832 0
      vertex 30 0 0
    endloop
  endfacet
  facet normal 0 0 -1
    outer loop
      vertex 27.716384887695312 -11.480502128601074 0
      vertex 29.42355728149414 5.85270881652832 0
      vertex 29.42355728149414 -5.85270881652832 0
    endloop
  endfacet
  facet normal 0 0 -1
    outer loop
      vertex 27.716384887695312 -11.480502128601074 0
      vertex 27.716384887695312 11.480502128601074 0
      vertex 29.42355728149414 5.85270881652832 0
    endloop
  endfacet
  facet normal 0 0 -1
    outer loop
      vertex 24.944087982177734 -16.66710662841797 0
      vertex 27.716384887695312 11.480502128601074 0
      vertex 27.716384887695312 -11.480502128601074 0
    endloop
  endfacet
  facet normal 0 0 -1
    outer loop
      vertex 24.944087982177734 -16.66710662841797 0
      vertex 24.944087982177734 16.66710662841797 0
      vertex 27.716384887695312 11.480502128601074 0
    endloop
  endfacet
  facet normal 0 0 -1
    outer loop
      vertex 21.21320343017578 -21.21320343017578 0
      vertex 24.944087982177734 16.66710662841797 0
      vertex 24.944087982177734 -16.66710662841797 0
    endloop
  endfacet
  facet normal 0 0 -1
    outer loop
      vertex 21.21320343017578 -21.21320343017578 0
      vertex 21.21320343017578 21.21320343017578 0
      vertex 24.944087982177734 16.66710662841797 0
    endloop
  endfacet
  facet normal 0 0 -1
    outer loop
      vertex 16.66710662841797 -24.944087982177734 0
      vertex 21.21320343017578 21.21320343017578 0
      vertex 21.21320343017578 -21.21320343017578 0
    endloop
  endfacet
  facet normal 0 0 -1
    outer loop
      vertex 16.66710662841797 -24.944087982177734 0
      vertex 16.66710662841797 24.944087982177734 0
      vertex 21.21320343017578 21.21320343017578 0
    endloop
  endfacet
  facet normal 0 0 -1
    outer loop
      vertex 11.480502128601074 -27.716384887695312 0
      vertex 16.66710662841797 24.944087982177734 0
      vertex 16.66710662841797 -24.944087982177734 0
    endloop
  endfacet
  facet normal 0 0 -1
    outer loop
      vertex 11.480502128601074 -27.716384887695312 0
      vertex 11.480502128601074 27.716384887695312 0
      vertex 16.66710662841797 24.944087982177734 0
    endloop
  endfacet
  facet normal 0 0 -1
    outer loop
      vertex 5.85270881652832 -29.42355728149414 0
      vertex 11.480502128601074 27.716384887695312 0
      vertex 11.480502128601074 -27.716384887695312 0
    endloop
  endfacet
  facet normal 0 0 -1
    outer loop
      vertex 5.85270881652832 -29.42355728149414 0
      vertex 5.85270881652832 29.42355728149414 0
      vertex 11.480502128601074 27.716384887695312 0
    endloop
  endfacet
  facet normal 0 0 -1
    outer loop
      vertex 0 -30 0
      vertex 5.85270881652832 29.42355728149414 0
      vertex 5.85270881652832 -29.42355728149414 0
    endloop
  endfacet
  facet normal 0 0 -1
    outer loop
      vertex 0 -30 0
      vertex 0 30 0
      vertex 5.85270881652832 29.42355728149414 0
    endloop
  endfacet
  facet normal 0 0 -1
    outer loop
      vertex -5.85270881652832 -29.42355728149414 0
      vertex 0 30 0
      vertex 0 -30 0
    endloop
  endfacet
  facet normal 0 0 -1
    outer loop
      vertex -5.85270881652832 -29.42355728149414 0
      vertex -5.85270881652832 29.42355728149414 0
      vertex 0 30 0
    endloop
  endfacet
  facet normal 0 0 -1
    outer loop
      vertex -11.480502128601074 -27.716384887695312 0
      vertex -5.85270881652832 29.42355728149414 0
      vertex -5.85270881652832 -29.42355728149414 0
    endloop
  endfacet
  facet normal 0 0 -1
    outer loop
      vertex -11.480502128601074 -27.716384887695312 0
      vertex -11.480502128601074 27.716384887695312 0
      vertex -5.85270881652832 29.42355728149414 0
    endloop
  endfacet
  facet normal 0 0 -1
    outer loop
      vertex -16.66710662841797 -24.944087982177734 0
      vertex -11.480502128601074 27.716384887695312 0
      vertex -11.480502128601074 -27.716384887695312 0
    endloop
  endfacet
  facet normal 0 0 -1
    outer loop
      vertex -16.66710662841797 -24.944087982177734 0
      vertex -16.66710662841797 24.944087982177734 0
      vertex -11.480502128601074 27.716384887695312 0
    endloop
  endfacet
  facet normal 0 0 -1
    outer loop
      vertex -21.21320343017578 -21.21320343017578 0
      vertex -16.66710662841797 24.944087982177734 0
      vertex -16.66710662841797 -24.944087982177734 0
    endloop
  endfacet
  facet normal 0 0 -1
    outer loop
      vertex -21.21320343017578 -21.21320343017578 0
      vertex -21.21320343017578 21.21320343017578 0
      vertex -16.66710662841797 24.944087982177734 0
    endloop
  endfacet
  facet normal 0 0 -1
    outer loop
      vertex -24.944087982177734 -16.66710662841797 0
      vertex -21.21320343017578 21.21320343017578 0
      vertex -21.21320343017578 -21.21320343017578 0
    endloop
  endfacet
  facet normal 0 0 -1
    outer loop
      vertex -24.944087982177734 -16.66710662841797 0
      vertex -24.944087982177734 16.66710662841797 0
      vertex -21.21320343017578 21.21320343017578 0
    endloop
  endfacet
  facet normal 0 0 -1
    outer loop
      vertex -27.716384887695312 -11.480502128601074 0
      vertex -24.944087982177734 16.66710662841797 0
      vertex -24.944087982177734 -16.66710662841797 0
    endloop
  endfacet
  facet normal 0 0 -1
    outer loop
      vertex -27.716384887695312 -11.480502128601074 0
      vertex -27.716384887695312 11.480502128601074 0
      vertex -24.944087982177734 16.66710662841797 0
    endloop
  endfacet
  facet normal 0 0 -1
    outer loop
      vertex -29.42355728149414 -5.85270881652832 0
      vertex -27.716384887695312 11.480502128601074 0
      vertex -27.716384887695312 -11.480502128601074 0
    endloop
  endfacet
  facet normal 0 0 -1
    outer loop
      vertex -29.42355728149414 -5.85270881652832 0
      vertex -29.42355728149414 5.85270881652832 0
      vertex -27.716384887695312 11.480502128601074 0
    endloop
  endfacet
  facet normal 0 0 -1
    outer loop
      vertex -29.42355728149414 5.85270881652832 0
      vertex -29.42355728149414 -5.85270881652832 0
      vertex -30 0 0
    endloop
  endfacet
  facet normal 0.8819213320282472 -0.4713966102058033 0
    outer loop
      vertex 24.944087982177734 -16.66710662841797 10
      vertex 27.716384887695312 -11.480502128601074 0
      vertex 27.716384887695312 -11.480502128601074 10
    endloop
  endfacet
  facet normal 0.8819213320282472 -0.4713966102058033 0
    outer loop
      vertex 27.716384887695312 -11.480502128601074 0
      vertex 24.944087982177734 -16.66710662841797 10
      vertex 24.944087982177734 -16.66710662841797 0
    endloop
  endfacet
  facet normal 0.9951847065408281 -0.09801734472656298 0
    outer loop
      vertex 29.42355728149414 -5.85270881652832 10
      vertex 30 0 0
      vertex 30 0 10
    endloop
  endfacet
  facet normal 0.9951847065408281 -0.09801734472656298 0
    outer loop
      vertex 30 0 0
      vertex 29.42355728149414 -5.85270881652832 10
      vertex 29.42355728149414 -5.85270881652832 0
    endloop
  endfacet
  facet normal -0.6343932156556211 0.7730105095858146 0
    outer loop
      vertex -16.66710662841797 24.944087982177734 0
      vertex -21.21320343017578 21.21320343017578 10
      vertex -16.66710662841797 24.944087982177734 10
    endloop
  endfacet
  facet normal -0.6343932156556211 0.7730105095858146 0
    outer loop
      vertex -21.21320343017578 21.21320343017578 10
      vertex -16.66710662841797 24.944087982177734 0
      vertex -21.21320343017578 21.21320343017578 0
    endloop
  endfacet
  facet normal 0 0 1
    outer loop
      vertex 27 0 10
      vertex 30 0 10
      vertex 29.42355728149414 5.85270881652832 10
    endloop
  endfacet
  facet normal 0 0 1
    outer loop
      vertex 26.481201171875 5.267437934875488 10
      vertex 29.42355728149414 5.85270881652832 10
      vertex 27.716384887695312 11.480502128601074 10
    endloop
  endfacet
  facet normal 0 0 1
    outer loop
      vertex 30 0 10
      vertex 27 0 10
      vertex 29.42355728149414 -5.85270881652832 10
    endloop
  endfacet
  facet normal 0 0 1
    outer loop
      vertex 26.481201171875 -5.267437934875488 10
      vertex 29.42355728149414 -5.85270881652832 10
      vertex 27 0 10
    endloop
  endfacet
  facet normal 0 0 1
    outer loop
      vertex 29.42355728149414 5.85270881652832 10
      vertex 26.481201171875 5.267437934875488 10
      vertex 27 0 10
    endloop
  endfacet
  facet normal 0 0 1
    outer loop
      vertex 27.716384887695312 11.480502128601074 10
      vertex 24.944747924804688 10.332451820373535 10
      vertex 26.481201171875 5.267437934875488 10
    endloop
  endfacet
  facet normal 0 0 1
    outer loop
      vertex 24.944087982177734 16.66710662841797 10
      vertex 24.944747924804688 10.332451820373535 10
      vertex 27.716384887695312 11.480502128601074 10
    endloop
  endfacet
  facet normal 0 0 1
    outer loop
      vertex 24.944087982177734 16.66710662841797 10
      vertex 22.44968032836914 15.000395774841309 10
      vertex 24.944747924804688 10.332451820373535 10
    endloop
  endfacet
  facet normal 0 0 1
    outer loop
      vertex 21.21320343017578 21.21320343017578 10
      vertex 22.44968032836914 15.000395774841309 10
      vertex 24.944087982177734 16.66710662841797 10
    endloop
  endfacet
  facet normal 0 0 1
    outer loop
      vertex 21.21320343017578 21.21320343017578 10
      vertex 19.091882705688477 19.091882705688477 10
      vertex 22.44968032836914 15.000395774841309 10
    endloop
  endfacet
  facet normal 0 0 1
    outer loop
      vertex 16.66710662841797 24.944087982177734 10
      vertex 19.091882705688477 19.091882705688477 10
      vertex 21.21320343017578 21.21320343017578 10
    endloop
  endfacet
  facet normal 0 0 1
    outer loop
      vertex 16.66710662841797 24.944087982177734 10
      vertex 15.000395774841309 22.44968032836914 10
      vertex 19.091882705688477 19.091882705688477 10
    endloop
  endfacet
  facet normal 0 0 1
    outer loop
      vertex 11.480502128601074 27.716384887695312 10
      vertex 15.000395774841309 22.44968032836914 10
      vertex 16.66710662841797 24.944087982177734 10
    endloop
  endfacet
  facet normal 0 0 1
    outer loop
      vertex 11.480502128601074 27.716384887695312 10
      vertex 10.332451820373535 24.944747924804688 10
      vertex 15.000395774841309 22.44968032836914 10
    endloop
  endfacet
  facet normal 0 0 1
    outer loop
      vertex 5.85270881652832 29.42355728149414 10
      vertex 10.332451820373535 24.944747924804688 10
      vertex 11.480502128601074 27.716384887695312 10
    endloop
  endfacet
  facet normal 0 0 1
    outer loop
      vertex 5.85270881652832 29.42355728149414 10
      vertex 5.267437934875488 26.481201171875 10
      vertex 10.332451820373535 24.944747924804688 10
    endloop
  endfacet
  facet normal 0 0 1
    outer loop
      vertex 0 30 10
      vertex 5.267437934875488 26.481201171875 10
      vertex 5.85270881652832 29.42355728149414 10
    endloop
  endfacet
  facet normal 0 0 1
    outer loop
      vertex 0 30 10
      vertex 0 27 10
      vertex 5.267437934875488 26.481201171875 10
    endloop
  endfacet
  facet normal 0 0 1
    outer loop
      vertex 0 30 10
      vertex -5.267437934875488 26.481201171875 10
      vertex 0 27 10
    endloop
  endfacet
  facet normal 0 0 1
    outer loop
      vertex -5.85270881652832 29.42355728149414 10
      vertex -5.267437934875488 26.481201171875 10
      vertex 0 30 10
    endloop
  endfacet
  facet normal 0 0 1
    outer loop
      vertex -5.85270881652832 29.42355728149414 10
      vertex -10.332451820373535 24.944747924804688 10
      vertex -5.267437934875488 26.481201171875 10
    endloop
  endfacet
  facet normal 0 0 1
    outer loop
      vertex -11.480502128601074 27.716384887695312 10
      vertex -10.332451820373535 24.944747924804688 10
      vertex -5.85270881652832 29.42355728149414 10
    endloop
  endfacet
  facet normal 0 0 1
    outer loop
      vertex -11.480502128601074 27.716384887695312 10
      vertex -15.000395774841309 22.44968032836914 10
      vertex -10.332451820373535 24.944747924804688 10
    endloop
  endfacet
  facet normal 0 0 1
    outer loop
      vertex -16.66710662841797 24.944087982177734 10
      vertex -15.000395774841309 22.44968032836914 10
      vertex -11.480502128601074 27.716384887695312 10
    endloop
  endfacet
  facet normal 0 0 1
    outer loop
      vertex -16.66710662841797 24.944087982177734 10
      vertex -19.091882705688477 19.091882705688477 10
      vertex -15.000395774841309 22.44968032836914 10
    endloop
  endfacet
  facet normal 0 0 1
    outer loop
      vertex -21.21320343017578 21.21320343017578 10
      vertex -19.091882705688477 19.091882705688477 10
      vertex -16.66710662841797 24.944087982177734 10
    endloop
  endfacet
  facet normal 0 0 1
    outer loop
      vertex -21.21320343017578 21.21320343017578 10
      vertex -22.44968032836914 15.000395774841309 10
      vertex -19.091882705688477 19.091882705688477 10
    endloop
  endfacet
  facet normal 0 0 1
    outer loop
      vertex -24.944087982177734 16.66710662841797 10
      vertex -22.44968032836914 15.000395774841309 10
      vertex -21.21320343017578 21.21320343017578 10
    endloop
  endfacet
  facet normal 0 0 1
    outer loop
      vertex -24.944087982177734 16.66710662841797 10
      vertex -24.944747924804688 10.332451820373535 10
      vertex -22.44968032836914 15.000395774841309 10
    endloop
  endfacet
  facet normal 0 0 1
    outer loop
      vertex -27.716384887695312 11.480502128601074 10
      vertex -24.944747924804688 10.332451820373535 10
      vertex -24.944087982177734 16.66710662841797 10
    endloop
  endfacet
  facet normal 0 0 1
    outer loop
      vertex -29.42355728149414 5.85270881652832 10
      vertex -26.481201171875 5.267437934875488 10
      vertex -27.716384887695312 11.480502128601074 10
    endloop
  endfacet
  facet normal 0 0 1
    outer loop
      vertex -24.944747924804688 10.332451820373535 10
      vertex -27.716384887695312 11.480502128601074 10
      vertex -26.481201171875 5.267437934875488 10
    endloop
  endfacet
  facet normal 0 0 1
    outer loop
      vertex 29.42355728149414 -5.85270881652832 10
      vertex 26.481201171875 -5.267437934875488 10
      vertex 27.716384887695312 -11.480502128601074 10
    endloop
  endfacet
  facet normal 0 0 1
    outer loop
      vertex 24.944747924804688 -10.332451820373535 10
      vertex 27.716384887695312 -11.480502128601074 10
      vertex 26.481201171875 -5.267437934875488 10
    endloop
  endfacet
  facet normal 0 0 1
    outer loop
      vertex 24.944747924804688 -10.332451820373535 10
      vertex 24.944087982177734 -16.66710662841797 10
      vertex 27.716384887695312 -11.480502128601074 10
    endloop
  endfacet
  facet normal 0 0 1
    outer loop
      vertex 22.44968032836914 -15.000395774841309 10
      vertex 24.944087982177734 -16.66710662841797 10
      vertex 24.944747924804688 -10.332451820373535 10
    endloop
  endfacet
  facet normal 0 0 1
    outer loop
      vertex 22.44968032836914 -15.000395774841309 10
      vertex 21.21320343017578 -21.21320343017578 10
      vertex 24.944087982177734 -16.66710662841797 10
    endloop
  endfacet
  facet normal 0 0 1
    outer loop
      vertex 19.091882705688477 -19.091882705688477 10
      vertex 21.21320343017578 -21.21320343017578 10
      vertex 22.44968032836914 -15.000395774841309 10
    endloop
  endfacet
  facet normal 0 0 1
    outer loop
      vertex 19.091882705688477 -19.091882705688477 10
      vertex 16.66710662841797 -24.944087982177734 10
      vertex 21.21320343017578 -21.21320343017578 10
    endloop
  endfacet
  facet normal 0 0 1
    outer loop
      vertex 15.000395774841309 -22.44968032836914 10
      vertex 16.66710662841797 -24.944087982177734 10
      vertex 19.091882705688477 -19.091882705688477 10
    endloop
  endfacet
  facet normal 0 0 1
    outer loop
      vertex 15.000395774841309 -22.44968032836914 10
      vertex 11.480502128601074 -27.716384887695312 10
      vertex 16.66710662841797 -24.944087982177734 10
    endloop
  endfacet
  facet normal 0 0 1
    outer loop
      vertex 10.332451820373535 -24.944747924804688 10
      vertex 11.480502128601074 -27.716384887695312 10
      vertex 15.000395774841309 -22.44968032836914 10
    endloop
  endfacet
  facet normal 0 0 1
    outer loop
      vertex 10.332451820373535 -24.944747924804688 10
      vertex 5.85270881652832 -29.42355728149414 10
      vertex 11.480502128601074 -27.716384887695312 10
    endloop
  endfacet
  facet normal 0 0 1
    outer loop
      vertex 5.267437934875488 -26.481201171875 10
      vertex 5.85270881652832 -29.42355728149414 10
      vertex 10.332451820373535 -24.944747924804688 10
    endloop
  endfacet
  facet normal 0 0 1
    outer loop
      vertex 0 -27 10
      vertex 5.85270881652832 -29.42355728149414 10
      vertex 5.267437934875488 -26.481201171875 10
    endloop
  endfacet
  facet normal 0 0 1
    outer loop
      vertex 0 -27 10
      vertex 0 -30 10
      vertex 5.85270881652832 -29.42355728149414 10
    endloop
  endfacet
  facet normal 0 0 1
    outer loop
      vertex -5.267437934875488 -26.481201171875 10
      vertex 0 -30 10
      vertex 0 -27 10
    endloop
  endfacet
  facet normal 0 0 1
    outer loop
      vertex -5.267437934875488 -26.481201171875 10
      vertex -5.85270881652832 -29.42355728149414 10
      vertex 0 -30 10
    endloop
  endfacet
  facet normal 0 0 1
    outer loop
      vertex -10.332451820373535 -24.944747924804688 10
      vertex -5.85270881652832 -29.42355728149414 10
      vertex -5.267437934875488 -26.481201171875 10
    endloop
  endfacet
  facet normal 0 0 1
    outer loop
      vertex -10.332451820373535 -24.944747924804688 10
      vertex -11.480502128601074 -27.716384887695312 10
      vertex -5.85270881652832 -29.42355728149414 10
    endloop
  endfacet
  facet normal 0 0 1
    outer loop
      vertex -15.000395774841309 -22.44968032836914 10
      vertex -11.480502128601074 -27.716384887695312 10
      vertex -10.332451820373535 -24.944747924804688 10
    endloop
  endfacet
  facet normal 0 0 1
    outer loop
      vertex -15.000395774841309 -22.44968032836914 10
      vertex -16.66710662841797 -24.944087982177734 10
      vertex -11.480502128601074 -27.716384887695312 10
    endloop
  endfacet
  facet normal 0 0 1
    outer loop
      vertex -19.091882705688477 -19.091882705688477 10
      vertex -16.66710662841797 -24.944087982177734 10
      vertex -15.000395774841309 -22.44968032836914 10
    endloop
  endfacet
  facet normal 0 0 1
    outer loop
      vertex -19.091882705688477 -19.091882705688477 10
      vertex -21.21320343017578 -21.21320343017578 10
      vertex -16.66710662841797 -24.944087982177734 10
    endloop
  endfacet
  facet normal 0 0 1
    outer loop
      vertex -22.44968032836914 -15.000395774841309 10
      vertex -21.21320343017578 -21.21320343017578 10
      vertex -19.091882705688477 -19.091882705688477 10
    endloop
  endfacet
  facet normal 0 0 1
    outer loop
      vertex -22.44968032836914 -15.000395774841309 10
      vertex -24.944087982177734 -16.66710662841797 10
      vertex -21.21320343017578 -21.21320343017578 10
    endloop
  endfacet
  facet normal 0 0 1
    outer loop
      vertex -24.944747924804688 -10.332451820373535 10
      vertex -24.944087982177734 -16.66710662841797 10
      vertex -22.44968032836914 -15.000395774841309 10
    endloop
  endfacet
  facet normal 0 0 1
    outer loop
      vertex -27.716384887695312 -11.480502128601074 10
      vertex -24.944747924804688 -10.332451820373535 10
      vertex -26.481201171875 -5.267437934875488 10
    endloop
  endfacet
  facet normal 0 0 1
    outer loop
      vertex -24.944747924804688 -10.332451820373535 10
      vertex -27.716384887695312 -11.480502128601074 10
      vertex -24.944087982177734 -16.66710662841797 10
    endloop
  endfacet
  facet normal 0 0 1
    outer loop
      vertex -29.42355728149414 -5.85270881652832 10
      vertex -26.481201171875 -5.267437934875488 10
      vertex -27 0 10
    endloop
  endfacet
  facet normal 0 0 1
    outer loop
      vertex -26.481201171875 5.267437934875488 10
      vertex -29.42355728149414 5.85270881652832 10
      vertex -27 0 10
    endloop
  endfacet
  facet normal 0 0 1
    outer loop
      vertex -30 0 10
      vertex -27 0 10
      vertex -29.42355728149414 5.85270881652832 10
    endloop
  endfacet
  facet normal 0 0 1
    outer loop
      vertex -26.481201171875 -5.267437934875488 10
      vertex -29.42355728149414 -5.85270881652832 10
      vertex -27.716384887695312 -11.480502128601074 10
    endloop
  endfacet
  facet normal 0 0 1
    outer loop
      vertex -27 0 10
      vertex -30 0 10
      vertex -29.42355728149414 -5.85270881652832 10
    endloop
  endfacet
  facet normal -0.4713966737527117 -0.8819212980617258 0
    outer loop
      vertex 10.332451820373535 24.944747924804688 2.5
      vertex 15.000395774841309 22.44968032836914 8.5
      vertex 10.332451820373535 24.944747924804688 8.5
    endloop
  endfacet
  facet normal -0.4713966737527117 -0.8819212980617258 0
    outer loop
      vertex 15.000395774841309 22.44968032836914 8.5
      vertex 10.332451820373535 24.944747924804688 2.5
      vertex 15.000395774841309 22.44968032836914 2.5
    endloop
  endfacet
  facet normal -0.47139667375271166 -0.8819212980617258 0
    outer loop
      vertex 10.332451820373535 24.944747924804688 9.5
      vertex 15.000395774841309 22.44968032836914 10
      vertex 10.332451820373535 24.944747924804688 10
    endloop
  endfacet
  facet normal -0.47139667375271166 -0.8819212980617258 0
    outer loop
      vertex 15.000395774841309 22.44968032836914 10
      vertex 10.332451820373535 24.944747924804688 9.5
      vertex 15.000395774841309 22.44968032836914 9.5
    endloop
  endfacet
  facet normal -0.9951846995105723 -0.09801741610577126 0
    outer loop
      vertex 27 0 2.5
      vertex 26.481201171875 5.267437934875488 8.5
      vertex 26.481201171875 5.267437934875488 2.5
    endloop
  endfacet
  facet normal -0.9951846995105723 -0.09801741610577126 0
    outer loop
      vertex 26.481201171875 5.267437934875488 8.5
      vertex 27 0 2.5
      vertex 27 0 8.5
    endloop
  endfacet
  facet normal -0.9951846995105723 -0.09801741610577126 0
    outer loop
      vertex 27 0 9.5
      vertex 26.481201171875 5.267437934875488 10
      vertex 26.481201171875 5.267437934875488 9.5
    endloop
  endfacet
  facet normal -0.9951846995105723 -0.09801741610577126 0
    outer loop
      vertex 26.481201171875 5.267437934875488 10
      vertex 27 0 9.5
      vertex 27 0 10
    endloop
  endfacet
  facet normal 0.09801741610577061 -0.9951846995105657 -1.1508080547992891e-7
    outer loop
      vertex -5.267437934875488 26.481201171875 8.5
      vertex -4 26.606033325195312 8
      vertex 0 27 8.5
    endloop
  endfacet
  facet normal 0.09801746106859455 -0.9951846950821072 0
    outer loop
      vertex -5.267437934875488 26.481201171875 2.5
      vertex -4 26.606033325195312 8
      vertex -5.267437934875488 26.481201171875 8.5
    endloop
  endfacet
  facet normal 0.09801746106859455 -0.9951846950821072 0
    outer loop
      vertex -4 26.606033325195312 8
      vertex -5.267437934875488 26.481201171875 2.5
      vertex -4 26.606033325195312 2.5
    endloop
  endfacet
  facet normal 0.09801740185887417 -0.9951847009137731 0
    outer loop
      vertex 0 27 8.5
      vertex -4 26.606033325195312 8
      vertex 0 27 8
    endloop
  endfacet
  facet normal 0.09801741610577126 -0.9951846995105723 0
    outer loop
      vertex -5.267437934875488 26.481201171875 9.5
      vertex 0 27 10
      vertex -5.267437934875488 26.481201171875 10
    endloop
  endfacet
  facet normal 0.09801741610577126 -0.9951846995105723 0
    outer loop
      vertex 0 27 10
      vertex -5.267437934875488 26.481201171875 9.5
      vertex 0 27 9.5
    endloop
  endfacet
  facet normal 0 0 1
    outer loop
      vertex -4 26.606033325195312 2.5
      vertex -5.267437934875488 26.481201171875 2.5
      vertex -4 26 2.5
    endloop
  endfacet
  facet normal 0 0 1
    outer loop
      vertex 26.481201171875 5.267437934875488 2.5
      vertex 26.481201171875 -5.267437934875488 2.5
      vertex 27 0 2.5
    endloop
  endfacet
  facet normal 0 0 1
    outer loop
      vertex 4 26 2.5
      vertex 26.481201171875 5.267437934875488 2.5
      vertex 24.944747924804688 10.332451820373535 2.5
    endloop
  endfacet
  facet normal 0 0 1
    outer loop
      vertex 26.481201171875 5.267437934875488 2.5
      vertex 4 26 2.5
      vertex 26.481201171875 -5.267437934875488 2.5
    endloop
  endfacet
  facet normal 0 0 1
    outer loop
      vertex 4 26 2.5
      vertex 24.944747924804688 10.332451820373535 2.5
      vertex 22.44968032836914 15.000395774841309 2.5
    endloop
  endfacet
  facet normal 0 0 1
    outer loop
      vertex 26.481201171875 -5.267437934875488 2.5
      vertex 4 26 2.5
      vertex 24.944747924804688 -10.332451820373535 2.5
    endloop
  endfacet
  facet normal 0 0 1
    outer loop
      vertex 4 26 2.5
      vertex 22.44968032836914 15.000395774841309 2.5
      vertex 19.091882705688477 19.091882705688477 2.5
    endloop
  endfacet
  facet normal 0 0 1
    outer loop
      vertex 24.944747924804688 -10.332451820373535 2.5
      vertex 4 26 2.5
      vertex 22.44968032836914 -15.000395774841309 2.5
    endloop
  endfacet
  facet normal 0 0 1
    outer loop
      vertex 4 26 2.5
      vertex 19.091882705688477 19.091882705688477 2.5
      vertex 15.000395774841309 22.44968032836914 2.5
    endloop
  endfacet
  facet normal 0 0 1
    outer loop
      vertex 22.44968032836914 -15.000395774841309 2.5
      vertex 4 26 2.5
      vertex 19.091882705688477 -19.091882705688477 2.5
    endloop
  endfacet
  facet normal 0 0 1
    outer loop
      vertex 4 26 2.5
      vertex 15.000395774841309 22.44968032836914 2.5
      vertex 10.332451820373535 24.944747924804688 2.5
    endloop
  endfacet
  facet normal 0 0 1
    outer loop
      vertex 19.091882705688477 -19.091882705688477 2.5
      vertex 4 26 2.5
      vertex 15.000395774841309 -22.44968032836914 2.5
    endloop
  endfacet
  facet normal 0 0 1
    outer loop
      vertex 4 26 2.5
      vertex 10.332451820373535 24.944747924804688 2.5
      vertex 5.267437934875488 26.481201171875 2.5
    endloop
  endfacet
  facet normal 0 0 1
    outer loop
      vertex 15.000395774841309 -22.44968032836914 2.5
      vertex 4 26 2.5
      vertex 10.332451820373535 -24.944747924804688 2.5
    endloop
  endfacet
  facet normal 0 0 1
    outer loop
      vertex 4 26 2.5
      vertex 5.267437934875488 26.481201171875 2.5
      vertex 4 26.606033325195312 2.5
    endloop
  endfacet
  facet normal 0 0 1
    outer loop
      vertex 10.332451820373535 -24.944747924804688 2.5
      vertex 4 26 2.5
      vertex 5.267437934875488 -26.481201171875 2.5
    endloop
  endfacet
  facet normal 0 0 1
    outer loop
      vertex 4 26 2.5
      vertex 0 -27 2.5
      vertex 5.267437934875488 -26.481201171875 2.5
    endloop
  endfacet
  facet normal 0 0 1
    outer loop
      vertex -4 26 2.5
      vertex 0 -27 2.5
      vertex 4 26 2.5
    endloop
  endfacet
  facet normal 0 0 1
    outer loop
      vertex -10.332451820373535 24.944747924804688 2.5
      vertex -4 26 2.5
      vertex -5.267437934875488 26.481201171875 2.5
    endloop
  endfacet
  facet normal 0 0 1
    outer loop
      vertex -4 26 2.5
      vertex -5.267437934875488 -26.481201171875 2.5
      vertex 0 -27 2.5
    endloop
  endfacet
  facet normal 0 0 1
    outer loop
      vertex -15.000395774841309 22.44968032836914 2.5
      vertex -4 26 2.5
      vertex -10.332451820373535 24.944747924804688 2.5
    endloop
  endfacet
  facet normal 0 0 1
    outer loop
      vertex -4 26 2.5
      vertex -10.332451820373535 -24.944747924804688 2.5
      vertex -5.267437934875488 -26.481201171875 2.5
    endloop
  endfacet
  facet normal 0 0 1
    outer loop
      vertex -19.091882705688477 19.091882705688477 2.5
      vertex -4 26 2.5
      vertex -15.000395774841309 22.44968032836914 2.5
    endloop
  endfacet
  facet normal 0 0 1
    outer loop
      vertex -4 26 2.5
      vertex -15.000395774841309 -22.44968032836914 2.5
      vertex -10.332451820373535 -24.944747924804688 2.5
    endloop
  endfacet
  facet normal 0 0 1
    outer loop
      vertex -22.44968032836914 15.000395774841309 2.5
      vertex -4 26 2.5
      vertex -19.091882705688477 19.091882705688477 2.5
    endloop
  endfacet
  facet normal 0 0 1
    outer loop
      vertex -4 26 2.5
      vertex -19.091882705688477 -19.091882705688477 2.5
      vertex -15.000395774841309 -22.44968032836914 2.5
    endloop
  endfacet
  facet normal 0 0 1
    outer loop
      vertex -24.944747924804688 10.332451820373535 2.5
      vertex -4 26 2.5
      vertex -22.44968032836914 15.000395774841309 2.5
    endloop
  endfacet
  facet normal 0 0 1
    outer loop
      vertex -4 26 2.5
      vertex -22.44968032836914 -15.000395774841309 2.5
      vertex -19.091882705688477 -19.091882705688477 2.5
    endloop
  endfacet
  facet normal 0 0 1
    outer loop
      vertex -26.481201171875 5.267437934875488 2.5
      vertex -4 26 2.5
      vertex -24.944747924804688 10.332451820373535 2.5
    endloop
  endfacet
  facet normal 0 0 1
    outer loop
      vertex -4 26 2.5
      vertex -24.944747924804688 -10.332451820373535 2.5
      vertex -22.44968032836914 -15.000395774841309 2.5
    endloop
  endfacet
  facet normal 0 0 1
    outer loop
      vertex -4 26 2.5
      vertex -26.481201171875 5.267437934875488 2.5
      vertex -24.944747924804688 -10.332451820373535 2.5
    endloop
  endfacet
  facet normal 0 0 1
    outer loop
      vertex -26.481201171875 5.267437934875488 2.5
      vertex -26.481201171875 -5.267437934875488 2.5
      vertex -24.944747924804688 -10.332451820373535 2.5
    endloop
  endfacet
  facet normal 0 0 1
    outer loop
      vertex -26.481201171875 -5.267437934875488 2.5
      vertex -26.481201171875 5.267437934875488 2.5
      vertex -27 0 2.5
    endloop
  endfacet
  facet normal 0.9951846995105723 -0.09801741610577126 0
    outer loop
      vertex -27 0 8.5
      vertex -26.481201171875 5.267437934875488 2.5
      vertex -26.481201171875 5.267437934875488 8.5
    endloop
  endfacet
  facet normal 0.9951846995105723 -0.09801741610577126 0
    outer loop
      vertex -26.481201171875 5.267437934875488 2.5
      vertex -27 0 8.5
      vertex -27 0 2.5
    endloop
  endfacet
  facet normal 0.9951846995105723 -0.09801741610577126 0
    outer loop
      vertex -27 0 10
      vertex -26.481201171875 5.267437934875488 9.5
      vertex -26.481201171875 5.267437934875488 10
    endloop
  endfacet
  facet normal 0.9951846995105723 -0.09801741610577126 0
    outer loop
      vertex -26.481201171875 5.267437934875488 9.5
      vertex -27 0 10
      vertex -27 0 9.5
    endloop
  endfacet
  facet normal 0.4713966737527117 0.8819212980617258 0
    outer loop
      vertex -10.332451820373535 -24.944747924804688 2.5
      vertex -15.000395774841309 -22.44968032836914 8.5
      vertex -10.332451820373535 -24.944747924804688 8.5
    endloop
  endfacet
  facet normal 0.4713966737527117 0.8819212980617258 0
    outer loop
      vertex -15.000395774841309 -22.44968032836914 8.5
      vertex -10.332451820373535 -24.944747924804688 2.5
      vertex -15.000395774841309 -22.44968032836914 2.5
    endloop
  endfacet
  facet normal 0.47139667375271166 0.8819212980617258 0
    outer loop
      vertex -10.332451820373535 -24.944747924804688 9.5
      vertex -15.000395774841309 -22.44968032836914 10
      vertex -10.332451820373535 -24.944747924804688 10
    endloop
  endfacet
  facet normal 0.47139667375271166 0.8819212980617258 0
    outer loop
      vertex -15.000395774841309 -22.44968032836914 10
      vertex -10.332451820373535 -24.944747924804688 9.5
      vertex -15.000395774841309 -22.44968032836914 9.5
    endloop
  endfacet
  facet normal -0.4713966737527117 0.8819212980617258 0
    outer loop
      vertex 15.000395774841309 -22.44968032836914 2.5
      vertex 10.332451820373535 -24.944747924804688 8.5
      vertex 15.000395774841309 -22.44968032836914 8.5
    endloop
  endfacet
  facet normal -0.4713966737527117 0.8819212980617258 0
    outer loop
      vertex 10.332451820373535 -24.944747924804688 8.5
      vertex 15.000395774841309 -22.44968032836914 2.5
      vertex 10.332451820373535 -24.944747924804688 2.5
    endloop
  endfacet
  facet normal -0.47139667375271166 0.8819212980617258 0
    outer loop
      vertex 15.000395774841309 -22.44968032836914 9.5
      vertex 10.332451820373535 -24.944747924804688 10
      vertex 15.000395774841309 -22.44968032836914 10
    endloop
  endfacet
  facet normal -0.47139667375271166 0.8819212980617258 0
    outer loop
      vertex 10.332451820373535 -24.944747924804688 10
      vertex 15.000395774841309 -22.44968032836914 9.5
      vertex 10.332451820373535 -24.944747924804688 9.5
    endloop
  endfacet
  facet normal 0.9951846995105723 0.09801741610577126 0
    outer loop
      vertex -26.481201171875 -5.267437934875488 8.5
      vertex -27 0 2.5
      vertex -27 0 8.5
    endloop
  endfacet
  facet normal 0.9951846995105723 0.09801741610577126 0
    outer loop
      vertex -27 0 2.5
      vertex -26.481201171875 -5.267437934875488 8.5
      vertex -26.481201171875 -5.267437934875488 2.5
    endloop
  endfacet
  facet normal 0.9951846995105723 0.09801741610577126 0
    outer loop
      vertex -26.481201171875 -5.267437934875488 10
      vertex -27 0 9.5
      vertex -27 0 10
    endloop
  endfacet
  facet normal 0.9951846995105723 0.09801741610577126 0
    outer loop
      vertex -27 0 9.5
      vertex -26.481201171875 -5.267437934875488 10
      vertex -26.481201171875 -5.267437934875488 9.5
    endloop
  endfacet
  facet normal 0.4713966737527117 -0.8819212980617258 0
    outer loop
      vertex -15.000395774841309 22.44968032836914 2.5
      vertex -10.332451820373535 24.944747924804688 8.5
      vertex -15.000395774841309 22.44968032836914 8.5
    endloop
  endfacet
  facet normal 0.4713966737527117 -0.8819212980617258 0
    outer loop
      vertex -10.332451820373535 24.944747924804688 8.5
      vertex -15.000395774841309 22.44968032836914 2.5
      vertex -10.332451820373535 24.944747924804688 2.5
    endloop
  endfacet
  facet normal 0.47139667375271166 -0.8819212980617258 0
    outer loop
      vertex -15.000395774841309 22.44968032836914 9.5
      vertex -10.332451820373535 24.944747924804688 10
      vertex -15.000395774841309 22.44968032836914 10
    endloop
  endfacet
  facet normal 0.47139667375271166 -0.8819212980617258 0
    outer loop
      vertex -10.332451820373535 24.944747924804688 10
      vertex -15.000395774841309 22.44968032836914 9.5
      vertex -10.332451820373535 24.944747924804688 9.5
    endloop
  endfacet
  facet normal -0.7730103537094679 -0.6343934055914857 0
    outer loop
      vertex 22.44968032836914 15.000395774841309 2.5
      vertex 19.091882705688477 19.091882705688477 8.5
      vertex 19.091882705688477 19.091882705688477 2.5
    endloop
  endfacet
  facet normal -0.7730103537094679 -0.6343934055914857 0
    outer loop
      vertex 19.091882705688477 19.091882705688477 8.5
      vertex 22.44968032836914 15.000395774841309 2.5
      vertex 22.44968032836914 15.000395774841309 8.5
    endloop
  endfacet
  facet normal -0.7730103537094679 -0.6343934055914857 0
    outer loop
      vertex 22.44968032836914 15.000395774841309 9.5
      vertex 19.091882705688477 19.091882705688477 10
      vertex 19.091882705688477 19.091882705688477 9.5
    endloop
  endfacet
  facet normal -0.7730103537094679 -0.6343934055914857 0
    outer loop
      vertex 19.091882705688477 19.091882705688477 10
      vertex 22.44968032836914 15.000395774841309 9.5
      vertex 22.44968032836914 15.000395774841309 10
    endloop
  endfacet
  facet normal -0.09801741610577126 0.9951846995105723 0
    outer loop
      vertex 5.267437934875488 -26.481201171875 2.5
      vertex 0 -27 8.5
      vertex 5.267437934875488 -26.481201171875 8.5
    endloop
  endfacet
  facet normal -0.09801741610577126 0.9951846995105723 0
    outer loop
      vertex 0 -27 8.5
      vertex 5.267437934875488 -26.481201171875 2.5
      vertex 0 -27 2.5
    endloop
  endfacet
  facet normal -0.09801741610577126 0.9951846995105723 0
    outer loop
      vertex 5.267437934875488 -26.481201171875 9.5
      vertex 0 -27 10
      vertex 5.267437934875488 -26.481201171875 10
    endloop
  endfacet
  facet normal -0.09801741610577126 0.9951846995105723 0
    outer loop
      vertex 0 -27 10
      vertex 5.267437934875488 -26.481201171875 9.5
      vertex 0 -27 9.5
    endloop
  endfacet
  facet normal -0.9951846995105723 0.09801741610577126 0
    outer loop
      vertex 26.481201171875 -5.267437934875488 2.5
      vertex 27 0 8.5
      vertex 27 0 2.5
    endloop
  endfacet
  facet normal -0.9951846995105723 0.09801741610577126 0
    outer loop
      vertex 27 0 8.5
      vertex 26.481201171875 -5.267437934875488 2.5
      vertex 26.481201171875 -5.267437934875488 8.5
    endloop
  endfacet
  facet normal -0.9951846995105723 0.09801741610577126 0
    outer loop
      vertex 26.481201171875 -5.267437934875488 9.5
      vertex 27 0 10
      vertex 27 0 9.5
    endloop
  endfacet
  facet normal -0.9951846995105723 0.09801741610577126 0
    outer loop
      vertex 27 0 10
      vertex 26.481201171875 -5.267437934875488 9.5
      vertex 26.481201171875 -5.267437934875488 10
    endloop
  endfacet
  facet normal 0.8819212980617258 0.4713966737527117 0
    outer loop
      vertex -22.44968032836914 -15.000395774841309 8.5
      vertex -24.944747924804688 -10.332451820373535 2.5
      vertex -24.944747924804688 -10.332451820373535 8.5
    endloop
  endfacet
  facet normal 0.8819212980617258 0.4713966737527117 0
    outer loop
      vertex -24.944747924804688 -10.332451820373535 2.5
      vertex -22.44968032836914 -15.000395774841309 8.5
      vertex -22.44968032836914 -15.000395774841309 2.5
    endloop
  endfacet
  facet normal 0.8819212980617258 0.47139667375271166 0
    outer loop
      vertex -22.44968032836914 -15.000395774841309 10
      vertex -24.944747924804688 -10.332451820373535 9.5
      vertex -24.944747924804688 -10.332451820373535 10
    endloop
  endfacet
  facet normal 0.8819212980617258 0.47139667375271166 0
    outer loop
      vertex -24.944747924804688 -10.332451820373535 9.5
      vertex -22.44968032836914 -15.000395774841309 10
      vertex -22.44968032836914 -15.000395774841309 9.5
    endloop
  endfacet
  facet normal 0.6343934055914857 -0.7730103537094679 0
    outer loop
      vertex -19.091882705688477 19.091882705688477 2.5
      vertex -15.000395774841309 22.44968032836914 8.5
      vertex -19.091882705688477 19.091882705688477 8.5
    endloop
  endfacet
  facet normal 0.6343934055914857 -0.7730103537094679 0
    outer loop
      vertex -15.000395774841309 22.44968032836914 8.5
      vertex -19.091882705688477 19.091882705688477 2.5
      vertex -15.000395774841309 22.44968032836914 2.5
    endloop
  endfacet
  facet normal 0.6343934055914857 -0.7730103537094679 0
    outer loop
      vertex -19.091882705688477 19.091882705688477 9.5
      vertex -15.000395774841309 22.44968032836914 10
      vertex -19.091882705688477 19.091882705688477 10
    endloop
  endfacet
  facet normal 0.6343934055914857 -0.7730103537094679 0
    outer loop
      vertex -15.000395774841309 22.44968032836914 10
      vertex -19.091882705688477 19.091882705688477 9.5
      vertex -15.000395774841309 22.44968032836914 9.5
    endloop
  endfacet
  facet normal -0.9569404363681338 -0.2902843455020708 0
    outer loop
      vertex 26.481201171875 5.267437934875488 2.5
      vertex 24.944747924804688 10.332451820373535 8.5
      vertex 24.944747924804688 10.332451820373535 2.5
    endloop
  endfacet
  facet normal -0.9569404363681338 -0.2902843455020708 0
    outer loop
      vertex 24.944747924804688 10.332451820373535 8.5
      vertex 26.481201171875 5.267437934875488 2.5
      vertex 26.481201171875 5.267437934875488 8.5
    endloop
  endfacet
  facet normal -0.9569404363681339 -0.2902843455020708 0
    outer loop
      vertex 26.481201171875 5.267437934875488 9.5
      vertex 24.944747924804688 10.332451820373535 10
      vertex 24.944747924804688 10.332451820373535 9.5
    endloop
  endfacet
  facet normal -0.9569404363681339 -0.2902843455020708 0
    outer loop
      vertex 24.944747924804688 10.332451820373535 10
      vertex 26.481201171875 5.267437934875488 9.5
      vertex 26.481201171875 5.267437934875488 10
    endloop
  endfacet
  facet normal -0.2902843455020708 -0.9569404363681338 0
    outer loop
      vertex 5.267437934875488 26.481201171875 2.5
      vertex 10.332451820373535 24.944747924804688 8.5
      vertex 5.267437934875488 26.481201171875 8.5
    endloop
  endfacet
  facet normal -0.2902843455020708 -0.9569404363681338 0
    outer loop
      vertex 10.332451820373535 24.944747924804688 8.5
      vertex 5.267437934875488 26.481201171875 2.5
      vertex 10.332451820373535 24.944747924804688 2.5
    endloop
  endfacet
  facet normal -0.2902843455020708 -0.9569404363681339 0
    outer loop
      vertex 5.267437934875488 26.481201171875 9.5
      vertex 10.332451820373535 24.944747924804688 10
      vertex 5.267437934875488 26.481201171875 10
    endloop
  endfacet
  facet normal -0.2902843455020708 -0.9569404363681339 0
    outer loop
      vertex 10.332451820373535 24.944747924804688 10
      vertex 5.267437934875488 26.481201171875 9.5
      vertex 10.332451820373535 24.944747924804688 9.5
    endloop
  endfacet
  facet normal -0.9569404363681338 0.2902843455020708 0
    outer loop
      vertex 24.944747924804688 -10.332451820373535 2.5
      vertex 26.481201171875 -5.267437934875488 8.5
      vertex 26.481201171875 -5.267437934875488 2.5
    endloop
  endfacet
  facet normal -0.9569404363681338 0.2902843455020708 0
    outer loop
      vertex 26.481201171875 -5.267437934875488 8.5
      vertex 24.944747924804688 -10.332451820373535 2.5
      vertex 24.944747924804688 -10.332451820373535 8.5
    endloop
  endfacet
  facet normal -0.9569404363681339 0.2902843455020708 0
    outer loop
      vertex 24.944747924804688 -10.332451820373535 9.5
      vertex 26.481201171875 -5.267437934875488 10
      vertex 26.481201171875 -5.267437934875488 9.5
    endloop
  endfacet
  facet normal -0.9569404363681339 0.2902843455020708 0
    outer loop
      vertex 26.481201171875 -5.267437934875488 10
      vertex 24.944747924804688 -10.332451820373535 9.5
      vertex 24.944747924804688 -10.332451820373535 10
    endloop
  endfacet
  facet normal 0.6343934055914857 0.7730103537094679 0
    outer loop
      vertex -15.000395774841309 -22.44968032836914 2.5
      vertex -19.091882705688477 -19.091882705688477 8.5
      vertex -15.000395774841309 -22.44968032836914 8.5
    endloop
  endfacet
  facet normal 0.6343934055914857 0.7730103537094679 0
    outer loop
      vertex -19.091882705688477 -19.091882705688477 8.5
      vertex -15.000395774841309 -22.44968032836914 2.5
      vertex -19.091882705688477 -19.091882705688477 2.5
    endloop
  endfacet
  facet normal 0.6343934055914857 0.7730103537094679 0
    outer loop
      vertex -15.000395774841309 -22.44968032836914 9.5
      vertex -19.091882705688477 -19.091882705688477 10
      vertex -15.000395774841309 -22.44968032836914 10
    endloop
  endfacet
  facet normal 0.6343934055914857 0.7730103537094679 0
    outer loop
      vertex -19.091882705688477 -19.091882705688477 10
      vertex -15.000395774841309 -22.44968032836914 9.5
      vertex -19.091882705688477 -19.091882705688477 9.5
    endloop
  endfacet
  facet normal 0.2902843455020708 0.9569404363681338 0
    outer loop
      vertex -5.267437934875488 -26.481201171875 2.5
      vertex -10.332451820373535 -24.944747924804688 8.5
      vertex -5.267437934875488 -26.481201171875 8.5
    endloop
  endfacet
  facet normal 0.2902843455020708 0.9569404363681338 0
    outer loop
      vertex -10.332451820373535 -24.944747924804688 8.5
      vertex -5.267437934875488 -26.481201171875 2.5
      vertex -10.332451820373535 -24.944747924804688 2.5
    endloop
  endfacet
  facet normal 0.2902843455020708 0.9569404363681339 0
    outer loop
      vertex -5.267437934875488 -26.481201171875 9.5
      vertex -10.332451820373535 -24.944747924804688 10
      vertex -5.267437934875488 -26.481201171875 10
    endloop
  endfacet
  facet normal 0.2902843455020708 0.9569404363681339 0
    outer loop
      vertex -10.332451820373535 -24.944747924804688 10
      vertex -5.267437934875488 -26.481201171875 9.5
      vertex -10.332451820373535 -24.944747924804688 9.5
    endloop
  endfacet
  facet normal 0.7730103537094679 0.6343934055914857 0
    outer loop
      vertex -19.091882705688477 -19.091882705688477 8.5
      vertex -22.44968032836914 -15.000395774841309 2.5
      vertex -22.44968032836914 -15.000395774841309 8.5
    endloop
  endfacet
  facet normal 0.7730103537094679 0.6343934055914857 0
    outer loop
      vertex -22.44968032836914 -15.000395774841309 2.5
      vertex -19.091882705688477 -19.091882705688477 8.5
      vertex -19.091882705688477 -19.091882705688477 2.5
    endloop
  endfacet
  facet normal 0.7730103537094679 0.6343934055914857 0
    outer loop
      vertex -19.091882705688477 -19.091882705688477 10
      vertex -22.44968032836914 -15.000395774841309 9.5
      vertex -22.44968032836914 -15.000395774841309 10
    endloop
  endfacet
  facet normal 0.7730103537094679 0.6343934055914857 0
    outer loop
      vertex -22.44968032836914 -15.000395774841309 9.5
      vertex -19.091882705688477 -19.091882705688477 10
      vertex -19.091882705688477 -19.091882705688477 9.5
    endloop
  endfacet
  facet normal -0.8819212980617258 -0.4713966737527117 0
    outer loop
      vertex 24.944747924804688 10.332451820373535 2.5
      vertex 22.44968032836914 15.000395774841309 8.5
      vertex 22.44968032836914 15.000395774841309 2.5
    endloop
  endfacet
  facet normal -0.8819212980617258 -0.4713966737527117 0
    outer loop
      vertex 22.44968032836914 15.000395774841309 8.5
      vertex 24.944747924804688 10.332451820373535 2.5
      vertex 24.944747924804688 10.332451820373535 8.5
    endloop
  endfacet
  facet normal -0.8819212980617258 -0.47139667375271166 0
    outer loop
      vertex 24.944747924804688 10.332451820373535 9.5
      vertex 22.44968032836914 15.000395774841309 10
      vertex 22.44968032836914 15.000395774841309 9.5
    endloop
  endfacet
  facet normal -0.8819212980617258 -0.47139667375271166 0
    outer loop
      vertex 22.44968032836914 15.000395774841309 10
      vertex 24.944747924804688 10.332451820373535 9.5
      vertex 24.944747924804688 10.332451820373535 10
    endloop
  endfacet
  facet normal -0.7730103537094679 0.6343934055914857 0
    outer loop
      vertex 19.091882705688477 -19.091882705688477 2.5
      vertex 22.44968032836914 -15.000395774841309 8.5
      vertex 22.44968032836914 -15.000395774841309 2.5
    endloop
  endfacet
  facet normal -0.7730103537094679 0.6343934055914857 0
    outer loop
      vertex 22.44968032836914 -15.000395774841309 8.5
      vertex 19.091882705688477 -19.091882705688477 2.5
      vertex 19.091882705688477 -19.091882705688477 8.5
    endloop
  endfacet
  facet normal -0.7730103537094679 0.6343934055914857 0
    outer loop
      vertex 19.091882705688477 -19.091882705688477 9.5
      vertex 22.44968032836914 -15.000395774841309 10
      vertex 22.44968032836914 -15.000395774841309 9.5
    endloop
  endfacet
  facet normal -0.7730103537094679 0.6343934055914857 0
    outer loop
      vertex 22.44968032836914 -15.000395774841309 10
      vertex 19.091882705688477 -19.091882705688477 9.5
      vertex 19.091882705688477 -19.091882705688477 10
    endloop
  endfacet
  facet normal -0.09801740185887417 -0.9951847009137731 0
    outer loop
      vertex 4 26.606033325195312 8
      vertex 0 27 8.5
      vertex 0 27 8
    endloop
  endfacet
  facet normal -0.09801741610577061 -0.9951846995105657 -1.1508080547992891e-7
    outer loop
      vertex 0 27 8.5
      vertex 4 26.606033325195312 8
      vertex 5.267437934875488 26.481201171875 8.5
    endloop
  endfacet
  facet normal -0.09801746106859455 -0.9951846950821072 0
    outer loop
      vertex 5.267437934875488 26.481201171875 2.5
      vertex 4 26.606033325195312 8
      vertex 4 26.606033325195312 2.5
    endloop
  endfacet
  facet normal -0.09801746106859455 -0.9951846950821072 0
    outer loop
      vertex 4 26.606033325195312 8
      vertex 5.267437934875488 26.481201171875 2.5
      vertex 5.267437934875488 26.481201171875 8.5
    endloop
  endfacet
  facet normal -0.09801741610577126 -0.9951846995105723 0
    outer loop
      vertex 0 27 9.5
      vertex 5.267437934875488 26.481201171875 10
      vertex 0 27 10
    endloop
  endfacet
  facet normal -0.09801741610577126 -0.9951846995105723 0
    outer loop
      vertex 5.267437934875488 26.481201171875 10
      vertex 0 27 9.5
      vertex 5.267437934875488 26.481201171875 9.5
    endloop
  endfacet
  facet normal 0.2902843455020708 -0.9569404363681338 0
    outer loop
      vertex -10.332451820373535 24.944747924804688 2.5
      vertex -5.267437934875488 26.481201171875 8.5
      vertex -10.332451820373535 24.944747924804688 8.5
    endloop
  endfacet
  facet normal 0.2902843455020708 -0.9569404363681338 0
    outer loop
      vertex -5.267437934875488 26.481201171875 8.5
      vertex -10.332451820373535 24.944747924804688 2.5
      vertex -5.267437934875488 26.481201171875 2.5
    endloop
  endfacet
  facet normal 0.2902843455020708 -0.9569404363681339 0
    outer loop
      vertex -10.332451820373535 24.944747924804688 9.5
      vertex -5.267437934875488 26.481201171875 10
      vertex -10.332451820373535 24.944747924804688 10
    endloop
  endfacet
  facet normal 0.2902843455020708 -0.9569404363681339 0
    outer loop
      vertex -5.267437934875488 26.481201171875 10
      vertex -10.332451820373535 24.944747924804688 9.5
      vertex -5.267437934875488 26.481201171875 9.5
    endloop
  endfacet
  facet normal 0.7730103537094679 -0.6343934055914857 0
    outer loop
      vertex -22.44968032836914 15.000395774841309 8.5
      vertex -19.091882705688477 19.091882705688477 2.5
      vertex -19.091882705688477 19.091882705688477 8.5
    endloop
  endfacet
  facet normal 0.7730103537094679 -0.6343934055914857 0
    outer loop
      vertex -19.091882705688477 19.091882705688477 2.5
      vertex -22.44968032836914 15.000395774841309 8.5
      vertex -22.44968032836914 15.000395774841309 2.5
    endloop
  endfacet
  facet normal 0.7730103537094679 -0.6343934055914857 0
    outer loop
      vertex -22.44968032836914 15.000395774841309 10
      vertex -19.091882705688477 19.091882705688477 9.5
      vertex -19.091882705688477 19.091882705688477 10
    endloop
  endfacet
  facet normal 0.7730103537094679 -0.6343934055914857 0
    outer loop
      vertex -19.091882705688477 19.091882705688477 9.5
      vertex -22.44968032836914 15.000395774841309 10
      vertex -22.44968032836914 15.000395774841309 9.5
    endloop
  endfacet
  facet normal 0.9569404363681338 0.2902843455020708 0
    outer loop
      vertex -24.944747924804688 -10.332451820373535 8.5
      vertex -26.481201171875 -5.267437934875488 2.5
      vertex -26.481201171875 -5.267437934875488 8.5
    endloop
  endfacet
  facet normal 0.9569404363681338 0.2902843455020708 0
    outer loop
      vertex -26.481201171875 -5.267437934875488 2.5
      vertex -24.944747924804688 -10.332451820373535 8.5
      vertex -24.944747924804688 -10.332451820373535 2.5
    endloop
  endfacet
  facet normal 0.9569404363681339 0.2902843455020708 0
    outer loop
      vertex -24.944747924804688 -10.332451820373535 10
      vertex -26.481201171875 -5.267437934875488 9.5
      vertex -26.481201171875 -5.267437934875488 10
    endloop
  endfacet
  facet normal 0.9569404363681339 0.2902843455020708 0
    outer loop
      vertex -26.481201171875 -5.267437934875488 9.5
      vertex -24.944747924804688 -10.332451820373535 10
      vertex -24.944747924804688 -10.332451820373535 9.5
    endloop
  endfacet
  facet normal 0.09801741610577126 0.9951846995105723 0
    outer loop
      vertex 0 -27 2.5
      vertex -5.267437934875488 -26.481201171875 8.5
      vertex 0 -27 8.5
    endloop
  endfacet
  facet normal 0.09801741610577126 0.9951846995105723 0
    outer loop
      vertex -5.267437934875488 -26.481201171875 8.5
      vertex 0 -27 2.5
      vertex -5.267437934875488 -26.481201171875 2.5
    endloop
  endfacet
  facet normal 0.09801741610577126 0.9951846995105723 0
    outer loop
      vertex 0 -27 9.5
      vertex -5.267437934875488 -26.481201171875 10
      vertex 0 -27 10
    endloop
  endfacet
  facet normal 0.09801741610577126 0.9951846995105723 0
    outer loop
      vertex -5.267437934875488 -26.481201171875 10
      vertex 0 -27 9.5
      vertex -5.267437934875488 -26.481201171875 9.5
    endloop
  endfacet
  facet normal -0.6343934055914857 -0.7730103537094679 0
    outer loop
      vertex 15.000395774841309 22.44968032836914 2.5
      vertex 19.091882705688477 19.091882705688477 8.5
      vertex 15.000395774841309 22.44968032836914 8.5
    endloop
  endfacet
  facet normal -0.6343934055914857 -0.7730103537094679 0
    outer loop
      vertex 19.091882705688477 19.091882705688477 8.5
      vertex 15.000395774841309 22.44968032836914 2.5
      vertex 19.091882705688477 19.091882705688477 2.5
    endloop
  endfacet
  facet normal -0.6343934055914857 -0.7730103537094679 0
    outer loop
      vertex 15.000395774841309 22.44968032836914 9.5
      vertex 19.091882705688477 19.091882705688477 10
      vertex 15.000395774841309 22.44968032836914 10
    endloop
  endfacet
  facet normal -0.6343934055914857 -0.7730103537094679 0
    outer loop
      vertex 19.091882705688477 19.091882705688477 10
      vertex 15.000395774841309 22.44968032836914 9.5
      vertex 19.091882705688477 19.091882705688477 9.5
    endloop
  endfacet
  facet normal -0.2902843455020708 0.9569404363681338 0
    outer loop
      vertex 10.332451820373535 -24.944747924804688 2.5
      vertex 5.267437934875488 -26.481201171875 8.5
      vertex 10.332451820373535 -24.944747924804688 8.5
    endloop
  endfacet
  facet normal -0.2902843455020708 0.9569404363681338 0
    outer loop
      vertex 5.267437934875488 -26.481201171875 8.5
      vertex 10.332451820373535 -24.944747924804688 2.5
      vertex 5.267437934875488 -26.481201171875 2.5
    endloop
  endfacet
  facet normal -0.2902843455020708 0.9569404363681339 0
    outer loop
      vertex 10.332451820373535 -24.944747924804688 9.5
      vertex 5.267437934875488 -26.481201171875 10
      vertex 10.332451820373535 -24.944747924804688 10
    endloop
  endfacet
  facet normal -0.2902843455020708 0.9569404363681339 0
    outer loop
      vertex 5.267437934875488 -26.481201171875 10
      vertex 10.332451820373535 -24.944747924804688 9.5
      vertex 5.267437934875488 -26.481201171875 9.5
    endloop
  endfacet
  facet normal -0.8819212980617258 0.4713966737527117 0
    outer loop
      vertex 22.44968032836914 -15.000395774841309 2.5
      vertex 24.944747924804688 -10.332451820373535 8.5
      vertex 24.944747924804688 -10.332451820373535 2.5
    endloop
  endfacet
  facet normal -0.8819212980617258 0.4713966737527117 0
    outer loop
      vertex 24.944747924804688 -10.332451820373535 8.5
      vertex 22.44968032836914 -15.000395774841309 2.5
      vertex 22.44968032836914 -15.000395774841309 8.5
    endloop
  endfacet
  facet normal -0.8819212980617258 0.47139667375271166 0
    outer loop
      vertex 22.44968032836914 -15.000395774841309 9.5
      vertex 24.944747924804688 -10.332451820373535 10
      vertex 24.944747924804688 -10.332451820373535 9.5
    endloop
  endfacet
  facet normal -0.8819212980617258 0.47139667375271166 0
    outer loop
      vertex 24.944747924804688 -10.332451820373535 10
      vertex 22.44968032836914 -15.000395774841309 9.5
      vertex 22.44968032836914 -15.000395774841309 10
    endloop
  endfacet
  facet normal -0.6343934055914857 0.7730103537094679 0
    outer loop
      vertex 19.091882705688477 -19.091882705688477 2.5
      vertex 15.000395774841309 -22.44968032836914 8.5
      vertex 19.091882705688477 -19.091882705688477 8.5
    endloop
  endfacet
  facet normal -0.6343934055914857 0.7730103537094679 0
    outer loop
      vertex 15.000395774841309 -22.44968032836914 8.5
      vertex 19.091882705688477 -19.091882705688477 2.5
      vertex 15.000395774841309 -22.44968032836914 2.5
    endloop
  endfacet
  facet normal -0.6343934055914857 0.7730103537094679 0
    outer loop
      vertex 19.091882705688477 -19.091882705688477 9.5
      vertex 15.000395774841309 -22.44968032836914 10
      vertex 19.091882705688477 -19.091882705688477 10
    endloop
  endfacet
  facet normal -0.6343934055914857 0.7730103537094679 0
    outer loop
      vertex 15.000395774841309 -22.44968032836914 10
      vertex 19.091882705688477 -19.091882705688477 9.5
      vertex 15.000395774841309 -22.44968032836914 9.5
    endloop
  endfacet
  facet normal 0.8819212980617258 -0.4713966737527117 0
    outer loop
      vertex -24.944747924804688 10.332451820373535 8.5
      vertex -22.44968032836914 15.000395774841309 2.5
      vertex -22.44968032836914 15.000395774841309 8.5
    endloop
  endfacet
  facet normal 0.8819212980617258 -0.4713966737527117 0
    outer loop
      vertex -22.44968032836914 15.000395774841309 2.5
      vertex -24.944747924804688 10.332451820373535 8.5
      vertex -24.944747924804688 10.332451820373535 2.5
    endloop
  endfacet
  facet normal 0.8819212980617258 -0.47139667375271166 0
    outer loop
      vertex -24.944747924804688 10.332451820373535 10
      vertex -22.44968032836914 15.000395774841309 9.5
      vertex -22.44968032836914 15.000395774841309 10
    endloop
  endfacet
  facet normal 0.8819212980617258 -0.47139667375271166 0
    outer loop
      vertex -22.44968032836914 15.000395774841309 9.5
      vertex -24.944747924804688 10.332451820373535 10
      vertex -24.944747924804688 10.332451820373535 9.5
    endloop
  endfacet
  facet normal 0.9569404363681338 -0.2902843455020708 0
    outer loop
      vertex -26.481201171875 5.267437934875488 8.5
      vertex -24.944747924804688 10.332451820373535 2.5
      vertex -24.944747924804688 10.332451820373535 8.5
    endloop
  endfacet
  facet normal 0.9569404363681338 -0.2902843455020708 0
    outer loop
      vertex -24.944747924804688 10.332451820373535 2.5
      vertex -26.481201171875 5.267437934875488 8.5
      vertex -26.481201171875 5.267437934875488 2.5
    endloop
  endfacet
  facet normal 0.9569404363681339 -0.2902843455020708 0
    outer loop
      vertex -26.481201171875 5.267437934875488 10
      vertex -24.944747924804688 10.332451820373535 9.5
      vertex -24.944747924804688 10.332451820373535 10
    endloop
  endfacet
  facet normal 0.9569404363681339 -0.2902843455020708 0
    outer loop
      vertex -24.944747924804688 10.332451820373535 9.5
      vertex -26.481201171875 5.267437934875488 10
      vertex -26.481201171875 5.267437934875488 9.5
    endloop
  endfacet
  facet normal 0.6421717201954114 0.07608774310661856 -0.762775286129675
    outer loop
      vertex 1.912379264831543 0 8.224984169006348
      vertex 1.5811662673950195 5.552417278289795 8.5
      vertex 2.124922752380371 0 8.403922080993652
    endloop
  endfacet
  facet normal 0.6421717933386729 0.07608774441327427 -0.7627752244208598
    outer loop
      vertex 1.5811662673950195 5.552417278289795 8.5
      vertex 1.912379264831543 0 8.224984169006348
      vertex 0.9977343082427979 10.476515769958496 8.5
    endloop
  endfacet
  facet normal -0.04422133026248708 0.047151051915818434 0.9979084388124232
    outer loop
      vertex -0.01380636915564537 7.076981544494629 9.5
      vertex 0 2.799999237060547 9.702698707580566
      vertex 0 7.089930057525635 9.5
    endloop
  endfacet
  facet normal -0.044199606073165316 0.047151167397556024 0.9979093958050624
    outer loop
      vertex 0 2.799999237060547 9.702698707580566
      vertex -0.01380636915564537 7.076981544494629 9.5
      vertex -0.005461424123495817 2.7994613647460938 9.702482223510742
    endloop
  endfacet
  facet normal 0.8258142411958906 0.09017594903470483 -0.556685851494131
    outer loop
      vertex 2.124922752380371 0 8.403922080993652
      vertex 1.6353520154953003 5.076516628265381 8.5
      vertex 2.1896893978118896 0 8.5
    endloop
  endfacet
  facet normal 0.13509283960420157 0.04862927139674345 -0.9896388829523096
    outer loop
      vertex 0.44870758056640625 0 7.784886360168457
      vertex 0.276141494512558 15.032442092895508 8.5
      vertex 0.8801717758178711 0 7.843784332275391
    endloop
  endfacet
  facet normal 0.13509280680088387 0.048629271233575876 -0.9896388874382162
    outer loop
      vertex 0.276141494512558 15.032442092895508 8.5
      vertex 0.44870758056640625 0 7.784886360168457
      vertex 0.1631333827972412 15.346380233764648 8.5
    endloop
  endfacet
  facet normal -0.04422785547695039 0.04715114473632636 -0.9979081452468279
    outer loop
      vertex 0 0 7.7649993896484375
      vertex -0.10185588896274567 15.46003246307373 8.5
      vertex 0 15.555573463439941 8.5
    endloop
  endfacet
  facet normal -0.04422784622724093 0.04715114481657623 -0.9979081456529884
    outer loop
      vertex -0.10185588896274567 15.46003246307373 8.5
      vertex 0 0 7.7649993896484375
      vertex -0.44870758056640625 0 7.784886360168457
    endloop
  endfacet
  facet normal 0.04424504830481206 0.04715149471454607 -0.9979073665659999
    outer loop
      vertex 0.44870758056640625 0 7.784886360168457
      vertex 0.10185588896274567 15.46003246307373 8.5
      vertex 0.13260772824287415 15.43117618560791 8.5
    endloop
  endfacet
  facet normal 0.47979800261067906 0.06485722772239944 -0.874978523566703
    outer loop
      vertex 1.912379264831543 0 8.224984169006348
      vertex 0.9599645733833313 10.755927085876465 8.5
      vertex 0.9977343082427979 10.476515769958496 8.5
    endloop
  endfacet
  facet normal 0.1351830285131842 0.04863023531351738 0.9896265199636454
    outer loop
      vertex 0.32287025451660156 6.762331008911133 9.5
      vertex 0.3921421766281128 2.7613770961761475 9.68714427947998
      vertex 0.3973318040370941 2.7608659267425537 9.686460494995117
    endloop
  endfacet
  facet normal 0.13508656063649202 0.04862918365340774 0.9896397443679222
    outer loop
      vertex 0.3921421766281128 2.7613770961761475 9.68714427947998
      vertex 0.32287025451660156 6.762331008911133 9.5
      vertex 0.3094192445278168 6.799696445465088 9.5
    endloop
  endfacet
  facet normal -0.13508497310563483 0.04862917550746559 -0.9896399614660445
    outer loop
      vertex -0.13260772824287415 15.43117618560791 8.5
      vertex -0.44870758056640625 0 7.784886360168457
      vertex -0.1631333827972412 15.346380233764648 8.5
    endloop
  endfacet
  facet normal -0.23354876584002005 0.05177034391173702 0.970965913647778
    outer loop
      vertex -1.029697299003601 4.130841255187988 9.5
      vertex -0.7725833654403687 2.677541971206665 9.639331817626953
      vertex -0.6443321108818054 5.86931848526001 9.5
    endloop
  endfacet
  facet normal -0.23354794980238724 0.05177050627125342 0.9709661012741484
    outer loop
      vertex -1.029697299003601 4.130841255187988 9.5
      vertex -1.0715131759643555 2.586862564086914 9.572264671325684
      vertex -0.7725833654403687 2.677541971206665 9.639331817626953
    endloop
  endfacet
  facet normal -0.2335489486436283 0.0517705220388546 0.9709658601800993
    outer loop
      vertex -1.0715131759643555 2.586862564086914 9.572264671325684
      vertex -1.029697299003601 4.130841255187988 9.5
      vertex -1.124123454093933 2.558741807937622 9.56110954284668
    endloop
  endfacet
  facet normal 0.13508497310563483 0.04862917550746559 -0.9896399614660445
    outer loop
      vertex 0.44870758056640625 0 7.784886360168457
      vertex 0.13260772824287415 15.43117618560791 8.5
      vertex 0.1631333827972412 15.346380233764648 8.5
    endloop
  endfacet
  facet normal 0.3458588839475483 0.05697003882329928 -0.9365554159103604
    outer loop
      vertex 1.277811050415039 0 7.939428329467773
      vertex 0.44545117020606995 14.268649101257324 8.5
      vertex 0.4784599542617798 14.068256378173828 8.5
    endloop
  endfacet
  facet normal 0.23355007425423535 0.05177038926763597 -0.9709655965125225
    outer loop
      vertex 1.277811050415039 0 7.939428329467773
      vertex 0.41161391139030457 14.421298027038574 8.5
      vertex 0.44545117020606995 14.268649101257324 8.5
    endloop
  endfacet
  facet normal 0.6421719802431763 0.07608776474778549 -0.7627750650396506
    outer loop
      vertex 2.124922752380371 0 8.403922080993652
      vertex 1.5811662673950195 5.552417278289795 8.5
      vertex 1.6094728708267212 5.313512802124023 8.5
    endloop
  endfacet
  facet normal 0.4797794812939186 0.06485584998594744 -0.8749887816720502
    outer loop
      vertex 1.6263446807861328 0 8.068143844604492
      vertex 0.9599645733833313 10.755927085876465 8.5
      vertex 1.912379264831543 0 8.224984169006348
    endloop
  endfacet
  facet normal 0.47977939529120983 0.0648558465612691 -0.8749888290834472
    outer loop
      vertex 0.9599645733833313 10.755927085876465 8.5
      vertex 1.6263446807861328 0 8.068143844604492
      vertex 0.6666646599769592 12.925650596618652 8.5
    endloop
  endfacet
  facet normal 0.34587341585618403 0.05697064832789785 -0.9365500122433795
    outer loop
      vertex 1.277811050415039 0 7.939428329467773
      vertex 0.6666646599769592 12.925650596618652 8.5
      vertex 1.6263446807861328 0 8.068143844604492
    endloop
  endfacet
  facet normal 0.3458733353218321 0.05697064581659444 -0.9365500421379477
    outer loop
      vertex 0.6666646599769592 12.925650596618652 8.5
      vertex 1.277811050415039 0 7.939428329467773
      vertex 0.4784599542617798 14.068256378173828 8.5
    endloop
  endfacet
  facet normal 0.34587142523338704 0.05697029991192952 0.936550768583834
    outer loop
      vertex 1.3072600364685059 2.460853099822998 9.5
      vertex 1.0393896102905273 4.087116718292236 9.5
      vertex 1.1286895275115967 2.5563011169433594 9.560140609741211
    endloop
  endfacet
  facet normal -0.23355007425423535 0.05177038926763597 -0.9709655965125225
    outer loop
      vertex -0.41161391139030457 14.421298027038574 8.5
      vertex -1.277811050415039 0 7.939428329467773
      vertex -0.44545117020606995 14.268649101257324 8.5
    endloop
  endfacet
  facet normal -0.04422772388682855 0.04715105382550314 0.9979081553744988
    outer loop
      vertex -0.3094192445278168 6.799696445465088 9.5
      vertex -0.005461424123495817 2.7994613647460938 9.702482223510742
      vertex -0.01380636915564537 7.076981544494629 9.5
    endloop
  endfacet
  facet normal -0.044226604879364174 0.047151141154752066 0.9979082008424669
    outer loop
      vertex -0.005461424123495817 2.7994613647460938 9.702482223510742
      vertex -0.3094192445278168 6.799696445465088 9.5
      vertex -0.3921421766281128 2.7613770961761475 9.68714427947998
    endloop
  endfacet
  facet normal -0.23354601461278063 0.05177018778280257 -0.9709665837274836
    outer loop
      vertex -0.8801717758178711 0 7.843784332275391
      vertex -0.41161391139030457 14.421298027038574 8.5
      vertex -0.276141494512558 15.032442092895508 8.5
    endloop
  endfacet
  facet normal -0.23354615096854162 0.05177019071358834 -0.9709665507736391
    outer loop
      vertex -0.41161391139030457 14.421298027038574 8.5
      vertex -0.8801717758178711 0 7.843784332275391
      vertex -1.277811050415039 0 7.939428329467773
    endloop
  endfacet
  facet normal 0.8258130772160417 0.09017586970507573 -0.5566875910435807
    outer loop
      vertex 2.124922752380371 0 8.403922080993652
      vertex 1.6094728708267212 5.313512802124023 8.5
      vertex 1.6353520154953003 5.076516628265381 8.5
    endloop
  endfacet
  facet normal 0.2337099698250074 0.05177789276165196 0.970926722170915
    outer loop
      vertex 1.0393896102905273 4.087116718292236 9.5
      vertex 1.124123454093933 2.558741807937622 9.56110954284668
      vertex 1.1286895275115967 2.5563011169433594 9.560140609741211
    endloop
  endfacet
  facet normal 0.23355068540236476 0.05177060993445605 0.9709654377448766
    outer loop
      vertex 1.124123454093933 2.558741807937622 9.56110954284668
      vertex 1.0393896102905273 4.087116718292236 9.5
      vertex 1.029697299003601 4.130841255187988 9.5
    endloop
  endfacet
  facet normal -0.34587142523338704 0.05697029991192952 0.936550768583834
    outer loop
      vertex -1.0393896102905273 4.087116718292236 9.5
      vertex -1.3072600364685059 2.460853099822998 9.5
      vertex -1.1286895275115967 2.5563011169433594 9.560140609741211
    endloop
  endfacet
  facet normal 0.04422784622724093 0.04715114481657623 -0.9979081456529884
    outer loop
      vertex 0 0 7.7649993896484375
      vertex 0.10185588896274567 15.46003246307373 8.5
      vertex 0.44870758056640625 0 7.784886360168457
    endloop
  endfacet
  facet normal 0.04422785547695039 0.04715114473632636 -0.9979081452468279
    outer loop
      vertex 0.10185588896274567 15.46003246307373 8.5
      vertex 0 0 7.7649993896484375
      vertex 0 15.555573463439941 8.5
    endloop
  endfacet
  facet normal -0.6421719802431763 0.07608776474778549 -0.7627750650396506
    outer loop
      vertex -1.5811662673950195 5.552417278289795 8.5
      vertex -2.124922752380371 0 8.403922080993652
      vertex -1.6094728708267212 5.313512802124023 8.5
    endloop
  endfacet
  facet normal -0.23355068540236476 0.05177060993445605 0.9709654377448766
    outer loop
      vertex -1.0393896102905273 4.087116718292236 9.5
      vertex -1.124123454093933 2.558741807937622 9.56110954284668
      vertex -1.029697299003601 4.130841255187988 9.5
    endloop
  endfacet
  facet normal -0.2337099698250074 0.05177789276165196 0.970926722170915
    outer loop
      vertex -1.124123454093933 2.558741807937622 9.56110954284668
      vertex -1.0393896102905273 4.087116718292236 9.5
      vertex -1.1286895275115967 2.5563011169433594 9.560140609741211
    endloop
  endfacet
  facet normal 0.04422772388682855 0.04715105382550314 0.9979081553744988
    outer loop
      vertex 0.005461424123495817 2.7994613647460938 9.702482223510742
      vertex 0.3094192445278168 6.799696445465088 9.5
      vertex 0.01380636915564537 7.076981544494629 9.5
    endloop
  endfacet
  facet normal 0.044226604879364174 0.047151141154752066 0.9979082008424669
    outer loop
      vertex 0.3094192445278168 6.799696445465088 9.5
      vertex 0.005461424123495817 2.7994613647460938 9.702482223510742
      vertex 0.3921421766281128 2.7613770961761475 9.68714427947998
    endloop
  endfacet
  facet normal -0.04424504830481206 0.04715149471454607 -0.9979073665659999
    outer loop
      vertex -0.10185588896274567 15.46003246307373 8.5
      vertex -0.44870758056640625 0 7.784886360168457
      vertex -0.13260772824287415 15.43117618560791 8.5
    endloop
  endfacet
  facet normal 0.23354615096854162 0.05177019071358834 -0.9709665507736391
    outer loop
      vertex 0.8801717758178711 0 7.843784332275391
      vertex 0.41161391139030457 14.421298027038574 8.5
      vertex 1.277811050415039 0 7.939428329467773
    endloop
  endfacet
  facet normal 0.23354601461278063 0.05177018778280257 -0.9709665837274836
    outer loop
      vertex 0.41161391139030457 14.421298027038574 8.5
      vertex 0.8801717758178711 0 7.843784332275391
      vertex 0.276141494512558 15.032442092895508 8.5
    endloop
  endfacet
  facet normal -0.8258130772160417 0.09017586970507573 -0.5566875910435807
    outer loop
      vertex -1.6094728708267212 5.313512802124023 8.5
      vertex -2.124922752380371 0 8.403922080993652
      vertex -1.6353520154953003 5.076516628265381 8.5
    endloop
  endfacet
  facet normal -0.13508656063649202 0.04862918365340774 0.9896397443679222
    outer loop
      vertex -0.32287025451660156 6.762331008911133 9.5
      vertex -0.3921421766281128 2.7613770961761475 9.68714427947998
      vertex -0.3094192445278168 6.799696445465088 9.5
    endloop
  endfacet
  facet normal -0.1351830285131842 0.04863023531351738 0.9896265199636454
    outer loop
      vertex -0.3921421766281128 2.7613770961761475 9.68714427947998
      vertex -0.32287025451660156 6.762331008911133 9.5
      vertex -0.3973318040370941 2.7608659267425537 9.686460494995117
    endloop
  endfacet
  facet normal -0.13509280680088387 0.048629271233575876 -0.9896388874382162
    outer loop
      vertex -0.44870758056640625 0 7.784886360168457
      vertex -0.276141494512558 15.032442092895508 8.5
      vertex -0.1631333827972412 15.346380233764648 8.5
    endloop
  endfacet
  facet normal -0.13509283960420157 0.04862927139674345 -0.9896388829523096
    outer loop
      vertex -0.276141494512558 15.032442092895508 8.5
      vertex -0.44870758056640625 0 7.784886360168457
      vertex -0.8801717758178711 0 7.843784332275391
    endloop
  endfacet
  facet normal 0.04422133026248708 0.047151051915818434 0.9979084388124232
    outer loop
      vertex 0 2.799999237060547 9.702698707580566
      vertex 0.01380636915564537 7.076981544494629 9.5
      vertex 0 7.089930057525635 9.5
    endloop
  endfacet
  facet normal 0.044199606073165316 0.047151167397556024 0.9979093958050624
    outer loop
      vertex 0.01380636915564537 7.076981544494629 9.5
      vertex 0 2.799999237060547 9.702698707580566
      vertex 0.005461424123495817 2.7994613647460938 9.702482223510742
    endloop
  endfacet
  facet normal -0.6421717933386729 0.07608774441327427 -0.7627752244208598
    outer loop
      vertex -1.912379264831543 0 8.224984169006348
      vertex -1.5811662673950195 5.552417278289795 8.5
      vertex -0.9977343082427979 10.476515769958496 8.5
    endloop
  endfacet
  facet normal -0.6421717201954114 0.07608774310661856 -0.762775286129675
    outer loop
      vertex -1.5811662673950195 5.552417278289795 8.5
      vertex -1.912379264831543 0 8.224984169006348
      vertex -2.124922752380371 0 8.403922080993652
    endloop
  endfacet
  facet normal -0.8258142411958906 0.09017594903470483 -0.556685851494131
    outer loop
      vertex -2.124922752380371 0 8.403922080993652
      vertex -2.1896893978118896 0 8.5
      vertex -1.6353520154953003 5.076516628265381 8.5
    endloop
  endfacet
  facet normal -0.13509036067578895 0.04862910314217454 0.9896392296084837
    outer loop
      vertex -0.6443321108818054 5.86931848526001 9.5
      vertex -0.3973318040370941 2.7608659267425537 9.686460494995117
      vertex -0.32287025451660156 6.762331008911133 9.5
    endloop
  endfacet
  facet normal -0.13508992968687153 0.04862914080693541 0.9896392865896015
    outer loop
      vertex -0.3973318040370941 2.7608659267425537 9.686460494995117
      vertex -0.6443321108818054 5.86931848526001 9.5
      vertex -0.5462522506713867 2.7461986541748047 9.666852951049805
    endloop
  endfacet
  facet normal -0.13508845116778573 0.04862919787161593 0.9896394856084978
    outer loop
      vertex -0.5462522506713867 2.7461986541748047 9.666852951049805
      vertex -0.6443321108818054 5.86931848526001 9.5
      vertex -0.7725833654403687 2.677541971206665 9.639331817626953
    endloop
  endfacet
  facet normal 0.13508845116778573 0.04862919787161593 0.9896394856084978
    outer loop
      vertex 0.6443321108818054 5.86931848526001 9.5
      vertex 0.5462522506713867 2.7461986541748047 9.666852951049805
      vertex 0.7725833654403687 2.677541971206665 9.639331817626953
    endloop
  endfacet
  facet normal 0.13508992968687153 0.04862914080693541 0.9896392865896015
    outer loop
      vertex 0.6443321108818054 5.86931848526001 9.5
      vertex 0.3973318040370941 2.7608659267425537 9.686460494995117
      vertex 0.5462522506713867 2.7461986541748047 9.666852951049805
    endloop
  endfacet
  facet normal 0.13509036067578895 0.04862910314217454 0.9896392296084837
    outer loop
      vertex 0.3973318040370941 2.7608659267425537 9.686460494995117
      vertex 0.6443321108818054 5.86931848526001 9.5
      vertex 0.32287025451660156 6.762331008911133 9.5
    endloop
  endfacet
  facet normal 0.2335489486436283 0.0517705220388546 0.9709658601800993
    outer loop
      vertex 1.029697299003601 4.130841255187988 9.5
      vertex 1.0715131759643555 2.586862564086914 9.572264671325684
      vertex 1.124123454093933 2.558741807937622 9.56110954284668
    endloop
  endfacet
  facet normal 0.23354794980238724 0.05177050627125342 0.9709661012741484
    outer loop
      vertex 1.029697299003601 4.130841255187988 9.5
      vertex 0.7725833654403687 2.677541971206665 9.639331817626953
      vertex 1.0715131759643555 2.586862564086914 9.572264671325684
    endloop
  endfacet
  facet normal 0.23354876584002005 0.05177034391173702 0.970965913647778
    outer loop
      vertex 0.7725833654403687 2.677541971206665 9.639331817626953
      vertex 1.029697299003601 4.130841255187988 9.5
      vertex 0.6443321108818054 5.86931848526001 9.5
    endloop
  endfacet
  facet normal -0.3458588839475483 0.05697003882329928 -0.9365554159103604
    outer loop
      vertex -0.44545117020606995 14.268649101257324 8.5
      vertex -1.277811050415039 0 7.939428329467773
      vertex -0.4784599542617798 14.068256378173828 8.5
    endloop
  endfacet
  facet normal -0.47979800261067906 0.06485722772239944 -0.874978523566703
    outer loop
      vertex -0.9599645733833313 10.755927085876465 8.5
      vertex -1.912379264831543 0 8.224984169006348
      vertex -0.9977343082427979 10.476515769958496 8.5
    endloop
  endfacet
  facet normal -0.3458733353218321 0.05697064581659444 -0.9365500421379477
    outer loop
      vertex -1.277811050415039 0 7.939428329467773
      vertex -0.6666646599769592 12.925650596618652 8.5
      vertex -0.4784599542617798 14.068256378173828 8.5
    endloop
  endfacet
  facet normal -0.34587341585618403 0.05697064832789785 -0.9365500122433795
    outer loop
      vertex -0.6666646599769592 12.925650596618652 8.5
      vertex -1.277811050415039 0 7.939428329467773
      vertex -1.6263446807861328 0 8.068143844604492
    endloop
  endfacet
  facet normal -0.47977939529120983 0.0648558465612691 -0.8749888290834472
    outer loop
      vertex -1.6263446807861328 0 8.068143844604492
      vertex -0.9599645733833313 10.755927085876465 8.5
      vertex -0.6666646599769592 12.925650596618652 8.5
    endloop
  endfacet
  facet normal -0.4797794812939186 0.06485584998594744 -0.8749887816720502
    outer loop
      vertex -0.9599645733833313 10.755927085876465 8.5
      vertex -1.6263446807861328 0 8.068143844604492
      vertex -1.912379264831543 0 8.224984169006348
    endloop
  endfacet
  facet normal 0.1351830285131842 -0.04863023531351738 0.9896265199636454
    outer loop
      vertex 0.3921421766281128 -2.7613770961761475 9.68714427947998
      vertex 0.32287025451660156 -6.762331008911133 9.5
      vertex 0.3973318040370941 -2.7608659267425537 9.686460494995117
    endloop
  endfacet
  facet normal 0.13508656063649202 -0.04862918365340774 0.9896397443679222
    outer loop
      vertex 0.32287025451660156 -6.762331008911133 9.5
      vertex 0.3921421766281128 -2.7613770961761475 9.68714427947998
      vertex 0.3094192445278168 -6.799696445465088 9.5
    endloop
  endfacet
  facet normal -0.6421719802431763 -0.07608776474778549 -0.7627750650396506
    outer loop
      vertex -1.6094728708267212 -5.313512802124023 8.5
      vertex -2.124922752380371 0 8.403922080993652
      vertex -1.5811662673950195 -5.552417278289795 8.5
    endloop
  endfacet
  facet normal -0.04422785547695039 -0.04715114473632636 -0.9979081452468279
    outer loop
      vertex -0.10185588896274567 -15.46003246307373 8.5
      vertex 0 0 7.7649993896484375
      vertex 0 -15.555573463439941 8.5
    endloop
  endfacet
  facet normal -0.04422784622724093 -0.04715114481657623 -0.9979081456529884
    outer loop
      vertex 0 0 7.7649993896484375
      vertex -0.10185588896274567 -15.46003246307373 8.5
      vertex -0.44870758056640625 0 7.784886360168457
    endloop
  endfacet
  facet normal -0.23355068540236476 -0.05177060993445605 0.9709654377448766
    outer loop
      vertex -1.124123454093933 -2.558741807937622 9.56110954284668
      vertex -1.0393896102905273 -4.087116718292236 9.5
      vertex -1.029697299003601 -4.130841255187988 9.5
    endloop
  endfacet
  facet normal -0.2337099698250074 -0.05177789276165196 0.970926722170915
    outer loop
      vertex -1.0393896102905273 -4.087116718292236 9.5
      vertex -1.124123454093933 -2.558741807937622 9.56110954284668
      vertex -1.1286895275115967 -2.5563011169433594 9.560140609741211
    endloop
  endfacet
  facet normal -0.13508656063649202 -0.04862918365340774 0.9896397443679222
    outer loop
      vertex -0.3921421766281128 -2.7613770961761475 9.68714427947998
      vertex -0.32287025451660156 -6.762331008911133 9.5
      vertex -0.3094192445278168 -6.799696445465088 9.5
    endloop
  endfacet
  facet normal -0.1351830285131842 -0.04863023531351738 0.9896265199636454
    outer loop
      vertex -0.32287025451660156 -6.762331008911133 9.5
      vertex -0.3921421766281128 -2.7613770961761475 9.68714427947998
      vertex -0.3973318040370941 -2.7608659267425537 9.686460494995117
    endloop
  endfacet
  facet normal 0.34587142523338704 -0.05697029991192952 0.936550768583834
    outer loop
      vertex 1.1286895275115967 -2.5563011169433594 9.560140609741211
      vertex 1.0393896102905273 -4.087116718292236 9.5
      vertex 1.3072600364685059 -2.460853099822998 9.5
    endloop
  endfacet
  facet normal 0.044199606073165316 -0.047151167397556024 0.9979093958050624
    outer loop
      vertex 0 -2.799999237060547 9.702698707580566
      vertex 0.01380636915564537 -7.076981544494629 9.5
      vertex 0.005461424123495817 -2.7994613647460938 9.702482223510742
    endloop
  endfacet
  facet normal 0.04422133026248708 -0.047151051915818434 0.9979084388124232
    outer loop
      vertex 0.01380636915564537 -7.076981544494629 9.5
      vertex 0 -2.799999237060547 9.702698707580566
      vertex 0 -7.089930057525635 9.5
    endloop
  endfacet
  facet normal 0.044226604879364174 -0.047151141154752066 0.9979082008424669
    outer loop
      vertex 0.005461424123495817 -2.7994613647460938 9.702482223510742
      vertex 0.3094192445278168 -6.799696445465088 9.5
      vertex 0.3921421766281128 -2.7613770961761475 9.68714427947998
    endloop
  endfacet
  facet normal 0.04422772388682855 -0.04715105382550314 0.9979081553744988
    outer loop
      vertex 0.3094192445278168 -6.799696445465088 9.5
      vertex 0.005461424123495817 -2.7994613647460938 9.702482223510742
      vertex 0.01380636915564537 -7.076981544494629 9.5
    endloop
  endfacet
  facet normal 0.47979800261067906 -0.06485722772239944 -0.874978523566703
    outer loop
      vertex 0.9977343082427979 -10.476515769958496 8.5
      vertex 0.9599645733833313 -10.755927085876465 8.5
      vertex 1.912379264831543 0 8.224984169006348
    endloop
  endfacet
  facet normal -0.04422772388682855 -0.04715105382550314 0.9979081553744988
    outer loop
      vertex -0.005461424123495817 -2.7994613647460938 9.702482223510742
      vertex -0.3094192445278168 -6.799696445465088 9.5
      vertex -0.01380636915564537 -7.076981544494629 9.5
    endloop
  endfacet
  facet normal -0.044226604879364174 -0.047151141154752066 0.9979082008424669
    outer loop
      vertex -0.3094192445278168 -6.799696445465088 9.5
      vertex -0.005461424123495817 -2.7994613647460938 9.702482223510742
      vertex -0.3921421766281128 -2.7613770961761475 9.68714427947998
    endloop
  endfacet
  facet normal -0.3458588839475483 -0.05697003882329928 -0.9365554159103604
    outer loop
      vertex -0.4784599542617798 -14.068256378173828 8.5
      vertex -1.277811050415039 0 7.939428329467773
      vertex -0.44545117020606995 -14.268649101257324 8.5
    endloop
  endfacet
  facet normal -0.3458733353218321 -0.05697064581659444 -0.9365500421379477
    outer loop
      vertex -0.6666646599769592 -12.925650596618652 8.5
      vertex -1.277811050415039 0 7.939428329467773
      vertex -0.4784599542617798 -14.068256378173828 8.5
    endloop
  endfacet
  facet normal -0.34587341585618403 -0.05697064832789785 -0.9365500122433795
    outer loop
      vertex -1.277811050415039 0 7.939428329467773
      vertex -0.6666646599769592 -12.925650596618652 8.5
      vertex -1.6263446807861328 0 8.068143844604492
    endloop
  endfacet
  facet normal -0.13508992968687153 -0.04862914080693541 0.9896392865896015
    outer loop
      vertex -0.6443321108818054 -5.86931848526001 9.5
      vertex -0.3973318040370941 -2.7608659267425537 9.686460494995117
      vertex -0.5462522506713867 -2.7461986541748047 9.666852951049805
    endloop
  endfacet
  facet normal -0.13509036067578895 -0.04862910314217454 0.9896392296084837
    outer loop
      vertex -0.3973318040370941 -2.7608659267425537 9.686460494995117
      vertex -0.6443321108818054 -5.86931848526001 9.5
      vertex -0.32287025451660156 -6.762331008911133 9.5
    endloop
  endfacet
  facet normal -0.13508845116778573 -0.04862919787161593 0.9896394856084978
    outer loop
      vertex -0.6443321108818054 -5.86931848526001 9.5
      vertex -0.5462522506713867 -2.7461986541748047 9.666852951049805
      vertex -0.7725833654403687 -2.677541971206665 9.639331817626953
    endloop
  endfacet
  facet normal 0.04424504830481206 -0.04715149471454607 -0.9979073665659999
    outer loop
      vertex 0.13260772824287415 -15.43117618560791 8.5
      vertex 0.10185588896274567 -15.46003246307373 8.5
      vertex 0.44870758056640625 0 7.784886360168457
    endloop
  endfacet
  facet normal -0.47977939529120983 -0.0648558465612691 -0.8749888290834472
    outer loop
      vertex -0.9599645733833313 -10.755927085876465 8.5
      vertex -1.6263446807861328 0 8.068143844604492
      vertex -0.6666646599769592 -12.925650596618652 8.5
    endloop
  endfacet
  facet normal -0.4797794812939186 -0.06485584998594744 -0.8749887816720502
    outer loop
      vertex -1.6263446807861328 0 8.068143844604492
      vertex -0.9599645733833313 -10.755927085876465 8.5
      vertex -1.912379264831543 0 8.224984169006348
    endloop
  endfacet
  facet normal -0.8258142411958906 -0.09017594903470483 -0.556685851494131
    outer loop
      vertex -1.6353520154953003 -5.076516628265381 8.5
      vertex -2.1896893978118896 0 8.5
      vertex -2.124922752380371 0 8.403922080993652
    endloop
  endfacet
  facet normal 0.2337099698250074 -0.05177789276165196 0.970926722170915
    outer loop
      vertex 1.124123454093933 -2.558741807937622 9.56110954284668
      vertex 1.0393896102905273 -4.087116718292236 9.5
      vertex 1.1286895275115967 -2.5563011169433594 9.560140609741211
    endloop
  endfacet
  facet normal 0.23355068540236476 -0.05177060993445605 0.9709654377448766
    outer loop
      vertex 1.0393896102905273 -4.087116718292236 9.5
      vertex 1.124123454093933 -2.558741807937622 9.56110954284668
      vertex 1.029697299003601 -4.130841255187988 9.5
    endloop
  endfacet
  facet normal 0.3458588839475483 -0.05697003882329928 -0.9365554159103604
    outer loop
      vertex 0.4784599542617798 -14.068256378173828 8.5
      vertex 0.44545117020606995 -14.268649101257324 8.5
      vertex 1.277811050415039 0 7.939428329467773
    endloop
  endfacet
  facet normal 0.13508845116778573 -0.04862919787161593 0.9896394856084978
    outer loop
      vertex 0.5462522506713867 -2.7461986541748047 9.666852951049805
      vertex 0.6443321108818054 -5.86931848526001 9.5
      vertex 0.7725833654403687 -2.677541971206665 9.639331817626953
    endloop
  endfacet
  facet normal 0.13508992968687153 -0.04862914080693541 0.9896392865896015
    outer loop
      vertex 0.3973318040370941 -2.7608659267425537 9.686460494995117
      vertex 0.6443321108818054 -5.86931848526001 9.5
      vertex 0.5462522506713867 -2.7461986541748047 9.666852951049805
    endloop
  endfacet
  facet normal 0.13509036067578895 -0.04862910314217454 0.9896392296084837
    outer loop
      vertex 0.6443321108818054 -5.86931848526001 9.5
      vertex 0.3973318040370941 -2.7608659267425537 9.686460494995117
      vertex 0.32287025451660156 -6.762331008911133 9.5
    endloop
  endfacet
  facet normal 0.4797794812939186 -0.06485584998594744 -0.8749887816720502
    outer loop
      vertex 0.9599645733833313 -10.755927085876465 8.5
      vertex 1.6263446807861328 0 8.068143844604492
      vertex 1.912379264831543 0 8.224984169006348
    endloop
  endfacet
  facet normal 0.47977939529120983 -0.0648558465612691 -0.8749888290834472
    outer loop
      vertex 1.6263446807861328 0 8.068143844604492
      vertex 0.9599645733833313 -10.755927085876465 8.5
      vertex 0.6666646599769592 -12.925650596618652 8.5
    endloop
  endfacet
  facet normal 0.2335489486436283 -0.0517705220388546 0.9709658601800993
    outer loop
      vertex 1.0715131759643555 -2.586862564086914 9.572264671325684
      vertex 1.029697299003601 -4.130841255187988 9.5
      vertex 1.124123454093933 -2.558741807937622 9.56110954284668
    endloop
  endfacet
  facet normal 0.23354794980238724 -0.05177050627125342 0.9709661012741484
    outer loop
      vertex 0.7725833654403687 -2.677541971206665 9.639331817626953
      vertex 1.029697299003601 -4.130841255187988 9.5
      vertex 1.0715131759643555 -2.586862564086914 9.572264671325684
    endloop
  endfacet
  facet normal 0.23354876584002005 -0.05177034391173702 0.970965913647778
    outer loop
      vertex 1.029697299003601 -4.130841255187988 9.5
      vertex 0.7725833654403687 -2.677541971206665 9.639331817626953
      vertex 0.6443321108818054 -5.86931848526001 9.5
    endloop
  endfacet
  facet normal 0.6421717201954114 -0.07608774310661856 -0.762775286129675
    outer loop
      vertex 1.5811662673950195 -5.552417278289795 8.5
      vertex 1.912379264831543 0 8.224984169006348
      vertex 2.124922752380371 0 8.403922080993652
    endloop
  endfacet
  facet normal 0.6421717933386729 -0.07608774441327427 -0.7627752244208598
    outer loop
      vertex 1.912379264831543 0 8.224984169006348
      vertex 1.5811662673950195 -5.552417278289795 8.5
      vertex 0.9977343082427979 -10.476515769958496 8.5
    endloop
  endfacet
  facet normal -0.04424504830481206 -0.04715149471454607 -0.9979073665659999
    outer loop
      vertex -0.13260772824287415 -15.43117618560791 8.5
      vertex -0.44870758056640625 0 7.784886360168457
      vertex -0.10185588896274567 -15.46003246307373 8.5
    endloop
  endfacet
  facet normal 0.34587341585618403 -0.05697064832789785 -0.9365500122433795
    outer loop
      vertex 0.6666646599769592 -12.925650596618652 8.5
      vertex 1.277811050415039 0 7.939428329467773
      vertex 1.6263446807861328 0 8.068143844604492
    endloop
  endfacet
  facet normal 0.3458733353218321 -0.05697064581659444 -0.9365500421379477
    outer loop
      vertex 1.277811050415039 0 7.939428329467773
      vertex 0.6666646599769592 -12.925650596618652 8.5
      vertex 0.4784599542617798 -14.068256378173828 8.5
    endloop
  endfacet
  facet normal 0.04422785547695039 -0.04715114473632636 -0.9979081452468279
    outer loop
      vertex 0 0 7.7649993896484375
      vertex 0.10185588896274567 -15.46003246307373 8.5
      vertex 0 -15.555573463439941 8.5
    endloop
  endfacet
  facet normal 0.04422784622724093 -0.04715114481657623 -0.9979081456529884
    outer loop
      vertex 0.10185588896274567 -15.46003246307373 8.5
      vertex 0 0 7.7649993896484375
      vertex 0.44870758056640625 0 7.784886360168457
    endloop
  endfacet
  facet normal -0.8258130772160417 -0.09017586970507573 -0.5566875910435807
    outer loop
      vertex -1.6353520154953003 -5.076516628265381 8.5
      vertex -2.124922752380371 0 8.403922080993652
      vertex -1.6094728708267212 -5.313512802124023 8.5
    endloop
  endfacet
  facet normal -0.34587142523338704 -0.05697029991192952 0.936550768583834
    outer loop
      vertex -1.1286895275115967 -2.5563011169433594 9.560140609741211
      vertex -1.3072600364685059 -2.460853099822998 9.5
      vertex -1.0393896102905273 -4.087116718292236 9.5
    endloop
  endfacet
  facet normal -0.044199606073165316 -0.047151167397556024 0.9979093958050624
    outer loop
      vertex -0.01380636915564537 -7.076981544494629 9.5
      vertex 0 -2.799999237060547 9.702698707580566
      vertex -0.005461424123495817 -2.7994613647460938 9.702482223510742
    endloop
  endfacet
  facet normal -0.04422133026248708 -0.047151051915818434 0.9979084388124232
    outer loop
      vertex 0 -2.799999237060547 9.702698707580566
      vertex -0.01380636915564537 -7.076981544494629 9.5
      vertex 0 -7.089930057525635 9.5
    endloop
  endfacet
  facet normal 0.8258142411958906 -0.09017594903470483 -0.556685851494131
    outer loop
      vertex 2.1896893978118896 0 8.5
      vertex 1.6353520154953003 -5.076516628265381 8.5
      vertex 2.124922752380371 0 8.403922080993652
    endloop
  endfacet
  facet normal -0.23354876584002005 -0.05177034391173702 0.970965913647778
    outer loop
      vertex -0.7725833654403687 -2.677541971206665 9.639331817626953
      vertex -1.029697299003601 -4.130841255187988 9.5
      vertex -0.6443321108818054 -5.86931848526001 9.5
    endloop
  endfacet
  facet normal -0.23354794980238724 -0.05177050627125342 0.9709661012741484
    outer loop
      vertex -1.0715131759643555 -2.586862564086914 9.572264671325684
      vertex -1.029697299003601 -4.130841255187988 9.5
      vertex -0.7725833654403687 -2.677541971206665 9.639331817626953
    endloop
  endfacet
  facet normal -0.2335489486436283 -0.0517705220388546 0.9709658601800993
    outer loop
      vertex -1.029697299003601 -4.130841255187988 9.5
      vertex -1.0715131759643555 -2.586862564086914 9.572264671325684
      vertex -1.124123454093933 -2.558741807937622 9.56110954284668
    endloop
  endfacet
  facet normal -0.13509280680088387 -0.048629271233575876 -0.9896388874382162
    outer loop
      vertex -0.276141494512558 -15.032442092895508 8.5
      vertex -0.44870758056640625 0 7.784886360168457
      vertex -0.1631333827972412 -15.346380233764648 8.5
    endloop
  endfacet
  facet normal -0.13509283960420157 -0.04862927139674345 -0.9896388829523096
    outer loop
      vertex -0.44870758056640625 0 7.784886360168457
      vertex -0.276141494512558 -15.032442092895508 8.5
      vertex -0.8801717758178711 0 7.843784332275391
    endloop
  endfacet
  facet normal 0.8258130772160417 -0.09017586970507573 -0.5566875910435807
    outer loop
      vertex 1.6353520154953003 -5.076516628265381 8.5
      vertex 1.6094728708267212 -5.313512802124023 8.5
      vertex 2.124922752380371 0 8.403922080993652
    endloop
  endfacet
  facet normal 0.13509283960420157 -0.04862927139674345 -0.9896388829523096
    outer loop
      vertex 0.276141494512558 -15.032442092895508 8.5
      vertex 0.44870758056640625 0 7.784886360168457
      vertex 0.8801717758178711 0 7.843784332275391
    endloop
  endfacet
  facet normal 0.13509280680088387 -0.048629271233575876 -0.9896388874382162
    outer loop
      vertex 0.44870758056640625 0 7.784886360168457
      vertex 0.276141494512558 -15.032442092895508 8.5
      vertex 0.1631333827972412 -15.346380233764648 8.5
    endloop
  endfacet
  facet normal 0.23354615096854162 -0.05177019071358834 -0.9709665507736391
    outer loop
      vertex 0.41161391139030457 -14.421298027038574 8.5
      vertex 0.8801717758178711 0 7.843784332275391
      vertex 1.277811050415039 0 7.939428329467773
    endloop
  endfacet
  facet normal 0.23354601461278063 -0.05177018778280257 -0.9709665837274836
    outer loop
      vertex 0.8801717758178711 0 7.843784332275391
      vertex 0.41161391139030457 -14.421298027038574 8.5
      vertex 0.276141494512558 -15.032442092895508 8.5
    endloop
  endfacet
  facet normal 0.13508497310563483 -0.04862917550746559 -0.9896399614660445
    outer loop
      vertex 0.1631333827972412 -15.346380233764648 8.5
      vertex 0.13260772824287415 -15.43117618560791 8.5
      vertex 0.44870758056640625 0 7.784886360168457
    endloop
  endfacet
  facet normal 0.6421719802431763 -0.07608776474778549 -0.7627750650396506
    outer loop
      vertex 1.6094728708267212 -5.313512802124023 8.5
      vertex 1.5811662673950195 -5.552417278289795 8.5
      vertex 2.124922752380371 0 8.403922080993652
    endloop
  endfacet
  facet normal -0.6421717933386729 -0.07608774441327427 -0.7627752244208598
    outer loop
      vertex -1.5811662673950195 -5.552417278289795 8.5
      vertex -1.912379264831543 0 8.224984169006348
      vertex -0.9977343082427979 -10.476515769958496 8.5
    endloop
  endfacet
  facet normal -0.6421717201954114 -0.07608774310661856 -0.762775286129675
    outer loop
      vertex -1.912379264831543 0 8.224984169006348
      vertex -1.5811662673950195 -5.552417278289795 8.5
      vertex -2.124922752380371 0 8.403922080993652
    endloop
  endfacet
  facet normal -0.47979800261067906 -0.06485722772239944 -0.874978523566703
    outer loop
      vertex -0.9977343082427979 -10.476515769958496 8.5
      vertex -1.912379264831543 0 8.224984169006348
      vertex -0.9599645733833313 -10.755927085876465 8.5
    endloop
  endfacet
  facet normal -0.13508497310563483 -0.04862917550746559 -0.9896399614660445
    outer loop
      vertex -0.1631333827972412 -15.346380233764648 8.5
      vertex -0.44870758056640625 0 7.784886360168457
      vertex -0.13260772824287415 -15.43117618560791 8.5
    endloop
  endfacet
  facet normal 0.23355007425423535 -0.05177038926763597 -0.9709655965125225
    outer loop
      vertex 0.44545117020606995 -14.268649101257324 8.5
      vertex 0.41161391139030457 -14.421298027038574 8.5
      vertex 1.277811050415039 0 7.939428329467773
    endloop
  endfacet
  facet normal -0.23354601461278063 -0.05177018778280257 -0.9709665837274836
    outer loop
      vertex -0.41161391139030457 -14.421298027038574 8.5
      vertex -0.8801717758178711 0 7.843784332275391
      vertex -0.276141494512558 -15.032442092895508 8.5
    endloop
  endfacet
  facet normal -0.23354615096854162 -0.05177019071358834 -0.9709665507736391
    outer loop
      vertex -0.8801717758178711 0 7.843784332275391
      vertex -0.41161391139030457 -14.421298027038574 8.5
      vertex -1.277811050415039 0 7.939428329467773
    endloop
  endfacet
  facet normal -0.23355007425423535 -0.05177038926763597 -0.9709655965125225
    outer loop
      vertex -0.44545117020606995 -14.268649101257324 8.5
      vertex -1.277811050415039 0 7.939428329467773
      vertex -0.41161391139030457 -14.421298027038574 8.5
    endloop
  endfacet
  facet normal 0.6343936341780799 -0.7730101661131815 0
    outer loop
      vertex 1.5555963516235352 -2.3281145095825195 9.5
      vertex 1.979898452758789 -1.979898452758789 11.5
      vertex 1.5555963516235352 -2.3281145095825195 11.5
    endloop
  endfacet
  facet normal 0.6343936341780799 -0.7730101661131815 0
    outer loop
      vertex 1.979898452758789 -1.979898452758789 11.5
      vertex 1.5555963516235352 -2.3281145095825195 9.5
      vertex 1.979898452758789 -1.979898452758789 9.5
    endloop
  endfacet
  facet normal 0.9951848275888433 0.09801611570024635 0
    outer loop
      vertex 2.799999237060547 0 11.5
      vertex 2.7461986541748047 0.5462522506713867 9.5
      vertex 2.7461986541748047 0.5462522506713867 11.5
    endloop
  endfacet
  facet normal 0.9951848275888433 0.09801611570024635 0
    outer loop
      vertex 2.7461986541748047 0.5462522506713867 9.5
      vertex 2.799999237060547 0 11.5
      vertex 2.799999237060547 0 9.5
    endloop
  endfacet
  facet normal 0.9569403709696354 0.2902845610922095 0
    outer loop
      vertex 2.7461986541748047 0.5462522506713867 11.5
      vertex 2.586862564086914 1.0715131759643555 9.5
      vertex 2.586862564086914 1.0715131759643555 11.5
    endloop
  endfacet
  facet normal 0.9569403709696354 0.2902845610922095 0
    outer loop
      vertex 2.586862564086914 1.0715131759643555 9.5
      vertex 2.7461986541748047 0.5462522506713867 11.5
      vertex 2.7461986541748047 0.5462522506713867 9.5
    endloop
  endfacet
  facet normal 0.8819211080296295 -0.4713970292776469 0
    outer loop
      vertex 2.3281145095825195 -1.5555963516235352 11.5
      vertex 2.586862564086914 -1.0715131759643555 9.5
      vertex 2.586862564086914 -1.0715131759643555 11.5
    endloop
  endfacet
  facet normal 0.8819211080296295 -0.4713970292776469 0
    outer loop
      vertex 2.586862564086914 -1.0715131759643555 9.5
      vertex 2.3281145095825195 -1.5555963516235352 11.5
      vertex 2.3281145095825195 -1.5555963516235352 9.5
    endloop
  endfacet
  facet normal 0.6343936341780799 0.7730101661131815 0
    outer loop
      vertex 1.979898452758789 1.979898452758789 9.5
      vertex 1.5555963516235352 2.3281145095825195 11.5
      vertex 1.979898452758789 1.979898452758789 11.5
    endloop
  endfacet
  facet normal 0.6343936341780799 0.7730101661131815 0
    outer loop
      vertex 1.5555963516235352 2.3281145095825195 11.5
      vertex 1.979898452758789 1.979898452758789 9.5
      vertex 1.5555963516235352 2.3281145095825195 9.5
    endloop
  endfacet
  facet normal 0.9569403709696354 -0.2902845610922095 0
    outer loop
      vertex 2.586862564086914 -1.0715131759643555 11.5
      vertex 2.7461986541748047 -0.5462522506713867 9.5
      vertex 2.7461986541748047 -0.5462522506713867 11.5
    endloop
  endfacet
  facet normal 0.9569403709696354 -0.2902845610922095 0
    outer loop
      vertex 2.7461986541748047 -0.5462522506713867 9.5
      vertex 2.586862564086914 -1.0715131759643555 11.5
      vertex 2.586862564086914 -1.0715131759643555 9.5
    endloop
  endfacet
  facet normal 0 0 -1
    outer loop
      vertex 2.1896893978118896 0 8.5
      vertex 27 0 8.5
      vertex 26.481201171875 -5.267437934875488 8.5
    endloop
  endfacet
  facet normal 0 0 -1
    outer loop
      vertex 1.6353520154953003 -5.076516628265381 8.5
      vertex 26.481201171875 -5.267437934875488 8.5
      vertex 24.944747924804688 -10.332451820373535 8.5
    endloop
  endfacet
  facet normal 0 0 -1
    outer loop
      vertex 27 0 8.5
      vertex 2.1896893978118896 0 8.5
      vertex 26.481201171875 5.267437934875488 8.5
    endloop
  endfacet
  facet normal 0 0 -1
    outer loop
      vertex 1.5811662673950195 -5.552417278289795 8.5
      vertex 24.944747924804688 -10.332451820373535 8.5
      vertex 22.44968032836914 -15.000395774841309 8.5
    endloop
  endfacet
  facet normal 0 0 -1
    outer loop
      vertex 1.6353520154953003 5.076516628265381 8.5
      vertex 26.481201171875 5.267437934875488 8.5
      vertex 2.1896893978118896 0 8.5
    endloop
  endfacet
  facet normal 0 0 -1
    outer loop
      vertex 0.9977343082427979 -10.476515769958496 8.5
      vertex 22.44968032836914 -15.000395774841309 8.5
      vertex 19.091882705688477 -19.091882705688477 8.5
    endloop
  endfacet
  facet normal 0 0 -1
    outer loop
      vertex 26.481201171875 5.267437934875488 8.5
      vertex 1.6353520154953003 5.076516628265381 8.5
      vertex 24.944747924804688 10.332451820373535 8.5
    endloop
  endfacet
  facet normal 0 0 -1
    outer loop
      vertex 0.9599645733833313 -10.755927085876465 8.5
      vertex 19.091882705688477 -19.091882705688477 8.5
      vertex 15.000395774841309 -22.44968032836914 8.5
    endloop
  endfacet
  facet normal 0 0 -1
    outer loop
      vertex 1.6094728708267212 5.313512802124023 8.5
      vertex 24.944747924804688 10.332451820373535 8.5
      vertex 1.6353520154953003 5.076516628265381 8.5
    endloop
  endfacet
  facet normal 0 0 -1
    outer loop
      vertex 0.41161391139030457 -14.421298027038574 8.5
      vertex 15.000395774841309 -22.44968032836914 8.5
      vertex 10.332451820373535 -24.944747924804688 8.5
    endloop
  endfacet
  facet normal 0 0 -1
    outer loop
      vertex 1.5811662673950195 5.552417278289795 8.5
      vertex 24.944747924804688 10.332451820373535 8.5
      vertex 1.6094728708267212 5.313512802124023 8.5
    endloop
  endfacet
  facet normal 0 0 -1
    outer loop
      vertex 0.13260772824287415 -15.43117618560791 8.5
      vertex 10.332451820373535 -24.944747924804688 8.5
      vertex 5.267437934875488 -26.481201171875 8.5
    endloop
  endfacet
  facet normal 0 0 -1
    outer loop
      vertex 24.944747924804688 10.332451820373535 8.5
      vertex 1.5811662673950195 5.552417278289795 8.5
      vertex 22.44968032836914 15.000395774841309 8.5
    endloop
  endfacet
  facet normal 0 0 -1
    outer loop
      vertex 0.9977343082427979 10.476515769958496 8.5
      vertex 22.44968032836914 15.000395774841309 8.5
      vertex 1.5811662673950195 5.552417278289795 8.5
    endloop
  endfacet
  facet normal 0 0 -1
    outer loop
      vertex 26.481201171875 -5.267437934875488 8.5
      vertex 1.6353520154953003 -5.076516628265381 8.5
      vertex 2.1896893978118896 0 8.5
    endloop
  endfacet
  facet normal 0 0 -1
    outer loop
      vertex 24.944747924804688 -10.332451820373535 8.5
      vertex 1.6094728708267212 -5.313512802124023 8.5
      vertex 1.6353520154953003 -5.076516628265381 8.5
    endloop
  endfacet
  facet normal 0 0 -1
    outer loop
      vertex 24.944747924804688 -10.332451820373535 8.5
      vertex 1.5811662673950195 -5.552417278289795 8.5
      vertex 1.6094728708267212 -5.313512802124023 8.5
    endloop
  endfacet
  facet normal 0 0 -1
    outer loop
      vertex 22.44968032836914 -15.000395774841309 8.5
      vertex 0.9977343082427979 -10.476515769958496 8.5
      vertex 1.5811662673950195 -5.552417278289795 8.5
    endloop
  endfacet
  facet normal 0 0 -1
    outer loop
      vertex 19.091882705688477 -19.091882705688477 8.5
      vertex 0.9599645733833313 -10.755927085876465 8.5
      vertex 0.9977343082427979 -10.476515769958496 8.5
    endloop
  endfacet
  facet normal 0 0 -1
    outer loop
      vertex 15.000395774841309 -22.44968032836914 8.5
      vertex 0.6666646599769592 -12.925650596618652 8.5
      vertex 0.9599645733833313 -10.755927085876465 8.5
    endloop
  endfacet
  facet normal 0 0 -1
    outer loop
      vertex 15.000395774841309 -22.44968032836914 8.5
      vertex 0.4784599542617798 -14.068256378173828 8.5
      vertex 0.6666646599769592 -12.925650596618652 8.5
    endloop
  endfacet
  facet normal 0 0 -1
    outer loop
      vertex 15.000395774841309 -22.44968032836914 8.5
      vertex 0.44545117020606995 -14.268649101257324 8.5
      vertex 0.4784599542617798 -14.068256378173828 8.5
    endloop
  endfacet
  facet normal 0 0 -1
    outer loop
      vertex 15.000395774841309 -22.44968032836914 8.5
      vertex 0.41161391139030457 -14.421298027038574 8.5
      vertex 0.44545117020606995 -14.268649101257324 8.5
    endloop
  endfacet
  facet normal 0 0 -1
    outer loop
      vertex 10.332451820373535 -24.944747924804688 8.5
      vertex 0.276141494512558 -15.032442092895508 8.5
      vertex 0.41161391139030457 -14.421298027038574 8.5
    endloop
  endfacet
  facet normal 0 0 -1
    outer loop
      vertex 10.332451820373535 -24.944747924804688 8.5
      vertex 0.1631333827972412 -15.346380233764648 8.5
      vertex 0.276141494512558 -15.032442092895508 8.5
    endloop
  endfacet
  facet normal 0 0 -1
    outer loop
      vertex 10.332451820373535 -24.944747924804688 8.5
      vertex 0.13260772824287415 -15.43117618560791 8.5
      vertex 0.1631333827972412 -15.346380233764648 8.5
    endloop
  endfacet
  facet normal 0 0 -1
    outer loop
      vertex 5.267437934875488 -26.481201171875 8.5
      vertex 0.10185588896274567 -15.46003246307373 8.5
      vertex 0.13260772824287415 -15.43117618560791 8.5
    endloop
  endfacet
  facet normal 0 0 -1
    outer loop
      vertex 0 -15.555573463439941 8.5
      vertex 5.267437934875488 -26.481201171875 8.5
      vertex 0 -27 8.5
    endloop
  endfacet
  facet normal 0 0 -1
    outer loop
      vertex 5.267437934875488 -26.481201171875 8.5
      vertex 0 -15.555573463439941 8.5
      vertex 0.10185588896274567 -15.46003246307373 8.5
    endloop
  endfacet
  facet normal 0 0 -1
    outer loop
      vertex -5.267437934875488 -26.481201171875 8.5
      vertex 0 -15.555573463439941 8.5
      vertex 0 -27 8.5
    endloop
  endfacet
  facet normal 0 0 -1
    outer loop
      vertex 0 -15.555573463439941 8.5
      vertex -5.267437934875488 -26.481201171875 8.5
      vertex -0.10185588896274567 -15.46003246307373 8.5
    endloop
  endfacet
  facet normal 0 0 -1
    outer loop
      vertex -0.10185588896274567 -15.46003246307373 8.5
      vertex -5.267437934875488 -26.481201171875 8.5
      vertex -0.13260772824287415 -15.43117618560791 8.5
    endloop
  endfacet
  facet normal 0 0 -1
    outer loop
      vertex -10.332451820373535 -24.944747924804688 8.5
      vertex -0.13260772824287415 -15.43117618560791 8.5
      vertex -5.267437934875488 -26.481201171875 8.5
    endloop
  endfacet
  facet normal 0 0 -1
    outer loop
      vertex -0.13260772824287415 -15.43117618560791 8.5
      vertex -10.332451820373535 -24.944747924804688 8.5
      vertex -0.1631333827972412 -15.346380233764648 8.5
    endloop
  endfacet
  facet normal 0 0 -1
    outer loop
      vertex -0.1631333827972412 -15.346380233764648 8.5
      vertex -10.332451820373535 -24.944747924804688 8.5
      vertex -0.276141494512558 -15.032442092895508 8.5
    endloop
  endfacet
  facet normal 0 0 -1
    outer loop
      vertex -0.276141494512558 -15.032442092895508 8.5
      vertex -10.332451820373535 -24.944747924804688 8.5
      vertex -0.41161391139030457 -14.421298027038574 8.5
    endloop
  endfacet
  facet normal 0 0 -1
    outer loop
      vertex -15.000395774841309 -22.44968032836914 8.5
      vertex -0.41161391139030457 -14.421298027038574 8.5
      vertex -10.332451820373535 -24.944747924804688 8.5
    endloop
  endfacet
  facet normal 0 0 -1
    outer loop
      vertex -0.41161391139030457 -14.421298027038574 8.5
      vertex -15.000395774841309 -22.44968032836914 8.5
      vertex -0.44545117020606995 -14.268649101257324 8.5
    endloop
  endfacet
  facet normal 0 0 -1
    outer loop
      vertex -0.44545117020606995 -14.268649101257324 8.5
      vertex -15.000395774841309 -22.44968032836914 8.5
      vertex -0.4784599542617798 -14.068256378173828 8.5
    endloop
  endfacet
  facet normal 0 0 -1
    outer loop
      vertex -0.4784599542617798 -14.068256378173828 8.5
      vertex -15.000395774841309 -22.44968032836914 8.5
      vertex -0.6666646599769592 -12.925650596618652 8.5
    endloop
  endfacet
  facet normal 0 0 -1
    outer loop
      vertex -0.6666646599769592 -12.925650596618652 8.5
      vertex -15.000395774841309 -22.44968032836914 8.5
      vertex -0.9599645733833313 -10.755927085876465 8.5
    endloop
  endfacet
  facet normal 0 0 -1
    outer loop
      vertex -19.091882705688477 -19.091882705688477 8.5
      vertex -0.9599645733833313 -10.755927085876465 8.5
      vertex -15.000395774841309 -22.44968032836914 8.5
    endloop
  endfacet
  facet normal 0 0 -1
    outer loop
      vertex -0.9599645733833313 -10.755927085876465 8.5
      vertex -19.091882705688477 -19.091882705688477 8.5
      vertex -0.9977343082427979 -10.476515769958496 8.5
    endloop
  endfacet
  facet normal 0 0 -1
    outer loop
      vertex -22.44968032836914 -15.000395774841309 8.5
      vertex -0.9977343082427979 -10.476515769958496 8.5
      vertex -19.091882705688477 -19.091882705688477 8.5
    endloop
  endfacet
  facet normal 0 0 -1
    outer loop
      vertex 22.44968032836914 15.000395774841309 8.5
      vertex 0.9977343082427979 10.476515769958496 8.5
      vertex 19.091882705688477 19.091882705688477 8.5
    endloop
  endfacet
  facet normal 0 0 -1
    outer loop
      vertex 0.9599645733833313 10.755927085876465 8.5
      vertex 19.091882705688477 19.091882705688477 8.5
      vertex 0.9977343082427979 10.476515769958496 8.5
    endloop
  endfacet
  facet normal 0 0 -1
    outer loop
      vertex 19.091882705688477 19.091882705688477 8.5
      vertex 0.9599645733833313 10.755927085876465 8.5
      vertex 15.000395774841309 22.44968032836914 8.5
    endloop
  endfacet
  facet normal 0 0 -1
    outer loop
      vertex 0.6666646599769592 12.925650596618652 8.5
      vertex 15.000395774841309 22.44968032836914 8.5
      vertex 0.9599645733833313 10.755927085876465 8.5
    endloop
  endfacet
  facet normal 0 0 -1
    outer loop
      vertex 0.4784599542617798 14.068256378173828 8.5
      vertex 15.000395774841309 22.44968032836914 8.5
      vertex 0.6666646599769592 12.925650596618652 8.5
    endloop
  endfacet
  facet normal 0 0 -1
    outer loop
      vertex 0.44545117020606995 14.268649101257324 8.5
      vertex 15.000395774841309 22.44968032836914 8.5
      vertex 0.4784599542617798 14.068256378173828 8.5
    endloop
  endfacet
  facet normal 0 0 -1
    outer loop
      vertex 0.41161391139030457 14.421298027038574 8.5
      vertex 15.000395774841309 22.44968032836914 8.5
      vertex 0.44545117020606995 14.268649101257324 8.5
    endloop
  endfacet
  facet normal 0 0 -1
    outer loop
      vertex 15.000395774841309 22.44968032836914 8.5
      vertex 0.41161391139030457 14.421298027038574 8.5
      vertex 10.332451820373535 24.944747924804688 8.5
    endloop
  endfacet
  facet normal 0 0 -1
    outer loop
      vertex 0.276141494512558 15.032442092895508 8.5
      vertex 10.332451820373535 24.944747924804688 8.5
      vertex 0.41161391139030457 14.421298027038574 8.5
    endloop
  endfacet
  facet normal 0 0 -1
    outer loop
      vertex 0.1631333827972412 15.346380233764648 8.5
      vertex 10.332451820373535 24.944747924804688 8.5
      vertex 0.276141494512558 15.032442092895508 8.5
    endloop
  endfacet
  facet normal 0 0 -1
    outer loop
      vertex 0.13260772824287415 15.43117618560791 8.5
      vertex 10.332451820373535 24.944747924804688 8.5
      vertex 0.1631333827972412 15.346380233764648 8.5
    endloop
  endfacet
  facet normal 0 0 -1
    outer loop
      vertex 10.332451820373535 24.944747924804688 8.5
      vertex 0.13260772824287415 15.43117618560791 8.5
      vertex 5.267437934875488 26.481201171875 8.5
    endloop
  endfacet
  facet normal 0 0 -1
    outer loop
      vertex 0.10185588896274567 15.46003246307373 8.5
      vertex 5.267437934875488 26.481201171875 8.5
      vertex 0.13260772824287415 15.43117618560791 8.5
    endloop
  endfacet
  facet normal 0 0 -1
    outer loop
      vertex 0 15.555573463439941 8.5
      vertex 5.267437934875488 26.481201171875 8.5
      vertex 0.10185588896274567 15.46003246307373 8.5
    endloop
  endfacet
  facet normal 0 0 -1
    outer loop
      vertex 0 15.555573463439941 8.5
      vertex 0 27 8.5
      vertex 5.267437934875488 26.481201171875 8.5
    endloop
  endfacet
  facet normal 0 0 -1
    outer loop
      vertex -5.267437934875488 26.481201171875 8.5
      vertex 0 15.555573463439941 8.5
      vertex -0.10185588896274567 15.46003246307373 8.5
    endloop
  endfacet
  facet normal 0 0 -1
    outer loop
      vertex -5.267437934875488 26.481201171875 8.5
      vertex -0.10185588896274567 15.46003246307373 8.5
      vertex -0.13260772824287415 15.43117618560791 8.5
    endloop
  endfacet
  facet normal 0 0 -1
    outer loop
      vertex -10.332451820373535 24.944747924804688 8.5
      vertex -0.13260772824287415 15.43117618560791 8.5
      vertex -0.1631333827972412 15.346380233764648 8.5
    endloop
  endfacet
  facet normal 0 0 -1
    outer loop
      vertex -10.332451820373535 24.944747924804688 8.5
      vertex -0.1631333827972412 15.346380233764648 8.5
      vertex -0.276141494512558 15.032442092895508 8.5
    endloop
  endfacet
  facet normal 0 0 -1
    outer loop
      vertex -10.332451820373535 24.944747924804688 8.5
      vertex -0.276141494512558 15.032442092895508 8.5
      vertex -0.41161391139030457 14.421298027038574 8.5
    endloop
  endfacet
  facet normal 0 0 -1
    outer loop
      vertex -15.000395774841309 22.44968032836914 8.5
      vertex -0.41161391139030457 14.421298027038574 8.5
      vertex -0.44545117020606995 14.268649101257324 8.5
    endloop
  endfacet
  facet normal 0 0 -1
    outer loop
      vertex -15.000395774841309 22.44968032836914 8.5
      vertex -0.44545117020606995 14.268649101257324 8.5
      vertex -0.4784599542617798 14.068256378173828 8.5
    endloop
  endfacet
  facet normal 0 0 -1
    outer loop
      vertex -15.000395774841309 22.44968032836914 8.5
      vertex -0.4784599542617798 14.068256378173828 8.5
      vertex -0.6666646599769592 12.925650596618652 8.5
    endloop
  endfacet
  facet normal 0 0 -1
    outer loop
      vertex -15.000395774841309 22.44968032836914 8.5
      vertex -0.6666646599769592 12.925650596618652 8.5
      vertex -0.9599645733833313 10.755927085876465 8.5
    endloop
  endfacet
  facet normal 0 0 -1
    outer loop
      vertex -19.091882705688477 19.091882705688477 8.5
      vertex -0.9599645733833313 10.755927085876465 8.5
      vertex -0.9977343082427979 10.476515769958496 8.5
    endloop
  endfacet
  facet normal 0 0 -1
    outer loop
      vertex -22.44968032836914 15.000395774841309 8.5
      vertex -0.9977343082427979 10.476515769958496 8.5
      vertex -1.5811662673950195 5.552417278289795 8.5
    endloop
  endfacet
  facet normal 0 0 -1
    outer loop
      vertex -24.944747924804688 10.332451820373535 8.5
      vertex -1.5811662673950195 5.552417278289795 8.5
      vertex -1.6094728708267212 5.313512802124023 8.5
    endloop
  endfacet
  facet normal 0 0 -1
    outer loop
      vertex -24.944747924804688 10.332451820373535 8.5
      vertex -1.6094728708267212 5.313512802124023 8.5
      vertex -1.6353520154953003 5.076516628265381 8.5
    endloop
  endfacet
  facet normal 0 0 -1
    outer loop
      vertex -26.481201171875 5.267437934875488 8.5
      vertex -1.6353520154953003 5.076516628265381 8.5
      vertex -2.1896893978118896 0 8.5
    endloop
  endfacet
  facet normal 0 0 -1
    outer loop
      vertex -0.9977343082427979 -10.476515769958496 8.5
      vertex -22.44968032836914 -15.000395774841309 8.5
      vertex -1.5811662673950195 -5.552417278289795 8.5
    endloop
  endfacet
  facet normal 0 0 -1
    outer loop
      vertex 0 15.555573463439941 8.5
      vertex -5.267437934875488 26.481201171875 8.5
      vertex 0 27 8.5
    endloop
  endfacet
  facet normal 0 0 -1
    outer loop
      vertex -24.944747924804688 -10.332451820373535 8.5
      vertex -1.5811662673950195 -5.552417278289795 8.5
      vertex -22.44968032836914 -15.000395774841309 8.5
    endloop
  endfacet
  facet normal 0 0 -1
    outer loop
      vertex -0.13260772824287415 15.43117618560791 8.5
      vertex -10.332451820373535 24.944747924804688 8.5
      vertex -5.267437934875488 26.481201171875 8.5
    endloop
  endfacet
  facet normal 0 0 -1
    outer loop
      vertex -1.5811662673950195 -5.552417278289795 8.5
      vertex -24.944747924804688 -10.332451820373535 8.5
      vertex -1.6094728708267212 -5.313512802124023 8.5
    endloop
  endfacet
  facet normal 0 0 -1
    outer loop
      vertex -0.41161391139030457 14.421298027038574 8.5
      vertex -15.000395774841309 22.44968032836914 8.5
      vertex -10.332451820373535 24.944747924804688 8.5
    endloop
  endfacet
  facet normal 0 0 -1
    outer loop
      vertex -1.6094728708267212 -5.313512802124023 8.5
      vertex -24.944747924804688 -10.332451820373535 8.5
      vertex -1.6353520154953003 -5.076516628265381 8.5
    endloop
  endfacet
  facet normal 0 0 -1
    outer loop
      vertex -0.9599645733833313 10.755927085876465 8.5
      vertex -19.091882705688477 19.091882705688477 8.5
      vertex -15.000395774841309 22.44968032836914 8.5
    endloop
  endfacet
  facet normal 0 0 -1
    outer loop
      vertex -26.481201171875 -5.267437934875488 8.5
      vertex -1.6353520154953003 -5.076516628265381 8.5
      vertex -24.944747924804688 -10.332451820373535 8.5
    endloop
  endfacet
  facet normal 0 0 -1
    outer loop
      vertex -0.9977343082427979 10.476515769958496 8.5
      vertex -22.44968032836914 15.000395774841309 8.5
      vertex -19.091882705688477 19.091882705688477 8.5
    endloop
  endfacet
  facet normal 0 0 -1
    outer loop
      vertex -1.6353520154953003 -5.076516628265381 8.5
      vertex -26.481201171875 -5.267437934875488 8.5
      vertex -2.1896893978118896 0 8.5
    endloop
  endfacet
  facet normal 0 0 -1
    outer loop
      vertex -1.5811662673950195 5.552417278289795 8.5
      vertex -24.944747924804688 10.332451820373535 8.5
      vertex -22.44968032836914 15.000395774841309 8.5
    endloop
  endfacet
  facet normal 0 0 -1
    outer loop
      vertex -27 0 8.5
      vertex -2.1896893978118896 0 8.5
      vertex -26.481201171875 -5.267437934875488 8.5
    endloop
  endfacet
  facet normal 0 0 -1
    outer loop
      vertex -1.6353520154953003 5.076516628265381 8.5
      vertex -26.481201171875 5.267437934875488 8.5
      vertex -24.944747924804688 10.332451820373535 8.5
    endloop
  endfacet
  facet normal 0 0 -1
    outer loop
      vertex -2.1896893978118896 0 8.5
      vertex -27 0 8.5
      vertex -26.481201171875 5.267437934875488 8.5
    endloop
  endfacet
  facet normal 0.8819211080296295 0.4713970292776469 0
    outer loop
      vertex 2.586862564086914 1.0715131759643555 11.5
      vertex 2.3281145095825195 1.5555963516235352 9.5
      vertex 2.3281145095825195 1.5555963516235352 11.5
    endloop
  endfacet
  facet normal 0.8819211080296295 0.4713970292776469 0
    outer loop
      vertex 2.3281145095825195 1.5555963516235352 9.5
      vertex 2.586862564086914 1.0715131759643555 11.5
      vertex 2.586862564086914 1.0715131759643555 9.5
    endloop
  endfacet
  facet normal -0.29028425099426264 0.956940465036723 0
    outer loop
      vertex -0.7725833654403687 2.677541971206665 9.639331817626953
      vertex -0.5462522506713867 2.7461986541748047 11.5
      vertex -0.5462522506713867 2.7461986541748047 9.666852951049805
    endloop
  endfacet
  facet normal -0.2902845610922093 0.9569403709696345 4.11911962317882e-8
    outer loop
      vertex -0.5462522506713867 2.7461986541748047 11.5
      vertex -0.7725833654403687 2.677541971206665 9.639331817626953
      vertex -1.0715131759643555 2.586862564086914 11.5
    endloop
  endfacet
  facet normal -0.29028479587908373 0.9569402997478154 0
    outer loop
      vertex -1.0715131759643555 2.586862564086914 11.5
      vertex -0.7725833654403687 2.677541971206665 9.639331817626953
      vertex -1.0715131759643555 2.586862564086914 9.572264671325684
    endloop
  endfacet
  facet normal 0.09801611570024625 0.9951848275888423 4.652227617570318e-8
    outer loop
      vertex 0.3921421766281128 2.7613770961761475 9.68714427947998
      vertex 0 2.799999237060547 11.5
      vertex 0.5462522506713867 2.7461986541748047 11.5
    endloop
  endfacet
  facet normal 0.0980115436232386 0.9951852778837667 0
    outer loop
      vertex 0 2.799999237060547 11.5
      vertex 0.005461424123495817 2.7994613647460938 9.702482223510742
      vertex 0 2.799999237060547 9.702698707580566
    endloop
  endfacet
  facet normal 0.09801596479576674 0.9951848424514688 1.356320677104416e-8
    outer loop
      vertex 0 2.799999237060547 11.5
      vertex 0.3921421766281128 2.7613770961761475 9.68714427947998
      vertex 0.005461424123495817 2.7994613647460938 9.702482223510742
    endloop
  endfacet
  facet normal 0.09802384894571131 0.9951840659081553 -6.172548483497887e-7
    outer loop
      vertex 0.5462522506713867 2.7461986541748047 11.5
      vertex 0.3973318040370941 2.7608659267425537 9.686460494995117
      vertex 0.3921421766281128 2.7613770961761475 9.68714427947998
    endloop
  endfacet
  facet normal 0.09801640429190628 0.9951847991653036 0
    outer loop
      vertex 0.3973318040370941 2.7608659267425537 9.686460494995117
      vertex 0.5462522506713867 2.7461986541748047 11.5
      vertex 0.5462522506713867 2.7461986541748047 9.666852951049805
    endloop
  endfacet
  facet normal 0.4713970292776467 0.8819211080296293 2.083559640667373e-8
    outer loop
      vertex 1.124123454093933 2.558741807937622 9.56110954284668
      vertex 1.0715131759643555 2.586862564086914 11.5
      vertex 1.5555963516235352 2.3281145095825195 11.5
    endloop
  endfacet
  facet normal 0.4713964320384236 0.8819214272606397 0
    outer loop
      vertex 1.0715131759643555 2.586862564086914 11.5
      vertex 1.124123454093933 2.558741807937622 9.56110954284668
      vertex 1.0715131759643555 2.586862564086914 9.572264671325684
    endloop
  endfacet
  facet normal 0.4714073550276838 0.8819155887142475 -0.000002933527328949205
    outer loop
      vertex 1.5555963516235352 2.3281145095825195 11.5
      vertex 1.1286895275115967 2.5563011169433594 9.560140609741211
      vertex 1.124123454093933 2.558741807937622 9.56110954284668
    endloop
  endfacet
  facet normal 0.4713969872580239 0.8819211304896024 0
    outer loop
      vertex 1.5555963516235352 2.3281145095825195 9.5
      vertex 1.1286895275115967 2.5563011169433594 9.560140609741211
      vertex 1.5555963516235352 2.3281145095825195 11.5
    endloop
  endfacet
  facet normal 0.4713969145133695 0.8819211693722032 -6.639054427037863e-7
    outer loop
      vertex 1.1286895275115967 2.5563011169433594 9.560140609741211
      vertex 1.5555963516235352 2.3281145095825195 9.5
      vertex 1.3072600364685059 2.460853099822998 9.5
    endloop
  endfacet
  facet normal 0.29028425099426264 -0.956940465036723 0
    outer loop
      vertex 0.7725833654403687 -2.677541971206665 9.639331817626953
      vertex 0.5462522506713867 -2.7461986541748047 11.5
      vertex 0.5462522506713867 -2.7461986541748047 9.666852951049805
    endloop
  endfacet
  facet normal 0.2902845610922093 -0.9569403709696345 4.11911962317882e-8
    outer loop
      vertex 0.5462522506713867 -2.7461986541748047 11.5
      vertex 0.7725833654403687 -2.677541971206665 9.639331817626953
      vertex 1.0715131759643555 -2.586862564086914 11.5
    endloop
  endfacet
  facet normal 0.29028479587908373 -0.9569402997478154 0
    outer loop
      vertex 1.0715131759643555 -2.586862564086914 11.5
      vertex 0.7725833654403687 -2.677541971206665 9.639331817626953
      vertex 1.0715131759643555 -2.586862564086914 9.572264671325684
    endloop
  endfacet
  facet normal -0.0980115436232386 0.9951852778837667 0
    outer loop
      vertex -0.005461424123495817 2.7994613647460938 9.702482223510742
      vertex 0 2.799999237060547 11.5
      vertex 0 2.799999237060547 9.702698707580566
    endloop
  endfacet
  facet normal -0.09801596479576674 0.9951848424514688 1.356320677104416e-8
    outer loop
      vertex -0.3921421766281128 2.7613770961761475 9.68714427947998
      vertex 0 2.799999237060547 11.5
      vertex -0.005461424123495817 2.7994613647460938 9.702482223510742
    endloop
  endfacet
  facet normal -0.09801611570024625 0.9951848275888423 4.652227617570318e-8
    outer loop
      vertex 0 2.799999237060547 11.5
      vertex -0.3921421766281128 2.7613770961761475 9.68714427947998
      vertex -0.5462522506713867 2.7461986541748047 11.5
    endloop
  endfacet
  facet normal -0.09802384894571131 0.9951840659081553 -6.172548483497887e-7
    outer loop
      vertex -0.3973318040370941 2.7608659267425537 9.686460494995117
      vertex -0.5462522506713867 2.7461986541748047 11.5
      vertex -0.3921421766281128 2.7613770961761475 9.68714427947998
    endloop
  endfacet
  facet normal -0.09801640429190628 0.9951847991653036 0
    outer loop
      vertex -0.5462522506713867 2.7461986541748047 11.5
      vertex -0.3973318040370941 2.7608659267425537 9.686460494995117
      vertex -0.5462522506713867 2.7461986541748047 9.666852951049805
    endloop
  endfacet
  facet normal 0.9951848275888433 -0.09801611570024635 0
    outer loop
      vertex 2.7461986541748047 -0.5462522506713867 11.5
      vertex 2.799999237060547 0 9.5
      vertex 2.799999237060547 0 11.5
    endloop
  endfacet
  facet normal 0.9951848275888433 -0.09801611570024635 0
    outer loop
      vertex 2.799999237060547 0 9.5
      vertex 2.7461986541748047 -0.5462522506713867 11.5
      vertex 2.7461986541748047 -0.5462522506713867 9.5
    endloop
  endfacet
  facet normal 0.0980115436232386 -0.9951852778837667 0
    outer loop
      vertex 0.005461424123495817 -2.7994613647460938 9.702482223510742
      vertex 0 -2.799999237060547 11.5
      vertex 0 -2.799999237060547 9.702698707580566
    endloop
  endfacet
  facet normal 0.09801596479576674 -0.9951848424514688 1.356320677104416e-8
    outer loop
      vertex 0.3921421766281128 -2.7613770961761475 9.68714427947998
      vertex 0 -2.799999237060547 11.5
      vertex 0.005461424123495817 -2.7994613647460938 9.702482223510742
    endloop
  endfacet
  facet normal 0.09801611570024625 -0.9951848275888423 4.652227617570318e-8
    outer loop
      vertex 0 -2.799999237060547 11.5
      vertex 0.3921421766281128 -2.7613770961761475 9.68714427947998
      vertex 0.5462522506713867 -2.7461986541748047 11.5
    endloop
  endfacet
  facet normal 0.09802384894571131 -0.9951840659081553 -6.172548483497887e-7
    outer loop
      vertex 0.3973318040370941 -2.7608659267425537 9.686460494995117
      vertex 0.5462522506713867 -2.7461986541748047 11.5
      vertex 0.3921421766281128 -2.7613770961761475 9.68714427947998
    endloop
  endfacet
  facet normal 0.09801640429190628 -0.9951847991653036 0
    outer loop
      vertex 0.5462522506713867 -2.7461986541748047 11.5
      vertex 0.3973318040370941 -2.7608659267425537 9.686460494995117
      vertex 0.5462522506713867 -2.7461986541748047 9.666852951049805
    endloop
  endfacet
  facet normal -0.7730101661131815 0.6343936341780799 0
    outer loop
      vertex -2.3281145095825195 1.5555963516235352 9.5
      vertex -1.979898452758789 1.979898452758789 11.5
      vertex -1.979898452758789 1.979898452758789 9.5
    endloop
  endfacet
  facet normal -0.7730101661131815 0.6343936341780799 0
    outer loop
      vertex -1.979898452758789 1.979898452758789 11.5
      vertex -2.3281145095825195 1.5555963516235352 9.5
      vertex -2.3281145095825195 1.5555963516235352 11.5
    endloop
  endfacet
  facet normal -0.9951848275888433 -0.09801611570024635 0
    outer loop
      vertex -2.7461986541748047 -0.5462522506713867 9.5
      vertex -2.799999237060547 0 11.5
      vertex -2.799999237060547 0 9.5
    endloop
  endfacet
  facet normal -0.9951848275888433 -0.09801611570024635 0
    outer loop
      vertex -2.799999237060547 0 11.5
      vertex -2.7461986541748047 -0.5462522506713867 9.5
      vertex -2.7461986541748047 -0.5462522506713867 11.5
    endloop
  endfacet
  facet normal -0.4713970292776467 -0.8819211080296293 2.083559640667373e-8
    outer loop
      vertex -1.124123454093933 -2.558741807937622 9.56110954284668
      vertex -1.0715131759643555 -2.586862564086914 11.5
      vertex -1.5555963516235352 -2.3281145095825195 11.5
    endloop
  endfacet
  facet normal -0.4713964320384236 -0.8819214272606397 0
    outer loop
      vertex -1.0715131759643555 -2.586862564086914 11.5
      vertex -1.124123454093933 -2.558741807937622 9.56110954284668
      vertex -1.0715131759643555 -2.586862564086914 9.572264671325684
    endloop
  endfacet
  facet normal -0.4714073550276838 -0.8819155887142475 -0.000002933527328949205
    outer loop
      vertex -1.5555963516235352 -2.3281145095825195 11.5
      vertex -1.1286895275115967 -2.5563011169433594 9.560140609741211
      vertex -1.124123454093933 -2.558741807937622 9.56110954284668
    endloop
  endfacet
  facet normal -0.4713969872580239 -0.8819211304896024 0
    outer loop
      vertex -1.5555963516235352 -2.3281145095825195 9.5
      vertex -1.1286895275115967 -2.5563011169433594 9.560140609741211
      vertex -1.5555963516235352 -2.3281145095825195 11.5
    endloop
  endfacet
  facet normal -0.4713969145133695 -0.8819211693722032 -6.639054427037863e-7
    outer loop
      vertex -1.1286895275115967 -2.5563011169433594 9.560140609741211
      vertex -1.5555963516235352 -2.3281145095825195 9.5
      vertex -1.3072600364685059 -2.460853099822998 9.5
    endloop
  endfacet
  facet normal -0.09801611570024625 -0.9951848275888423 4.652227617570318e-8
    outer loop
      vertex -0.3921421766281128 -2.7613770961761475 9.68714427947998
      vertex 0 -2.799999237060547 11.5
      vertex -0.5462522506713867 -2.7461986541748047 11.5
    endloop
  endfacet
  facet normal -0.0980115436232386 -0.9951852778837667 0
    outer loop
      vertex 0 -2.799999237060547 11.5
      vertex -0.005461424123495817 -2.7994613647460938 9.702482223510742
      vertex 0 -2.799999237060547 9.702698707580566
    endloop
  endfacet
  facet normal -0.09801596479576674 -0.9951848424514688 1.356320677104416e-8
    outer loop
      vertex 0 -2.799999237060547 11.5
      vertex -0.3921421766281128 -2.7613770961761475 9.68714427947998
      vertex -0.005461424123495817 -2.7994613647460938 9.702482223510742
    endloop
  endfacet
  facet normal -0.09802384894571131 -0.9951840659081553 -6.172548483497887e-7
    outer loop
      vertex -0.5462522506713867 -2.7461986541748047 11.5
      vertex -0.3973318040370941 -2.7608659267425537 9.686460494995117
      vertex -0.3921421766281128 -2.7613770961761475 9.68714427947998
    endloop
  endfacet
  facet normal -0.09801640429190628 -0.9951847991653036 0
    outer loop
      vertex -0.3973318040370941 -2.7608659267425537 9.686460494995117
      vertex -0.5462522506713867 -2.7461986541748047 11.5
      vertex -0.5462522506713867 -2.7461986541748047 9.666852951049805
    endloop
  endfacet
  facet normal 0.7730101661131815 -0.6343936341780799 0
    outer loop
      vertex 1.979898452758789 -1.979898452758789 11.5
      vertex 2.3281145095825195 -1.5555963516235352 9.5
      vertex 2.3281145095825195 -1.5555963516235352 11.5
    endloop
  endfacet
  facet normal 0.7730101661131815 -0.6343936341780799 0
    outer loop
      vertex 2.3281145095825195 -1.5555963516235352 9.5
      vertex 1.979898452758789 -1.979898452758789 11.5
      vertex 1.979898452758789 -1.979898452758789 9.5
    endloop
  endfacet
  facet normal -0.8819211080296295 0.4713970292776469 0
    outer loop
      vertex -2.586862564086914 1.0715131759643555 9.5
      vertex -2.3281145095825195 1.5555963516235352 11.5
      vertex -2.3281145095825195 1.5555963516235352 9.5
    endloop
  endfacet
  facet normal -0.8819211080296295 0.4713970292776469 0
    outer loop
      vertex -2.3281145095825195 1.5555963516235352 11.5
      vertex -2.586862564086914 1.0715131759643555 9.5
      vertex -2.586862564086914 1.0715131759643555 11.5
    endloop
  endfacet
  facet normal -0.9569403709696354 0.2902845610922095 0
    outer loop
      vertex -2.7461986541748047 0.5462522506713867 9.5
      vertex -2.586862564086914 1.0715131759643555 11.5
      vertex -2.586862564086914 1.0715131759643555 9.5
    endloop
  endfacet
  facet normal -0.9569403709696354 0.2902845610922095 0
    outer loop
      vertex -2.586862564086914 1.0715131759643555 11.5
      vertex -2.7461986541748047 0.5462522506713867 9.5
      vertex -2.7461986541748047 0.5462522506713867 11.5
    endloop
  endfacet
  facet normal 0.2902845610922093 0.9569403709696345 4.11911962317882e-8
    outer loop
      vertex 0.7725833654403687 2.677541971206665 9.639331817626953
      vertex 0.5462522506713867 2.7461986541748047 11.5
      vertex 1.0715131759643555 2.586862564086914 11.5
    endloop
  endfacet
  facet normal 0.29028425099426264 0.956940465036723 0
    outer loop
      vertex 0.5462522506713867 2.7461986541748047 11.5
      vertex 0.7725833654403687 2.677541971206665 9.639331817626953
      vertex 0.5462522506713867 2.7461986541748047 9.666852951049805
    endloop
  endfacet
  facet normal 0.29028479587908373 0.9569402997478154 0
    outer loop
      vertex 0.7725833654403687 2.677541971206665 9.639331817626953
      vertex 1.0715131759643555 2.586862564086914 11.5
      vertex 1.0715131759643555 2.586862564086914 9.572264671325684
    endloop
  endfacet
  facet normal 0.4713964320384236 -0.8819214272606397 0
    outer loop
      vertex 1.124123454093933 -2.558741807937622 9.56110954284668
      vertex 1.0715131759643555 -2.586862564086914 11.5
      vertex 1.0715131759643555 -2.586862564086914 9.572264671325684
    endloop
  endfacet
  facet normal 0.4713970292776467 -0.8819211080296293 2.083559640667373e-8
    outer loop
      vertex 1.0715131759643555 -2.586862564086914 11.5
      vertex 1.124123454093933 -2.558741807937622 9.56110954284668
      vertex 1.5555963516235352 -2.3281145095825195 11.5
    endloop
  endfacet
  facet normal 0.4714073550276838 -0.8819155887142475 -0.000002933527328949205
    outer loop
      vertex 1.1286895275115967 -2.5563011169433594 9.560140609741211
      vertex 1.5555963516235352 -2.3281145095825195 11.5
      vertex 1.124123454093933 -2.558741807937622 9.56110954284668
    endloop
  endfacet
  facet normal 0.4713969145133695 -0.8819211693722032 -6.639054427037863e-7
    outer loop
      vertex 1.5555963516235352 -2.3281145095825195 9.5
      vertex 1.1286895275115967 -2.5563011169433594 9.560140609741211
      vertex 1.3072600364685059 -2.460853099822998 9.5
    endloop
  endfacet
  facet normal 0.4713969872580239 -0.8819211304896024 0
    outer loop
      vertex 1.1286895275115967 -2.5563011169433594 9.560140609741211
      vertex 1.5555963516235352 -2.3281145095825195 9.5
      vertex 1.5555963516235352 -2.3281145095825195 11.5
    endloop
  endfacet
  facet normal -0.9569403709696354 -0.2902845610922095 0
    outer loop
      vertex -2.586862564086914 -1.0715131759643555 9.5
      vertex -2.7461986541748047 -0.5462522506713867 11.5
      vertex -2.7461986541748047 -0.5462522506713867 9.5
    endloop
  endfacet
  facet normal -0.9569403709696354 -0.2902845610922095 0
    outer loop
      vertex -2.7461986541748047 -0.5462522506713867 11.5
      vertex -2.586862564086914 -1.0715131759643555 9.5
      vertex -2.586862564086914 -1.0715131759643555 11.5
    endloop
  endfacet
  facet normal 0.7730101661131815 0.6343936341780799 0
    outer loop
      vertex 2.3281145095825195 1.5555963516235352 11.5
      vertex 1.979898452758789 1.979898452758789 9.5
      vertex 1.979898452758789 1.979898452758789 11.5
    endloop
  endfacet
  facet normal 0.7730101661131815 0.6343936341780799 0
    outer loop
      vertex 1.979898452758789 1.979898452758789 9.5
      vertex 2.3281145095825195 1.5555963516235352 11.5
      vertex 2.3281145095825195 1.5555963516235352 9.5
    endloop
  endfacet
  facet normal -0.9951848275888433 0.09801611570024635 0
    outer loop
      vertex -2.799999237060547 0 9.5
      vertex -2.7461986541748047 0.5462522506713867 11.5
      vertex -2.7461986541748047 0.5462522506713867 9.5
    endloop
  endfacet
  facet normal -0.9951848275888433 0.09801611570024635 0
    outer loop
      vertex -2.7461986541748047 0.5462522506713867 11.5
      vertex -2.799999237060547 0 9.5
      vertex -2.799999237060547 0 11.5
    endloop
  endfacet
  facet normal -0.6343936341780799 0.7730101661131815 0
    outer loop
      vertex -1.5555963516235352 2.3281145095825195 9.5
      vertex -1.979898452758789 1.979898452758789 11.5
      vertex -1.5555963516235352 2.3281145095825195 11.5
    endloop
  endfacet
  facet normal -0.6343936341780799 0.7730101661131815 0
    outer loop
      vertex -1.979898452758789 1.979898452758789 11.5
      vertex -1.5555963516235352 2.3281145095825195 9.5
      vertex -1.979898452758789 1.979898452758789 9.5
    endloop
  endfacet
  facet normal -0.4713964320384236 0.8819214272606397 0
    outer loop
      vertex -1.124123454093933 2.558741807937622 9.56110954284668
      vertex -1.0715131759643555 2.586862564086914 11.5
      vertex -1.0715131759643555 2.586862564086914 9.572264671325684
    endloop
  endfacet
  facet normal -0.4713970292776467 0.8819211080296293 2.083559640667373e-8
    outer loop
      vertex -1.0715131759643555 2.586862564086914 11.5
      vertex -1.124123454093933 2.558741807937622 9.56110954284668
      vertex -1.5555963516235352 2.3281145095825195 11.5
    endloop
  endfacet
  facet normal -0.4714073550276838 0.8819155887142475 -0.000002933527328949205
    outer loop
      vertex -1.1286895275115967 2.5563011169433594 9.560140609741211
      vertex -1.5555963516235352 2.3281145095825195 11.5
      vertex -1.124123454093933 2.558741807937622 9.56110954284668
    endloop
  endfacet
  facet normal -0.4713969145133695 0.8819211693722032 -6.639054427037863e-7
    outer loop
      vertex -1.5555963516235352 2.3281145095825195 9.5
      vertex -1.1286895275115967 2.5563011169433594 9.560140609741211
      vertex -1.3072600364685059 2.460853099822998 9.5
    endloop
  endfacet
  facet normal -0.4713969872580239 0.8819211304896024 0
    outer loop
      vertex -1.1286895275115967 2.5563011169433594 9.560140609741211
      vertex -1.5555963516235352 2.3281145095825195 9.5
      vertex -1.5555963516235352 2.3281145095825195 11.5
    endloop
  endfacet
  facet normal 0 0 1
    outer loop
      vertex 2.7461986541748047 0.5462522506713867 11.5
      vertex 2.7461986541748047 -0.5462522506713867 11.5
      vertex 2.799999237060547 0 11.5
    endloop
  endfacet
  facet normal 0 0 1
    outer loop
      vertex 2.586862564086914 1.0715131759643555 11.5
      vertex 2.7461986541748047 -0.5462522506713867 11.5
      vertex 2.7461986541748047 0.5462522506713867 11.5
    endloop
  endfacet
  facet normal 0 0 1
    outer loop
      vertex 2.586862564086914 1.0715131759643555 11.5
      vertex 2.586862564086914 -1.0715131759643555 11.5
      vertex 2.7461986541748047 -0.5462522506713867 11.5
    endloop
  endfacet
  facet normal 0 0 1
    outer loop
      vertex 2.3281145095825195 1.5555963516235352 11.5
      vertex 2.586862564086914 -1.0715131759643555 11.5
      vertex 2.586862564086914 1.0715131759643555 11.5
    endloop
  endfacet
  facet normal 0 0 1
    outer loop
      vertex 2.3281145095825195 1.5555963516235352 11.5
      vertex 2.3281145095825195 -1.5555963516235352 11.5
      vertex 2.586862564086914 -1.0715131759643555 11.5
    endloop
  endfacet
  facet normal 0 0 1
    outer loop
      vertex 1.979898452758789 1.979898452758789 11.5
      vertex 2.3281145095825195 -1.5555963516235352 11.5
      vertex 2.3281145095825195 1.5555963516235352 11.5
    endloop
  endfacet
  facet normal 0 0 1
    outer loop
      vertex 1.979898452758789 1.979898452758789 11.5
      vertex 1.979898452758789 -1.979898452758789 11.5
      vertex 2.3281145095825195 -1.5555963516235352 11.5
    endloop
  endfacet
  facet normal 0 0 1
    outer loop
      vertex 1.5555963516235352 2.3281145095825195 11.5
      vertex 1.979898452758789 -1.979898452758789 11.5
      vertex 1.979898452758789 1.979898452758789 11.5
    endloop
  endfacet
  facet normal 0 0 1
    outer loop
      vertex 1.5555963516235352 2.3281145095825195 11.5
      vertex 1.5555963516235352 -2.3281145095825195 11.5
      vertex 1.979898452758789 -1.979898452758789 11.5
    endloop
  endfacet
  facet normal 0 0 1
    outer loop
      vertex 1.0715131759643555 2.586862564086914 11.5
      vertex 1.5555963516235352 -2.3281145095825195 11.5
      vertex 1.5555963516235352 2.3281145095825195 11.5
    endloop
  endfacet
  facet normal 0 0 1
    outer loop
      vertex 1.0715131759643555 2.586862564086914 11.5
      vertex 1.0715131759643555 -2.586862564086914 11.5
      vertex 1.5555963516235352 -2.3281145095825195 11.5
    endloop
  endfacet
  facet normal 0 0 1
    outer loop
      vertex 0.5462522506713867 2.7461986541748047 11.5
      vertex 1.0715131759643555 -2.586862564086914 11.5
      vertex 1.0715131759643555 2.586862564086914 11.5
    endloop
  endfacet
  facet normal 0 0 1
    outer loop
      vertex 0.5462522506713867 2.7461986541748047 11.5
      vertex 0.5462522506713867 -2.7461986541748047 11.5
      vertex 1.0715131759643555 -2.586862564086914 11.5
    endloop
  endfacet
  facet normal 0 0 1
    outer loop
      vertex 0 2.799999237060547 11.5
      vertex 0.5462522506713867 -2.7461986541748047 11.5
      vertex 0.5462522506713867 2.7461986541748047 11.5
    endloop
  endfacet
  facet normal 0 0 1
    outer loop
      vertex 0 2.799999237060547 11.5
      vertex 0 -2.799999237060547 11.5
      vertex 0.5462522506713867 -2.7461986541748047 11.5
    endloop
  endfacet
  facet normal 0 0 1
    outer loop
      vertex -0.5462522506713867 2.7461986541748047 11.5
      vertex 0 -2.799999237060547 11.5
      vertex 0 2.799999237060547 11.5
    endloop
  endfacet
  facet normal 0 0 1
    outer loop
      vertex -0.5462522506713867 2.7461986541748047 11.5
      vertex -0.5462522506713867 -2.7461986541748047 11.5
      vertex 0 -2.799999237060547 11.5
    endloop
  endfacet
  facet normal 0 0 1
    outer loop
      vertex -1.0715131759643555 2.586862564086914 11.5
      vertex -0.5462522506713867 -2.7461986541748047 11.5
      vertex -0.5462522506713867 2.7461986541748047 11.5
    endloop
  endfacet
  facet normal 0 0 1
    outer loop
      vertex -1.0715131759643555 2.586862564086914 11.5
      vertex -1.0715131759643555 -2.586862564086914 11.5
      vertex -0.5462522506713867 -2.7461986541748047 11.5
    endloop
  endfacet
  facet normal 0 0 1
    outer loop
      vertex -1.5555963516235352 2.3281145095825195 11.5
      vertex -1.0715131759643555 -2.586862564086914 11.5
      vertex -1.0715131759643555 2.586862564086914 11.5
    endloop
  endfacet
  facet normal 0 0 1
    outer loop
      vertex -1.5555963516235352 2.3281145095825195 11.5
      vertex -1.5555963516235352 -2.3281145095825195 11.5
      vertex -1.0715131759643555 -2.586862564086914 11.5
    endloop
  endfacet
  facet normal 0 0 1
    outer loop
      vertex -1.979898452758789 1.979898452758789 11.5
      vertex -1.5555963516235352 -2.3281145095825195 11.5
      vertex -1.5555963516235352 2.3281145095825195 11.5
    endloop
  endfacet
  facet normal 0 0 1
    outer loop
      vertex -1.979898452758789 1.979898452758789 11.5
      vertex -1.979898452758789 -1.979898452758789 11.5
      vertex -1.5555963516235352 -2.3281145095825195 11.5
    endloop
  endfacet
  facet normal 0 0 1
    outer loop
      vertex -2.3281145095825195 1.5555963516235352 11.5
      vertex -1.979898452758789 -1.979898452758789 11.5
      vertex -1.979898452758789 1.979898452758789 11.5
    endloop
  endfacet
  facet normal 0 0 1
    outer loop
      vertex -2.3281145095825195 1.5555963516235352 11.5
      vertex -2.3281145095825195 -1.5555963516235352 11.5
      vertex -1.979898452758789 -1.979898452758789 11.5
    endloop
  endfacet
  facet normal 0 0 1
    outer loop
      vertex -2.586862564086914 1.0715131759643555 11.5
      vertex -2.3281145095825195 -1.5555963516235352 11.5
      vertex -2.3281145095825195 1.5555963516235352 11.5
    endloop
  endfacet
  facet normal 0 0 1
    outer loop
      vertex -2.586862564086914 1.0715131759643555 11.5
      vertex -2.586862564086914 -1.0715131759643555 11.5
      vertex -2.3281145095825195 -1.5555963516235352 11.5
    endloop
  endfacet
  facet normal 0 0 1
    outer loop
      vertex -2.7461986541748047 0.5462522506713867 11.5
      vertex -2.586862564086914 -1.0715131759643555 11.5
      vertex -2.586862564086914 1.0715131759643555 11.5
    endloop
  endfacet
  facet normal 0 0 1
    outer loop
      vertex -2.7461986541748047 0.5462522506713867 11.5
      vertex -2.7461986541748047 -0.5462522506713867 11.5
      vertex -2.586862564086914 -1.0715131759643555 11.5
    endloop
  endfacet
  facet normal 0 0 1
    outer loop
      vertex -2.7461986541748047 -0.5462522506713867 11.5
      vertex -2.7461986541748047 0.5462522506713867 11.5
      vertex -2.799999237060547 0 11.5
    endloop
  endfacet
  facet normal -0.8819211080296295 -0.4713970292776469 0
    outer loop
      vertex -2.3281145095825195 -1.5555963516235352 9.5
      vertex -2.586862564086914 -1.0715131759643555 11.5
      vertex -2.586862564086914 -1.0715131759643555 9.5
    endloop
  endfacet
  facet normal -0.8819211080296295 -0.4713970292776469 0
    outer loop
      vertex -2.586862564086914 -1.0715131759643555 11.5
      vertex -2.3281145095825195 -1.5555963516235352 9.5
      vertex -2.3281145095825195 -1.5555963516235352 11.5
    endloop
  endfacet
  facet normal -0.2902845610922093 -0.9569403709696345 4.11911962317882e-8
    outer loop
      vertex -0.7725833654403687 -2.677541971206665 9.639331817626953
      vertex -0.5462522506713867 -2.7461986541748047 11.5
      vertex -1.0715131759643555 -2.586862564086914 11.5
    endloop
  endfacet
  facet normal -0.29028425099426264 -0.956940465036723 0
    outer loop
      vertex -0.5462522506713867 -2.7461986541748047 11.5
      vertex -0.7725833654403687 -2.677541971206665 9.639331817626953
      vertex -0.5462522506713867 -2.7461986541748047 9.666852951049805
    endloop
  endfacet
  facet normal -0.29028479587908373 -0.9569402997478154 0
    outer loop
      vertex -0.7725833654403687 -2.677541971206665 9.639331817626953
      vertex -1.0715131759643555 -2.586862564086914 11.5
      vertex -1.0715131759643555 -2.586862564086914 9.572264671325684
    endloop
  endfacet
  facet normal -0.6343936341780799 -0.7730101661131815 0
    outer loop
      vertex -1.979898452758789 -1.979898452758789 9.5
      vertex -1.5555963516235352 -2.3281145095825195 11.5
      vertex -1.979898452758789 -1.979898452758789 11.5
    endloop
  endfacet
  facet normal -0.6343936341780799 -0.7730101661131815 0
    outer loop
      vertex -1.5555963516235352 -2.3281145095825195 11.5
      vertex -1.979898452758789 -1.979898452758789 9.5
      vertex -1.5555963516235352 -2.3281145095825195 9.5
    endloop
  endfacet
  facet normal -0.7730101661131815 -0.6343936341780799 0
    outer loop
      vertex -1.979898452758789 -1.979898452758789 9.5
      vertex -2.3281145095825195 -1.5555963516235352 11.5
      vertex -2.3281145095825195 -1.5555963516235352 9.5
    endloop
  endfacet
  facet normal -0.7730101661131815 -0.6343936341780799 0
    outer loop
      vertex -2.3281145095825195 -1.5555963516235352 11.5
      vertex -1.979898452758789 -1.979898452758789 9.5
      vertex -1.979898452758789 -1.979898452758789 11.5
    endloop
  endfacet
  facet normal 0 0 1
    outer loop
      vertex 13.435028076171875 14.566399574279785 10.399999618530273
      vertex 13.435028076171875 12.303657531738281 10.399999618530273
      vertex 14.566399574279785 13.435028076171875 10.399999618530273
    endloop
  endfacet
  facet normal 0 0 1
    outer loop
      vertex 13.435028076171875 12.303657531738281 10.399999618530273
      vertex 13.435028076171875 14.566399574279785 10.399999618530273
      vertex 12.303657531738281 13.435028076171875 10.399999618530273
    endloop
  endfacet
  facet normal -0.7071067811865476 -0.7071067811865476 0
    outer loop
      vertex 13.435028076171875 12.303657531738281 9.5
      vertex 12.303657531738281 13.435028076171875 10.399999618530273
      vertex 12.303657531738281 13.435028076171875 9.5
    endloop
  endfacet
  facet normal -0.7071067811865476 -0.7071067811865476 0
    outer loop
      vertex 12.303657531738281 13.435028076171875 10.399999618530273
      vertex 13.435028076171875 12.303657531738281 9.5
      vertex 13.435028076171875 12.303657531738281 10.399999618530273
    endloop
  endfacet
  facet normal -0.7071070792096634 0.7071064831633059 0
    outer loop
      vertex 12.303657531738281 13.435028076171875 9.5
      vertex 13.435028076171875 14.566399574279785 10.399999618530273
      vertex 13.435028076171875 14.566399574279785 9.5
    endloop
  endfacet
  facet normal -0.7071070792096634 0.7071064831633059 0
    outer loop
      vertex 13.435028076171875 14.566399574279785 10.399999618530273
      vertex 12.303657531738281 13.435028076171875 9.5
      vertex 12.303657531738281 13.435028076171875 10.399999618530273
    endloop
  endfacet
  facet normal 0.7071064831633059 -0.7071070792096634 0
    outer loop
      vertex 13.435028076171875 12.303657531738281 9.5
      vertex 14.566399574279785 13.435028076171875 10.399999618530273
      vertex 13.435028076171875 12.303657531738281 10.399999618530273
    endloop
  endfacet
  facet normal 0.7071064831633059 -0.7071070792096634 0
    outer loop
      vertex 14.566399574279785 13.435028076171875 10.399999618530273
      vertex 13.435028076171875 12.303657531738281 9.5
      vertex 14.566399574279785 13.435028076171875 9.5
    endloop
  endfacet
  facet normal 0.7071067811865476 0.7071067811865476 0
    outer loop
      vertex 14.566399574279785 13.435028076171875 10.399999618530273
      vertex 13.435028076171875 14.566399574279785 9.5
      vertex 13.435028076171875 14.566399574279785 10.399999618530273
    endloop
  endfacet
  facet normal 0.7071067811865476 0.7071067811865476 0
    outer loop
      vertex 13.435028076171875 14.566399574279785 9.5
      vertex 14.566399574279785 13.435028076171875 10.399999618530273
      vertex 14.566399574279785 13.435028076171875 9.5
    endloop
  endfacet
  facet normal 0 0 1
    outer loop
      vertex -13.435028076171875 14.566399574279785 10.399999618530273
      vertex -13.435028076171875 12.303657531738281 10.399999618530273
      vertex -12.303657531738281 13.435028076171875 10.399999618530273
    endloop
  endfacet
  facet normal 0 0 1
    outer loop
      vertex -13.435028076171875 12.303657531738281 10.399999618530273
      vertex -13.435028076171875 14.566399574279785 10.399999618530273
      vertex -14.566399574279785 13.435028076171875 10.399999618530273
    endloop
  endfacet
  facet normal -0.7071067811865476 0.7071067811865476 0
    outer loop
      vertex -14.566399574279785 13.435028076171875 9.5
      vertex -13.435028076171875 14.566399574279785 10.399999618530273
      vertex -13.435028076171875 14.566399574279785 9.5
    endloop
  endfacet
  facet normal -0.7071067811865476 0.7071067811865476 0
    outer loop
      vertex -13.435028076171875 14.566399574279785 10.399999618530273
      vertex -14.566399574279785 13.435028076171875 9.5
      vertex -14.566399574279785 13.435028076171875 10.399999618530273
    endloop
  endfacet
  facet normal 0.7071067811865476 -0.7071067811865476 0
    outer loop
      vertex -13.435028076171875 12.303657531738281 10.399999618530273
      vertex -12.303657531738281 13.435028076171875 9.5
      vertex -12.303657531738281 13.435028076171875 10.399999618530273
    endloop
  endfacet
  facet normal 0.7071067811865476 -0.7071067811865476 0
    outer loop
      vertex -12.303657531738281 13.435028076171875 9.5
      vertex -13.435028076171875 12.303657531738281 10.399999618530273
      vertex -13.435028076171875 12.303657531738281 9.5
    endloop
  endfacet
  facet normal 0.7071070792096634 0.7071064831633059 0
    outer loop
      vertex -12.303657531738281 13.435028076171875 10.399999618530273
      vertex -13.435028076171875 14.566399574279785 9.5
      vertex -13.435028076171875 14.566399574279785 10.399999618530273
    endloop
  endfacet
  facet normal 0.7071070792096634 0.7071064831633059 0
    outer loop
      vertex -13.435028076171875 14.566399574279785 9.5
      vertex -12.303657531738281 13.435028076171875 10.399999618530273
      vertex -12.303657531738281 13.435028076171875 9.5
    endloop
  endfacet
  facet normal -0.7071064831633059 -0.7071070792096634 0
    outer loop
      vertex -14.566399574279785 13.435028076171875 9.5
      vertex -13.435028076171875 12.303657531738281 10.399999618530273
      vertex -14.566399574279785 13.435028076171875 10.399999618530273
    endloop
  endfacet
  facet normal -0.7071064831633059 -0.7071070792096634 0
    outer loop
      vertex -13.435028076171875 12.303657531738281 10.399999618530273
      vertex -14.566399574279785 13.435028076171875 9.5
      vertex -13.435028076171875 12.303657531738281 9.5
    endloop
  endfacet
  facet normal -0.7071067811865476 -0.7071067811865476 0
    outer loop
      vertex -13.435028076171875 -14.566399574279785 9.5
      vertex -14.566399574279785 -13.435028076171875 10.399999618530273
      vertex -14.566399574279785 -13.435028076171875 9.5
    endloop
  endfacet
  facet normal -0.7071067811865476 -0.7071067811865476 0
    outer loop
      vertex -14.566399574279785 -13.435028076171875 10.399999618530273
      vertex -13.435028076171875 -14.566399574279785 9.5
      vertex -13.435028076171875 -14.566399574279785 10.399999618530273
    endloop
  endfacet
  facet normal 0 0 1
    outer loop
      vertex -13.435028076171875 -12.303657531738281 10.399999618530273
      vertex -13.435028076171875 -14.566399574279785 10.399999618530273
      vertex -12.303657531738281 -13.435028076171875 10.399999618530273
    endloop
  endfacet
  facet normal 0 0 1
    outer loop
      vertex -13.435028076171875 -14.566399574279785 10.399999618530273
      vertex -13.435028076171875 -12.303657531738281 10.399999618530273
      vertex -14.566399574279785 -13.435028076171875 10.399999618530273
    endloop
  endfacet
  facet normal 0.7071067811865476 0.7071067811865476 0
    outer loop
      vertex -12.303657531738281 -13.435028076171875 10.399999618530273
      vertex -13.435028076171875 -12.303657531738281 9.5
      vertex -13.435028076171875 -12.303657531738281 10.399999618530273
    endloop
  endfacet
  facet normal 0.7071067811865476 0.7071067811865476 0
    outer loop
      vertex -13.435028076171875 -12.303657531738281 9.5
      vertex -12.303657531738281 -13.435028076171875 10.399999618530273
      vertex -12.303657531738281 -13.435028076171875 9.5
    endloop
  endfacet
  facet normal 0.7071070792096634 -0.7071064831633059 0
    outer loop
      vertex -13.435028076171875 -14.566399574279785 10.399999618530273
      vertex -12.303657531738281 -13.435028076171875 9.5
      vertex -12.303657531738281 -13.435028076171875 10.399999618530273
    endloop
  endfacet
  facet normal 0.7071070792096634 -0.7071064831633059 0
    outer loop
      vertex -12.303657531738281 -13.435028076171875 9.5
      vertex -13.435028076171875 -14.566399574279785 10.399999618530273
      vertex -13.435028076171875 -14.566399574279785 9.5
    endloop
  endfacet
  facet normal -0.7071064831633059 0.7071070792096634 0
    outer loop
      vertex -13.435028076171875 -12.303657531738281 9.5
      vertex -14.566399574279785 -13.435028076171875 10.399999618530273
      vertex -13.435028076171875 -12.303657531738281 10.399999618530273
    endloop
  endfacet
  facet normal -0.7071064831633059 0.7071070792096634 0
    outer loop
      vertex -14.566399574279785 -13.435028076171875 10.399999618530273
      vertex -13.435028076171875 -12.303657531738281 9.5
      vertex -14.566399574279785 -13.435028076171875 9.5
    endloop
  endfacet
  facet normal 0.7071067811865476 -0.7071067811865476 0
    outer loop
      vertex 13.435028076171875 -14.566399574279785 10.399999618530273
      vertex 14.566399574279785 -13.435028076171875 9.5
      vertex 14.566399574279785 -13.435028076171875 10.399999618530273
    endloop
  endfacet
  facet normal 0.7071067811865476 -0.7071067811865476 0
    outer loop
      vertex 14.566399574279785 -13.435028076171875 9.5
      vertex 13.435028076171875 -14.566399574279785 10.399999618530273
      vertex 13.435028076171875 -14.566399574279785 9.5
    endloop
  endfacet
  facet normal 0 0 1
    outer loop
      vertex 13.435028076171875 -12.303657531738281 10.399999618530273
      vertex 13.435028076171875 -14.566399574279785 10.399999618530273
      vertex 14.566399574279785 -13.435028076171875 10.399999618530273
    endloop
  endfacet
  facet normal 0 0 1
    outer loop
      vertex 13.435028076171875 -14.566399574279785 10.399999618530273
      vertex 13.435028076171875 -12.303657531738281 10.399999618530273
      vertex 12.303657531738281 -13.435028076171875 10.399999618530273
    endloop
  endfacet
  facet normal -0.7071067811865476 0.7071067811865476 0
    outer loop
      vertex 12.303657531738281 -13.435028076171875 9.5
      vertex 13.435028076171875 -12.303657531738281 10.399999618530273
      vertex 13.435028076171875 -12.303657531738281 9.5
    endloop
  endfacet
  facet normal -0.7071067811865476 0.7071067811865476 0
    outer loop
      vertex 13.435028076171875 -12.303657531738281 10.399999618530273
      vertex 12.303657531738281 -13.435028076171875 9.5
      vertex 12.303657531738281 -13.435028076171875 10.399999618530273
    endloop
  endfacet
  facet normal 0.7071064831633059 0.7071070792096634 0
    outer loop
      vertex 14.566399574279785 -13.435028076171875 9.5
      vertex 13.435028076171875 -12.303657531738281 10.399999618530273
      vertex 14.566399574279785 -13.435028076171875 10.399999618530273
    endloop
  endfacet
  facet normal 0.7071064831633059 0.7071070792096634 0
    outer loop
      vertex 13.435028076171875 -12.303657531738281 10.399999618530273
      vertex 14.566399574279785 -13.435028076171875 9.5
      vertex 13.435028076171875 -12.303657531738281 9.5
    endloop
  endfacet
  facet normal -0.7071070792096634 -0.7071064831633059 0
    outer loop
      vertex 13.435028076171875 -14.566399574279785 9.5
      vertex 12.303657531738281 -13.435028076171875 10.399999618530273
      vertex 12.303657531738281 -13.435028076171875 9.5
    endloop
  endfacet
  facet normal -0.7071070792096634 -0.7071064831633059 0
    outer loop
      vertex 12.303657531738281 -13.435028076171875 10.399999618530273
      vertex 13.435028076171875 -14.566399574279785 9.5
      vertex 13.435028076171875 -14.566399574279785 10.399999618530273
    endloop
  endfacet
  facet normal -0.8819209403000444 -0.47139734307724473 0
    outer loop
      vertex -4.98881721496582 34.66658020019531 1
      vertex -5.543276786804199 35.70389938354492 7
      vertex -5.543276786804199 35.70389938354492 1
    endloop
  endfacet
  facet normal -0.8819209403000444 -0.47139734307724473 0
    outer loop
      vertex -5.543276786804199 35.70389938354492 7
      vertex -4.98881721496582 34.66658020019531 1
      vertex -4.98881721496582 34.66658020019531 7
    endloop
  endfacet
  facet normal 0.9951846751431852 0.09801766351098624 0
    outer loop
      vertex 6 38 7
      vertex 5.884711265563965 39.17053985595703 1
      vertex 5.884711265563965 39.17053985595703 7
    endloop
  endfacet
  facet normal 0.9951846751431852 0.09801766351098624 0
    outer loop
      vertex 5.884711265563965 39.17053985595703 1
      vertex 6 38 7
      vertex 6 38 1
    endloop
  endfacet
  facet normal -0.4713960382834149 -0.8819216377267889 0
    outer loop
      vertex -3.333420753479004 33.01118087768555 1
      vertex -2.2960996627807617 32.456722259521484 2
      vertex -3.333420753479004 33.01118087768555 2
    endloop
  endfacet
  facet normal -0.4713960382834149 -0.8819216377267889 0
    outer loop
      vertex -2.2960996627807617 32.456722259521484 2
      vertex -3.333420753479004 33.01118087768555 1
      vertex -2.2960996627807617 32.456722259521484 1
    endloop
  endfacet
  facet normal 0.6343915062284654 0.773011912473009 0
    outer loop
      vertex 4.242640495300293 42.24264144897461 1
      vertex 3.333420753479004 42.98881530761719 7
      vertex 4.242640495300293 42.24264144897461 7
    endloop
  endfacet
  facet normal 0.6343915062284654 0.773011912473009 0
    outer loop
      vertex 3.333420753479004 42.98881530761719 7
      vertex 4.242640495300293 42.24264144897461 1
      vertex 3.333420753479004 42.98881530761719 1
    endloop
  endfacet
  facet normal -0.29028485067339915 0.9569402831261323 0
    outer loop
      vertex -1.170541763305664 43.88471221923828 1
      vertex -2.2960996627807617 43.543277740478516 7
      vertex -1.170541763305664 43.88471221923828 7
    endloop
  endfacet
  facet normal -0.29028485067339915 0.9569402831261323 0
    outer loop
      vertex -2.2960996627807617 43.543277740478516 7
      vertex -1.170541763305664 43.88471221923828 1
      vertex -2.2960996627807617 43.543277740478516 1
    endloop
  endfacet
  facet normal -0.09801670231362045 0.9951847698129042 0
    outer loop
      vertex 0 44 1
      vertex -1.170541763305664 43.88471221923828 7
      vertex 0 44 7
    endloop
  endfacet
  facet normal -0.09801670231362045 0.9951847698129042 0
    outer loop
      vertex -1.170541763305664 43.88471221923828 7
      vertex 0 44 1
      vertex -1.170541763305664 43.88471221923828 1
    endloop
  endfacet
  facet normal -0.9951846751431852 0.09801766351098624 0
    outer loop
      vertex -6 38 1
      vertex -5.884711265563965 39.17053985595703 7
      vertex -5.884711265563965 39.17053985595703 1
    endloop
  endfacet
  facet normal -0.9951846751431852 0.09801766351098624 0
    outer loop
      vertex -5.884711265563965 39.17053985595703 7
      vertex -6 38 1
      vertex -6 38 7
    endloop
  endfacet
  facet normal 0.9569404880938971 0.29028417498481407 0
    outer loop
      vertex 5.884711265563965 39.17053985595703 7
      vertex 5.543276786804199 40.29610061645508 1
      vertex 5.543276786804199 40.29610061645508 7
    endloop
  endfacet
  facet normal 0.9569404880938971 0.29028417498481407 0
    outer loop
      vertex 5.543276786804199 40.29610061645508 1
      vertex 5.884711265563965 39.17053985595703 7
      vertex 5.884711265563965 39.17053985595703 1
    endloop
  endfacet
  facet normal 0.8819209403000444 0.47139734307724473 0
    outer loop
      vertex 5.543276786804199 40.29610061645508 7
      vertex 4.98881721496582 41.33341979980469 1
      vertex 4.98881721496582 41.33341979980469 7
    endloop
  endfacet
  facet normal 0.8819209403000444 0.47139734307724473 0
    outer loop
      vertex 4.98881721496582 41.33341979980469 1
      vertex 5.543276786804199 40.29610061645508 7
      vertex 5.543276786804199 40.29610061645508 1
    endloop
  endfacet
  facet normal 0.09801670231362046 -0.9951847698129043 0
    outer loop
      vertex 0 32 1
      vertex 1.170541763305664 32.11528778076172 2
      vertex 0 32 2
    endloop
  endfacet
  facet normal 0.09801670231362046 -0.9951847698129043 0
    outer loop
      vertex 1.170541763305664 32.11528778076172 2
      vertex 0 32 1
      vertex 1.170541763305664 32.11528778076172 1
    endloop
  endfacet
  facet normal 0.7730113722568088 0.6343921644863257 0
    outer loop
      vertex 4.98881721496582 41.33341979980469 7
      vertex 4.242640495300293 42.24264144897461 1
      vertex 4.242640495300293 42.24264144897461 7
    endloop
  endfacet
  facet normal 0.7730113722568088 0.6343921644863257 0
    outer loop
      vertex 4.242640495300293 42.24264144897461 1
      vertex 4.98881721496582 41.33341979980469 7
      vertex 4.98881721496582 41.33341979980469 1
    endloop
  endfacet
  facet normal 0.9951847063022304 -0.09801734714908077 0
    outer loop
      vertex 5.884711265563965 36.8294563293457 7
      vertex 6 38 1
      vertex 6 38 7
    endloop
  endfacet
  facet normal 0.9951847063022304 -0.09801734714908077 0
    outer loop
      vertex 6 38 1
      vertex 5.884711265563965 36.8294563293457 7
      vertex 5.884711265563965 36.8294563293457 1
    endloop
  endfacet
  facet normal 0.09801670231362045 0.9951847698129042 0
    outer loop
      vertex 1.170541763305664 43.88471221923828 1
      vertex 0 44 7
      vertex 1.170541763305664 43.88471221923828 7
    endloop
  endfacet
  facet normal 0.09801670231362045 0.9951847698129042 0
    outer loop
      vertex 0 44 7
      vertex 1.170541763305664 43.88471221923828 1
      vertex 0 44 1
    endloop
  endfacet
  facet normal -0.7730113722568088 0.6343921644863257 0
    outer loop
      vertex -4.98881721496582 41.33341979980469 1
      vertex -4.242640495300293 42.24264144897461 7
      vertex -4.242640495300293 42.24264144897461 1
    endloop
  endfacet
  facet normal -0.7730113722568088 0.6343921644863257 0
    outer loop
      vertex -4.242640495300293 42.24264144897461 7
      vertex -4.98881721496582 41.33341979980469 1
      vertex -4.98881721496582 41.33341979980469 7
    endloop
  endfacet
  facet normal 0.29028485067339915 -0.9569402831261323 0
    outer loop
      vertex 1.170541763305664 32.11528778076172 1
      vertex 2.2960996627807617 32.456722259521484 2
      vertex 1.170541763305664 32.11528778076172 2
    endloop
  endfacet
  facet normal 0.29028485067339915 -0.9569402831261323 0
    outer loop
      vertex 2.2960996627807617 32.456722259521484 2
      vertex 1.170541763305664 32.11528778076172 1
      vertex 2.2960996627807617 32.456722259521484 1
    endloop
  endfacet
  facet normal -0.09801670231362046 -0.9951847698129043 0
    outer loop
      vertex -1.170541763305664 32.11528778076172 1
      vertex 0 32 2
      vertex -1.170541763305664 32.11528778076172 2
    endloop
  endfacet
  facet normal -0.09801670231362046 -0.9951847698129043 0
    outer loop
      vertex 0 32 2
      vertex -1.170541763305664 32.11528778076172 1
      vertex 0 32 1
    endloop
  endfacet
  facet normal -0.29028485067339915 -0.9569402831261323 0
    outer loop
      vertex -2.2960996627807617 32.456722259521484 1
      vertex -1.170541763305664 32.11528778076172 2
      vertex -2.2960996627807617 32.456722259521484 2
    endloop
  endfacet
  facet normal -0.29028485067339915 -0.9569402831261323 0
    outer loop
      vertex -1.170541763305664 32.11528778076172 2
      vertex -2.2960996627807617 32.456722259521484 1
      vertex -1.170541763305664 32.11528778076172 1
    endloop
  endfacet
  facet normal 0.8819209403000444 -0.47139734307724473 0
    outer loop
      vertex 4.98881721496582 34.66658020019531 7
      vertex 5.543276786804199 35.70389938354492 1
      vertex 5.543276786804199 35.70389938354492 7
    endloop
  endfacet
  facet normal 0.8819209403000444 -0.47139734307724473 0
    outer loop
      vertex 5.543276786804199 35.70389938354492 1
      vertex 4.98881721496582 34.66658020019531 7
      vertex 4.98881721496582 34.66658020019531 1
    endloop
  endfacet
  facet normal 0.6343927376655468 -0.7730109018618125 0
    outer loop
      vertex 3.333420753479004 33.01118087768555 2
      vertex 3.333420753479004 33.01118087768555 1
      vertex 4 33.5582275390625 2
    endloop
  endfacet
  facet normal 0.6343953851928464 -0.7730087290878543 0
    outer loop
      vertex 4 33.5582275390625 2
      vertex 4.242640495300293 33.75735855102539 7
      vertex 4 33.5582275390625 7
    endloop
  endfacet
  facet normal 0.6343953851928464 -0.7730087290878545 0
    outer loop
      vertex 4 33.5582275390625 2
      vertex 4.242640495300293 33.75735855102539 1
      vertex 4.242640495300293 33.75735855102539 7
    endloop
  endfacet
  facet normal 0.634393444204475 -0.773010322020193 -7.881646084298211e-7
    outer loop
      vertex 4.242640495300293 33.75735855102539 1
      vertex 4 33.5582275390625 2
      vertex 3.333420753479004 33.01118087768555 1
    endloop
  endfacet
  facet normal 0.9569402148032261 -0.29028507590359437 0
    outer loop
      vertex 5.543276786804199 35.70389938354492 7
      vertex 5.884711265563965 36.8294563293457 1
      vertex 5.884711265563965 36.8294563293457 7
    endloop
  endfacet
  facet normal 0.9569402148032261 -0.29028507590359437 0
    outer loop
      vertex 5.884711265563965 36.8294563293457 1
      vertex 5.543276786804199 35.70389938354492 7
      vertex 5.543276786804199 35.70389938354492 1
    endloop
  endfacet
  facet normal 0.7730113722568088 -0.6343921644863257 0
    outer loop
      vertex 4.242640495300293 33.75735855102539 7
      vertex 4.98881721496582 34.66658020019531 1
      vertex 4.98881721496582 34.66658020019531 7
    endloop
  endfacet
  facet normal 0.7730113722568088 -0.6343921644863257 0
    outer loop
      vertex 4.98881721496582 34.66658020019531 1
      vertex 4.242640495300293 33.75735855102539 7
      vertex 4.242640495300293 33.75735855102539 1
    endloop
  endfacet
  facet normal 0.29028485067339915 0.9569402831261323 0
    outer loop
      vertex 2.2960996627807617 43.543277740478516 1
      vertex 1.170541763305664 43.88471221923828 7
      vertex 2.2960996627807617 43.543277740478516 7
    endloop
  endfacet
  facet normal 0.29028485067339915 0.9569402831261323 0
    outer loop
      vertex 1.170541763305664 43.88471221923828 7
      vertex 2.2960996627807617 43.543277740478516 1
      vertex 1.170541763305664 43.88471221923828 1
    endloop
  endfacet
  facet normal -0.47139856081067494 0.8819202894058081 0
    outer loop
      vertex -2.2960996627807617 43.543277740478516 1
      vertex -3.333420753479004 42.98881530761719 7
      vertex -2.2960996627807617 43.543277740478516 7
    endloop
  endfacet
  facet normal -0.47139856081067494 0.8819202894058081 0
    outer loop
      vertex -3.333420753479004 42.98881530761719 7
      vertex -2.2960996627807617 43.543277740478516 1
      vertex -3.333420753479004 42.98881530761719 1
    endloop
  endfacet
  facet normal -0.9569404880938971 0.29028417498481407 0
    outer loop
      vertex -5.884711265563965 39.17053985595703 1
      vertex -5.543276786804199 40.29610061645508 7
      vertex -5.543276786804199 40.29610061645508 1
    endloop
  endfacet
  facet normal -0.9569404880938971 0.29028417498481407 0
    outer loop
      vertex -5.543276786804199 40.29610061645508 7
      vertex -5.884711265563965 39.17053985595703 1
      vertex -5.884711265563965 39.17053985595703 7
    endloop
  endfacet
  facet normal -0.9951847063022304 -0.09801734714908077 0
    outer loop
      vertex -5.884711265563965 36.8294563293457 1
      vertex -6 38 7
      vertex -6 38 1
    endloop
  endfacet
  facet normal -0.9951847063022304 -0.09801734714908077 0
    outer loop
      vertex -6 38 7
      vertex -5.884711265563965 36.8294563293457 1
      vertex -5.884711265563965 36.8294563293457 7
    endloop
  endfacet
  facet normal -0.8819209403000444 0.47139734307724473 0
    outer loop
      vertex -5.543276786804199 40.29610061645508 1
      vertex -4.98881721496582 41.33341979980469 7
      vertex -4.98881721496582 41.33341979980469 1
    endloop
  endfacet
  facet normal -0.8819209403000444 0.47139734307724473 0
    outer loop
      vertex -4.98881721496582 41.33341979980469 7
      vertex -5.543276786804199 40.29610061645508 1
      vertex -5.543276786804199 40.29610061645508 7
    endloop
  endfacet
  facet normal 0.47139856081067494 0.8819202894058081 0
    outer loop
      vertex 3.333420753479004 42.98881530761719 1
      vertex 2.2960996627807617 43.543277740478516 7
      vertex 3.333420753479004 42.98881530761719 7
    endloop
  endfacet
  facet normal 0.47139856081067494 0.8819202894058081 0
    outer loop
      vertex 2.2960996627807617 43.543277740478516 7
      vertex 3.333420753479004 42.98881530761719 1
      vertex 2.2960996627807617 43.543277740478516 1
    endloop
  endfacet
  facet normal -0.6343953851928464 -0.7730087290878543 0
    outer loop
      vertex -4.242640495300293 33.75735855102539 7
      vertex -4 33.5582275390625 2
      vertex -4 33.5582275390625 7
    endloop
  endfacet
  facet normal -0.6343953851928464 -0.7730087290878545 0
    outer loop
      vertex -4.242640495300293 33.75735855102539 1
      vertex -4 33.5582275390625 2
      vertex -4.242640495300293 33.75735855102539 7
    endloop
  endfacet
  facet normal -0.634393444204475 -0.773010322020193 -7.881646084298211e-7
    outer loop
      vertex -3.333420753479004 33.01118087768555 1
      vertex -4 33.5582275390625 2
      vertex -4.242640495300293 33.75735855102539 1
    endloop
  endfacet
  facet normal -0.6343927376655468 -0.7730109018618125 0
    outer loop
      vertex -4 33.5582275390625 2
      vertex -3.333420753479004 33.01118087768555 1
      vertex -3.333420753479004 33.01118087768555 2
    endloop
  endfacet
  facet normal -0.6343915062284654 0.773011912473009 0
    outer loop
      vertex -3.333420753479004 42.98881530761719 1
      vertex -4.242640495300293 42.24264144897461 7
      vertex -3.333420753479004 42.98881530761719 7
    endloop
  endfacet
  facet normal -0.6343915062284654 0.773011912473009 0
    outer loop
      vertex -4.242640495300293 42.24264144897461 7
      vertex -3.333420753479004 42.98881530761719 1
      vertex -4.242640495300293 42.24264144897461 1
    endloop
  endfacet
  facet normal 0.4713960382834149 -0.8819216377267889 0
    outer loop
      vertex 2.2960996627807617 32.456722259521484 1
      vertex 3.333420753479004 33.01118087768555 2
      vertex 2.2960996627807617 32.456722259521484 2
    endloop
  endfacet
  facet normal 0.4713960382834149 -0.8819216377267889 0
    outer loop
      vertex 3.333420753479004 33.01118087768555 2
      vertex 2.2960996627807617 32.456722259521484 1
      vertex 3.333420753479004 33.01118087768555 1
    endloop
  endfacet
  facet normal -0.9569402148032261 -0.29028507590359437 0
    outer loop
      vertex -5.543276786804199 35.70389938354492 1
      vertex -5.884711265563965 36.8294563293457 7
      vertex -5.884711265563965 36.8294563293457 1
    endloop
  endfacet
  facet normal -0.9569402148032261 -0.29028507590359437 0
    outer loop
      vertex -5.884711265563965 36.8294563293457 7
      vertex -5.543276786804199 35.70389938354492 1
      vertex -5.543276786804199 35.70389938354492 7
    endloop
  endfacet
  facet normal 0 0 1
    outer loop
      vertex 5.884711265563965 39.17053985595703 7
      vertex 2.451962471008301 38.48772430419922 7
      vertex 2.5 38 7
    endloop
  endfacet
  facet normal 0 0 1
    outer loop
      vertex 4.242640495300293 42.24264144897461 7
      vertex 2.3096981048583984 38.95670700073242 7
      vertex 2.451962471008301 38.48772430419922 7
    endloop
  endfacet
  facet normal 0 0 1
    outer loop
      vertex 1.388925552368164 40.07867431640625 7
      vertex 3.333420753479004 42.98881530761719 7
      vertex 2.2960996627807617 43.543277740478516 7
    endloop
  endfacet
  facet normal 0 0 1
    outer loop
      vertex 4.242640495300293 42.24264144897461 7
      vertex 2.0786733627319336 39.38892364501953 7
      vertex 2.3096981048583984 38.95670700073242 7
    endloop
  endfacet
  facet normal 0 0 1
    outer loop
      vertex 4.242640495300293 42.24264144897461 7
      vertex 1.7677669525146484 39.76776885986328 7
      vertex 2.0786733627319336 39.38892364501953 7
    endloop
  endfacet
  facet normal 0 0 1
    outer loop
      vertex 3.333420753479004 42.98881530761719 7
      vertex 1.388925552368164 40.07867431640625 7
      vertex 1.7677669525146484 39.76776885986328 7
    endloop
  endfacet
  facet normal 0 0 1
    outer loop
      vertex 0.9567079544067383 40.30970001220703 7
      vertex 2.2960996627807617 43.543277740478516 7
      vertex 1.170541763305664 43.88471221923828 7
    endloop
  endfacet
  facet normal 0 0 1
    outer loop
      vertex 2.2960996627807617 43.543277740478516 7
      vertex 0.9567079544067383 40.30970001220703 7
      vertex 1.388925552368164 40.07867431640625 7
    endloop
  endfacet
  facet normal 0 0 1
    outer loop
      vertex 1.170541763305664 43.88471221923828 7
      vertex 0.48772525787353516 40.451961517333984 7
      vertex 0.9567079544067383 40.30970001220703 7
    endloop
  endfacet
  facet normal 0 0 1
    outer loop
      vertex 0 44 7
      vertex 0.48772525787353516 40.451961517333984 7
      vertex 1.170541763305664 43.88471221923828 7
    endloop
  endfacet
  facet normal 0 0 1
    outer loop
      vertex 0 44 7
      vertex 0 40.5 7
      vertex 0.48772525787353516 40.451961517333984 7
    endloop
  endfacet
  facet normal 0 0 1
    outer loop
      vertex 0 44 7
      vertex -0.48772525787353516 40.451961517333984 7
      vertex 0 40.5 7
    endloop
  endfacet
  facet normal 0 0 1
    outer loop
      vertex -1.170541763305664 43.88471221923828 7
      vertex -0.48772525787353516 40.451961517333984 7
      vertex 0 44 7
    endloop
  endfacet
  facet normal 0 0 1
    outer loop
      vertex -0.48772525787353516 40.451961517333984 7
      vertex -1.170541763305664 43.88471221923828 7
      vertex -0.9567079544067383 40.30970001220703 7
    endloop
  endfacet
  facet normal 0 0 1
    outer loop
      vertex -2.2960996627807617 43.543277740478516 7
      vertex -0.9567079544067383 40.30970001220703 7
      vertex -1.170541763305664 43.88471221923828 7
    endloop
  endfacet
  facet normal 0 0 1
    outer loop
      vertex -0.9567079544067383 40.30970001220703 7
      vertex -2.2960996627807617 43.543277740478516 7
      vertex -1.388925552368164 40.07867431640625 7
    endloop
  endfacet
  facet normal 0 0 1
    outer loop
      vertex -3.333420753479004 42.98881530761719 7
      vertex -1.388925552368164 40.07867431640625 7
      vertex -2.2960996627807617 43.543277740478516 7
    endloop
  endfacet
  facet normal 0 0 1
    outer loop
      vertex -1.388925552368164 40.07867431640625 7
      vertex -3.333420753479004 42.98881530761719 7
      vertex -1.7677669525146484 39.76776885986328 7
    endloop
  endfacet
  facet normal 0 0 1
    outer loop
      vertex -4.242640495300293 42.24264144897461 7
      vertex -1.7677669525146484 39.76776885986328 7
      vertex -3.333420753479004 42.98881530761719 7
    endloop
  endfacet
  facet normal 0 0 1
    outer loop
      vertex -1.7677669525146484 39.76776885986328 7
      vertex -4.242640495300293 42.24264144897461 7
      vertex -2.0786733627319336 39.38892364501953 7
    endloop
  endfacet
  facet normal 0 0 1
    outer loop
      vertex -4.98881721496582 41.33341979980469 7
      vertex -2.0786733627319336 39.38892364501953 7
      vertex -4.242640495300293 42.24264144897461 7
    endloop
  endfacet
  facet normal 0 0 1
    outer loop
      vertex -2.0786733627319336 39.38892364501953 7
      vertex -4.98881721496582 41.33341979980469 7
      vertex -2.3096981048583984 38.95670700073242 7
    endloop
  endfacet
  facet normal 0 0 1
    outer loop
      vertex 2.5 38 7
      vertex 6 38 7
      vertex 5.884711265563965 39.17053985595703 7
    endloop
  endfacet
  facet normal 0 0 1
    outer loop
      vertex 2.451962471008301 38.48772430419922 7
      vertex 5.884711265563965 39.17053985595703 7
      vertex 5.543276786804199 40.29610061645508 7
    endloop
  endfacet
  facet normal 0 0 1
    outer loop
      vertex 6 38 7
      vertex 2.5 38 7
      vertex 5.884711265563965 36.8294563293457 7
    endloop
  endfacet
  facet normal 0 0 1
    outer loop
      vertex 2.451962471008301 38.48772430419922 7
      vertex 5.543276786804199 40.29610061645508 7
      vertex 4.98881721496582 41.33341979980469 7
    endloop
  endfacet
  facet normal 0 0 1
    outer loop
      vertex 2.451962471008301 37.51227569580078 7
      vertex 5.884711265563965 36.8294563293457 7
      vertex 2.5 38 7
    endloop
  endfacet
  facet normal 0 0 1
    outer loop
      vertex 2.451962471008301 38.48772430419922 7
      vertex 4.98881721496582 41.33341979980469 7
      vertex 4.242640495300293 42.24264144897461 7
    endloop
  endfacet
  facet normal 0 0 1
    outer loop
      vertex 4 35 7
      vertex 5.884711265563965 36.8294563293457 7
      vertex 2.451962471008301 37.51227569580078 7
    endloop
  endfacet
  facet normal 0 0 1
    outer loop
      vertex 4.98881721496582 34.66658020019531 7
      vertex 4 35 7
      vertex 4.242640495300293 33.75735855102539 7
    endloop
  endfacet
  facet normal 0 0 1
    outer loop
      vertex 1.7677669525146484 39.76776885986328 7
      vertex 4.242640495300293 42.24264144897461 7
      vertex 3.333420753479004 42.98881530761719 7
    endloop
  endfacet
  facet normal 0 0 1
    outer loop
      vertex 5.543276786804199 35.70389938354492 7
      vertex 4 35 7
      vertex 4.98881721496582 34.66658020019531 7
    endloop
  endfacet
  facet normal 0 0 1
    outer loop
      vertex 5.884711265563965 36.8294563293457 7
      vertex 4 35 7
      vertex 5.543276786804199 35.70389938354492 7
    endloop
  endfacet
  facet normal 0 0 1
    outer loop
      vertex 2.3096981048583984 37.04328918457031 7
      vertex 4 35 7
      vertex 2.451962471008301 37.51227569580078 7
    endloop
  endfacet
  facet normal 0 0 1
    outer loop
      vertex 2.0786733627319336 36.6110725402832 7
      vertex 4 35 7
      vertex 2.3096981048583984 37.04328918457031 7
    endloop
  endfacet
  facet normal 0 0 1
    outer loop
      vertex 1.7677669525146484 36.23223114013672 7
      vertex 4 35 7
      vertex 2.0786733627319336 36.6110725402832 7
    endloop
  endfacet
  facet normal 0 0 1
    outer loop
      vertex 1.388925552368164 35.92132568359375 7
      vertex 4 35 7
      vertex 1.7677669525146484 36.23223114013672 7
    endloop
  endfacet
  facet normal 0 0 1
    outer loop
      vertex 0.9567079544067383 35.69029998779297 7
      vertex 4 35 7
      vertex 1.388925552368164 35.92132568359375 7
    endloop
  endfacet
  facet normal 0 0 1
    outer loop
      vertex 0.48772525787353516 35.54803466796875 7
      vertex 4 35 7
      vertex 0.9567079544067383 35.69029998779297 7
    endloop
  endfacet
  facet normal 0 0 1
    outer loop
      vertex 0 35.5 7
      vertex 4 35 7
      vertex 0.48772525787353516 35.54803466796875 7
    endloop
  endfacet
  facet normal 0 0 1
    outer loop
      vertex -4 35 7
      vertex 0 35.5 7
      vertex -0.48772525787353516 35.54803466796875 7
    endloop
  endfacet
  facet normal 0 0 1
    outer loop
      vertex -5.543276786804199 40.29610061645508 7
      vertex -2.3096981048583984 38.95670700073242 7
      vertex -4.98881721496582 41.33341979980469 7
    endloop
  endfacet
  facet normal 0 0 1
    outer loop
      vertex 0 35.5 7
      vertex -4 35 7
      vertex 4 35 7
    endloop
  endfacet
  facet normal 0 0 1
    outer loop
      vertex -0.9567079544067383 35.69029998779297 7
      vertex -4 35 7
      vertex -0.48772525787353516 35.54803466796875 7
    endloop
  endfacet
  facet normal 0 0 1
    outer loop
      vertex -1.388925552368164 35.92132568359375 7
      vertex -4 35 7
      vertex -0.9567079544067383 35.69029998779297 7
    endloop
  endfacet
  facet normal 0 0 1
    outer loop
      vertex -1.7677669525146484 36.23223114013672 7
      vertex -4 35 7
      vertex -1.388925552368164 35.92132568359375 7
    endloop
  endfacet
  facet normal 0 0 1
    outer loop
      vertex -2.0786733627319336 36.6110725402832 7
      vertex -4 35 7
      vertex -1.7677669525146484 36.23223114013672 7
    endloop
  endfacet
  facet normal 0 0 1
    outer loop
      vertex -2.3096981048583984 37.04328918457031 7
      vertex -4 35 7
      vertex -2.0786733627319336 36.6110725402832 7
    endloop
  endfacet
  facet normal 0 0 1
    outer loop
      vertex -2.451962471008301 37.51227569580078 7
      vertex -4 35 7
      vertex -2.3096981048583984 37.04328918457031 7
    endloop
  endfacet
  facet normal 0 0 1
    outer loop
      vertex -2.3096981048583984 38.95670700073242 7
      vertex -5.543276786804199 40.29610061645508 7
      vertex -2.451962471008301 38.48772430419922 7
    endloop
  endfacet
  facet normal 0 0 1
    outer loop
      vertex -5.884711265563965 39.17053985595703 7
      vertex -2.451962471008301 38.48772430419922 7
      vertex -5.543276786804199 40.29610061645508 7
    endloop
  endfacet
  facet normal 0 0 1
    outer loop
      vertex -2.451962471008301 38.48772430419922 7
      vertex -5.884711265563965 39.17053985595703 7
      vertex -2.5 38 7
    endloop
  endfacet
  facet normal 0 0 1
    outer loop
      vertex -6 38 7
      vertex -2.5 38 7
      vertex -5.884711265563965 39.17053985595703 7
    endloop
  endfacet
  facet normal 0 0 1
    outer loop
      vertex -2.5 38 7
      vertex -6 38 7
      vertex -2.451962471008301 37.51227569580078 7
    endloop
  endfacet
  facet normal 0 0 1
    outer loop
      vertex -4 35 7
      vertex -4.242640495300293 33.75735855102539 7
      vertex -4 33.5582275390625 7
    endloop
  endfacet
  facet normal 0 0 1
    outer loop
      vertex -4.98881721496582 34.66658020019531 7
      vertex -4 35 7
      vertex -5.543276786804199 35.70389938354492 7
    endloop
  endfacet
  facet normal 0 0 1
    outer loop
      vertex -4.242640495300293 33.75735855102539 7
      vertex -4 35 7
      vertex -4.98881721496582 34.66658020019531 7
    endloop
  endfacet
  facet normal 0 0 1
    outer loop
      vertex -5.884711265563965 36.8294563293457 7
      vertex -2.451962471008301 37.51227569580078 7
      vertex -6 38 7
    endloop
  endfacet
  facet normal 0 0 1
    outer loop
      vertex -4 35 7
      vertex -5.884711265563965 36.8294563293457 7
      vertex -5.543276786804199 35.70389938354492 7
    endloop
  endfacet
  facet normal 0 0 1
    outer loop
      vertex -2.451962471008301 37.51227569580078 7
      vertex -5.884711265563965 36.8294563293457 7
      vertex -4 35 7
    endloop
  endfacet
  facet normal 0 0 1
    outer loop
      vertex 4.242640495300293 33.75735855102539 7
      vertex 4 35 7
      vertex 4 33.5582275390625 7
    endloop
  endfacet
  facet normal 0 0 -1
    outer loop
      vertex 2.5 38 1
      vertex 6 38 1
      vertex 5.884711265563965 36.8294563293457 1
    endloop
  endfacet
  facet normal 0 0 -1
    outer loop
      vertex 2.451962471008301 37.51227569580078 1
      vertex 5.884711265563965 36.8294563293457 1
      vertex 5.543276786804199 35.70389938354492 1
    endloop
  endfacet
  facet normal 0 0 -1
    outer loop
      vertex 6 38 1
      vertex 2.5 38 1
      vertex 5.884711265563965 39.17053985595703 1
    endloop
  endfacet
  facet normal 0 0 -1
    outer loop
      vertex 2.3096981048583984 37.04328918457031 1
      vertex 5.543276786804199 35.70389938354492 1
      vertex 4.98881721496582 34.66658020019531 1
    endloop
  endfacet
  facet normal 0 0 -1
    outer loop
      vertex 2.451962471008301 38.48772430419922 1
      vertex 5.884711265563965 39.17053985595703 1
      vertex 2.5 38 1
    endloop
  endfacet
  facet normal 0 0 -1
    outer loop
      vertex 2.0786733627319336 36.6110725402832 1
      vertex 4.98881721496582 34.66658020019531 1
      vertex 4.242640495300293 33.75735855102539 1
    endloop
  endfacet
  facet normal 0 0 -1
    outer loop
      vertex 5.884711265563965 39.17053985595703 1
      vertex 2.451962471008301 38.48772430419922 1
      vertex 5.543276786804199 40.29610061645508 1
    endloop
  endfacet
  facet normal 0 0 -1
    outer loop
      vertex 1.7677669525146484 36.23223114013672 1
      vertex 4.242640495300293 33.75735855102539 1
      vertex 3.333420753479004 33.01118087768555 1
    endloop
  endfacet
  facet normal 0 0 -1
    outer loop
      vertex 2.3096981048583984 38.95670700073242 1
      vertex 5.543276786804199 40.29610061645508 1
      vertex 2.451962471008301 38.48772430419922 1
    endloop
  endfacet
  facet normal 0 0 -1
    outer loop
      vertex 5.543276786804199 40.29610061645508 1
      vertex 2.3096981048583984 38.95670700073242 1
      vertex 4.98881721496582 41.33341979980469 1
    endloop
  endfacet
  facet normal 0 0 -1
    outer loop
      vertex 5.884711265563965 36.8294563293457 1
      vertex 2.451962471008301 37.51227569580078 1
      vertex 2.5 38 1
    endloop
  endfacet
  facet normal 0 0 -1
    outer loop
      vertex 5.543276786804199 35.70389938354492 1
      vertex 2.3096981048583984 37.04328918457031 1
      vertex 2.451962471008301 37.51227569580078 1
    endloop
  endfacet
  facet normal 0 0 -1
    outer loop
      vertex 1.388925552368164 35.92132568359375 1
      vertex 3.333420753479004 33.01118087768555 1
      vertex 2.2960996627807617 32.456722259521484 1
    endloop
  endfacet
  facet normal 0 0 -1
    outer loop
      vertex 4.98881721496582 34.66658020019531 1
      vertex 2.0786733627319336 36.6110725402832 1
      vertex 2.3096981048583984 37.04328918457031 1
    endloop
  endfacet
  facet normal 0 0 -1
    outer loop
      vertex 4.242640495300293 33.75735855102539 1
      vertex 1.7677669525146484 36.23223114013672 1
      vertex 2.0786733627319336 36.6110725402832 1
    endloop
  endfacet
  facet normal 0 0 -1
    outer loop
      vertex 3.333420753479004 33.01118087768555 1
      vertex 1.388925552368164 35.92132568359375 1
      vertex 1.7677669525146484 36.23223114013672 1
    endloop
  endfacet
  facet normal 0 0 -1
    outer loop
      vertex 0.9567079544067383 35.69029998779297 1
      vertex 2.2960996627807617 32.456722259521484 1
      vertex 1.170541763305664 32.11528778076172 1
    endloop
  endfacet
  facet normal 0 0 -1
    outer loop
      vertex 2.2960996627807617 32.456722259521484 1
      vertex 0.9567079544067383 35.69029998779297 1
      vertex 1.388925552368164 35.92132568359375 1
    endloop
  endfacet
  facet normal 0 0 -1
    outer loop
      vertex 1.170541763305664 32.11528778076172 1
      vertex 0.48772525787353516 35.54803466796875 1
      vertex 0.9567079544067383 35.69029998779297 1
    endloop
  endfacet
  facet normal 0 0 -1
    outer loop
      vertex 0 32 1
      vertex 0.48772525787353516 35.54803466796875 1
      vertex 1.170541763305664 32.11528778076172 1
    endloop
  endfacet
  facet normal 0 0 -1
    outer loop
      vertex 0 32 1
      vertex 0 35.5 1
      vertex 0.48772525787353516 35.54803466796875 1
    endloop
  endfacet
  facet normal 0 0 -1
    outer loop
      vertex 0 32 1
      vertex -0.48772525787353516 35.54803466796875 1
      vertex 0 35.5 1
    endloop
  endfacet
  facet normal 0 0 -1
    outer loop
      vertex -1.170541763305664 32.11528778076172 1
      vertex -0.48772525787353516 35.54803466796875 1
      vertex 0 32 1
    endloop
  endfacet
  facet normal 0 0 -1
    outer loop
      vertex -0.48772525787353516 35.54803466796875 1
      vertex -1.170541763305664 32.11528778076172 1
      vertex -0.9567079544067383 35.69029998779297 1
    endloop
  endfacet
  facet normal 0 0 -1
    outer loop
      vertex -2.2960996627807617 32.456722259521484 1
      vertex -0.9567079544067383 35.69029998779297 1
      vertex -1.170541763305664 32.11528778076172 1
    endloop
  endfacet
  facet normal 0 0 -1
    outer loop
      vertex -0.9567079544067383 35.69029998779297 1
      vertex -2.2960996627807617 32.456722259521484 1
      vertex -1.388925552368164 35.92132568359375 1
    endloop
  endfacet
  facet normal 0 0 -1
    outer loop
      vertex -3.333420753479004 33.01118087768555 1
      vertex -1.388925552368164 35.92132568359375 1
      vertex -2.2960996627807617 32.456722259521484 1
    endloop
  endfacet
  facet normal 0 0 -1
    outer loop
      vertex -1.388925552368164 35.92132568359375 1
      vertex -3.333420753479004 33.01118087768555 1
      vertex -1.7677669525146484 36.23223114013672 1
    endloop
  endfacet
  facet normal 0 0 -1
    outer loop
      vertex -4.242640495300293 33.75735855102539 1
      vertex -1.7677669525146484 36.23223114013672 1
      vertex -3.333420753479004 33.01118087768555 1
    endloop
  endfacet
  facet normal 0 0 -1
    outer loop
      vertex -1.7677669525146484 36.23223114013672 1
      vertex -4.242640495300293 33.75735855102539 1
      vertex -2.0786733627319336 36.6110725402832 1
    endloop
  endfacet
  facet normal 0 0 -1
    outer loop
      vertex -4.98881721496582 34.66658020019531 1
      vertex -2.0786733627319336 36.6110725402832 1
      vertex -4.242640495300293 33.75735855102539 1
    endloop
  endfacet
  facet normal 0 0 -1
    outer loop
      vertex -2.0786733627319336 36.6110725402832 1
      vertex -4.98881721496582 34.66658020019531 1
      vertex -2.3096981048583984 37.04328918457031 1
    endloop
  endfacet
  facet normal 0 0 -1
    outer loop
      vertex 2.0786733627319336 39.38892364501953 1
      vertex 4.98881721496582 41.33341979980469 1
      vertex 2.3096981048583984 38.95670700073242 1
    endloop
  endfacet
  facet normal 0 0 -1
    outer loop
      vertex 4.98881721496582 41.33341979980469 1
      vertex 2.0786733627319336 39.38892364501953 1
      vertex 4.242640495300293 42.24264144897461 1
    endloop
  endfacet
  facet normal 0 0 -1
    outer loop
      vertex 1.7677669525146484 39.76776885986328 1
      vertex 4.242640495300293 42.24264144897461 1
      vertex 2.0786733627319336 39.38892364501953 1
    endloop
  endfacet
  facet normal 0 0 -1
    outer loop
      vertex 4.242640495300293 42.24264144897461 1
      vertex 1.7677669525146484 39.76776885986328 1
      vertex 3.333420753479004 42.98881530761719 1
    endloop
  endfacet
  facet normal 0 0 -1
    outer loop
      vertex 1.388925552368164 40.07867431640625 1
      vertex 3.333420753479004 42.98881530761719 1
      vertex 1.7677669525146484 39.76776885986328 1
    endloop
  endfacet
  facet normal 0 0 -1
    outer loop
      vertex 3.333420753479004 42.98881530761719 1
      vertex 1.388925552368164 40.07867431640625 1
      vertex 2.2960996627807617 43.543277740478516 1
    endloop
  endfacet
  facet normal 0 0 -1
    outer loop
      vertex 0.9567079544067383 40.30970001220703 1
      vertex 2.2960996627807617 43.543277740478516 1
      vertex 1.388925552368164 40.07867431640625 1
    endloop
  endfacet
  facet normal 0 0 -1
    outer loop
      vertex 2.2960996627807617 43.543277740478516 1
      vertex 0.9567079544067383 40.30970001220703 1
      vertex 1.170541763305664 43.88471221923828 1
    endloop
  endfacet
  facet normal 0 0 -1
    outer loop
      vertex 0.48772525787353516 40.451961517333984 1
      vertex 1.170541763305664 43.88471221923828 1
      vertex 0.9567079544067383 40.30970001220703 1
    endloop
  endfacet
  facet normal 0 0 -1
    outer loop
      vertex 0 40.5 1
      vertex 1.170541763305664 43.88471221923828 1
      vertex 0.48772525787353516 40.451961517333984 1
    endloop
  endfacet
  facet normal 0 0 -1
    outer loop
      vertex 0 40.5 1
      vertex 0 44 1
      vertex 1.170541763305664 43.88471221923828 1
    endloop
  endfacet
  facet normal 0 0 -1
    outer loop
      vertex -0.48772525787353516 40.451961517333984 1
      vertex 0 44 1
      vertex 0 40.5 1
    endloop
  endfacet
  facet normal 0 0 -1
    outer loop
      vertex -1.170541763305664 43.88471221923828 1
      vertex -0.48772525787353516 40.451961517333984 1
      vertex -0.9567079544067383 40.30970001220703 1
    endloop
  endfacet
  facet normal 0 0 -1
    outer loop
      vertex -0.48772525787353516 40.451961517333984 1
      vertex -1.170541763305664 43.88471221923828 1
      vertex 0 44 1
    endloop
  endfacet
  facet normal 0 0 -1
    outer loop
      vertex -2.2960996627807617 43.543277740478516 1
      vertex -0.9567079544067383 40.30970001220703 1
      vertex -1.388925552368164 40.07867431640625 1
    endloop
  endfacet
  facet normal 0 0 -1
    outer loop
      vertex -3.333420753479004 42.98881530761719 1
      vertex -1.388925552368164 40.07867431640625 1
      vertex -1.7677669525146484 39.76776885986328 1
    endloop
  endfacet
  facet normal 0 0 -1
    outer loop
      vertex -4.242640495300293 42.24264144897461 1
      vertex -1.7677669525146484 39.76776885986328 1
      vertex -2.0786733627319336 39.38892364501953 1
    endloop
  endfacet
  facet normal 0 0 -1
    outer loop
      vertex -0.9567079544067383 40.30970001220703 1
      vertex -2.2960996627807617 43.543277740478516 1
      vertex -1.170541763305664 43.88471221923828 1
    endloop
  endfacet
  facet normal 0 0 -1
    outer loop
      vertex -4.98881721496582 41.33341979980469 1
      vertex -2.0786733627319336 39.38892364501953 1
      vertex -2.3096981048583984 38.95670700073242 1
    endloop
  endfacet
  facet normal 0 0 -1
    outer loop
      vertex -5.543276786804199 40.29610061645508 1
      vertex -2.3096981048583984 38.95670700073242 1
      vertex -2.451962471008301 38.48772430419922 1
    endloop
  endfacet
  facet normal 0 0 -1
    outer loop
      vertex -5.884711265563965 39.17053985595703 1
      vertex -2.451962471008301 38.48772430419922 1
      vertex -2.5 38 1
    endloop
  endfacet
  facet normal 0 0 -1
    outer loop
      vertex -5.543276786804199 35.70389938354492 1
      vertex -2.3096981048583984 37.04328918457031 1
      vertex -4.98881721496582 34.66658020019531 1
    endloop
  endfacet
  facet normal 0 0 -1
    outer loop
      vertex -1.388925552368164 40.07867431640625 1
      vertex -3.333420753479004 42.98881530761719 1
      vertex -2.2960996627807617 43.543277740478516 1
    endloop
  endfacet
  facet normal 0 0 -1
    outer loop
      vertex -2.3096981048583984 37.04328918457031 1
      vertex -5.543276786804199 35.70389938354492 1
      vertex -2.451962471008301 37.51227569580078 1
    endloop
  endfacet
  facet normal 0 0 -1
    outer loop
      vertex -1.7677669525146484 39.76776885986328 1
      vertex -4.242640495300293 42.24264144897461 1
      vertex -3.333420753479004 42.98881530761719 1
    endloop
  endfacet
  facet normal 0 0 -1
    outer loop
      vertex -5.884711265563965 36.8294563293457 1
      vertex -2.451962471008301 37.51227569580078 1
      vertex -5.543276786804199 35.70389938354492 1
    endloop
  endfacet
  facet normal 0 0 -1
    outer loop
      vertex -2.0786733627319336 39.38892364501953 1
      vertex -4.98881721496582 41.33341979980469 1
      vertex -4.242640495300293 42.24264144897461 1
    endloop
  endfacet
  facet normal 0 0 -1
    outer loop
      vertex -2.451962471008301 37.51227569580078 1
      vertex -5.884711265563965 36.8294563293457 1
      vertex -2.5 38 1
    endloop
  endfacet
  facet normal 0 0 -1
    outer loop
      vertex -2.3096981048583984 38.95670700073242 1
      vertex -5.543276786804199 40.29610061645508 1
      vertex -4.98881721496582 41.33341979980469 1
    endloop
  endfacet
  facet normal 0 0 -1
    outer loop
      vertex -6 38 1
      vertex -2.5 38 1
      vertex -5.884711265563965 36.8294563293457 1
    endloop
  endfacet
  facet normal 0 0 -1
    outer loop
      vertex -2.451962471008301 38.48772430419922 1
      vertex -5.884711265563965 39.17053985595703 1
      vertex -5.543276786804199 40.29610061645508 1
    endloop
  endfacet
  facet normal 0 0 -1
    outer loop
      vertex -2.5 38 1
      vertex -6 38 1
      vertex -5.884711265563965 39.17053985595703 1
    endloop
  endfacet
  facet normal -0.7730113722568088 -0.6343921644863257 0
    outer loop
      vertex -4.242640495300293 33.75735855102539 1
      vertex -4.98881721496582 34.66658020019531 7
      vertex -4.98881721496582 34.66658020019531 1
    endloop
  endfacet
  facet normal -0.7730113722568088 -0.6343921644863257 0
    outer loop
      vertex -4.98881721496582 34.66658020019531 7
      vertex -4.242640495300293 33.75735855102539 1
      vertex -4.242640495300293 33.75735855102539 7
    endloop
  endfacet
  facet normal -0.9569403241197998 -0.29028471553544205 0
    outer loop
      vertex 2.451962471008301 38.48772430419922 1
      vertex 2.3096981048583984 38.95670700073242 7
      vertex 2.3096981048583984 38.95670700073242 1
    endloop
  endfacet
  facet normal -0.9569403241197998 -0.29028471553544205 0
    outer loop
      vertex 2.3096981048583984 38.95670700073242 7
      vertex 2.451962471008301 38.48772430419922 1
      vertex 2.451962471008301 38.48772430419922 7
    endloop
  endfacet
  facet normal -0.9951845519515529 -0.09801891428182082 0
    outer loop
      vertex 2.5 38 1
      vertex 2.451962471008301 38.48772430419922 7
      vertex 2.451962471008301 38.48772430419922 1
    endloop
  endfacet
  facet normal -0.9951845519515529 -0.09801891428182082 0
    outer loop
      vertex 2.451962471008301 38.48772430419922 7
      vertex 2.5 38 1
      vertex 2.5 38 7
    endloop
  endfacet
  facet normal -0.8819211518550512 -0.4713969472861058 0
    outer loop
      vertex 2.3096981048583984 38.95670700073242 1
      vertex 2.0786733627319336 39.38892364501953 7
      vertex 2.0786733627319336 39.38892364501953 1
    endloop
  endfacet
  facet normal -0.8819211518550512 -0.4713969472861058 0
    outer loop
      vertex 2.0786733627319336 39.38892364501953 7
      vertex 2.3096981048583984 38.95670700073242 1
      vertex 2.3096981048583984 38.95670700073242 7
    endloop
  endfacet
  facet normal 0.773011145766989 0.6343924404656843 0
    outer loop
      vertex -1.7677669525146484 36.23223114013672 7
      vertex -2.0786733627319336 36.6110725402832 1
      vertex -2.0786733627319336 36.6110725402832 7
    endloop
  endfacet
  facet normal 0.773011145766989 0.6343924404656843 0
    outer loop
      vertex -2.0786733627319336 36.6110725402832 1
      vertex -1.7677669525146484 36.23223114013672 7
      vertex -1.7677669525146484 36.23223114013672 1
    endloop
  endfacet
  facet normal 0.09802065170099813 -0.9951843808260414 0
    outer loop
      vertex -0.48772525787353516 40.451961517333984 1
      vertex 0 40.5 7
      vertex -0.48772525787353516 40.451961517333984 7
    endloop
  endfacet
  facet normal 0.09802065170099813 -0.9951843808260414 0
    outer loop
      vertex 0 40.5 7
      vertex -0.48772525787353516 40.451961517333984 1
      vertex 0 40.5 1
    endloop
  endfacet
  facet normal -0.8819211518550512 0.4713969472861058 0
    outer loop
      vertex 2.0786733627319336 36.6110725402832 1
      vertex 2.3096981048583984 37.04328918457031 7
      vertex 2.3096981048583984 37.04328918457031 1
    endloop
  endfacet
  facet normal -0.8819211518550512 0.4713969472861058 0
    outer loop
      vertex 2.3096981048583984 37.04328918457031 7
      vertex 2.0786733627319336 36.6110725402832 1
      vertex 2.0786733627319336 36.6110725402832 7
    endloop
  endfacet
  facet normal 0.9569403241197998 -0.29028471553544205 0
    outer loop
      vertex -2.451962471008301 38.48772430419922 7
      vertex -2.3096981048583984 38.95670700073242 1
      vertex -2.3096981048583984 38.95670700073242 7
    endloop
  endfacet
  facet normal 0.9569403241197998 -0.29028471553544205 0
    outer loop
      vertex -2.3096981048583984 38.95670700073242 1
      vertex -2.451962471008301 38.48772430419922 7
      vertex -2.451962471008301 38.48772430419922 1
    endloop
  endfacet
  facet normal 0.29027936964329604 -0.9569419457623805 0
    outer loop
      vertex -0.9567079544067383 40.30970001220703 1
      vertex -0.48772525787353516 40.451961517333984 7
      vertex -0.9567079544067383 40.30970001220703 7
    endloop
  endfacet
  facet normal 0.29027936964329604 -0.9569419457623805 0
    outer loop
      vertex -0.48772525787353516 40.451961517333984 7
      vertex -0.9567079544067383 40.30970001220703 1
      vertex -0.48772525787353516 40.451961517333984 1
    endloop
  endfacet
  facet normal 0.8819211518550512 -0.4713969472861058 0
    outer loop
      vertex -2.3096981048583984 38.95670700073242 7
      vertex -2.0786733627319336 39.38892364501953 1
      vertex -2.0786733627319336 39.38892364501953 7
    endloop
  endfacet
  facet normal 0.8819211518550512 -0.4713969472861058 0
    outer loop
      vertex -2.0786733627319336 39.38892364501953 1
      vertex -2.3096981048583984 38.95670700073242 7
      vertex -2.3096981048583984 38.95670700073242 1
    endloop
  endfacet
  facet normal -0.6343912776771907 -0.7730121000392566 0
    outer loop
      vertex 1.388925552368164 40.07867431640625 1
      vertex 1.7677669525146484 39.76776885986328 7
      vertex 1.388925552368164 40.07867431640625 7
    endloop
  endfacet
  facet normal -0.6343912776771907 -0.7730121000392566 0
    outer loop
      vertex 1.7677669525146484 39.76776885986328 7
      vertex 1.388925552368164 40.07867431640625 1
      vertex 1.7677669525146484 39.76776885986328 1
    endloop
  endfacet
  facet normal -0.9951845519515529 0.09801891428182082 0
    outer loop
      vertex 2.451962471008301 37.51227569580078 1
      vertex 2.5 38 7
      vertex 2.5 38 1
    endloop
  endfacet
  facet normal -0.9951845519515529 0.09801891428182082 0
    outer loop
      vertex 2.5 38 7
      vertex 2.451962471008301 37.51227569580078 1
      vertex 2.451962471008301 37.51227569580078 7
    endloop
  endfacet
  facet normal -0.6343912776771907 0.7730121000392566 0
    outer loop
      vertex 1.7677669525146484 36.23223114013672 1
      vertex 1.388925552368164 35.92132568359375 7
      vertex 1.7677669525146484 36.23223114013672 7
    endloop
  endfacet
  facet normal -0.6343912776771907 0.7730121000392566 0
    outer loop
      vertex 1.388925552368164 35.92132568359375 7
      vertex 1.7677669525146484 36.23223114013672 1
      vertex 1.388925552368164 35.92132568359375 1
    endloop
  endfacet
  facet normal -0.2902864974934513 0.9569397835668578 0
    outer loop
      vertex 0.9567079544067383 35.69029998779297 1
      vertex 0.48772525787353516 35.54803466796875 7
      vertex 0.9567079544067383 35.69029998779297 7
    endloop
  endfacet
  facet normal -0.2902864974934513 0.9569397835668578 0
    outer loop
      vertex 0.48772525787353516 35.54803466796875 7
      vertex 0.9567079544067383 35.69029998779297 1
      vertex 0.48772525787353516 35.54803466796875 1
    endloop
  endfacet
  facet normal -0.7730142783347905 -0.634388623393061 0
    outer loop
      vertex 2.0786733627319336 39.38892364501953 1
      vertex 1.7677669525146484 39.76776885986328 7
      vertex 1.7677669525146484 39.76776885986328 1
    endloop
  endfacet
  facet normal -0.7730142783347905 -0.634388623393061 0
    outer loop
      vertex 1.7677669525146484 39.76776885986328 7
      vertex 2.0786733627319336 39.38892364501953 1
      vertex 2.0786733627319336 39.38892364501953 7
    endloop
  endfacet
  facet normal 0.6343912776771907 -0.7730121000392566 0
    outer loop
      vertex -1.7677669525146484 39.76776885986328 1
      vertex -1.388925552368164 40.07867431640625 7
      vertex -1.7677669525146484 39.76776885986328 7
    endloop
  endfacet
  facet normal 0.6343912776771907 -0.7730121000392566 0
    outer loop
      vertex -1.388925552368164 40.07867431640625 7
      vertex -1.7677669525146484 39.76776885986328 1
      vertex -1.388925552368164 40.07867431640625 1
    endloop
  endfacet
  facet normal -0.29027936964329604 -0.9569419457623805 0
    outer loop
      vertex 0.48772525787353516 40.451961517333984 1
      vertex 0.9567079544067383 40.30970001220703 7
      vertex 0.48772525787353516 40.451961517333984 7
    endloop
  endfacet
  facet normal -0.29027936964329604 -0.9569419457623805 0
    outer loop
      vertex 0.9567079544067383 40.30970001220703 7
      vertex 0.48772525787353516 40.451961517333984 1
      vertex 0.9567079544067383 40.30970001220703 1
    endloop
  endfacet
  facet normal -0.9569409800106926 0.2902825533444532 0
    outer loop
      vertex 2.3096981048583984 37.04328918457031 1
      vertex 2.451962471008301 37.51227569580078 7
      vertex 2.451962471008301 37.51227569580078 1
    endloop
  endfacet
  facet normal -0.9569409800106926 0.2902825533444532 0
    outer loop
      vertex 2.451962471008301 37.51227569580078 7
      vertex 2.3096981048583984 37.04328918457031 1
      vertex 2.3096981048583984 37.04328918457031 7
    endloop
  endfacet
  facet normal 0.9569409800106926 0.2902825533444532 0
    outer loop
      vertex -2.3096981048583984 37.04328918457031 7
      vertex -2.451962471008301 37.51227569580078 1
      vertex -2.451962471008301 37.51227569580078 7
    endloop
  endfacet
  facet normal 0.9569409800106926 0.2902825533444532 0
    outer loop
      vertex -2.451962471008301 37.51227569580078 1
      vertex -2.3096981048583984 37.04328918457031 7
      vertex -2.3096981048583984 37.04328918457031 1
    endloop
  endfacet
  facet normal 0.8819211518550512 0.4713969472861058 0
    outer loop
      vertex -2.0786733627319336 36.6110725402832 7
      vertex -2.3096981048583984 37.04328918457031 1
      vertex -2.3096981048583984 37.04328918457031 7
    endloop
  endfacet
  facet normal 0.8819211518550512 0.4713969472861058 0
    outer loop
      vertex -2.3096981048583984 37.04328918457031 1
      vertex -2.0786733627319336 36.6110725402832 7
      vertex -2.0786733627319336 36.6110725402832 1
    endloop
  endfacet
  facet normal -0.09802065170099813 -0.9951843808260414 0
    outer loop
      vertex 0 40.5 1
      vertex 0.48772525787353516 40.451961517333984 7
      vertex 0 40.5 7
    endloop
  endfacet
  facet normal -0.09802065170099813 -0.9951843808260414 0
    outer loop
      vertex 0.48772525787353516 40.451961517333984 7
      vertex 0 40.5 1
      vertex 0.48772525787353516 40.451961517333984 1
    endloop
  endfacet
  facet normal -0.47139765180987353 -0.881920775278674 0
    outer loop
      vertex 0.9567079544067383 40.30970001220703 1
      vertex 1.388925552368164 40.07867431640625 7
      vertex 0.9567079544067383 40.30970001220703 7
    endloop
  endfacet
  facet normal -0.47139765180987353 -0.881920775278674 0
    outer loop
      vertex 1.388925552368164 40.07867431640625 7
      vertex 0.9567079544067383 40.30970001220703 1
      vertex 1.388925552368164 40.07867431640625 1
    endloop
  endfacet
  facet normal -0.773011145766989 0.6343924404656843 0
    outer loop
      vertex 1.7677669525146484 36.23223114013672 1
      vertex 2.0786733627319336 36.6110725402832 7
      vertex 2.0786733627319336 36.6110725402832 1
    endloop
  endfacet
  facet normal -0.773011145766989 0.6343924404656843 0
    outer loop
      vertex 2.0786733627319336 36.6110725402832 7
      vertex 1.7677669525146484 36.23223114013672 1
      vertex 1.7677669525146484 36.23223114013672 7
    endloop
  endfacet
  facet normal 0.47139765180987353 0.881920775278674 0
    outer loop
      vertex -0.9567079544067383 35.69029998779297 1
      vertex -1.388925552368164 35.92132568359375 7
      vertex -0.9567079544067383 35.69029998779297 7
    endloop
  endfacet
  facet normal 0.47139765180987353 0.881920775278674 0
    outer loop
      vertex -1.388925552368164 35.92132568359375 7
      vertex -0.9567079544067383 35.69029998779297 1
      vertex -1.388925552368164 35.92132568359375 1
    endloop
  endfacet
  facet normal 0.9951845519515529 -0.09801891428182082 0
    outer loop
      vertex -2.5 38 7
      vertex -2.451962471008301 38.48772430419922 1
      vertex -2.451962471008301 38.48772430419922 7
    endloop
  endfacet
  facet normal 0.9951845519515529 -0.09801891428182082 0
    outer loop
      vertex -2.451962471008301 38.48772430419922 1
      vertex -2.5 38 7
      vertex -2.5 38 1
    endloop
  endfacet
  facet normal 0.09801294273763292 0.9951851400899782 0
    outer loop
      vertex 0 35.5 1
      vertex -0.48772525787353516 35.54803466796875 7
      vertex 0 35.5 7
    endloop
  endfacet
  facet normal 0.09801294273763292 0.9951851400899782 0
    outer loop
      vertex -0.48772525787353516 35.54803466796875 7
      vertex 0 35.5 1
      vertex -0.48772525787353516 35.54803466796875 1
    endloop
  endfacet
  facet normal -0.47139765180987353 0.881920775278674 0
    outer loop
      vertex 1.388925552368164 35.92132568359375 1
      vertex 0.9567079544067383 35.69029998779297 7
      vertex 1.388925552368164 35.92132568359375 7
    endloop
  endfacet
  facet normal -0.47139765180987353 0.881920775278674 0
    outer loop
      vertex 0.9567079544067383 35.69029998779297 7
      vertex 1.388925552368164 35.92132568359375 1
      vertex 0.9567079544067383 35.69029998779297 1
    endloop
  endfacet
  facet normal 0.6343912776771907 0.7730121000392566 0
    outer loop
      vertex -1.388925552368164 35.92132568359375 1
      vertex -1.7677669525146484 36.23223114013672 7
      vertex -1.388925552368164 35.92132568359375 7
    endloop
  endfacet
  facet normal 0.6343912776771907 0.7730121000392566 0
    outer loop
      vertex -1.7677669525146484 36.23223114013672 7
      vertex -1.388925552368164 35.92132568359375 1
      vertex -1.7677669525146484 36.23223114013672 1
    endloop
  endfacet
  facet normal 0.9951845519515529 0.09801891428182082 0
    outer loop
      vertex -2.451962471008301 37.51227569580078 7
      vertex -2.5 38 1
      vertex -2.5 38 7
    endloop
  endfacet
  facet normal 0.9951845519515529 0.09801891428182082 0
    outer loop
      vertex -2.5 38 1
      vertex -2.451962471008301 37.51227569580078 7
      vertex -2.451962471008301 37.51227569580078 1
    endloop
  endfacet
  facet normal 0.2902864974934513 0.9569397835668578 0
    outer loop
      vertex -0.48772525787353516 35.54803466796875 1
      vertex -0.9567079544067383 35.69029998779297 7
      vertex -0.48772525787353516 35.54803466796875 7
    endloop
  endfacet
  facet normal 0.2902864974934513 0.9569397835668578 0
    outer loop
      vertex -0.9567079544067383 35.69029998779297 7
      vertex -0.48772525787353516 35.54803466796875 1
      vertex -0.9567079544067383 35.69029998779297 1
    endloop
  endfacet
  facet normal 0.47139765180987353 -0.881920775278674 0
    outer loop
      vertex -1.388925552368164 40.07867431640625 1
      vertex -0.9567079544067383 40.30970001220703 7
      vertex -1.388925552368164 40.07867431640625 7
    endloop
  endfacet
  facet normal 0.47139765180987353 -0.881920775278674 0
    outer loop
      vertex -0.9567079544067383 40.30970001220703 7
      vertex -1.388925552368164 40.07867431640625 1
      vertex -0.9567079544067383 40.30970001220703 1
    endloop
  endfacet
  facet normal 0.7730142783347905 -0.634388623393061 0
    outer loop
      vertex -2.0786733627319336 39.38892364501953 7
      vertex -1.7677669525146484 39.76776885986328 1
      vertex -1.7677669525146484 39.76776885986328 7
    endloop
  endfacet
  facet normal 0.7730142783347905 -0.634388623393061 0
    outer loop
      vertex -1.7677669525146484 39.76776885986328 1
      vertex -2.0786733627319336 39.38892364501953 7
      vertex -2.0786733627319336 39.38892364501953 1
    endloop
  endfacet
  facet normal -0.09801294273763292 0.9951851400899782 0
    outer loop
      vertex 0.48772525787353516 35.54803466796875 1
      vertex 0 35.5 7
      vertex 0.48772525787353516 35.54803466796875 7
    endloop
  endfacet
  facet normal -0.09801294273763292 0.9951851400899782 0
    outer loop
      vertex 0 35.5 7
      vertex 0.48772525787353516 35.54803466796875 1
      vertex 0 35.5 1
    endloop
  endfacet
  facet normal 1 0 0
    outer loop
      vertex 4 35 8
      vertex 4 33.5582275390625 7
      vertex 4 35 7
    endloop
  endfacet
  facet normal 1 0 0
    outer loop
      vertex 4 29.606033325195312 8
      vertex 4 33.5582275390625 7
      vertex 4 35 8
    endloop
  endfacet
  facet normal 1 0 0
    outer loop
      vertex 4 29.606033325195312 2
      vertex 4 33.5582275390625 7
      vertex 4 29.606033325195312 8
    endloop
  endfacet
  facet normal 1 0 0
    outer loop
      vertex 4 33.5582275390625 7
      vertex 4 29.606033325195312 2
      vertex 4 33.5582275390625 2
    endloop
  endfacet
  facet normal 1 0 0
    outer loop
      vertex 4 26 8
      vertex 4 26.606033325195312 2.5
      vertex 4 26.606033325195312 8
    endloop
  endfacet
  facet normal 1 0 0
    outer loop
      vertex 4 26.606033325195312 2.5
      vertex 4 26 8
      vertex 4 26 2.5
    endloop
  endfacet
  facet normal 0 0 1
    outer loop
      vertex 4 35 8
      vertex 0 30 8
      vertex 4 29.606033325195312 8
    endloop
  endfacet
  facet normal 0 0 1
    outer loop
      vertex -4 35 8
      vertex 0 30 8
      vertex 4 35 8
    endloop
  endfacet
  facet normal 0 0 1
    outer loop
      vertex 0 30 8
      vertex -4 35 8
      vertex -4 29.606033325195312 8
    endloop
  endfacet
  facet normal 0 0 1
    outer loop
      vertex 0 27 8
      vertex 4 26 8
      vertex 4 26.606033325195312 8
    endloop
  endfacet
  facet normal 0 0 1
    outer loop
      vertex -4 26 8
      vertex 0 27 8
      vertex -4 26.606033325195312 8
    endloop
  endfacet
  facet normal 0 0 1
    outer loop
      vertex 0 27 8
      vertex -4 26 8
      vertex 4 26 8
    endloop
  endfacet
  facet normal 0 0 -1
    outer loop
      vertex 4 29.606033325195312 2
      vertex 3.333420753479004 33.01118087768555 2
      vertex 4 33.5582275390625 2
    endloop
  endfacet
  facet normal 0 0 -1
    outer loop
      vertex 4 29.606033325195312 2
      vertex 2.2960996627807617 32.456722259521484 2
      vertex 3.333420753479004 33.01118087768555 2
    endloop
  endfacet
  facet normal 0 0 -1
    outer loop
      vertex 4 29.606033325195312 2
      vertex 1.170541763305664 32.11528778076172 2
      vertex 2.2960996627807617 32.456722259521484 2
    endloop
  endfacet
  facet normal 0 0 -1
    outer loop
      vertex 0 30 2
      vertex 1.170541763305664 32.11528778076172 2
      vertex 4 29.606033325195312 2
    endloop
  endfacet
  facet normal 0 0 -1
    outer loop
      vertex 0 30 2
      vertex 0 32 2
      vertex 1.170541763305664 32.11528778076172 2
    endloop
  endfacet
  facet normal 0 0 -1
    outer loop
      vertex 0 30 2
      vertex -1.170541763305664 32.11528778076172 2
      vertex 0 32 2
    endloop
  endfacet
  facet normal 0 0 -1
    outer loop
      vertex -4 29.606033325195312 2
      vertex -1.170541763305664 32.11528778076172 2
      vertex 0 30 2
    endloop
  endfacet
  facet normal 0 0 -1
    outer loop
      vertex -1.170541763305664 32.11528778076172 2
      vertex -4 29.606033325195312 2
      vertex -2.2960996627807617 32.456722259521484 2
    endloop
  endfacet
  facet normal 0 0 -1
    outer loop
      vertex -2.2960996627807617 32.456722259521484 2
      vertex -4 29.606033325195312 2
      vertex -3.333420753479004 33.01118087768555 2
    endloop
  endfacet
  facet normal 0 0 -1
    outer loop
      vertex -3.333420753479004 33.01118087768555 2
      vertex -4 29.606033325195312 2
      vertex -4 33.5582275390625 2
    endloop
  endfacet
  facet normal -1 0 0
    outer loop
      vertex -4 33.5582275390625 2
      vertex -4 29.606033325195312 2
      vertex -4 33.5582275390625 7
    endloop
  endfacet
  facet normal -1 0 0
    outer loop
      vertex -4 33.5582275390625 7
      vertex -4 35 8
      vertex -4 35 7
    endloop
  endfacet
  facet normal -1 0 0
    outer loop
      vertex -4 33.5582275390625 7
      vertex -4 29.606033325195312 8
      vertex -4 35 8
    endloop
  endfacet
  facet normal -1 0 0
    outer loop
      vertex -4 29.606033325195312 8
      vertex -4 33.5582275390625 7
      vertex -4 29.606033325195312 2
    endloop
  endfacet
  facet normal -1 0 0
    outer loop
      vertex -4 26 2.5
      vertex -4 26.606033325195312 8
      vertex -4 26.606033325195312 2.5
    endloop
  endfacet
  facet normal -1 0 0
    outer loop
      vertex -4 26.606033325195312 8
      vertex -4 26 2.5
      vertex -4 26 8
    endloop
  endfacet
  facet normal 0 1 0
    outer loop
      vertex 4 35 7
      vertex -4 35 8
      vertex 4 35 8
    endloop
  endfacet
  facet normal 0 1 0
    outer loop
      vertex -4 35 8
      vertex 4 35 7
      vertex -4 35 7
    endloop
  endfacet
  facet normal 0 -1 0
    outer loop
      vertex -4 26 2.5
      vertex 4 26 8
      vertex -4 26 8
    endloop
  endfacet
  facet normal 0 -1 0
    outer loop
      vertex 4 26 8
      vertex -4 26 2.5
      vertex 4 26 2.5
    endloop
  endfacet
  facet normal 0 0 1
    outer loop
      vertex -27 0 9.5
      vertex -2.799999237060547 0 9.5
      vertex -13.435028076171875 12.303657531738281 9.5
    endloop
  endfacet
  facet normal 0 0 1
    outer loop
      vertex -2.799999237060547 0 9.5
      vertex -13.435028076171875 -12.303657531738281 9.5
      vertex -12.303657531738281 -13.435028076171875 9.5
    endloop
  endfacet
  facet normal 0 0 1
    outer loop
      vertex -24.944747924804688 10.332451820373535 9.5
      vertex -13.435028076171875 12.303657531738281 9.5
      vertex -14.566399574279785 13.435028076171875 9.5
    endloop
  endfacet
  facet normal 0 0 1
    outer loop
      vertex -2.799999237060547 0 9.5
      vertex -27 0 9.5
      vertex -13.435028076171875 -12.303657531738281 9.5
    endloop
  endfacet
  facet normal 0 0 1
    outer loop
      vertex -5.267437934875488 -26.481201171875 9.5
      vertex -12.303657531738281 -13.435028076171875 9.5
      vertex -10.332451820373535 -24.944747924804688 9.5
    endloop
  endfacet
  facet normal 0 0 1
    outer loop
      vertex -13.435028076171875 -14.566399574279785 9.5
      vertex -10.332451820373535 -24.944747924804688 9.5
      vertex -12.303657531738281 -13.435028076171875 9.5
    endloop
  endfacet
  facet normal 0 0 1
    outer loop
      vertex -19.091882705688477 -19.091882705688477 9.5
      vertex -13.435028076171875 -14.566399574279785 9.5
      vertex -14.566399574279785 -13.435028076171875 9.5
    endloop
  endfacet
  facet normal 0 0 1
    outer loop
      vertex -13.435028076171875 -14.566399574279785 9.5
      vertex -15.000395774841309 -22.44968032836914 9.5
      vertex -10.332451820373535 -24.944747924804688 9.5
    endloop
  endfacet
  facet normal 0 0 1
    outer loop
      vertex -22.44968032836914 15.000395774841309 9.5
      vertex -14.566399574279785 13.435028076171875 9.5
      vertex -19.091882705688477 19.091882705688477 9.5
    endloop
  endfacet
  facet normal 0 0 1
    outer loop
      vertex -24.944747924804688 10.332451820373535 9.5
      vertex -14.566399574279785 13.435028076171875 9.5
      vertex -22.44968032836914 15.000395774841309 9.5
    endloop
  endfacet
  facet normal 0 0 1
    outer loop
      vertex -13.435028076171875 -14.566399574279785 9.5
      vertex -19.091882705688477 -19.091882705688477 9.5
      vertex -15.000395774841309 -22.44968032836914 9.5
    endloop
  endfacet
  facet normal 0 0 1
    outer loop
      vertex -13.435028076171875 12.303657531738281 9.5
      vertex -24.944747924804688 10.332451820373535 9.5
      vertex -26.481201171875 5.267437934875488 9.5
    endloop
  endfacet
  facet normal 0 0 1
    outer loop
      vertex -14.566399574279785 -13.435028076171875 9.5
      vertex -22.44968032836914 -15.000395774841309 9.5
      vertex -19.091882705688477 -19.091882705688477 9.5
    endloop
  endfacet
  facet normal 0 0 1
    outer loop
      vertex -13.435028076171875 12.303657531738281 9.5
      vertex -26.481201171875 5.267437934875488 9.5
      vertex -27 0 9.5
    endloop
  endfacet
  facet normal 0 0 1
    outer loop
      vertex -14.566399574279785 -13.435028076171875 9.5
      vertex -24.944747924804688 -10.332451820373535 9.5
      vertex -22.44968032836914 -15.000395774841309 9.5
    endloop
  endfacet
  facet normal 0 0 1
    outer loop
      vertex -26.481201171875 -5.267437934875488 9.5
      vertex -13.435028076171875 -12.303657531738281 9.5
      vertex -27 0 9.5
    endloop
  endfacet
  facet normal 0 0 1
    outer loop
      vertex -13.435028076171875 -12.303657531738281 9.5
      vertex -24.944747924804688 -10.332451820373535 9.5
      vertex -14.566399574279785 -13.435028076171875 9.5
    endloop
  endfacet
  facet normal 0 0 1
    outer loop
      vertex -24.944747924804688 -10.332451820373535 9.5
      vertex -13.435028076171875 -12.303657531738281 9.5
      vertex -26.481201171875 -5.267437934875488 9.5
    endloop
  endfacet
  facet normal 0 0 1
    outer loop
      vertex 2.3281145095825195 -1.5555963516235352 9.5
      vertex 13.435028076171875 -12.303657531738281 9.5
      vertex 2.586862564086914 -1.0715131759643555 9.5
    endloop
  endfacet
  facet normal 0 0 1
    outer loop
      vertex 1.029697299003601 -4.130841255187988 9.5
      vertex 13.435028076171875 -12.303657531738281 9.5
      vertex 2.3281145095825195 -1.5555963516235352 9.5
    endloop
  endfacet
  facet normal 0 0 1
    outer loop
      vertex 0.6443321108818054 -5.86931848526001 9.5
      vertex 13.435028076171875 -12.303657531738281 9.5
      vertex 1.029697299003601 -4.130841255187988 9.5
    endloop
  endfacet
  facet normal 0 0 1
    outer loop
      vertex 1.0393896102905273 -4.087116718292236 9.5
      vertex 2.3281145095825195 -1.5555963516235352 9.5
      vertex 1.979898452758789 -1.979898452758789 9.5
    endloop
  endfacet
  facet normal 0 0 1
    outer loop
      vertex 1.0393896102905273 -4.087116718292236 9.5
      vertex 1.979898452758789 -1.979898452758789 9.5
      vertex 1.5555963516235352 -2.3281145095825195 9.5
    endloop
  endfacet
  facet normal 0 0 1
    outer loop
      vertex 1.0393896102905273 -4.087116718292236 9.5
      vertex 1.5555963516235352 -2.3281145095825195 9.5
      vertex 1.3072600364685059 -2.460853099822998 9.5
    endloop
  endfacet
  facet normal 0 0 1
    outer loop
      vertex 2.3281145095825195 -1.5555963516235352 9.5
      vertex 1.0393896102905273 -4.087116718292236 9.5
      vertex 1.029697299003601 -4.130841255187988 9.5
    endloop
  endfacet
  facet normal 0 0 1
    outer loop
      vertex 13.435028076171875 -12.303657531738281 9.5
      vertex 0.6443321108818054 -5.86931848526001 9.5
      vertex 12.303657531738281 -13.435028076171875 9.5
    endloop
  endfacet
  facet normal 0 0 1
    outer loop
      vertex 0.32287025451660156 -6.762331008911133 9.5
      vertex 12.303657531738281 -13.435028076171875 9.5
      vertex 0.6443321108818054 -5.86931848526001 9.5
    endloop
  endfacet
  facet normal 0 0 1
    outer loop
      vertex 0.3094192445278168 -6.799696445465088 9.5
      vertex 12.303657531738281 -13.435028076171875 9.5
      vertex 0.32287025451660156 -6.762331008911133 9.5
    endloop
  endfacet
  facet normal 0 0 1
    outer loop
      vertex 0.01380636915564537 -7.076981544494629 9.5
      vertex 12.303657531738281 -13.435028076171875 9.5
      vertex 0.3094192445278168 -6.799696445465088 9.5
    endloop
  endfacet
  facet normal 0 0 1
    outer loop
      vertex 0 -7.089930057525635 9.5
      vertex 12.303657531738281 -13.435028076171875 9.5
      vertex 0.01380636915564537 -7.076981544494629 9.5
    endloop
  endfacet
  facet normal 0 0 1
    outer loop
      vertex 12.303657531738281 -13.435028076171875 9.5
      vertex 0 -7.089930057525635 9.5
      vertex 5.267437934875488 -26.481201171875 9.5
    endloop
  endfacet
  facet normal 0 0 1
    outer loop
      vertex 0 -7.089930057525635 9.5
      vertex 0 -27 9.5
      vertex 5.267437934875488 -26.481201171875 9.5
    endloop
  endfacet
  facet normal 0 0 1
    outer loop
      vertex -12.303657531738281 -13.435028076171875 9.5
      vertex 0 -7.089930057525635 9.5
      vertex -0.01380636915564537 -7.076981544494629 9.5
    endloop
  endfacet
  facet normal 0 0 1
    outer loop
      vertex -12.303657531738281 -13.435028076171875 9.5
      vertex -0.01380636915564537 -7.076981544494629 9.5
      vertex -0.3094192445278168 -6.799696445465088 9.5
    endloop
  endfacet
  facet normal 0 0 1
    outer loop
      vertex -12.303657531738281 -13.435028076171875 9.5
      vertex -0.3094192445278168 -6.799696445465088 9.5
      vertex -0.32287025451660156 -6.762331008911133 9.5
    endloop
  endfacet
  facet normal 0 0 1
    outer loop
      vertex -12.303657531738281 -13.435028076171875 9.5
      vertex -0.32287025451660156 -6.762331008911133 9.5
      vertex -0.6443321108818054 -5.86931848526001 9.5
    endloop
  endfacet
  facet normal 0 0 1
    outer loop
      vertex -12.303657531738281 -13.435028076171875 9.5
      vertex -1.029697299003601 -4.130841255187988 9.5
      vertex -2.3281145095825195 -1.5555963516235352 9.5
    endloop
  endfacet
  facet normal 0 0 1
    outer loop
      vertex -2.3281145095825195 -1.5555963516235352 9.5
      vertex -1.029697299003601 -4.130841255187988 9.5
      vertex -1.0393896102905273 -4.087116718292236 9.5
    endloop
  endfacet
  facet normal 0 0 1
    outer loop
      vertex -1.5555963516235352 -2.3281145095825195 9.5
      vertex -1.0393896102905273 -4.087116718292236 9.5
      vertex -1.3072600364685059 -2.460853099822998 9.5
    endloop
  endfacet
  facet normal 0 0 1
    outer loop
      vertex -1.979898452758789 -1.979898452758789 9.5
      vertex -1.0393896102905273 -4.087116718292236 9.5
      vertex -1.5555963516235352 -2.3281145095825195 9.5
    endloop
  endfacet
  facet normal 0 0 1
    outer loop
      vertex -2.3281145095825195 -1.5555963516235352 9.5
      vertex -1.0393896102905273 -4.087116718292236 9.5
      vertex -1.979898452758789 -1.979898452758789 9.5
    endloop
  endfacet
  facet normal 0 0 1
    outer loop
      vertex -1.029697299003601 -4.130841255187988 9.5
      vertex -12.303657531738281 -13.435028076171875 9.5
      vertex -0.6443321108818054 -5.86931848526001 9.5
    endloop
  endfacet
  facet normal 0 0 1
    outer loop
      vertex -12.303657531738281 -13.435028076171875 9.5
      vertex -2.3281145095825195 -1.5555963516235352 9.5
      vertex -2.586862564086914 -1.0715131759643555 9.5
    endloop
  endfacet
  facet normal 0 0 1
    outer loop
      vertex -12.303657531738281 -13.435028076171875 9.5
      vertex -2.586862564086914 -1.0715131759643555 9.5
      vertex -2.7461986541748047 -0.5462522506713867 9.5
    endloop
  endfacet
  facet normal 0 0 1
    outer loop
      vertex 0 -7.089930057525635 9.5
      vertex -5.267437934875488 -26.481201171875 9.5
      vertex 0 -27 9.5
    endloop
  endfacet
  facet normal 0 0 1
    outer loop
      vertex -2.7461986541748047 0.5462522506713867 9.5
      vertex -13.435028076171875 12.303657531738281 9.5
      vertex -2.799999237060547 0 9.5
    endloop
  endfacet
  facet normal 0 0 1
    outer loop
      vertex -2.586862564086914 1.0715131759643555 9.5
      vertex -13.435028076171875 12.303657531738281 9.5
      vertex -2.7461986541748047 0.5462522506713867 9.5
    endloop
  endfacet
  facet normal 0 0 1
    outer loop
      vertex -12.303657531738281 13.435028076171875 9.5
      vertex -5.267437934875488 26.481201171875 9.5
      vertex -10.332451820373535 24.944747924804688 9.5
    endloop
  endfacet
  facet normal 0 0 1
    outer loop
      vertex -2.799999237060547 0 9.5
      vertex -12.303657531738281 -13.435028076171875 9.5
      vertex -2.7461986541748047 -0.5462522506713867 9.5
    endloop
  endfacet
  facet normal 0 0 1
    outer loop
      vertex -12.303657531738281 -13.435028076171875 9.5
      vertex -5.267437934875488 -26.481201171875 9.5
      vertex 0 -7.089930057525635 9.5
    endloop
  endfacet
  facet normal 0 0 1
    outer loop
      vertex -10.332451820373535 24.944747924804688 9.5
      vertex -13.435028076171875 14.566399574279785 9.5
      vertex -12.303657531738281 13.435028076171875 9.5
    endloop
  endfacet
  facet normal 0 0 1
    outer loop
      vertex -15.000395774841309 22.44968032836914 9.5
      vertex -13.435028076171875 14.566399574279785 9.5
      vertex -10.332451820373535 24.944747924804688 9.5
    endloop
  endfacet
  facet normal 0 0 1
    outer loop
      vertex -13.435028076171875 14.566399574279785 9.5
      vertex -19.091882705688477 19.091882705688477 9.5
      vertex -14.566399574279785 13.435028076171875 9.5
    endloop
  endfacet
  facet normal 0 0 1
    outer loop
      vertex -19.091882705688477 19.091882705688477 9.5
      vertex -13.435028076171875 14.566399574279785 9.5
      vertex -15.000395774841309 22.44968032836914 9.5
    endloop
  endfacet
  facet normal 0 0 1
    outer loop
      vertex 2.799999237060547 0 9.5
      vertex 27 0 9.5
      vertex 13.435028076171875 12.303657531738281 9.5
    endloop
  endfacet
  facet normal 0 0 1
    outer loop
      vertex 27 0 9.5
      vertex 13.435028076171875 -12.303657531738281 9.5
      vertex 14.566399574279785 -13.435028076171875 9.5
    endloop
  endfacet
  facet normal 0 0 1
    outer loop
      vertex 0.6443321108818054 5.86931848526001 9.5
      vertex 13.435028076171875 12.303657531738281 9.5
      vertex 12.303657531738281 13.435028076171875 9.5
    endloop
  endfacet
  facet normal 0 0 1
    outer loop
      vertex 27 0 9.5
      vertex 2.799999237060547 0 9.5
      vertex 13.435028076171875 -12.303657531738281 9.5
    endloop
  endfacet
  facet normal 0 0 1
    outer loop
      vertex 24.944747924804688 10.332451820373535 9.5
      vertex 13.435028076171875 12.303657531738281 9.5
      vertex 26.481201171875 5.267437934875488 9.5
    endloop
  endfacet
  facet normal 0 0 1
    outer loop
      vertex 13.435028076171875 12.303657531738281 9.5
      vertex 24.944747924804688 10.332451820373535 9.5
      vertex 14.566399574279785 13.435028076171875 9.5
    endloop
  endfacet
  facet normal 0 0 1
    outer loop
      vertex 26.481201171875 5.267437934875488 9.5
      vertex 13.435028076171875 12.303657531738281 9.5
      vertex 27 0 9.5
    endloop
  endfacet
  facet normal 0 0 1
    outer loop
      vertex 14.566399574279785 13.435028076171875 9.5
      vertex 24.944747924804688 10.332451820373535 9.5
      vertex 22.44968032836914 15.000395774841309 9.5
    endloop
  endfacet
  facet normal 0 0 1
    outer loop
      vertex 27 0 9.5
      vertex 14.566399574279785 -13.435028076171875 9.5
      vertex 26.481201171875 -5.267437934875488 9.5
    endloop
  endfacet
  facet normal 0 0 1
    outer loop
      vertex 14.566399574279785 13.435028076171875 9.5
      vertex 22.44968032836914 15.000395774841309 9.5
      vertex 19.091882705688477 19.091882705688477 9.5
    endloop
  endfacet
  facet normal 0 0 1
    outer loop
      vertex 26.481201171875 -5.267437934875488 9.5
      vertex 14.566399574279785 -13.435028076171875 9.5
      vertex 24.944747924804688 -10.332451820373535 9.5
    endloop
  endfacet
  facet normal 0 0 1
    outer loop
      vertex 13.435028076171875 14.566399574279785 9.5
      vertex 19.091882705688477 19.091882705688477 9.5
      vertex 15.000395774841309 22.44968032836914 9.5
    endloop
  endfacet
  facet normal 0 0 1
    outer loop
      vertex 24.944747924804688 -10.332451820373535 9.5
      vertex 14.566399574279785 -13.435028076171875 9.5
      vertex 22.44968032836914 -15.000395774841309 9.5
    endloop
  endfacet
  facet normal 0 0 1
    outer loop
      vertex 22.44968032836914 -15.000395774841309 9.5
      vertex 14.566399574279785 -13.435028076171875 9.5
      vertex 19.091882705688477 -19.091882705688477 9.5
    endloop
  endfacet
  facet normal 0 0 1
    outer loop
      vertex 19.091882705688477 19.091882705688477 9.5
      vertex 13.435028076171875 14.566399574279785 9.5
      vertex 14.566399574279785 13.435028076171875 9.5
    endloop
  endfacet
  facet normal 0 0 1
    outer loop
      vertex 10.332451820373535 24.944747924804688 9.5
      vertex 13.435028076171875 14.566399574279785 9.5
      vertex 15.000395774841309 22.44968032836914 9.5
    endloop
  endfacet
  facet normal 0 0 1
    outer loop
      vertex 5.267437934875488 26.481201171875 9.5
      vertex 12.303657531738281 13.435028076171875 9.5
      vertex 10.332451820373535 24.944747924804688 9.5
    endloop
  endfacet
  facet normal 0 0 1
    outer loop
      vertex 13.435028076171875 14.566399574279785 9.5
      vertex 10.332451820373535 24.944747924804688 9.5
      vertex 12.303657531738281 13.435028076171875 9.5
    endloop
  endfacet
  facet normal 0 0 1
    outer loop
      vertex 13.435028076171875 -14.566399574279785 9.5
      vertex 19.091882705688477 -19.091882705688477 9.5
      vertex 14.566399574279785 -13.435028076171875 9.5
    endloop
  endfacet
  facet normal 0 0 1
    outer loop
      vertex 19.091882705688477 -19.091882705688477 9.5
      vertex 13.435028076171875 -14.566399574279785 9.5
      vertex 15.000395774841309 -22.44968032836914 9.5
    endloop
  endfacet
  facet normal 0 0 1
    outer loop
      vertex 10.332451820373535 -24.944747924804688 9.5
      vertex 13.435028076171875 -14.566399574279785 9.5
      vertex 12.303657531738281 -13.435028076171875 9.5
    endloop
  endfacet
  facet normal 0 0 1
    outer loop
      vertex 13.435028076171875 -14.566399574279785 9.5
      vertex 10.332451820373535 -24.944747924804688 9.5
      vertex 15.000395774841309 -22.44968032836914 9.5
    endloop
  endfacet
  facet normal 0 0 1
    outer loop
      vertex 13.435028076171875 12.303657531738281 9.5
      vertex 2.7461986541748047 0.5462522506713867 9.5
      vertex 2.799999237060547 0 9.5
    endloop
  endfacet
  facet normal 0 0 1
    outer loop
      vertex 12.303657531738281 13.435028076171875 9.5
      vertex 5.267437934875488 26.481201171875 9.5
      vertex 0 7.089930057525635 9.5
    endloop
  endfacet
  facet normal 0 0 1
    outer loop
      vertex 2.586862564086914 -1.0715131759643555 9.5
      vertex 13.435028076171875 -12.303657531738281 9.5
      vertex 2.7461986541748047 -0.5462522506713867 9.5
    endloop
  endfacet
  facet normal 0 0 1
    outer loop
      vertex 12.303657531738281 -13.435028076171875 9.5
      vertex 5.267437934875488 -26.481201171875 9.5
      vertex 10.332451820373535 -24.944747924804688 9.5
    endloop
  endfacet
  facet normal 0 0 1
    outer loop
      vertex 2.7461986541748047 -0.5462522506713867 9.5
      vertex 13.435028076171875 -12.303657531738281 9.5
      vertex 2.799999237060547 0 9.5
    endloop
  endfacet
  facet normal 0 0 1
    outer loop
      vertex 13.435028076171875 12.303657531738281 9.5
      vertex 2.586862564086914 1.0715131759643555 9.5
      vertex 2.7461986541748047 0.5462522506713867 9.5
    endloop
  endfacet
  facet normal 0 0 1
    outer loop
      vertex 13.435028076171875 12.303657531738281 9.5
      vertex 2.3281145095825195 1.5555963516235352 9.5
      vertex 2.586862564086914 1.0715131759643555 9.5
    endloop
  endfacet
  facet normal 0 0 1
    outer loop
      vertex 13.435028076171875 12.303657531738281 9.5
      vertex 0.6443321108818054 5.86931848526001 9.5
      vertex 1.029697299003601 4.130841255187988 9.5
    endloop
  endfacet
  facet normal 0 0 1
    outer loop
      vertex 13.435028076171875 12.303657531738281 9.5
      vertex 1.029697299003601 4.130841255187988 9.5
      vertex 2.3281145095825195 1.5555963516235352 9.5
    endloop
  endfacet
  facet normal 0 0 1
    outer loop
      vertex 2.3281145095825195 1.5555963516235352 9.5
      vertex 1.0393896102905273 4.087116718292236 9.5
      vertex 1.979898452758789 1.979898452758789 9.5
    endloop
  endfacet
  facet normal 0 0 1
    outer loop
      vertex 1.5555963516235352 2.3281145095825195 9.5
      vertex 1.0393896102905273 4.087116718292236 9.5
      vertex 1.3072600364685059 2.460853099822998 9.5
    endloop
  endfacet
  facet normal 0 0 1
    outer loop
      vertex 1.979898452758789 1.979898452758789 9.5
      vertex 1.0393896102905273 4.087116718292236 9.5
      vertex 1.5555963516235352 2.3281145095825195 9.5
    endloop
  endfacet
  facet normal 0 0 1
    outer loop
      vertex 1.0393896102905273 4.087116718292236 9.5
      vertex 2.3281145095825195 1.5555963516235352 9.5
      vertex 1.029697299003601 4.130841255187988 9.5
    endloop
  endfacet
  facet normal 0 0 1
    outer loop
      vertex 12.303657531738281 13.435028076171875 9.5
      vertex 0.32287025451660156 6.762331008911133 9.5
      vertex 0.6443321108818054 5.86931848526001 9.5
    endloop
  endfacet
  facet normal 0 0 1
    outer loop
      vertex 12.303657531738281 13.435028076171875 9.5
      vertex 0.3094192445278168 6.799696445465088 9.5
      vertex 0.32287025451660156 6.762331008911133 9.5
    endloop
  endfacet
  facet normal 0 0 1
    outer loop
      vertex 12.303657531738281 13.435028076171875 9.5
      vertex 0.01380636915564537 7.076981544494629 9.5
      vertex 0.3094192445278168 6.799696445465088 9.5
    endloop
  endfacet
  facet normal 0 0 1
    outer loop
      vertex 0 7.089930057525635 9.5
      vertex 5.267437934875488 26.481201171875 9.5
      vertex 0 27 9.5
    endloop
  endfacet
  facet normal 0 0 1
    outer loop
      vertex 12.303657531738281 13.435028076171875 9.5
      vertex 0 7.089930057525635 9.5
      vertex 0.01380636915564537 7.076981544494629 9.5
    endloop
  endfacet
  facet normal 0 0 1
    outer loop
      vertex -5.267437934875488 26.481201171875 9.5
      vertex 0 7.089930057525635 9.5
      vertex 0 27 9.5
    endloop
  endfacet
  facet normal 0 0 1
    outer loop
      vertex -12.303657531738281 13.435028076171875 9.5
      vertex 0 7.089930057525635 9.5
      vertex -5.267437934875488 26.481201171875 9.5
    endloop
  endfacet
  facet normal 0 0 1
    outer loop
      vertex 0 7.089930057525635 9.5
      vertex -12.303657531738281 13.435028076171875 9.5
      vertex -0.01380636915564537 7.076981544494629 9.5
    endloop
  endfacet
  facet normal 0 0 1
    outer loop
      vertex -0.01380636915564537 7.076981544494629 9.5
      vertex -12.303657531738281 13.435028076171875 9.5
      vertex -0.3094192445278168 6.799696445465088 9.5
    endloop
  endfacet
  facet normal 0 0 1
    outer loop
      vertex -0.3094192445278168 6.799696445465088 9.5
      vertex -12.303657531738281 13.435028076171875 9.5
      vertex -0.32287025451660156 6.762331008911133 9.5
    endloop
  endfacet
  facet normal 0 0 1
    outer loop
      vertex -0.32287025451660156 6.762331008911133 9.5
      vertex -12.303657531738281 13.435028076171875 9.5
      vertex -0.6443321108818054 5.86931848526001 9.5
    endloop
  endfacet
  facet normal 0 0 1
    outer loop
      vertex -13.435028076171875 12.303657531738281 9.5
      vertex -0.6443321108818054 5.86931848526001 9.5
      vertex -12.303657531738281 13.435028076171875 9.5
    endloop
  endfacet
  facet normal 0 0 1
    outer loop
      vertex -1.029697299003601 4.130841255187988 9.5
      vertex -2.3281145095825195 1.5555963516235352 9.5
      vertex -1.0393896102905273 4.087116718292236 9.5
    endloop
  endfacet
  facet normal 0 0 1
    outer loop
      vertex -1.0393896102905273 4.087116718292236 9.5
      vertex -1.5555963516235352 2.3281145095825195 9.5
      vertex -1.3072600364685059 2.460853099822998 9.5
    endloop
  endfacet
  facet normal 0 0 1
    outer loop
      vertex -1.0393896102905273 4.087116718292236 9.5
      vertex -1.979898452758789 1.979898452758789 9.5
      vertex -1.5555963516235352 2.3281145095825195 9.5
    endloop
  endfacet
  facet normal 0 0 1
    outer loop
      vertex -1.0393896102905273 4.087116718292236 9.5
      vertex -2.3281145095825195 1.5555963516235352 9.5
      vertex -1.979898452758789 1.979898452758789 9.5
    endloop
  endfacet
  facet normal 0 0 1
    outer loop
      vertex -0.6443321108818054 5.86931848526001 9.5
      vertex -13.435028076171875 12.303657531738281 9.5
      vertex -1.029697299003601 4.130841255187988 9.5
    endloop
  endfacet
  facet normal 0 0 1
    outer loop
      vertex -2.3281145095825195 1.5555963516235352 9.5
      vertex -13.435028076171875 12.303657531738281 9.5
      vertex -2.586862564086914 1.0715131759643555 9.5
    endloop
  endfacet
  facet normal 0 0 1
    outer loop
      vertex -1.029697299003601 4.130841255187988 9.5
      vertex -13.435028076171875 12.303657531738281 9.5
      vertex -2.3281145095825195 1.5555963516235352 9.5
    endloop
  endfacet
endsolid OpenSCAD_Model
